county_key,fold,validation_year,rho_tilde,raw_rho,Var_training_y,base_cov_val,achieved_first_order_reduction,n_train,n_val,R2_price,R2,R2_log,R2 (log),OOS_R2_price,OOS R2,OOS_R2_log,RMSE_price,RMSE,RMSE_log,MAE_price,MAE,MAPE,MdAPE,"Corr(r,price)","Corr(r,logprice)",Slope(r~logy),Std ratio,Median ratio,Mean ratio,W. Mean ratio,COD,COV_IAAO,VEI,PRD,PRB,MKI,Cov_log_residual_log_price,Beta_log,Corr_log_residual_log_price,dCor_e_y,fairness_ratio_mode,"Corr(r,y)_price","FisherZ(r,y)_price",Slope(r~y)_price,Std(r),val_rows,small_abs_y_share,y_q05,y_q50,y_q95,r_q05,r_q50,r_q95,N,RMSE (log),MAE (log),"Cov(e,logprice)",NMSE,Delta_NL
allegheny,1,2018,0.001,0.0025948822651737625,0.38537393908815226,-0.08076855853746541,0.0026412056448981147,21053,11390,0.7930448788491785,0.7930448788491785,0.7792935953205166,0.7792935953205166,0.7940050126752027,0.7940050126752027,0.781057388403634,80244.96303611269,80244.96303611269,0.29355531743688,42601.51142039161,42601.51142039161,0.21656298625822717,0.14909984151481748,-0.2656408496119853,-0.41312694647791326,-0.2355047322406453,0.35620384142014505,0.9496118243938687,1.0034751285817263,0.927933752027884,22.256329865473262,0.3549858576417511,-23.849400033247985,1.0814081569818492,-0.09062463249596103,0.8565476912873091,-0.080555232164726,-0.20631404154665214,-0.4435837693682536,0.42381897134303925,div,-0.2656408496119853,-0.2721678293587221,-5.364308755895287e-07,0.35620384142014505,11390,0.0,65000.00000000002,173999.99999999997,524999.9999999998,0.6097125221807319,0.9496118243938687,1.5926115246480301,11390,0.29355531743688,0.21244452526023785,-0.08055523216472597,0.2207064046794834,0.10703707750634454
allegheny,1,2018,0.001451285485497223,0.003765914968020837,0.38537393908815226,-0.08076855853746541,-0.0010325700721705022,21053,11390,0.7922492588317988,0.7922492588317988,0.7792912308642046,0.7792912308642046,0.7932130838044209,0.7932130838044209,0.7810550428430658,80399.06228022375,80399.06228022375,0.2935568898807455,42569.7367297908,42569.7367297908,0.21656993993931756,0.1493174607722889,-0.2665328562673025,-0.4125252836380724,-0.23657432376276055,0.35834349015791045,0.950119254464207,1.0037532080058778,0.9275028814729899,22.245759668280385,0.35701925428888637,-22.842199110030723,1.0822103392409874,-0.09120171646756398,0.8547340287499892,-0.08085195773378358,-0.20707400026984613,-0.44516765638852507,0.4250733811666442,div,-0.2665328562673025,-0.2731278044589051,-5.414652378868288e-07,0.35834349015791045,11390,0.0,65000.00000000002,173999.99999999997,524999.9999999998,0.6128368357611853,0.950119254464207,1.5920880877871506,11390,0.2935568898807455,0.212300275858063,-0.08085195773378355,0.2207087691357954,0.10606263246358147
allegheny,1,2018,0.00210622956041491,0.005465417732705379,0.38537393908815226,-0.08076855853746541,0.0036005077182288403,21053,11390,0.7911910804614113,0.7911910804614113,0.7787586493467377,0.7787586493467377,0.7921598146763934,0.7921598146763934,0.7805267174938694,80603.55851668653,80603.55851668653,0.29391086034648184,42697.97331869451,42697.97331869451,0.21679163420313372,0.14987401948434448,-0.2664068315457804,-0.4128401107798586,-0.23515005652636858,0.35591450285244997,0.9504171466416316,1.0034780695460168,0.9277804055354464,22.266524913903634,0.35469646888527984,-23.765164063506948,1.0815900654496828,-0.0901194018977984,0.8560904503528801,-0.08047775071906108,-0.20611559993373096,-0.44262861919037877,0.4221867384789938,div,-0.2664068315457804,-0.27299214723629184,-5.375406967376365e-07,0.35591450285244997,11390,0.0,65000.00000000002,173999.99999999997,524999.9999999998,0.6099375599203994,0.9504171466416316,1.5902016432231034,11390,0.29391086034648184,0.21269654173189395,-0.08047775071906105,0.2212413506532624,0.10635813751949734
allegheny,1,2018,0.003056740390155355,0.007931881427654457,0.38537393908815226,-0.08076855853746541,0.006088166189364808,21053,11390,0.791328295814009,0.791328295814009,0.7790194768145908,0.7790194768145908,0.7922963934412095,0.7922963934412095,0.7807854605379182,80577.07051199295,80577.07051199295,0.29373755948583863,42590.15758184157,42590.15758184157,0.21639067959685024,0.14897526480334064,-0.26626972837558543,-0.41235120366401906,-0.23440484875310935,0.3552072389105938,0.9505184738270317,1.0034046735594435,0.9278963134626071,22.23203764986033,0.35401751879448634,-22.91784732483977,1.081375859566748,-0.08979402596954866,0.8562748952774313,-0.08027682613021392,-0.20560100190133515,-0.44178333103627715,0.42100157339491906,div,-0.26626972837558543,-0.2728445759363493,-5.361964206755686e-07,0.3552072389105938,11390,0.0,65000.00000000002,173999.99999999997,524999.9999999998,0.6124039650700565,0.9505184738270317,1.589226720946885,11390,0.29373755948583863,0.21242327799247482,-0.08027682613021388,0.22098052318540923,0.10504354329557154
allegheny,1,2018,0.004436202961165585,0.011511424388639904,0.38537393908815226,-0.08076855853746541,0.002670793898134627,21053,11390,0.791836170358831,0.791836170358831,0.778990950401774,0.778990950401774,0.7928019117866432,0.7928019117866432,0.7807571620962366,80478.95473342888,80478.95473342888,0.29375651818943327,42641.53224953205,42641.53224953205,0.2165786949378577,0.14844960069027946,-0.26620267226364014,-0.41262448979970684,-0.23537324719887964,0.35643847921724825,0.9493538758442146,1.0031426479800214,0.9273916379289558,22.252892666668256,0.3553374267931612,-23.552125252931248,1.0816817911149514,-0.09041080595168809,0.8557680273739869,-0.08055284236416246,-0.2063079209086811,-0.44334417986908525,0.42316475839434003,div,-0.26620267226364014,-0.2727724041655242,-5.379195151351485e-07,0.35643847921724825,11390,0.0,65000.00000000002,173999.99999999997,524999.9999999998,0.6134926349720543,0.9493538758442146,1.5891621398383464,11390,0.29375651818943327,0.21249178894117712,-0.08055284236416242,0.22100904959822606,0.10601487896042106
allegheny,1,2018,0.006438196968259414,0.016706363132631834,0.38537393908815226,-0.08076855853746541,0.006752030908843798,21053,11390,0.7942364809185304,0.7942364809185304,0.7791501047943714,0.7791501047943714,0.7951910865051587,0.7951910865051587,0.7809150445936336,80013.61311594048,80013.61311594048,0.2936507282675036,42426.44088874657,42426.44088874657,0.216249700278023,0.14858981003492536,-0.26551662768569423,-0.41246836164743034,-0.2349541815468351,0.35593854478337605,0.9510825899242525,1.003725345785196,0.9282755307916387,22.20007368949114,0.3546330401567423,-23.37396441662087,1.0812795473874155,-0.08995018930734064,0.8568283621448373,-0.0802232067337577,-0.2054636745783184,-0.44155990826130403,0.4219249178160237,div,-0.26551662768569423,-0.27203418093253384,-5.35780682937574e-07,0.35593854478337605,11390,0.0,65000.00000000002,173999.99999999997,524999.9999999998,0.6114838995130772,0.9510825899242525,1.5874305793857788,11390,0.2936507282675036,0.2120738607120932,-0.08022320673375768,0.22084989520562862,0.10686996757925625
allegheny,1,2018,0.009343661812807113,0.0242457023298345,0.38537393908815226,-0.08076855853746541,0.012988569427422436,21053,11390,0.79392487931,0.79392487931,0.7792268959679787,0.7792268959679787,0.7948809305204088,0.7948809305204088,0.7809912220843662,80074.17520831077,80074.17520831077,0.29359967154285216,42519.382616983086,42519.382616983086,0.21640280257110625,0.14977256511469145,-0.26194914556864224,-0.40797277461484077,-0.23347042653065075,0.35758819913107737,0.9503253028750293,1.00310371349854,0.9283226564948087,22.236675292977836,0.3564974317363609,-23.343314493515095,1.0805550273717246,-0.0884122134830305,0.858439997658677,-0.07971949050734875,-0.2041735817107248,-0.4390005964263633,0.4192666209701673,div,-0.26194914556864224,-0.2682000074612294,-5.310317301066172e-07,0.35758819913107737,11390,0.0,65000.00000000002,173999.99999999997,524999.9999999998,0.6112602433382943,0.9503253028750293,1.5965232751694478,11390,0.29359967154285216,0.21233527978373792,-0.07971949050734871,0.22077310403202138,0.10737667596116607
allegheny,1,2018,0.013560320770321632,0.03518743587697501,0.38537393908815226,-0.08076855853746541,0.01298822255223242,21053,11390,0.7936698206905518,0.7936698206905518,0.7790674435164282,0.7790674435164282,0.7946270552029574,0.7946270552029574,0.7808330439099784,80123.71367967082,80123.71367967082,0.2937056779733908,42541.68228028131,42541.68228028131,0.21654161761042098,0.14967402687667275,-0.2604007311142236,-0.40558203444899765,-0.23355768219447962,0.35983046564461985,0.9499422677655123,1.0033816803077729,0.9285765187452367,22.253322222202904,0.35863347880584034,-22.99272497086107,1.0805589631575205,-0.08813263882176603,0.8583531792346955,-0.07971951852395781,-0.20417365346546612,-0.4387919576506451,0.4194399886562216,div,-0.2604007311142236,-0.26653823948111954,-5.312029002675954e-07,0.35983046564461985,11390,0.0,65000.00000000002,173999.99999999997,524999.9999999998,0.6124528907579205,0.9499422677655123,1.596615230341885,11390,0.2937056779733908,0.212418045978638,-0.0797195185239578,0.22093255648357177,0.10678292547680782
allegheny,1,2018,0.019679896712654306,0.05106701496011808,0.38537393908815226,-0.08076855853746541,0.015543131827558176,21053,11390,0.7935119218906529,0.7935119218906529,0.7786244670126414,0.7786244670126414,0.7944698889482501,0.7944698889482501,0.7803936074887484,80154.36605139912,80154.36605139912,0.29399997494292834,42624.98093522905,42624.98093522905,0.21703693333714213,0.15088491603200826,-0.25787019391452964,-0.4021152033148706,-0.23312246706982181,0.36225644477043806,0.9492950437020529,1.0036352921295766,0.929057640700134,22.32322773321473,0.36096015260580944,-23.32883461629608,1.0802723621897574,-0.0870444496882545,0.8590066114930923,-0.07951316218459577,-0.2036451439046533,-0.43718853381763306,0.41792448178139496,div,-0.25787019391452964,-0.2638255393829135,-5.295873159948625e-07,0.36225644477043806,11390,0.0,65000.00000000002,173999.99999999997,524999.9999999998,0.610047889587172,0.9492950437020529,1.593367779038677,11390,0.29399997494292834,0.2127849557733142,-0.07951316218459574,0.2213755329873586,0.10710917979968346
allegheny,1,2018,0.028561148455159703,0.07411281759928891,0.38537393908815226,-0.08076855853746541,0.021549035041349085,21053,11390,0.7959515073187476,0.7959515073187476,0.7778929267374166,0.7778929267374166,0.7968981563259484,0.7968981563259484,0.779667913376798,79679.46107858815,79679.46107858815,0.2944853389631612,42634.46993274543,42634.46993274543,0.21698712295136957,0.1495603299305992,-0.25880463897671935,-0.40475279471571685,-0.23169475102104303,0.35769166680485864,0.9496171401811075,1.0025462717015978,0.9286415281637058,22.288313663883162,0.3567988629955486,-22.091798982942926,1.0795837158866146,-0.08622831217188652,0.8605768420016713,-0.07902807403930234,-0.20240276034901777,-0.4340279358701246,0.41577495737438097,div,-0.25880463897671935,-0.26482680738365044,-5.248088940766679e-07,0.35769166680485864,11390,0.0,65000.00000000002,173999.99999999997,524999.9999999998,0.6121951543927445,0.9496171401811075,1.5902167850339546,11390,0.2944853389631612,0.2130652083718368,-0.07902807403930232,0.22210707326258344,0.10749005933750323
allegheny,1,2018,0.04145038020210471,0.10755885647115114,0.38537393908815226,-0.08076855853746541,0.02676155160603655,21053,11390,0.7980248613410847,0.7980248613410847,0.7776309445831666,0.7776309445831666,0.7989618913675176,0.7989618913675176,0.779408024874122,79273.61260361239,79273.61260361239,0.29465896505619243,42592.80829445672,42592.80829445672,0.21726873124180648,0.15005614319365998,-0.25481556324759397,-0.39944668540177414,-0.23117755376829704,0.3616340587342082,0.9497990202172781,1.003481940802429,0.9299143200992557,22.340474910044854,0.36039506058160664,-22.344404596027996,1.0791122570252718,-0.08475460723611628,0.8614212358767472,-0.07860706659001987,-0.2013244970748819,-0.43128970157575724,0.4126137585725682,div,-0.25481556324759397,-0.26055606267976794,-5.224149332348174e-07,0.3616340587342082,11390,0.0,65000.00000000002,173999.99999999997,524999.9999999998,0.6100941041677682,0.9497990202172781,1.5927593944279004,11390,0.29465896505619243,0.21307027435963244,-0.07860706659001984,0.22236905541683347,0.10638926563459626
allegheny,1,2018,0.060156335155656014,0.1560986072332607,0.38537393908815226,-0.08076855853746541,0.04006046936516683,21053,11390,0.8003768586747549,0.8003768586747549,0.7781333274594279,0.7781333274594279,0.8013029770011718,0.8013029770011718,0.7799063929169964,78810.69098840252,78810.69098840252,0.29432592563652676,42486.59500788104,42486.59500788104,0.21680215883863113,0.15007575902265685,-0.24996525846410675,-0.394679760417109,-0.22823491815439037,0.36134305866018224,0.9504238127852112,1.0022491964235438,0.930139975430298,22.25661925315479,0.3605479787744303,-22.02780349206525,1.0775251283656386,-0.08256436618815904,0.8653765955467805,-0.07753293217250662,-0.19857347759562133,-0.42611361541606235,0.40906080729397204,div,-0.24996525846410675,-0.2553757545880062,-5.120586137044458e-07,0.36134305866018224,11390,0.0,65000.00000000002,173999.99999999997,524999.9999999998,0.6083440545305302,0.9504238127852112,1.590509018753413,11390,0.29432592563652676,0.21296248580852178,-0.07753293217250659,0.22186667254057216,0.11010820698504628
allegheny,1,2018,0.0873040160721099,0.22654364298396307,0.38537393908815226,-0.08076855853746541,0.04864692799222936,21053,11390,0.7996867825061618,0.7996867825061618,0.7767057209591691,0.7767057209591691,0.8006161023260633,0.8006161023260633,0.7784901952495453,78946.79359467512,78946.79359467512,0.2952713309300254,42703.86944773806,42703.86944773806,0.2177815229710401,0.1504407089546872,-0.24888999731420028,-0.39285784744090657,-0.2262152525607186,0.3598064419448308,0.949098493576036,1.002358322704764,0.9308646162448708,22.384390581798794,0.3589756573811121,-21.771793598825166,1.076803549315582,-0.0804459603944121,0.8668351824094394,-0.0768394162862572,-0.19679727930875726,-0.4209428113910253,0.4040068536871221,div,-0.24888999731420028,-0.25422915882735164,-5.076877508061631e-07,0.3598064419448308,11390,0.0,65000.00000000002,173999.99999999997,524999.9999999998,0.6078550313243871,0.949098493576036,1.5929533639142366,11390,0.2952713309300254,0.21398935637274089,-0.07683941628625716,0.22329427904083085,0.1092681449059111
allegheny,1,2018,0.12670305135106935,0.32877950089429037,0.38537393908815226,-0.08076855853746541,0.06986551566156218,21053,11390,0.7991731005012941,0.7991731005012941,0.776285456156649,0.776285456156649,0.8001048034633279,0.8001048034633279,0.7780732890271843,79047.95412262988,79047.95412262988,0.2955490671402276,42788.68600968624,42788.68600968624,0.21793829946663504,0.15308218880862273,-0.24055374680154876,-0.3806592660979624,-0.22142332748218854,0.3634707360550116,0.9471578182114913,1.0011918347211224,0.9313890077902248,22.445711639903255,0.36305399244706,-21.453493770820863,1.074944868735899,-0.07544466534030662,0.8705829380033696,-0.07512562154600434,-0.19240799372492412,-0.4114264623485862,0.3947426117918227,div,-0.24055374680154876,-0.2453617877090764,-4.956805565024012e-07,0.3634707360550116,11390,0.0,65000.00000000002,173999.99999999997,524999.9999999998,0.6080390990082092,0.9471578182114913,1.5816937719914135,11390,0.2955490671402276,0.2143746213509832,-0.07512562154600431,0.22371454384335102,0.10800618727337416
allegheny,1,2018,0.18388229939401626,0.47715291757690487,0.38537393908815226,-0.08076855853746541,0.08656487710045224,21053,11390,0.7983710831202644,0.7983710831202644,0.7738523328247899,0.7738523328247899,0.7993065069083995,0.7993065069083995,0.7756596101972162,79205.63883360596,79205.63883360596,0.29715191920251915,42972.30875201792,42972.30875201792,0.21844035718675311,0.15338044363811448,-0.2371344245438842,-0.3750576968637475,-0.2173431268923051,0.36210149010296766,0.9463495986861539,0.9987269506965213,0.9301755470434715,22.479228154931196,0.3625789676397353,-19.82562117270476,1.0736972756066723,-0.07178576109188842,0.8735319903094946,-0.07377683819408906,-0.18895355709769862,-0.402390349381201,0.3855083367204588,div,-0.2371344245438842,-0.24173559974143363,-4.867940082914254e-07,0.36210149010296766,11390,0.0,65000.00000000002,173999.99999999997,524999.9999999998,0.6051059347028952,0.9463495986861539,1.577485880380904,11390,0.29715191920251915,0.21562555378469622,-0.07377683819408903,0.22614766717521007,0.10885795806503198
allegheny,1,2018,0.26686571215039057,0.6924851036420147,0.38537393908815226,-0.08076855853746541,0.11784112116166501,21053,11390,0.7980580934703365,0.7980580934703365,0.7721862897836804,0.7721862897836804,0.798994969321839,0.798994969321839,0.7740068814738146,79267.09066400332,79267.09066400332,0.2982444784096748,43156.87567409455,43156.87567409455,0.21921509277211876,0.15320533958511107,-0.22946420239937063,-0.36421260202880934,-0.21026276841096075,0.3607363386973885,0.9435595909697678,0.9969148449368739,0.9308308527415393,22.573276590030837,0.361868596131913,-19.277960692711677,1.070994630228145,-0.06516134991630408,0.8796092056485793,-0.07125070104479894,-0.18248374066534775,-0.38758970861654135,0.3726525442443897,div,-0.22946420239937063,-0.23362381587702552,-4.6927254192314576e-07,0.3607363386973885,11390,0.0,65000.00000000002,173999.99999999997,524999.9999999998,0.6020292318367149,0.9435595909697678,1.5838413833644136,11390,0.2982444784096748,0.2169319264542174,-0.07125070104479891,0.22781371021631958,0.1104632058614096
allegheny,1,2018,0.38729833462074176,1.0049935798386962,0.38537393908815226,-0.08076855853746541,0.1508671091595689,21053,11390,0.7979387982469417,0.7979387982469417,0.7701440522587697,0.7701440522587697,0.7988762275487701,0.7988762275487701,0.7719809646552546,79290.50033989974,79290.50033989974,0.29957830311712624,43233.14003445754,43233.14003445754,0.21925922918444285,0.1543058811397075,-0.21835918085140832,-0.3482589117539255,-0.20256350425865063,0.3634472995888951,0.9429721741840511,0.9941793122304743,0.9308208923019787,22.594716459638132,0.3655912478106758,-18.096643981756674,1.068067251661924,-0.05796266553069472,0.8858963641812448,-0.06858323959993261,-0.1756519714981399,-0.37201175054765806,0.35919515658058265,div,-0.21835918085140832,-0.22193248714280028,-4.499178361409324e-07,0.3634472995888951,11390,0.0,65000.00000000002,173999.99999999997,524999.9999999998,0.5980012001121716,0.9429721741840511,1.5676716127123522,11390,0.29957830311712624,0.2178387650818428,-0.06858323959993258,0.22985594774123036,0.11117968908544178
allegheny,1,2018,0.5620804515923291,1.4585325954377941,0.38537393908815226,-0.08076855853746541,0.18353537685633703,21053,11390,0.7985955950036535,0.7985955950036535,0.7673859701788925,0.7673859701788925,0.7995299772062876,0.7995299772062876,0.7692449240113849,79161.52918809037,79161.52918809037,0.30137029001800886,43391.15182287315,43391.15182287315,0.21999674698486135,0.1559982938217547,-0.20953396937526267,-0.3357293191173653,-0.19500945283907895,0.362951735655151,0.9422076301201512,0.9912716899394066,0.9305568641794804,22.637422607375193,0.36616365957002767,-18.197617631806683,1.0652456911523205,-0.050938298793644275,0.8919980790836806,-0.06594467070814862,-0.168894200496375,-0.35621693693768897,0.3451800076872584,div,-0.20953396937526267,-0.212683865705313,-4.311452693802731e-07,0.362951735655151,11390,0.0,65000.00000000002,173999.99999999997,524999.9999999998,0.5945955965841817,0.9422076301201512,1.5613602880467323,11390,0.30137029001800886,0.21940457787375026,-0.06594467070814858,0.23261402982110746,0.11128039273229909
allegheny,1,2018,0.8157392010776716,2.1167471858834634,0.38537393908815226,-0.08076855853746541,0.21815285098652115,21053,11390,0.7949814637527084,0.7949814637527084,0.7611440297218233,0.7611440297218233,0.795932613115519,0.795932613115519,0.7630528665263091,79868.63401328103,79868.63401328103,0.30538699182276585,43917.31566870759,43917.31566870759,0.22180192165267704,0.1583367437215949,-0.1983089157970183,-0.318573506641274,-0.18590145603529762,0.36463270465878533,0.9387397834316702,0.9858891124324282,0.9281607425533919,22.831331462731136,0.3698678764355512,-17.567582365613788,1.0621965218225284,-0.04232543816432221,0.8985905772022571,-0.06314866722244565,-0.16173321586741501,-0.33782666161105707,0.32872567516794504,div,-0.1983089157970183,-0.20097162657950307,-4.0993798912964854e-07,0.36463270465878533,11390,0.0,65000.00000000002,173999.99999999997,524999.9999999998,0.5862880580319263,0.9387397834316702,1.5471316361842866,11390,0.30538699182276585,0.22295619818997214,-0.06314866722244561,0.23885597027817673,0.11130546820195567
allegheny,1,2018,1.1838704624751253,3.0720044673397626,0.38537393908815226,-0.08076855853746541,0.26107115337774944,21053,11390,0.7948491361445115,0.7948491361445115,0.7564072467006902,0.7564072467006902,0.7958008994192275,0.7958008994192275,0.7583539378897871,79894.4051475919,79894.4051475919,0.3084002103524518,44278.51276877115,44278.51276877115,0.22344611582997645,0.16286925796175436,-0.18708054052429166,-0.30407229722537304,-0.1760250830853099,0.3617263834485252,0.9363268420656021,0.9809749154943065,0.9269492360378554,23.009552462211605,0.3687579140932761,-16.049327649460523,1.058283320548791,-0.03377639605292484,0.9076569975283744,-0.059682217803431095,-0.15285511856404577,-0.31726044692867517,0.31281968150549155,div,-0.18708054052429166,-0.18931010283581098,-3.836446177875347e-07,0.3617263834485252,11390,0.0,65000.00000000002,173999.99999999997,524999.9999999998,0.5797990556582439,0.9363268420656021,1.5346745939491901,11390,0.3084002103524518,0.22611562919210004,-0.05968221780343104,0.2435927532993099,0.11547658491041292
allegheny,1,2018,1.7181340188990342,4.4583554948328254,0.38537393908815226,-0.08076855853746541,0.30837664186975455,21053,11390,0.7917499681111251,0.7917499681111251,0.7494602247309373,0.7494602247309373,0.7927161094599126,0.7927161094599126,0.7514624336079615,80495.61648666683,80495.61648666683,0.31276692855763,44703.706083937606,44703.706083937606,0.22532322649228326,0.16552231902657746,-0.17448583599944295,-0.28541556938079643,-0.16480290452005683,0.36080262193997925,0.9318868739844255,0.9768080446416183,0.9265481818487685,23.26393352827666,0.3693852272533707,-15.575819868414316,1.0542441977410877,-0.023564506613570905,0.9168482585310431,-0.05586142168702119,-0.14306948617842577,-0.29371585405960815,0.2952308935150963,div,-0.17448583599944295,-0.1762896615631391,-3.569029773472745e-07,0.36080262193997925,11390,0.0,65000.00000000002,173999.99999999997,524999.9999999998,0.5718169442067486,0.9318868739844255,1.5307977857935713,11390,0.31276692855763,0.22957278116216076,-0.055861421687021136,0.2505397752690627,0.11804574126015015
allegheny,1,2018,2.4935029637671793,6.4703466188376675,0.38537393908815226,-0.08076855853746541,0.3461661976984848,21053,11390,0.7894610734740356,0.7894610734740356,0.7431477166335974,0.7431477166335974,0.7904378337683852,0.7904378337683852,0.7452003724296195,80936.7748395732,80936.7748395732,0.31668259783944724,45301.35652775604,45301.35652775604,0.227559375843847,0.16840100627168142,-0.16302738334556663,-0.26865893176794464,-0.15569499334962733,0.3621227811745121,0.9306986788809515,0.9730609546238,0.9259298259280841,23.497231145976816,0.3721644332998425,-14.616944479429067,1.0509014045945384,-0.015044079481293292,0.9243268972737221,-0.05280921373496356,-0.13525232345282961,-0.27504579734943685,0.28209168306170146,div,-0.16302738334556663,-0.16449517189509416,-3.346853577091686e-07,0.3621227811745121,11390,0.0,65000.00000000002,173999.99999999997,524999.9999999998,0.564817574916187,0.9306986788809515,1.5206070363951723,11390,0.31668259783944724,0.2332128219133325,-0.052809213734963514,0.2568522833664027,0.12060632375933726
allegheny,1,2018,3.618784659359615,9.39032013405514,0.38537393908815226,-0.08076855853746541,0.3917718507567669,21053,11390,0.7921951621808387,0.7921951621808387,0.7361457549621622,0.7361457549621622,0.7931592381258659,0.7931592381258659,0.7382543675011808,80409.52923906573,80409.52923906573,0.3209700621741382,45634.17463893029,45634.17463893029,0.2294515993732318,0.17238117458491886,-0.15029182572744557,-0.2521059088575591,-0.14531945259195442,0.3601830007492376,0.9283377661113588,0.9676622933701367,0.924445751989009,23.743893975260416,0.3722360741221172,-13.575695417580585,1.0467485964299628,-0.006544394331455577,0.9340412781231751,-0.04912571087628638,-0.12581831970905902,-0.2535377099939403,0.27053345064219175,div,-0.15029182572744557,-0.15143899225879792,-3.0688727410872184e-07,0.3601830007492376,11390,0.0,65000.00000000002,173999.99999999997,524999.9999999998,0.557693104321353,0.9283377661113588,1.510622564326157,11390,0.3209700621741382,0.2371729623846477,-0.04912571087628632,0.2638542450378379,0.1263608711891845
allegheny,1,2018,5.2518896512686215,13.62803531472656,0.38537393908815226,-0.08076855853746541,0.4177546978758946,21053,11390,0.7855423605394692,0.7855423605394692,0.7272222709864404,0.7272222709864404,0.786537301050003,0.786537301050003,0.7294021962693576,81686.53101266653,81686.53101266653,0.3263524956830071,46322.46273500402,46322.46273500402,0.23249685170072934,0.1757860147162632,-0.1416066440545178,-0.23853361534861459,-0.13882029274115265,0.36365188974008705,0.9264376355605024,0.964201749950383,0.9230904779293521,24.04168605049061,0.3771698759699684,-14.418754586477144,1.0445365573624488,0.0006228805127297716,0.9394209986100973,-0.0470271137677751,-0.12044349749825951,-0.2394163463412111,0.2642011012765391,div,-0.1416066440545178,-0.14256471742683788,-2.919374341970332e-07,0.36365188974008705,11390,0.0,65000.00000000002,173999.99999999997,524999.9999999998,0.5521839424579821,0.9264376355605024,1.5117451161290547,11390,0.3263524956830071,0.24159044141326552,-0.04702711376777504,0.2727777290135596,0.1295210859809128
allegheny,1,2018,7.621991222319222,19.778169848106234,0.38537393908815226,-0.08076855853746541,0.450278216069562,21053,11390,0.7841779249275749,0.7841779249275749,0.7201729294419152,0.7201729294419152,0.7851791955099481,0.7851791955099481,0.7224091901079168,81945.97454622581,81945.97454622581,0.3305425296812832,46812.543242853695,46812.543242853695,0.23504255092520576,0.1801401468305937,-0.13252346547036414,-0.22681589934638022,-0.13127493073223326,0.36165192976245036,0.9206970103687713,0.9595608010644947,0.9212981545060518,24.419879913577496,0.3769097343905881,-14.352942755622927,1.0415312310909353,0.007373327890446915,0.9465423215706114,-0.04440023608470555,-0.11371566943695448,-0.22408146339133472,0.2586813073309751,div,-0.13252346547036414,-0.1333075576415276,-2.717089088400249e-07,0.36165192976245036,11390,0.0,65000.00000000002,173999.99999999997,524999.9999999998,0.5418871612239016,0.9206970103687713,1.5082505249643956,11390,0.3305425296812832,0.24584684399919557,-0.044400236084705495,0.2798270705580847,0.13410134118319375
allegheny,1,2018,11.061685231539125,28.703770830255397,0.38537393908815226,-0.08076855853746541,0.47617570898466544,21053,11390,0.7808291637030359,0.7808291637030359,0.7109576346046755,0.7109576346046755,0.781845970305533,0.781845970305533,0.7132675400446762,82579.2767576774,82579.2767576774,0.3359411733990186,47531.95093705125,47531.95093705125,0.23826363139420947,0.18486366055212733,-0.12335143478295196,-0.21351865794906788,-0.12516044523324907,0.3662804607422397,0.9192837855716176,0.9549856128816315,0.9189153429462708,24.69692030696251,0.38356236564936186,-12.886844979094201,1.03925309356541,0.014076334229516726,0.9518808695610599,-0.04230853291221843,-0.10835850363114675,-0.21097741584898935,0.25437388830662255,div,-0.12335143478295196,-0.12398283017471834,-2.561405069231791e-07,0.3662804607422397,11390,0.0,65000.00000000002,173999.99999999997,524999.9999999998,0.5378256041419209,0.9192837855716176,1.4994024925199758,11390,0.3359411733990186,0.2506781869304541,-0.042308532912218366,0.2890423653953245,0.13688778036111332
allegheny,1,2018,16.05366322167172,41.657365984988225,0.38537393908815226,-0.08076855853746541,0.497744595697177,21053,11390,0.7804765831517405,0.7804765831517405,0.7033511035023845,0.7033511035023845,0.7814950254929998,0.7814950254929998,0.7057217971508842,82645.67278724468,82645.67278724468,0.34033283548107884,47954.82399161097,47954.82399161097,0.24076778500306945,0.18598487495467098,-0.1159191286166811,-0.20400087659249883,-0.12073107348476467,0.3698022183817115,0.9182988515540822,0.9531788569174722,0.9189560162689335,24.996859261081724,0.3879843225669907,-13.132998111025543,1.0372409996155063,0.019324885653192604,0.9569614683679109,-0.040566445023190977,-0.10389675504627814,-0.20000819534397166,0.25186219454754327,div,-0.1159191286166811,-0.11644256649984702,-2.430216288310741e-07,0.3698022183817115,11390,0.0,65000.00000000002,173999.99999999997,524999.9999999998,0.5312381945760034,0.9182988515540822,1.4900113589957067,11390,0.34033283548107884,0.25426769336161564,-0.040566445023190914,0.29664889649761556,0.14066391412546633
allegheny,1,2018,23.298448422672752,60.45673061805914,0.38537393908815226,-0.08076855853746541,0.511339726368218,21053,11390,0.7803275391790636,0.7803275391790636,0.6990155811961114,0.6990155811961114,0.781346672985018,0.781346672985018,0.7014209225217669,82673.72389337297,82673.72389337297,0.34281079591717023,48233.45242243803,48233.45242243803,0.24222401226466886,0.18972434736074129,-0.11236824498639933,-0.19891502115448528,-0.11712227652755751,0.367920857236345,0.9166938695801861,0.9509836050745829,0.9179778675575763,25.147174549319868,0.38690152741209144,-13.75230607053241,1.0359548292867056,0.022046950993513354,0.9596862352468029,-0.039468385915762516,-0.10108446084486095,-0.19355665704698496,0.25036954776331666,div,-0.11236824498639933,-0.11284480443478266,-2.3437879323136594e-07,0.367920857236345,11390,0.0,65000.00000000002,173999.99999999997,524999.9999999998,0.527788132685597,0.9166938695801861,1.4832250880796005,11390,0.34281079591717023,0.25678885534135537,-0.03946838591576245,0.30098441880388854,0.14076951454587194
allegheny,1,2018,33.81270003043063,87.73997564660478,0.38537393908815226,-0.08076855853746541,0.5245508701453929,21053,11390,0.7780262778132767,0.7780262778132767,0.693774144771652,0.693774144771652,0.7790560879381717,0.7790560879381717,0.6962213734604064,83105.6354995975,83105.6354995975,0.3457828198172713,48638.339831084566,48638.339831084566,0.2442167319661193,0.19111070349836562,-0.10734603962020878,-0.19221212853764585,-0.11460327029620891,0.37256212854451365,0.9121784169668307,0.9490269634716989,0.9170986361019146,25.453087302995286,0.39258998822235547,-13.003578674717831,1.0348144966232795,0.026271393017774366,0.9628723002343424,-0.0384013408762489,-0.09835159832682874,-0.18708079360033245,0.250323435999861,div,-0.10734603962020878,-0.1077612363537855,-2.2672793889153585e-07,0.37256212854451365,11390,0.0,65000.00000000002,173999.99999999997,524999.9999999998,0.5231857419025026,0.9121784169668307,1.4968171287010903,11390,0.3457828198172713,0.2592264261790001,-0.03840134087624882,0.306225855228348,0.14475019131228206
allegheny,1,2018,49.071880779635485,127.33575315379733,0.38537393908815226,-0.08076855853746541,0.535205516809143,21053,11390,0.7771237419739199,0.7771237419739199,0.6912410847397963,0.6912410847397963,0.7781577392635671,0.7781577392635671,0.693708556582662,83274.41612312381,83274.41612312381,0.34721000953635067,48799.12132816743,48799.12132816743,0.2448710044002622,0.1928863239611452,-0.10481355618844691,-0.18823681135789333,-0.11182457041313185,0.37120615139269575,0.9125886412650763,0.9474118021892994,0.9163501855098524,25.500002977045312,0.3918279747767429,-13.060667742648787,1.0338971030623676,0.028097349527640165,0.964800815043769,-0.037540780423491786,-0.09614757383043754,-0.18240076107118613,0.2497674433714272,div,-0.10481355618844691,-0.10519992929838447,-2.2057329364001675e-07,0.37120615139269575,11390,0.0,65000.00000000002,173999.99999999997,524999.9999999998,0.5235528348518276,0.9125886412650763,1.4869982099335297,11390,0.34721000953635067,0.2607084880365687,-0.03754078042349172,0.30875891526020377,0.14544581131987097
allegheny,1,2018,71.21730832153513,184.8005303369633,0.38537393908815226,-0.08076855853746541,0.5348544428960513,21053,11390,0.7756083778368176,0.7756083778368176,0.6877661217607204,0.6877661217607204,0.7766494054060669,0.7766494054060669,0.6902613640512788,83557.03324365335,83557.03324365335,0.3491584004141039,49106.85821596111,49106.85821596111,0.24654237528654455,0.19445993067478548,-0.1049553682837206,-0.1887221008253715,-0.11193303550922737,0.37061074167276814,0.9111674400848695,0.947567201537277,0.9165134485106141,25.68407684447153,0.39113533190162797,-13.063862480022323,1.033882484842014,0.02914557184147634,0.9651046992376766,-0.037569136157392324,-0.0962201971213751,-0.18148940608963457,0.24986506353219448,div,-0.1049553682837206,-0.10534331878587366,-2.2051745263815808e-07,0.37061074167276814,11390,0.0,65000.00000000002,173999.99999999997,524999.9999999998,0.5193558011696097,0.9111674400848695,1.4988028975546568,11390,0.3491584004141039,0.26246140344670293,-0.03756913615739224,0.3122338782392796,0.14595389894809316
allegheny,1,2018,103.35664588322452,268.19832739022405,0.38537393908815226,-0.08076855853746541,0.5451170912964963,21053,11390,0.7775581933297854,0.7775581933297854,0.6882467687613492,0.6882467687613492,0.7785901750547044,0.7785901750547044,0.6907381699225288,83193.21337133358,83193.21337133358,0.3488895529493476,48908.858089927446,48908.858089927446,0.2456331882648883,0.19451176186917657,-0.10273847775474933,-0.18601519815332984,-0.10941813255377243,0.3675558612788276,0.9136535686423432,0.9464590621272347,0.9163117974055953,25.56131835293483,0.38836544767171094,-13.953100904076045,1.032900661987543,0.029608973505120817,0.9672046893364817,-0.03674023683931153,-0.09409726154347484,-0.1777894919413097,0.2500627028836195,div,-0.10273847775474933,-0.10310225930252698,-2.1408034045727906e-07,0.3675558612788276,11390,0.0,65000.00000000002,173999.99999999997,524999.9999999998,0.5166695704061987,0.9136535686423432,1.4844245361137411,11390,0.3488895529493476,0.262121839162722,-0.03674023683931147,0.3117532312386508,0.14737279018391025
allegheny,1,2018,150.0,389.23233977606435,0.38537393908815226,-0.08076855853746541,0.5491199931899718,21053,11390,0.7760764897144684,0.7760764897144684,0.6843914407980017,0.6843914407980017,0.7771153455566032,0.7771153455566032,0.6869136521244086,83469.83199261808,83469.83199261808,0.35104021331670987,49135.15277460878,49135.15277460878,0.24712423415385526,0.19749148492040536,-0.10122594878463696,-0.1836213295941735,-0.10854469336109375,0.3693753857845276,0.9099838486035569,0.9451989620469923,0.9153484872687684,25.795941725558002,0.3908083023607438,-12.722555361213857,1.032611049445542,0.03133696832241731,0.9681749671653248,-0.03641692822340863,-0.09326921964698597,-0.1753526665913416,0.25100779417465435,div,-0.10122594878463696,-0.10157383383561766,-2.1197278964902305e-07,0.3693753857845276,11390,0.0,65000.00000000002,173999.99999999997,524999.9999999998,0.515729764488223,0.9099838486035569,1.4973976079773217,11390,0.35104021331670987,0.26417890500972646,-0.036416928223408564,0.31560855920199826,0.14935117385282795
allegheny,2,2019,0.001,0.0025781668911759093,0.38787248545570185,-0.08526140493350494,0.0015450460653686493,32443,11598,0.7476782241240072,0.7476782241240072,0.7767077568699321,0.7767077568699321,0.7492440625588747,0.7492440625588747,0.7792763847638259,92412.23373087832,92412.23373087832,0.29545474405516686,42843.285844895465,42843.285844895465,0.2179045444765764,0.14554312362530714,-0.2913181584683429,-0.4649917878953701,-0.2539852426326806,0.34152095004812966,0.9529083665285341,1.0101710486633706,0.9297757389313942,22.345535588186614,0.33809687450586523,-23.95454278154998,1.0864674204387996,-0.10746172862550844,0.8497658504923931,-0.08512967213528455,-0.21775726930817918,-0.4641427601469018,0.4471110102879539,div,-0.2913181584683429,-0.3000060603240549,-5.40795170225393e-07,0.34152095004812966,11598,0.0,65322.14999999999,179999.99999999997,529999.9999999998,0.6279495032130811,0.9529083665285341,1.6340674776794637,11598,0.29545474405516686,0.21137541677603938,-0.08512967213528462,0.2232922431300679,0.11617216316364766
allegheny,2,2019,0.001451285485497223,0.003741656188353096,0.38787248545570185,-0.08526140493350494,-0.0056297783836780635,32443,11598,0.7473192034599638,0.7473192034599638,0.7763445439930861,0.7763445439930861,0.7488872698767511,0.7488872698767511,0.7789173500828446,92477.95558117675,92477.95558117675,0.2956949435399634,42887.58755233543,42887.58755233543,0.21805646830123868,0.14590094141618393,-0.293327927825929,-0.4674216058089043,-0.25595417658266656,0.34237936886735854,0.952754714735911,1.0101238180062504,0.928970401491925,22.37847378163978,0.3389625350821034,-24.48090551619208,1.0873584523080533,-0.10900369184803786,0.8478714162614556,-0.08574140774796153,-0.21932205715727854,-0.46712321302584375,0.4497965795045164,div,-0.293327927825929,-0.3022036180764088,-5.458947274977763e-07,0.34237936886735854,11598,0.0,65322.14999999999,179999.99999999997,529999.9999999998,0.6257712020206698,0.952754714735911,1.6400011614023906,11598,0.2956949435399634,0.21147194773683003,-0.0857414077479616,0.22365545600691394,0.11602600051255195
allegheny,2,2019,0.00210622956041491,0.005430211317877711,0.38787248545570185,-0.08526140493350494,0.000803723051774452,32443,11598,0.7483776888160867,0.7483776888160867,0.777336389846399,0.777336389846399,0.7499391865685263,0.7499391865685263,0.7798977863014585,92284.05622158985,92284.05622158985,0.2950385551634422,42810.827949192324,42810.827949192324,0.21768536360237767,0.1459122179415199,-0.29174715758979225,-0.4655246956227533,-0.2543007598616309,0.3415537693554493,0.9523405980038573,1.0102665185731068,0.9297450804389147,22.344209332519753,0.33809741163560203,-24.569319507758664,1.0866059308387839,-0.10790627702312733,0.8493606914402388,-0.08519287837693314,-0.2179189475836782,-0.46511674557597443,0.4473690549902498,div,-0.29174715758979225,-0.3004749073710284,-5.416435982117274e-07,0.3415537693554493,11598,0.0,65322.14999999999,179999.99999999997,529999.9999999998,0.6283487353014023,0.9523405980038573,1.637645864920428,11598,0.2950385551634422,0.2110495146208454,-0.0851928783769332,0.22266361015360095,0.11580241136748488
allegheny,2,2019,0.003056740390155355,0.007880786868818669,0.38787248545570185,-0.08526140493350494,-0.0005609727015236654,32443,11598,0.7481474901612942,0.7481474901612942,0.7768798298866963,0.7768798298866963,0.749710416462261,0.749710416462261,0.7794464783497579,92326.25996931912,92326.25996931912,0.2953408807460262,42921.78413000793,42921.78413000793,0.21805427016703982,0.14617256328643247,-0.2921906669642386,-0.4661002229747381,-0.2545362595557419,0.34144793975485216,0.9523269888744086,1.0105449452177184,0.9299260869763384,22.369905242470608,0.3378995288080055,-25.477048625775165,1.0866938344567931,-0.10808332984765204,0.8491680625245359,-0.08530923425416613,-0.21821657985993023,-0.46522840641718627,0.44805665415755647,div,-0.2921906669642386,-0.30095974735047964,-5.422989140955264e-07,0.34144793975485216,11598,0.0,65322.14999999999,179999.99999999997,529999.9999999998,0.6287531019711841,0.9523269888744086,1.639250553903665,11598,0.2953408807460262,0.21144111097537496,-0.0853092342541662,0.2231201701133037,0.11560131604819195
allegheny,2,2019,0.004436202961165585,0.011437271597013639,0.38787248545570185,-0.08526140493350494,0.0016968324699521142,32443,11598,0.7494862212534239,0.7494862212534239,0.7771147844727222,0.7771147844727222,0.7510408397633144,0.7510408397633144,0.7796787301508817,92080.55123482116,92080.55123482116,0.295185336825392,42729.96478431513,42729.96478431513,0.21761488333446016,0.1459266852512248,-0.2906431502313226,-0.46490940804340347,-0.25459679513636313,0.3424039350695645,0.953673502210554,1.011201830102273,0.9307854265894875,22.32055437636353,0.33862547234999035,-24.354279117924058,1.0863962855622278,-0.10762940569460051,0.8499794693222735,-0.08511673061317997,-0.2177241655683961,-0.4643093983599422,0.4473952244140474,div,-0.2906431502313226,-0.29926861253524184,-5.409370617713227e-07,0.3424039350695645,11598,0.0,65322.14999999999,179999.99999999997,529999.9999999998,0.6277983547501635,0.953673502210554,1.633264849924225,11598,0.295185336825392,0.21073770805233707,-0.08511673061318004,0.2228852155272778,0.1164596117889179
allegheny,2,2019,0.006438196968259414,0.01659874626243554,0.38787248545570185,-0.08526140493350494,0.008234994449500377,32443,11598,0.747602098247308,0.747602098247308,0.7766647850569584,0.7766647850569584,0.7491684090980943,0.7491684090980943,0.7792339072743266,92426.17313771571,92426.17313771571,0.29548317230473,42910.31664205994,42910.31664205994,0.21781681585265808,0.14575401086891598,-0.28914733710125995,-0.4620854291913847,-0.25251627934088644,0.3416813362736033,0.9522793444782374,1.0099358603817008,0.930102159818327,22.361027794436904,0.3383344238123872,-24.287045571728353,1.0858332600571183,-0.1059841923681496,0.8512621507948092,-0.08455927773712085,-0.21629823013350194,-0.4610338469424605,0.44395490852584873,div,-0.28914733710125995,-0.29763555833498495,-5.370173935497756e-07,0.3416813362736033,11598,0.0,65322.14999999999,179999.99999999997,529999.9999999998,0.6265357245717567,0.9522793444782374,1.6350237567720343,11598,0.29548317230473,0.21133207598051565,-0.08455927773712092,0.2233352149430416,0.11652647127609725
allegheny,2,2019,0.009343661812807113,0.024089519528123975,0.38787248545570185,-0.08526140493350494,0.006429466407831375,32443,11598,0.7501830605381354,0.7501830605381354,0.7765761517611744,0.7765761517611744,0.7517333546581426,0.7517333546581426,0.7791462935659349,91952.39455382046,91952.39455382046,0.29554179953356224,42801.65022187523,42801.65022187523,0.21809774265918305,0.1462555755020628,-0.288865617582186,-0.4625854330294389,-0.2533886651962661,0.34249117120100925,0.9525204705810713,1.0105204975083952,0.9305755465884612,22.383265783008113,0.3389401185790651,-24.307091932543408,1.0859091464556707,-0.10638082145334626,0.8510393510057741,-0.0847132195946004,-0.21669200539042652,-0.46168482451309373,0.44542947883172207,div,-0.288865617582186,-0.2973281637599683,-5.377657413789492e-07,0.34249117120100925,11598,0.0,65322.14999999999,179999.99999999997,529999.9999999998,0.6272053548433174,0.9525204705810713,1.6402561438456078,11598,0.29554179953356224,0.21137512589615115,-0.08471321959460046,0.22342384823882555,0.11608601582999599
allegheny,2,2019,0.013560320770321632,0.034960770043768234,0.38787248545570185,-0.08526140493350494,0.005323118422707718,32443,11598,0.7491702489734142,0.7491702489734142,0.7763487232933066,0.7763487232933066,0.7507268283189824,0.7507268283189824,0.778921481306755,92138.60339729466,92138.60339729466,0.29569218080003745,42841.47944236499,42841.47944236499,0.21822462483643146,0.14547877255479133,-0.28875804844296726,-0.46291181548875737,-0.2536224772078538,0.34256550069425223,0.9522561219479073,1.0108363196080066,0.9309037952924308,22.395574025945006,0.33890775717554467,-24.466580409684724,1.0858655048134873,-0.10662279998180249,0.851267564457818,-0.08480754837815738,-0.216933293507828,-0.46190579754724437,0.44584330286207224,div,-0.28875804844296726,-0.2972108055012594,-5.376821513331915e-07,0.34256550069425223,11598,0.0,65322.14999999999,179999.99999999997,529999.9999999998,0.6257961294818633,0.9522561219479073,1.642938095320555,11598,0.29569218080003745,0.2115182659843829,-0.08480754837815746,0.22365127670669344,0.11737846681220514
allegheny,2,2019,0.019679896712654306,0.05073805812632695,0.38787248545570185,-0.08526140493350494,0.014000309029328584,32443,11598,0.7514352450181392,0.7514352450181392,0.7769535846117261,0.7769535846117261,0.752977768431161,0.752977768431161,0.7795193846420729,91721.6535795977,91721.6535795977,0.29529206269011404,42690.854111294095,42690.854111294095,0.217623971687396,0.14543249761854826,-0.2866383921749837,-0.4600050198861363,-0.25171534985236316,0.3421379733575561,0.9525688365335785,1.0101491268648723,0.9309023797617446,22.32663726366203,0.33871506204522317,-22.879525059313327,1.0851289553297847,-0.10500779590801164,0.8527601574509366,-0.08406771891616106,-0.21504084826098108,-0.4586111827600737,0.4425458378204232,div,-0.2866383921749837,-0.2948998714278235,-5.330691334148711e-07,0.3421379733575561,11598,0.0,65322.14999999999,179999.99999999997,529999.9999999998,0.626394630900654,0.9525688365335785,1.6369035389918591,11598,0.29529206269011404,0.21101912101242992,-0.08406771891616115,0.22304641538827386,0.11702985857343196
allegheny,2,2019,0.028561148455159703,0.07363540732105273,0.38787248545570185,-0.08526140493350494,0.023851113167214888,32443,11598,0.7514309834946018,0.7514309834946018,0.7769808739466325,0.7769808739466325,0.752973533353448,0.752973533353448,0.7795463600558781,91722.43983811275,91722.43983811275,0.29527399790643344,42746.33076569262,42746.33076569262,0.21759817934352216,0.14506058785119286,-0.28268050389882876,-0.4554110905381732,-0.2492795772891983,0.34224510580984163,0.9516368591548441,1.0100899511097168,0.9319129674228374,22.34408567946409,0.3388409724065707,-24.047341330366653,1.0838887175302157,-0.10268609696565366,0.8555120159652192,-0.08322782551564012,-0.21289244466890855,-0.45406557509928164,0.43858615207803675,div,-0.28268050389882876,-0.290592984158242,-5.258731553071971e-07,0.34224510580984163,11598,0.0,65322.14999999999,179999.99999999997,529999.9999999998,0.6263985801684608,0.9516368591548441,1.6384772404309704,11598,0.29527399790643344,0.21102693775822937,-0.08322782551564017,0.2230191260533675,0.11771617505948868
allegheny,2,2019,0.04145038020210471,0.10686599786371977,0.38787248545570185,-0.08526140493350494,0.028585059079225927,32443,11598,0.7534544434205754,0.7534544434205754,0.7763130703341904,0.7763130703341904,0.7549844362525361,0.7549844362525361,0.7788862384791508,91348.34668161927,91348.34668161927,0.2957157484748487,42822.66063382773,42822.66063382773,0.21822169450814305,0.14753812625017143,-0.28044423150490944,-0.45360548012759955,-0.24860128217470062,0.34267247469233836,0.951510071158941,1.0096254396486075,0.9319700614477834,22.40037800819131,0.33942018010097774,-24.276516405992297,1.0833238978515995,-0.1016808378149834,0.857151718301461,-0.08282420263630282,-0.21185999835694436,-0.4512904466405467,0.43699161765536426,div,-0.28044423150490944,-0.2881641595868134,-5.22364471422998e-07,0.34267247469233836,11598,0.0,65322.14999999999,179999.99999999997,529999.9999999998,0.6261945416123108,0.951510071158941,1.6463015320794687,11598,0.2957157484748487,0.21176559800467715,-0.0828242026363029,0.22368692966580955,0.11986347784295039
allegheny,2,2019,0.060156335155656014,0.15509307159279373,0.38787248545570185,-0.08526140493350494,0.041709865103388366,32443,11598,0.755437133481345,0.755437133481345,0.7766915785305106,0.7766915785305106,0.7569548222928111,0.7569548222928111,0.7792603925308867,90980.2989659469,90980.2989659469,0.29546544724952695,42767.8269221176,42767.8269221176,0.21797343230654947,0.14574359811665172,-0.2764829331108758,-0.44866088285183525,-0.24534964417608057,0.3419175361874679,0.950257984006724,1.008491803428171,0.9321019792737272,22.39040015268064,0.33905310518606874,-23.50807715734024,1.0819543632060142,-0.09902896104360133,0.8599771644992653,-0.08170516323520301,-0.20899755382826687,-0.4457665654635556,0.43127918661266795,div,-0.2764829331108758,-0.2838698656953415,-5.138514683855928e-07,0.3419175361874679,11598,0.0,65322.14999999999,179999.99999999997,529999.9999999998,0.6228076955010402,0.950257984006724,1.6352588258175087,11598,0.29546544724952695,0.2117862874186492,-0.08170516323520308,0.22330842146948943,0.11976651777136488
allegheny,2,2019,0.0873040160721099,0.2250843237038032,0.38787248545570185,-0.08526140493350494,0.06406873655528056,32443,11598,0.756115195427821,0.756115195427821,0.7759569656715035,0.7759569656715035,0.7576286763763179,0.7576286763763179,0.7785342302434464,90854.08786395201,90854.08786395201,0.2959510413442973,42741.40204305499,42741.40204305499,0.2176795684552836,0.14555601256263595,-0.2686462198025808,-0.43898905122573606,-0.239918791245395,0.3417155369214547,0.9504163521719298,1.006864869393967,0.9326841114893396,22.343322557799635,0.3394003305903054,-21.48126111579829,1.079534707400744,-0.09386787519489874,0.8651364928306863,-0.07979881444248703,-0.20412121286467097,-0.43495858464022213,0.4215584551674789,div,-0.2686462198025808,-0.275404166065474,-4.989917413369451e-07,0.3417155369214547,11598,0.0,65322.14999999999,179999.99999999997,529999.9999999998,0.6218387929088041,0.9504163521719298,1.6363834825085848,11598,0.2959510413442973,0.21194950699875884,-0.07979881444248711,0.22404303432849654,0.11918547153830672
allegheny,2,2019,0.12670305135106935,0.32666161200428806,0.38787248545570185,-0.08526140493350494,0.08231696150544388,32443,11598,0.7546482918088202,0.7546482918088202,0.7751957532678432,0.7751957532678432,0.7561708759512802,0.7561708759512802,0.7777817743974962,91126.91008540789,91126.91008540789,0.29645337915065295,42876.6692913622,42876.6692913622,0.2178672955254203,0.14634431245120266,-0.2630569476888892,-0.4311070182189758,-0.23524925280354417,0.3411907976356335,0.9495622500002033,1.0060628282542337,0.9335369673709958,22.39367846227082,0.3391493036422937,-22.27251234804039,1.077689329312243,-0.08956387047851712,0.8692111115467283,-0.07824294514569348,-0.20014138020501043,-0.4259087908737971,0.4138246193420128,div,-0.2630569476888892,-0.2693897954723711,-4.878597447146126e-07,0.3411907976356335,11598,0.0,65322.14999999999,179999.99999999997,529999.9999999998,0.6188203195906221,0.9495622500002033,1.6273242400778933,11598,0.29645337915065295,0.21250201673558577,-0.07824294514569355,0.22480424673215685,0.12063771768419135
allegheny,2,2019,0.18388229939401626,0.4740792561709487,0.38787248545570185,-0.08526140493350494,0.11241496447000476,32443,11598,0.757021872072081,0.757021872072081,0.7734541204870188,0.7734541204870188,0.7585297264386762,0.7585297264386762,0.7760601763768544,90685.0490778719,90685.0490778719,0.29759952468383544,43024.64446399957,43024.64446399957,0.21826291888445756,0.14779742566997078,-0.2527905197189815,-0.4185112949290136,-0.2278317827558832,0.34037783733806987,0.9483231348338614,1.0028136389177427,0.9332843377756825,22.41809011413914,0.3394374578340534,-19.929353434527712,1.0744995906689818,-0.08287252796676098,0.8765312672085751,-0.07567674712724222,-0.19357717927499896,-0.4109827423546316,0.40051307778347434,div,-0.2527905197189815,-0.25839159167868964,-4.677027848033547e-07,0.34037783733806987,11598,0.0,65322.14999999999,179999.99999999997,529999.9999999998,0.6178026187126673,0.9483231348338614,1.6222396343201069,11598,0.29759952468383544,0.21386788872283133,-0.07567674712724229,0.22654587951298122,0.12294927211729906
allegheny,2,2019,0.26686571215039057,0.6880243434562175,0.38787248545570185,-0.08526140493350494,0.14370574971406547,32443,11598,0.756165442100235,0.756165442100235,0.7714502216271445,0.7714502216271445,0.7576786112319234,0.7576786112319234,0.7740793292380604,90844.72821820446,90844.72821820446,0.2989128268374566,43200.649994199855,43200.649994199855,0.21870466523875357,0.14942505494283062,-0.24411765795636672,-0.40502116139660765,-0.22013963325984093,0.3398401395848554,0.94491934609357,0.9998764110029102,0.9328386231161474,22.486443456531408,0.3398967988447006,-20.184654564315313,1.071864292735675,-0.07589924457435644,0.8821145535091995,-0.073008850815861,-0.18675283940628068,-0.39534201722801876,0.38542341605229236,div,-0.24411765795636672,-0.249148058663648,-4.5094312134152896e-07,0.3398401395848554,11598,0.0,65322.14999999999,179999.99999999997,529999.9999999998,0.6131814944665178,0.94491934609357,1.6100877587921163,11598,0.2989128268374566,0.2151283547906269,-0.07300885081586109,0.2285497783728555,0.12304973628353316
allegheny,2,2019,0.38729833462074176,0.9985197433267649,0.38787248545570185,-0.08526140493350494,0.18192677994225193,32443,11598,0.7576842604990193,0.7576842604990193,0.7687249420856861,0.7687249420856861,0.7591880042681279,0.7591880042681279,0.7713853997737508,90561.35538965795,90561.35538965795,0.30068969784879296,43334.79135293249,43334.79135293249,0.2189932963829506,0.15022284947387415,-0.23169627884053254,-0.3877977228377317,-0.2106915818119559,0.3397004159373915,0.944337938163022,0.9962253220829841,0.932624761391766,22.502829594957166,0.34100223527590334,-18.884651455548617,1.068195230626631,-0.06720016703667936,0.890189026804089,-0.06975007208059986,-0.17841705305974892,-0.3762171729283657,0.36914957270772225,div,-0.23169627884053254,-0.23598123077795746,-4.2782192344435705e-07,0.3397004159373915,11598,0.0,65322.14999999999,179999.99999999997,529999.9999999998,0.60566667738263,0.944337938163022,1.594173494266335,11598,0.30068969784879296,0.21658456361173936,-0.06975007208059995,0.23127505791431396,0.12402419521707043
allegheny,2,2019,0.5620804515923291,1.4491372104725464,0.38787248545570185,-0.08526140493350494,0.21724788651666438,32443,11598,0.7574684886907326,0.7574684886907326,0.7662125089189925,0.7662125089189925,0.7589735714793904,0.7589735714793904,0.768901868219684,90601.66692570341,90601.66692570341,0.30231854214026477,43516.6007711601,43516.6007711601,0.21946651926461636,0.15138597640633605,-0.2210726980569239,-0.372585759391218,-0.20171291393168767,0.33850228214963957,0.9421221546686549,0.992637060171158,0.932166705002199,22.55986084096775,0.3410278437183163,-17.435496357916207,1.0648707520280039,-0.059457176144743676,0.8976674072937748,-0.06673854491025936,-0.1707137233438939,-0.3587761390510084,0.354017159041363,div,-0.2210726980569239,-0.22478364643576104,-4.067659683905835e-07,0.33850228214963957,11598,0.0,65322.14999999999,179999.99999999997,529999.9999999998,0.6017065908126241,0.9421221546686549,1.581843004077956,11598,0.30231854214026477,0.2181504791288622,-0.06673854491025949,0.23378749108100746,0.12622231418489435
allegheny,2,2019,0.8157392010776716,2.1031118000527407,0.38787248545570185,-0.08526140493350494,0.2620829961074894,32443,11598,0.7577156532139959,0.7577156532139959,0.761515270240264,0.761515270240264,0.7592192021686875,0.7592192021686875,0.7642586639226489,90555.4889550051,90555.4889550051,0.30534051771594906,43846.46464566691,43846.46464566691,0.2208318929136818,0.15567639270801847,-0.2063487312049618,-0.3525919502902025,-0.19050353680876797,0.33781956581532796,0.9403031923449683,0.9879522980859358,0.9316232503888245,22.702469112937543,0.34195388897911616,-16.788958293277616,1.0604633339427731,-0.04952413130417908,0.9075240904328772,-0.06291584047619796,-0.1609354444188837,-0.3358643221896288,0.33508681111528765,div,-0.2063487312049618,-0.2093546711534837,-3.7890863334629154e-07,0.33781956581532796,11598,0.0,65322.14999999999,179999.99999999997,529999.9999999998,0.5921359151494041,0.9403031923449683,1.5654357684141889,11598,0.30534051771594906,0.2211848191761752,-0.06291584047619808,0.23848472975973597,0.12966986222169863
allegheny,2,2019,1.1838704624751253,3.05221562979448,0.38787248545570185,-0.08526140493350494,0.318160809932061,32443,11598,0.7549284572712835,0.7549284572712835,0.753638436554964,0.753638436554964,0.7564493027851701,0.7564493027851701,0.7564724408847946,91074.8666218263,91074.8666218263,0.3103420504678024,44338.14116713837,44338.14116713837,0.22226114963874363,0.15799796385633494,-0.18883778396000836,-0.3266399860995897,-0.17627313307104112,0.3374200805468285,0.9366571073354248,0.9811563931866646,0.9296684400803026,22.888992999702467,0.3439152313614582,-15.651298144751367,1.0553831354132175,-0.036765896223793774,0.9188463665570169,-0.05813456728391545,-0.14870519651527053,-0.30676589845795976,0.3128399293301017,div,-0.18883778396000836,-0.1911317014217564,-3.463440399389255e-07,0.3374200805468285,11598,0.0,65322.14999999999,179999.99999999997,529999.9999999998,0.5828087914791074,0.9366571073354248,1.5446263490582959,11598,0.3103420504678024,0.2248978442535422,-0.05813456728391559,0.246361563445036,0.13176687918033367
allegheny,2,2019,1.7181340188990342,4.4296362421284945,0.38787248545570185,-0.08526140493350494,0.3732680139451541,32443,11598,0.7546305019457186,0.7546305019457186,0.7463641227822924,0.7463641227822924,0.7561531964870979,0.7561531964870979,0.7492818067106772,91130.21372222004,91130.21372222004,0.31489045184784853,44979.33567333005,44979.33567333005,0.22495735184076765,0.16111367324541068,-0.17096171944734875,-0.30063927295901804,-0.163500344689469,0.3400377309980807,0.9338894415718428,0.9762037909583468,0.9292282496250953,23.169054467633973,0.348341600823432,-13.25625563771479,1.0505532858608249,-0.02437281693745993,0.9299444584704397,-0.053436049647801846,-0.1366866330159246,-0.2789591264458177,0.2929658195610292,div,-0.17096171944734875,-0.17265717086562685,-3.159903974055286e-07,0.3400377309980807,11598,0.0,65322.14999999999,179999.99999999997,529999.9999999998,0.5746095044843217,0.9338894415718428,1.5408922751245338,11598,0.31489045184784853,0.22917466932256125,-0.053436049647801985,0.25363587721770764,0.13603089997657056
allegheny,2,2019,2.4935029637671793,6.4286667842335445,0.38787248545570185,-0.08526140493350494,0.417494715281971,32443,11598,0.753100539527942,0.753100539527942,0.7364806893054393,0.7364806893054393,0.754632728588569,0.754632728588569,0.7395120666723433,91413.8861761094,91413.8861761094,0.32096699214748486,45541.74732148071,45541.74732148071,0.22764930511888648,0.16563268493530336,-0.15654241677086206,-0.2798891896489255,-0.152360762648654,0.3403620749777185,0.9299619137894484,0.9700942363408314,0.9270396913554553,23.488440501952056,0.3508697778883029,-13.373272516788267,1.0464430437950554,-0.014041702304175929,0.9393381572166695,-0.049665218956250305,-0.12704104442360817,-0.25559346275252476,0.28021745914238116,div,-0.15654241677086206,-0.15784027187507427,-2.896150293091617e-07,0.3403620749777185,11598,0.0,65322.14999999999,179999.99999999997,529999.9999999998,0.5626129625057696,0.9299619137894484,1.5210765785021743,11598,0.32096699214748486,0.23413538001091413,-0.04966521895625045,0.2635193106945607,0.13978631016278226
allegheny,2,2019,3.618784659359615,9.329830795056251,0.38787248545570185,-0.08526140493350494,0.4593056686241489,32443,11598,0.7495195322396024,0.7495195322396024,0.7265801429913477,0.7265801429913477,0.7510739440308208,0.7510739440308208,0.7297254106531883,92074.42902478411,92074.42902478411,0.32694084097306975,46392.39703712128,46392.39703712128,0.23123304814364215,0.171058423067345,-0.1425791005910701,-0.2600983490216589,-0.1418508386998044,0.340995354035468,0.9246251881103493,0.9634846632474519,0.9241975481192327,23.883846403648125,0.35393407762919626,-11.04656389915324,1.0425094344906773,-0.004358022858631334,0.9487859653042245,-0.04610035833268697,-0.11792231654200913,-0.2342034494166656,0.27046076452476014,div,-0.1425791005910701,-0.14355721291340592,-2.64272657002798e-07,0.340995354035468,11598,0.0,65322.14999999999,179999.99999999997,529999.9999999998,0.5517779171766652,0.9246251881103493,1.514271462329597,11598,0.32694084097306975,0.2400549285829125,-0.04610035833268714,0.2734198570086523,0.1459188009468801
allegheny,2,2019,5.2518896512686215,13.540248015010153,0.38787248545570185,-0.08526140493350494,0.49592249070368144,32443,11598,0.7466668439094792,0.7466668439094792,0.7168281008310802,0.7168281008310802,0.7482389586873484,0.7482389586873484,0.7200855504799176,92597.25627590367,92597.25627590367,0.3327202443076929,47097.629805847515,47097.629805847515,0.2338964246773096,0.17647241120249912,-0.12987681851426133,-0.24245778012629696,-0.13269314094828247,0.34218935818659313,0.9207169926168284,0.9573761401859602,0.9214637800522358,24.19621167874607,0.35743956514199243,-12.194259278048559,1.038973165208608,0.004332113194972981,0.957380402480327,-0.042978356637985826,-0.10993639874435501,-0.2157159668801232,0.26314892097244885,div,-0.12987681851426133,-0.13061455302966357,-2.4157169089170494e-07,0.34218935818659313,11598,0.0,65322.14999999999,179999.99999999997,529999.9999999998,0.5437013417729637,0.9207169926168284,1.5082619959044445,11598,0.3327202443076929,0.24482523946479598,-0.04297835663798602,0.28317189916891977,0.15143670137783838
allegheny,2,2019,7.621991222319222,19.650765414216817,0.38787248545570185,-0.08526140493350494,0.5325275568905329,32443,11598,0.7446195000367002,0.7446195000367002,0.7053388309273512,0.7053388309273512,0.7462043200585547,0.7462043200585547,0.7087284466503051,92970.67154980765,92970.67154980765,0.3394029425804037,47753.31263675879,47753.31263675879,0.2375207318729321,0.1784151586649264,-0.11734095312446703,-0.22559102103023215,-0.12382545941097844,0.34319605541355447,0.9162705555710637,0.9520886698428543,0.9195471594967709,24.615337076311974,0.36048202517882033,-9.65805030737236,1.035388625814354,0.012979771386706574,0.9658107167763902,-0.03985735726721092,-0.1019530448391213,-0.19705001568415995,0.2582693309720695,div,-0.11734095312446703,-0.1178839984375511,-2.1889699393750788e-07,0.34319605541355447,11598,0.0,65322.14999999999,179999.99999999997,529999.9999999998,0.5349173424783419,0.9162705555710637,1.49623056009185,11598,0.3394029425804037,0.2505925388903023,-0.039857357267211124,0.2946611690726489,0.1550859558876657
allegheny,2,2019,11.061685231539125,28.518870624563696,0.38787248545570185,-0.08526140493350494,0.5525536639429325,32443,11598,0.7420099452879961,0.7420099452879961,0.6966348354902641,0.6966348354902641,0.7436109594774338,0.7436109594774338,0.7001245770624398,93444.46542433955,93444.46542433955,0.3443792723575921,48323.74871372831,48323.74871372831,0.240017202947037,0.1816523061406995,-0.10941209043217741,-0.21497613847150007,-0.11835108675981018,0.3442200331669929,0.9146979292716427,0.9475147178518561,0.9170815427552524,24.85008602872669,0.3633029305719545,-11.642501793412814,1.033184808196195,0.01823234320926824,0.9711264487723323,-0.038149903244574554,-0.09758546634254615,-0.18667327845073114,0.25808972822547466,div,-0.10941209043217741,-0.10985184427080255,-2.0471485415925738e-07,0.3442200331669929,11598,0.0,65322.14999999999,179999.99999999997,529999.9999999998,0.5287681243597946,0.9146979292716427,1.4887571412296785,11598,0.3443792723575921,0.25486420096837986,-0.03814990324457476,0.3033651645097359,0.15827987076308703
allegheny,2,2019,16.05366322167172,41.389023000202414,0.38787248545570185,-0.08526140493350494,0.58428954228404,32443,11598,0.7395655339550081,0.7395655339550081,0.6883862025052275,0.6883862025052275,0.741181717478137,0.741181717478137,0.6919708316940748,93886.1068790952,93886.1068790952,0.34902978436178794,48891.22239342303,48891.22239342303,0.24217262303272769,0.1880146320691375,-0.09856599264503708,-0.20066683098335594,-0.1102211071553564,0.3434340302931342,0.9083840963258472,0.9420722169121064,0.9147185072267597,25.174121890282958,0.3645674193853808,-10.619673246353342,1.0299039644100758,0.025041125107294778,0.9792327958992512,-0.03544405767041292,-0.09066405423534693,-0.1720101186481287,0.25728954304086155,div,-0.09856599264503708,-0.09888706422333346,-1.8400021263557078e-07,0.3434340302931342,11598,0.0,65322.14999999999,179999.99999999997,529999.9999999998,0.5215796657567148,0.9083840963258472,1.4893153097283356,11598,0.34902978436178794,0.25906172528895155,-0.03544405767041315,0.31161379749477247,0.16409853167725938
allegheny,2,2019,23.298448422672752,60.06728833910448,0.38787248545570185,-0.08526140493350494,0.6037948671523081,32443,11598,0.7407993850160022,0.7407993850160022,0.682499119867124,0.682499119867124,0.7424079116042214,0.7424079116042214,0.686151470730786,93663.44241223775,93663.44241223775,0.3523113351399288,49107.78406841061,49107.78406841061,0.2437639256265887,0.1896153098242992,-0.09222830493442447,-0.19176889243199058,-0.10560362148351556,0.3443140948029099,0.9093625746139329,0.9401667733246778,0.9145062898386191,25.328618000184616,0.3662424042377707,-9.751529211918443,1.0280593843598242,0.02932516902176508,0.9831395744294332,-0.033781006268459944,-0.08641005533079436,-0.16270579720063102,0.2570532070874822,div,-0.09222830493442447,-0.09249114753610782,-1.7261038711307806e-07,0.3443140948029099,11598,0.0,65322.14999999999,179999.99999999997,529999.9999999998,0.5165765118966354,0.9093625746139329,1.4826142764871855,11598,0.3523113351399288,0.2616762323975336,-0.03378100626846017,0.317500880132876,0.16532519154204328
allegheny,2,2019,33.81270003043063,87.17478371971893,0.38787248545570185,-0.08526140493350494,0.6079098025060385,32443,11598,0.7389750386453096,0.7389750386453096,0.6768352609196611,0.6768352609196611,0.7405948866173285,0.7405948866173285,0.6805527656188329,93992.48280763222,93992.48280763222,0.35543986363172053,49704.27324312984,49704.27324312984,0.2464375585316436,0.19394285136729833,-0.09077829835275564,-0.18914949603380468,-0.10453996001692262,0.34556622650325886,0.9053298294894769,0.9383681072729069,0.9130192062844251,25.65372219929901,0.3682788475575633,-9.130066444374329,1.0277638200971042,0.03158179650732034,0.9839794404439471,-0.033430161098990344,-0.08551261165296303,-0.15988005688881027,0.2564255368776267,div,-0.09077829835275564,-0.09102889748307016,-1.705144649706302e-07,0.34556622650325886,11598,0.0,65322.14999999999,179999.99999999997,529999.9999999998,0.5132317223364645,0.9053298294894769,1.4750623447272355,11598,0.35543986363172053,0.26507516730033603,-0.03343016109899057,0.32316473908033894,0.16555204208415897
allegheny,2,2019,49.071880779635485,126.51549831378769,0.38787248545570185,-0.08526140493350494,0.6208830349624039,32443,11598,0.7377462426430925,0.7377462426430925,0.6706199006936866,0.6706199006936866,0.7393737161797389,0.7393737161797389,0.6744089033876981,94213.46163083999,94213.46163083999,0.35884163562832977,50017.97062561493,50017.97062561493,0.2481749583410713,0.1954175333512934,-0.08478236765126891,-0.183240375763406,-0.10186141074739498,0.3475703030050444,0.9054561008568237,0.9355823374349777,0.9117704396323233,25.80085480977893,0.3715175822889794,-9.307502815361042,1.0261161107748313,0.034724979064527664,0.9886803952115119,-0.03232404507323167,-0.08268322444559248,-0.15355905218931684,0.25883722769984024,div,-0.08478236765126891,-0.08498638824499685,-1.601755048709972e-07,0.3475703030050444,11598,0.0,65322.14999999999,179999.99999999997,529999.9999999998,0.5111736431133491,0.9054561008568237,1.4775857570479007,11598,0.35884163562832977,0.2678381245030176,-0.032324045073231916,0.3293800993063134,0.17012184253530133
allegheny,2,2019,71.21730832153513,183.61010639324846,0.38787248545570185,-0.08526140493350494,0.6207266662166788,32443,11598,0.7362471390869274,0.7362471390869274,0.6693260617495349,0.6693260617495349,0.7378839156413493,0.7378839156413493,0.6731299480362567,94482.35096442683,94482.35096442683,0.3595457283150077,50210.50862361265,50210.50862361265,0.24899201616984276,0.19756864504289606,-0.08525744361897329,-0.18271178804532442,-0.10169229975068181,0.34799712074976397,0.9047810913697458,0.9358604899478293,0.9118857577866967,25.908329046610596,0.37186325090175987,-9.616644185568092,1.0262913769147173,0.03525287355836196,0.988082187962536,-0.03233737729217987,-0.0827173275675611,-0.15326691372276233,0.25794964278726584,div,-0.08525744361897329,-0.08546492325695709,-1.6127084283169853e-07,0.34799712074976397,11598,0.0,65322.14999999999,179999.99999999997,529999.9999999998,0.5099799675065585,0.9047810913697458,1.4754883061123407,11598,0.3595457283150077,0.26876999813587826,-0.03233737729218012,0.3306739382504652,0.169557257622603
allegheny,2,2019,103.35664588322452,266.4706823991223,0.38787248545570185,-0.08526140493350494,0.6313794767372503,32443,11598,0.7375121005310058,0.7375121005310058,0.6682822658497651,0.6682822658497651,0.7391410270881735,0.7391410270881735,0.6720981593751896,94255.50948866027,94255.50948866027,0.3601127470921777,50188.28545018907,50188.28545018907,0.24913967720210858,0.1957824820543762,-0.08312800831776113,-0.17915169125799724,-0.09977667890518224,0.34822687163364074,0.9027974814445967,0.9356451086222421,0.9122537491346453,25.998168919737346,0.3721944161975984,-9.888271207074002,1.025641286220841,0.03709972481952138,0.9895802694389246,-0.031429103700705535,-0.08039401100703358,-0.14875983768581427,0.2575076955925238,div,-0.08312800831776113,-0.08332028503623784,-1.5734666957654743e-07,0.34822687163364074,11598,0.0,65322.14999999999,179999.99999999997,529999.9999999998,0.5081119589449722,0.9027974814445967,1.4776188946463995,11598,0.3601127470921777,0.2690626114072253,-0.03142910370070578,0.3317177341502348,0.17072828388893915
allegheny,2,2019,150.0,386.72503367638643,0.38787248545570185,-0.08526140493350494,0.6321593669418364,32443,11598,0.736564489449302,0.736564489449302,0.6628823338881144,0.6628823338881144,0.7381992966160521,0.7381992966160521,0.6667603451820174,94425.49275080301,94425.49275080301,0.363031997519278,50422.45545791007,50422.45545791007,0.2505322693554915,0.19838354731992616,-0.0812937421078908,-0.1776675622574599,-0.0990782898828803,0.34867796923531746,0.9011407385078455,0.9326325235919855,0.9097276747429521,26.10565632033558,0.3738803796794161,-9.722619988322105,1.0251776982111764,0.038245940726906416,0.9910459501124748,-0.03136260916616865,-0.08022392144952113,-0.1476984247545953,0.2604946188032915,div,-0.0812937421078908,-0.08147353681021158,-1.540740582205465e-07,0.34867796923531746,11598,0.0,65322.14999999999,179999.99999999997,529999.9999999998,0.5045238246608994,0.9011407385078455,1.4772315367027935,11598,0.363031997519278,0.2714592100113054,-0.0313626091661689,0.33711766611188565,0.17269748196903575
allegheny,3,2020,0.001,0.002566982551906629,0.3895624453143435,-0.07595547978243242,-0.02138690276003552,44041,13128,0.10333707189482022,0.10333707189482022,0.746608600794844,0.746608600794844,0.1071343101676695,0.1071343101676695,0.7619134507353879,522454.9469218311,522454.9469218311,0.30617875872975725,52045.11106200711,52045.11106200711,0.22289252134899465,0.15099138219778013,-0.07870611476722812,-0.31754340718173313,-0.2592526182930375,0.49659137702248546,0.9284540488742885,0.9852097527746065,0.8999545552814577,22.810664180318707,0.5040655455837324,-24.540251409651702,1.0947327806641143,-0.0705296867794691,0.8450563906419946,-0.07757993224263117,-0.20969648439893912,-0.42664547921573304,0.4076410118092356,div,-0.07870611476722812,-0.07886924051246413,-7.083916120177812e-08,0.49659137702248546,13128,0.0,71957.1,200000.00000000006,575000.0,0.602272034207943,0.9284540488742885,1.5443831053761259,13128,0.30617875872975725,0.2178187528099362,-0.07757993224263114,0.2533913992051559,0.13102411558584423
allegheny,3,2020,0.001451285485497223,0.0037254245191067127,0.3895624453143435,-0.07595547978243242,-0.0009560260151948441,44041,13128,0.10023707986831676,0.10023707986831676,0.7441809069157143,0.7441809069157143,0.10404744616062533,0.10404744616062533,0.7596323896568906,523357.29756320664,523357.29756320664,0.30764198203885024,52384.42494130637,52384.42494130637,0.2230722340202617,0.15413931321629576,-0.0776387817188748,-0.31087101051814,-0.25324064856965595,0.495487058148303,0.9241499449703907,0.9789608942279494,0.8950488611444839,22.78164828127617,0.5061549787453574,-23.354061193291315,1.0937513433357913,-0.06638434003809636,0.8470121893593944,-0.07602809519710105,-0.20550191032029763,-0.41805827117904465,0.39611720226246566,div,-0.0776387817188748,-0.07779534485668795,-6.972311616363594e-08,0.495487058148303,13128,0.0,71957.1,200000.00000000006,575000.0,0.59661746992202,0.9241499449703907,1.526698408241179,13128,0.30764198203885024,0.2195373030985628,-0.07602809519710102,0.25581909308428574,0.12889368808382848
allegheny,3,2020,0.00210622956041491,0.005406654531895043,0.3895624453143435,-0.07595547978243242,0.011732667101162497,44041,13128,0.1036586184997691,0.1036586184997691,0.7459409724721786,0.7459409724721786,0.107454495069088,0.107454495069088,0.7612861471882535,522361.2613948413,522361.2613948413,0.3065818488565137,52180.15511805433,52180.15511805433,0.22299183275916604,0.154024064153485,-0.07769581040139478,-0.31089252154116137,-0.25135574655858856,0.49176505746714333,0.9277541399266352,0.9830789406021119,0.8997360644720469,22.832718032021972,0.5002485231368289,-23.103120956351997,1.0926303606368934,-0.06466001815465279,0.8491126535344125,-0.07506431942363609,-0.2028968501507115,-0.41285887125150816,0.39144504735052404,div,-0.07769581040139478,-0.07785271963587621,-6.925019952797527e-08,0.49176505746714333,13128,0.0,71957.1,200000.00000000006,575000.0,0.6011507596466762,0.9277541399266352,1.5342490618262934,13128,0.3065818488565137,0.21876421249703928,-0.07506431942363606,0.2540590275278214,0.12835524072970092
allegheny,3,2020,0.003056740390155355,0.007846599247237058,0.3895624453143435,-0.07595547978243242,-0.012820951615139853,44041,13128,0.1031767061820914,0.1031767061820914,0.7445781018949975,0.7445781018949975,0.10697462358062204,0.10697462358062204,0.7600055940446457,522501.6646523808,522501.6646523808,0.3074030606259999,52384.09428505804,52384.09428505804,0.2232785433994947,0.15341989619118002,-0.0776291670178106,-0.3128884894626176,-0.25637963520177526,0.49839429436321386,0.9241659432191154,0.9805312100617722,0.8961372814443408,22.837103980301375,0.5083094474135794,-24.87685216019088,1.0941752233334276,-0.06842161582109205,0.8466100832186995,-0.07692930131362774,-0.2079378463786514,-0.4228545233129459,0.403140654954085,div,-0.0776291670178106,-0.0777856718561206,-7.0123526653751e-08,0.49839429436321386,13128,0.0,71957.1,200000.00000000006,575000.0,0.5986964081414273,0.9241659432191154,1.5348753955068675,13128,0.3074030606259999,0.21930392164926696,-0.07692930131362771,0.25542189810500254,0.13218603391572897
allegheny,3,2020,0.004436202961165585,0.011387655598028576,0.3895624453143435,-0.07595547978243242,5.187994767119619e-07,44041,13128,0.10263667820310063,0.10263667820310063,0.7450218255343557,0.7450218255343557,0.10643688254229311,0.10643688254229311,0.760422516759676,522658.9548653804,522658.9548653804,0.3071359314225992,52291.538891849515,52291.538891849515,0.22306266623245882,0.1534567827089501,-0.07881805505255146,-0.31650665206756257,-0.2531558323614676,0.48650153908746696,0.9239236054346401,0.9807458740238807,0.8971041167454938,22.831823876923032,0.4960714923089078,-23.604114911238806,1.0932352841962443,-0.06739675869319436,0.847859308702813,-0.07595544037676928,-0.2053055262818254,-0.417727725837289,0.3976130244855458,div,-0.07881805505255146,-0.07898187955035202,-6.949854203926632e-08,0.48650153908746696,13128,0.0,71957.1,200000.00000000006,575000.0,0.6001978795234888,0.9239236054346401,1.5332119815569198,13128,0.3071359314225992,0.21923854962462522,-0.07595544037676925,0.2549781744656443,0.12905807931173768
allegheny,3,2020,0.006438196968259414,0.01652673928326007,0.3895624453143435,-0.07595547978243242,-0.009871461358698541,44041,13128,0.1054294874418622,0.1054294874418622,0.7482167939433592,0.7482167939433592,0.10921786463643002,0.10921786463643002,0.7634245089578926,521845.00124330097,521845.00124330097,0.3052056034847546,51904.2659365868,51904.2659365868,0.22257839177873326,0.1518396712170113,-0.07799605778414045,-0.31367858205966187,-0.257767687732114,0.4998304762188375,0.9308333617871001,0.9880026448916,0.9029655134958905,22.82887927650754,0.5059192064926561,-24.44046231335275,1.0941753922212185,-0.06846125906243235,0.8458974278182785,-0.07670527136608614,-0.20733229941513218,-0.42235131429492256,0.40240094841150853,div,-0.07799605778414045,-0.07815479761028599,-7.065796850170391e-08,0.4998304762188375,13128,0.0,71957.1,200000.00000000006,575000.0,0.602674368630772,0.9308333617871001,1.542811639076734,13128,0.3052056034847546,0.21687874105470212,-0.07670527136608611,0.25178320605664084,0.1292074036953304
allegheny,3,2020,0.009343661812807113,0.02398501684439212,0.3895624453143435,-0.07595547978243242,-0.01583622571697152,44041,13128,0.10750084021467554,0.10750084021467554,0.748247019661979,0.748247019661979,0.11128044552877536,0.11128044552877536,0.7634529090419832,521240.49242400395,521240.49242400395,0.3051872834869429,51923.38661615817,51923.38661615817,0.2227772533132028,0.15220788703065002,-0.07802847494543044,-0.31496423822929065,-0.25913353265230643,0.5004278751814543,0.9300648337175255,0.9872283005092694,0.902054146610943,22.82108004955258,0.5069211808198935,-24.45635415725615,1.0944224404026404,-0.06986969847641662,0.8454693302889532,-0.07715832790470793,-0.20855689913617623,-0.42510773201793495,0.40601256398147034,div,-0.07802847494543044,-0.07818741326765503,-7.077182149174419e-08,0.5004278751814543,13128,0.0,71957.1,200000.00000000006,575000.0,0.6043969126546915,0.9300648337175255,1.5500943191338152,13128,0.3051872834869429,0.21714572395653425,-0.07715832790470789,0.251752980338021,0.13010950411076075
allegheny,3,2020,0.013560320770321632,0.03480910681567269,0.3895624453143435,-0.07595547978243242,0.001058923978957238,44041,13128,0.10932440801856591,0.10932440801856591,0.7471344763625218,0.7471344763625218,0.11309629078583006,0.11309629078583006,0.7624075633992103,520707.71690585784,520707.71690585784,0.3058608798379613,52016.158399684886,52016.158399684886,0.22281630179082815,0.1526334502193201,-0.07680808360692745,-0.31076714374944436,-0.2546120416287097,0.4983368083048636,0.9291091960610639,0.984736170755845,0.9012445076580459,22.833470235094673,0.5060805158886663,-23.579259780005245,1.0926404126608869,-0.066319866571051,0.8499319706621523,-0.07587504870355762,-0.2050882297366994,-0.4178435545872383,0.39991485932244525,div,-0.07680808360692745,-0.07695966314226474,-6.937382769730638e-08,0.4983368083048636,13128,0.0,71957.1,200000.00000000006,575000.0,0.6043150182153272,0.9291091960610639,1.5362073838084103,13128,0.3058608798379613,0.21800177512229854,-0.0758750487035576,0.25286552363747816,0.13297781991284385
allegheny,3,2020,0.019679896712654306,0.05051795148470823,0.3895624453143435,-0.07595547978243242,-0.02060625063239052,44041,13128,0.1107182529498143,0.1107182529498143,0.7506182960857494,0.7506182960857494,0.11448423298467647,0.11448423298467647,0.765680960281524,520300.1218219687,520300.1218219687,0.30374659431089795,51611.74980278514,51611.74980278514,0.2227585238814179,0.14979077911210537,-0.07836086552560104,-0.3170572894974185,-0.26215065782176056,0.5029123868410138,0.9349648858639175,0.9941042045688244,0.9081425486244964,22.868662570369352,0.5059143093982924,-26.049948049488258,1.0946565669393296,-0.07101719926249583,0.845198789669701,-0.0775206374357327,-0.20953621211988072,-0.42719741725728283,0.40967008935283683,div,-0.07836086552560104,-0.07852184872530096,-7.142616264658097e-08,0.5029123868410138,13128,0.0,71957.1,200000.00000000006,575000.0,0.6105134056979964,0.9349648858639175,1.555207480838477,13128,0.30374659431089795,0.21547329463702677,-0.07752063743573269,0.24938170391425063,0.13174333718616224
allegheny,3,2020,0.028561148455159703,0.07331596974680993,0.3895624453143435,-0.07595547978243242,0.02967100740257289,44041,13128,0.11579174713860396,0.11579174713860396,0.7442903671391963,0.7442903671391963,0.11953624165677212,0.11953624165677212,0.7597352384788014,518813.80127975467,518813.80127975467,0.307576157860814,52244.91331134928,52244.91331134928,0.22341689094782424,0.1544921483002828,-0.07526797276626469,-0.3048117115178109,-0.24788494463687616,0.4946495567962068,0.9251587901060274,0.9796408479787876,0.8984286883456992,22.843716313811584,0.5049487252186875,-22.113450459644145,1.0903935511928349,-0.06082656023637618,0.8542660336036916,-0.07370180417954192,-0.1992140078438513,-0.40517190927535474,0.38782265461945714,div,-0.07526797276626469,-0.07541059561797672,-6.747977175532592e-08,0.4946495567962068,13128,0.0,71957.1,200000.00000000006,575000.0,0.5977158460605931,0.9251587901060274,1.539137015970188,13128,0.307576157860814,0.21981810988725073,-0.07370180417954189,0.25570963286080367,0.130498012586148
allegheny,3,2020,0.04145038020210471,0.10640240274869876,0.3895624453143435,-0.07595547978243242,0.006552593881154034,44041,13128,0.11929725769074084,0.11929725769074084,0.7453865981034,0.7453865981034,0.1230269068769374,0.1230269068769374,0.760765257051977,517784.3416293342,517784.3416293342,0.30691615798318045,52226.02582669241,52226.02582669241,0.2238843623302304,0.15339910114649502,-0.07457247160801678,-0.3018992464185318,-0.25452264372733374,0.5127946905468462,0.9283410096661594,0.985281489480113,0.901868195157031,22.94936186545619,0.5204748365921119,-23.335117646530733,1.092489451087205,-0.06338592808262027,0.8493664840602635,-0.07545777437036998,-0.20396034836106608,-0.41403872029200767,0.39627946796885694,div,-0.07457247160801678,-0.07471116851882863,-6.930871051467605e-08,0.5127946905468462,13128,0.0,71957.1,200000.00000000006,575000.0,0.6008258053027391,0.9283410096661594,1.5388254428898147,13128,0.30691615798318045,0.21893644339032015,-0.07545777437036993,0.2546134018966001,0.12778309056597698
allegheny,3,2020,0.060156335155656014,0.15442026273121634,0.3895624453143435,-0.07595547978243242,0.02650954773771297,44041,13128,0.12811693653314382,0.12811693653314382,0.7455370018383549,0.7455370018383549,0.13180923565054092,0.13180923565054092,0.7609065763957442,515185.1772797944,515185.1772797944,0.30682549473610177,52117.77134851479,52117.77134851479,0.22387750184561878,0.1522834724048197,-0.07366044370713026,-0.3024276008258607,-0.25068700817067463,0.5041845419712984,0.9275009777799179,0.9845612399219345,0.9035515307365621,22.95434941350731,0.5121100905306657,-23.405010483515053,1.0896569884833622,-0.06056150478105008,0.8565441996517587,-0.07394193436519916,-0.19986307332089895,-0.40605263922231355,0.39251236597972866,div,-0.07366044370713026,-0.07379410288281091,-6.731155421172871e-08,0.5041845419712984,13128,0.0,71957.1,200000.00000000006,575000.0,0.601006175589976,0.9275009777799179,1.5412216525954783,13128,0.30682549473610177,0.2190068753959294,-0.07394193436519914,0.2544629981616451,0.1347310496896373
allegheny,3,2020,0.0873040160721099,0.22410788596848202,0.3895624453143435,-0.07595547978243242,0.046694373596741445,44041,13128,0.13464747692646872,0.13464747692646872,0.7435343020438776,0.7435343020438776,0.13831212014648597,0.13831212014648597,0.7590248397433728,513252.14204975497,513252.14204975497,0.3080305325217943,52304.92079931585,52304.92079931585,0.22447436575069887,0.15521229730343197,-0.07236150956276777,-0.29515505939180325,-0.24552980897110627,0.5059797278232429,0.9257402351326478,0.9808653717323403,0.9010008396358999,22.993213134652702,0.5158699802440769,-20.907664230994673,1.0886397976373854,-0.055948684618859566,0.8577189755415955,-0.0724087862327518,-0.19571901487506876,-0.39718512254580934,0.38238620785591015,div,-0.07236150956276777,-0.07248820734058488,-6.636001827265651e-08,0.5059797278232429,13128,0.0,71957.1,200000.00000000006,575000.0,0.5958066519516129,0.9257402351326478,1.5310398179181863,13128,0.3080305325217943,0.22069148399372226,-0.07240878623275178,0.25646569795612234,0.12944266263609852
allegheny,3,2020,0.12670305135106935,0.32524452209152466,0.3895624453143435,-0.07595547978243242,0.005679466342329742,44041,13128,0.15116066221811697,0.15116066221811697,0.7462946301273801,0.7462946301273801,0.15475537447831578,0.15475537447831578,0.7616184439079214,508331.458705126,508331.458705126,0.3063683890597099,51898.68604291763,51898.68604291763,0.22397053920912402,0.15140115415289812,-0.07423897861032014,-0.3023417565744253,-0.2571975860078733,0.5174255611930799,0.9317594797434645,0.9889448472839657,0.9051546749275402,22.976200005862232,0.5232296529838043,-23.277365631240567,1.0925700045278262,-0.06308664905396162,0.8484709578203071,-0.07552409319149263,-0.2041396063629345,-0.41417835569096567,0.3984670707867424,div,-0.07423897861032014,-0.07437581895168068,-6.962186120275607e-08,0.5174255611930799,13128,0.0,71957.1,200000.00000000006,575000.0,0.6010841772147779,0.9317594797434645,1.5520651928949107,13128,0.3063683890597099,0.2178534622515284,-0.07552409319149259,0.2537053698726199,0.12578422803257525
allegheny,3,2020,0.18388229939401626,0.47202265414891065,0.3895624453143435,-0.07595547978243242,0.05013035912900676,44041,13128,0.16220137933493894,0.16220137933493894,0.7392537793150242,0.7392537793150242,0.1657493357493437,0.1657493357493437,0.7550028607466179,505014.7455417535,505014.7455417535,0.31059047607468837,52598.78506075531,52598.78506075531,0.22582068008883516,0.15419470195121057,-0.0707390116287867,-0.28884037146321573,-0.24551613404987496,0.5170127643401331,0.9219507584503646,0.9779119667120312,0.8981357440248663,23.097683036151057,0.5287106347896007,-21.233873956514355,1.0888242375586337,-0.05322096399447165,0.8569855631055295,-0.07214780430312309,-0.19501358769109503,-0.3935012162948401,0.3783699234551541,div,-0.0707390116287867,-0.07085736001678969,-6.628664134475976e-08,0.5170127643401331,13128,0.0,71957.1,200000.00000000006,575000.0,0.5930785419393617,0.9219507584503646,1.5281643189946892,13128,0.31059047607468837,0.2225184269773413,-0.07214780430312306,0.2607462206849758,0.12599437928682491
allegheny,3,2020,0.26686571215039057,0.6850396267921894,0.3895624453143435,-0.07595547978243242,-0.018698470719840987,44041,13128,0.1795475496190302,0.1795475496190302,0.7478833577157012,0.7478833577157012,0.18302204750222373,0.18302204750222373,0.7631112122907923,499759.37135869276,499759.37135869276,0.3054076283469743,51624.03532945425,51624.03532945425,0.22456473505516403,0.15061685638059097,-0.07816036964346847,-0.3161795546236702,-0.26399070794339036,0.5078482737044273,0.9321315037532654,0.9929823309490341,0.9063990973262568,23.02874744381553,0.5114568519098982,-24.59062605482863,1.0955244040712144,-0.07002239071471934,0.8409337727140884,-0.07737573109715574,-0.2091445341577026,-0.42452294486550757,0.40656080010458906,div,-0.07816036964346847,-0.07832011729307806,-7.194263604243022e-08,0.5078482737044273,13128,0.0,71957.1,200000.00000000006,575000.0,0.6094422560837977,0.9321315037532654,1.5697329721985016,13128,0.3054076283469743,0.2171156117316289,-0.0773757310971557,0.2521166422842988,0.12323677748953567
allegheny,3,2020,0.38729833462074176,0.9941880673539392,0.3895624453143435,-0.07595547978243242,0.06576322270124368,44041,13128,0.18307002064357003,0.18307002064357003,0.7374013338712719,0.7374013338712719,0.1865296013696356,0.1865296013696356,0.7532623030765968,498685.4020802427,498685.4020802427,0.31169180295515825,52613.44420855008,52613.44420855008,0.22709067815722098,0.15869600694180247,-0.07017674312920373,-0.2877593789247856,-0.24253284842523623,0.5126491045553233,0.919489812999815,0.9758807877462573,0.8974066363017374,23.18435201196513,0.5253394032704228,-23.403664650500936,1.0874454770781685,-0.050787627078183,0.8601742466332888,-0.07096040265012056,-0.19180407274301037,-0.3863023907272247,0.37405308974931073,div,-0.07017674312920373,-0.07029228629951301,-6.520474091679687e-08,0.5126491045553233,13128,0.0,71957.1,200000.00000000006,575000.0,0.5909474429739339,0.919489812999815,1.5278337578526804,13128,0.31169180295515825,0.22420167154317353,-0.0709604026501205,0.262598666128728,0.12998929129994002
allegheny,3,2020,0.5620804515923291,1.4428507120053073,0.3895624453143435,-0.07595547978243242,0.07097302392543015,44041,13128,0.19888369898883618,0.19888369898883618,0.7369264455754572,0.7369264455754572,0.2022763110661877,0.2022763110661877,0.7528160980515195,493835.1773986334,493835.1773986334,0.31197351026876874,52646.70112422214,52646.70112422214,0.22755746188808268,0.15743048646721908,-0.07181926550513754,-0.2916703685029816,-0.24132453630751194,0.5032552257821702,0.9211422455723195,0.9785026042056475,0.8996633569971456,23.294609877166568,0.514331174961343,-22.480755410339498,1.0876319420984844,-0.05050139602625438,0.8582371332171872,-0.07056468969856636,-0.1907344712059463,-0.38293960433294616,0.368416364451577,div,-0.07181926550513754,-0.071943130491869,-6.550810163191157e-08,0.5032552257821702,13128,0.0,71957.1,200000.00000000006,575000.0,0.5901320677743999,0.9211422455723195,1.5427164978006525,13128,0.31197351026876874,0.2244907645582256,-0.07056468969856632,0.2630735544245429,0.12349334447406389
allegheny,3,2020,0.8157392010776716,2.093988296072636,0.3895624453143435,-0.07595547978243242,0.09585832160636631,44041,13128,0.19542168703130913,0.19542168703130913,0.7352246455332492,0.7352246455332492,0.19882896023035335,0.19882896023035335,0.751217086795184,494901.0776907277,494901.0776907277,0.3129809484485651,52435.279038893204,52435.279038893204,0.2281640557251437,0.15622784651548743,-0.07144341531899104,-0.2847460607555321,-0.2383363132656773,0.5091099860589615,0.9263987855447215,0.9834804359139196,0.9041413779522797,23.4037518017395,0.5176812459189948,-20.04174081180469,1.0877507211773991,-0.04500235615666226,0.8553925257044257,-0.06867451497368218,-0.1856253794182876,-0.37012652224330533,0.35212552502846306,div,-0.07144341531899104,-0.07156534184917286,-6.592339800741842e-08,0.5091099860589615,13128,0.0,71957.1,200000.00000000006,575000.0,0.587984089638888,0.9263987855447215,1.5409162408242087,13128,0.3129809484485651,0.22407765122108522,-0.06867451497368215,0.2647753544667508,0.11067939626614962
allegheny,3,2020,1.1838704624751253,3.038974820891278,0.3895624453143435,-0.07595547978243242,0.12590080519920432,44041,13128,0.19573275079833596,0.19573275079833596,0.730359533240954,0.730359533240954,0.1991387066871575,0.1991387066871575,0.7466458274663714,494805.39982230385,494805.39982230385,0.3158432925362869,53132.74145158323,53132.74145158323,0.230009197130212,0.16077067647780524,-0.06969637888590978,-0.27751781098964035,-0.22911049521598004,0.5021497445034835,0.9204146272802676,0.9757819258021433,0.8994411310392987,23.601934279329985,0.5146322733186256,-21.686149741087398,1.0848758102430043,-0.03882567013896296,0.8627292798690482,-0.06639262371853233,-0.17945748831354827,-0.356643333714385,0.3414571342850049,div,-0.06969637888590978,-0.06980956097804134,-6.343211939555543e-08,0.5021497445034835,13128,0.0,71957.1,200000.00000000006,575000.0,0.5824467365136001,0.9204146272802676,1.5355983919955642,13128,0.3158432925362869,0.228416412150774,-0.06639262371853229,0.269640466759046,0.11853312419020773
allegheny,3,2020,1.7181340188990342,4.410420048351035,0.3895624453143435,-0.07595547978243242,0.20918901364998121,44041,13128,0.20499309986446967,0.20499309986446967,0.7223646072376733,0.7223646072376733,0.2083598395096039,0.2083598395096039,0.7391337952911756,491948.55297005613,491948.55297005613,0.32049151616837795,53585.648157910524,53585.648157910524,0.2317919765009932,0.1651943020833905,-0.06401310958983823,-0.25381297455550966,-0.20987572600645468,0.5029531307500656,0.9183042811314525,0.9693359040380954,0.8991080081403541,23.81166913173295,0.5188833772586054,-19.653922070472483,1.0781084088473367,-0.02255440777347412,0.878546899027824,-0.06006642788543433,-0.16235794997325959,-0.31964075767871986,0.31304887927421027,div,-0.06401310958983823,-0.0641007602306546,-5.8352867445548496e-08,0.5029531307500656,13128,0.0,71957.1,200000.00000000006,575000.0,0.573041002125777,0.9183042811314525,1.5106894059602287,13128,0.32049151616837795,0.23278441379584278,-0.060066427885434294,0.2776353927623268,0.1237773908432882
allegheny,3,2020,2.4935029637671793,6.400778601117817,0.3895624453143435,-0.07595547978243242,0.24861908007789313,44041,13128,0.1910429507726663,0.1910429507726663,0.7107362895106517,0.7107362895106517,0.19446876728869933,0.19446876728869933,0.7282078283875493,496245.94421629724,496245.94421629724,0.3271343130758338,54422.85689741632,54422.85689741632,0.23505816295188742,0.16948663576439804,-0.06060269799210787,-0.24070962477033192,-0.20107651925110648,0.5080974626049225,0.9073623175829206,0.9578088067615927,0.8906423866710309,24.105301132859594,0.5304992100658342,-17.959430337881162,1.0754134556088342,-0.012684912779061428,0.8856022682939084,-0.057071498272049104,-0.15426273523415665,-0.3007567886538122,0.3007240008310237,div,-0.06060269799210787,-0.060677053492137846,-5.5809065019455e-08,0.5080974626049225,13128,0.0,71957.1,200000.00000000006,575000.0,0.5626865238293773,0.9073623175829206,1.5015291841316143,13128,0.3271343130758338,0.23887185063070082,-0.05707149827204906,0.28926371048934835,0.12848917357168893
allegheny,3,2020,3.618784659359615,9.289357079683505,0.3895624453143435,-0.07595547978243242,0.2962043324640349,44041,13128,0.19231338561100308,0.19231338561100308,0.6999152854183446,0.6999152854183446,0.19573382201859169,0.19573382201859169,0.7180404133450611,495856.12385778985,495856.12385778985,0.333196983036577,55179.75508794329,55179.75508794329,0.23844230185909862,0.17431363866768101,-0.05652924088870172,-0.22132452962363644,-0.19122600665683298,0.5255288096320444,0.907872622467283,0.9561596001055772,0.8913584223962551,24.547432372951917,0.5496455050890184,-17.909972093403866,1.072699349757773,-7.09522580627874e-05,0.8907152035474326,-0.05345713759649158,-0.1444932148813443,-0.27701518264616176,0.2823729222564607,div,-0.05652924088870172,-0.05658957070424187,-5.384376799062187e-08,0.5255288096320444,13128,0.0,71957.1,200000.00000000006,575000.0,0.5504733415369474,0.907872622467283,1.4923672826618504,13128,0.333196983036577,0.2436265260541809,-0.053457137596491525,0.3000847145816554,0.12488442744723116
allegheny,3,2020,5.2518896512686215,13.481509099345542,0.3895624453143435,-0.07595547978243242,0.4134846938776746,44041,13128,0.2000939621325556,0.2000939621325556,0.67070561139093,0.67070561139093,0.20348144891991748,0.20348144891991748,0.6905950047157781,493462.0128452935,493462.0128452935,0.3490368562094344,57123.173960344575,57123.173960344575,0.246149853714315,0.18618567702737576,-0.050691887501102116,-0.19731829292756203,-0.1626667603614151,0.5014303202130215,0.8942061319706809,0.9373988042024006,0.8819538192806062,25.36496393658345,0.5349371225975105,-13.53217936209229,1.0628660863071264,0.022487468226022874,0.913352286472527,-0.044549051476261495,-0.12041489606697511,-0.22447585919867596,0.25585851075409183,div,-0.050691887501102116,-0.05073537500110613,-4.606963962544052e-08,0.5014303202130215,13128,0.0,71957.1,200000.00000000006,575000.0,0.5263164991363143,0.8942061319706809,1.4665128678016768,13128,0.3490368562094344,0.2583068679620027,-0.044549051476261446,0.3292943886090699,0.13052751952529637
allegheny,3,2020,7.621991222319222,19.56551847847892,0.3895624453143435,-0.07595547978243242,0.4763456911895071,44041,13128,0.2038095963829002,0.2038095963829002,0.6532367005742545,0.6532367005742545,0.20718134799471155,0.20718134799471155,0.6741812167624381,492314.59149230935,492314.59149230935,0.35817534387597705,58049.83322089959,58049.83322089959,0.250175588359282,0.19210506810700761,-0.04553143329300119,-0.17901157026827932,-0.14881316174532017,0.5056376043802818,0.8887866425290694,0.9281981086205661,0.8779795893540601,25.805271224723903,0.5447725639251066,-11.692073447366486,1.0571978208553257,0.03587377210827141,0.9267526023893975,-0.03977441426583907,-0.1075091792357898,-0.19724028670609503,0.24814145158656675,div,-0.04553143329300119,-0.0455629363993731,-4.172693145095858e-08,0.5056376043802818,13128,0.0,71957.1,200000.00000000006,575000.0,0.5137567340374318,0.8887866425290694,1.4479831069022742,13128,0.35817534387597705,0.26593502086625254,-0.03977441426583901,0.34676329942574546,0.13329170406672763
allegheny,3,2020,11.061685231539125,28.39515298404417,0.3895624453143435,-0.07595547978243242,0.46797013757510375,44041,13128,0.19639820975285605,0.19639820975285605,0.654426008716134,0.654426008716134,0.19980134751891154,0.19980134751891154,0.6752986906482945,494600.6539349926,494600.6539349926,0.35756059206681673,58012.121111359156,58012.121111359156,0.24979094934299303,0.19344326774526285,-0.046062520604672766,-0.1797796476871406,-0.15115739759429458,0.5114085735155652,0.8913726292902009,0.9297167325499838,0.8783326129112606,25.778225539582245,0.5500901882286066,-12.011314763292319,1.0585018919750786,0.03495435507866912,0.9247157469710872,-0.040410583459064564,-0.10922872757059732,-0.2004207562233356,0.2501421161760662,div,-0.046062520604672766,-0.0460951399477418,-4.269543724406305e-08,0.5114085735155652,13128,0.0,71957.1,200000.00000000006,575000.0,0.5123507406098137,0.8913726292902009,1.4423152292122814,13128,0.35756059206681673,0.264956671966937,-0.04041058345906451,0.34557399128386607,0.1369900246294006
allegheny,3,2020,16.05366322167172,41.209473384216466,0.3895624453143435,-0.07595547978243242,0.5160645983724583,44041,13128,0.19423666950819107,0.19423666950819107,0.6429141336882516,0.6429141336882516,0.1976489610856601,0.1976489610856601,0.6644821333004467,495265.39938288264,495265.39938288264,0.3634673910671006,58604.715602362325,58604.715602362325,0.2525529115824212,0.19602941638755772,-0.04318737549804944,-0.1683772967690032,-0.1408767944650223,0.5089030473582045,0.8888113066295771,0.925924478496728,0.877983700189411,26.113703355304796,0.5496370844891617,-11.195085252242112,1.0546032668909167,0.04398707446942749,0.9336715850001065,-0.036757545614324115,-0.09935466386269674,-0.1800119773374924,0.2433619413549211,div,-0.04318737549804944,-0.043214255888568275,-3.98343399875839e-08,0.5089030473582045,13128,0.0,71957.1,200000.00000000006,575000.0,0.5057812997383597,0.8888113066295771,1.4345081324440008,13128,0.3634673910671006,0.2698068557896386,-0.03675754561432405,0.35708586631174843,0.1374433893673577
allegheny,3,2020,23.298448422672752,59.80671058749748,0.3895624453143435,-0.07595547978243242,0.5434714777239085,44041,13128,0.20380965374682014,0.20380965374682014,0.6375114743728738,0.6375114743728738,0.2071814051157036,0.2071814051157036,0.6594057948087477,492314.5737571701,492314.5737571701,0.366206674168789,58539.1791985043,58539.1791985043,0.2532346055875274,0.1957206249484893,-0.04113497817957667,-0.1619349438135482,-0.13446280719587295,0.5050573807468796,0.8879268589319199,0.92367380395646,0.878356380526281,26.23052569299229,0.546812755289634,-11.529954744071771,1.0515934356884007,0.04805099956351035,0.9409827505127418,-0.03467584294384548,-0.09372787715453079,-0.16890228780007405,0.24747850952931938,div,-0.04113497817957667,-0.0411582030760494,-3.7654575416092814e-08,0.5050573807468796,13128,0.0,71957.1,200000.00000000006,575000.0,0.5031648236256973,0.8879268589319199,1.4388105532112128,13128,0.366206674168789,0.2718571415787869,-0.03467584294384542,0.36248852562712625,0.14196851831878876
allegheny,3,2020,33.81270003043063,86.79661101096818,0.3895624453143435,-0.07595547978243242,0.5471551177727736,44041,13128,0.19972704327053392,0.19972704327053392,0.632448429501894,0.632448429501894,0.2031160839063959,0.2031160839063959,0.6546485580363681,493575.17598769284,493575.17598769284,0.36875529457489614,59120.69748266411,59120.69748266411,0.25615001132830517,0.2010575710483034,-0.04033260628009531,-0.16025549630833238,-0.13483100403345524,0.5117477693146337,0.884338523046595,0.9220765514321163,0.8770544811726897,26.548355037086708,0.5550160237037333,-9.958824423904153,1.051333265180093,0.050997728480657034,0.942450134955725,-0.03439605029658815,-0.09297160510331218,-0.16673057881299308,0.24980715617291266,div,-0.04033260628009531,-0.04035449759140388,-3.740916432692031e-08,0.5117477693146337,13128,0.0,71957.1,200000.00000000006,575000.0,0.5021052474971088,0.884338523046595,1.4337932876773916,13128,0.36875529457489614,0.27487492865286556,-0.034396050296588085,0.3675515704981061,0.14529541515435238
allegheny,3,2020,49.071880779635485,125.96666175056656,0.3895624453143435,-0.07595547978243242,0.5424167075317259,44041,13128,0.19519452042145902,0.19519452042145902,0.6331675605570721,0.6331675605570721,0.1986027556383564,0.1986027556383564,0.6553242535490551,494970.9385506035,494970.9385506035,0.36839437485203835,58902.08857349498,58902.08857349498,0.2556505263796259,0.2016081635062311,-0.04071019949705258,-0.1613178906695365,-0.13588277450119457,0.5123432211350466,0.8860518815846146,0.9232991038933946,0.8778026611845229,26.511174621625184,0.5549260618429734,-11.128154829175731,1.0518299211436406,0.04986886970350863,0.9413636158201684,-0.034755958519852914,-0.09394442741628937,-0.1683797695959093,0.25179828156866435,div,-0.04071019949705258,-0.04073271183465523,-3.780332383160854e-08,0.5123432211350466,13128,0.0,71957.1,200000.00000000006,575000.0,0.5031177551666954,0.8860518815846146,1.4382792623738063,13128,0.36839437485203835,0.2741865282107357,-0.03475595851985285,0.3668324394429278,0.14503312261353352
allegheny,3,2020,71.21730832153513,182.81358785513544,0.3895624453143435,-0.07595547978243242,0.5301931403480966,44041,13128,0.20672164378643632,0.20672164378643632,0.6326050240451666,0.6326050240451666,0.21008106329718002,0.21008106329718002,0.6547956942634003,491413.4523280685,491413.4523280685,0.36867673251256355,59324.32372383227,59324.32372383227,0.25684601283255887,0.20190455147505454,-0.04173245799892892,-0.16517981578077212,-0.13778469185294273,0.507368049717473,0.8823954187202399,0.9222857258209262,0.8760997316633478,26.62235335330593,0.5501411986612441,-11.36325817555142,1.0527177357649573,0.048259110575272116,0.9390653926309769,-0.03568440542993827,-0.09645399461192776,-0.17295236820924903,0.2518666077738742,div,-0.04173245799892892,-0.041756710402573984,-3.837627712557973e-08,0.507368049717473,13128,0.0,71957.1,200000.00000000006,575000.0,0.5034046345266928,0.8823954187202399,1.4339489273331447,13128,0.36867673251256355,0.2755738245138124,-0.035684405429938205,0.3673949759548333,0.14548783606477605
allegheny,3,2020,103.35664588322452,265.31470660582943,0.3895624453143435,-0.07595547978243242,0.5383043433334277,44041,13128,0.20039721931132792,0.20039721931132792,0.6338653012799509,0.6338653012799509,0.20378342184824327,0.20378342184824327,0.6559798507063095,493368.46430537774,493368.46430537774,0.36804385227700837,59155.0145491249,59155.0145491249,0.25724293612663574,0.20108754385402478,-0.04064659170067383,-0.16131036260487616,-0.13797792158283956,0.5202672091426934,0.8857325853141973,0.9260032224514279,0.8798753094760245,26.670701116992014,0.5618630830154763,-11.071784557559702,1.052425511295314,0.05094822929775154,0.940573428720774,-0.035068315115574754,-0.09478871895030153,-0.16957419815715596,0.25409210152154893,div,-0.04064659170067383,-0.0406689986099515,-3.8328017050559224e-08,0.5202672091426934,13128,0.0,71957.1,200000.00000000006,575000.0,0.5045927441338522,0.8857325853141973,1.4463826366355674,13128,0.36804385227700837,0.2746906468710785,-0.03506831511557469,0.366134698720049,0.1477174614997551
allegheny,3,2020,150.0,385.04738278599433,0.3895624453143435,-0.07595547978243242,0.547458080543543,44041,13128,0.19111480689808502,0.19111480689808502,0.6281055486323792,0.6281055486323792,0.19454031911378278,0.19454031911378278,0.6505679873329682,496223.9040457354,496223.9040457354,0.37092744889265117,59307.16056864618,59307.16056864618,0.257713359560091,0.19999883947072739,-0.04005796885266972,-0.15706020214679364,-0.13577575782425275,0.5258177065772905,0.88745013255194,0.9245687780348804,0.878623874147257,26.80393203406095,0.5687383640753482,-11.477754384312231,1.0522918910349608,0.05296689315615571,0.939999673816844,-0.03437303861397814,-0.09290940513994626,-0.16512626448982196,0.25022177967838066,div,-0.04005796885266972,-0.040079415723152524,-3.8175953473770136e-08,0.5258177065772905,13128,0.0,71957.1,200000.00000000006,575000.0,0.4975773457794288,0.88745013255194,1.4494410809190408,13128,0.37092744889265117,0.27634769909232376,-0.03437303861397808,0.37189445136762084,0.14340764563702918
allegheny,4,2021,0.001,0.0025689185666240818,0.3892688592749516,-0.1002172823628516,0.00020302457642018545,57169,16220,0.7751458819990006,0.7751458819990006,0.7382956314999632,0.7382956314999632,0.7835808108972612,0.7835808108972612,0.7550116952834436,97065.80759143758,97065.80759143758,0.3265321425069033,55608.58685158107,55608.58685158107,0.2487341536470822,0.17268484996695732,-0.2784094139686306,-0.44987398538983525,-0.30700378840471204,0.4355853916946564,0.8933779610191817,0.9769796445426682,0.8835279150131813,25.097198450051515,0.44586273845652336,-37.907946675710804,1.1057711114063586,-0.12693913675079455,0.8301505488039573,-0.10019693579154973,-0.2459311477009693,-0.4962737952376769,0.49089310000292546,div,-0.2784094139686306,-0.2859570080774036,-5.92435907328126e-07,0.4355853916946564,16220,0.0,69999.99999999994,215000.00000000006,625109.9999999986,0.5969407846900274,0.8933779610191817,1.6786698615742557,16220,0.3265321425069033,0.24165053635932301,-0.1001969357915499,0.26170436850003675,0.13313502451481304
allegheny,4,2021,0.001451285485497223,0.0037282342291658607,0.3892688592749516,-0.1002172823628516,-0.00014901741577943994,57169,16220,0.775036490109327,0.775036490109327,0.7374962929875851,0.7374962929875851,0.7834755226140486,0.7834755226140486,0.7542634135938235,97089.41605607068,97089.41605607068,0.327030435137866,55639.64371757403,55639.64371757403,0.24899736965554353,0.17344488982441492,-0.27777742680832923,-0.44995922965730833,-0.30715585347704705,0.4357185837537595,0.8936835295722756,0.9770193782871497,0.8837512729046174,25.10309348924824,0.44598093505684966,-36.99362544764332,1.1055366008990164,-0.12675018361815601,0.8308785591155448,-0.10023221648328558,-0.24601774337319957,-0.4956851830711588,0.4912495635191838,div,-0.27777742680832923,-0.2852720489191265,-5.912718246658139e-07,0.4357185837537595,16220,0.0,69999.99999999994,215000.00000000006,625109.9999999986,0.5953263715541626,0.8936835295722756,1.6818217194100724,16220,0.327030435137866,0.24189061771623896,-0.10023221648328576,0.2625037070124149,0.13390184191905874
allegheny,4,2021,0.00210622956041491,0.00541073222332234,0.3892688592749516,-0.1002172823628516,-0.0020765385161984895,57169,16220,0.7752813433701722,0.7752813433701722,0.7366643693780508,0.7366643693780508,0.7837111907202519,0.7837111907202519,0.7534846281424319,97036.56496864639,97036.56496864639,0.32754823568295427,55711.53310047376,55711.53310047376,0.24961271654171674,0.17409703348574135,-0.27806206816690465,-0.45049858959022343,-0.30829169600384987,0.4368062493250639,0.8924719246954924,0.9775750567721119,0.8839783188754416,25.239185509159174,0.4468400783883555,-38.18512868425507,1.1058812596396481,-0.1271459321539354,0.8303623094638753,-0.10042538740966664,-0.24649187711044465,-0.49567163759998845,0.49141177011846654,div,-0.27806206816690465,-0.2855805160958247,-5.933551858049946e-07,0.4368062493250639,16220,0.0,69999.99999999994,215000.00000000006,625109.9999999986,0.5965118194014013,0.8924719246954924,1.6767942071938582,16220,0.32754823568295427,0.24239404457654964,-0.1004253874096668,0.26333563062194915,0.13398674702829902
allegheny,4,2021,0.003056740390155355,0.007852517141619832,0.3892688592749516,-0.1002172823628516,-0.0009760769951190351,57169,16220,0.7755437092846318,0.7755437092846318,0.7368602896219082,0.7368602896219082,0.7839637145297349,0.7839637145297349,0.7536680342073645,96979.9018439795,96979.9018439795,0.3274263659787846,55654.11887510814,55654.11887510814,0.24933239751323968,0.17347248856603373,-0.27621434968693576,-0.44779483089803745,-0.308185228669592,0.43929189945879166,0.8936527638934131,0.977248104765782,0.8837442419341937,25.157788021133253,0.4495331734248915,-37.50367909790588,1.105804211665292,-0.1264876476962932,0.8305380739214765,-0.10031510214667916,-0.24622118438828955,-0.4954622976673753,0.49097528068611584,div,-0.27621434968693576,-0.2835790749989569,-5.92766405653709e-07,0.43929189945879166,16220,0.0,69999.99999999994,215000.00000000006,625109.9999999986,0.5967758276688533,0.8936527638934131,1.6776542090566735,16220,0.3274263659787846,0.24206546845868598,-0.10031510214667934,0.2631397103780918,0.13385106565627508
allegheny,4,2021,0.004436202961165585,0.011396244152251002,0.3892688592749516,-0.1002172823628516,0.004114471269236142,57169,16220,0.7752990895783963,0.7752990895783963,0.7378269518109795,0.7378269518109795,0.7837282712168319,0.7837282712168319,0.7545729519673985,97032.73336625077,97032.73336625077,0.32682440076524094,55608.513601173414,55608.513601173414,0.24877926517956045,0.17358913037255996,-0.27674445277047804,-0.4489980371911188,-0.3057370426199462,0.4346343732452104,0.8937108223541609,0.9764102074011457,0.8837201577115509,25.064166803126795,0.4451487383790482,-37.60012091475153,1.1048862005474918,-0.12584410558911124,0.8321787013889038,-0.09980494123388853,-0.24496900578817957,-0.4940961380463837,0.4899721803798055,div,-0.27674445277047804,-0.2841530535110788,-5.876072488398153e-07,0.4346343732452104,16220,0.0,69999.99999999994,215000.00000000006,625109.9999999986,0.5955614849372987,0.8937108223541609,1.6823836802494585,16220,0.32682440076524094,0.24188710071314506,-0.09980494123388872,0.2621730481890205,0.13425967053019436
allegheny,4,2021,0.006438196968259414,0.016539203727344482,0.3892688592749516,-0.1002172823628516,0.003217950048984841,57169,16220,0.7742198013936178,0.7742198013936178,0.7365959694068186,0.7365959694068186,0.7826894702563048,0.7826894702563048,0.753420597140233,97265.48904957112,97265.48904957112,0.32759077234080486,55649.94195280198,55649.94195280198,0.24919419944086676,0.17322223931199493,-0.27385937904153373,-0.444369043140177,-0.3064844902103499,0.44023559803344675,0.8936948587345045,0.9770054556948613,0.8840996407408427,25.15349501241789,0.4506107584755462,-36.55928343969448,1.1050852309770955,-0.12480231698777546,0.8318838021921717,-0.09989478815416275,-0.24518953305326885,-0.49321116224334355,0.4896578787173153,div,-0.27385937904153373,-0.2810313818363074,-5.889750896581984e-07,0.44023559803344675,16220,0.0,69999.99999999994,215000.00000000006,625109.9999999986,0.5961801737687347,0.8936948587345045,1.6766115025158406,16220,0.32759077234080486,0.24216753944684644,-0.09989478815416293,0.2634040305931814,0.1338644753070185
allegheny,4,2021,0.009343661812807113,0.02400310631117662,0.3892688592749516,-0.1002172823628516,0.013698427585407291,57169,16220,0.7780541052982695,0.7780541052982695,0.7376758306701421,0.7376758306701421,0.7863799383215347,0.7863799383215347,0.7544314835146065,96436.04869314241,96436.04869314241,0.3269185808523291,55530.55364079213,55530.55364079213,0.24884973118892045,0.17242563405535272,-0.2733125530759484,-0.44476555988237176,-0.30370821476917653,0.43585882147667926,0.8944735449031611,0.97696376220479,0.8851652716507499,25.10274974906812,0.44614987249844923,-36.43307413570572,1.1037077407960714,-0.12303664216902442,0.834480739884664,-0.0988444631775976,-0.24261153378707326,-0.4889975597357135,0.48559199572117184,div,-0.2733125530759484,-0.2804403149174303,-5.819552224078944e-07,0.43585882147667926,16220,0.0,69999.99999999994,215000.00000000006,625109.9999999986,0.5958517407441609,0.8944735449031611,1.6707667665580137,16220,0.3269185808523291,0.24192263608827513,-0.09884446317759776,0.26232416932985786,0.13380181304628885
allegheny,4,2021,0.013560320770321632,0.03483535979625741,0.3892688592749516,-0.1002172823628516,0.014014149023061528,57169,16220,0.779071289875704,0.779071289875704,0.7376417155080122,0.7376417155080122,0.7873589653608137,0.7873589653608137,0.7543995474189913,96214.81028966935,96214.81028966935,0.32693983798207465,55387.38605921265,55387.38605921265,0.248638959896409,0.1731326477783469,-0.27217124349543403,-0.44460356311385063,-0.30348952958829384,0.435703677379218,0.8936065971449636,0.9766563485826626,0.8852737331230415,25.067125225987176,0.4461314460254264,-36.75125604819037,1.1032252647294123,-0.12285081671068931,0.835660330970624,-0.09881282243313219,-0.24253387228436343,-0.4889317667636532,0.48717325978567644,div,-0.27217124349543403,-0.27920728214148516,-5.793187881745464e-07,0.435703677379218,16220,0.0,69999.99999999994,215000.00000000006,625109.9999999986,0.5975034966959807,0.8936065971449636,1.6733262804843665,16220,0.32693983798207465,0.24168791661490213,-0.09881282243313236,0.2623582844919879,0.1349745816962082
allegheny,4,2021,0.019679896712654306,0.05055605205438188,0.3892688592749516,-0.1002172823628516,0.02317475600418073,57169,16220,0.7788352287022134,0.7788352287022134,0.7382120572290736,0.7382120572290736,0.7871317595253163,0.7871317595253163,0.7549334592224236,96266.19907744155,96266.19907744155,0.32658427672904594,55344.99656565153,55344.99656565153,0.24850095702283428,0.1718414443547034,-0.26698401634041113,-0.4369996959232058,-0.3016255286685292,0.4405623836068789,0.8940508840785909,0.9768635470223416,0.8862229419318896,25.095802552206663,0.45101075417933245,-35.85648883674425,1.1022774302060645,-0.11975992043025886,0.8375390279514154,-0.09789477129669025,-0.24028053621325787,-0.4848815167106284,0.4826931223081641,div,-0.26698401634041113,-0.2736135287113466,-5.746148240155224e-07,0.4405623836068789,16220,0.0,69999.99999999994,215000.00000000006,625109.9999999986,0.5974031663875815,0.8940508840785909,1.6725234371423532,16220,0.32658427672904594,0.2414247869648076,-0.09789477129669043,0.2617879427709264,0.13481114470949346
allegheny,4,2021,0.028561148455159703,0.07337126455056647,0.3892688592749516,-0.1002172823628516,0.02610633868370027,57169,16220,0.7789396081237148,0.7789396081237148,0.7370100349073985,0.7370100349073985,0.7872322233725483,0.7872322233725483,0.7538082146859779,96243.47982617484,96243.47982617484,0.3273331882291449,55429.56268553671,55429.56268553671,0.24951516685696637,0.17436812033031063,-0.2656923169637898,-0.4366408572745891,-0.30171765479391593,0.4410591175194853,0.8936733748663881,0.9778780710350705,0.8875742928123092,25.22060527663117,0.4510508286904098,-36.166683402343736,1.1017422191630075,-0.11857686553434482,0.839201821231977,-0.0976009760475268,-0.2395594223164599,-0.4819806129403122,0.4804561467667371,div,-0.2656923169637898,-0.27222320505720693,-5.724795148887965e-07,0.4410591175194853,16220,0.0,69999.99999999994,215000.00000000006,625109.9999999986,0.5993999297720668,0.8936733748663881,1.6834680967489275,16220,0.3273331882291449,0.2421110648187431,-0.09760097604752697,0.2629899650926014,0.13668072691258673
allegheny,4,2021,0.04145038020210471,0.10648265129481405,0.3892688592749516,-0.1002172823628516,0.03663993272105093,57169,16220,0.7805735335036458,0.7805735335036458,0.7372447909539717,0.7372447909539717,0.788804855481414,0.788804855481414,0.7540279759616553,95887.13755862825,95887.13755862825,0.3271870598374305,55413.06604802875,55413.06604802875,0.2486570133810753,0.17237514931712333,-0.26282899227681206,-0.43375498159631093,-0.2976839162994706,0.4380577284525783,0.8939477184964,0.9761725906500058,0.8874498931324887,25.104266527245656,0.4487641190728599,-35.69297080885282,1.0999748810655066,-0.1161289188752618,0.8424640148994188,-0.09654532787958997,-0.23696835739558014,-0.47753754859937597,0.4775574745932682,div,-0.26282899227681206,-0.26914490884075737,-5.62456276294001e-07,0.4380577284525783,16220,0.0,69999.99999999994,215000.00000000006,625109.9999999986,0.5958533150846222,0.8939477184964,1.6642509448688387,16220,0.3271870598374305,0.2420074739512008,-0.09654532787959015,0.2627552090460284,0.13665350904873444
allegheny,4,2021,0.060156335155656014,0.1545367262814257,0.3892688592749516,-0.1002172823628516,0.05452413659483624,57169,16220,0.7817710860072591,0.7817710860072591,0.7363476044588193,0.7363476044588193,0.7899574843238121,0.7899574843238121,0.7531880962159646,95625.12042877408,95625.12042877408,0.32774517942185594,55387.793723719325,55387.793723719325,0.2487059734099992,0.1726620037396474,-0.25449134140087315,-0.42338800628784856,-0.29343579621540805,0.4423794995073684,0.8908091117437981,0.9743587692767395,0.887603048025725,25.133834812614875,0.4540351572131686,-33.335619544767404,1.0977415765346719,-0.11054932583676613,0.8474496889262544,-0.09475302157013604,-0.23256918147035321,-0.46861847566300696,0.46983103557204164,div,-0.25449134140087315,-0.2602093575637879,-5.499866582890064e-07,0.4423794995073684,16220,0.0,69999.99999999994,215000.00000000006,625109.9999999986,0.594105866705994,0.8908091117437981,1.6630590778651833,16220,0.32774517942185594,0.24233381291073836,-0.09475302157013621,0.26365239554118064,0.1378160821750686
allegheny,4,2021,0.0873040160721099,0.22427690782849036,0.3892688592749516,-0.1002172823628516,0.06932807837395683,57169,16220,0.7757591652723704,0.7757591652723704,0.7348320884666021,0.7348320884666021,0.7841710881396481,0.7841710881396481,0.7517693820545154,96933.34507974947,96933.34507974947,0.3286857954208185,55620.352718911025,55620.352718911025,0.24980906508005585,0.1748019913083536,-0.24748371533701805,-0.413266148532572,-0.2899203699291651,0.4477848018111847,0.8929536242558689,0.9754950963910156,0.890097411490797,25.283891233024715,0.4590475211853132,-33.57867111348202,1.0959419539903936,-0.10484252726149688,0.8506429604325487,-0.0932694107567747,-0.22892769176621103,-0.4595829460079807,0.46225295179498616,div,-0.24748371533701805,-0.252730568282694,-5.413774062000498e-07,0.4477848018111847,16220,0.0,69999.99999999994,215000.00000000006,625109.9999999986,0.5923021556254469,0.8929536242558689,1.6642351006185052,16220,0.3286857954208185,0.24341647786493975,-0.09326941075677486,0.2651679115333979,0.13576659977076364
allegheny,4,2021,0.12670305135106935,0.3254898210636865,0.3892688592749516,-0.1002172823628516,0.0775592516476118,57169,16220,0.7809516466672413,0.7809516466672413,0.7340964791676505,0.7340964791676505,0.78916878452564,0.78916878452564,0.7510807589485398,95804.48613092373,95804.48613092373,0.32914138764022494,55516.31258458049,55516.31258458049,0.24963379117774107,0.1742671934812376,-0.24728077352781183,-0.4124666447956493,-0.28783019678489596,0.44541821432132045,0.8924734640698464,0.9740581089547539,0.8891814171441348,25.237030993967803,0.45729504367938933,-33.1336208798645,1.0954548646363138,-0.1031853636154588,0.8519354156798482,-0.09244450494063125,-0.22690297880960508,-0.45539951992423894,0.45799611832187,div,-0.24728077352781183,-0.2525143972426801,-5.380745779345652e-07,0.44541821432132045,16220,0.0,69999.99999999994,215000.00000000006,625109.9999999986,0.5907816661850359,0.8924734640698464,1.6632703734015237,16220,0.32914138764022494,0.2436069298690934,-0.09244450494063143,0.2659035208323495,0.1364214080818133
allegheny,4,2021,0.18388229939401626,0.4723786529868165,0.3892688592749516,-0.1002172823628516,0.11275618970968249,57169,16220,0.7743918828629017,0.7743918828629017,0.7315578383315291,0.7315578383315291,0.7828550964515157,0.7828550964515157,0.748704270858982,97228.41587224857,97228.41587224857,0.33070884880195545,55797.0018400046,55797.0018400046,0.2502799933566559,0.1747909643944242,-0.23282060585019845,-0.3918820367000799,-0.27814762333198034,0.453044068470594,0.8918405919464294,0.9732652189860385,0.8919836675187669,25.342748442802403,0.4655031597538496,-30.45322634366493,1.0911244840316108,-0.09120263883513868,0.8604491402184314,-0.08891716346055686,-0.21824519769409628,-0.4362701044745421,0.442126977135402,div,-0.23282060585019845,-0.23716966692174407,-5.15283236971624e-07,0.453044068470594,16220,0.0,69999.99999999994,215000.00000000006,625109.9999999986,0.5853483457250979,0.8918405919464294,1.6468565022427406,16220,0.33070884880195545,0.24471235535164482,-0.08891716346055709,0.26844216166847085,0.13545596693666906
allegheny,4,2021,0.26686571215039057,0.6855562827384961,0.3892688592749516,-0.1002172823628516,0.1346118078191617,57169,16220,0.7820503181697862,0.7820503181697862,0.729932099211446,0.729932099211446,0.7902262416795712,0.7902262416795712,0.7471823739444468,95563.92286430023,95563.92286430023,0.33170875645789316,55748.28733256799,55748.28733256799,0.25010717517308767,0.1768757098721304,-0.23086944766476544,-0.38836871568842873,-0.2717110848185072,0.4465638561553701,0.8903974154041617,0.9695842678591314,0.8901367827659251,25.29868893525462,0.4605867044627096,-29.674784331468935,1.0892531200051512,-0.08658018159632762,0.8645492967335168,-0.08672685280926457,-0.21286912897464347,-0.4254805559969647,0.4318147345738964,div,-0.23086944766476544,-0.23510767130502475,-5.036561993352962e-07,0.4465638561553701,16220,0.0,69999.99999999994,215000.00000000006,625109.9999999986,0.5826177321303924,0.8903974154041617,1.6407861971039108,16220,0.33170875645789316,0.24581885503319167,-0.08672685280926476,0.270067900788554,0.13610984785380836
allegheny,4,2021,0.38729833462074176,0.9949378826298099,0.3892688592749516,-0.1002172823628516,0.1650445803025754,57169,16220,0.7909390092123009,0.7909390092123009,0.7265389955843233,0.7265389955843233,0.7987814921891361,0.7987814921891361,0.7440060008861719,93594.93597432824,93594.93597432824,0.3337860284739714,55568.12989734803,55568.12989734803,0.2505222601468032,0.17799701230321327,-0.22594867456901327,-0.3804421712737756,-0.2638060676032274,0.44260526973125386,0.8896328417667603,0.9664828131046855,0.8894179343699716,25.37132194775432,0.457968737956733,-28.69433486491273,1.0866464186932587,-0.07944150257946325,0.8693938807976505,-0.08367696305620985,-0.20538324249114254,-0.4089930104103963,0.4173254595428023,div,-0.22594867456901327,-0.22991603408304842,-4.885517002863646e-07,0.44260526973125386,16220,0.0,69999.99999999994,215000.00000000006,625109.9999999986,0.5770423210594366,0.8896328417667603,1.6254795731815022,16220,0.3337860284739714,0.24759292904386626,-0.08367696305621007,0.27346100441567667,0.13468000981494213
allegheny,4,2021,0.5620804515923291,1.4439389080319827,0.3892688592749516,-0.1002172823628516,0.19907335198899545,57169,16220,0.7887359475939034,0.7887359475939034,0.720197147876926,0.720197147876926,0.7966610737897061,0.7966610737897061,0.7380692313644753,94086.79014017538,94086.79014017538,0.33763426932943874,55923.27413207342,55923.27413207342,0.2523823441758717,0.18052889483857099,-0.2164884372085353,-0.3643593271491575,-0.25568918872097723,0.44792254866181225,0.8879543852895486,0.9631802577732581,0.8884549432216501,25.557445427753343,0.46505973664713557,-26.250448733555537,1.0841070389913579,-0.06902109219199802,0.8748564979871134,-0.08026669203565089,-0.19701280821157294,-0.38903508661904856,0.40074046990933787,div,-0.2164884372085353,-0.2199689188272749,-4.737200664947887e-07,0.44792254866181225,16220,0.0,69999.99999999994,215000.00000000006,625109.9999999986,0.5709409789883059,0.8879543852895486,1.6088230593613035,16220,0.33763426932943874,0.250614650818796,-0.0802666920356511,0.279802852123074,0.13413538681886594
allegheny,4,2021,0.8157392010776716,2.095567579171526,0.3892688592749516,-0.1002172823628516,0.24758808569870905,57169,16220,0.787971075638569,0.787971075638569,0.7143716206022965,0.7143716206022965,0.7959248943956504,0.7959248943956504,0.7326158029052123,94256.95474710857,94256.95474710857,0.34113095472848903,56126.70250608812,56126.70250608812,0.25300844027913294,0.18097500547122633,-0.2018336021342189,-0.34354442660273515,-0.24233154946347094,0.45024355386307297,0.8844408229430416,0.9571946641622421,0.8871667653103088,25.580297541661928,0.4703927535680828,-24.85017597648952,1.0789343126795776,-0.05573853239143558,0.885479644755076,-0.07540467726870594,-0.18507910123413185,-0.36371270402359884,0.38056063185520994,div,-0.2018336021342189,-0.2046432885030483,-4.439408666218119e-07,0.45024355386307297,16220,0.0,69999.99999999994,215000.00000000006,625109.9999999986,0.5616041109711332,0.8844408229430416,1.5967608743112056,16220,0.34113095472848903,0.2532175222779992,-0.07540467726870617,0.2856283793977035,0.1351704299937126
allegheny,4,2021,1.1838704624751253,3.0412668115301877,0.3892688592749516,-0.1002172823628516,0.28257432800213567,57169,16220,0.781361187130053,0.781361187130053,0.7042988410612248,0.7042988410612248,0.7895629619401097,0.7895629619401097,0.7231864105045638,95714.88452169354,95714.88452169354,0.3470938871545441,56820.42848295019,56820.42848295019,0.2556365513885171,0.18494627524719834,-0.1895329230452556,-0.3235846724894342,-0.23307587850424327,0.45975857688113775,0.8828990963761844,0.9536519386142215,0.886502154428038,25.92352484216024,0.48211798403841877,-24.0512231356585,1.0757468933953216,-0.04302910472033984,0.8920582366846316,-0.07189845114496828,-0.17647314729055183,-0.34202555086253583,0.36329466788043646,div,-0.1895329230452556,-0.1918526438618567,-4.25695099721798e-07,0.45975857688113775,16220,0.0,69999.99999999994,215000.00000000006,625109.9999999986,0.5526876528162616,0.8828990963761844,1.5819677354801631,16220,0.3470938871545441,0.2573808536716315,-0.07189845114496853,0.2957011589387753,0.1347753172357734
allegheny,4,2021,1.7181340188990342,4.413746381098179,0.3892688592749516,-0.1002172823628516,0.327149423892535,57169,16220,0.7778397855800497,0.7778397855800497,0.6928590378252648,0.6928590378252648,0.7861736583563814,0.7861736583563814,0.7124773114660875,96482.598686155,96482.598686155,0.35374419524878553,57679.40953459799,57679.40953459799,0.25925626305576177,0.18946696824783776,-0.17713011478491295,-0.30426522099794434,-0.22118462468516123,0.46400544077234923,0.8801697678099033,0.9477660679380068,0.8844308020754217,26.216544075383975,0.4895931186270938,-22.561916222041294,1.0716113298111751,-0.029643704670186594,0.9006202955010613,-0.06743125617376891,-0.1655085167098658,-0.31654053236041385,0.34361397394658233,div,-0.17713011478491295,-0.17901827947590146,-4.0151301517998405e-07,0.46400544077234923,16220,0.0,69999.99999999994,215000.00000000006,625109.9999999986,0.5421873943153623,0.8801697678099033,1.576326559702297,16220,0.35374419524878553,0.2632818750086835,-0.06743125617376919,0.3071409621747352,0.13446701408837008
allegheny,4,2021,2.4935029637671793,6.405606059553682,0.3892688592749516,-0.1002172823628516,0.3689440979899097,57169,16220,0.7770661986677216,0.7770661986677216,0.6840904927950067,0.6840904927950067,0.7854290909285979,0.7854290909285979,0.7042688471056868,96650.43435034817,96650.43435034817,0.3587581698536244,58023.912579201715,58023.912579201715,0.26113274933643776,0.19220042259163286,-0.16527923064965552,-0.28762803588853586,-0.21069378740123768,0.4675638932600445,0.8770408711017215,0.9428506044002257,0.8832995617545589,26.497561125740926,0.49591982540465257,-21.421426717314198,1.0674188522491468,-0.018107056007553527,0.9095385162114098,-0.06324270751848897,-0.15522781730666887,-0.2941848006714241,0.32961366603261877,div,-0.16527923064965552,-0.16680937964056108,-3.775229860351537e-07,0.4675638932600445,16220,0.0,69999.99999999994,215000.00000000006,625109.9999999986,0.533477119175797,0.8770408711017215,1.5496786987875122,16220,0.3587581698536244,0.26710535548382264,-0.06324270751848923,0.31590950720499333,0.13631165361057088
allegheny,4,2021,3.618784659359615,9.296363100043319,0.3892688592749516,-0.1002172823628516,0.3960936922002415,57169,16220,0.7706531540698038,0.7706531540698038,0.6705964845994523,0.6705964845994523,0.7792566181987237,0.7792566181987237,0.6916367530729892,98030.7296992537,98030.7296992537,0.3663401902835951,59043.89916583065,59043.89916583065,0.2650701951324605,0.19552585412284776,-0.1560424790190657,-0.27391486628240674,-0.20325318670037698,0.47363328117347725,0.8734239575875732,0.9371854433085676,0.8802326310516592,26.870445434763802,0.5053939810061393,-20.741848170822557,1.0647020006391537,-0.008502244374214324,0.9160432592244933,-0.06052184896947528,-0.14854953058657375,-0.2772682918580129,0.3194081710998214,div,-0.1560424790190657,-0.15732781618772476,-3.6105154151977176e-07,0.47363328117347725,16220,0.0,69999.99999999994,215000.00000000006,625109.9999999986,0.5236748831150418,0.8734239575875732,1.5430678092723829,16220,0.3663401902835951,0.2734787351548501,-0.06052184896947557,0.3294035154005477,0.13850634089717467
allegheny,4,2021,5.2518896512686215,13.491676835004835,0.3892688592749516,-0.1002172823628516,0.43475150116051653,57169,16220,0.766286604241303,0.766286604241303,0.6568313940523649,0.6568313940523649,0.7750538702950511,0.7750538702950511,0.6787508917603595,98959.53642655657,98959.53642655657,0.3739161531715116,59935.654227266015,59935.654227266015,0.26895371320370226,0.20055683284072875,-0.1440376813054053,-0.2574493205527951,-0.19310052852604168,0.4787537230519726,0.8701963922623079,0.9313315073614832,0.8781918919759533,27.332588846196366,0.5140688123183494,-19.83837936334052,1.0605102550718892,0.003155704881658718,0.9253360461643676,-0.056647668413374194,-0.13904044068241847,-0.25579256212218066,0.3087408280512934,div,-0.1440376813054053,-0.14504637732254458,-3.368778343054682e-07,0.4787537230519726,16220,0.0,69999.99999999994,215000.00000000006,625109.9999999986,0.5102964358479198,0.8701963922623079,1.532985322254014,16220,0.3739161531715116,0.2799034025714584,-0.056647668413374506,0.3431686059476351,0.14237932715346893
allegheny,4,2021,7.621991222319222,19.580274765661628,0.3892688592749516,-0.1002172823628516,0.4661843025645038,57169,16220,0.7675231215372211,0.7675231215372211,0.6476349668794559,0.6476349668794559,0.7762440022475954,0.7762440022475954,0.6701418757341714,98697.40455727457,98697.40455727457,0.37889323764263516,60170.86938197181,60170.86938197181,0.2708954194871822,0.20228032000817703,-0.13753971239570315,-0.248927030069417,-0.18560373235466301,0.4759212532344292,0.870682534257831,0.9291291643230456,0.8786870441695983,27.58999415020029,0.5122387101851918,-19.13774886655271,1.0574062409229188,0.010753422328119462,0.9323423041392334,-0.053497558479615355,-0.13130856599709628,-0.23886795967204288,0.3021292262582356,div,-0.13753971239570315,-0.13841697886188428,-3.197771017307149e-07,0.4759212532344292,16220,0.0,69999.99999999994,215000.00000000006,625109.9999999986,0.5039670781381939,0.870682534257831,1.523379375351924,16220,0.37889323764263516,0.2834150857536595,-0.053497558479615674,0.35236503312054407,0.14514010690911897
allegheny,4,2021,11.061685231539125,28.416568569452263,0.3892688592749516,-0.1002172823628516,0.4845666496100903,57169,16220,0.766287726868254,0.766287726868254,0.6334834999319797,0.6334834999319797,0.7750549508090152,0.7750549508090152,0.6568943173667454,98959.29875345337,98959.29875345337,0.3864267809918102,61039.60353671418,61039.60353671418,0.2749425685522463,0.20648110917511964,-0.13073007127471822,-0.23988119568159258,-0.1813078374455528,0.48243724064869065,0.8638099383529942,0.9236368503925094,0.8750357118078596,28.12059715813421,0.5223396108649763,-18.451569208545916,1.0555418915237618,0.01809261647680047,0.93739661529797,-0.05165532961525587,-0.1267868562725361,-0.22745417518216166,0.29798489976799636,div,-0.13073007127471822,-0.13148254344505095,-3.08106225315944e-07,0.48243724064869065,16220,0.0,69999.99999999994,215000.00000000006,625109.9999999986,0.4954997596226001,0.8638099383529942,1.5134079498733226,16220,0.3864267809918102,0.2897522384522698,-0.0516553296152562,0.3665165000680203,0.1478391089590706
allegheny,4,2021,16.05366322167172,41.24055351248265,0.3892688592749516,-0.1002172823628516,0.5058962723675022,57169,16220,0.7619473652629957,0.7619473652629957,0.626924835361651,0.626924835361651,0.7708774087325189,0.7708774087325189,0.6507545799084113,99873.97740628757,99873.97740628757,0.3898689258226816,61501.34635713834,61501.34635713834,0.276754859539591,0.20831198708677828,-0.12476275130785226,-0.23132006043420622,-0.1752135441528126,0.48347589851858064,0.8632443138817578,0.9219439381071375,0.875461393635896,28.359650148898364,0.5244253830622553,-18.25236328455086,1.0530949106484226,0.024031840725876327,0.9426696063286105,-0.049517732788683204,-0.12154017246201881,-0.21644811787987206,0.29529471043712774,div,-0.12476275130785226,-0.1254162068521653,-2.946754281315995e-07,0.48347589851858064,16220,0.0,69999.99999999994,215000.00000000006,625109.9999999986,0.49080233934315437,0.8632443138817578,1.5010445219210102,16220,0.3898689258226816,0.2928224233558988,-0.049517732788683544,0.37307516463834894,0.15049945965146241
allegheny,4,2021,23.298448422672752,59.851816726537585,0.3892688592749516,-0.1002172823628516,0.5209852902156424,57169,16220,0.7616276519375251,0.7616276519375251,0.6162652541389841,0.6162652541389841,0.7705696887794276,0.7705696887794276,0.640775867104734,99941.0220906205,99941.0220906205,0.3953994075567095,62093.366151483126,62093.366151483126,0.2796279880157393,0.21063937656812926,-0.1200289047942756,-0.2262755157201121,-0.17176355375416935,0.48452245094385327,0.8589468385988175,0.918196239073394,0.8733805715362868,28.729653143227416,0.5277056983817225,-17.49594567005668,1.0513128743616038,0.029248788985851374,0.9470192771174328,-0.04800555242641802,-0.11782855943628287,-0.2077152131887347,0.2926263382137883,div,-0.1200289047942756,-0.12061035561624386,-2.8410828556666096e-07,0.48452245094385327,16220,0.0,69999.99999999994,215000.00000000006,625109.9999999986,0.4852740737491136,0.8589468385988175,1.4994612749307519,16220,0.3953994075567095,0.29735654523025434,-0.04800555242641837,0.38373474586101586,0.1518032627005545
allegheny,4,2021,33.81270003043063,86.8620728958639,0.3892688592749516,-0.1002172823628516,0.532613408530642,57169,16220,0.7589262427582751,0.7589262427582751,0.6110749283156918,0.6110749283156918,0.7679696172788228,0.7679696172788228,0.635917067338941,100505.72893137319,100505.72893137319,0.39806447596813854,62282.58733761884,62282.58733761884,0.2802297071287693,0.21292638728346375,-0.11591660855513536,-0.21977137531082472,-0.16816137416611177,0.4883999080312492,0.8581409646361551,0.9154088566794453,0.8717822574179489,28.82579113515824,0.5335484364695067,-17.211915519590153,1.0500429997172802,0.03208754942913547,0.9500493016601874,-0.04684021400989506,-0.11496826224284623,-0.20188422832156022,0.29166855542060444,div,-0.11591660855513536,-0.11644001211515614,-2.7657020418193436e-07,0.4883999080312492,16220,0.0,69999.99999999994,215000.00000000006,625109.9999999986,0.48096033959253154,0.8581409646361551,1.5037439538631587,16220,0.39806447596813854,0.29947456254676014,-0.04684021400989542,0.38892507168430823,0.15333506431861668
allegheny,4,2021,49.071880779635485,126.06166563396901,0.3892688592749516,-0.1002172823628516,0.5431259085596141,57169,16220,0.758629295488463,0.758629295488463,0.6088788439033792,0.6088788439033792,0.7676838093607365,0.7676838093607365,0.6338612552779099,100567.60982063918,100567.60982063918,0.39918673922211845,62587.34992498972,62587.34992498972,0.28111843359146677,0.21435069361044184,-0.11535824913511818,-0.2193617907917411,-0.1646308642784311,0.4790388400910789,0.8577117591302861,0.9139158282297742,0.8713315290993076,28.893704482233947,0.5241769459452934,-17.892204229852545,1.0488726709734537,0.033607724290189045,0.9522884112412197,-0.045786679826152074,-0.11238238604909571,-0.19707494756535424,0.29006552006391906,div,-0.11535824913511818,-0.11587408509506562,-2.699625573578015e-07,0.4790388400910789,16220,0.0,69999.99999999994,215000.00000000006,625109.9999999986,0.47853111439301343,0.8577117591302861,1.496475561666977,16220,0.39918673922211845,0.30119093428497995,-0.045786679826152435,0.39112115609662085,0.15455301907455674
allegheny,4,2021,71.21730832153513,182.9514656121833,0.3892688592749516,-0.1002172823628516,0.5498109710830077,57169,16220,0.7580900780767263,0.7580900780767263,0.6029125128924493,0.6029125128924493,0.7671648195550991,0.7671648195550991,0.628276016758113,100679.88018542976,100679.88018542976,0.4022198991684335,62901.733264166534,62901.733264166534,0.2827383589310213,0.21537470903430334,-0.11234756702216865,-0.21606002834929494,-0.16345097012731052,0.4828736707984851,0.8553490839904458,0.9122084917182645,0.8704035792516709,29.06533170854193,0.5293620493587661,-17.062059973593545,1.048029343471376,0.03653850343848276,0.9547800408566861,-0.04511672102763182,-0.11073798709686404,-0.19308130167181756,0.28911059832320946,div,-0.11234756702216865,-0.1128238620881041,-2.6502164671125565e-07,0.4828736707984851,16220,0.0,69999.99999999994,215000.00000000006,625109.9999999986,0.4778626139130314,0.8553490839904458,1.496146593553724,16220,0.4022198991684335,0.30351674762874936,-0.04511672102763219,0.3970874871075507,0.15619392231424614
allegheny,4,2021,103.35664588322452,265.5148065934059,0.3892688592749516,-0.1002172823628516,0.549913634548391,57169,16220,0.7552250968122886,0.7552250968122886,0.5999308391002882,0.5999308391002882,0.7644073120317483,0.7644073120317483,0.6254847939300567,101274.31004445953,101274.31004445953,0.4037271811426441,63174.489361023945,63174.489361023945,0.2844718180551956,0.2167174195592697,-0.1094881416110696,-0.21152316879453656,-0.16486158952984623,0.49748729115259194,0.8555051990158431,0.912927646831797,0.8709537591593604,29.24685190982804,0.5449529644560817,-17.859925983048583,1.0481930151067371,0.03937766324874026,0.9546937600775959,-0.04510643237413314,-0.11071273382596071,-0.1922187734457849,0.29032240423388744,div,-0.1094881416110696,-0.10992881753773757,-2.6609286262018866e-07,0.49748729115259194,16220,0.0,69999.99999999994,215000.00000000006,625109.9999999986,0.4763398995263948,0.8555051990158431,1.510340521845261,16220,0.4037271811426441,0.3048456146022305,-0.04510643237413351,0.4000691608997119,0.15609726931592266
allegheny,4,2021,150.0,385.3377849936123,0.3892688592749516,-0.1002172823628516,0.5546723251016406,57169,16220,0.7569743309424677,0.7569743309424677,0.5984596018199317,0.5984596018199317,0.766090927325832,0.766090927325832,0.6241075302289724,100911.79307612158,100911.79307612158,0.4044688446562955,63254.80421515105,63254.80421515105,0.28416704571670953,0.217650265298736,-0.1092936201567143,-0.21225685477256537,-0.1619702532373847,0.48707292436426936,0.8536383781152475,0.9100804351843459,0.8690582377208766,29.232316135303225,0.5352141643813447,-18.445805126377557,1.0472030477164003,0.03873548020496901,0.9567217649437614,-0.044629529339280695,-0.1095421859466589,-0.1903829434276636,0.2901951824416951,div,-0.1092936201567143,-0.10973194017640074,-2.600596361054566e-07,0.48707292436426936,16220,0.0,69999.99999999994,215000.00000000006,625109.9999999986,0.4745133253962601,0.8536383781152475,1.4934584987167427,16220,0.4044688446562955,0.30587463467515336,-0.04462952933928106,0.4015403981800683,0.1564672687664498
allegheny,5,2022,0.001,0.002512144409636699,0.39806628797451094,-0.11805071228759803,0.022621824586822825,73389,13822,0.8127051468398201,0.8127051468398201,0.7558518725457406,0.7558518725457406,0.8192943338016082,0.8192943338016082,0.7687398950651514,99415.82618687488,99415.82618687488,0.327605621680938,54174.0157206777,54174.0157206777,0.2598372133040557,0.1550366384450399,-0.30115439041007314,-0.4946878915403742,-0.35464846767873137,0.4753258726634111,0.952818999648543,1.059185821951504,0.9409098565006963,26.78603749756427,0.4487815624844646,-44.1679629182654,1.1257038223519984,-0.15377133328472456,0.8142960578021783,-0.1153801897818785,-0.2624713804989608,-0.5312476022325672,0.5271138919546732,div,-0.30115439041007314,-0.310788648732374,-6.231434705268335e-07,0.4753258726634111,13822,0.0,69999.99999999994,219999.99999999985,675000.0,0.6402358075585515,0.952818999648543,1.8842446369367314,13822,0.327605621680938,0.230719803949579,-0.1153801897818785,0.24414812745425937,0.1455719284196022
allegheny,5,2022,0.001451285485497223,0.0036458387191787315,0.39806628797451094,-0.11805071228759803,0.030847298800734113,73389,13822,0.8135255733151613,0.8135255733151613,0.7551897621840976,0.7551897621840976,0.8200858969988443,0.8200858969988443,0.7681127359986101,99197.84664626326,99197.84664626326,0.3280495411501755,54051.295151594335,54051.295151594335,0.2597736489552163,0.15508461947475,-0.2976900705825055,-0.49178800358637564,-0.35243810549573135,0.4751487315534197,0.9539260462024959,1.0593019637895262,0.9424301533005371,26.78652964532627,0.4485651276607275,-44.95257412212342,1.1240111111467368,-0.15119407727661877,0.8184038113292273,-0.11440916669202303,-0.2602624590942331,-0.5260629837403087,0.5236877589686814,div,-0.2976900705825055,-0.3069831463353823,-6.157456023908193e-07,0.4751487315534197,13822,0.0,69999.99999999994,219999.99999999985,675000.0,0.6388482062811658,0.9539260462024959,1.8814994446555002,13822,0.3280495411501755,0.23081993537676077,-0.114409166692023,0.2448102378159024,0.14959094587876628
allegheny,5,2022,0.00210622956041491,0.0052911528156078785,0.39806628797451094,-0.11805071228759803,0.02141973485917603,73389,13822,0.8130457864693729,0.8130457864693729,0.7555682116636057,0.7555682116636057,0.8196229894488579,0.8196229894488579,0.7684712079936901,99325.37954218923,99325.37954218923,0.3277958789730269,54067.1943601878,54067.1943601878,0.2597872542523051,0.1552333802805902,-0.29964253087227843,-0.49466002539676845,-0.3553345274123071,0.4762722089818469,0.9540663917425394,1.0593771246373809,0.9414606338972424,26.765788301699583,0.4495938486996178,-45.486038382827914,1.1252484559572233,-0.15405253447144424,0.8160771129748507,-0.11552209733046082,-0.26279419735556364,-0.5315898594213946,0.5295874940788521,div,-0.29964253087227843,-0.30912682725320606,-6.212495581168243e-07,0.4762722089818469,13822,0.0,69999.99999999994,219999.99999999985,675000.0,0.6396482517075747,0.9540663917425394,1.8855744828775127,13822,0.3277958789730269,0.23065581459534532,-0.1155220973304608,0.24443178833639437,0.14952737020572499
allegheny,5,2022,0.003056740390155355,0.007678973282839478,0.39806628797451094,-0.11805071228759803,0.025101029875397307,73389,13822,0.8148732638156664,0.8148732638156664,0.7549275242509252,0.7549275242509252,0.8213861746392275,0.8213861746392275,0.7678643410075213,98838.7346148669,98838.7346148669,0.3282251955855315,54011.073775036224,54011.073775036224,0.2605365794387623,0.15540759144082306,-0.2984097424165378,-0.4941175406613505,-0.35496149609079675,0.47629456055715175,0.95328542281403,1.0600011845620938,0.9425643144323196,26.862961799952227,0.4493502441421587,-44.64499799260224,1.1245929517292443,-0.1529993218033818,0.8177022165936144,-0.11508751783165513,-0.2618055988690842,-0.5288888142595989,0.5273508897290181,div,-0.2984097424165378,-0.3077729823053392,-6.187226503842233e-07,0.47629456055715175,13822,0.0,69999.99999999994,219999.99999999985,675000.0,0.6408710628409,0.95328542281403,1.8937033524515448,13822,0.3282251955855315,0.23105038758112034,-0.1150875178316551,0.2450724757490748,0.1514350238722414
allegheny,5,2022,0.004436202961165585,0.011144382468905895,0.39806628797451094,-0.11805071228759803,0.0328583289681631,73389,13822,0.8148763917789754,0.8148763917789754,0.7551858537037897,0.7551858537037897,0.8213891925582149,0.8213891925582149,0.7681090338380587,98837.89960516572,98837.89960516572,0.3280521598520433,53960.931841125566,53960.931841125566,0.2598948436576513,0.154550228470832,-0.2957059801604967,-0.4900318423639924,-0.35264394939935517,0.4771300635716732,0.954939056771422,1.0601314599540055,0.9435544967085583,26.769666030601595,0.4500831664164393,-43.920817241904864,1.1235508533445684,-0.1502289410616938,0.8195072843477713,-0.11417176314832618,-0.259722404202945,-0.5249538187065755,0.5229402401063012,div,-0.2957059801604967,-0.3048075366132064,-6.141921833684879e-07,0.4771300635716732,13822,0.0,69999.99999999994,219999.99999999985,675000.0,0.6414761403271515,0.954939056771422,1.8932967456034209,13822,0.3280521598520433,0.2305217968564057,-0.11417176314832617,0.2448141462962103,0.15047056662904051
allegheny,5,2022,0.006438196968259414,0.01617368052195283,0.39806628797451094,-0.11805071228759803,0.04243621783780116,73389,13822,0.8158331298183703,0.8158331298183703,0.7559760695825345,0.7559760695825345,0.8223122717665812,0.8223122717665812,0.7688575360237819,98582.16649672558,98582.16649672558,0.3275222853400131,53952.69323399971,53952.69323399971,0.25943243614992895,0.15515436605588764,-0.2932906364105788,-0.48669945518016106,-0.34885892496773097,0.475240697711258,0.9519472193067244,1.0576112758789264,0.9424443773565777,26.753103909309782,0.44936915948477213,-43.252924613167075,1.1222002075553525,-0.14765135886328493,0.8217302584747361,-0.11304108654505395,-0.25715029672487816,-0.5206480528575307,0.519868840343594,div,-0.2932906364105788,-0.3021628164866145,-6.067631793280618e-07,0.475240697711258,13822,0.0,69999.99999999994,219999.99999999985,675000.0,0.641613678872249,0.9519472193067244,1.886038472235223,13822,0.3275222853400131,0.23072327371530227,-0.11304108654505393,0.24402393041746545,0.15035497793883348
allegheny,5,2022,0.009343661812807113,0.023472627788579295,0.39806628797451094,-0.11805071228759803,0.02517811870592157,73389,13822,0.8146424463114537,0.8146424463114537,0.7548179741289431,0.7548179741289431,0.8211634774846326,0.8211634774846326,0.767760573786493,98900.33188564403,98900.33188564403,0.32829854754538523,53961.12070435606,53961.12070435606,0.2610131557784924,0.15394364990797776,-0.29842548034144206,-0.49354149992955015,-0.3562610390845718,0.47859625986756726,0.9581029117720752,1.0648805389963207,0.9468699302798579,26.857720620051612,0.4494528316783404,-44.5642854729494,1.1246323332726211,-0.15255597337699048,0.8170921381296936,-0.11507841744030228,-0.2617848969419511,-0.5286897149788359,0.5259743485920689,div,-0.29842548034144206,-0.307790258750761,-6.217454238844998e-07,0.47859625986756726,13822,0.0,69999.99999999994,219999.99999999985,675000.0,0.6416899013033138,0.9581029117720752,1.9022126323747532,13822,0.32829854754538523,0.23042275577606589,-0.1150784174403023,0.2451820258710569,0.14875238967166943
allegheny,5,2022,0.013560320770321632,0.0340654840160439,0.39806628797451094,-0.11805071228759803,0.03595883263216437,73389,13822,0.8130922926952098,0.8130922926952098,0.7543861118693171,0.7543861118693171,0.8196678595474242,0.8196678595474242,0.7673515085500733,99313.02481707023,99313.02481707023,0.32858755195848965,54374.087273128855,54374.087273128855,0.2600135961891033,0.15622704186312875,-0.29454462467993586,-0.4867686912741925,-0.3501253938160135,0.4768981307956191,0.9508420041931915,1.0551697342404762,0.9391070607549243,26.817974609887834,0.45197977886522245,-44.285714026647966,1.1235883301657343,-0.14840866372590225,0.8187322184221244,-0.1138057464823405,-0.2588897751373445,-0.5225671296571005,0.5204395068086143,div,-0.29454462467993586,-0.3035353771928127,-6.114826193026502e-07,0.4768981307956191,13822,0.0,69999.99999999994,219999.99999999985,675000.0,0.6349908335177263,0.9508420041931915,1.8713714845462315,13822,0.32858755195848965,0.23190628675155003,-0.1138057464823405,0.24561388813068286,0.1476261231138068
allegheny,5,2022,0.019679896712654306,0.04943874250892216,0.39806628797451094,-0.11805071228759803,0.04654455229596888,73389,13822,0.8162748383998132,0.8162748383998132,0.7556758646712447,0.7556758646712447,0.8227384406768765,0.8227384406768765,0.7685731782447125,98463.87505339418,98463.87505339418,0.32772368685190223,53891.387141122745,53891.387141122745,0.2593107675424358,0.15541068875162684,-0.29150872946008344,-0.4835429848383083,-0.3476304194538325,0.4766584892647534,0.9531440863333633,1.0570389709231056,0.9422302852029258,26.718960207645964,0.45095379267883345,-43.10940294096464,1.1218477982751889,-0.14596625360638182,0.8223863414846154,-0.11255609473595155,-0.2560470183379519,-0.5181144524942247,0.5174122488397195,div,-0.29150872946008344,-0.3002143168333136,-6.048759153528332e-07,0.4766584892647534,13822,0.0,69999.99999999994,219999.99999999985,675000.0,0.6369258425228109,0.9531440863333633,1.8844440185799844,13822,0.32772368685190223,0.230785161323907,-0.11255609473595155,0.24432413532875522,0.15004539654068663
allegheny,5,2022,0.028561148455159703,0.07174972942443329,0.39806628797451094,-0.11805071228759803,0.052606901543550855,73389,13822,0.8197723881441893,0.8197723881441893,0.755616262469154,0.755616262469154,0.826112943744929,0.826112943744929,0.7685167223068621,97522.15026200993,97522.15026200993,0.3277636580612017,53884.674033372656,53884.674033372656,0.25932150398384257,0.15452190182730235,-0.286908413472128,-0.47856935574007564,-0.3458610794359383,0.47916098979843347,0.9539973371757765,1.056669449170484,0.9430793219670264,26.712742571652303,0.45347986959200837,-43.479526941091656,1.120445994899493,-0.14336910709079384,0.8254281358316563,-0.11184043008913833,-0.2544189963336679,-0.5147716496652519,0.5147919763375493,div,-0.286908413472128,-0.2951940888711797,-5.984558723605312e-07,0.47916098979843347,13822,0.0,69999.99999999994,219999.99999999985,675000.0,0.6386212233305798,0.9539973371757765,1.8689199874336424,13822,0.3277636580612017,0.23096296580779874,-0.11184043008913831,0.244383737530846,0.15227817536957983
allegheny,5,2022,0.04145038020210471,0.10412934090203306,0.39806628797451094,-0.11805071228759803,0.057391497178728046,73389,13822,0.8198680724650214,0.8198680724650214,0.75382342688337,0.75382342688337,0.8262052618126654,0.8262052618126654,0.7668185264205266,97496.25916944075,97496.25916944075,0.32896372268563584,54122.13457436584,54122.13457436584,0.26056947939620084,0.1558187450785305,-0.285887323866194,-0.47775377201077907,-0.3450971751049622,0.47891884491659265,0.9535524874537735,1.0576366993828028,0.9445080312229758,26.857694388442425,0.45283618717983454,-42.668455734569754,1.1197752315703922,-0.14148606625919563,0.8265181608791379,-0.11127560516639752,-0.25313411044907835,-0.510285772916689,0.5120583643834176,div,-0.285887323866194,-0.29408176191818547,-5.960246498475031e-07,0.47891884491659265,13822,0.0,69999.99999999994,219999.99999999985,675000.0,0.6370722204530076,0.9535524874537735,1.8743949213165985,13822,0.32896372268563584,0.23196800654085667,-0.1112756051663975,0.24617657311662997,0.15089462879994364
allegheny,5,2022,0.060156335155656014,0.1511214010655129,0.39806628797451094,-0.11805071228759803,0.06182474321872489,73389,13822,0.8221728329328364,0.8221728329328364,0.7549424850173724,0.7549424850173724,0.8284289389118329,0.8284289389118329,0.7678785120292472,96870.52632310076,96870.52632310076,0.32821517696670766,53988.725930325534,53988.725930325534,0.26004567330799355,0.15591384387095053,-0.2837711461287873,-0.4742202695459729,-0.3438734043204845,0.48077637858519445,0.9535580492971281,1.0578289891597161,0.945102182427937,26.8060070609308,0.45450992189102424,-43.389027712348316,1.1192747290480143,-0.1401752408675061,0.8268228540571964,-0.11075225731362971,-0.25194357822984026,-0.5090337169838685,0.5112451940029606,div,-0.2837711461287873,-0.29177874452990205,-5.939074206708897e-07,0.48077637858519445,13822,0.0,69999.99999999994,219999.99999999985,675000.0,0.6348592078936558,0.9535580492971281,1.8753014089509847,13822,0.32821517696670766,0.23133604930661875,-0.11075225731362971,0.24505751498262762,0.14919084493100135
allegheny,5,2022,0.0873040160721099,0.2193202959143834,0.39806628797451094,-0.11805071228759803,0.08785206428484627,73389,13822,0.8219023137144198,0.8219023137144198,0.7535479024980565,0.7535479024980565,0.8281679367819899,0.8281679367819899,0.7665575463387865,96944.18036839968,96944.18036839968,0.3291477616861997,53846.151245727786,53846.151245727786,0.2601466392993074,0.15399063292245876,-0.2749818503874325,-0.46202518561588746,-0.33695044502769983,0.4835317884832377,0.956275533835212,1.0590958771898573,0.9492345327320524,26.81864533505583,0.45656799467325565,-39.86026923441274,1.115736775970008,-0.1312243861908131,0.834108221767027,-0.10767971352283608,-0.24495403512077024,-0.49348554383939375,0.4978961662125575,div,-0.2749818503874325,-0.2822452670056297,-5.788105740777368e-07,0.4835317884832377,13822,0.0,69999.99999999994,219999.99999999985,675000.0,0.6311100976936841,0.956275533835212,1.8652327946633116,13822,0.3291477616861997,0.23139096914153953,-0.10767971352283608,0.2464520975019435,0.15170535315493194
allegheny,5,2022,0.12670305135106935,0.3182963621355005,0.39806628797451094,-0.11805071228759803,0.09443255837184705,73389,13822,0.815120475547585,0.815120475547585,0.7531587246866766,0.7531587246866766,0.821624689259115,0.821624689259115,0.7661889123359928,98772.71968415739,98772.71968415739,0.3294075413279958,54409.67567005348,54409.67567005348,0.26008715114572245,0.15719553868350608,-0.2726233894255355,-0.45735884838445817,-0.33276554332193026,0.4823984585421084,0.9518092128370171,1.0534426093064622,0.9447788131742628,26.815049370694403,0.45794227954402866,-40.22945814309129,1.1150150644965369,-0.1280993443759227,0.8352727892339279,-0.10690288150866133,-0.2431868671904549,-0.4897367125361356,0.49465637721114547,div,-0.2726233894255355,-0.2796956663353012,-5.725012244402439e-07,0.4823984585421084,13822,0.0,69999.99999999994,219999.99999999985,675000.0,0.631556373419608,0.9518092128370171,1.854356549812849,13822,0.3294075413279958,0.23264542659557433,-0.10690288150866131,0.24684127531332345,0.1506779381948468
allegheny,5,2022,0.18388229939401626,0.46193889045381975,0.39806628797451094,-0.11805071228759803,0.12113813061696976,73389,13822,0.8125954043147218,0.8125954043147218,0.7527202972996568,0.7527202972996568,0.8191884521087929,0.8191884521087929,0.7657736285302733,99444.94750528518,99444.94750528518,0.3296999503179605,54671.55959667852,54671.55959667852,0.2590813468497032,0.16094833704607034,-0.26496647866927525,-0.44717874684335673,-0.3219212244976061,0.4773018340427814,0.9460924660498382,1.0450476788337346,0.9405516260315716,26.757971777318858,0.456743850703131,-38.2964307133885,1.111100815638434,-0.11985688467119043,0.8423324011221776,-0.10375026968307668,-0.23601518217587095,-0.47538070412243416,0.4830932217308859,div,-0.26496647866927525,-0.27144239815464893,-5.505432380222501e-07,0.4773018340427814,13822,0.0,69999.99999999994,219999.99999999985,675000.0,0.6248192331842345,0.9460924660498382,1.8334302610519304,13822,0.3296999503179605,0.23408437516505892,-0.10375026968307666,0.2472797027003432,0.15036112866818122
allegheny,5,2022,0.26686571215039057,0.6704052069023202,0.39806628797451094,-0.11805071228759803,0.13973745133915583,73389,13822,0.8119150576746564,0.8119150576746564,0.7508511805540499,0.7508511805540499,0.8185320406230289,0.8185320406230289,0.7640031781924737,99625.29458261975,99625.29458261975,0.3309436584786357,54521.044137197336,54521.044137197336,0.2604872097582394,0.15926562912156125,-0.2594510578692161,-0.4391805798349035,-0.3191821660269292,0.4818591792811502,0.9534627079504316,1.0505139012322997,0.9472160158904017,26.854511560844703,0.4587056016482289,-35.9684722877229,1.109054200529745,-0.11348541496632403,0.8462922635826607,-0.10155460662375713,-0.2310204017427685,-0.4632431598256591,0.47178676365977146,div,-0.2594510578692161,-0.2655197558880217,-5.442306264395316e-07,0.4818591792811502,13822,0.0,69999.99999999994,219999.99999999985,675000.0,0.6234840974470697,0.9534627079504316,1.8486849034671486,13822,0.3309436584786357,0.23418523801255653,-0.10155460662375712,0.24914881944595013,0.14958788865404782
allegheny,5,2022,0.38729833462074176,0.9729493461791,0.39806628797451094,-0.11805071228759803,0.18016747989329496,73389,13822,0.8163173409624398,0.8163173409624398,0.7501389389837038,0.7501389389837038,0.8227794479643966,0.8227794479643966,0.7633285342293408,98452.48518974496,98452.48518974496,0.33141635510745127,54778.63058245158,54778.63058245158,0.2592397594192239,0.16054874897752702,-0.24776048478138815,-0.4215683250839468,-0.3040125882863711,0.47813247399589787,0.9500362047109487,1.0429587350639067,0.9450782457002626,26.75499394354887,0.4584551190053418,-34.975488774378306,1.1035686619694847,-0.10160875603319454,0.856045424339452,-0.09678181295513309,-0.22016306353411524,-0.44132998277514246,0.4531486400063179,div,-0.24776048478138815,-0.2530254168733235,-5.156887758763959e-07,0.47813247399589787,13822,0.0,69999.99999999994,219999.99999999985,675000.0,0.6141999045697061,0.9500362047109487,1.8193020422794248,13822,0.33141635510745127,0.235699840046084,-0.09678181295513306,0.24986106101629624,0.14958808444990696
allegheny,5,2022,0.5620804515923291,1.4120272642337408,0.39806628797451094,-0.11805071228759803,0.1946820952722983,73389,13822,0.8224310259110414,0.8224310259110414,0.7481229961553926,0.7481229961553926,0.8286780484487318,0.8286780484487318,0.761419008422696,96800.17606285958,96800.17606285958,0.3327506450471229,54710.23379193966,54710.23379193966,0.259645839523345,0.16334553982025124,-0.24512453953666405,-0.4162549825058019,-0.30003276009384994,0.47789653204728605,0.9468068990738124,1.0386514340868145,0.9418600905061465,26.856484785763413,0.4601291682974256,-33.91879709407541,1.1027661587493884,-0.09796471152698387,0.8572489856052049,-0.09506835227106124,-0.21626521597441511,-0.4321753004365691,0.44492947443918385,div,-0.24512453953666405,-0.2502190265191193,-5.099505510348006e-07,0.47789653204728605,13822,0.0,69999.99999999994,219999.99999999985,675000.0,0.6096330411216511,0.9468068990738124,1.8120092289556438,13822,0.3327506450471229,0.23747536788218135,-0.0950683522710612,0.2518770038446075,0.14897222464038584
allegheny,5,2022,0.8157392010776716,2.04925467370878,0.39806628797451094,-0.11805071228759803,0.2537927613061204,73389,13822,0.8230157690999483,0.8230157690999483,0.7437116783031729,0.7437116783031729,0.8292422198913716,0.8292422198913716,0.7572405539735771,96640.66080937619,96640.66080937619,0.33565185779792855,55061.696492664814,55061.696492664814,0.2590510126456803,0.16538567054999395,-0.22719391811826634,-0.3905642718595006,-0.2798029533054786,0.4749899585790596,0.9456599596617583,1.0294561756661416,0.94029064912377,26.78004331608465,0.4614156028477663,-31.430435318924957,1.0948276223159958,-0.08016618125780652,0.8726282722367842,-0.0880902960419742,-0.2003912600110015,-0.39796484958219225,0.41631370027874226,div,-0.22719391811826634,-0.23122866095128478,-4.6977351188120536e-07,0.4749899585790596,13822,0.0,69999.99999999994,219999.99999999985,675000.0,0.5980424176056031,0.9456599596617583,1.7726312172057574,13822,0.33565185779792855,0.2403292745392183,-0.08809029604197417,0.25628832169682714,0.15271580135724908
allegheny,5,2022,1.1838704624751253,2.9740535640408994,0.39806628797451094,-0.11805071228759803,0.3032819192930787,73389,13822,0.8184345746132126,0.8184345746132126,0.7365449051608463,0.7365449051608463,0.8248221955941637,0.8248221955941637,0.7504520984313604,97883.43018761696,97883.43018761696,0.34031253613620543,55878.67144559191,55878.67144559191,0.26021499490226324,0.17196564851087848,-0.21020415653819952,-0.36749886359468675,-0.26261593403397315,0.4737941775023996,0.9356183097113775,1.016364780334884,0.9340748172769319,26.991622318863794,0.46618234587859547,-28.642755262352413,1.0880978284992722,-0.06482462016209463,0.8865114940238144,-0.08224806569110031,-0.18710112529822573,-0.36827167121296844,0.39517510975744113,div,-0.21020415653819952,-0.21338493135228256,-4.335492251025828e-07,0.4737941775023996,13822,0.0,69999.99999999994,219999.99999999985,675000.0,0.5782972287487157,0.9356183097113775,1.747934382792618,13822,0.34031253613620543,0.24545150552590964,-0.08224806569110027,0.26345509483915375,0.1590848742378171
allegheny,5,2022,1.7181340188990342,4.316200770583843,0.39806628797451094,-0.11805071228759803,0.34194985729022787,73389,13822,0.8160629176986781,0.8160629176986781,0.7302733317973857,0.7302733317973857,0.8225339755202867,0.8225339755202867,0.7445115871144665,98520.64604631494,98520.64604631494,0.3443392987150424,56473.150485929626,56473.150485929626,0.2617131280902189,0.17587127901251404,-0.1998722775775836,-0.3517381634336798,-0.24973520979274777,0.4707441506743589,0.9343902308897672,1.01000088290835,0.9322593066010294,27.14388257994111,0.4660997711635303,-28.231676176280867,1.0833905070797978,-0.05367275424803001,0.8954313193901856,-0.0776832880678442,-0.1767169901471933,-0.3447643066908155,0.37785698539036827,div,-0.1998722775775836,-0.2025995134033373,-4.095857977546485e-07,0.4707441506743589,13822,0.0,69999.99999999994,219999.99999999985,675000.0,0.5706522092427304,0.9343902308897672,1.712446537687417,13822,0.3443392987150424,0.24960353658536846,-0.07768328806784414,0.2697266682026142,0.1618154787153797
allegheny,5,2022,2.4935029637671793,6.26403953084026,0.39806628797451094,-0.11805071228759803,0.3887777721370952,73389,13822,0.814959936004079,0.814959936004079,0.7242937718691405,0.7242937718691405,0.8214697976287741,0.8214697976287741,0.7388476745098971,98815.59486609446,98815.59486609446,0.3481351984524609,56771.08013548444,56771.08013548444,0.2619020523669727,0.17597421256105708,-0.18829578349329795,-0.3324593396061462,-0.2344980112908697,0.4676546670405979,0.9375173578553355,1.006735256844561,0.9339770953649518,27.153681480243314,0.46454277012698547,-24.852112065231392,1.077901440881887,-0.041036285823700745,0.905031621053185,-0.07215521936522855,-0.16414152267213014,-0.31723741209865414,0.3575734315075772,div,-0.18829578349329795,-0.1905697182612882,-3.83330400903916e-07,0.4676546670405979,13822,0.0,69999.99999999994,219999.99999999985,675000.0,0.5586796287518342,0.9375173578553355,1.7009000235402232,13822,0.3481351984524609,0.2521774895282438,-0.07215521936522847,0.2757062281308595,0.16132210220776003
allegheny,5,2022,3.618784659359615,9.090909651689303,0.39806628797451094,-0.11805071228759803,0.4156039027338857,73389,13822,0.812663490633628,0.812663490633628,0.7138226128948657,0.7138226128948657,0.8192541430950072,0.8192541430950072,0.7289292641234241,99426.88109800697,99426.88109800697,0.3546845767134825,57964.20959776514,57964.20959776514,0.26706422222085036,0.1818344238677293,-0.17623906360884634,-0.31691019153114675,-0.22751359421963455,0.4759877679228635,0.9307069650905716,1.0011940679553128,0.9318812082228269,27.810208379955547,0.4754372829167891,-25.489123553859447,1.0743795015082138,-0.030617439441208434,0.9139573877220466,-0.06898837554035729,-0.15693746214744275,-0.2987256833384926,0.34832378349554605,div,-0.17623906360884634,-0.1780985155523023,-3.651786379524823e-07,0.4759877679228635,13822,0.0,69999.99999999994,219999.99999999985,675000.0,0.5496554865466254,0.9307069650905716,1.6874046509443792,13822,0.3546845767134825,0.2590439582345031,-0.06898837554035721,0.28617738710513424,0.17159467530055783
allegheny,5,2022,5.2518896512686215,13.1935052274633,0.39806628797451094,-0.11805071228759803,0.48341942462271215,73389,13822,0.8108792469263997,0.8108792469263997,0.7030272511407665,0.7030272511407665,0.8175326705487262,0.8175326705487262,0.7187037648820654,99899.24332335757,99899.24332335757,0.3613124663002518,58817.20597316434,58817.20597316434,0.2683864560205096,0.1877174817300574,-0.15859653287608355,-0.2907318870497558,-0.2049137218358594,0.4673077902988268,0.9267578308263342,0.9909734904798374,0.9297366805518108,28.031118578485803,0.4715814299758376,-22.50573014372908,1.0658646810532222,-0.013585956881824832,0.9298134138115688,-0.06098270487722618,-0.13872584857023856,-0.2607276933270084,0.32603781269109344,div,-0.15859653287608355,-0.15994668716891577,-3.2262952255006715e-07,0.4673077902988268,13822,0.0,69999.99999999994,219999.99999999985,675000.0,0.535280752955144,0.9267578308263342,1.660786002163382,13822,0.3613124663002518,0.2649572854441356,-0.06098270487722606,0.2969727488592336,0.17345241501283926
allegheny,5,2022,7.621991222319222,19.147542639449224,0.39806628797451094,-0.11805071228759803,0.489212529114357,73389,13822,0.8106643813161856,0.8106643813161856,0.6959669850746655,0.6959669850746655,0.8173253640873808,0.8173253640873808,0.712016194150562,99955.97643767853,99955.97643767853,0.3655821813300638,59329.803956322154,59329.803956322154,0.2704915794658442,0.19072448611377585,-0.15338890519809587,-0.28452898878780974,-0.20300585528881354,0.4730496121887117,0.9229800852519123,0.9842248147072997,0.9242710461467875,28.23516286489056,0.4806490531905259,-23.008421506765334,1.0648660031172184,-0.00986459600336275,0.9324002486289034,-0.06029882476563102,-0.13717013127314018,-0.25597291930591204,0.3262568405969475,div,-0.15338890519809587,-0.1546091643955226,-3.158697480892568e-07,0.4730496121887117,13822,0.0,69999.99999999994,219999.99999999985,675000.0,0.5260638751337149,0.9229800852519123,1.6399857997320995,13822,0.3655821813300638,0.26893277397678705,-0.0602988247656309,0.3040330149253346,0.1769335931990086
allegheny,5,2022,11.061685231539125,27.788550715571848,0.39806628797451094,-0.11805071228759803,0.5152074222480507,73389,13822,0.8049811385102491,0.8049811385102491,0.6859991754832957,0.6859991754832957,0.8118420624371444,0.8118420624371444,0.7025745624816785,101445.06220897012,101445.06220897012,0.37152670933459925,60232.66202721484,60232.66202721484,0.2742058563087217,0.19613524071509983,-0.14539355487011485,-0.2699969120681624,-0.1958688440117099,0.4809846423430002,0.9237479921525674,0.9825421903254052,0.9247602377497252,28.67035230341407,0.489548486838753,-20.849090706654113,1.0624831715475618,-0.0008301133663548478,0.9368400622474176,-0.05723010911535849,-0.13018929656825307,-0.23940362719492816,0.31708947266338444,div,-0.14539355487011485,-0.1464312540509549,-3.044274153636231e-07,0.4809846423430002,13822,0.0,69999.99999999994,219999.99999999985,675000.0,0.5190333268606762,0.9237479921525674,1.6426061026904148,13822,0.37152670933459925,0.27410514915444756,-0.057230109115358356,0.3140008245167043,0.17662399405470325
allegheny,5,2022,16.05366322167172,40.32912031651289,0.39806628797451094,-0.11805071228759803,0.548417487712785,73389,13822,0.8056834385709158,0.8056834385709158,0.6759712122319763,0.6759712122319763,0.8125196550041192,0.8125196550041192,0.6930759525272876,101262.23596810833,101262.23596810833,0.37741264317718887,60704.73801933184,60704.73801933184,0.27432152448388986,0.1997335350042052,-0.13395210986864184,-0.25785572940258006,-0.1833968358208773,0.4715629757026569,0.9115261355107511,0.966585264801177,0.9143931245162102,28.706618517093624,0.4878824995804232,-19.469346748304247,1.0570784478640747,0.006551573707954878,0.948694474951645,-0.053309637232128865,-0.12127085338191455,-0.22204077323709973,0.3129776575057727,div,-0.13395210986864184,-0.13476202241174023,-2.7497717991509144e-07,0.4715629757026569,13822,0.0,69999.99999999994,219999.99999999985,675000.0,0.5080181603160703,0.9115261355107511,1.6047571869690538,13822,0.37741264317718887,0.2794124253549442,-0.053309637232128726,0.3240287877680237,0.184046884574246
allegheny,5,2022,23.298448422672752,58.52906695822632,0.39806628797451094,-0.11805071228759803,0.5513838241098419,73389,13822,0.8040085922478651,0.8040085922478651,0.6718847141638702,0.6718847141638702,0.8109037311520741,0.8109037311520741,0.6892051713670948,101697.69756518754,101697.69756518754,0.3797850616801704,61096.90353840551,61096.90353840551,0.2767421664851647,0.20031499325214058,-0.13265538583774886,-0.25493307006297433,-0.1831663977348192,0.47636985922082875,0.9122972517069816,0.9689438663424439,0.916730101269935,28.992841557747745,0.4916560277737333,-20.423390171172137,1.0569565295174421,0.009217141626356699,0.9487675118953034,-0.05295945910757167,-0.12047425445148446,-0.2188450384782242,0.3117148811661797,div,-0.13265538583774886,-0.1334418386635523,-2.750911113051818e-07,0.47636985922082875,13822,0.0,69999.99999999994,219999.99999999985,675000.0,0.5070874007960336,0.9122972517069816,1.6285381215101966,13822,0.3797850616801704,0.2814600997000269,-0.05295945910757153,0.32811528583612987,0.18302362477622847
allegheny,5,2022,33.81270003043063,84.94238535616896,0.39806628797451094,-0.11805071228759803,0.5561993831878635,73389,13822,0.8036821194711103,0.8036821194711103,0.6651007924000323,0.6651007924000323,0.8105887439560904,0.8105887439560904,0.6827793573527363,101782.36381467308,101782.36381467308,0.38369108338495006,61618.964723853336,61618.964723853336,0.27862730738118774,0.2043217563541922,-0.1299718117532736,-0.2525906539093581,-0.1813043930662606,0.4758999912939719,0.908450127346487,0.9647615457432613,0.91365450692719,29.28126590474285,0.49330034933151845,-19.615792129624943,1.055936941621352,0.011456742819077458,0.9520639137833157,-0.0523909789283482,-0.11918105344610257,-0.21499764449153133,0.3129897966774127,div,-0.1299718117532736,-0.1307111773184077,-2.6926026276607985e-07,0.4758999912939719,13822,0.0,69999.99999999994,219999.99999999985,675000.0,0.5010391693405237,0.908450127346487,1.6085264219249538,13822,0.38369108338495006,0.28504493568561196,-0.052390978928348056,0.3348992075999677,0.18937816556860168
allegheny,5,2022,49.071880779635485,123.27565097091987,0.39806628797451094,-0.11805071228759803,0.5692052834065138,73389,13822,0.8015178544024588,0.8015178544024588,0.6622948074800905,0.6622948074800905,0.8085006195124032,0.8085006195124032,0.6801214939736575,102341.86511683774,102341.86511683774,0.38529512663618115,61948.03812469279,61948.03812469279,0.2796651478555368,0.2058136796751724,-0.1263552785695795,-0.245340268475739,-0.17801673436255808,0.48107926678991336,0.9084207728540976,0.9631446059373558,0.9129189197840336,29.36990940592124,0.49950616702139466,-19.229133306566634,1.055016590263245,0.015694981588965116,0.9537139091674803,-0.050855623143595124,-0.11568836589598641,-0.20813923895312328,0.30972712918558354,div,-0.1263552785695795,-0.1270342429235992,-2.6461680747970806e-07,0.48107926678991336,13822,0.0,69999.99999999994,219999.99999999985,675000.0,0.4980479032891224,0.9084207728540976,1.6019316414283793,13822,0.38529512663618115,0.2864977381560623,-0.05085562314359497,0.3377051925199095,0.19050204473781066
allegheny,5,2022,71.21730832153513,178.90816296931763,0.39806628797451094,-0.11805071228759803,0.5832463979459693,73389,13822,0.802728117996739,0.802728117996739,0.6589717033350253,0.6589717033350253,0.8096683050381396,0.8096683050381396,0.6769738089133197,102029.36843363168,102029.36843363168,0.3871861864396781,62181.85402919733,62181.85402919733,0.2806653557201844,0.20787343678165798,-0.1214666117402751,-0.24001757273639418,-0.17324349196342193,0.4785623587179127,0.9057429237550174,0.9603052925522829,0.9122754346236571,29.501710307192486,0.4983620052775345,-19.429643288828274,1.0526484174688313,0.018948968438618714,0.9589351359510975,-0.049198059570900655,-0.11191767527732496,-0.20080767297340565,0.30952502505741325,div,-0.1214666117402751,-0.12206933477538952,-2.530479649392708e-07,0.4785623587179127,13822,0.0,69999.99999999994,219999.99999999985,675000.0,0.4984793521414973,0.9057429237550174,1.6023311643956184,13822,0.3871861864396781,0.2888636824235482,-0.049198059570900496,0.34102829666497475,0.19429777639686277
allegheny,5,2022,103.35664588322452,259.64682015434244,0.39806628797451094,-0.11805071228759803,0.5999276715999633,73389,13822,0.7988752032025537,0.7988752032025537,0.6538399659928729,0.6538399659928729,0.8059509389549752,0.8059509389549752,0.6721129642751951,103020.91755581873,103020.91755581873,0.3900884657652772,62425.13887504868,62425.13887504868,0.28157289937552005,0.2076906060052445,-0.11715913273439192,-0.23244127592494904,-0.16912795435291325,0.4824216525437935,0.9085813621612386,0.9603225963480199,0.9136223911559321,29.590539483304916,0.5023719180929601,-18.59206592674172,1.0511154341707867,0.023907262503434012,0.9615950348684245,-0.047228823334182324,-0.10743797945989603,-0.1913580060996312,0.30467512320435713,div,-0.11715913273439192,-0.11769964361564761,-2.460426159008295e-07,0.4824216525437935,13822,0.0,69999.99999999994,219999.99999999985,675000.0,0.4933561499844276,0.9085813621612386,1.6032620158300184,13822,0.3900884657652772,0.2901955586044067,-0.04722882333418217,0.3461600340071271,0.19234640666592173
allegheny,5,2022,150.0,376.82166144550484,0.39806628797451094,-0.11805071228759803,0.602611284762764,73389,13822,0.7987980874819595,0.7987980874819595,0.6518782973571524,0.6518782973571524,0.8058765362288499,0.8058765362288499,0.670254847650364,103040.66591862243,103040.66591862243,0.39119220850567366,62725.05825995728,62725.05825995728,0.28286688468030324,0.21136144225783107,-0.11734256946195831,-0.23233612356840927,-0.1681452926725133,0.4798357714048586,0.9070752331446214,0.9592415478765793,0.9127189387216383,29.7301283402083,0.5002422289686678,-17.710345534082915,1.0509714515402748,0.024489065437202733,0.961821881048774,-0.0469120208888093,-0.10671730483334446,-0.18969424744555022,0.3052346306590037,div,-0.11734256946195831,-0.11788563734125321,-2.4510694134921985e-07,0.4798357714048586,13822,0.0,69999.99999999994,219999.99999999985,675000.0,0.49258199080908627,0.9070752331446214,1.6033554637859888,13822,0.39119220850567366,0.2919582733522279,-0.04691202088880916,0.34812170264284764,0.19246905879674253
allegheny,6,2023,0.001,0.0024514915706503413,0.4079149249265891,-0.1139643509689612,-0.010446014495012257,87211,11730,0.7713392436465576,0.7713392436465576,0.7451518378461404,0.7451518378461404,0.7781088517578906,0.7781088517578906,0.7556292708641095,113850.3379671061,113850.3379671061,0.34266080563885454,59787.599437764984,59787.599437764984,0.26358417464216477,0.17822992622125644,-0.26023905669785097,-0.45423119207789403,-0.3183765245425881,0.475759821214343,0.9075371600469643,0.9983869172211173,0.8941112649153,27.249946346747944,0.4765488148148332,-44.342935519123685,1.1166249172754752,-0.1344532278642162,0.8459862197098575,-0.1151548242310976,-0.2499394325652783,-0.5046831132659955,0.516380928418907,div,-0.26023905669785097,-0.26636481253637123,-5.20022017714779e-07,0.475759821214343,11730,0.0,67838.40000000002,225000.00000000015,685000.0,0.5866815389115511,0.9075371600469643,1.7645547232741852,11730,0.34266080563885454,0.2518179928970379,-0.11515482423109762,0.25484816215385964,0.1548447658494065
allegheny,6,2023,0.001451285485497223,0.0035578141343036306,0.4079149249265891,-0.1139643509689612,-0.011514590521982004,87211,11730,0.7694913480444968,0.7694913480444968,0.7435935332803003,0.7435935332803003,0.7763156639651456,0.7763156639651456,0.7541350320210598,114309.44648104347,114309.44648104347,0.3437068326558874,60049.15960097848,60049.15960097848,0.2641614265265847,0.1798223728879147,-0.26035530559822395,-0.452341548053274,-0.3182742672650711,0.4775938498781171,0.9063240592636759,0.9961482669313125,0.8914238780204659,27.258239135708223,0.47946096462656823,-46.80150203548858,1.1174799009685517,-0.1339048773545937,0.8441639560427696,-0.11527660380447219,-0.25020375077921786,-0.5043796433340205,0.5154771742822881,div,-0.26035530559822395,-0.2664895102858712,-5.222598643223976e-07,0.4775938498781171,11730,0.0,67838.40000000002,225000.00000000015,685000.0,0.5859904722136386,0.9063240592636759,1.7753193407359313,11730,0.3437068326558874,0.2529032779040269,-0.11527660380447222,0.25640646671969963,0.15303374420348007
allegheny,6,2023,0.00210622956041491,0.005163404013211726,0.4079149249265891,-0.1139643509689612,-0.013910397173808153,87211,11730,0.7651466506768911,0.7651466506768911,0.741116365409456,0.741116365409456,0.7720995933851449,0.7720995933851449,0.7517597065971913,115381.68724020256,115381.68724020256,0.34536313445665207,60819.79264679731,60819.79264679731,0.26569224181309636,0.18268197566523992,-0.26040794558286645,-0.45423951077703756,-0.3177254133527223,0.47477815076902763,0.9007031494190647,0.9924085542532154,0.8882805288617405,27.458848901927453,0.4784303680183579,-43.84171035525408,1.1172242574369007,-0.13426213606944973,0.845015510068036,-0.11554964035459471,-0.25079636685816087,-0.5043218943192671,0.5146024618605266,div,-0.26040794558286645,-0.2665459787530372,-5.192858032278143e-07,0.47477815076902763,11730,0.0,67838.40000000002,225000.00000000015,685000.0,0.5835752946149241,0.9007031494190647,1.7723006367104581,11730,0.34536313445665207,0.2553841610825983,-0.11554964035459472,0.258883634590544,0.15393275885104024
allegheny,6,2023,0.003056740390155355,0.007493573300132289,0.4079149249265891,-0.1139643509689612,-0.00820909764614619,87211,11730,0.7686150138969491,0.7686150138969491,0.7438108737991165,0.7438108737991165,0.7754652740978849,0.7754652740978849,0.7543434371380714,114526.52779846027,114526.52779846027,0.3435611318492988,60273.688257245936,60273.688257245936,0.26395772610780677,0.18064348027727095,-0.26099570860155036,-0.4535066011005687,-0.31655068357712957,0.4737871977464283,0.9047997441580298,0.9946061146774113,0.8904608891173357,27.261556251649253,0.4763769170313155,-44.189018470658766,1.1169565410821232,-0.13367561417350862,0.84454926271002,-0.11489989545424505,-0.24938611876139272,-0.5033563373707396,0.5129415311533325,div,-0.26099570860155036,-0.2671766024112468,-5.193715803597037e-07,0.4737871977464283,11730,0.0,67838.40000000002,225000.00000000015,685000.0,0.5862014005568751,0.9047997441580298,1.773507651373298,11730,0.3435611318492988,0.2532466048262009,-0.11489989545424506,0.25618912620088347,0.15071950587100252
allegheny,6,2023,0.004436202961165585,0.010875314164991516,0.4079149249265891,-0.1139643509689612,-0.01710099721995073,87211,11730,0.7670073653174085,0.7670073653174085,0.7432914086606259,0.7432914086606259,0.7739052207027468,0.7739052207027468,0.753845328485528,114923.7007270283,114923.7007270283,0.3439092685109555,60247.88226399982,60247.88226399982,0.26435182663531864,0.18042448870797667,-0.2618485420675222,-0.45580335351469514,-0.31950435256992593,0.47579836068081643,0.9054271483918923,0.9954985222973168,0.8905694632153461,27.28431753779378,0.4779702155053544,-44.20967057397268,1.117822430945623,-0.13582247344246604,0.8438577444044014,-0.11591325501805487,-0.25158557949657595,-0.5070524454889003,0.517623869627519,div,-0.2618485420675222,-0.2680919952971721,-5.232805531697032e-07,0.47579836068081643,11730,0.0,67838.40000000002,225000.00000000015,685000.0,0.5840222002731428,0.9054271483918923,1.7793017084211569,11730,0.3439092685109555,0.25327328989256476,-0.1159132550180549,0.2567085913393741,0.15347382595955864
allegheny,6,2023,0.006438196968259414,0.015783185597874536,0.4079149249265891,-0.1139643509689612,-0.009823469157029363,87211,11730,0.768609413329345,0.768609413329345,0.7439738271610474,0.7439738271610474,0.7754598393376914,0.7754598393376914,0.754499691087614,114527.9138211469,114527.9138211469,0.34345185057810357,60038.77091368511,60038.77091368511,0.2642948446488175,0.1794200789795556,-0.2607334536285468,-0.45341305336261944,-0.31856708852465104,0.4769035618912325,0.9068936188198433,0.9982394468729795,0.8935145357868234,27.310410304540415,0.47776502226509465,-41.8704759930491,1.1172056042646648,-0.13374215557702934,0.8445395669176227,-0.11508387625570567,-0.2497854425190122,-0.5033022210322765,0.5140854303059889,div,-0.2607334536285468,-0.2668951977566397,-5.222624684073579e-07,0.4769035618912325,11730,0.0,67838.40000000002,225000.00000000015,685000.0,0.5878360531185226,0.9068936188198433,1.7744589067862646,11730,0.34345185057810357,0.25243111707537574,-0.11508387625570567,0.2560261728389525,0.15194836763057773
allegheny,6,2023,0.009343661812807113,0.022905908173104124,0.4079149249265891,-0.1139643509689612,0.015262597491591312,87211,11730,0.7682421875256427,0.7682421875256427,0.7430127853212183,0.7430127853212183,0.7751034854248158,0.7751034854248158,0.7535781600349891,114618.75790489107,114618.75790489107,0.34409585198706666,59992.47739318407,59992.47739318407,0.26379907634992544,0.17982593166983002,-0.24928196005908754,-0.4390700917678549,-0.3112483359919821,0.48116813823695814,0.9071608863240241,0.9953356187611299,0.8943149150607633,27.24611833648086,0.48344361502724664,-42.50848581516516,1.112958759827351,-0.12568559265806667,0.8529191618448452,-0.11222495895173146,-0.24358026463369523,-0.4907168891021508,0.504007948504089,div,-0.24928196005908754,-0.2546470490891865,-5.037896096316326e-07,0.48116813823695814,11730,0.0,67838.40000000002,225000.00000000015,685000.0,0.5833874503139314,0.9071608863240241,1.759049061137619,11730,0.34409585198706666,0.2530268540992006,-0.1122249589517315,0.2569872146787818,0.15606862862093665
allegheny,6,2023,0.013560320770321632,0.03324301206375822,0.4079149249265891,-0.1139643509689612,0.006552807789843462,87211,11730,0.76548684670507,0.76548684670507,0.7412804878692523,0.7412804878692523,0.7724297177515811,0.7724297177515811,0.7519170815801184,115298.08907804839,115298.08907804839,0.34525364350017146,60508.6241441562,60508.6241441562,0.26442480060522344,0.18112869097602174,-0.253647325059864,-0.4436093315621826,-0.31259430444940123,0.47830405879988436,0.9019322683541497,0.9912541034721124,0.8890761900210242,27.301139752628785,0.48254473448877516,-41.99899356860675,1.1149259361547765,-0.12811377799390847,0.8487264775240928,-0.11321756448216733,-0.24573467948079203,-0.4946659404741805,0.5069724078360727,div,-0.253647325059864,-0.25930709927568824,-5.095606073303524e-07,0.47830405879988436,11730,0.0,67838.40000000002,225000.00000000015,685000.0,0.5814139538678945,0.9019322683541497,1.7683978489728487,11730,0.34525364350017146,0.2544807990168278,-0.11321756448216733,0.2587195121307478,0.15262890299904355
allegheny,6,2023,0.019679896712654306,0.048245100902341395,0.4079149249265891,-0.1139643509689612,0.011057563410429627,87211,11730,0.7673224350169146,0.7673224350169146,0.7447927819166813,0.7447927819166813,0.7742109626171645,0.7742109626171645,0.7552849766045749,114845.97031873824,114845.97031873824,0.342902108318237,59935.754339586776,59935.754339586776,0.2632413954593799,0.17907751288657303,-0.2547033368804547,-0.44558008871108445,-0.31204722719657924,0.47535518004141725,0.9079786515628891,0.9962646203851122,0.8942938870678431,27.171307812140505,0.4771578092599922,-42.49526105070677,1.1140237396138362,-0.1279961983809754,0.8497968626945817,-0.11270418293159343,-0.24462040316369724,-0.4941925171290715,0.5060358588402862,div,-0.2547033368804547,-0.2604360470101871,-5.085274013149804e-07,0.47535518004141725,11730,0.0,67838.40000000002,225000.00000000015,685000.0,0.5861061364574343,0.9079786515628891,1.758700253082385,11730,0.342902108318237,0.25217139883598433,-0.11270418293159346,0.25520721808331875,0.1517493718462645
allegheny,6,2023,0.028561148455159703,0.07001741468591703,0.4079149249265891,-0.1139643509689612,0.0009060940774027193,87211,11730,0.7629400906876802,0.7629400906876802,0.7400949638408856,0.7400949638408856,0.769958359631355,0.769958359631355,0.7507802973523193,115922.45319872382,115922.45319872382,0.3460437630187012,61004.589620627376,61004.589620627376,0.2653397557722868,0.1836366759692285,-0.2542296889954435,-0.44553194534683416,-0.31259543465310774,0.47624174466933983,0.8998186999773101,0.9891668420457358,0.8871959065347007,27.38536860185231,0.4814779730606809,-41.85215737462556,1.1149362105482694,-0.12919192444055838,0.8487429122746537,-0.11386108854551316,-0.24713142547305697,-0.49698888012686887,0.5086926690587965,div,-0.2542296889954435,-0.2599296053947282,-5.085284096540116e-07,0.47624174466933983,11730,0.0,67838.40000000002,225000.00000000015,685000.0,0.5803139642943281,0.8998186999773101,1.7494080755346513,11730,0.3460437630187012,0.2561137837789177,-0.11386108854551318,0.2599050361591145,0.15280758312374007
allegheny,6,2023,0.04145038020210471,0.10161525766571149,0.4079149249265891,-0.1139643509689612,0.04319940663990196,87211,11730,0.7649579234326459,0.7649579234326459,0.7404741849219065,0.7404741849219065,0.7719164534987998,0.7719164534987998,0.7511439277245754,115428.0380693012,115428.0380693012,0.3457912188696058,60478.99714445704,60478.99714445704,0.264194929804643,0.18339960125235158,-0.24387969396040027,-0.4320732377059518,-0.3014256233907598,0.47352888855017267,0.90045308558384,0.9874358761337138,0.8901735174254676,27.23987963562786,0.47957450788309486,-39.578066846138796,1.1092622469712932,-0.11844166715067035,0.8594688037438328,-0.1090411586290005,-0.23666993976126466,-0.476764234289329,0.49148663221187294,div,-0.24387969396040027,-0.24889503054776732,-4.850467669559626e-07,0.47352888855017267,11730,0.0,67838.40000000002,225000.00000000015,685000.0,0.5777727957265194,0.90045308558384,1.7458824720151918,11730,0.3457912188696058,0.25581914174445397,-0.10904115862900053,0.2595258150780935,0.157023539805614
allegheny,6,2023,0.060156335155656014,0.1474727485553075,0.4079149249265891,-0.1139643509689612,0.020495542263750055,87211,11730,0.7633468069295383,0.7633468069295383,0.7411464220593744,0.7411464220593744,0.7703530348495857,0.7703530348495857,0.7517885275445109,115822.96825332489,115822.96825332489,0.34534308537136243,60529.035746043715,60529.035746043715,0.26444799707454253,0.1820630722064735,-0.2500966908689027,-0.4407273300495119,-0.30798528700082667,0.4743333560089803,0.90214335444246,0.9906065187496634,0.8906952926754179,27.27613895762119,0.47885166020680947,-41.78048826133132,1.1121721725666003,-0.12433180473287318,0.8537220040090736,-0.11162858979711601,-0.2422858666864161,-0.48774116260305544,0.5010373715316042,div,-0.2500966908689027,-0.25551595146956557,-4.982566517360255e-07,0.4743333560089803,11730,0.0,67838.40000000002,225000.00000000015,685000.0,0.5793412277723321,0.90214335444246,1.7567946168115742,11730,0.34534308537136243,0.2550306018418736,-0.11162858979711601,0.2588535779406256,0.1539874370586523
allegheny,6,2023,0.0873040160721099,0.21402505948469935,0.4079149249265891,-0.1139643509689612,0.045835553308967825,87211,11730,0.7695101110122756,0.7695101110122756,0.7425286137599756,0.7425286137599756,0.7763338714465311,0.7763338714465311,0.7531138939541677,114304.794100124,114304.794100124,0.3444198428700451,59738.96992678624,59738.96992678624,0.2635883770333378,0.18009667862655793,-0.24491598172276915,-0.43310084551979344,-0.303114471135674,0.47505218260060367,0.9075984348711446,0.9951685244323853,0.8971786682706852,27.219633285084832,0.4773788777333304,-39.6231283479609,1.1092200022438963,-0.1178602822071081,0.8591929614068649,-0.10874073188480142,-0.2360178742444795,-0.4750394335557027,0.48979633745417034,div,-0.24491598172276915,-0.24999714825880565,-4.886747921493997e-07,0.47505218260060367,11730,0.0,67838.40000000002,225000.00000000015,685000.0,0.57991589740772,0.9075984348711446,1.7601956958467913,11730,0.3444198428700451,0.2531775767432403,-0.10874073188480146,0.25747138624002436,0.15484444846597842
allegheny,6,2023,0.12670305135106935,0.3106114623628239,0.4079149249265891,-0.1139643509689612,0.0787515566079322,87211,11730,0.7713551774044318,0.7713551774044318,0.7388422953487037,0.7388422953487037,0.7781243137894474,0.7781243137894474,0.7495791291342992,113846.37118384292,113846.37118384292,0.3468766769741091,59955.460226601834,59955.460226601834,0.26383726937563884,0.1821813536043071,-0.23537427585611712,-0.41748693714894325,-0.2933089573295203,0.476876710863622,0.9026614638504024,0.9875671472854036,0.8930332011110044,27.228413484463875,0.48290087484159133,-37.5726534247176,1.1058571462480806,-0.10834034332580807,0.8654196426084595,-0.10498948093234277,-0.22787591805004437,-0.4576037458681385,0.4751263218072668,div,-0.23537427585611712,-0.23987139795150325,-4.714401909275688e-07,0.476876710863622,11730,0.0,67838.40000000002,225000.00000000015,685000.0,0.5716152478831588,0.9026614638504024,1.7287377453808197,11730,0.3468766769741091,0.255795012171385,-0.1049894809323428,0.26115770465129634,0.15673278840693708
allegheny,6,2023,0.18388229939401626,0.4507859069562333,0.4079149249265891,-0.1139643509689612,0.0835092877305117,87211,11730,0.7692744211348449,0.7692744211348449,0.7382027638744645,0.7382027638744645,0.7761051592776125,0.7761051592776125,0.7489658903675593,114363.22095667597,114363.22095667597,0.34730113871375373,59922.72996193739,59922.72996193739,0.2633212486847355,0.17993051792285558,-0.23534095456166915,-0.416166505321037,-0.2914729491840706,0.4753952195941552,0.9053459169842764,0.9887560797915804,0.8945291592811604,27.18341702099715,0.4808218069981157,-37.42826005847489,1.1053368909585244,-0.1064889557407018,0.8658427472744585,-0.10444726919287316,-0.22669906683779034,-0.4542999984770296,0.47190983540785375,div,-0.23534095456166915,-0.23983612264467694,-4.6990905588557074e-07,0.4753952195941552,11730,0.0,67838.40000000002,225000.00000000015,685000.0,0.5698185567484562,0.9053459169842764,1.7297725596360958,11730,0.34730113871375373,0.2553534075486443,-0.1044472691928732,0.2617972361255355,0.15413106571686042
allegheny,6,2023,0.26686571215039057,0.6542190438322829,0.4079149249265891,-0.1139643509689612,0.12607074389566186,87211,11730,0.7710349906237841,0.7710349906237841,0.7330610123052765,0.7330610123052765,0.7778136062874567,0.7778136062874567,0.7440355288166705,113926.05667596684,113926.05667596684,0.35069508817903317,60210.12689391305,60210.12689391305,0.26478992543201907,0.18330790222154503,-0.21971391308964575,-0.39494711100212426,-0.27988141318907195,0.4810151946326009,0.9007970955341786,0.9834519083270843,0.8944418611489062,27.402540422865158,0.4891298654282198,-33.947640533823176,1.0995146258738886,-0.09365876139185604,0.8772546149898622,-0.09959678046471795,-0.21617125431691464,-0.430595893516918,0.45326383130358083,div,-0.21971391308964575,-0.2233554911168873,-4.438925416139681e-07,0.4810151946326009,11730,0.0,67838.40000000002,225000.00000000015,685000.0,0.5639072764622778,0.9007970955341786,1.7239616552513317,11730,0.35069508817903317,0.25871780996512234,-0.09959678046471797,0.26693898769472346,0.1585077817495022
allegheny,6,2023,0.38729833462074176,0.9494586026496638,0.4079149249265891,-0.1139643509689612,0.15455036703935687,87211,11730,0.7736867900770946,0.7736867900770946,0.7305686158494595,0.7305686158494595,0.7803868979837956,0.7803868979837956,0.7416456008923089,113264.40778334042,113264.40778334042,0.35232849583906317,59890.58343206099,59890.58343206099,0.26368850106934383,0.18032269088047648,-0.21904364350049987,-0.3885383216078708,-0.27266639872180387,0.4763448135885019,0.9063257432196314,0.9848343680721731,0.8969574590405534,27.27505756053499,0.4837007469310189,-31.694833399959045,1.097972215009638,-0.08655586279870921,0.8773153916746709,-0.09635111869730614,-0.2091266613885477,-0.4141776810884254,0.43662494187158,div,-0.21904364350049987,-0.22265133241620183,-4.382415888527754e-07,0.4763448135885019,11730,0.0,67838.40000000002,225000.00000000015,685000.0,0.5545931071176272,0.9063257432196314,1.7137412975265407,11730,0.35232849583906317,0.25820666105519874,-0.09635111869730616,0.2694313841505405,0.14714448415747264
allegheny,6,2023,0.5620804515923291,1.377935489105932,0.4079149249265891,-0.1139643509689612,0.20855300467894733,87211,11730,0.7767025942093617,0.7767025942093617,0.7269546929294721,0.7269546929294721,0.7833134178311614,0.7833134178311614,0.7381802552075123,112507.20743593275,112507.20743593275,0.35468354205548636,59632.58375496302,59632.58375496302,0.2641624148713087,0.18366134538868006,-0.20447700113443748,-0.3691749398459659,-0.2586312658136971,0.47552405504258743,0.9045874904333624,0.9807301377045969,0.8988384851230963,27.39635335900087,0.48488805189495326,-27.862628062670726,1.0911083069282304,-0.07286397263369362,0.8913603126905705,-0.09019674314809822,-0.19576880909852395,-0.3862445064725642,0.4171598025825525,div,-0.20447700113443748,-0.20740048459342844,-4.083931528381718e-07,0.47552405504258743,11730,0.0,67838.40000000002,225000.00000000015,685000.0,0.5487453598859092,0.9045874904333624,1.694842623616471,11730,0.35468354205548636,0.26025017345475854,-0.09019674314809824,0.2730453070705279,0.15576203668490224
allegheny,6,2023,0.8157392010776716,1.9997777752909558,0.4079149249265891,-0.1139643509689612,0.24352988055879887,87211,11730,0.771351282133367,0.771351282133367,0.7171335980886153,0.7171335980886153,0.7781205338396953,0.7781205338396953,0.7287629296639835,113847.34094248811,113847.34094248811,0.36100595154046994,60991.00888158755,60991.00888158755,0.2655631596736834,0.1895037349124496,-0.1940572078415266,-0.35244689760218295,-0.24555918889007258,0.4729183620623875,0.8931468365019016,0.9656892861449234,0.8883965588067929,27.460157846553063,0.48974191661309074,-26.743086853989738,1.087002506450433,-0.06255466392743787,0.8981012864398203,-0.08621062618952902,-0.18711708462743945,-0.3668697963301159,0.39959860716033907,div,-0.1940572078415266,-0.19654972152656672,-3.854583417725651e-07,0.4729183620623875,11730,0.0,67838.40000000002,225000.00000000015,685000.0,0.5326836397186344,0.8931468365019016,1.6613909640808362,11730,0.36100595154046994,0.266549841633372,-0.08621062618952904,0.2828664019113847,0.1524588798157398
allegheny,6,2023,1.1838704624751253,2.902248459499691,0.4079149249265891,-0.1139643509689612,0.28210670157978346,87211,11730,0.7723673598310252,0.7723673598310252,0.7134454794872432,0.7134454794872432,0.7791065300842283,0.7791065300842283,0.7252264386642455,113594.09975933284,113594.09975933284,0.3633517955327199,60795.17471204995,60795.17471204995,0.26631580745147565,0.1881804738436914,-0.18651653635309676,-0.3399456791879732,-0.23661805020136234,0.4724567133195105,0.899218284005123,0.9686730853611651,0.8944563164085201,27.589556724466537,0.4877567680647637,-26.291148483707886,1.0829741683200864,-0.05223160270881097,0.9048865936552657,-0.08181424381942672,-0.17757489373565202,-0.34507753795910495,0.3838876907659388,div,-0.18651653635309676,-0.18872570691445126,-3.701185567829119e-07,0.4724567133195105,11730,0.0,67838.40000000002,225000.00000000015,685000.0,0.5278259560005674,0.899218284005123,1.6617158434385921,11730,0.3633517955327199,0.2672796591498139,-0.08181424381942676,0.2865545205127567,0.15400044691343742
allegheny,6,2023,1.7181340188990342,4.2119910645785765,0.4079149249265891,-0.1139643509689612,0.3367536565287531,87211,11730,0.7751844102833197,0.7751844102833197,0.7034471065054475,0.7034471065054475,0.7818401804468178,0.7818401804468178,0.7156391233189656,112889.02398768834,112889.02398768834,0.36963642526149487,61469.70286949063,61469.70286949063,0.26868993559365856,0.19390177589918617,-0.17017610149475626,-0.31898067341485553,-0.2208556099152933,0.4699674105457434,0.8930845754640555,0.9592559835503398,0.8918980134943203,27.822208736532193,0.4899499743526815,-22.474598337978914,1.0755220541327604,-0.03786314407638729,0.9189240202933489,-0.07558643906623734,-0.16405766598134017,-0.31581586778569193,0.36378120888077725,div,-0.17017610149475626,-0.17184801138003983,-3.3591377011936247e-07,0.4699674105457434,11730,0.0,67838.40000000002,225000.00000000015,685000.0,0.5147862433123174,0.8930845754640555,1.631132440071296,11730,0.36963642526149487,0.27307692986215,-0.07558643906623737,0.29655289349455255,0.15626709552221837
allegheny,6,2023,2.4935029637671793,6.112801497066884,0.4079149249265891,-0.1139643509689612,0.4044386578646495,87211,11730,0.774026510783952,0.774026510783952,0.6900757067443407,0.6900757067443407,0.7807165611010192,0.7807165611010192,0.7028174545983713,113179.36476806791,113179.36476806791,0.3778778958448011,62138.57104225507,62138.57104225507,0.2718733857785964,0.19869791802930287,-0.14873233228708788,-0.28910207891680745,-0.20368683768154885,0.478228472790534,0.8927544543443147,0.9534774573280227,0.8935723990853084,28.203463186842626,0.5015838132970795,-19.640463405756623,1.0670399603927283,-0.019369895017799555,0.9361217312969297,-0.06787276181865862,-0.1473154050545862,-0.2788135675153602,0.34302592685047134,div,-0.14873233228708788,-0.14984384066741113,-2.9874614610260046e-07,0.478228472790534,11730,0.0,67838.40000000002,225000.00000000015,685000.0,0.5008771265140959,0.8927544543443147,1.611656492598879,11730,0.3778778958448011,0.2792356632762431,-0.06787276181865866,0.30992429325565923,0.16509269688868136
allegheny,6,2023,3.618784659359615,8.871420088418864,0.4079149249265891,-0.1139643509689612,0.43197467679066903,87211,11730,0.7722670854311581,0.7722670854311581,0.6798210351967751,0.6798210351967751,0.7790092243546373,0.7790092243546373,0.6929843777499898,113619.11665944464,113619.11665944464,0.38407857061394374,62787.6380047251,62787.6380047251,0.2738390564343189,0.20046906377602952,-0.1415080025629017,-0.27867477473535945,-0.19516397745293812,0.4753633339253235,0.8873704691713207,0.9465492249503249,0.8898953841169716,28.463379540362325,0.5022280779561571,-19.082974420925794,1.0636634843202046,-0.012229392803912718,0.9420808612025743,-0.06473463729348578,-0.14050421786917716,-0.26319433052481916,0.33259607134103386,div,-0.1415080025629017,-0.14246405889151104,-2.8253234547072587e-07,0.4753633339253235,11730,0.0,67838.40000000002,225000.00000000015,685000.0,0.4929415785320725,0.8873704691713207,1.5966393725648125,11730,0.38407857061394374,0.28443685211657255,-0.06473463729348582,0.32017896480322494,0.16371132147484183
allegheny,6,2023,5.2518896512686215,12.874963210070787,0.4079149249265891,-0.1139643509689612,0.4477733392091282,87211,11730,0.7693420951357801,0.7693420951357801,0.6737832690294705,0.6737832690294705,0.7761708297582544,0.7761708297582544,0.6871948389587881,114346.44781787973,114346.44781787973,0.38768303284292255,63337.20480785077,63337.20480785077,0.27682430991671103,0.20387623574405,-0.13706898650507937,-0.27169996805980967,-0.1916962240644877,0.4789031015637324,0.8871251088882588,0.9459486074352037,0.8906633255554851,28.83167674848736,0.5062891500728706,-20.464416124753647,1.062072031365206,-0.00686478192871715,0.9458562677110578,-0.06293415298478837,-0.13659633099198118,-0.2536622438285497,0.3303078861056145,div,-0.13706898650507937,-0.13793720809075274,-2.757073506354639e-07,0.4789031015637324,11730,0.0,67838.40000000002,225000.00000000015,685000.0,0.4918232059879925,0.8871251088882588,1.5981643652781032,11730,0.38768303284292255,0.288016133617205,-0.0629341529847884,0.3262167309705295,0.1698971053963956
allegheny,6,2023,7.621991222319222,18.685247233086464,0.4079149249265891,-0.1139643509689612,0.4670001927040849,87211,11730,0.7660862789132556,0.7660862789132556,0.6664957246423384,0.6664957246423384,0.7730114034902656,0.7730114034902656,0.6802069033957352,115150.63975937365,115150.63975937365,0.3919894526264004,63425.24570398038,63425.24570398038,0.27802340107933676,0.2022080665053141,-0.13558525967854407,-0.26477275520583166,-0.18821362240382175,0.4825045768510612,0.8905039329036686,0.9471226130432248,0.8920245170401752,29.01091470167591,0.5094642854458793,-17.165593569314463,1.061767468214742,-0.001326054806775153,0.9447215755617746,-0.06074297710506031,-0.13184046201569855,-0.2418722487678495,0.31887010190730675,div,-0.13558525967854407,-0.13642538357958386,-2.747738558538824e-07,0.4825045768510612,11730,0.0,67838.40000000002,225000.00000000015,685000.0,0.4853592647826264,0.8905039329036686,1.5930422368464174,11730,0.3919894526264004,0.28980640943090014,-0.06074297710506036,0.33350427535766153,0.1619385161952735
allegheny,6,2023,11.061685231539125,27.117628102305535,0.4079149249265891,-0.1139643509689612,0.49946483030172495,87211,11730,0.7678238407101304,0.7678238407101304,0.664029325760508,0.664029325760508,0.7746975239614768,0.7746975239614768,0.6778419042213288,114722.16061764078,114722.16061764078,0.3934362428545839,63165.25697887062,63165.25697887062,0.2778364193244857,0.20066403094352675,-0.12939343488537502,-0.25359678994555346,-0.181166409127881,0.4849060504114174,0.896504390596594,0.951329509808147,0.898485894560374,29.12980926789084,0.5097358131074884,-15.786396345190791,1.0588140732845108,0.0057120301034161445,0.9493392320206167,-0.05704316575180273,-0.12381015363386308,-0.22543539746692737,0.30918171176284587,div,-0.12939343488537502,-0.13012290715073985,-2.635307746040113e-07,0.4849060504114174,11730,0.0,67838.40000000002,225000.00000000015,685000.0,0.4798817482013329,0.896504390596594,1.595488321303486,11730,0.3934362428545839,0.2893304341133888,-0.05704316575180277,0.335970674239492,0.15989126315158148
allegheny,6,2023,16.05366322167172,39.35542006598762,0.4079149249265891,-0.1139643509689612,0.5110076797356027,87211,11730,0.7651394804622529,0.7651394804622529,0.65272651494149,0.65272651494149,0.7720926354480481,0.7720926354480481,0.6670037796777393,115383.44856306794,115383.44856306794,0.3999995394961132,64178.808998048604,64178.808998048604,0.2807410842261709,0.20776999085683273,-0.12541277136168322,-0.24875955230245184,-0.17603657291430536,0.4803378581605779,0.8899487561179775,0.9419149181053523,0.8911794982001762,29.406395214183533,0.5099805990922669,-16.27791274919377,1.056930640805406,0.009254165310874743,0.9529483256039659,-0.05572769240773839,-0.12095496573039874,-0.21839797598180102,0.3075372574619169,div,-0.12541277136168322,-0.12607655943324744,-2.530172177808039e-07,0.4803378581605779,11730,0.0,67838.40000000002,225000.00000000015,685000.0,0.47191205079162296,0.8899487561179775,1.5861772301639023,11730,0.3999995394961132,0.2959697212694335,-0.05572769240773845,0.34727348505850997,0.16160258065476724
allegheny,6,2023,23.298448422672752,57.11594991741399,0.4079149249265891,-0.1139643509689612,0.5375063393526758,87211,11730,0.7636121321615947,0.7636121321615947,0.6479307329446433,0.6479307329446433,0.7706105050046639,0.7706105050046639,0.6624051640415053,115758.02221592313,115758.02221592313,0.4027520287216921,64496.400746496336,64496.400746496336,0.28286679415394694,0.2093546251745403,-0.11887936192312488,-0.23973423116006323,-0.16985463377920576,0.48091799457844264,0.8894304280925168,0.9410736551795547,0.8929232251932119,29.652902646841095,0.5110529794670989,-15.74603614880802,1.053924490513643,0.015469181821820922,0.9590766081910052,-0.05270778986293124,-0.11440037513038369,-0.20530850755258753,0.30337999436508095,div,-0.11887936192312488,-0.11944417199700744,-2.4012588942524737e-07,0.48091799457844264,11730,0.0,67838.40000000002,225000.00000000015,685000.0,0.47032239298377504,0.8894304280925168,1.5857892632547261,11730,0.4027520287216921,0.2987490004812824,-0.05270778986293129,0.3520692670553567,0.16407698331339085
allegheny,6,2023,33.81270003043063,82.89154910552924,0.4079149249265891,-0.1139643509689612,0.5572766911726996,87211,11730,0.7645009409317117,0.7645009409317117,0.6442529069311494,0.6442529069311494,0.7714730001774869,0.7714730001774869,0.6588785424761128,115540.19453923403,115540.19453923403,0.40485020043861597,64674.31949493574,64674.31949493574,0.28366533586400017,0.21140728144611265,-0.11145679964624533,-0.22979086444658306,-0.16413395545453083,0.48482985531446376,0.8903707104440821,0.9394805576109848,0.8939693246853979,29.76301414071077,0.5160836155067451,-15.94646981726114,1.0509091661971768,0.020894985317694032,0.9647850466315206,-0.050454674549334215,-0.10951006882541776,-0.19580573351031325,0.30251790198934825,div,-0.11145679964624533,-0.11192179892561321,-2.2696423039619403e-07,0.48482985531446376,11730,0.0,67838.40000000002,225000.00000000015,685000.0,0.4686681479857167,0.8903707104440821,1.581370499199519,11730,0.40485020043861597,0.3005304941641177,-0.050454674549334264,0.35574709306885055,0.16762067209780088
allegheny,6,2023,49.071880779635485,120.29930208723489,0.4079149249265891,-0.1139643509689612,0.5767740643818732,87211,11730,0.765331147814537,0.765331147814537,0.6400278793252415,0.6400278793252415,0.7722786283991652,0.7722786283991652,0.6548272161179041,115336.35730657159,115336.35730657159,0.4072472045858462,64934.59246866985,64934.59246866985,0.2842604389064853,0.21132126936531376,-0.10754241890881819,-0.22119511267915043,-0.15877822437551126,0.4872356896701582,0.8923657849166684,0.9385502023165007,0.8944194257102466,29.83168410110387,0.519158654039256,-15.62234462854589,1.0493401365597694,0.025555420671576175,0.966587636508681,-0.04823266906595114,-0.10468728529566161,-0.18622026161329513,0.29812598764258597,div,-0.10754241890881819,-0.10795990917423468,-2.2007990347353945e-07,0.4872356896701582,11730,0.0,67838.40000000002,225000.00000000015,685000.0,0.464907845731074,0.8923657849166684,1.5762915343871664,11730,0.4072472045858462,0.3021152137539997,-0.04823266906595118,0.3599721206747584,0.16691601559700564
allegheny,6,2023,71.21730832153513,174.58863103464978,0.4079149249265891,-0.1139643509689612,0.5905809902625299,87211,11730,0.7620670893549357,0.7620670893549357,0.6287634016844438,0.6287634016844438,0.7691112039093642,0.7691112039093642,0.6440258487815574,116135.70616273546,116135.70616273546,0.4135700409461052,65648.55617488438,65648.55617488438,0.2865299626704816,0.21480740560233028,-0.10318691482261473,-0.21764735832528978,-0.15491419511253401,0.48312720479335025,0.8828310665139194,0.9289219397947853,0.8869355244303968,30.0763782055318,0.5201166848038951,-14.38504715130955,1.047338745836517,0.029109365472874894,0.9718733287793944,-0.046659171719085527,-0.10127206551095408,-0.17901308318402875,0.2964605201739997,div,-0.10318691482261473,-0.10355550134075997,-2.0938598753970353e-07,0.48312720479335025,11730,0.0,67838.40000000002,225000.00000000015,685000.0,0.45761305076026343,0.8828310665139194,1.5579500031939484,11730,0.4135700409461052,0.3075521725659102,-0.04665917171908558,0.3712365983155562,0.17015829917048855
allegheny,6,2023,103.35664588322452,253.3779461534172,0.4079149249265891,-0.1139643509689612,0.5720147252676275,87211,11730,0.7615522459139725,0.7615522459139725,0.6385082295101238,0.6385082295101238,0.7686116026480806,0.7686116026480806,0.6533700428339652,116261.28651388579,116261.28651388579,0.40810591186292666,64851.70486684083,64851.70486684083,0.2855550883901589,0.20957851515859682,-0.11181806687887864,-0.22526986343819552,-0.16279329802453152,0.49052043470972856,0.8939535427652542,0.9432393659391822,0.8970447073968754,29.970124226920564,0.5200602970569463,-14.666761416214404,1.0514964952821122,0.025249950577087954,0.9618187766416514,-0.04877506405914733,-0.1058645342535832,-0.18715304494933488,0.2955763348444724,div,-0.11181806687887864,-0.11228762542757562,-2.303724696189288e-07,0.49052043470972856,11730,0.0,67838.40000000002,225000.00000000015,685000.0,0.46441803958757255,0.8939535427652542,1.588112141113562,11730,0.40810591186292666,0.30177300215827707,-0.04877506405914738,0.3614917704898762,0.16075294796726078
allegheny,6,2023,150.0,367.7237355975512,0.4079149249265891,-0.1139643509689612,0.5731211858623689,87211,11730,0.7628872196600682,0.7628872196600682,0.6358989178148311,0.6358989178148311,0.7699070538751218,0.7699070538751218,0.6508680063423835,115935.37946185353,115935.37946185353,0.40957615393283014,65186.53758274251,65186.53758274251,0.2858811961764068,0.21337408365469512,-0.1076527956182662,-0.22273325149408155,-0.16003984339128477,0.4877157035957197,0.8922748889687873,0.9387972082891507,0.8945776165388711,29.981097916179962,0.5195333878970205,-16.214850702197918,1.0494306932486928,0.02605755179643256,0.9670853598811313,-0.04864896699559489,-0.10559084508143705,-0.1867232013802171,0.2982618149299464,div,-0.1076527956182662,-0.1080715787093787,-2.205228240343631e-07,0.4877157035957197,11730,0.0,67838.40000000002,225000.00000000015,685000.0,0.4621111384777381,0.8922748889687873,1.5790031596288316,11730,0.40957615393283014,0.30374042149469793,-0.04864896699559494,0.3641010821851689,0.16782657398019085
allegheny,7,2024,0.001,0.0024024552881171776,0.41624083700792097,-0.10921914757754057,0.005393575920117133,98941,11740,0.8018708528247462,0.8018708528247462,0.7677920300924409,0.7677920300924409,0.8098499978683869,0.8098499978683869,0.781381650019676,113388.21171132349,113388.21171132349,0.33094894157507326,59433.806862676895,59433.806862676895,0.25249497458117737,0.1636399863337487,-0.2820850417718502,-0.48877380682691,-0.29362727734762756,0.41258260118707474,0.9319514907860602,1.015682260287516,0.9162681251216902,26.075510386637134,0.40622957602306287,-43.35763549846192,1.1084989561899499,-0.13039012190513882,0.8584663390632618,-0.10863006581315063,-0.2303059569584885,-0.4821614639234001,0.49109850398580424,div,-0.2820850417718502,-0.289945925530907,-4.5687484402955413e-07,0.41258260118707474,11740,0.0,69999.99999999994,234999.99999999994,731124.9999999984,0.5993109088744252,0.9319514907860602,1.7793692628737092,11740,0.33094894157507326,0.2393685230798428,-0.10863006581315063,0.23220796990755907,0.1383696271281855
allegheny,7,2024,0.001451285485497223,0.0034866484892005093,0.41624083700792097,-0.10921914757754057,0.006102883931579206,98941,11740,0.803668493128717,0.803668493128717,0.7675467058299448,0.7675467058299448,0.8115752428033463,0.8115752428033463,0.7811506829882757,112872.64982758221,112872.64982758221,0.3311237167397957,59405.07647656471,59405.07647656471,0.25222468890630834,0.16315196432489978,-0.2830877414229255,-0.490186690305843,-0.29310360359570514,0.41065969346475306,0.9318476425545765,1.0152470398558766,0.9159445097240219,26.04126729500773,0.4045096101988441,-43.46638550932591,1.108415443378524,-0.13057504949281443,0.8582908612454213,-0.1085525957967688,-0.23014171323714994,-0.4816254161076875,0.49042958168475637,div,-0.2830877414229255,-0.2910356449218201,-4.5636194380260946e-07,0.41065969346475306,11740,0.0,69999.99999999994,234999.99999999994,731124.9999999984,0.6001327579618079,0.9318476425545765,1.775482511405286,11740,0.3311237167397957,0.2393743381554365,-0.10855259579676882,0.2324532941700552,0.13708981035601953
allegheny,7,2024,0.00210622956041491,0.00506012234540752,0.41624083700792097,-0.10921914757754057,0.007783771626603375,98941,11740,0.8035030880496621,0.8035030880496621,0.767970191212905,0.767970191212905,0.8114164989911243,0.8114164989911243,0.7815493845302616,112920.18620957586,112920.18620957586,0.33082195724228536,59371.96366292768,59371.96366292768,0.25226625742375536,0.1629978828667808,-0.28178381838929606,-0.48863868622932344,-0.2930278733097287,0.411854220782791,0.9312820196944855,1.0158479002617937,0.9167152440875369,26.067018056185926,0.4054462901749592,-44.75774651531257,1.1081389851577408,-0.13004422637384874,0.8589118490950187,-0.1083690106755447,-0.2297524955126612,-0.48114631949158493,0.4907504842370732,div,-0.28178381838929606,-0.289618691267659,-4.5558125866409254e-07,0.411854220782791,11740,0.0,69999.99999999994,234999.99999999994,731124.9999999984,0.598814309604792,0.9312820196944855,1.7790728322990559,11740,0.33082195724228536,0.2391093610698548,-0.1083690106755447,0.232029808787095,0.13766347128330014
allegheny,7,2024,0.003056740390155355,0.007343682114730098,0.41624083700792097,-0.10921914757754057,0.008881925461001305,98941,11740,0.8020001345990205,0.8020001345990205,0.7679304501705976,0.7679304501705976,0.8099740731496078,0.8099740731496078,0.7815119692722959,113351.21205357034,113351.21205357034,0.33085028689218443,59387.63377916187,59387.63377916187,0.2522028034237574,0.1627224436541561,-0.28108699369844325,-0.48809374760029917,-0.29285597868336943,0.4120721710837188,0.9319911101455503,1.0158210750010266,0.9168812339335252,26.04862322893337,0.4056715619201456,-42.833182176036736,1.1079091134225074,-0.1297318076553176,0.8594886298636748,-0.10824907124984276,-0.22949821264901227,-0.4805789242156073,0.4898362523624473,div,-0.28108699369844325,-0.28886192629407903,-4.546951435087509e-07,0.4120721710837188,11740,0.0,69999.99999999994,234999.99999999994,731124.9999999984,0.6015421656563755,0.9319911101455503,1.7705321073005016,11740,0.33085028689218443,0.23906831990063862,-0.10824907124984276,0.23206954982940242,0.13810581468012495
allegheny,7,2024,0.004436202961165585,0.010657779263213343,0.41624083700792097,-0.10921914757754057,0.004383080132609574,98941,11740,0.8019476099889535,0.8019476099889535,0.76790001708261,0.76790001708261,0.809923663833974,0.809923663833974,0.781483317234714,113366.24573404473,113366.24573404473,0.3308719796688129,59473.02145160479,59473.02145160479,0.2527129188462103,0.16380951505114527,-0.2825682881260255,-0.4897063798190643,-0.2941122397598917,0.41247703338310177,0.9319376889897383,1.0163312106069757,0.9167722475488631,26.084429104916275,0.40586631342754803,-42.949744634717796,1.1085972697409847,-0.13081163613526436,0.8581165102983167,-0.1087404313016929,-0.23053994217486165,-0.4826398305979348,0.4914381622411596,div,-0.2825682881260255,-0.2904710268568813,-4.575404256451805e-07,0.41247703338310177,11740,0.0,69999.99999999994,234999.99999999994,731124.9999999984,0.6017574286874028,0.9319376889897383,1.7871188167357415,11740,0.3308719796688129,0.23936446399376005,-0.1087404313016929,0.23209998291738995,0.13726435015343733
allegheny,7,2024,0.006438196968259414,0.015467480352334811,0.41624083700792097,-0.10921914757754057,0.01311424334982636,98941,11740,0.803468664071363,0.803468664071363,0.767320330221148,0.767320330221148,0.8113834613505737,0.8113834613505737,0.780937555669301,112930.07692940836,112930.07692940836,0.3312849106099261,59439.952510617826,59439.952510617826,0.2527960976134401,0.16401305320098963,-0.27818791187339337,-0.4858213864561228,-0.2923439503419197,0.41327574527486016,0.9299853739967392,1.015548393958376,0.9173429995253299,26.1323129786066,0.4069656847864325,-42.649468596891445,1.1070541711048774,-0.1286905629201066,0.8613639471896467,-0.10778682109774809,-0.22851819884863878,-0.47797769236360854,0.488662227260405,div,-0.27818791187339337,-0.28571691037912067,-4.5131986703519103e-07,0.41327574527486016,11740,0.0,69999.99999999994,234999.99999999994,731124.9999999984,0.59896121721097,0.9299853739967392,1.775202619080334,11740,0.3312849106099261,0.23961248576015676,-0.1077868210977481,0.23267966977885202,0.13925753496491966
allegheny,7,2024,0.009343661812807113,0.022447729732556983,0.41624083700792097,-0.10921914757754057,0.01028902316191349,98941,11740,0.8039673312126278,0.8039673312126278,0.7679760104383022,0.7679760104383022,0.8118620459471682,0.8118620459471682,0.7815548631943015,112786.71483897133,112786.71483897133,0.3308178087675352,59454.982767572445,59454.982767572445,0.252777022508251,0.1638586504666833,-0.27923968006518685,-0.487046291918171,-0.29282950033393207,0.4129210479610338,0.9314588073633618,1.0164935140511682,0.9180014305643653,26.117980211550446,0.4062383374333023,-43.50436954405005,1.1072896840980435,-0.12933526786545088,0.8608499851193508,-0.1080953892383908,-0.2291723923298418,-0.4798285218777576,0.4905468941448234,div,-0.27923968006518685,-0.2868572628664256,-4.526373961421075e-07,0.4129210479610338,11740,0.0,69999.99999999994,234999.99999999994,731124.9999999984,0.6014121617713297,0.9314588073633618,1.776215892443621,11740,0.3308178087675352,0.2394454928641712,-0.10809538923839081,0.23202398956169776,0.13981972057572425
allegheny,7,2024,0.013560320770321632,0.032578064343224404,0.41624083700792097,-0.10921914757754057,0.014356705240116452,98941,11740,0.804029114983752,0.804029114983752,0.7670183929934491,0.7670183929934491,0.8119213415348111,0.8119213415348111,0.7806532888607869,112768.93989930632,112768.93989930632,0.33149978717925055,59549.661214609565,59549.661214609565,0.25294575718378365,0.16367935115443727,-0.2780821351807306,-0.4856307243077208,-0.29160327545652265,0.41239052477171073,0.9309380799398079,1.0151040849175068,0.9171463037171848,26.118886210133287,0.4062717267145519,-42.23367497974222,1.1068071482197552,-0.1281754886432682,0.861844740085634,-0.10765112046919305,-0.22823050075248744,-0.4771459058572691,0.4887595610343317,div,-0.2780821351807306,-0.28560226480920337,-4.501819176189262e-07,0.41239052477171073,11740,0.0,69999.99999999994,234999.99999999994,731124.9999999984,0.597869104335964,0.9309380799398079,1.774078302628192,11740,0.33149978717925055,0.2400277368112137,-0.10765112046919305,0.232981607006551,0.14020707097698032
allegheny,7,2024,0.019679896712654306,0.047280071926916196,0.41624083700792097,-0.10921914757754057,0.020188662084508313,98941,11740,0.8033408927526572,0.8033408927526572,0.7668938776844375,0.7668938776844375,0.8112608356951836,0.8112608356951836,0.7805360606217465,112966.78069555164,112966.78069555164,0.33158835916014834,59401.41807652021,59401.41807652021,0.2525099843233573,0.16529530615891025,-0.27620173420036814,-0.4831851809879583,-0.28962278058260665,0.4116627284488448,0.9297103917355141,1.0136774569614935,0.9165537787998159,26.1028949814391,0.40612549803283887,-42.126944591800005,1.10596615322328,-0.12666360373827146,0.8630170862041149,-0.10701415911393954,-0.226880082768579,-0.4744604818498513,0.4857092088703828,div,-0.27620173420036814,-0.2835654175755019,-4.4634865291215295e-07,0.4116627284488448,11740,0.0,69999.99999999994,234999.99999999994,731124.9999999984,0.598798360927175,0.9297103917355141,1.775565453008396,11740,0.33158835916014834,0.24002205896563003,-0.10701415911393956,0.23310612231556244,0.13895506616720457
allegheny,7,2024,0.028561148455159703,0.0686168821407982,0.41624083700792097,-0.10921914757754057,0.03030135696039682,98941,11740,0.8048030874786484,0.8048030874786484,0.7663442326587012,0.7663442326587012,0.8126641442655179,0.8126641442655179,0.7800185827391002,112546.0333056064,112546.0333056064,0.3319790579988961,59250.73929127632,59250.73929127632,0.25272459242203826,0.1639658289493576,-0.2717311873914843,-0.47844352134141616,-0.2880361813539504,0.4134650475458026,0.9298041452518379,1.0138810649105066,0.917911072463559,26.114675401135933,0.4078216589943561,-41.719847652977556,1.1045526035429294,-0.12406543437323672,0.8659399389360485,-0.10590965919988324,-0.22453843906466336,-0.4690025631468907,0.4820719293720036,div,-0.2717311873914843,-0.27873208138475775,-4.410466907706843e-07,0.4134650475458026,11740,0.0,69999.99999999994,234999.99999999994,731124.9999999984,0.597875648053951,0.9298041452518379,1.776770300687901,11740,0.3319790579988961,0.240048694551162,-0.10590965919988325,0.23365576734129878,0.1407396388102056
allegheny,7,2024,0.04145038020210471,0.09958268511101404,0.41624083700792097,-0.10921914757754057,0.04047913944147408,98941,11740,0.800667573628694,0.800667573628694,0.7669840593723575,0.7669840593723575,0.8086951776667339,0.8086951776667339,0.7806209645628961,113732.00552282706,113732.00552282706,0.33152421221637396,59347.46212148648,59347.46212148648,0.25228390143969465,0.1629087642738346,-0.2686209608678939,-0.4750675733838866,-0.284806737560018,0.41173454547313226,0.9307448267533931,1.0144325440726911,0.9199580930418102,26.08945600529185,0.4058939991053489,-40.97408576829386,1.1026942985179948,-0.12150168892210032,0.8689486534778493,-0.10479805047307038,-0.22218172400906916,-0.4645737814388684,0.47889458943699487,div,-0.2686209608678939,-0.2753769425746327,-4.341736716565969e-07,0.41173454547313226,11740,0.0,69999.99999999994,234999.99999999994,731124.9999999984,0.5956866422838161,0.9307448267533931,1.7763516398370331,11740,0.33152421221637396,0.23975743412714895,-0.10479805047307038,0.23301594062764255,0.1408950840950929
allegheny,7,2024,0.060156335155656014,0.1445229055084551,0.41624083700792097,-0.10921914757754057,0.0585627485792094,98941,11740,0.8028944504423562,0.8028944504423562,0.7662086363383545,0.7662086363383545,0.8108323727079569,0.8108323727079569,0.7798909219881388,113094.93280917677,113094.93280917677,0.33207537192739217,59413.46108403599,59413.46108403599,0.25213776981579866,0.16595805457032548,-0.2636391481581635,-0.4683636632670645,-0.279194269327162,0.40939802323014984,0.9289345259341918,1.0103905274561928,0.9181943716860774,26.039032532319816,0.4052051649836155,-39.99350343994343,1.1004102819763706,-0.11699250614758482,0.8731145905977183,-0.10282297409792147,-0.2179943763236947,-0.45582432074061807,0.4720203336001127,div,-0.2636391481581635,-0.27001538174536777,-4.2370337193332746e-07,0.40939802323014984,11740,0.0,69999.99999999994,234999.99999999994,731124.9999999984,0.5959277937307564,0.9289345259341918,1.758561034984629,11740,0.33207537192739217,0.24080259079498623,-0.1028229740979215,0.2337913636616456,0.14177187115793685
allegheny,7,2024,0.0873040160721099,0.2097439950863075,0.41624083700792097,-0.10921914757754057,0.0823200060544298,98941,11740,0.8015345678542211,0.8015345678542211,0.7653321100301054,0.7653321100301054,0.8095272559156057,0.8095272559156057,0.7790656930552128,113484.39792583126,113484.39792583126,0.3326972950050645,59418.03949420887,59418.03949420887,0.25126300806267726,0.1659743511735453,-0.2570276965904764,-0.45884219877863536,-0.2722265716627085,0.40746433118425784,0.9287896259647044,1.0073237625238622,0.9178642157897998,25.938563969007184,0.4045190842602657,-39.20573842604981,1.097464902972696,-0.11094402417535235,0.8778614276862085,-0.10022822668769778,-0.21249326775946897,-0.4440831964971892,0.4613088558487963,div,-0.2570276965904764,-0.2629232374551881,-4.1112681202632063e-07,0.40746433118425784,11740,0.0,69999.99999999994,234999.99999999994,731124.9999999984,0.5880599592360547,0.9287896259647044,1.7480589067749044,11740,0.3326972950050645,0.241126191426036,-0.10022822668769778,0.23466788996989457,0.1407133287357107
allegheny,7,2024,0.12670305135106935,0.30439841573895887,0.41624083700792097,-0.10921914757754057,0.10974338519716442,98941,11740,0.8069354653370766,0.8069354653370766,0.7651181272631673,0.7651181272631673,0.8147106460554179,0.8147106460554179,0.7788642333057871,111929.60525885056,111929.60525885056,0.3328489460598553,59174.224933679485,59174.224933679485,0.250554473433792,0.16564562902373128,-0.25051073101473764,-0.44861256232763574,-0.26487806775689654,0.4055057385194958,0.9268332532190489,1.0044004052329216,0.9176282247865846,25.883289556569178,0.4037463622789609,-37.442024325064494,1.09456136821262,-0.10469045467794558,0.8827909376509196,-0.09723306859403259,-0.20614325088485877,-0.43119430698333955,0.45204254340748606,div,-0.25051073101473764,-0.2559576658923153,-3.987765556819201e-07,0.4055057385194958,11740,0.0,69999.99999999994,234999.99999999994,731124.9999999984,0.585360387274416,0.9268332532190489,1.741207002808357,11740,0.3328489460598553,0.241434122946518,-0.09723306859403259,0.23488187273683264,0.14157370334295044
allegheny,7,2024,0.18388229939401626,0.4417690025703005,0.41624083700792097,-0.10921914757754057,0.1323336487963397,98941,11740,0.8039278304393966,0.8039278304393966,0.7635740935122464,0.7635740935122464,0.8118241359666267,0.8118241359666267,0.7774105617928124,112798.07758291246,112798.07758291246,0.3339411720477982,59410.813406877,59410.813406877,0.25048833453554753,0.1663243782644771,-0.24243472631483604,-0.4373421302101755,-0.25860143874262775,0.4060991275403706,0.926860374848211,1.0022381395342272,0.9181404514954892,25.894033973865827,0.40520950875770506,-36.7173899028039,1.0915956680720882,-0.0983426699146172,0.8876496500219565,-0.0947657792601787,-0.2009123654308807,-0.41934753656979906,0.4419391878213468,div,-0.24243472631483604,-0.2473592594426248,-3.8648546347916804e-07,0.4060991275403706,11740,0.0,69999.99999999994,234999.99999999994,731124.9999999984,0.5828729609680952,0.926860374848211,1.7297124475496206,11740,0.3339411720477982,0.2422054399378461,-0.09476577926017872,0.2364259064877537,0.14046663567574577
allegheny,7,2024,0.26686571215039057,0.6411329413728624,0.41624083700792097,-0.10921914757754057,0.18227873227316682,98941,11740,0.8052389503460237,0.8052389503460237,0.7600023860167164,0.7600023860167164,0.8130824538698447,0.8130824538698447,0.7740478830716818,112420.30884926723,112420.30884926723,0.3364541563588742,59431.845028645315,59431.845028645315,0.25013058111587944,0.16821584337560141,-0.2291380699569735,-0.4157196739469722,-0.2447834132205436,0.4043931997376543,0.9263096744237933,0.9966827531743324,0.9175314141187209,25.807767417388188,0.4057564179063304,-33.5322380403751,1.0862655358036275,-0.08574046339454165,0.8969743786470868,-0.08931081981715054,-0.18934733833371165,-0.39341908754246674,0.4214025329130022,div,-0.2291380699569735,-0.23327958406252047,-3.637536616442258e-07,0.4043931997376543,11740,0.0,69999.99999999994,234999.99999999994,731124.9999999984,0.5712519380443105,0.9263096744237933,1.7014829757843,11740,0.3364541563588742,0.2440209771532863,-0.08931081981715056,0.2399976139832835,0.1413536119506794
allegheny,7,2024,0.38729833462074176,0.9304669320885772,0.41624083700792097,-0.10921914757754057,0.22169526861272393,98941,11740,0.8071117226971478,0.8071117226971478,0.7571391478655647,0.7571391478655647,0.8148798051007733,0.8148798051007733,0.7713522115990157,111878.50078860416,111878.50078860416,0.338455201535722,59679.32501291351,59679.32501291351,0.25012552465582505,0.1687224649159523,-0.218768214911986,-0.4004346190312194,-0.23348982524279666,0.40045966435017644,0.923478327227011,0.9915202073120785,0.9166859980497352,25.848345548445188,0.4039017236748515,-31.70698589354178,1.0816355976000007,-0.07631807998606314,0.9048937958621228,-0.08500577931768494,-0.18022024755499605,-0.37334038776660183,0.4051667164887615,div,-0.218768214911986,-0.2223620410388569,-3.439135453703691e-07,0.40045966435017644,11740,0.0,69999.99999999994,234999.99999999994,731124.9999999984,0.5665068902299405,0.923478327227011,1.680430700459602,11740,0.338455201535722,0.24594484780214904,-0.08500577931768498,0.2428608521344353,0.1425220525716077
allegheny,7,2024,0.5620804515923291,1.3503731532752825,0.41624083700792097,-0.10921914757754057,0.28230237821908155,98941,11740,0.8094145005561895,0.8094145005561895,0.7514482303421384,0.7514482303421384,0.8170898444667536,0.8170898444667536,0.7659943464088551,111208.67033240179,111208.67033240179,0.3423977210973501,59999.66166560591,59999.66166560591,0.2508937895663401,0.17071051758464784,-0.2015054768743859,-0.37472305920910404,-0.21740505093765167,0.3984571703461045,0.9213160108238354,0.9850064087640558,0.9164219567387466,25.935143893752553,0.4045396435513232,-27.514806736626536,1.074839381052566,-0.06196283164787896,0.9168983672231898,-0.07838632246934,-0.16618637642924602,-0.341699387171236,0.3815476648347108,div,-0.2015054768743859,-0.2043012524260717,-3.1519170558239804e-07,0.3984571703461045,11740,0.0,69999.99999999994,234999.99999999994,731124.9999999984,0.5559057206133563,0.9213160108238354,1.6657919446717264,11740,0.3423977210973501,0.24934728682703353,-0.07838632246934003,0.2485517696578616,0.14476732710943363
allegheny,7,2024,0.8157392010776716,1.959776957353534,0.41624083700792097,-0.10921914757754057,0.3364193130497465,98941,11740,0.8077419280842062,0.8077419280842062,0.743140524451021,0.743140524451021,0.8154846305764845,0.8154846305764845,0.7581728364289826,111695.58630857476,111695.58630857476,0.34807291585769595,60486.58219469774,60486.58219469774,0.25151131847154146,0.173390629910886,-0.18643847261002114,-0.3510014121788653,-0.20215171079213465,0.3955405316943289,0.9191418794173536,0.9766059801147526,0.9136142261384094,26.020911846279404,0.40503272217623454,-25.032654587749924,1.068947868995639,-0.04903407614481536,0.9272469141206547,-0.07247571697762548,-0.1536553368520922,-0.31255806634579686,0.358744896166874,div,-0.18643847261002114,-0.1886448307965536,-2.8948949488003245e-07,0.3955405316943289,11740,0.0,69999.99999999994,234999.99999999994,731124.9999999984,0.5417806791096241,0.9191418794173536,1.6283239978585782,11740,0.34807291585769595,0.25359283177068975,-0.07247571697762549,0.2568594755489791,0.14590857390242393
allegheny,7,2024,1.1838704624751253,2.8441958530190936,0.41624083700792097,-0.10921914757754057,0.39442629525212936,98941,11740,0.8089323594379073,0.8089323594379073,0.7341718199977059,0.7341718199977059,0.8166271203498018,0.8166271203498018,0.7497290118271592,111349.24872091647,111349.24872091647,0.3540975685270921,61043.80884146164,61043.80884146164,0.25267148775015186,0.17608449439642698,-0.16884318708955495,-0.32530444487481636,-0.1866970525687631,0.3941575955237176,0.9173934974679558,0.9690531659290078,0.9122057650369123,26.135636351859187,0.40676239179171775,-22.959939771542924,1.0623186161181466,-0.03555887573600375,0.9386158503815575,-0.06614024382793564,-0.1402235378781889,-0.28195165738499073,0.3384702899751992,div,-0.16884318708955495,-0.17047566438856054,-2.612520580975712e-07,0.3941575955237176,11740,0.0,69999.99999999994,234999.99999999994,731124.9999999984,0.5274198243245214,0.9173934974679558,1.6129424100198486,11740,0.3540975685270921,0.2580096072672641,-0.06614024382793567,0.265828180002294,0.1462427352062911
allegheny,7,2024,1.7181340188990342,4.127740159398003,0.41624083700792097,-0.10921914757754057,0.45404473017808555,98941,11740,0.8054976485833574,0.8054976485833574,0.7229681368175482,0.7229681368175482,0.8133307336968252,0.8133307336968252,0.7391810072452172,112345.62091803097,112345.62091803097,0.36148251658647457,62003.2198470745,62003.2198470745,0.25556507249560345,0.18133664993245918,-0.1511058409996602,-0.297761550824738,-0.16995573766686106,0.39200323297447565,0.9119719252263205,0.9595944560133634,0.9089970708899492,26.464555236243765,0.40852667163905176,-22.382391390838887,1.0556628692696193,-0.021288566396339276,0.9505948114396943,-0.05962876918541563,-0.12641859918528645,-0.25088262141060563,0.32178248589022734,div,-0.1511058409996602,-0.15227192356653826,-2.325290301827213e-07,0.39200323297447565,11740,0.0,69999.99999999994,234999.99999999994,731124.9999999984,0.513922003529664,0.9119719252263205,1.5829981063617324,11740,0.36148251658647457,0.26483546340144604,-0.05962876918541566,0.2770318631824518,0.1506574163253229
allegheny,7,2024,2.4935029637671793,5.990529381238315,0.41624083700792097,-0.10921914757754057,0.513714332732093,98941,11740,0.801849365278688,0.801849365278688,0.70750682187138,0.70750682187138,0.8098293756783304,0.8098293756783304,0.7246245423512558,113394.36014632344,113394.36014632344,0.3714328463277612,63160.28820561741,63160.28820561741,0.25909900595804564,0.18727042205817784,-0.13069482462743298,-0.26990160217223347,-0.15483138933409094,0.393981640202531,0.9073227311306131,0.9494149775730806,0.905431299262535,26.8681797206471,0.414990736440945,-20.61243327789832,1.0485775987050259,-0.006890847540479801,0.9641706880625511,-0.053111706058176306,-0.11260181237914209,-0.2194083886191214,0.3067611088671054,div,-0.13069482462743298,-0.13144668411441673,-2.0213459720247782e-07,0.393981640202531,11740,0.0,69999.99999999994,234999.99999999994,731124.9999999984,0.4994575418957118,0.9073227311306131,1.5608687949085847,11740,0.3714328463277612,0.27245821348808885,-0.05311170605817633,0.2924931781286199,0.1553427867978987
allegheny,7,2024,3.618784659359615,8.693968341435827,0.41624083700792097,-0.10921914757754057,0.5640076284267799,98941,11740,0.8001599328098941,0.8001599328098941,0.6918696937782257,0.6918696937782257,0.8082079807845329,0.8082079807845329,0.7099025535085934,113876.7343501588,113876.7343501588,0.3812322598038031,64079.54037201861,64079.54037201861,0.26348539541811766,0.19147010455131114,-0.11538476654363676,-0.24615122668659517,-0.14258687565140102,0.397832248318558,0.9057697960114502,0.9438877385469276,0.9046769449860403,27.40447355541639,0.42150054143655485,-18.845472372421668,1.0433423154842223,0.005708008021289054,0.9741455897044844,-0.0476187151735374,-0.10095615504862918,-0.1925970900606553,0.29657024501252266,div,-0.11538476654363676,-0.11590096022731323,-1.8019998023946952e-07,0.397832248318558,11740,0.0,69999.99999999994,234999.99999999994,731124.9999999984,0.48711497186786007,0.9057697960114502,1.5441567661135693,11740,0.3812322598038031,0.2800377432426112,-0.04761871517353744,0.3081303062217743,0.15966507375917102
allegheny,7,2024,5.2518896512686215,12.61743006529818,0.41624083700792097,-0.10921914757754057,0.6133946572495977,98941,11740,0.7962236565648448,0.7962236565648448,0.6770534977847249,0.6770534977847249,0.8044302280053083,0.8044302280053083,0.6959534529571624,114992.78793774854,114992.78793774854,0.3902902734581169,65076.297213416736,65076.297213416736,0.26659918172810265,0.19746800116579666,-0.09986714722345552,-0.22362914608809562,-0.12920792798979155,0.39681053360435153,0.9026745704226553,0.9361758618777637,0.9023255239719727,27.80871859596319,0.42388129280076137,-17.122206539226017,1.037514552128354,0.01697606771349529,0.9846760278602105,-0.042224705984121806,-0.08952034822192605,-0.16795992906641152,0.2899963793793246,div,-0.09986714722345552,-0.10020115480728599,-1.5556507960623291e-07,0.39681053360435153,11740,0.0,69999.99999999994,234999.99999999994,731124.9999999984,0.4720936250680073,0.9026745704226553,1.5310704023682573,11740,0.3902902734581169,0.2871511842947974,-0.04222470598412184,0.32294650221527504,0.16295633762490716
allegheny,7,2024,7.621991222319222,18.311493118043526,0.41624083700792097,-0.10921914757754057,0.64470429538172,98941,11740,0.7936594167534863,0.7936594167534863,0.6635488428137388,0.6635488428137388,0.8019692563989222,0.8019692563989222,0.6832391374752868,115714.03762320711,115714.03762320711,0.3983670860116652,65991.88596632252,65991.88596632252,0.2700261169693535,0.20138471094189098,-0.09082389260894308,-0.2094670224173229,-0.12151292054230294,0.3984090872466715,0.8997850240654597,0.9303456169851014,0.8994365056508908,28.21622914360195,0.4282559610921072,-15.882972746702793,1.0343649731137416,0.0246851397598766,0.9904908404860187,-0.03880509399637015,-0.08227044916892812,-0.1520464758486256,0.28588321734158256,div,-0.09082389260894308,-0.09107487078170867,-1.4204816444215473e-07,0.3984090872466715,11740,0.0,69999.99999999994,234999.99999999994,731124.9999999984,0.4647043188688799,0.8997850240654597,1.526738413588985,11740,0.3983670860116652,0.2935325228717654,-0.03880509399637019,0.3364511571862613,0.16449007754513462
allegheny,7,2024,11.061685231539125,26.575204179998856,0.41624083700792097,-0.10921914757754057,0.6754303492620279,98941,11740,0.7905790097967523,0.7905790097967523,0.6505193165692817,0.6505193165692817,0.7990129049597718,0.7990129049597718,0.6709721445304604,116574.57081239416,116574.57081239416,0.4060074697562632,66851.58078332922,66851.58078332922,0.27303881244931627,0.2067323558296567,-0.08218143853124336,-0.19548628955095676,-0.11343009892460915,0.3985056131153836,0.8955018333903064,0.9234380767584622,0.8954633821640525,28.56335829176475,0.4315639525377512,-14.097085734539863,1.0312404673955553,0.031954832393347045,0.9962338641452111,-0.03544922058314133,-0.07515568188898737,-0.13717919509404972,0.2828872907124286,div,-0.08218143853124336,-0.08236720391383771,-1.2856254503724748e-07,0.3985056131153836,11740,0.0,69999.99999999994,234999.99999999994,731124.9999999984,0.45632374555564775,0.8955018333903064,1.50344341883581,11740,0.4060074697562632,0.29971891122494715,-0.03544922058314138,0.3494806834307182,0.16600642283278544
allegheny,7,2024,16.05366322167172,38.56820810055747,0.41624083700792097,-0.10921914757754057,0.686883479965898,98941,11740,0.7901969633515993,0.7901969633515993,0.6440851521730631,0.6440851521730631,0.798646244458801,0.798646244458801,0.6649145298656257,116680.85578097562,116680.85578097562,0.40972785365141057,67353.8705245178,67353.8705245178,0.27566598100012457,0.2087401814483919,-0.07829931607355856,-0.19070634142003656,-0.1114857840864288,0.4014919053630025,0.894171670129466,0.9229036277856517,0.8960506820482464,28.886401071630395,0.43504976433275644,-14.474735120484697,1.0299681103707474,0.03536791567175696,0.998781784173208,-0.034198319410570485,-0.07250365374693549,-0.1311977157678949,0.28403231535781875,div,-0.07829931607355856,-0.07845991929885604,-1.234073542464283e-07,0.4014919053630025,11740,0.0,69999.99999999994,234999.99999999994,731124.9999999984,0.4538897338882299,0.894171670129466,1.5123332412164088,11740,0.40972785365141057,0.3029681524308868,-0.03419831941057053,0.355914847826937,0.16709992845235624
allegheny,7,2024,23.298448422672752,55.973480617975476,0.41624083700792097,-0.10921914757754057,0.7026001617133062,98941,11740,0.7892862770169848,0.7892862770169848,0.6344664643704223,0.6344664643704223,0.7977722336888712,0.7977722336888712,0.6558587612060647,116933.81827986348,116933.81827986348,0.41522744328668326,67983.99222893521,67983.99222893521,0.27821210581683425,0.21136563540062733,-0.0724664798642446,-0.1828630856093248,-0.10730017906594667,0.4029923840202244,0.8933439977670301,0.9202341587756623,0.8952887183464873,29.183996838376004,0.43794239161044657,-15.255605663781138,1.0278630121412082,0.0397762233057898,1.0030033902035747,-0.03248175682737106,-0.06886437961556495,-0.12325229070739616,0.2846699239710604,div,-0.0724664798642446,-0.07259373098563979,-1.1464108384907106e-07,0.4029923840202244,11740,0.0,69999.99999999994,234999.99999999994,731124.9999999984,0.44678407343249293,0.8933439977670301,1.5087999593891466,11740,0.41522744328668326,0.3074494919554089,-0.03248175682737111,0.3655335356295777,0.16960473247695348
allegheny,7,2024,33.81270003043063,81.23349999362793,0.41624083700792097,-0.10921914757754057,0.7247104826866144,98941,11740,0.7889519770057981,0.7889519770057981,0.6278250740728841,0.6278250740728841,0.7974513967562641,0.7974513967562641,0.6496060482220911,117026.54001604044,117026.54001604044,0.41898260339590415,68474.31706231952,68474.31706231952,0.2801630512765338,0.21660348485852182,-0.06592188400947356,-0.1736532620641673,-0.10205889386652474,0.40363642112430226,0.8904979509546518,0.9173077562646901,0.8945789236932224,29.469600462284728,0.44004164372766386,-13.200949474749777,1.0254072971869634,0.0446372586555889,1.0080147746317474,-0.030066886418000514,-0.0637446272118663,-0.11338996085599669,0.28428009738449267,div,-0.06592188400947356,-0.06601762590208506,-1.0445427925055453e-07,0.40363642112430226,11740,0.0,69999.99999999994,234999.99999999994,731124.9999999984,0.4418507632832153,0.8904979509546518,1.493733398437179,11740,0.41898260339590415,0.3108815362055957,-0.030066886418000562,0.3721749259271159,0.1728615139178218
allegheny,7,2024,49.071880779635485,117.89299947689096,0.41624083700792097,-0.10921914757754057,0.7376094643918516,98941,11740,0.7881668175339629,0.7881668175339629,0.6215979571205404,0.6215979571205404,0.7966978575755242,0.7966978575755242,0.643743363862903,117244.02415648145,117244.02415648145,0.42247320737831234,68708.65290121864,68708.65290121864,0.2818982550331331,0.21432770040277693,-0.0626225587669865,-0.16799931446599606,-0.09962051592087509,0.4072524565575014,0.8899893596896986,0.9173067305772662,0.8955220250604519,29.699806647254018,0.44398431706971864,-13.665310702474025,1.0243262643544069,0.04826768760889546,1.0101656030821953,-0.02865807063153622,-0.060757805235361464,-0.10716709278319406,0.28587308813888596,div,-0.0626225587669865,-0.06270461181340152,-1.001153801581924e-07,0.4072524565575014,11740,0.0,69999.99999999994,234999.99999999994,731124.9999999984,0.44022948167629045,0.8899893596896986,1.5042165029102232,11740,0.42247320737831234,0.31322303358871817,-0.02865807063153627,0.37840204287945955,0.17329357708687235
allegheny,7,2024,71.21730832153513,171.09639898254355,0.41624083700792097,-0.10921914757754057,0.7308677052609015,98941,11740,0.7872438150534127,0.7872438150534127,0.6177539504351004,0.6177539504351004,0.79581202666096,0.79581202666096,0.6401243218497508,117499.17516575672,117499.17516575672,0.42461363757044723,69115.82097441531,69115.82097441531,0.28278117601723385,0.21883813740764277,-0.06351000024689019,-0.17093206617139098,-0.10062651711363983,0.404307068846559,0.8888941136228008,0.9138668574819474,0.8919332220354531,29.710502057067778,0.4424323804361484,-14.008526425192205,1.0245911183759253,0.04686271815397845,1.0099189673285693,-0.02939439981699171,-0.0623188923655532,-0.10973354386111236,0.28632596025445683,div,-0.06351000024689019,-0.06359559711811491,-1.0079981339578667e-07,0.404307068846559,11740,0.0,69999.99999999994,234999.99999999994,731124.9999999984,0.4367265781353284,0.8888941136228008,1.5007289524873841,11740,0.42461363757044723,0.3154140636911367,-0.029394399816991747,0.3822460495648996,0.17407801745386445
allegheny,7,2024,103.35664588322452,248.30972046420726,0.41624083700792097,-0.10921914757754057,0.7316437645624659,98941,11740,0.7858694303496082,0.7858694303496082,0.6173104071325285,0.6173104071325285,0.794492991788585,0.794492991788585,0.6397067362475353,117878.08097073552,117878.08097073552,0.4248599186412583,69221.95283362718,69221.95283362718,0.28373412226806244,0.21767325770857116,-0.0634408167140448,-0.16978848942774838,-0.10096996589645316,0.4084194354951729,0.8912916693227289,0.9167428784672222,0.8946102834205544,29.846177988139093,0.4455304104936455,-14.715118906394977,1.0247399291701003,0.04804927816337528,1.0094494814578834,-0.029309639281605217,-0.06213919205819928,-0.10904061908117164,0.2856931304631489,div,-0.0634408167140448,-0.06352613370830795,-1.0171416663283626e-07,0.4084194354951729,11740,0.0,69999.99999999994,234999.99999999994,731124.9999999984,0.4370713799774573,0.8912916693227289,1.511704532496144,11740,0.4248599186412583,0.3155560718286873,-0.02930963928160526,0.3826895928674715,0.17206595992142457
allegheny,7,2024,150.0,360.36829321757665,0.41624083700792097,-0.10921914757754057,0.7429101485085949,98941,11740,0.78586822715227,0.78586822715227,0.6146646688840104,0.6146646688840104,0.7944918370469446,0.7944918370469446,0.637215835824948,117878.41214809674,117878.41214809674,0.4263260311559008,69350.36044192208,69350.36044192208,0.28378065101030975,0.21946835475305376,-0.060025353445954284,-0.165159511292107,-0.0977696591668843,0.4065584086028703,0.8878865932816491,0.9128390443340625,0.8919934229415573,29.83318302550961,0.44539694848370415,-13.590423108120856,1.0233697030228788,0.049863485929320044,1.0120066522058924,-0.028079134430727713,-0.05953040603655721,-0.10451324914735331,0.2855116487340377,div,-0.060025353445954284,-0.06009760100801175,-9.579965672400784e-08,0.4065584086028703,11740,0.0,69999.99999999994,234999.99999999994,731124.9999999984,0.4346941965766801,0.8878865932816491,1.4916255138478804,11740,0.4263260311559008,0.31688804128946635,-0.028079134430727758,0.3853353311159896,0.1731770286991759
