county_key,fold,validation_year,rho_tilde,raw_rho,Var_training_y,n_train,n_val,fit_status,R2_price,R2,R2_log,R2 (log),OOS_R2_price,OOS R2,OOS_R2_log,RMSE_price,RMSE,RMSE_log,MAE_price,MAE,MAPE,MdAPE,"Corr(r,price)","Corr(r,logprice)",Slope(r~logy),Std ratio,Median ratio,Mean ratio,W. Mean ratio,COD,COV_IAAO,VEI,PRD,PRB,MKI,Cov_log_residual_log_price,Beta_log,Corr_log_residual_log_price,dCor_e_y,fairness_ratio_mode,"Corr(r,y)_price","FisherZ(r,y)_price",Slope(r~y)_price,Std(r),val_rows,small_abs_y_share,y_q05,y_q50,y_q95,r_q05,r_q50,r_q95,N,RMSE (log),MAE (log),"Cov(e,logprice)",NMSE,Delta_NL
miami_dade,1,2018,0.0,0.0,0.47392274189056655,31510,15907,OK,0.7257827490458497,0.7257827490458497,0.8304591066071287,0.8304591066071287,0.7268001019334791,0.7268001019334791,0.8372017664156365,426869.3719496246,426869.3719496246,0.26881649683261005,96643.70556024353,96643.70556024353,0.19134190528475217,0.13293492765373496,-0.07844169495810258,-0.21054751315646653,-0.11685253159060087,0.36233200150817363,0.9193826797204768,0.9735066227486224,0.9253915994818692,18.94629803691086,0.37220434114374756,2.487587654897439,1.0519942295712357,-0.003599015314300692,0.9484245650333804,-0.03869639543502309,-0.09078898179021265,-0.2273622781354315,0.23034815561156965,div,-0.07844169495810258,-0.07860317806987037,-3.4866315326092717e-08,0.36233200150817363,15907,0.0,139999.9999999999,337589.99999999977,1199999.9999999998,0.6595908245955932,0.9193826797204768,1.408563807745853,15907,0.26881649683261005,0.18768862076536091,-0.03869639543502309,0.1695408933928713,0.12732975671738173
miami_dade,1,2018,0.001,0.002110048561946643,0.47392274189056655,31510,15907,OK,0.7223193745671495,0.7223193745671495,0.8300204612124411,0.8300204612124411,0.7233495766610728,0.7233495766610728,0.8367805659961036,429556.6019520081,429556.6019520081,0.2691640205049248,96852.51339881333,96852.51339881333,0.1917171355183896,0.13371926033454273,-0.07759863407121695,-0.2079266655268998,-0.11626365459500318,0.36505009420514595,0.9190882741234013,0.9732328572366803,0.9252778921274539,18.956460920732546,0.3751019774381155,2.7466794168988944,1.0518276352620568,-0.0025041392628313308,0.9487514736887176,-0.0384822231096278,-0.09028649345424011,-0.22588823758326684,0.22978982484027988,div,-0.07759863407121695,-0.07775495386688984,-3.4750329968257476e-08,0.36505009420514595,15907,0.0,139999.9999999999,337589.99999999977,1199999.9999999998,0.6616166840851408,0.9190882741234013,1.4111370396090341,15907,0.2691640205049248,0.18798865491184188,-0.0384822231096278,0.1699795387875589,0.12779555063202389
miami_dade,1,2018,0.001451285485497223,0.003062282851647451,0.47392274189056655,31510,15907,OK,0.7252055546237357,0.7252055546237357,0.8305620559624494,0.8305620559624494,0.7262250489171667,0.7262250489171667,0.8373006214638755,427318.3902048699,427318.3902048699,0.26873486848051836,96790.75168962605,96790.75168962605,0.1912393413633356,0.13309810502516978,-0.07876726292131137,-0.20938368119780085,-0.11635396062083876,0.3627914334530335,0.9184822376261825,0.9731896428876122,0.924813658452849,18.929412579878797,0.3727976763392787,2.586935005257132,1.0523088991956422,-0.0031740027126587415,0.9477128277723095,-0.038701507992515254,-0.09080097680638508,-0.2275324876633892,0.22953125916341433,div,-0.07876726292131137,-0.07893077011727048,-3.505541955495877e-08,0.3627914334530335,15907,0.0,139999.9999999999,337589.99999999977,1199999.9999999998,0.6594946644459493,0.9184822376261825,1.4031980723276387,15907,0.26873486848051836,0.18761537898017275,-0.038701507992515254,0.1694379440375507,0.12554593477976983
miami_dade,1,2018,0.00210622956041491,0.004444246655082991,0.47392274189056655,31510,15907,OK,0.7256538961901489,0.7256538961901489,0.8303678795274565,0.8303678795274565,0.726671727125109,0.726671727125109,0.8371141674468656,426969.651704979,426969.651704979,0.26888880990549596,96556.2805518944,96556.2805518944,0.19144562099862275,0.13270206244089613,-0.07714351126487645,-0.2081689587564406,-0.1162052123370767,0.3644419167970323,0.919047478466192,0.9735895768104391,0.9259952966932898,18.948159402125185,0.3743398464941779,1.985803159065052,1.0513979717684392,-0.0025782643732397597,0.9493129719557023,-0.03838472355569156,-0.09005774126356811,-0.225469875273784,0.23022428435798947,div,-0.07714351126487645,-0.07729709015072748,-3.448896136000807e-08,0.3644419167970323,15907,0.0,139999.9999999999,337589.99999999977,1199999.9999999998,0.659788692019684,0.919047478466192,1.4070446170054982,15907,0.26888880990549596,0.18764855014852783,-0.03838472355569156,0.16963212047254356,0.12705853640569448
miami_dade,1,2018,0.003056740390155355,0.006449870664491528,0.47392274189056655,31510,15907,OK,0.7256182221135594,0.7256182221135594,0.8306561388626251,0.8306561388626251,0.7266361854002396,0.7266361854002396,0.8373909626768572,426997.410898055,426997.410898055,0.2686602486347046,96525.4949519698,96525.4949519698,0.19117576478036416,0.13274712369917502,-0.07803367055311959,-0.2094953762987634,-0.11636323471589921,0.36262690782055473,0.9193502283221865,0.9730164464057687,0.9251127418375911,18.908961848990245,0.37269494060588415,2.2086635611079615,1.0517814774370358,-0.0033686870500787692,0.9485282619609585,-0.038531126551905985,-0.09040123007713637,-0.22662727661380527,0.2294112116085966,div,-0.07803367055311959,-0.07819264070441369,-3.4713184268918204e-08,0.36262690782055473,15907,0.0,139999.9999999999,337589.99999999977,1199999.9999999998,0.6616051633844371,0.9193502283221865,1.4033178547325613,15907,0.2686602486347046,0.18758348278216294,-0.03853112655190599,0.1693438611373749,0.1260366245652654
miami_dade,1,2018,0.004436202961165585,0.009360603678710881,0.47392274189056655,31510,15907,OK,0.7282270006412722,0.7282270006412722,0.8303721966777148,0.8303721966777148,0.7292352852940986,0.7292352852940986,0.8371183129035877,424962.65089403524,424962.65089403524,0.2688853882634808,96586.89856249021,96586.89856249021,0.1914934121602642,0.13318721758004395,-0.07756055916408564,-0.2081292654946581,-0.11599614545649094,0.3638556221107454,0.9188168289429077,0.9731544574115988,0.9253798574660362,18.953337232449606,0.3739047351058582,2.4363824852579645,1.0516270151766471,-0.0026889220023800183,0.9489080461360535,-0.03835693273684746,-0.08999253880433108,-0.22539329935196695,0.2298234712007143,div,-0.07756055916408564,-0.07771664841479688,-3.461962923814947e-08,0.3638556221107454,15907,0.0,139999.9999999999,337589.99999999977,1199999.9999999998,0.6606134510939868,0.9188168289429077,1.406274872049819,15907,0.2688853882634808,0.18784752462821802,-0.03835693273684746,0.16962780332228522,0.12662947117727597
miami_dade,1,2018,0.006438196968259414,0.013584908254405012,0.47392274189056655,31510,15907,OK,0.7254924066918135,0.7254924066918135,0.8304964801400188,0.8304964801400188,0.726510836756868,0.726510836756868,0.8372376535990502,427095.29768671544,427095.29768671544,0.26878686629417714,96351.18399270526,96351.18399270526,0.1913195520410044,0.13264511905009177,-0.07677212746819642,-0.20710620195475662,-0.11597148480694071,0.36557525926693835,0.9188435828118564,0.973331409713172,0.9258189613944185,18.949128637229702,0.37560356850590854,1.9842675697321288,1.0513193726851229,-0.002388021595093669,0.9492999984217907,-0.038347200121558185,-0.08996970426839213,-0.22539020478457264,0.229468314290422,div,-0.07677212746819642,-0.0769234937225781,-3.442966234916103e-08,0.36557525926693835,15907,0.0,139999.9999999999,337589.99999999977,1199999.9999999998,0.6613310427586564,0.9188435828118564,1.4025105703010243,15907,0.26878686629417714,0.18760084891136,-0.038347200121558185,0.1695035198599812,0.12609733353063945
miami_dade,1,2018,0.009343661812807113,0.019715580171429412,0.47392274189056655,31510,15907,OK,0.7314761103429758,0.7314761103429758,0.8301861839437784,0.8301861839437784,0.732472340717212,0.732472340717212,0.8369396979163535,422414.74891799776,422414.74891799776,0.26903277684273136,96366.11055374378,96366.11055374378,0.19158696785659157,0.13318560552537545,-0.07546994258130287,-0.2058184137412494,-0.11505310595983234,0.3649495261246531,0.9190123538671531,0.9733635439262552,0.9267369317395954,18.95095329554363,0.37494829171772226,2.309418973808905,1.05031267298168,-0.0015972510290964191,0.9509158005026381,-0.03790168520016119,-0.08892444292993237,-0.22256092665246083,0.2290883542011406,div,-0.07546994258130287,-0.07561371927353959,-3.378774554622029e-08,0.3649495261246531,15907,0.0,139999.9999999999,337589.99999999977,1199999.9999999998,0.6610853686098399,0.9190123538671531,1.40630142848204,15907,0.26903277684273136,0.18783135339917742,-0.037901685200161205,0.16981381605622162,0.12627685091760518
miami_dade,1,2018,0.013560320770321632,0.028612935340952352,0.47392274189056655,31510,15907,OK,0.7245432015358808,0.7245432015358808,0.8300693991431389,0.8300693991431389,0.7255651531759018,0.7255651531759018,0.8368275576599639,427833.0754740031,427833.0754740031,0.26912527090451205,96842.48236624066,96842.48236624066,0.19161529272716024,0.1333449387921723,-0.07814904783190321,-0.2077536151425728,-0.11570754677061139,0.36360661827036467,0.9184340236005675,0.9728954945471228,0.9247913486191464,18.963598582339237,0.37374831108372814,2.6086063161764828,1.052016215333116,-0.002444678029057368,0.9483015363477901,-0.03834208332335135,-0.08995769930270987,-0.22515864648172018,0.22946856570191743,div,-0.07814904783190321,-0.07830872590108488,-3.485843311596449e-08,0.36360661827036467,15907,0.0,139999.9999999999,337589.99999999977,1199999.9999999998,0.6591561334540135,0.9184340236005675,1.4068467398472864,15907,0.26912527090451205,0.18806396177326434,-0.03834208332335135,0.16993060085686099,0.12628936134191082
miami_dade,1,2018,0.019679896712654306,0.04152553775779468,0.47392274189056655,31510,15907,OK,0.7321628110194989,0.7321628110194989,0.8298424363399297,0.8298424363399297,0.7331564937169796,0.7331564937169796,0.8366096211921749,421874.27897404466,421874.27897404466,0.2693049355552518,96581.77436085198,96581.77436085198,0.1919424078376268,0.1343002862018043,-0.07702492989553006,-0.20642256498633674,-0.11458295591266086,0.3623944474340919,0.9181168297925195,0.972376128221844,0.9251219859646592,18.96304528566288,0.37270129170159894,3.0974189563848453,1.0510788230893802,-0.0017772306001159394,0.9497556920194763,-0.03785457038123147,-0.08881390275197078,-0.2222503114242468,0.22784951615431373,div,-0.07702492989553006,-0.07717779996167082,-3.424248213014016e-08,0.3623944474340919,15907,0.0,139999.9999999999,337589.99999999977,1199999.9999999998,0.6606276548228649,0.9181168297925195,1.4111407663098319,15907,0.2693049355552518,0.18851249383101787,-0.03785457038123147,0.17015756366007034,0.12586426376195356
miami_dade,1,2018,0.028561148455159703,0.06026541022535432,0.47392274189056655,31510,15907,OK,0.7289738516628288,0.7289738516628288,0.829042536378493,0.829042536378493,0.7299793654796092,0.7299793654796092,0.8358415333393857,424378.3357873608,424378.3357873608,0.26993718613176065,96817.7892951409,96817.7892951409,0.19224269342375835,0.13348260238238355,-0.07421649817413219,-0.20274706418923835,-0.11408525770374235,0.36736149769518933,0.9190101591170315,0.9732731282647106,0.9271178755119827,19.0113815345523,0.3774614080421169,2.8963973367269435,1.049783586285875,-0.00010441075344052713,0.9518939530243425,-0.03742219046521042,-0.08779945859300502,-0.21903936326776394,0.22682632539618258,div,-0.07421649817413219,-0.0743532139675187,-3.3446177247182254e-08,0.36736149769518933,15907,0.0,139999.9999999999,337589.99999999977,1199999.9999999998,0.6590835419174591,0.9190101591170315,1.4054216041652878,15907,0.26993718613176065,0.18851032613376636,-0.03742219046521042,0.17095746362150702,0.12579913904391346
miami_dade,1,2018,0.04145038020210471,0.08746231513759264,0.47392274189056655,31510,15907,OK,0.7292392137183639,0.7292392137183639,0.8295775590552164,0.8295775590552164,0.730243743035254,0.730243743035254,0.8363552781059436,424170.53021802945,424170.53021802945,0.26951446200811036,96787.87478469226,96787.87478469226,0.19194584017809968,0.13258093043227595,-0.07616897949200539,-0.20556930477229307,-0.11475724932017942,0.36445217486303627,0.9188735905136409,0.9733869736948705,0.9263926156905778,18.986367271479512,0.37442830135330984,2.622453776545291,1.0507283382966743,-0.0011848917629330542,0.950402859461382,-0.03780694747924711,-0.08870217051612687,-0.22160247790893955,0.22834829264007664,div,-0.07616897949200539,-0.07631679792491124,-3.405423074703495e-08,0.36445217486303627,15907,0.0,139999.9999999999,337589.99999999977,1199999.9999999998,0.6590092393170036,0.9188735905136409,1.4121419436534886,15907,0.26951446200811036,0.18821347818873546,-0.03780694747924711,0.17042244094478362,0.12691881997776305
miami_dade,1,2018,0.060156335155656014,0.12693278848717227,0.47392274189056655,31510,15907,OK,0.7245384572253029,0.7245384572253029,0.8297348677756664,0.8297348677756664,0.7255604264668352,0.7255604264668352,0.8365063306414362,427836.7598344129,427836.7598344129,0.2693900454022515,96976.35484893619,96976.35484893619,0.19184573345741288,0.13295270274535148,-0.07548786166663346,-0.20301082430958,-0.11282093046167443,0.3628182848803117,0.918953167423986,0.9731436356659634,0.9267783086550316,18.976642674973647,0.37284289438833507,3.699429281428208,1.050028498269687,-0.00012817666297826826,0.9517117852505032,-0.03711576132145633,-0.08708051850467056,-0.21768759874411686,0.2259570586936043,div,-0.07548786166663346,-0.07563174102998253,-3.35984065267539e-08,0.3628182848803117,15907,0.0,139999.9999999999,337589.99999999977,1199999.9999999998,0.6585701790918225,0.918953167423986,1.4072742926131032,15907,0.2693900454022515,0.18827100558311147,-0.03711576132145633,0.17026513222433362,0.1267070227642428
miami_dade,1,2018,0.0873040160721099,0.1842157135651221,0.47392274189056655,31510,15907,OK,0.7247860660229029,0.7247860660229029,0.8295994545345604,0.8295994545345604,0.7258071166295778,0.7258071166295778,0.8363763027996878,427644.4281545245,427644.4281545245,0.2694971481559652,97019.39147037611,97019.39147037611,0.19186650218856613,0.13332557566840755,-0.07302814793858693,-0.19985798258025383,-0.11111829979651114,0.362980063245189,0.919274736863769,0.9731166747008069,0.9282421257384678,18.9856421182337,0.3730194771753741,3.7452561511220286,1.0483435816130828,0.0010818936560679224,0.9542960845691771,-0.03653388080425724,-0.08571531797148979,-0.21418715833113547,0.22569515332765458,div,-0.07302814793858693,-0.07315838733347528,-3.2518121534781864e-08,0.362980063245189,15907,0.0,139999.9999999999,337589.99999999977,1199999.9999999998,0.6580876833068112,0.919274736863769,1.4065944199946545,15907,0.2694971481559652,0.18838982486835681,-0.03653388080425725,0.1704005454654395,0.12667000109872287
miami_dade,1,2018,0.12670305135106935,0.2673495912975756,0.47392274189056655,31510,15907,OK,0.7266427216278786,0.7266427216278786,0.8288791561936478,0.8288791561936478,0.7276568839956318,0.7276568839956318,0.8356846508022987,426199.49392543506,426199.49392543506,0.27006614176362054,97073.89500875346,97073.89500875346,0.19268741740408074,0.13424680505082562,-0.07045589538533473,-0.19540651179251764,-0.10964899963606539,0.36633998652095845,0.9189995220151226,0.9737432636541543,0.9300485697399489,19.077267789125834,0.376230076031488,4.372595908587073,1.0469810882311479,0.003340842806197306,0.9566172435420058,-0.03571719475992538,-0.08379921975165254,-0.20886231756119233,0.2236300691126997,div,-0.07045589538533473,-0.0705728256519993,-3.1663145368205606e-08,0.36633998652095845,15907,0.0,139999.9999999999,337589.99999999977,1199999.9999999998,0.6568521463340772,0.9189995220151226,1.4055095560203414,15907,0.27006614176362054,0.18893370564921072,-0.03571719475992539,0.17112084380635215,0.12694860607081906
miami_dade,1,2018,0.18388229939401626,0.38800058140378607,0.47392274189056655,31510,15907,OK,0.727105817576619,0.727105817576619,0.8288734649728688,0.8288734649728688,0.7281182618467723,0.7281182618467723,0.8356791859219903,425838.32753732585,425838.32753732585,0.270070632722244,97260.5570464665,97260.5570464665,0.1928245579593109,0.13398081635225367,-0.06806854602620298,-0.1907948424678268,-0.1070198569870244,0.36619838023776285,0.9192244503483498,0.9739680667712348,0.9317702549759881,19.10816438626687,0.3759978421051183,4.781514979894798,1.0452877858784344,0.0054967902890810105,0.9592735037061576,-0.03481463649295812,-0.08168164923524902,-0.2035429377414067,0.22140272658347737,div,-0.06806854602620298,-0.0681739671953071,-3.057843709161876e-08,0.36619838023776285,15907,0.0,139999.9999999999,337589.99999999977,1199999.9999999998,0.6561069996197869,0.9192244503483498,1.409186508528339,15907,0.270070632722244,0.1890217320519713,-0.03481463649295812,0.1711265350271311,0.12622044288803472
miami_dade,1,2018,0.26686571215039057,0.5630996121557984,0.47392274189056655,31510,15907,OK,0.7324541839685541,0.7324541839685541,0.8278253727001712,0.8278253727001712,0.7334467856650764,0.7334467856650764,0.8346727763932095,421644.7436310294,421644.7436310294,0.2708964159803937,97344.65281486326,97344.65281486326,0.19346195230894184,0.13423925940445144,-0.06217518745707199,-0.18248371757332552,-0.10304896329133183,0.36867033249238795,0.9188329134629597,0.9744025858421538,0.9355980644062003,19.19098111039354,0.37836714177545366,5.388783882300371,1.0414756324454153,0.009408140982296587,0.9656648318605104,-0.03290158766653636,-0.07719327885570208,-0.19170677677017758,0.21917256177536673,div,-0.06217518745707199,-0.06225549179347219,-2.8119505896591016e-08,0.36867033249238795,15907,0.0,139999.9999999999,337589.99999999977,1199999.9999999998,0.6559352479475292,0.9188329134629597,1.4131053039377424,15907,0.2708964159803937,0.18952799866842385,-0.03290158766653636,0.1721746272998288,0.12811127410326217
miami_dade,1,2018,0.38729833462074176,0.8172182940108259,0.47392274189056655,31510,15907,OK,0.732545778664466,0.732545778664466,0.8273344882285494,0.8273344882285494,0.7335380405423663,0.7335380405423663,0.8342014144505256,421572.56210964755,421572.56210964755,0.27128231545203024,97233.0241185718,97233.0241185718,0.19377172849385496,0.1341693659227193,-0.05712254981125835,-0.17397476659236435,-0.098524326043991,0.3697225108338295,0.9203608139390308,0.9752005449619574,0.9394477073295813,19.2454781083015,0.3791365116330407,7.164097125585815,1.0380572940392871,0.013126796995456366,0.9713206050671042,-0.03100747632506487,-0.07274933935807514,-0.18028093923422117,0.21621457024644852,div,-0.05712254981125835,-0.05718480175410528,-2.5908118214594653e-08,0.3697225108338295,15907,0.0,139999.9999999999,337589.99999999977,1199999.9999999998,0.656133140711547,0.9203608139390308,1.4173123770897396,15907,0.27128231545203024,0.1897973633934413,-0.03100747632506487,0.1726655117714506,0.12874051121078725
miami_dade,1,2018,0.5620804515923291,1.1860170485807138,0.47392274189056655,31510,15907,OK,0.7369933428488797,0.7369933428488797,0.82635947265171,0.82635947265171,0.7379691041519614,0.7379691041519614,0.8332651753494441,418052.64876879065,418052.64876879065,0.2720471819477157,97525.02222490542,97525.02222490542,0.1944764858030988,0.13480118268161098,-0.05024210549018249,-0.1607561562969614,-0.09176162006247665,0.37265945317406995,0.9197254588041486,0.975244929715386,0.9435487433870059,19.349634739537528,0.3821308433040559,8.860365730395932,1.0335925266718093,0.01895618560265238,0.9787892151742285,-0.028087451477455873,-0.06589841487954862,-0.16284634801249878,0.2131814172127851,div,-0.05024210549018249,-0.050284444499615145,-2.2968485768633768e-08,0.37265945317406995,15907,0.0,139999.9999999999,337589.99999999977,1199999.9999999998,0.6535992928459078,0.9197254588041486,1.419696012174896,15907,0.2720471819477157,0.19054202539685341,-0.02808745147745587,0.17364052734829002,0.1291741867659616
miami_dade,1,2018,0.8157392010776716,1.7212493281574444,0.47392274189056655,31510,15907,OK,0.7286322133101524,0.7286322133101524,0.8246145448283696,0.8246145448283696,0.7296389946138009,0.7296389946138009,0.8315896434958178,424645.723742054,424645.723742054,0.2734106772029547,99116.49356184843,99116.49356184843,0.19593046997481708,0.1347474416923552,-0.040108839841191964,-0.1455442738663726,-0.08348110613169978,0.37446545075571297,0.9208324222656331,0.977107118265779,0.9516810685078205,19.534198572534397,0.3832509402208547,11.031406683168708,1.0267169859728587,0.02626713195968587,0.9903579890877194,-0.024718716457425818,-0.05799473240599323,-0.14237567485144395,0.21236201620522602,div,-0.040108839841191964,-0.040130368576580915,-1.842486209438212e-08,0.37446545075571297,15907,0.0,139999.9999999999,337589.99999999977,1199999.9999999998,0.6527818848164142,0.9208324222656331,1.4250579439991635,15907,0.2734106772029547,0.1916573474679587,-0.024718716457425818,0.17538545517163043,0.1322239725096949
miami_dade,1,2018,1.1838704624751253,2.4980241668767453,0.47392274189056655,31510,15907,OK,0.7304018054951751,0.7304018054951751,0.8219726554909917,0.8219726554909917,0.7314020215673764,0.7314020215673764,0.8290528223853271,423258.8995598302,423258.8995598302,0.27546221821903133,99730.57428929619,99730.57428929619,0.19764087464664115,0.13633072385064365,-0.028997243913911196,-0.12715886254293007,-0.07397275830849402,0.3797902944220303,0.921558823809472,0.9779370049115735,0.9592934974180266,19.730932002844316,0.3883708571337153,13.829482325199107,1.0194346230259317,0.034869635125683654,1.0020881810866675,-0.020714663881631817,-0.04860047611147027,-0.1183560595666663,0.2107220553262055,div,-0.028997243913911196,-0.029005375365674824,-1.3509926150312382e-08,0.3797902944220303,15907,0.0,139999.9999999999,337589.99999999977,1199999.9999999998,0.6494538301570519,0.921558823809472,1.4348054191684307,15907,0.27546221821903133,0.19321665621413078,-0.020714663881631817,0.17802734450900828,0.13010672137122137
miami_dade,1,2018,1.7181340188990342,3.6253462158095133,0.47392274189056655,31510,15907,OK,0.7234143915633326,0.7234143915633326,0.8188923962316499,0.8188923962316499,0.7244405311167003,0.7244405311167003,0.826095065372447,428708.7998833845,428708.7998833845,0.27783504544207005,101782.10052592598,101782.10052592598,0.20002063151085675,0.13781552502356842,-0.01601121931985292,-0.10647474067497202,-0.06316329536483337,0.3872905252791649,0.9227176545294756,0.9800868985835481,0.969589339762635,20.032709516093476,0.39517179548140535,16.621792179355158,1.010826809238108,0.045033832158110874,1.0162328609492104,-0.01635666021102909,-0.03837578434253277,-0.09251401223566344,0.2129227121187966,div,-0.01601121931985292,-0.01601258773783662,-7.607004447965593e-09,0.3872905252791649,15907,0.0,139999.9999999999,337589.99999999977,1199999.9999999998,0.6476476462639392,0.9227176545294756,1.4424692136474568,15907,0.27783504544207005,0.19505617326379593,-0.016356660211029092,0.18110760376835003,0.13134116253832412
miami_dade,1,2018,2.4935029637671793,5.261412342906629,0.47392274189056655,31510,15907,OK,0.7296883996717423,0.7296883996717423,0.8164236231580184,0.8164236231580184,0.7306912624974645,0.7306912624974645,0.8237244756730256,423818.5395659272,423818.5395659272,0.2797222935656315,103311.2192482707,103311.2192482707,0.20191602990863733,0.14025314052283333,-0.004000980579529103,-0.08714371369643326,-0.05160661466033859,0.3866232706513714,0.9229126419175427,0.9806741808744954,0.9780555066612944,20.265709127494045,0.3942547192319167,20.23844241297561,1.0026774290368654,0.0534781685537107,1.0295808981304782,-0.01179806695516081,-0.027680471886597186,-0.06624775313659859,0.21790928464632814,div,-0.004000980579529103,-0.004001001928760609,-1.897609408762222e-09,0.3866232706513714,15907,0.0,139999.9999999999,337589.99999999977,1199999.9999999998,0.6443654928887996,0.9229126419175427,1.452890666316425,15907,0.2797222935656315,0.19707498621556904,-0.01179806695516081,0.1835763768419815,0.13145847716719458
miami_dade,1,2018,3.618784659359615,7.635811366476328,0.47392274189056655,31510,15907,OK,0.7090380300802253,0.7090380300802253,0.812005147720662,0.812005147720662,0.7101175062957379,0.7101175062957379,0.8194817234853828,439709.3726678557,439709.3726678557,0.28306857734266044,105913.36775093818,105913.36775093818,0.20529631184138214,0.14264500678352357,0.007441910103713444,-0.06680504351222577,-0.04071225628063593,0.3978639628303679,0.9214244857715135,0.982114814961882,0.9871272188869075,20.663451595868835,0.4051221540478411,22.72331811564835,0.9949222310669567,0.06428359300238307,1.042518756185674,-0.007366109411090615,-0.01728227049754979,-0.040840255809107044,0.22477837093875336,div,0.007441910103713444,0.007442047490965007,3.632213889262303e-09,0.3978639628303679,15907,0.0,139999.9999999999,337589.99999999977,1199999.9999999998,0.6416897049013728,0.9214244857715135,1.457646209943663,15907,0.28306857734266044,0.20003429142023038,-0.007366109411090616,0.187994852279338,0.13067250358869162
miami_dade,1,2018,5.2518896512686215,11.081742206161811,0.47392274189056655,31510,15907,OK,0.7042989995169638,0.7042989995169638,0.8078989148524163,0.8078989148524163,0.7053960576548803,0.7053960576548803,0.8155387959458458,443275.78312532924,443275.78312532924,0.2861433073246691,108349.460564518,108349.460564518,0.20787673108233706,0.14342201317951603,0.019244128943599396,-0.0497811652253545,-0.030801346617218957,0.4039460163997161,0.9234994357262913,0.9845077516550116,0.9976675315534691,20.998472366107794,0.41031542253915326,25.566669404490774,0.9868094535681978,0.07315746745495517,1.0560075108780889,-0.003400739579602385,-0.007978771156714384,-0.01862305018090344,0.23255590542714838,div,0.019244128943599396,0.019246505072713947,9.536169878122613e-09,0.4039460163997161,15907,0.0,139999.9999999999,337589.99999999977,1199999.9999999998,0.6364371317415608,0.9234994357262913,1.4709400118705043,15907,0.2861433073246691,0.20204874529085914,-0.003400739579602389,0.19210108514758367,0.13225946994283608
miami_dade,1,2018,7.621991222319222,16.08277161782461,0.47392274189056655,31510,15907,OK,0.6931468851929812,0.6931468851929812,0.803666370464917,0.803666370464917,0.6942853179551097,0.6942853179551097,0.8114745803099426,451557.30958188453,451557.30958188453,0.2892784162523098,111177.14850831105,111177.14850831105,0.2107425613553413,0.1459543449882719,0.029288548841915483,-0.03326512945678401,-0.020802487721739215,0.4082674346506673,0.9232758302970442,0.9858575954293037,1.0061003510428264,21.359802475819937,0.4141371635188526,27.475935675470367,0.979879983549811,0.08147752110831818,1.0676171145017739,0.0003181264154417285,0.00074638407566985,0.0017218287917675952,0.23983133481115249,div,0.029288548841915483,0.029296927913778702,1.4668813446834548e-08,0.4082674346506673,15907,0.0,139999.9999999999,337589.99999999977,1199999.9999999998,0.6328467460453603,0.9232758302970442,1.4870275354730216,15907,0.2892784162523098,0.20479840977494337,0.0003181264154417262,0.1963336295350831,0.13229111089423926
miami_dade,1,2018,11.061685231539125,23.340693015515548,0.47392274189056655,31510,15907,OK,0.6816007276420977,0.6816007276420977,0.7987468005437093,0.7987468005437093,0.6827819969387058,0.6827819969387058,0.8067506622206856,459974.3793219295,459974.3793219295,0.2928802456696655,113943.9763282669,113943.9763282669,0.21389232306621758,0.14801458007794266,0.03525514789815215,-0.022371069887288937,-0.014187990801531715,0.4140500364073659,0.9242024434104866,0.9871563820347907,1.0118680696829399,21.714756184104232,0.4194503112862269,29.784199114328597,0.9755781525393006,0.08812150563749688,1.0752226010861112,0.0031194126343146505,0.0073187255213085734,0.016665566081268013,0.24682704341660264,div,0.03525514789815215,0.03526976530760617,1.790720309961146e-08,0.4140500364073659,15907,0.0,139999.9999999999,337589.99999999977,1199999.9999999998,0.6292413866604433,0.9242024434104866,1.4998944433212715,15907,0.2928802456696655,0.20761688786997853,0.00311941263431465,0.2012531994562907,0.13306689485428425
miami_dade,1,2018,16.05366322167172,33.87400899486412,0.47392274189056655,31510,15907,OK,0.6732997008462998,0.6732997008462998,0.7962293538639914,0.7962293538639914,0.6745117671607892,0.6745117671607892,0.8043333346697967,465931.82429232023,465931.82429232023,0.29470635076112217,115743.87302640545,115743.87302640545,0.21591397182945532,0.14951374486563276,0.04329514018980308,-0.0104672596881406,-0.0066153678302747765,0.41260993560488374,0.9236908157579059,0.989021397243397,1.0192630741766824,22.004491011367232,0.4172032140172755,31.399828373431646,0.9703298611521728,0.09355719111162794,1.0837618346919795,0.005471628243355549,0.01283746331833307,0.029014917092266283,0.2500533081905752,div,0.04329514018980308,0.04332222245700566,2.1914482678309207e-08,0.41260993560488374,15907,0.0,139999.9999999999,337589.99999999977,1199999.9999999998,0.6265393042853894,0.9236908157579059,1.509123065862147,15907,0.29470635076112217,0.20943297329603405,0.005471628243355546,0.20377064613600862,0.13187438924918074
miami_dade,1,2018,23.298448422672752,49.160857589848675,0.47392274189056655,31510,15907,OK,0.6447383749646631,0.6447383749646631,0.7914549843766591,0.7914549843766591,0.646056404515452,0.646056404515452,0.7997488423773345,485871.8720883777,485871.8720883777,0.2981388628463577,119848.46543210829,119848.46543210829,0.21921158517177616,0.1511710755130628,0.05086082868380734,-0.002138813416271997,-0.0013678168817336477,0.41751659627005017,0.9243355580434754,0.9914780465696411,1.027426831277189,22.385446156970296,0.42111847257580065,33.46808806470789,0.9650108566243494,0.09930081209804416,1.0921267634604084,0.007315364457512165,0.017163213344691324,0.03829505490208127,0.25269100608621964,div,0.05086082868380734,0.05090475288079581,2.6050110300357152e-08,0.41751659627005017,15907,0.0,139999.9999999999,337589.99999999977,1199999.9999999998,0.6225933050393782,0.9243355580434754,1.5326503742297617,15907,0.2981388628463577,0.21207314332485455,0.007315364457512161,0.20854501562334093,0.13004812028602541
miami_dade,1,2018,33.81270003043063,71.34643907474337,0.47392274189056655,31510,15907,OK,0.6482755228408494,0.6482755228408494,0.7854518141107654,0.7854518141107654,0.6495804294841871,0.6495804294841871,0.7939844188472014,483447.039566827,483447.039566827,0.3023995265196521,122547.82121125015,122547.82121125015,0.223760293902193,0.15598855448386992,0.052790311167713114,0.004579858830867744,0.0029845589954352594,0.4254482679023814,0.9243555683498662,0.9933934196629297,1.0314148122644826,22.88985568600347,0.42829118162084484,34.325023044098856,0.963136662233814,0.10531379740293738,1.09566968963441,0.008853860342967406,0.020772812465194773,0.04566037999356132,0.2491978322856015,div,0.052790311167713114,0.052839432306926004,2.7552015432546506e-08,0.4254482679023814,15907,0.0,139999.9999999999,337589.99999999977,1199999.9999999998,0.6180697929047031,0.9243555683498662,1.5394868800346262,15907,0.3023995265196521,0.21600381811984115,0.008853860342967403,0.2145481858892346,0.12766583367934692
miami_dade,1,2018,49.071880779635485,103.54405147108696,0.47392274189056655,31510,15907,OK,0.6312525847361898,0.6312525847361898,0.7752212000322029,0.7752212000322029,0.6326206469074034,0.6326206469074034,0.7841606774055785,495007.86709504144,495007.86709504144,0.30952544570246404,128149.60541929932,128149.60541929932,0.23062297860337647,0.15865119853595938,0.05689961653551716,0.01765566808986324,0.011665353018596825,0.431352593523436,0.924470861279746,0.9980936730192301,1.0396434589874077,23.723591090815763,0.4321900482904008,36.79163275615932,0.9600345814625273,0.11538006643835054,1.1014221614383406,0.011162672190207964,0.026189716918430576,0.05612032538112827,0.24883502504838526,div,0.05689961653551716,0.056961141522715815,3.010884835837041e-08,0.431352593523436,15907,0.0,139999.9999999999,337589.99999999977,1199999.9999999998,0.6145604507951681,0.924470861279746,1.5735596673552492,15907,0.30952544570246404,0.22156519511734102,0.01116267219020796,0.22477879996779718,0.12213422529394856
miami_dade,1,2018,71.21730832153513,150.27197900956588,0.47392274189056655,31510,15907,OK,0.6055238382489425,0.6055238382489425,0.760487206148811,0.760487206148811,0.6069873547157658,0.6069873547157658,0.7700126560647882,511985.888155212,511985.888155212,0.31950896017350167,134842.28966182738,134842.28966182738,0.2400857548186021,0.16292286340359682,0.05632461920683808,0.02558694599851921,0.01766866400965002,0.4508207977063308,0.9240432999022881,1.004383944684192,1.0473701635162103,24.807109617918808,0.44886716009015953,38.280518264058415,0.9589579497971321,0.12801441480755846,1.104454113188224,0.012050243227204799,0.02827212458998578,0.058558583155647964,0.24233673035419145,div,0.05632461920683808,0.056384295425486626,3.114975237909164e-08,0.4508207977063308,15907,0.0,139999.9999999999,337589.99999999977,1199999.9999999998,0.6084290100280381,0.9240432999022881,1.6039600245422556,15907,0.31950896017350167,0.2287637739851467,0.012050243227204797,0.23951279385118898,0.11658657055586175
miami_dade,1,2018,103.35664588322452,218.0875420135263,0.47392274189056655,31510,15907,OK,0.5274278608990755,0.5274278608990755,0.7310779060821225,0.7310779060821225,0.5291811154031401,0.5291811154031401,0.7417729670670734,560378.7597440986,560378.7597440986,0.338557099679336,148144.92204821523,148144.92204821523,0.25815852885101853,0.1724620973319516,0.05779421124035626,0.03977358727415059,0.03082249541162577,0.5059314967983303,0.9237441157127102,1.0149943692551309,1.0644941295778254,26.80468598453546,0.4984731104604404,44.352996709748645,0.9534992641600325,0.15744815599508713,1.1150502714970063,0.01383675016744043,0.032463604035080106,0.06330701575111387,0.2334860743385913,div,0.05779421124035626,0.057858688021129555,3.5869758233487655e-08,0.5059314967983303,15907,0.0,139999.9999999999,337589.99999999977,1199999.9999999998,0.5927510572768966,0.9237441157127102,1.6753716225834772,15907,0.338557099679336,0.24160330217663065,0.013836750167440428,0.26892209391787747,0.10605137955547135
miami_dade,1,2018,150.0,316.5072842919964,0.47392274189056655,31510,15907,OK,0.2537583387883665,0.2537583387883665,0.636510655401407,0.636510655401407,0.2565269140922959,0.2565269140922959,0.650966666252821,704185.9477935398,704185.9477935398,0.3936085518373431,180917.6772626604,180917.6772626604,0.3116392581928504,0.19348761170965764,0.04915718331416328,0.03658948106678214,0.043423883451010836,0.7748026433514574,0.925677192074487,1.0495381098076093,1.114015154236674,32.67534176310882,0.7382552299914821,56.10824155558401,0.942121932377801,0.24394005029248836,1.1333618166432753,0.014536798286675139,0.03410604786569977,0.05695030805875998,0.2028230651067039,div,0.04915718331416328,0.04919683576283622,4.67229736104408e-08,0.7748026433514574,15907,0.0,139999.9999999999,337589.99999999977,1199999.9999999998,0.5484302557641383,0.925677192074487,1.8392726867315312,15907,0.3936085518373431,0.2784281309130674,0.014536798286675137,0.363489344598593,0.07427113487479334
miami_dade,2,2019,0.0,0.0,0.4618564373272258,47417,15394,OK,0.7086500291469813,0.7086500291469813,0.8268009351842267,0.8268009351842267,0.7090487124500804,0.7090487124500804,0.8347513233143351,424480.03391353146,424480.03391353146,0.2494043722827444,89569.41676586456,89569.41676586456,0.17916943001605676,0.11513259565219966,-0.08544278794076812,-0.24908383479738128,-0.15160722047933728,0.3647586785586737,0.9457743928022899,1.0055723415378943,0.9542526952962902,18.03996344535234,0.3627491643298045,-2.8160954784527528,1.0537799332342148,-0.017295799248170797,0.9241969275880699,-0.04202035643132491,-0.11700304087613529,-0.28322333437687064,0.2671784808258068,div,-0.08544278794076812,-0.08565162765404391,-3.96306564826829e-08,0.3647586785586737,15394,0.0,159999.9999999999,350000.0000000001,1150000.0,0.7088355849880423,0.9457743928022899,1.454978585355479,15394,0.2494043722827444,0.16785879707563636,-0.042020356431324894,0.17319906481577332,0.12613401348008418
miami_dade,2,2019,0.001,0.0021651749746891564,0.4618564373272258,47417,15394,OK,0.7048939639006635,0.7048939639006635,0.8266333022919714,0.8266333022919714,0.7052977870034841,0.7052977870034841,0.83459138530518,427207.4563897794,427207.4563897794,0.24952503767147866,89674.33653262374,89674.33653262374,0.17918194557835332,0.11529765928729652,-0.08519727558038201,-0.24816347434282146,-0.15104865512094692,0.3647625923232458,0.9454174641173255,1.0058499175740305,0.9546771847726562,18.051923961414058,0.3626529505888104,-2.95970675236401,1.0536021323412694,-0.016803542732662147,0.9245105205999204,-0.041884505635813654,-0.11662477287628535,-0.2821339673710001,0.26682426785084323,div,-0.08519727558038201,-0.08540431497781863,-3.951720527035322e-08,0.3647625923232458,15394,0.0,159999.9999999999,350000.0000000001,1150000.0,0.7080049039644412,0.9454174641173255,1.4527336844381238,15394,0.24952503767147866,0.167843355440255,-0.04188450563581364,0.17336669770802862,0.12518707508034826
miami_dade,2,2019,0.001451285485497223,0.00314228701432819,0.4618564373272258,47417,15394,OK,0.7035737410308398,0.7035737410308398,0.8268861239630729,0.8268861239630729,0.7039793707266491,0.7039793707266491,0.8348326016571932,428161.9940594482,428161.9940594482,0.24934302937907118,89773.83991635824,89773.83991635824,0.17915636575390134,0.11466351891309584,-0.08436737120361908,-0.2460274474579356,-0.15025591724893383,0.36599850769006564,0.9453047817991338,1.0058197531003217,0.9549737942707739,18.044629828869414,0.36389263070355077,-3.158075736144521,1.0532433027320651,-0.016159670673913527,0.9252329177159849,-0.04171881696844835,-0.11616342319801362,-0.2812252070952669,0.2657807096935644,div,-0.08436737120361908,-0.08456840197360559,-3.926486005807369e-08,0.36599850769006564,15394,0.0,159999.9999999999,350000.0000000001,1150000.0,0.7107186994196172,0.9453047817991338,1.451870915689132,15394,0.24934302937907118,0.1678324588536269,-0.041718816968448334,0.17311387603692713,0.12548230247229192
miami_dade,2,2019,0.00210622956041491,0.0045603555351609055,0.4618564373272258,47417,15394,OK,0.7064430806711307,0.7064430806711307,0.826789935207927,0.826789935207927,0.7068447839625467,0.7068447839625467,0.8347408282719455,426084.6989067173,426084.6989067173,0.2494122920674991,89467.04362633686,89467.04362633686,0.1790330614281104,0.1149121657818441,-0.08533454614530894,-0.24786863279967022,-0.15123070205756403,0.3656366223688791,0.9468414453772935,1.0064944771878281,0.9551164787595299,18.031381135327663,0.36328912595232643,-3.4275790565202766,1.0537923903218862,-0.016811225323781393,0.9242540840953207,-0.0419024310538588,-0.11667468507595186,-0.282297216349515,0.2657605216479817,div,-0.08533454614530894,-0.08554259084663801,-3.96757178896734e-08,0.3656366223688791,15394,0.0,159999.9999999999,350000.0000000001,1150000.0,0.7106653104438926,0.9468414453772935,1.4568980410383694,15394,0.2494122920674991,0.16757401730703114,-0.041902431053858796,0.17321006479207302,0.12556139086877344
miami_dade,2,2019,0.003056740390155355,0.006618377796885943,0.4618564373272258,47417,15394,OK,0.7075891620964522,0.7075891620964522,0.8268153593894386,0.8268153593894386,0.7079892970900341,0.7079892970900341,0.8347650854026354,425252.1426253716,425252.1426253716,0.2493939867337416,89531.9316241655,89531.9316241655,0.17911339784118036,0.11527486255358929,-0.08486057314062247,-0.24921333339817411,-0.15190199380405367,0.36527797915506505,0.9453261521621621,1.005348919221695,0.954306404608187,18.03491927826388,0.363346333841015,-3.0565397582269034,1.053486505347792,-0.017418218302862155,0.924721949597115,-0.04215232279427404,-0.1173704929177106,-0.2841579139969351,0.26795860266720806,div,-0.08486057314062247,-0.08506516047552823,-3.9416646660755415e-08,0.36527797915506505,15394,0.0,159999.9999999999,350000.0000000001,1150000.0,0.7096785965175898,0.9453261521621621,1.4471452901743271,15394,0.2493939867337416,0.1678140068371862,-0.04215232279427403,0.17318464061056144,0.12627115726050359
miami_dade,2,2019,0.004436202961165585,0.009605155634157654,0.4618564373272258,47417,15394,OK,0.7074152815292809,0.7074152815292809,0.8268070471727088,0.8268070471727088,0.7078156544610327,0.7078156544610327,0.8347571547430999,425378.5608099388,425378.5608099388,0.24939997165246147,89425.49848523889,89425.49848523889,0.17919972518367608,0.11544694125231357,-0.08350614266807573,-0.2450020361612411,-0.15060704335173158,0.3683891922523694,0.9457904368045922,1.005620566030482,0.9549649136068068,18.043499577067553,0.366342108176489,-2.9975694948994973,1.0530445168214126,-0.015789988471140333,0.925586618348929,-0.0416646559407479,-0.11601261522121109,-0.2808367252729453,0.26585247797462597,div,-0.08350614266807573,-0.08370106264852101,-3.911789942311417e-08,0.3683891922523694,15394,0.0,159999.9999999999,350000.0000000001,1150000.0,0.7093480061491867,0.9457904368045922,1.450025304762596,15394,0.24939997165246147,0.16778323953607405,-0.04166465594074788,0.1731929528272912,0.12599026820733542
miami_dade,2,2019,0.006438196968259414,0.01393982295779488,0.4618564373272258,47417,15394,OK,0.700378707045416,0.700378707045416,0.8263753834358101,0.8263753834358101,0.7007887088257636,0.7007887088257636,0.8343453057451183,430463.2841515752,430463.2841515752,0.2497105787666527,89754.00785916351,89754.00785916351,0.17919171231887646,0.11550263579447649,-0.08469673152094205,-0.2461604390738929,-0.1507155793356845,0.3669198276199463,0.9456828897196521,1.0058093073856045,0.9546363588229322,18.064628854342985,0.3648124382334643,-2.4491349158994873,1.0536046507025656,-0.016049786587028457,0.9248547520539546,-0.04179866880541241,-0.11638576561815966,-0.28136191015163553,0.2657120860704401,div,-0.08469673152094205,-0.08490013273177997,-3.951737188806293e-08,0.3669198276199463,15394,0.0,159999.9999999999,350000.0000000001,1150000.0,0.709798728514118,0.9456828897196521,1.4505440023484293,15394,0.2497105787666527,0.16783295950277263,-0.04179866880541239,0.17362461656418998,0.12615476748758225
miami_dade,2,2019,0.009343661812807113,0.020230662729048676,0.4618564373272258,47417,15394,OK,0.7076740459048112,0.7076740459048112,0.8268865452929205,0.8268865452929205,0.708074064743389,0.708074064743389,0.8348330036466604,425190.4150203605,425190.4150203605,0.24934272594954004,89570.45793579836,89570.45793579836,0.1790306635364291,0.11456422740854039,-0.08311517123020358,-0.2432849043139971,-0.14991520124724173,0.3692851140088196,0.9466540842798049,1.0064502160480766,0.9559091131149107,18.03681878644442,0.36693032914523654,-2.7858688234437157,1.0528722890489803,-0.015179967933673544,0.9259281758843357,-0.0414582168371822,-0.1154377985151128,-0.27939707690219434,0.2648356450132421,div,-0.08311517123020358,-0.08330735863762379,-3.9029440677953524e-08,0.3692851140088196,15394,0.0,159999.9999999999,350000.0000000001,1150000.0,0.709929429207651,0.9466540842798049,1.4526377984426067,15394,0.24934272594954004,0.1675098783770789,-0.04145821683718219,0.17311345470707956,0.12575496498425018
miami_dade,2,2019,0.013560320770321632,0.02936046718065798,0.4618564373272258,47417,15394,OK,0.7166482663192448,0.7166482663192448,0.8264790380364279,0.8264790380364279,0.7170360048345155,0.7170360048345155,0.8344442022697773,418613.00361454586,418613.00361454586,0.2496360285238961,89454.2911470204,89454.2911470204,0.17922506700445318,0.11542458686845133,-0.0836093067978642,-0.24590980495564932,-0.14994907349314524,0.36542582217250363,0.9460348344406859,1.0060133487998775,0.9557030999871878,18.061548908796528,0.3632533229164598,-2.300209213708757,1.052642132073616,-0.015700005176216718,0.9264020507373745,-0.04153213436356691,-0.11564361722051068,-0.2796189803556959,0.2648014005489755,div,-0.0836093067978642,-0.08380495212364099,-3.8851167813344215e-08,0.36542582217250363,15394,0.0,159999.9999999999,350000.0000000001,1150000.0,0.7096355747277391,0.9460348344406859,1.4504947638605241,15394,0.2496360285238961,0.16783998313153048,-0.041532134363566904,0.17352096196357217,0.1252814171053238
miami_dade,2,2019,0.019679896712654306,0.042610419866706495,0.4618564373272258,47417,15394,OK,0.7119844542445211,0.7119844542445211,0.8262404037788841,0.8262404037788841,0.7123785747202825,0.7123785747202825,0.8342165220839004,422044.0118191535,422044.0118191535,0.24980762520092234,89904.22969518433,89904.22969518433,0.1795443129620858,0.1157994520490396,-0.08266224765027783,-0.24385814350407975,-0.14970978174574875,0.3679122136784085,0.9462605123743026,1.0060614657331566,0.9559826528889649,18.077258531254458,0.365707440996213,-2.435697798884769,1.0523846459900232,-0.014859577918477324,0.9271493107700842,-0.041411236396340256,-0.11530698443101067,-0.27862035722151335,0.26487835359087875,div,-0.08266224765027783,-0.08285130169304851,-3.867244562726215e-08,0.3679122136784085,15394,0.0,159999.9999999999,350000.0000000001,1150000.0,0.7114816516118546,0.9462605123743026,1.4506591053308666,15394,0.24980762520092234,0.16805289295011805,-0.04141123639634025,0.17375959622111595,0.12678954830525202
miami_dade,2,2019,0.028561148455159703,0.061839883883493645,0.4618564373272258,47417,15394,OK,0.7182543837419575,0.7182543837419575,0.8267472769754884,0.8267472769754884,0.7186399244461303,0.7186399244461303,0.8347001281880985,417424.9094126547,417424.9094126547,0.24944300284792442,89568.14828980695,89568.14828980695,0.1791384103574301,0.11584208803630289,-0.08277453018422762,-0.24319939266396134,-0.1484432997884762,0.36578795894191307,0.9458448192450848,1.0056193960987128,0.9557620979867609,18.034114127642074,0.36375575272437977,-2.1337293703866145,1.0521649668018562,-0.014577650553901157,0.927507802912657,-0.04101375683493647,-0.1142002275798078,-0.27639201992071183,0.2633463939003023,div,-0.08277453018422762,-0.08296435779448576,-3.8501384934093077e-08,0.36578795894191307,15394,0.0,159999.9999999999,350000.0000000001,1150000.0,0.7093247532916755,0.9458448192450848,1.4458900515745483,15394,0.24944300284792442,0.16782581112847839,-0.04101375683493646,0.17325272302451158,0.1256523274694177
miami_dade,2,2019,0.04145038020210471,0.08974732590494797,0.4618564373272258,47417,15394,OK,0.7212448863806233,0.7212448863806233,0.826594714087504,0.826594714087504,0.721626334880955,0.721626334880955,0.834554568422071,415203.6850710308,415203.6850710308,0.24955280594406679,89571.6340950318,89571.6340950318,0.17942835418324005,0.1152550481316398,-0.08060553979004426,-0.24030688228518654,-0.1487838032492228,0.3710400061486763,0.9460491378225133,1.0061530026713632,0.9569050434175079,18.06698950378683,0.36878293579557087,-1.6649513909632585,1.0514658790782105,-0.013851382775277234,0.9286371730975221,-0.04103864512807433,-0.11426952746744928,-0.27638508136898915,0.2634283965365092,div,-0.08060553979004426,-0.08078079503526246,-3.803083416581473e-08,0.3710400061486763,15394,0.0,159999.9999999999,350000.0000000001,1150000.0,0.7108897510537583,0.9460491378225133,1.453982152654478,15394,0.24955280594406679,0.16788893808189564,-0.04103864512807432,0.17340528591249602,0.12622565247266904
miami_dade,2,2019,0.060156335155656014,0.13024899144803992,0.4618564373272258,47417,15394,OK,0.716763156494564,0.716763156494564,0.8264137171201849,0.8264137171201849,0.7171507377941175,0.7171507377941175,0.8343818797914169,418528.1278367587,418528.1278367587,0.24968301108899432,89722.48603478642,89722.48603478642,0.17946990769706372,0.1157829694006982,-0.08051736317166538,-0.23989821083833313,-0.1478314533063036,0.3692930452311384,0.9463031167501089,1.0063092473960171,0.9573467814591299,18.073428800552534,0.366989612267192,-2.2806993503097077,1.051143918677265,-0.013399390206109694,0.9292597008858213,-0.040835074535938966,-0.1137026979511,-0.2748452518643289,0.26325752112186956,div,-0.08051736317166538,-0.0806920423991282,-3.781036718286645e-08,0.3692930452311384,15394,0.0,159999.9999999999,350000.0000000001,1150000.0,0.7118725025685876,0.9463031167501089,1.4537254117786136,15394,0.24968301108899432,0.16797309151459935,-0.04083507453593896,0.17358628287981512,0.1258765543146947
miami_dade,2,2019,0.0873040160721099,0.18902847078919224,0.4618564373272258,47417,15394,OK,0.7084165596415402,0.7084165596415402,0.8260756751868951,0.8260756751868951,0.7088155624243129,0.7088155624243129,0.8340593550583889,424650.0756291608,424650.0756291608,0.2499260091951238,90051.43742892788,90051.43742892788,0.17977498861559796,0.11593077694100287,-0.07970438223918501,-0.23708181330082684,-0.14642737119386973,0.37013087741918854,0.9463318262080376,1.006557296925972,0.9579792414515378,18.130050358650116,0.36773157480005714,-2.1049255372892777,1.0507088811244263,-0.011824490834224826,0.9305013866488389,-0.04025287147213679,-0.1120815901200994,-0.27064186487666525,0.2603932357593105,div,-0.07970438223918501,-0.07987381020920421,-3.7513513246771285e-08,0.37013087741918854,15394,0.0,159999.9999999999,350000.0000000001,1150000.0,0.7098239117213007,0.9463318262080376,1.4514261615891502,15394,0.2499260091951238,0.16817070348736515,-0.04025287147213678,0.17392432481310494,0.12707515186798624
miami_dade,2,2019,0.12670305135106935,0.2743342760020904,0.4618564373272258,47417,15394,OK,0.7084735705371824,0.7084735705371824,0.8252543462852654,0.8252543462852654,0.708872495306245,0.708872495306245,0.8332757277665074,424608.55944324203,424608.55944324203,0.25051543130507664,90246.31230527267,90246.31230527267,0.18041555093649955,0.11557769436458701,-0.07714721173777869,-0.23537937992554722,-0.14530250972748274,0.3699440039540801,0.9461723438227984,1.0071770769292683,0.9601812996732578,18.185523956019257,0.3673197383700665,-0.7595423575813605,1.0489446912494576,-0.010489377863906028,0.9338497685988573,-0.03981104796576457,-0.11085136034181103,-0.26697601130893084,0.25923888100311054,div,-0.07714721173777869,-0.077300812778502,-3.629162788460058e-08,0.3699440039540801,15394,0.0,159999.9999999999,350000.0000000001,1150000.0,0.708173275421333,0.9461723438227984,1.4583765389308818,15394,0.25051543130507664,0.16864874685936676,-0.03981104796576456,0.17474565371473463,0.12745360819504808
miami_dade,2,2019,0.18388229939401626,0.398137352936223,0.4618564373272258,47417,15394,OK,0.7176493295627357,0.7176493295627357,0.8253869228400276,0.8253869228400276,0.7180356982230537,0.7180356982230537,0.8334022186355966,417872.8830809163,417872.8830809163,0.25042038237562886,90409.41425469062,90409.41425469062,0.18041249917412952,0.11575243708224074,-0.07308511111584266,-0.22554466662006967,-0.1402275994596099,0.37259088736657475,0.9463926905824057,1.007795574402311,0.9629557657941263,18.213900728335275,0.3697208037442683,-0.19897329337252723,1.046564764655837,-0.00600360698973239,0.9389263242227632,-0.03810952585013822,-0.10611357897692317,-0.25559578432339997,0.25195640351341775,div,-0.07308511111584266,-0.07321565617005425,-3.462672060002646e-08,0.37259088736657475,15394,0.0,159999.9999999999,350000.0000000001,1150000.0,0.7081808852271131,0.9463926905824057,1.4551667965619632,15394,0.25042038237562886,0.16853442770133617,-0.038109525850138215,0.17461307715997249,0.12778808504388584
miami_dade,2,2019,0.26686571215039057,0.5778109615506255,0.4618564373272258,47417,15394,OK,0.7179367168333218,0.7179367168333218,0.8249842507894872,0.8249842507894872,0.7183226922328958,0.7183226922328958,0.8330180305133289,417660.1654679504,417660.1654679504,0.2507089610510693,90406.99001737013,90406.99001737013,0.1807865004361048,0.11667996239331238,-0.07153180506355514,-0.2223520672054891,-0.13865114442844723,0.37369180898996385,0.9468949387161797,1.0079899275692292,0.963973441127124,18.232880137551074,0.37074174745217825,0.05967887727014671,1.0456615136519103,-0.004471818511126369,0.940843552121917,-0.03751430972486921,-0.1044562370943334,-0.25129902619947886,0.2503208249283262,div,-0.07153180506355514,-0.07165418562800967,-3.399092514296321e-08,0.37369180898996385,15394,0.0,159999.9999999999,350000.0000000001,1150000.0,0.7096534559875076,0.9468949387161797,1.4573507743071343,15394,0.2507089610510693,0.16883993527150867,-0.037514309724869195,0.1750157492105128,0.1285022808650666
miami_dade,2,2019,0.38729833462074176,0.8385686618596169,0.4618564373272258,47417,15394,OK,0.7120384938168852,0.7120384938168852,0.8235229982100947,0.8235229982100947,0.7124325403448952,0.7124325403448952,0.8316238540764933,422004.4164775799,422004.4164775799,0.25175340307149524,91439.78587462357,91439.78587462357,0.18161128215458094,0.1169355204036055,-0.06464994135289866,-0.2092974244198863,-0.13162260465477185,0.37687548478160526,0.9477321372649039,1.008932472747494,0.968811760613186,18.353916301694397,0.37355099230570554,2.130807623020256,1.0414122885016535,0.0019460777817272286,0.9494037980195601,-0.035197312489758124,-0.09800470395104237,-0.2347198151548928,0.24205563578207867,div,-0.06464994135289866,-0.06474023852549432,-3.098248481585189e-08,0.37687548478160526,15394,0.0,159999.9999999999,350000.0000000001,1150000.0,0.7070545185381816,0.9477321372649039,1.4616871363205473,15394,0.25175340307149524,0.16956666936071768,-0.03519731248975811,0.17647700178990527,0.12914579112612398
miami_dade,2,2019,0.5620804515923291,1.2170025275496907,0.4618564373272258,47417,15394,OK,0.7229488860213322,0.7229488860213322,0.8222030447661726,0.8222030447661726,0.723328002768538,0.723328002768538,0.8303644906952485,413932.6922871261,413932.6922871261,0.25269313946568883,91632.2426641871,91632.2426641871,0.18247759335375535,0.11640585957144173,-0.058905070275455926,-0.19842632413105477,-0.12636058599905503,0.3816309914444844,0.9484126584352985,1.0098313848595308,0.9728145804912404,18.4478578779457,0.37792783351402154,3.7881719189091605,1.038051243382473,0.007439962695042019,0.956138412579311,-0.033355989997309224,-0.0928776572254334,-0.22155375979075528,0.23647757846543693,div,-0.058905070275455926,-0.058973342213899646,-2.8585548916296234e-08,0.3816309914444844,15394,0.0,159999.9999999999,350000.0000000001,1150000.0,0.7085506597947497,0.9484126584352985,1.4657553448531835,15394,0.25269313946568883,0.17012297426636985,-0.03335598999730922,0.1777969552338274,0.12909365365490513
miami_dade,2,2019,0.8157392010776716,1.7662181040463,0.4618564373272258,47417,15394,OK,0.7267799975375093,0.7267799975375093,0.82061553265299,0.82061553265299,0.7271538717916772,0.7271538717916772,0.8288498504389348,411060.7623127014,411060.7623127014,0.2538187547521729,92715.46415818595,92715.46415818595,0.18406344151588536,0.1180001070692479,-0.05047459461035377,-0.18124516594669512,-0.1170363985682931,0.38697758366522583,0.948257022696904,1.0112448528632019,0.9790815042687131,18.646836851802668,0.3826868955488227,6.0600740360448295,1.0328505323144797,0.01628833948330241,0.9667509703673317,-0.03020042913114983,-0.0840911963677348,-0.1996153391107038,0.2273050756778047,div,-0.05047459461035377,-0.05051752470371844,-2.4837556624613568e-08,0.38697758366522583,15394,0.0,159999.9999999999,350000.0000000001,1150000.0,0.7078425497370273,0.948257022696904,1.4653608905659237,15394,0.2538187547521729,0.1712910400842232,-0.030200429131149814,0.1793844673470099,0.12964902029589456
miami_dade,2,2019,1.1838704624751253,2.563286698624819,0.4618564373272258,47417,15394,OK,0.7384562973194337,0.7384562973194337,0.8201324216954674,0.8201324216954674,0.7388141937248602,0.7388141937248602,0.8283889158114419,402181.3353255945,402181.3353255945,0.25416031211742335,93380.29660178597,93380.29660178597,0.18461392675282606,0.11796517641311641,-0.040962968613248996,-0.16774819895549858,-0.10762077254743159,0.38447626158975207,0.9495512192311293,1.0121399442437158,0.986206299155514,18.710858230240376,0.3798770636864832,7.1041669101038885,1.0262963693401763,0.022673578257936432,0.979731904098958,-0.02711220920818551,-0.07549224213297898,-0.1788948778461197,0.22149291396793308,div,-0.040962968613248996,-0.04098590318083182,-2.0026782238438995e-08,0.38447626158975207,15394,0.0,159999.9999999999,350000.0000000001,1150000.0,0.7069871351908265,0.9495512192311293,1.470976900204203,15394,0.25416031211742335,0.17187815764475228,-0.0271122092081855,0.17986757830453262,0.13209694348509507
miami_dade,2,2019,1.7181340188990342,3.7200607808822945,0.4618564373272258,47417,15394,OK,0.7315234426072565,0.7315234426072565,0.8162068917707341,0.8162068917707341,0.7318908259311423,0.7318908259311423,0.8246435801998314,407476.87141902634,407476.87141902634,0.2569188105064032,95504.10237537549,95504.10237537549,0.18724975483649003,0.11892565780163925,-0.028591836255295374,-0.147182898507568,-0.09568733904289138,0.38960849495568495,0.9513673030635819,1.0143402670597832,0.9959971526333563,18.99085259020149,0.38411286900640684,9.635936312269548,1.0184168342027171,0.03414534883091699,0.9958543661215928,-0.02304772809412849,-0.06417494998421985,-0.15035777877902026,0.21607759135431218,div,-0.028591836255295374,-0.02859963128870699,-1.4165134015810288e-08,0.38960849495568495,15394,0.0,159999.9999999999,350000.0000000001,1150000.0,0.7047191276740495,0.9513673030635819,1.484460719696829,15394,0.2569188105064032,0.17378481697085507,-0.023047728094128483,0.18379310822926584,0.13430743777164234
miami_dade,2,2019,2.4935029637671793,5.398870216461939,0.4618564373272258,47417,15394,OK,0.7260699641914807,0.7260699641914807,0.8130086497535169,0.8130086497535169,0.7264448100552865,0.7264448100552865,0.8215921476668221,411594.5399805915,411594.5399805915,0.25914453239131635,97708.30347073339,97708.30347073339,0.18964128400804098,0.12037211860223293,-0.01818282762071406,-0.12431983098173403,-0.08297147349538875,0.39996287658900226,0.9521695041496836,1.0172440654044683,1.0052688395119465,19.278977989256614,0.3931955778301633,13.926208994493045,1.0119124610470724,0.04597805142195947,1.0093632118298175,-0.01883626474927399,-0.05244839505383323,-0.12173216816484779,0.21192055046796343,div,-0.01818282762071406,-0.018184831858161,-9.24764877401507e-09,0.39996287658900226,15394,0.0,159999.9999999999,350000.0000000001,1150000.0,0.7032790728586015,0.9521695041496836,1.486983594665677,15394,0.25914453239131635,0.1754371630341038,-0.01883626474927398,0.18699135024648306,0.13411030841203092
miami_dade,2,2019,3.618784659359615,7.835301983234461,0.4618564373272258,47417,15394,OK,0.731955594860513,0.731955594860513,0.8087028820055422,0.8087028820055422,0.732322386827251,0.732322386827251,0.8174840283578323,407148.79255731124,407148.79255731124,0.2621111555059224,99987.67265829376,99987.67265829376,0.19267176007445583,0.12197026933124241,-0.006538912090985122,-0.10378581680206453,-0.07094670472389343,0.40966184095045155,0.9517583509364635,1.0194902335568725,1.015079268465605,19.623466451712414,0.40184313101527686,17.171456679226633,1.0043454390492432,0.057472665978483994,1.024606848010635,-0.015064498522418963,-0.041946149106986304,-0.09621055013121618,0.21412989510867875,div,-0.006538912090985122,-0.006539005288940205,-3.4062869698310175e-09,0.40966184095045155,15394,0.0,159999.9999999999,350000.0000000001,1150000.0,0.7000352518693219,0.9517583509364635,1.504819320612882,15394,0.2621111555059224,0.17776489581233634,-0.015064498522418958,0.1912971179944579,0.13522461871403094
miami_dade,2,2019,5.2518896512686215,11.371260042755779,0.4618564373272258,47417,15394,OK,0.7112364750613107,0.7112364750613107,0.8053640835187648,0.8053640835187648,0.7116316190717941,0.7116316190717941,0.8142984913444141,422591.6826818827,422591.6826818827,0.2643886355887158,102322.1426544585,102322.1426544585,0.19512251276036705,0.12365068844308671,0.0018783921658451141,-0.08666618624024948,-0.06040880741131025,0.4177167281259164,0.951873553002538,1.0205501731003273,1.0218421975900154,19.889016241139377,0.4093187256393499,18.466834125512875,0.9987355929391688,0.06689034175715289,1.0359959686014741,-0.011874462084146753,-0.03306369318604409,-0.07517392560000545,0.2143347226079911,div,0.0018783921658451141,0.0018783943750625874,9.977422384592836e-10,0.4177167281259164,15394,0.0,159999.9999999999,350000.0000000001,1150000.0,0.6954266247216971,0.951873553002538,1.5133818261238021,15394,0.2643886355887158,0.17979846338454555,-0.011874462084146746,0.1946359164812353,0.13524141367186043
miami_dade,2,2019,7.621991222319222,16.50294465186599,0.4618564373272258,47417,15394,OK,0.6974982442068114,0.6974982442068114,0.799959262575818,0.799959262575818,0.6979121876125367,0.6979121876125367,0.8091417688788805,432527.50268542324,432527.50268542324,0.26803438711986083,104868.92978447829,104868.92978447829,0.19842731363287883,0.1258166487751456,0.009735266168771751,-0.07079570167916605,-0.04992740827206968,0.422633018224867,0.9536584491359816,1.0225428183680305,1.0293178895571602,20.248560479034552,0.413329142311847,20.727978406935783,0.9934179020321463,0.07661200658902363,1.046830672525982,-0.008629307862531315,-0.024027765262358402,-0.053870204994024874,0.2164219544543468,div,0.009735266168771751,0.009735573740867792,5.231924586503926e-09,0.422633018224867,15394,0.0,159999.9999999999,350000.0000000001,1150000.0,0.6923060959060482,0.9536584491359816,1.5244144679237477,15394,0.26803438711986083,0.18252102599545053,-0.008629307862531308,0.20004073742418205,0.13161290922489158
miami_dade,2,2019,11.061685231539125,23.950484041217138,0.4618564373272258,47417,15394,OK,0.6679149851223853,0.6679149851223853,0.7974121943706765,0.7974121943706765,0.668369410260145,0.668369410260145,0.8067116192081795,453183.84229330847,453183.84229330847,0.26973539670552754,107642.64838174648,107642.64838174648,0.19989253873418977,0.12539695481359625,0.018638263006214875,-0.059635201844412684,-0.04177040364334887,0.41975634530253797,0.9529310243648916,1.0236463058275824,1.0365289590170295,20.422142420386344,0.4100732619672488,22.817313282449188,0.9875713523704499,0.08270581266043249,1.0582619015762114,-0.006205339498893078,-0.017278377736416342,-0.038486127866747766,0.21804999594948682,div,0.018638263006214875,0.01864042167288537,9.948392877319365e-09,0.41975634530253797,15394,0.0,159999.9999999999,350000.0000000001,1150000.0,0.6923121965015095,0.9529310243648916,1.5350868088120266,15394,0.26973539670552754,0.18370736907339197,-0.006205339498893071,0.20258780562932355,0.1307609142509219
miami_dade,2,2019,16.05366322167172,34.7589898596513,0.4618564373272258,47417,15394,OK,0.659447417980128,0.659447417980128,0.7917916217436481,0.7917916217436481,0.6599134301368517,0.6599134301368517,0.8013490487473053,458925.1584567078,458925.1584567078,0.27345155171012364,110263.07844962385,110263.07844962385,0.20362001481761538,0.12751295255772085,0.02365527727575278,-0.04924320593315645,-0.036197884931413106,0.44052257285075236,0.9536788593602489,1.0257565073562347,1.0429157778237639,20.815144680340662,0.4294751031498747,23.98756804875409,0.9835468301157212,0.09111456200061974,1.065965598759949,-0.004586013029051748,-0.012769464979993086,-0.028049937355059718,0.21936276128769996,div,0.02365527727575278,0.023659691035803974,1.3250932210066832e-08,0.44052257285075236,15394,0.0,159999.9999999999,350000.0000000001,1150000.0,0.6875932824288571,0.9536788593602489,1.5400289345337215,15394,0.27345155171012364,0.18659261534416383,-0.004586013029051743,0.20820837825635186,0.12847354452724485
miami_dade,2,2019,23.298448422672752,50.445217473857085,0.4618564373272258,47417,15394,OK,0.6758704130559741,0.6758704130559741,0.7860795906788605,0.7860795906788605,0.6763139519860677,0.6763139519860677,0.7958992180819517,447722.7016650038,447722.7016650038,0.27717713528063925,112088.58066545831,112088.58066545831,0.20758497145612642,0.13065900644049283,0.027243753133781305,-0.040422341653469376,-0.03108714232379714,0.46088293134019137,0.952217266431338,1.0278846622271363,1.0485603597722861,21.24691131403448,0.44839457049076986,25.873694647259697,0.9802818241673374,0.10003418288188776,1.0725178091499525,-0.002939842947232059,-0.008185807873537954,-0.017736346041734075,0.2214769298459639,div,0.027243753133781305,0.027250496442138606,1.596642858943553e-08,0.46088293134019137,15394,0.0,159999.9999999999,350000.0000000001,1150000.0,0.682360051118656,0.952217266431338,1.5573578318845964,15394,0.27717713528063925,0.1893971890802505,-0.002939842947232052,0.21392040932113948,0.1278252700960361
miami_dade,2,2019,33.81270003043063,73.21041193255968,0.4618564373272258,47417,15394,OK,0.6547810209997802,0.6547810209997802,0.7774538588939715,0.7774538588939715,0.6552534186541796,0.6552534186541796,0.7876694348298623,462058.65514896065,462058.65514896065,0.28271010082455267,116127.21758421382,116127.21758421382,0.21344696413359507,0.13326442442309036,0.027522775488628505,-0.035831510648664404,-0.028699352901825948,0.47999672886075456,0.9524982110606406,1.0323825391048993,1.054136238096851,21.865210459716412,0.4649558684129818,26.480885477305243,0.9793634843336511,0.10901585079303111,1.074251133471731,-0.0022541409734410326,-0.006276513834125436,-0.013326146230843595,0.21794768879545148,div,0.027522775488628505,0.027529728178811854,1.6798895454559583e-08,0.47999672886075456,15394,0.0,159999.9999999999,350000.0000000001,1150000.0,0.6796188105102413,0.9524982110606406,1.5758395265608434,15394,0.28271010082455267,0.19338682735814003,-0.002254140973441027,0.2225461411060285,0.12215856014133984
miami_dade,2,2019,49.071880779635485,106.24920822499655,0.4618564373272258,47417,15394,OK,0.6471997325982641,0.6471997325982641,0.7641408071398259,0.7641408071398259,0.6476825044877899,0.6476825044877899,0.7749674945084156,467104.69299529266,467104.69299529266,0.2910433599207531,119263.11759895305,119263.11759895305,0.2216277618113121,0.1354298725847084,0.0286889381238026,-0.03235809553141031,-0.02755611342949449,0.5103478650824068,0.9540907728602659,1.0390941418642201,1.0632033744025988,22.735027395199083,0.49116285187456493,29.138808835085,0.9773239691306234,0.12204423286315344,1.0766274971046075,-0.0011086986912796793,-0.0030871018075993954,-0.006363114832021406,0.2138860490568771,div,0.0286889381238026,0.02869681287260147,1.861791307546127e-08,0.5103478650824068,15394,0.0,159999.9999999999,350000.0000000001,1150000.0,0.6773367916264141,0.9540907728602659,1.6097109421050335,15394,0.2910433599207531,0.19846373644156,-0.0011086986912796756,0.23585919286017415,0.11149376581814457
miami_dade,2,2019,71.21730832153513,154.19793374250966,0.4618564373272258,47417,15394,OK,0.6238997258312929,0.6238997258312929,0.741383254167406,0.741383254167406,0.6244143814503171,0.6244143814503171,0.7532545856235069,482282.6103416597,482282.6103416597,0.3047611563674293,125734.30141695817,125734.30141695817,0.23705589059022464,0.14165086030349272,0.02253796522173011,-0.03091915828542588,-0.03169251798263654,0.6142715115839794,0.9510155786681074,1.048835078827282,1.071632078255856,24.385099280002688,0.585689281957034,31.93736455540421,0.9787268411508571,0.15366613759525874,1.072831155899386,-0.0007308478155892702,-0.002034999797809411,-0.00400464011383943,0.21053655451319925,div,0.02253796522173011,0.02254178251255831,1.760456510039832e-08,0.6142715115839794,15394,0.0,159999.9999999999,350000.0000000001,1150000.0,0.6700984070114954,0.9510155786681074,1.6467932775046956,15394,0.3047611563674293,0.20701848235302475,-0.0007308478155892655,0.258616745832594,0.10273337914824687
miami_dade,2,2019,103.35664588322452,223.78522313416673,0.4618564373272258,47417,15394,OK,0.4432437958247861,0.4432437958247861,0.6932061929321517,0.6932061929321517,0.4440056610202815,0.4440056610202815,0.7072890047804572,586789.4682415496,586789.4682415496,0.33193617545352416,142197.8131862362,142197.8131862362,0.2764675791311833,0.14857112426237126,0.007430000670424626,-0.02484608534048548,-0.053528948525365924,1.2911063925197532,0.9518559224288694,1.0818239394788352,1.0976201711304436,28.548262372739153,1.1934921042347706,34.45145122394933,0.9856086540070234,0.2994971926239285,1.0544691244534738,7.302532556261792e-06,2.0333442829691563e-05,3.671989288083598e-05,0.20319992385029634,div,0.007430000670424626,0.00743013739912619,1.2198350459365942e-08,1.2911063925197532,15394,0.0,159999.9999999999,350000.0000000001,1150000.0,0.6552285685134616,0.9518559224288694,1.7332434571060835,15394,0.33193617545352416,0.2202989725548537,7.302532556264735e-06,0.3067938070678483,0.08742693694696291
miami_dade,2,2019,150.0,324.77624620337343,0.4618564373272258,47417,15394,OK,-4.843235546416492,-4.843235546416492,0.5659780985188194,0.5659780985188194,-4.835239662834933,-4.835239662834933,0.585901084693216,1900975.3027168075,1900975.3027168075,0.39480906350402195,207341.6712578239,207341.6712578239,0.48343471286770534,0.16908115959280856,-0.004183988516267515,-0.019125051779194033,-0.25821381589972486,8.091110782978875,0.9582630661369791,1.2669077123159556,1.2111633128606392,50.13507189256045,6.3867111376123225,42.40448309162959,1.046025501980946,1.725537334595756,0.9005559491221778,0.0005865673040760617,0.0016332597836855617,0.0024793966629774356,0.17704741264950197,div,-0.004183988516267515,-0.004184012931156759,-4.3047591077433636e-08,8.091110782978875,15394,0.0,159999.9999999999,350000.0000000001,1150000.0,0.5989112483184299,0.9582630661369791,1.8509820766663387,15394,0.39480906350402195,0.25637526335505006,0.0005865673040760646,0.43402190148118064,0.05846924659572338
miami_dade,3,2020,0.0,0.0,0.439878877855487,62811,18387,OK,0.6236030710927443,0.6236030710927443,0.8325174534560099,0.8325174534560099,0.6280068326195902,0.6280068326195902,0.8480848002241181,726691.3344209255,726691.3344209255,0.2660081285267191,137836.75236451035,137836.75236451035,0.1798485627176861,0.12079185353229163,-0.16791781698425207,-0.37048801044583834,-0.22868496559462148,0.4012116966027332,0.9369656463752686,0.9765161584283722,0.8399864736933501,18.080887780291505,0.41087144722066155,-26.505877287776983,1.1625379562776916,-0.10126056796323753,0.7855868179473428,-0.08918501530443548,-0.211091930322256,-0.5303014983617619,0.4554689272576852,div,-0.16791781698425207,-0.1695232925677233,-5.6877882459964146e-08,0.4012116966027332,18387,0.0,187000.00000000017,370000.0000000001,1447400.0000000014,0.6573584422609269,0.9369656463752686,1.342073132170388,18387,0.2660081285267191,0.17744216642428987,-0.08918501530443551,0.1674825465439901,0.11064126716170673
miami_dade,3,2020,0.001,0.002273353075908612,0.439878877855487,62811,18387,OK,0.6306507253669433,0.6306507253669433,0.8334025702908214,0.8334025702908214,0.6349720308842854,0.6349720308842854,0.8488876462732142,719855.9040712753,719855.9040712753,0.2653042934753104,137453.06685159946,137453.06685159946,0.17976448330578218,0.12225991395259135,-0.1659063257999342,-0.37024543613604055,-0.2290642782812576,0.4021404725748647,0.9343089439214193,0.9742764458297908,0.8390699828894569,18.00136421425422,0.4127693019765014,-27.577601066626002,1.1611384815301475,-0.10185967539149068,0.787763613783108,-0.08909603702645898,-0.2108813277183242,-0.5323381755780613,0.45933070625559164,div,-0.1659063257999342,-0.16745415518402607,-5.632663198390254e-08,0.4021404725748647,18387,0.0,187000.00000000017,370000.0000000001,1447400.0000000014,0.6588113445609846,0.9343089439214193,1.3375386244522371,18387,0.2653042934753104,0.17736598867123154,-0.08909603702645902,0.1665974297091786,0.11382077967435511
miami_dade,3,2020,0.001451285485497223,0.0032992843224766352,0.439878877855487,62811,18387,OK,0.6317223986053535,0.6317223986053535,0.8331526327448394,0.8331526327448394,0.636031165780817,0.636031165780817,0.8486609401894292,718810.8083200395,718810.8083200395,0.26550323007541277,137752.0918877254,137752.0918877254,0.17998875387133292,0.12179498694413635,-0.1656720409390229,-0.3659342792780416,-0.2265754155615446,0.4024573106370661,0.9333865293088004,0.9736484174479656,0.8385265106010821,18.020473261075086,0.41336097090425195,-26.63745847474699,1.1611420809462827,-0.09954877498066698,0.7882314555772443,-0.08804995772855373,-0.20840536359462924,-0.5259978599660003,0.4504885747222178,div,-0.1656720409390229,-0.1672132487549325,-5.6291406153315565e-08,0.4024573106370661,18387,0.0,187000.00000000017,370000.0000000001,1447400.0000000014,0.6577137484777725,0.9333865293088004,1.3366734330111085,18387,0.26550323007541277,0.17778965553823423,-0.08804995772855376,0.16684736725516058,0.11269810517694091
miami_dade,3,2020,0.00210622956041491,0.004788203449738879,0.439878877855487,62811,18387,OK,0.6355132050407959,0.6355132050407959,0.8341885618158833,0.8341885618158833,0.6397776206122636,0.6397776206122636,0.8496005806178122,715101.7571044023,715101.7571044023,0.2646777127973379,136810.7648915297,136810.7648915297,0.17995256648337637,0.12208583526453164,-0.16069331446649518,-0.3584296098333242,-0.22595037413387822,0.4097503330346946,0.9349647523902115,0.9765115466839777,0.8430752912436678,18.065195120689882,0.4196176453549711,-26.161582505600034,1.15827323707171,-0.09748446987480697,0.7927841604792877,-0.08730606254951294,-0.20664463878267386,-0.5218620417797543,0.4482387303327235,div,-0.16069331446649518,-0.16209830688966348,-5.558916852083581e-08,0.4097503330346946,18387,0.0,187000.00000000017,370000.0000000001,1447400.0000000014,0.662747635197095,0.9349647523902115,1.3429781026009429,18387,0.2646777127973379,0.1770013494670797,-0.08730606254951295,0.1658114381841167,0.11834549898345645
miami_dade,3,2020,0.003056740390155355,0.006949050168213767,0.439878877855487,62811,18387,OK,0.6357651625613587,0.6357651625613587,0.8331156877121564,0.8331156877121564,0.6400266302850885,0.6400266302850885,0.8486274291631366,714854.5514220406,714854.5514220406,0.2655326236544983,136947.45456238775,136947.45456238775,0.18113474339305147,0.12283963731802804,-0.16364779392235276,-0.3679437587963235,-0.22771342174286535,0.40226969717983624,0.9355428991114981,0.9777536204166867,0.8443449069966564,18.205241907748743,0.4114335433756884,-25.91286272932303,1.1580026270242647,-0.09934665274546019,0.7922763884007302,-0.08803301820175193,-0.2083652694442932,-0.5238954031208531,0.4530720508243174,div,-0.16364779392235276,-0.1651325882320176,-5.557769459269174e-08,0.40226969717983624,18387,0.0,187000.00000000017,370000.0000000001,1447400.0000000014,0.6602105027928152,0.9355428991114981,1.354004638883893,18387,0.2655326236544983,0.1780933819974277,-0.08803301820175195,0.16688431228784362,0.11677562580693536
miami_dade,3,2020,0.004436202961165585,0.010085055647120676,0.439878877855487,62811,18387,OK,0.6428170239881803,0.6428170239881803,0.8349109283166274,0.8349109283166274,0.6469959864796431,0.6469959864796431,0.8502558038248651,707900.6669080443,707900.6669080443,0.26410054210500306,135783.17581464135,135783.17581464135,0.18043412220945565,0.1208460634051096,-0.15887451918364665,-0.3580226640072214,-0.22678584473096156,0.4117328836173055,0.9378676407424928,0.9805640413395876,0.8479997589035845,18.145436363902455,0.41990534327113266,-26.315022342640578,1.156325849204723,-0.0970787154402388,0.7951218384889147,-0.087078151634588,-0.20610519664871457,-0.5198214760892167,0.4492814785735621,div,-0.15887451918364665,-0.1602318589423332,-5.5225907021012374e-08,0.4117328836173055,18387,0.0,187000.00000000017,370000.0000000001,1447400.0000000014,0.6633533367453435,0.9378676407424928,1.359222121447958,18387,0.26410054210500306,0.1765574656724699,-0.08707815163458801,0.1650890716833726,0.11923067652566316
miami_dade,3,2020,0.006438196968259414,0.014636294881098038,0.439878877855487,62811,18387,OK,0.6317562392478069,0.6317562392478069,0.8342147749814478,0.8342147749814478,0.6360646104951748,0.6360646104951748,0.849624357294043,718777.7821757807,718777.7821757807,0.2646567904924188,136613.56627010496,136613.56627010496,0.1799558505652774,0.12118126746802936,-0.162889343142661,-0.36133808388965494,-0.2251113136176222,0.40494283121265245,0.9364244483310196,0.9781737226981712,0.8445009029980469,18.09395282334149,0.41398969725549467,-25.13236996970407,1.1582861773451927,-0.09687934393853234,0.7924866071569054,-0.08695019705819342,-0.20580234108006887,-0.5189648836469548,0.4439046450847757,div,-0.162889343142661,-0.16435336597501676,-5.568772052577197e-08,0.40494283121265245,18387,0.0,187000.00000000017,370000.0000000001,1447400.0000000014,0.6631718297170349,0.9364244483310196,1.3525641952440166,18387,0.2646567904924188,0.1767887524275469,-0.08695019705819344,0.1657852250185522,0.1164785543324986
miami_dade,3,2020,0.009343661812807113,0.021241442322394888,0.439878877855487,62811,18387,OK,0.6265565613564466,0.6265565613564466,0.8332402686902596,0.8332402686902596,0.6309257676948881,0.6309257676948881,0.8487404304553152,723834.639088267,723834.639088267,0.2654334936358352,137533.2841910317,137533.2841910317,0.17954993606511546,0.12116896304014502,-0.16563351290291797,-0.3646247190629041,-0.2240487550869979,0.3993986177789685,0.9345915716603266,0.9744017228057977,0.8403379328565163,18.01185258848044,0.4099022710763146,-24.988640320074502,1.1595355686176936,-0.09735425077385769,0.7906501022109291,-0.08722820010582877,-0.2064603462366582,-0.5208188217170883,0.4445274192119922,div,-0.16563351290291797,-0.1671736336468814,-5.585059763136289e-08,0.3993986177789685,18387,0.0,187000.00000000017,370000.0000000001,1447400.0000000014,0.6586917203402719,0.9345915716603266,1.334873095167142,18387,0.2654334936358352,0.17732247083144254,-0.0872282001058288,0.1667597313097404,0.11387478712716252
miami_dade,3,2020,0.013560320770321632,0.03082739693351812,0.439878877855487,62811,18387,OK,0.6408440056591946,0.6408440056591946,0.8343410757843983,0.8343410757843983,0.6450460520324367,0.6450460520324367,0.8497389185549504,709853.1361022817,709853.1361022817,0.26455595902838935,136068.50588859638,136068.50588859638,0.1799162925318428,0.12174206271302225,-0.16230303956260916,-0.36390774907173334,-0.2262065245508295,0.4040396196776268,0.9370583972282016,0.9787751807829357,0.8458805823799926,18.09221641168519,0.4128124774299224,-24.83335351083864,1.1571079903844432,-0.09751449959715047,0.7939037015564888,-0.08710647534994119,-0.20617223602441453,-0.5198508712206572,0.4463620801550048,div,-0.16230303956260916,-0.16375114104123986,-5.536351572331623e-08,0.4040396196776268,18387,0.0,187000.00000000017,370000.0000000001,1447400.0000000014,0.6617464538842118,0.9370583972282016,1.347779133255177,18387,0.26455595902838935,0.17657399699079715,-0.08710647534994123,0.16565892421560174,0.11613617085912903
miami_dade,3,2020,0.019679896712654306,0.044739353725276446,0.439878877855487,62811,18387,OK,0.6453854058031927,0.6453854058031927,0.8351716378064508,0.8351716378064508,0.649534318790649,0.649534318790649,0.8504922806103407,705350.9381023331,705350.9381023331,0.26389192526007105,135768.2537267589,135768.2537267589,0.17930807575689672,0.12097927161380957,-0.16134757715850012,-0.3619512476067818,-0.22411710161188494,0.4024714230882745,0.9367879764728722,0.9777477806070901,0.8461482864769289,18.000871150515632,0.411642323279692,-25.727359820183196,1.155527696780072,-0.09625762651666626,0.7963923705853797,-0.08633855134996787,-0.2043546374183952,-0.5170155163347162,0.44560693589337746,div,-0.16134757715850012,-0.1627699845881062,-5.482397892775646e-08,0.4024714230882745,18387,0.0,187000.00000000017,370000.0000000001,1447400.0000000014,0.6622998254814231,0.9367879764728722,1.3450714844226883,18387,0.26389192526007105,0.17611776733193343,-0.08633855134996789,0.1648283621935492,0.11821622371746963
miami_dade,3,2020,0.028561148455159703,0.0649295746920198,0.439878877855487,62811,18387,OK,0.6337135186328111,0.6337135186328111,0.8315314800658253,0.8315314800658253,0.6379989901405929,0.6379989901405929,0.8471904721425694,716865.0229090409,716865.0229090409,0.26678997734097654,137776.66915877,137776.66915877,0.18130041087879836,0.12291035477140333,-0.16561317487623817,-0.36913219327262853,-0.2267908488637379,0.3993500409900778,0.9332694338251223,0.9744649037907606,0.8404338789267841,18.19750289683044,0.4098258433477892,-25.972430256909536,1.1594783697143805,-0.09925677469210904,0.7899341141483692,-0.08812735722330257,-0.2085885603872376,-0.5235114593448129,0.44965939065800326,div,-0.16561317487623817,-0.16715272199063352,-5.583694778902757e-08,0.3993500409900778,18387,0.0,187000.00000000017,370000.0000000001,1447400.0000000014,0.654978398978142,0.9332694338251223,1.3524402828413644,18387,0.26678997734097654,0.17900921634217334,-0.0881273572233026,0.16846851993417472,0.11210900486456644
miami_dade,3,2020,0.04145038020210471,0.09423134933003617,0.439878877855487,62811,18387,OK,0.6448893051140008,0.6448893051140008,0.8321542966352047,0.8321542966352047,0.649044022370729,0.649044022370729,0.8477553984916928,705844.1535434597,705844.1535434597,0.2662963685804635,136272.8890477919,136272.8890477919,0.18114735493157846,0.12353335270168159,-0.15999513705349747,-0.36092424579000115,-0.2221814943570505,0.40013077544516973,0.9314376868643081,0.9722204646489992,0.8424829838348933,18.160280758705376,0.4115750194992058,-24.6920513207766,1.1539941854060418,-0.09562733028281638,0.7976239978055328,-0.08608264195031397,-0.20374892569679992,-0.5133945013716873,0.4406838822964179,div,-0.15999513705349747,-0.1613817054268668,-5.4048269420076354e-08,0.40013077544516973,18387,0.0,187000.00000000017,370000.0000000001,1447400.0000000014,0.6551370539899236,0.9314376868643081,1.340878382924123,18387,0.2662963685804635,0.17932191735447578,-0.086082641950314,0.16784570336479535,0.11121577758671918
miami_dade,3,2020,0.060156335155656014,0.13675658956149997,0.439878877855487,62811,18387,OK,0.6448695894314627,0.6448695894314627,0.8353818752676445,0.8353818752676445,0.6490245373573531,0.6490245373573531,0.8506829766952562,705863.7474423513,705863.7474423513,0.2637235753777141,135473.67736242505,135473.67736242505,0.17884529727434822,0.12135861223172306,-0.16018029391425995,-0.35963773095834656,-0.22326625211857604,0.403522692862462,0.9356943043805086,0.9754611668131292,0.8444724850462386,17.95858819193356,0.4136850139013637,-25.528409862570264,1.155113025097222,-0.09606405526070369,0.7964534779898751,-0.08612724460647019,-0.2038544956824458,-0.5171453362507129,0.4452023838471306,div,-0.16018029391425995,-0.16157173231180175,-5.456951621607101e-08,0.403522692862462,18387,0.0,187000.00000000017,370000.0000000001,1447400.0000000014,0.6597673869933637,0.9356943043805086,1.3338823948033378,18387,0.2637235753777141,0.17616953711265157,-0.08612724460647021,0.16461812473235551,0.11359110574195418
miami_dade,3,2020,0.0873040160721099,0.19847285347670593,0.439878877855487,62811,18387,OK,0.6369057775375132,0.6369057775375132,0.8333469158935497,0.8333469158935497,0.6411539003161513,0.6411539003161513,0.8488371649003523,713734.376924604,713734.376924604,0.2653486042357806,136301.67030637796,136301.67030637796,0.18072410742674,0.12309398825394925,-0.15871855448293606,-0.35538323471557204,-0.22079339984364016,0.4038306526463554,0.9307296876820078,0.9726962618938898,0.8428038734592563,18.089311601949046,0.41517753314447153,-24.808230285515748,1.1541193538913095,-0.0937826814279493,0.7989655143526595,-0.08511315000994464,-0.2014542361188944,-0.5092529675542383,0.43607851152509036,div,-0.15871855448293606,-0.1600718596445545,-5.411280349887049e-08,0.4038306526463554,18387,0.0,187000.00000000017,370000.0000000001,1447400.0000000014,0.6591324389439788,0.9307296876820078,1.3379966157617884,18387,0.2653486042357806,0.17847916267517333,-0.08511315000994468,0.16665308410645033,0.1202291110839926
miami_dade,3,2020,0.12670305135106935,0.2880407715159603,0.439878877855487,62811,18387,OK,0.648629421953838,0.648629421953838,0.8346268962491168,0.8346268962491168,0.6527403806637233,0.6527403806637233,0.849998172273584,702117.2486353699,702117.2486353699,0.26432763401789333,134550.9959490834,134550.9959490834,0.18000477569839668,0.12154221594192023,-0.15447282558997835,-0.3489050795571985,-0.21898096177747386,0.40795212212230564,0.9356604760736537,0.9763561785396052,0.8486482062065519,18.046225863528107,0.4178426121892608,-23.49370546193898,1.150483994898082,-0.09077778466582827,0.8035716709121202,-0.08374915944193793,-0.19822580810372797,-0.5013384649000957,0.4299181188655963,div,-0.15447282558997835,-0.15571939141539298,-5.320278189799775e-08,0.40795212212230564,18387,0.0,187000.00000000017,370000.0000000001,1447400.0000000014,0.6600555681983155,0.9356604760736537,1.3448298317291394,18387,0.26432763401789333,0.17702567246184933,-0.08374915944193795,0.1653731037508832,0.11747249502725682
miami_dade,3,2020,0.18388229939401626,0.41802939093253516,0.439878877855487,62811,18387,OK,0.6537732733390393,0.6537732733390393,0.8339053320347163,0.8339053320347163,0.6578240501157304,0.6578240501157304,0.849343676781106,696959.0161145092,696959.0161145092,0.26490367014450306,134377.43020745617,134377.43020745617,0.18123655630926427,0.12287523926633091,-0.15260556108391257,-0.349018613112251,-0.22124951435125137,0.4120442590714528,0.9360206697531078,0.9783689348239842,0.8509391499938432,18.2417673930876,0.4211657276034883,-24.305351654654558,1.1497519356478816,-0.09172278266006964,0.8043055272702558,-0.0844221849822521,-0.19981879163326077,-0.5033983449531022,0.4338803226012435,div,-0.15260556108391257,-0.15380704408106477,-5.308688976711658e-08,0.4120442590714528,18387,0.0,187000.00000000017,370000.0000000001,1447400.0000000014,0.6611990743028507,0.9360206697531078,1.3518880402965698,18387,0.26490367014450306,0.17790157322190597,-0.08442218498225212,0.16609466796528374,0.11927503623279938
miami_dade,3,2020,0.26686571215039057,0.6066799875716327,0.439878877855487,62811,18387,OK,0.6428386356513343,0.6428386356513343,0.8342030027854244,0.8342030027854244,0.6470173452910774,0.6470173452910774,0.8496136793126795,707879.2505147492,707879.2505147492,0.26466618679510406,135372.34269856656,135372.34269856656,0.180275776678415,0.12235965918861252,-0.15519107269798363,-0.3501608933458909,-0.2198507032786157,0.40810352645213116,0.9341125615115601,0.9755876527690596,0.8472382639975441,18.08422267822658,0.4183269677069929,-24.22898157018773,1.1514914920932886,-0.091654842534731,0.8027684246566933,-0.08439177590470076,-0.19974681641570075,-0.5049030692033778,0.43133505665213095,div,-0.15519107269798363,-0.156455279964643,-5.346999418128661e-08,0.40810352645213116,18387,0.0,187000.00000000017,370000.0000000001,1447400.0000000014,0.6604730780831882,0.9341125615115601,1.3509558647771769,18387,0.26466618679510406,0.1773823527548936,-0.0843917759047008,0.16579699721457564,0.12039134796132335
miami_dade,3,2020,0.38729833462074176,0.8804658603043461,0.439878877855487,62811,18387,OK,0.6489466247501413,0.6489466247501413,0.8330396666166535,0.8330396666166535,0.6530538722568703,0.6530538722568703,0.8485584741576819,701800.2558998348,701800.2558998348,0.2655930960330543,135428.73957353874,135428.73957353874,0.18125325398286785,0.1239519628764914,-0.15530921494633013,-0.3508173133079889,-0.21753657036939322,0.4030522862498006,0.9342465689634176,0.9751157027828798,0.8482584402067693,18.199422827422378,0.41334915005267536,-21.93268522044368,1.1495502509178548,-0.0898915461092392,0.8044130717976902,-0.08361690614995103,-0.1979127779091186,-0.4986869832475524,0.42892386192486504,div,-0.15530921494633013,-0.15657634007748644,-5.28483786071903e-08,0.4030522862498006,18387,0.0,187000.00000000017,370000.0000000001,1447400.0000000014,0.6577932375488598,0.9342465689634176,1.3518459234220295,18387,0.2655930960330543,0.1787665256048545,-0.08361690614995104,0.16696033338334654,0.11503010623661082
miami_dade,3,2020,0.5620804515923291,1.277807323535523,0.439878877855487,62811,18387,OK,0.6529572841060032,0.6529572841060032,0.8318274197428054,0.8318274197428054,0.6570176077777796,0.6570176077777796,0.8474589045021061,697779.8313753287,697779.8313753287,0.26655554647017615,134732.94116276508,134732.94116276508,0.18104982818209883,0.12578111540577,-0.1451791758444393,-0.32992920467759074,-0.20266879079588404,0.3992787949527605,0.9265368400001395,0.9664268708840447,0.8489540777559407,18.033782868738616,0.41316075231726473,-19.184196695474917,1.1383735542429132,-0.07776950164303709,0.821510528577207,-0.07786674579997925,-0.18430272868958703,-0.4666971698643286,0.39574663801057014,div,-0.1451791758444393,-0.14621225230754517,-4.8938835043468284e-08,0.3992787949527605,18387,0.0,187000.00000000017,370000.0000000001,1447400.0000000014,0.6504351146571675,0.9265368400001395,1.3289287772179452,18387,0.26655554647017615,0.18017333594339704,-0.07786674579997926,0.16817258025719464,0.11825254306948609
miami_dade,3,2020,0.8157392010776716,1.8544632219091584,0.439878877855487,62811,18387,OK,0.6672836169846526,0.6672836169846526,0.8352088707578926,0.8352088707578926,0.6711763257034193,0.6711763257034193,0.8505260527936114,683225.4554444073,683225.4554444073,0.2638621184051152,132349.65051635634,132349.65051635634,0.1803736628319291,0.12344283425919846,-0.13427574837109876,-0.3124831240852214,-0.1960248843853818,0.4077507499170236,0.9321720304499301,0.973991196130765,0.8630356354835129,18.040172921049795,0.4186504354521116,-16.986984471545867,1.1285642864388672,-0.06934951749520188,0.8365363240083115,-0.07387360214459046,-0.17485136066108184,-0.44400819960118293,0.37778681450450813,div,-0.13427574837109876,-0.13509158867605234,-4.622377433172958e-08,0.4077507499170236,18387,0.0,187000.00000000017,370000.0000000001,1447400.0000000014,0.6596856157271005,0.9321720304499301,1.3517845614883672,18387,0.2638621184051152,0.17759237095549144,-0.07387360214459049,0.1647911292421074,0.1279619399609794
miami_dade,3,2020,1.1838704624751253,2.691355557345177,0.439878877855487,62811,18387,OK,0.6751687505067319,0.6751687505067319,0.8373531826106837,0.8373531826106837,0.6789692048924483,0.6789692048924483,0.8524710528561283,675080.9410076028,675080.9410076028,0.2621397704157837,130839.66001586709,130839.66001586709,0.1789587005913066,0.1209285839395174,-0.13411829963699926,-0.3120934631895201,-0.19411503164886854,0.4042822039182347,0.9399498157714974,0.9808049455745075,0.8709222295502954,18.02439689697454,0.4122055051696435,-16.13576937326773,1.1261682298325886,-0.06697875845733961,0.8404567424696339,-0.07251942846511356,-0.17164616823030635,-0.43603297990600626,0.36736609187945257,div,-0.13411829963699926,-0.1349312524723581,-4.577683028080393e-08,0.4042822039182347,18387,0.0,187000.00000000017,370000.0000000001,1447400.0000000014,0.6632437877211113,0.9399498157714974,1.3573997931701125,18387,0.2621397704157837,0.17510580710423962,-0.07251942846511358,0.16264681738931622,0.12834005585714828
miami_dade,3,2020,1.7181340188990342,3.9059252566873446,0.439878877855487,62811,18387,OK,0.6832178354552964,0.6832178354552964,0.8361807581874625,0.8361807581874625,0.6869241173122259,0.6869241173122259,0.85140760419147,666664.4650846933,666664.4650846933,0.26308287894093446,130711.01203978501,130711.01203978501,0.18103621281877494,0.12309694552610684,-0.12875440940885474,-0.3063755162806299,-0.19297955065828334,0.40941840747994923,0.9417589499358384,0.9849912695360233,0.8781629988959901,18.324249111447582,0.4156681931740625,-14.464968774537871,1.1216497060048485,-0.06399507929138476,0.8457976274039117,-0.07157158442266835,-0.16940271704199605,-0.4273746738664767,0.3618412893783927,div,-0.12875440940885474,-0.12947305506456663,-4.450435692910137e-08,0.40941840747994923,18387,0.0,187000.00000000017,370000.0000000001,1447400.0000000014,0.6641166151066057,0.9417589499358384,1.3652189371501646,18387,0.26308287894093446,0.17648002804748958,-0.07157158442266837,0.16381924181253749,0.1238447618285826
miami_dade,3,2020,2.4935029637671793,5.668612632467357,0.439878877855487,62811,18387,OK,0.6873652665923617,0.6873652665923617,0.8355911765601676,0.8355911765601676,0.6910230244144919,0.6910230244144919,0.8508728236275074,662285.9758146004,662285.9758146004,0.26355586832383143,130393.74478874773,130393.74478874773,0.18110133252371494,0.1223468178320186,-0.12015370322563768,-0.2885027183497371,-0.18320717760580182,0.41276484796229646,0.9405793048102818,0.9835288915052179,0.8830218273058381,18.279550243852523,0.4196888127554415,-12.146348788533265,1.1138217211527306,-0.05473654253784172,0.8583786118311698,-0.06754637783379006,-0.15987545928583882,-0.4031129058322051,0.33732944094187245,div,-0.12015370322563768,-0.12073698021781831,-4.187096011408271e-08,0.41276484796229646,18387,0.0,187000.00000000017,370000.0000000001,1447400.0000000014,0.6626484889443135,0.9405793048102818,1.3675535328789536,18387,0.26355586832383143,0.17661131188992468,-0.0675463778337901,0.16440882343983243,0.12681191720998145
miami_dade,3,2020,3.618784659359615,8.226775236406079,0.439878877855487,62811,18387,OK,0.7007521517106012,0.7007521517106012,0.8368044129521569,0.8368044129521569,0.7042532859125039,0.7042532859125039,0.8519732908264344,647951.4467852593,647951.4467852593,0.26258162724976664,129497.58880624345,129497.58880624345,0.1814172784756363,0.119730951962042,-0.10772030108709531,-0.26695268994834404,-0.17579045485913564,0.42802695388047024,0.9469097724491823,0.9919711957917708,0.8985327944739596,18.384776871640128,0.4315030472274096,-9.949894044311646,1.1039899733125647,-0.045296597928987783,0.8728515820356163,-0.06352914963082243,-0.150367085563922,-0.37822699365332746,0.32112771352813463,div,-0.10772030108709531,-0.10813987618255404,-3.892617504915522e-08,0.42802695388047024,18387,0.0,187000.00000000017,370000.0000000001,1447400.0000000014,0.6688119757121934,0.9469097724491823,1.381112602808886,18387,0.26258162724976664,0.1751005856852634,-0.06352914963082246,0.16319558704784312,0.1317648741858235
miami_dade,3,2020,5.2518896512686215,11.939399493044128,0.439878877855487,62811,18387,OK,0.718533922729008,0.718533922729008,0.8352176567544926,0.8352176567544926,0.7218270141094205,0.7218270141094205,0.8505340221400075,628405.4978788018,628405.4978788018,0.26385508428080545,129394.70886634584,129394.70886634584,0.1828894100850581,0.11997158809242307,-0.10464862783261984,-0.2683976926065633,-0.1756964470286164,0.42549487279068954,0.9554198615453501,1.0000628896534802,0.9098259014580834,18.61025163086768,0.42547968552819226,-6.496932278211123,1.0991805004130828,-0.04312664345886135,0.879040897946297,-0.06276008546044033,-0.14854678828961557,-0.37002504027996125,0.31804058211777414,div,-0.10464862783261984,-0.10503317184609905,-3.759247535127694e-08,0.42549487279068954,18387,0.0,187000.00000000017,370000.0000000001,1447400.0000000014,0.6697034394989096,0.9554198615453501,1.398421301185572,18387,0.26385508428080545,0.17528669399093438,-0.06276008546044036,0.16478234324550747,0.1297366773624927
miami_dade,3,2020,7.621991222319222,17.327477189807844,0.439878877855487,62811,18387,OK,0.7188643841064415,0.7188643841064415,0.8357798009851013,0.8357798009851013,0.7221536091612062,0.7221536091612062,0.8510439155877606,628036.4929577226,628036.4929577226,0.2634046375685092,130495.65915085383,130495.65915085383,0.18413991923538933,0.11750944999013897,-0.09661303419769353,-0.25387513767770975,-0.16699456225390386,0.42755529346646093,0.9637668124947747,1.011092582577282,0.927381158218872,18.766923557071745,0.42287613209033936,-4.360173831468121,1.0902664709289396,-0.03442771692332687,0.8922590862614934,-0.058808882589162434,-0.13919468986427158,-0.34548453437781795,0.3007894925151099,div,-0.09661303419769353,-0.09691532686421936,-3.487394382001737e-08,0.42755529346646093,18387,0.0,187000.00000000017,370000.0000000001,1447400.0000000014,0.673324847538563,0.9637668124947747,1.4253041615350843,18387,0.2634046375685092,0.17453515526342478,-0.05880888258916245,0.16422019901489868,0.13148393010912598
miami_dade,3,2020,11.061685231539125,25.147116145852333,0.439878877855487,62811,18387,OK,0.7323310250694801,0.7323310250694801,0.8328318546772604,0.8328318546772604,0.7354626933781229,0.7354626933781229,0.8483699781445739,612810.1693351698,612810.1693351698,0.26575833364196166,132365.44241240938,132365.44241240938,0.18709036709952187,0.11835536605544367,-0.08463142906804792,-0.2410944454290965,-0.1619163324900422,0.43652948529876734,0.9668596135763685,1.0149757167478304,0.9401067258017384,19.05746569964798,0.43010029617541856,-2.003393320560555,1.0796388206692624,-0.0270843645625262,0.9071871150521598,-0.05627186590831114,-0.1331898274264218,-0.32725521078318387,0.2952926088678301,div,-0.08463142906804792,-0.08483435881097043,-3.1190210943449143e-08,0.43652948529876734,18387,0.0,187000.00000000017,370000.0000000001,1447400.0000000014,0.6740056616568338,0.9668596135763685,1.4467838289599422,18387,0.26575833364196166,0.17637423252639078,-0.05627186590831115,0.16716814532273963,0.13543153217571885
miami_dade,3,2020,16.05366322167172,36.49564466458836,0.439878877855487,62811,18387,OK,0.7225487133533737,0.7225487133533737,0.8313657984253906,0.8313657984253906,0.7257948325638983,0.7257948325638983,0.8470401904563566,623907.6594642387,623907.6594642387,0.2669211334130667,132426.33402381025,132426.33402381025,0.19046232932491222,0.1146419106555574,-0.1094244861992137,-0.2919988909517719,-0.1952791422306793,0.43469514205793397,0.9982517433672401,1.0471303292840823,0.9507349924928014,19.078853013902414,0.415141220822925,-9.736754121118489,1.101390332271809,-0.051307047322233616,0.8730509019984546,-0.06846239746203332,-0.1620435852975785,-0.39468752982059135,0.356470292118982,div,-0.1094244861992137,-0.1098643902427546,-4.015802604645427e-08,0.43469514205793397,18387,0.0,187000.00000000017,370000.0000000001,1447400.0000000014,0.6905739097110143,0.9982517433672401,1.4914700496451323,18387,0.2669211334130667,0.17435736301898896,-0.06846239746203331,0.16863420157460943,0.12687749710795138
miami_dade,3,2020,23.298448422672752,52.96559938558125,0.439878877855487,62811,18387,OK,0.7224929098735317,0.7224929098735317,0.8263152432877979,0.8263152432877979,0.7257396819725331,0.7257396819725331,0.8424590797165281,623970.3992490452,623970.3992490452,0.27088875816513247,134827.4770714201,134827.4770714201,0.19531197844343565,0.11635298109044294,-0.09634044603217021,-0.26937917099687203,-0.19581505818626704,0.47248954585110087,1.0018203832511934,1.0557080890015214,0.963459957385245,19.494998142204555,0.44756917159709597,-7.619687748152413,1.0957467208773581,-0.044813916454292314,0.8808905571831317,-0.06725427150905354,-0.15918407309570937,-0.38235046790442256,0.34774949429909624,div,-0.09634044603217021,-0.09664017767392019,-3.843031204096837e-08,0.47248954585110087,18387,0.0,187000.00000000017,370000.0000000001,1447400.0000000014,0.6945357213134584,1.0018203832511934,1.5194639162817583,18387,0.27088875816513247,0.1767566211458354,-0.06725427150905353,0.17368475671220213,0.12238372447915231
miami_dade,3,2020,33.81270003043063,76.86820561895469,0.439878877855487,62811,18387,OK,0.7186422206991525,0.7186422206991525,0.8072507994928452,0.8072507994928452,0.7219340450170634,0.7219340450170634,0.8251666582225332,628284.5923898576,628284.5923898576,0.28536875637512965,144088.34474984123,144088.34474984123,0.2038639425422577,0.13708216583977306,-0.058454744161141436,-0.20736936695751432,-0.1416981086883048,0.4441499132305157,0.9370779803081334,0.9944648121161875,0.941850236970315,20.794884967254557,0.4466341957362905,6.184213279617461,1.0558629950714031,-0.0034647896258285875,0.9393827337139942,-0.05030936196168836,-0.11907718234417022,-0.2755713065226731,0.27483451541650716,div,-0.058454744161141436,-0.058521460111962124,-2.1919083946000197e-08,0.4441499132305157,18387,0.0,187000.00000000017,370000.0000000001,1447400.0000000014,0.6407777917753713,0.9370779803081334,1.4877366142443567,18387,0.28536875637512965,0.1968178004236259,-0.05030936196168838,0.1927492005071548,0.12197703372605649
miami_dade,3,2020,49.071880779635485,111.55771111100502,0.439878877855487,62811,18387,OK,0.6905988797418126,0.6905988797418126,0.7788790009876991,0.7788790009876991,0.6942188049992042,0.6942188049992042,0.7994319919731263,658852.0273884077,658852.0273884077,0.3056505093443507,153875.56028831904,153875.56028831904,0.21795710547596767,0.15424669426729662,-0.05793281814919163,-0.20030668221208814,-0.1318032461348826,0.427701525084133,0.9106804941180455,0.9706412320750044,0.9204275375303927,22.07120050163255,0.44065010012555433,9.875217399374547,1.0545547503710508,0.009000855828148144,0.9424287089189485,-0.04950282029269619,-0.11716817961303065,-0.25788943528433067,0.2590824507132078,div,-0.05793281814919163,-0.05799776057100132,-2.0918883843700464e-08,0.427701525084133,18387,0.0,187000.00000000017,370000.0000000001,1447400.0000000014,0.6062749200089624,0.9106804941180455,1.461030745807227,18387,0.3056505093443507,0.216648012712817,-0.04950282029269622,0.22112099901230095,0.10790050662445586
miami_dade,3,2020,71.21730832153513,161.90208693069386,0.439878877855487,62811,18387,OK,0.7015038407548853,0.7015038407548853,0.7406868445413106,0.7406868445413106,0.7049961803598103,0.7049961803598103,0.7647897609099574,647137.1314025796,647137.1314025796,0.330995740436033,164187.17212098834,164187.17212098834,0.23791580256836886,0.17257816683524912,-0.0537092093950828,-0.17728011391100582,-0.12163191608753635,0.44596179634816857,0.8985741961004295,0.9656970968199303,0.9171567206174005,24.253164575110635,0.4618155376117294,19.533886106802452,1.0529248438258774,0.03253328742933391,0.9471025353317951,-0.047024139655491876,-0.11130139270298978,-0.22741079129448982,0.2450014653503437,div,-0.0537092093950828,-0.05376094357915562,-2.0221784131182035e-08,0.44596179634816857,18387,0.0,187000.00000000017,370000.0000000001,1447400.0000000014,0.578095959808949,0.8985741961004295,1.4891926971737037,18387,0.330995740436033,0.23851143817063597,-0.04702413965549191,0.25931315545868944,0.0971775283634614
miami_dade,3,2020,103.35664588322452,234.96614883422563,0.439878877855487,62811,18387,OK,0.6616354859904267,0.6616354859904267,0.6640438325369389,0.6640438325369389,0.6655942766032279,0.6655942766032279,0.6952706455135882,689000.204491638,689000.204491638,0.3767484194870371,181382.55121443278,181382.55121443278,0.2694906969680092,0.19310017162623852,-0.07147482604606824,-0.20013834658039467,-0.14815623196117583,0.4811713343556495,0.8934613404226484,0.9718474201807331,0.9021511438321999,27.959430941157017,0.4951234210740848,21.232595084565755,1.077255653695094,0.04364377737050274,0.9090870233446758,-0.06216921111752174,-0.14714824835329537,-0.2633712902205285,0.25960226113205653,div,-0.07147482604606824,-0.07159691379542624,-2.903527259835679e-08,0.4811713343556495,18387,0.0,187000.00000000017,370000.0000000001,1447400.0000000014,0.5291759815090352,0.8934613404226484,1.5679706120168522,18387,0.3767484194870371,0.27154278518735653,-0.06216921111752177,0.33595616746306106,0.06327821226789392
miami_dade,3,2020,150.0,341.00296138629176,0.439878877855487,62811,18387,OK,0.5717909199999971,0.5717909199999971,0.6045047504487719,0.6045047504487719,0.5768008723325645,0.5768008723325645,0.6412656656721762,775094.9044401904,775094.9044401904,0.40877164771518487,210930.8733643205,210930.8733643205,0.297045859391657,0.19796199939914758,-0.04836570314508247,-0.14564382690780303,-0.12444879944250921,0.555403688237656,0.9425294184982195,1.0254014857648444,0.9709633821844814,30.993171632211897,0.5416598276154168,24.60702822935587,1.0560660727059425,0.097557693923043,0.9434030428518593,-0.05811877065861182,-0.13756126457347495,-0.22132762237412718,0.23904186177217496,div,-0.04836570314508247,-0.04840346918140315,-2.2678760760318476e-08,0.555403688237656,18387,0.0,187000.00000000017,370000.0000000001,1447400.0000000014,0.5016663785752864,0.9425294184982195,1.7411420492616656,18387,0.40877164771518487,0.286296067759498,-0.05811877065861183,0.39549524955122806,0.04936291149892117
miami_dade,4,2021,0.0,0.0,0.4435259175331123,81198,22725,OK,0.48404150036648697,0.48404150036648697,0.8723886521276567,0.8723886521276567,0.49489445278829325,0.49489445278829325,0.8988275703226372,1469852.074523724,1469852.074523724,0.2591714597504046,185424.37580051817,185424.37580051817,0.17226337311755513,0.11783357301900643,-0.1286404355062489,-0.3154300447436803,-0.15165598409061698,0.3488181069883425,0.9217548037821193,0.9547115379202316,0.8377029488801184,16.779156593997683,0.36537296152025756,-19.36804898332449,1.1396779003780944,-0.06238933009475621,0.8570875529471231,-0.07880323186853536,-0.14971281463021044,-0.4408638481266443,0.38848029780106563,div,-0.1286404355062489,-0.12935716161555422,-2.1928568332441174e-08,0.3488181069883425,22725,0.0,215000.00000000006,432000.00000000006,2250000.0,0.6513376290479643,0.9217548037821193,1.3065430498059587,22725,0.2591714597504046,0.1742602454472734,-0.07880323186853531,0.12761134787234332,0.10762437251993799
miami_dade,4,2021,0.001,0.0022546596725665823,0.4435259175331123,81198,22725,OK,0.4874442480214466,0.4874442480214466,0.8759782620935,0.8759782620935,0.498225625193637,0.498225625193637,0.9016734736681746,1464997.217695823,1464997.217695823,0.2555003111202058,181187.3881953807,181187.3881953807,0.16897104358518975,0.11175350212665633,-0.1277184388731618,-0.3138495836085294,-0.15359590813355037,0.35505907405431564,0.9351268755419077,0.9689338613510539,0.8506854166044883,16.80628125908547,0.3664511073004422,-19.8434803561238,1.1390037285681403,-0.062037276365674784,0.8578245615813131,-0.07856132291865858,-0.14925322853314896,-0.43856882714393064,0.3870798077530662,div,-0.1277184388731618,-0.12841976349031314,-2.2160929570230335e-08,0.35505907405431564,22725,0.0,215000.00000000006,432000.00000000006,2250000.0,0.6575157672220101,0.9351268755419077,1.3163609195254111,22725,0.2555003111202058,0.16860936560638556,-0.07856132291865853,0.12402173790649997,0.10792051054914611
miami_dade,4,2021,0.001451285485497223,0.0032721548575318023,0.4435259175331123,81198,22725,OK,0.48168816352614363,0.48168816352614363,0.8713162912165584,0.8713162912165584,0.49259061731827114,0.49259061731827114,0.8979773844992308,1473200.3299890745,1473200.3299890745,0.2602581339092041,186109.32238447393,186109.32238447393,0.1724965139155611,0.11899979126835766,-0.12955035246401622,-0.31581938302766915,-0.1511619169013463,0.3472531042264316,0.9212706353195921,0.9538536580891713,0.8365461105340292,16.82713517469464,0.36406081988151207,-19.987371705465655,1.140228429823499,-0.06223449818170998,0.856561372385855,-0.07874340983844023,-0.14959916288915778,-0.4390584631691035,0.38708568765277424,div,-0.12955035246401622,-0.1302824999797353,-2.1984596118770147e-08,0.3472531042264316,22725,0.0,215000.00000000006,432000.00000000006,2250000.0,0.6483070731680697,0.9212706353195921,1.3097078373092075,22725,0.2602581339092041,0.17494370126165537,-0.07874340983844018,0.12868370878344154,0.10670385181202874
miami_dade,4,2021,0.00210622956041491,0.004748830851035137,0.4435259175331123,81198,22725,OK,0.48647293924635837,0.48647293924635837,0.8728544650123697,0.8728544650123697,0.49727474745695677,0.49727474745695677,0.8991968746369257,1466384.6678855743,1466384.6678855743,0.25869800743514026,184395.99593595142,184395.99593595142,0.17190945716395756,0.11693321918170729,-0.12655229113347377,-0.3110664900343413,-0.1500928507107942,0.35006549394537045,0.9238899374223192,0.9571179451247617,0.8415970524200117,16.803979631235528,0.3657576354030574,-19.58596448191509,1.1372638988843529,-0.06051311390818106,0.8598681609584578,-0.07768164735755179,-0.14758199372345973,-0.434073403260556,0.3825659396799291,div,-0.12655229113347377,-0.12723445702370428,-2.1649759306406722e-08,0.35006549394537045,22725,0.0,215000.00000000006,432000.00000000006,2250000.0,0.6530811803326475,0.9238899374223192,1.3038591934612935,22725,0.25869800743514026,0.17350939667741527,-0.07768164735755174,0.12714553498763032,0.10848782234772952
miami_dade,4,2021,0.003056740390155355,0.00689190928718872,0.4435259175331123,81198,22725,OK,0.48314303389066593,0.48314303389066593,0.8737012245931839,0.8737012245931839,0.49401488514623815,0.49401488514623815,0.899868199919292,1471131.2843833168,1471131.2843833168,0.2578351342335557,183824.4921152943,183824.4921152943,0.1710020133613614,0.115415146493366,-0.12801547906906816,-0.31282704016237217,-0.1521005995595876,0.3527517421631299,0.9285423862983503,0.961802249596539,0.8440490076175483,16.861704975397814,0.3667692645569548,-19.238466299703305,1.1395099584458568,-0.06148076765295109,0.8574539461142449,-0.07846995708988985,-0.1490796489087903,-0.43749205282297676,0.3847958491635316,div,-0.12801547906906816,-0.12872174100869124,-2.206812366755043e-08,0.3527517421631299,22725,0.0,215000.00000000006,432000.00000000006,2250000.0,0.6563005372256273,0.9285423862983503,1.3149018153328176,22725,0.2578351342335557,0.17186733200730636,-0.07846995708988981,0.12629877540681614,0.10804623661534125
miami_dade,4,2021,0.004436202961165585,0.0100021279158605,0.4435259175331123,81198,22725,OK,0.4870790983017863,0.4870790983017863,0.8753917138599053,0.8753917138599053,0.4978681562322881,0.4978681562322881,0.9012084483322217,1465518.9639453688,1465518.9639453688,0.2561037798576109,181426.3211415001,181426.3211415001,0.16953520458798796,0.11233618229629888,-0.1266988366192672,-0.3123411809832286,-0.15323038538650996,0.35592473693381366,0.9352235828145012,0.9690261893552895,0.8514357482081839,16.86148705019352,0.3673095446021018,-19.212167265800673,1.1381084143983506,-0.06133375082248701,0.8589792621823384,-0.0782358878049905,-0.14863495684946937,-0.435687262868658,0.38505535443218253,div,-0.1266988366192672,-0.12738339051434902,-2.2037613179424095e-08,0.35592473693381366,22725,0.0,215000.00000000006,432000.00000000006,2250000.0,0.6574279023687942,0.9352235828145012,1.3149041280292386,22725,0.2561037798576109,0.16914115463909166,-0.07823588780499045,0.12460828614009468,0.10921294614805356
miami_dade,4,2021,0.006438196968259414,0.014515943068374932,0.4435259175331123,81198,22725,OK,0.4826006874992165,0.4826006874992165,0.872307666404311,0.872307666404311,0.4934839467645157,0.4934839467645157,0.8987633634747614,1471902.9229631363,1471902.9229631363,0.25925368542807126,184894.61764575454,184894.61764575454,0.17193279689623378,0.11751601381750758,-0.12871544984980157,-0.31434426418213024,-0.15052750744988025,0.34741843291651997,0.9226527813472294,0.9555376940850121,0.8389306582457651,16.79133262109658,0.36359222591570195,-19.57841970424369,1.1389948438445159,-0.061642362923384715,0.8580151835767835,-0.07818038914134527,-0.14852951877357418,-0.43670210492999845,0.3843600639192679,div,-0.12871544984980157,-0.12943343896040757,-2.185331328598223e-08,0.34741843291651997,22725,0.0,215000.00000000006,432000.00000000006,2250000.0,0.6512937146768282,0.9226527813472294,1.306057853876344,22725,0.25925368542807126,0.17402032231653897,-0.0781803891413452,0.12769233359568893,0.10846772317666378
miami_dade,4,2021,0.009343661812807113,0.021066777483436563,0.4435259175331123,81198,22725,OK,0.48766045019354554,0.48766045019354554,0.872550036103104,0.872550036103104,0.49843727965135787,0.49843727965135787,0.8989555182612745,1464688.2083957358,1464688.2083957358,0.2590075270224884,184253.09015389506,184253.09015389506,0.17208056889505904,0.11724498598834117,-0.12515820934709648,-0.30758544540982063,-0.15001606068361986,0.3538461727877432,0.924939683202961,0.9575109667241454,0.8420287628334608,16.831961844118144,0.36955603720096175,-19.035363646578443,1.137147576173149,-0.059866042894257655,0.8601124781173523,-0.07758182908250934,-0.14739235588052116,-0.43280407068592025,0.3810713061820408,div,-0.12515820934709648,-0.12581793797736524,-2.1642508639512237e-08,0.3538461727877432,22725,0.0,215000.00000000006,432000.00000000006,2250000.0,0.6524001340244091,0.924939683202961,1.3118551133898335,22725,0.2590075270224884,0.17359121008561437,-0.0775818290825093,0.12744996389689597,0.10891994187604012
miami_dade,4,2021,0.013560320770321632,0.030573908387911197,0.4435259175331123,81198,22725,OK,0.481986223990177,0.481986223990177,0.8719981448143677,0.8719981448143677,0.4928824082159784,0.4928824082159784,0.8985179695359441,1472776.6796989916,1472776.6796989916,0.259567706019567,185089.59153053482,185089.59153053482,0.17227526933289683,0.11802999894948034,-0.12838153145074424,-0.3146627630780608,-0.150683699027479,0.3474269052745703,0.9220192359387064,0.9547594371049064,0.838452071294242,16.78453569551501,0.36389747634934183,-19.66458972620438,1.1387167731974606,-0.061705403075291036,0.858324528280259,-0.07823955110355922,-0.14864191649727254,-0.43694616340631026,0.38453920043021905,div,-0.12838153145074424,-0.12909390993783845,-2.1797152154967353e-08,0.3474269052745703,22725,0.0,215000.00000000006,432000.00000000006,2250000.0,0.6517036104327771,0.9220192359387064,1.303724346614278,22725,0.259567706019567,0.17441472214212353,-0.07823955110355915,0.1280018551856324,0.10917488271487213
miami_dade,4,2021,0.019679896712654306,0.044371469478297315,0.4435259175331123,81198,22725,OK,0.4887581516184034,0.4887581516184034,0.8765981757849683,0.8765981757849683,0.4995118914258935,0.4995118914258935,0.9021649517020783,1463118.299883538,1463118.299883538,0.2548609612657549,180843.04601920195,180843.04601920195,0.16881846492148622,0.11169514221636921,-0.1270632223034295,-0.3113785961339968,-0.1523240576889629,0.35491329707808483,0.9364330862107043,0.970241933357633,0.8526484228770231,16.81219650885301,0.3658068096283892,-18.650020478379414,1.1379155902075366,-0.0608046910032324,0.8590087881742414,-0.0779082899724911,-0.14801257636573412,-0.4354348984940613,0.3824089833705741,div,-0.1270632223034295,-0.12775373835711265,-2.2038188402918537e-08,0.35491329707808483,22725,0.0,215000.00000000006,432000.00000000006,2250000.0,0.6625670590812068,0.9364330862107043,1.320510910504094,22725,0.2548609612657549,0.1681842475456999,-0.07790828997249104,0.12340182421503168,0.10656359095252302
miami_dade,4,2021,0.028561148455159703,0.06439566962403592,0.4435259175331123,81198,22725,OK,0.4895058628874328,0.4895058628874328,0.8744529484273893,0.8744529484273893,0.5002438749283802,0.5002438749283802,0.9004641792582849,1462047.9744222814,1462047.9744222814,0.25706667832633007,182408.46894233907,182408.46894233907,0.1702613264941045,0.11388140618526581,-0.12609013801207,-0.31150024093302003,-0.15121382624950286,0.3521888826726295,0.9310210525135839,0.9647072121009536,0.848910032240374,16.844269801917296,0.36508137126048007,-18.915923730037616,1.1364068929129947,-0.06050553110541961,0.8606439051980287,-0.07763976683907324,-0.14750242782050216,-0.43271569511335434,0.3832965221594725,div,-0.12609013801207,-0.12676480970805265,-2.1701538255505255e-08,0.3521888826726295,22725,0.0,215000.00000000006,432000.00000000006,2250000.0,0.6555349952523601,0.9310210525135839,1.317983173765429,22725,0.25706667832633007,0.1707057859637303,-0.07763976683907321,0.12554705157261076,0.10741782003797093
miami_dade,4,2021,0.04145038020210471,0.09345650065423775,0.4435259175331123,81198,22725,OK,0.4831837545778125,0.4831837545778125,0.8706334798845117,0.8706334798845117,0.49405474929224724,0.49405474929224724,0.8974360401546548,1471073.3315446456,1471073.3315446456,0.2609477009652715,185365.93146607777,185365.93146607777,0.173152666533269,0.11910664838803992,-0.12608051950481305,-0.3103616527405203,-0.1487095932906967,0.34762696507237245,0.9193160384020528,0.9520332749142021,0.8377447397704259,16.830011344801317,0.3651496465963607,-18.966747372701462,1.1364240558228937,-0.06005507461548262,0.8607154676755,-0.07731951082133992,-0.14689399554329421,-0.43098766614796646,0.37986899105884026,div,-0.12608051950481305,-0.12675503582031633,-2.1418803295335353e-08,0.34762696507237245,22725,0.0,215000.00000000006,432000.00000000006,2250000.0,0.6471228126751677,0.9193160384020528,1.3044626997414663,22725,0.2609477009652715,0.17588081156121851,-0.07731951082133985,0.12936652011548838,0.10655713166517351
miami_dade,4,2021,0.060156335155656014,0.13563206292485697,0.4435259175331123,81198,22725,OK,0.48835305479161184,0.48835305479161184,0.8727756588330329,0.8727756588330329,0.4991153156266469,0.4991153156266469,0.8991343957683138,1463697.8565232635,1463697.8565232635,0.2587781669292489,183989.70618759017,183989.70618759017,0.17158060126841726,0.1168804701341205,-0.12512239037137432,-0.3088385071695307,-0.14978643618742885,0.3518710769820248,0.9268698011747717,0.9589696778655596,0.844164936965906,16.827401996713213,0.3669342496403331,-18.776275086792005,1.135997997396438,-0.059711206371329775,0.861174593125506,-0.07739707214790414,-0.14704134894785706,-0.43135393042337045,0.3807580373362017,div,-0.12512239037137432,-0.12578154914914483,-2.1515545366017468e-08,0.3518710769820248,22725,0.0,215000.00000000006,432000.00000000006,2250000.0,0.6527951457732648,0.9268698011747717,1.3101468645546175,22725,0.2587781669292489,0.17298798588007422,-0.0773970721479041,0.12722434116696715,0.10759406726528904
miami_dade,4,2021,0.0873040160721099,0.19684084429089094,0.4435259175331123,81198,22725,OK,0.49398982485972187,0.49398982485972187,0.8741849457250308,0.8741849457250308,0.5046335187995408,0.5046335187995408,0.90025170219406,1455612.8105510948,1455612.8105510948,0.257340909524332,182241.56346522717,182241.56346522717,0.17105166313130532,0.11612099576911766,-0.12183371150353989,-0.3039553038182705,-0.14823883149561617,0.3538301071405714,0.9273306745672749,0.9605896506855363,0.8481800310208474,16.81350257017226,0.3683548872152156,-18.79434189141915,1.1325303774593651,-0.05823163835418555,0.8650454323628404,-0.07625011508317886,-0.1448623244795904,-0.426577251953174,0.3763684310365498,div,-0.12183371150353989,-0.12244194876883098,-2.106667592748939e-08,0.3538301071405714,22725,0.0,215000.00000000006,432000.00000000006,2250000.0,0.6568670630218179,0.9273306745672749,1.314194184901952,22725,0.257340909524332,0.17199227437251677,-0.07625011508317882,0.1258150542749691,0.10938560311310522
miami_dade,4,2021,0.12670305135106935,0.2856722602723889,0.4435259175331123,81198,22725,OK,0.4925625221662254,0.4925625221662254,0.8753967154530207,0.8753967154530207,0.5032362387691753,0.5032362387691753,0.9012124136796313,1457664.2881481734,1457664.2881481734,0.2560986399917332,180772.41066314504,180772.41066314504,0.17009822160439503,0.11386273826258204,-0.12144719975161931,-0.30182176900324365,-0.14743539710633108,0.35440001415780664,0.9313508822900336,0.9652756237110371,0.8530421367918224,16.817472118433663,0.3671571137709847,-17.665755358315653,1.1315685147058618,-0.056851607696079706,0.8662522672247235,-0.07539698195080947,-0.14324151579607872,-0.42160375521606125,0.3713925873815674,div,-0.12144719975161931,-0.12204963213775824,-2.1033666906729594e-08,0.35440001415780664,22725,0.0,215000.00000000006,432000.00000000006,2250000.0,0.662159473907586,0.9313508822900336,1.3198060046720295,22725,0.2560986399917332,0.1701872382457591,-0.07539698195080943,0.12460328454697937,0.11043573242450053
miami_dade,4,2021,0.18388229939401626,0.414592004942503,0.4435259175331123,81198,22725,OK,0.4941638693176804,0.4941638693176804,0.8750625721718119,0.8750625721718119,0.5048039023114681,0.5048039023114681,0.9009474992485569,1455362.4567605231,1455362.4567605231,0.25644179445670456,180213.4877758785,180213.4877758785,0.16999392085243475,0.11346578541165513,-0.11868970234670825,-0.2941116693079631,-0.14512919473426683,0.35800167313120873,0.9339551869112204,0.9671114208180193,0.8563115339714255,16.890301202850043,0.3701843887986069,-17.27878890732164,1.1293920290115946,-0.054178150929668406,0.8686527780536472,-0.07409058413022018,-0.1407595808536961,-0.412900131089855,0.3635592875973024,div,-0.11868970234670825,-0.1192517980690512,-2.076499605605311e-08,0.35800167313120873,22725,0.0,215000.00000000006,432000.00000000006,2250000.0,0.6569728111114932,0.9339551869112204,1.3178497921154526,22725,0.25644179445670456,0.16996741581109068,-0.07409058413022017,0.124937427828188,0.1081308527894682
miami_dade,4,2021,0.26686571215039057,0.6016913591762474,0.4435259175331123,81198,22725,OK,0.5041284009618876,0.5041284009618876,0.8802320472271961,0.8802320472271961,0.5145588345636372,0.5145588345636372,0.9050459462928818,1440956.4704916722,1440956.4704916722,0.2510804162479694,175423.48536140835,175423.48536140835,0.1672129248614237,0.10689262884420316,-0.11630449607903684,-0.29084683273200385,-0.1449153750588846,0.3614869748186088,0.9521488372277642,0.986741187952451,0.8771109448675138,16.868518287162438,0.36635232521309025,-17.362474970491824,1.1249901665535558,-0.05186621498926895,0.8737425354012933,-0.07227998223848747,-0.13731974343892733,-0.4040824817449287,0.356094067429898,div,-0.11630449607903684,-0.11683320047619776,-2.0545793232033788e-08,0.3614869748186088,22725,0.0,215000.00000000006,432000.00000000006,2250000.0,0.6758272996002339,0.9521488372277642,1.3537201006045863,22725,0.2510804162479694,0.16360283757241406,-0.07227998223848744,0.119767952772804,0.11271350054574615
miami_dade,4,2021,0.38729833462074176,0.8732259363215842,0.4435259175331123,81198,22725,OK,0.5005566542219375,0.5005566542219375,0.8773714000535621,0.8773714000535621,0.511062217892208,0.511062217892208,0.9027779769482139,1446136.7398197541,1446136.7398197541,0.2540612390988936,177192.5505419942,177192.5505419942,0.1689217114821974,0.11093055612620532,-0.11064847256350803,-0.2760166348925241,-0.13850794791807694,0.3640675448791392,0.9418505894212975,0.9770170226723814,0.871973661931471,16.917923030382852,0.3726399305046854,-15.01710521776132,1.1204662082433012,-0.046686566289788956,0.8791617231502297,-0.06937367536615453,-0.13179825184881122,-0.38645916216328546,0.34069915001010437,div,-0.11064847256350803,-0.11110337847199193,-1.9686166056464816e-08,0.3640675448791392,22725,0.0,215000.00000000006,432000.00000000006,2250000.0,0.6643449373665105,0.9418505894212975,1.3393667882123046,22725,0.2540612390988936,0.16693600873811495,-0.0693736753661545,0.12262859994643789,0.11322855045939587
miami_dade,4,2021,0.5620804515923291,1.2673001269432373,0.4435259175331123,81198,22725,OK,0.5049557976951278,0.5049557976951278,0.8802048503802977,0.8802048503802977,0.5153688273828296,0.5153688273828296,0.9050243841737902,1439753.7998513905,1439753.7998513905,0.2511089222375403,174958.96272119775,174958.96272119775,0.1677041028755719,0.107480609344445,-0.1031390710665767,-0.2633146832783652,-0.1335827331825802,0.3680592820307535,0.9505582331379944,0.9857272068337166,0.8867392842478442,16.89372993414112,0.37339679564524136,-13.632161109010198,1.1116313716379855,-0.04145051123142415,0.8887817886525029,-0.066074550462986,-0.12553047242709953,-0.3696878926256249,0.32665331404329123,div,-0.1031390710665767,-0.10350714292528929,-1.85513169786756e-08,0.3680592820307535,22725,0.0,215000.00000000006,432000.00000000006,2250000.0,0.6723096249673131,0.9505582331379944,1.347331917687615,22725,0.2511089222375403,0.1640169329531622,-0.06607455046298596,0.11979514961970227,0.11498654286979072
miami_dade,4,2021,0.8157392010776716,1.8392142800015086,0.4435259175331123,81198,22725,OK,0.516776098083078,0.516776098083078,0.8806356491482302,0.8806356491482302,0.5269404931270769,0.5269404931270769,0.90536592870553,1422461.261848698,1422461.261848698,0.2506570055910835,174416.49074655652,174416.49074655652,0.1681816095388841,0.10769165937536918,-0.09588023193740816,-0.2481440566368052,-0.1269384925349287,0.371135062488431,0.9541875870406433,0.990539601783242,0.8977493653247153,16.99616806841109,0.37468792552840197,-11.487465001946717,1.10335873245086,-0.03509579916630866,0.8984370646984212,-0.06222645841013575,-0.11821974825338216,-0.34755110808230616,0.30607559186652666,div,-0.09588023193740816,-0.09617567284794838,-1.7389809222181213e-08,0.371135062488431,22725,0.0,215000.00000000006,432000.00000000006,2250000.0,0.6776276433194937,0.9541875870406433,1.356173286147532,22725,0.2506570055910835,0.1636209045371437,-0.06222645841013572,0.1193643508517698,0.11797763577602441
miami_dade,4,2021,1.1838704624751253,2.6692249892854143,0.4435259175331123,81198,22725,OK,0.5180579163953984,0.5180579163953984,0.8824292881917416,0.8824292881917416,0.5281953489740694,0.5281953489740694,0.9067879560018622,1420573.3713112427,1420573.3713112427,0.2487666172851856,172419.03434766462,172419.03434766462,0.16812588862249192,0.10550280018440848,-0.08486527231841204,-0.22782225535693604,-0.11932503799336515,0.3799950692567368,0.9625191749099187,1.0010898265307824,0.9169988898058671,17.051981349517686,0.37958974328722767,-9.720246586306848,1.0917023320962993,-0.027107688875710228,0.9113513289438225,-0.057530326020342686,-0.10929789084625291,-0.32167552356969326,0.2873141846377069,div,-0.08486527231841204,-0.08506989374094949,-1.5759474302174035e-08,0.3799950692567368,22725,0.0,215000.00000000006,432000.00000000006,2250000.0,0.684686628491249,0.9625191749099187,1.3758281220699173,22725,0.2487666172851856,0.16144032177617257,-0.057530326020342665,0.11757071180825841,0.12079411014192737
miami_dade,4,2021,1.7181340188990342,3.8738074844764023,0.4435259175331123,81198,22725,OK,0.5209170889749367,0.5209170889749367,0.8817643561225498,0.8817643561225498,0.5309943801585273,0.5309943801585273,0.9062607866385403,1416353.2517486901,1416353.2517486901,0.24946908680783175,173367.03536854463,173367.03536854463,0.16862093808232814,0.10683770047643008,-0.07635080070519464,-0.2059575135850622,-0.10837872490405764,0.3817762641553823,0.958960596166513,0.9972639011660114,0.9212551250457087,17.084568611854728,0.38283213089738233,-6.595290343949262,1.082505675196685,-0.01846642715764409,0.9221313792551358,-0.05211496028593343,-0.09900961170939021,-0.29121700758979546,0.26308258910472193,div,-0.07635080070519464,-0.07649968271808597,-1.4244797366523684e-08,0.3817762641553823,22725,0.0,215000.00000000006,432000.00000000006,2250000.0,0.6843290808037374,0.958960596166513,1.3540545251658076,22725,0.24946908680783175,0.16253774632955978,-0.052114960285933404,0.11823564387745024,0.12181645894274745
miami_dade,4,2021,2.4935029637671793,5.622000575831111,0.4435259175331123,81198,22725,OK,0.5233009754397475,0.5233009754397475,0.8802888787362899,0.8802888787362899,0.533328122655558,0.533328122655558,0.905091003272164,1412825.014807692,1412825.014807692,0.2510208386574205,173583.85169719,173583.85169719,0.17070181062973716,0.10642228914382523,-0.06606371452563499,-0.18661389320086802,-0.09998500451440283,0.38871690135120507,0.9663181711404527,1.0068146516053569,0.9398512305776391,17.345369036166154,0.3860943557394139,-4.3337793748437505,1.0712489581851816,-0.00969069771673656,0.9348830860392271,-0.046958484128309066,-0.08921317898922715,-0.2595317994850206,0.2429003585743839,div,-0.06606371452563499,-0.0661600767992056,-1.2549608245228377e-08,0.38871690135120507,22725,0.0,215000.00000000006,432000.00000000006,2250000.0,0.684396495942356,0.9663181711404527,1.375709572328225,22725,0.2510208386574205,0.16292148212534172,-0.046958484128309046,0.1197111212637101,0.12328582905496044
miami_dade,4,2021,3.618784659359615,8.15912783516072,0.4435259175331123,81198,22725,OK,0.5192104471045254,0.5192104471045254,0.8795351371930384,0.8795351371930384,0.5293236367238117,0.5293236367238117,0.9044934242593963,1418873.7537558244,1418873.7537558244,0.2518098545061955,177237.40431433107,177237.40431433107,0.17276605791824978,0.1061493364599481,-0.05002320182202753,-0.15435198142481996,-0.08429940522052534,0.39623681898396507,0.9729442751182761,1.014973975832819,0.9632886171713295,17.550168291045456,0.39039970165579335,0.21986805421236263,1.0536551120195545,0.0038357745891004847,0.954680359991203,-0.038977646479937816,-0.07405093704669226,-0.21410080089047245,0.21940432591855344,div,-0.05002320182202753,-0.05006498927750424,-9.686348057805032e-09,0.39623681898396507,22725,0.0,215000.00000000006,432000.00000000006,2250000.0,0.6874105964977669,0.9729442751182761,1.398633071409718,22725,0.2518098545061955,0.16332635579181207,-0.038977646479937796,0.12046486280696163,0.12613278944152345
miami_dade,4,2021,5.2518896512686215,11.841223801485132,0.4435259175331123,81198,22725,OK,0.5211873901292816,0.5211873901292816,0.8780638026999883,0.8780638026999883,0.5312589956510028,0.5312589956510028,0.9033269254486564,1415953.6383146658,1415953.6383146658,0.2533429658186285,182294.09185830303,182294.09185830303,0.17715626345800228,0.1075111668265627,-0.039968977710259306,-0.13470959169435,-0.07653314359731098,0.41218630625781744,0.9911051029837983,1.034941440333428,0.991982078651975,17.853298207418668,0.39827893588836916,3.7324866371086367,1.043306590518078,0.012047136962608613,0.9662882274627389,-0.034427672238083504,-0.06540675540475946,-0.18731540984606587,0.20747131629127338,div,-0.039968977710259306,-0.039990281870428336,-8.051009809432657e-09,0.41218630625781744,22725,0.0,215000.00000000006,432000.00000000006,2250000.0,0.6985552144899064,0.9911051029837983,1.4346109518051102,22725,0.2533429658186285,0.16413688385825065,-0.034427672238083504,0.1219361973000117,0.125386650571953
miami_dade,4,2021,7.621991222319222,17.18499623361962,0.4435259175331123,81198,22725,OK,0.5146639561469092,0.5146639561469092,0.8758585933212272,0.8758585933212272,0.5248727791360968,0.5248727791360968,0.9015785982464412,1425566.61753539,1425566.61753539,0.25562354772797397,182567.13171856044,182567.13171856044,0.176363646653769,0.10803045243452417,-0.03605878839978501,-0.1297648070767241,-0.07322224956529678,0.4093819297427031,0.9709391511367018,1.0160344240090249,0.9775414896850624,17.927615796272292,0.4029301839280329,4.252633798282744,1.0393772895883568,0.014355096380180614,0.9704807127495583,-0.03340438778877965,-0.06346268799229368,-0.18073653848992358,0.20954710988574887,div,-0.03605878839978501,-0.03607442891767269,-7.2139570912169264e-09,0.4093819297427031,22725,0.0,215000.00000000006,432000.00000000006,2250000.0,0.6846512060919404,0.9709391511367018,1.4151877522992136,22725,0.25562354772797397,0.16646970718823723,-0.03340438778877964,0.12414140667877287,0.12551733307002588
miami_dade,4,2021,11.061685231539125,24.940335602176603,0.4435259175331123,81198,22725,OK,0.5078087988602333,0.5078087988602333,0.872950234980298,0.872950234980298,0.5181618169657511,0.5181618169657511,0.8992728026833492,1435599.0652393596,1435599.0652393596,0.2586005593924128,187401.61462537196,187401.61462537196,0.17965513770236408,0.1094554592716752,-0.026497816150797868,-0.11148771139491603,-0.06445812347437876,0.4194625421334418,0.9799386504931383,1.0254049297076928,0.9964218529576776,18.221104821069485,0.40907914462285383,5.909101881632383,1.0290871548671727,0.022564173265347987,0.9823162004246644,-0.02894647169203553,-0.05499340125869504,-0.1544762063142271,0.20387584025831296,div,-0.026497816150797868,-0.026504020439605532,-5.431715604905457e-09,0.4194625421334418,22725,0.0,215000.00000000006,432000.00000000006,2250000.0,0.6877871905917087,0.9799386504931383,1.433831145825461,22725,0.2586005593924128,0.16809781891298456,-0.028946471692035528,0.12704976501970205,0.1291688782307313
miami_dade,4,2021,16.05366322167172,36.19554706286854,0.4435259175331123,81198,22725,OK,0.49840542084744366,0.49840542084744366,0.8725690874741964,0.8725690874741964,0.5089562347335321,0.5089562347335321,0.8989706225097149,1449247.8382969643,1449247.8382969643,0.2589881679235224,189636.6276304136,189636.6276304136,0.18070185092595645,0.10993234072447275,-0.02493352493338039,-0.11099131138783229,-0.06322625109098323,0.4132862683982943,0.9819545829928392,1.0280560906655807,1.0011855827181895,18.316831501586588,0.4020163546116072,7.1636137822799535,1.0268386884621716,0.023239034115605243,0.984572634433358,-0.028614529734761526,-0.0543627676724957,-0.1524089921132603,0.20493551944490587,div,-0.02493352493338039,-0.02493869375832468,-5.035799290338874e-09,0.4132862683982943,22725,0.0,215000.00000000006,432000.00000000006,2250000.0,0.6908540373437959,0.9819545829928392,1.447774142466369,22725,0.2589881679235224,0.1686828793825333,-0.028614529734761515,0.12743091252580366,0.12837910549161333
miami_dade,4,2021,23.298448422672752,52.530072091972755,0.4435259175331123,81198,22725,OK,0.5039117167280092,0.5039117167280092,0.8705685449771869,0.8705685449771869,0.5143467081840871,0.5143467081840871,0.897384558664533,1441271.268160409,1441271.268160409,0.2610131834756613,192234.1780076934,192234.1780076934,0.18276367497623622,0.11350675495304186,-0.01967743393729439,-0.0947480000522159,-0.05467532417114888,0.41866228743059025,0.9692727445480168,1.0180865101600483,0.9966045688957084,18.602464824032904,0.41123371643561646,9.991338457145515,1.0215551302239594,0.030484338533799074,0.9910299693857936,-0.0249401209810363,-0.04738201239662314,-0.13211795467205126,0.20113066725124312,div,-0.01967743393729439,-0.019679974237516537,-4.025928530486901e-09,0.41866228743059025,22725,0.0,215000.00000000006,432000.00000000006,2250000.0,0.6798851563999531,0.9692727445480168,1.441356476126034,22725,0.2610131834756613,0.1721306057919568,-0.02494012098103629,0.12943145502281303,0.12899638896056417
miami_dade,4,2021,33.81270003043063,76.2361311792028,0.4435259175331123,81198,22725,OK,0.4936352261661002,0.4936352261661002,0.8650380391998189,0.8650380391998189,0.5042863789281955,0.5042863789281955,0.8929998803724367,1456122.7489184327,1456122.7489184327,0.2665312993848987,196758.05357384967,196758.05357384967,0.18641490998269591,0.11420580065684116,-0.016715631837823642,-0.09234732224104354,-0.051947769780054526,0.408117415012764,0.9794733294463792,1.0266642275392275,1.0088753254701293,18.927151339577737,0.39752665364452056,11.465047067324958,1.0176324087030364,0.032686984502656856,0.9951334589239512,-0.0234855704187774,-0.044618612298248685,-0.12160712072019848,0.19591683526519632,div,-0.016715631837823642,-0.01671718895018974,-3.3338164128071597e-09,0.408117415012764,22725,0.0,215000.00000000006,432000.00000000006,2250000.0,0.6753499940215808,0.9794733294463792,1.463117508318715,22725,0.2665312993848987,0.175083925523406,-0.02348557041877739,0.13496196080018105,0.12223497029428804
miami_dade,4,2021,49.071880779635485,110.64039065083931,0.4435259175331123,81198,22725,OK,0.4974146660311135,0.4974146660311135,0.8520754390229301,0.8520754390229301,0.5079863199942449,0.5079863199942449,0.8827229122446181,1450678.4169044443,1450678.4169044443,0.27903756370860994,199627.38003446505,199627.38003446505,0.19186001649453124,0.1294002338639811,-0.011205535245836812,-0.07703314841908628,-0.04202718886630393,0.3958177086160123,0.9329228606696157,0.9808666595579778,0.9693010361727635,19.373968311800247,0.4035476319913826,12.703336220754043,1.011931920996268,0.04046040160735151,1.0019685433762628,-0.019864111206655627,-0.037738452197457986,-0.10052203658651654,0.19627149069972435,div,-0.011205535245836812,-0.011206004285191784,-2.1675123577721134e-09,0.3958177086160123,22725,0.0,215000.00000000006,432000.00000000006,2250000.0,0.6402015603576879,0.9329228606696157,1.415246289025279,22725,0.27903756370860994,0.18935010340248865,-0.019864111206655585,0.14792456097706988,0.1191434019771618
miami_dade,4,2021,71.21730832153513,160.57079306130572,0.4435259175331123,81198,22725,OK,0.4892228098636827,0.4892228098636827,0.8385212536917467,0.8385212536917467,0.499966775796274,0.499966775796274,0.8719769254251316,1462453.2481765854,1462453.2481765854,0.2915413841820147,208020.20859453338,208020.20859453338,0.20076593615504382,0.14224322894284497,-0.00458608043316054,-0.06745598177388905,-0.0364969403741939,0.39253511856884193,0.9141384568899793,0.9624619849822281,0.9577677869763529,20.04026375178476,0.4078537766843958,13.720965878244195,1.004901185934322,0.04694780263812227,1.009456463439748,-0.0184304912921479,-0.03501481679036028,-0.09076933991804521,0.19344766633573057,div,-0.00458608043316054,-0.0045861125852519466,-8.797391933558877e-10,0.39253511856884193,22725,0.0,215000.00000000006,432000.00000000006,2250000.0,0.6215122894504835,0.9141384568899793,1.4042652404000753,22725,0.2915413841820147,0.20224646474068253,-0.01843049129214785,0.16147874630825332,0.11262968449307562
miami_dade,4,2021,103.35664588322452,233.0340613646512,0.4435259175331123,81198,22725,OK,0.4814623925394065,0.4814623925394065,0.801597754710105,0.801597754710105,0.49236959532157687,0.49236959532157687,0.8427033524518307,1473521.1500598995,1473521.1500598995,0.32315867460721404,224967.31143575007,224967.31143575007,0.22596537958320898,0.17326169333555883,0.0017101295442929093,-0.05595307954657663,-0.03187177692480154,0.4132613687244417,0.8677324795286216,0.9206773113116609,0.9225201827513944,21.582910777894202,0.44887655708072627,15.796378457293375,0.9980023510876075,0.05947389322502562,1.0173451198761625,-0.018092897122002356,-0.03437344495551527,-0.08445349628673648,0.19291267641251686,div,0.0017101295442929093,0.001710131211411664,3.4537235792358753e-10,0.4132613687244417,22725,0.0,215000.00000000006,432000.00000000006,2250000.0,0.5741934966952432,0.8677324795286216,1.405021890135424,22725,0.32315867460721404,0.23695108333804674,-0.018092897122002287,0.19840224528989509,0.10419795464581579
miami_dade,4,2021,150.0,338.1989508849873,0.4435259175331123,81198,22725,OK,0.33016329147788315,0.33016329147788315,0.7220457132752285,0.7220457132752285,0.3442530020517638,0.3442530020517638,0.779633151784316,1674752.8138898653,1674752.8138898653,0.38249804086399786,283117.7237514882,283117.7237514882,0.26714185561433107,0.19572683703188024,0.014735003432181273,-0.015397565666426406,-0.010590583608785455,0.49901127119323224,0.8715087677973541,0.945524985794017,0.9646985042720452,27.232257891303536,0.5277726748621461,27.341045577756702,0.980124859328463,0.11185099089031109,1.0385246108997097,-0.020742891393843534,-0.039407985948112394,-0.07921588090627037,0.20908701413239053,div,0.014735003432181273,0.014736069994045064,3.593307239818271e-09,0.49901127119323224,22725,0.0,215000.00000000006,432000.00000000006,2250000.0,0.5214845761662625,0.8715087677973541,1.5539342213695146,22725,0.38249804086399786,0.2758745137917154,-0.020742891393843457,0.2779542867247716,0.07351853865396529
miami_dade,5,2022,0.0,0.0,0.48514127789134875,103923,13911,OK,0.5863210456979207,0.5863210456979207,0.7728828361886412,0.7728828361886412,0.5987063139390789,0.5987063139390789,0.8350391125588992,1222503.261783101,1222503.261783101,0.34031411208770135,268131.74369506945,268131.74369506945,0.24088551911316175,0.20256743260466817,-0.1284632521764546,-0.30539575109104694,-0.17997161326988353,0.4208196393391414,0.815939207198683,0.858943295405596,0.7427462556313394,19.50468407901662,0.4899447586738323,-21.047089994465082,1.156442444365456,-0.08111718836341836,0.8264933078677643,-0.09769115366905341,-0.19157784209032563,-0.4919204385316693,0.43714965456525356,div,-0.1284632521764546,-0.12917700102766963,-2.8441768629730115e-08,0.4208196393391414,13911,0.0,257500.0000000002,499999.9999999997,2500000.000000001,0.5542603271887157,0.815939207198683,1.25688791260198,13911,0.34031411208770135,0.2650203586666336,-0.0976911536690533,0.2271171638113588,0.09316038935449655
miami_dade,5,2022,0.001,0.0020612552375391937,0.48514127789134875,103923,13911,OK,0.5916514291524986,0.5916514291524986,0.7724888912977251,0.7724888912977251,0.6038771093164135,0.6038771093164135,0.8347529805126996,1214601.5557211828,1214601.5557211828,0.3406091292463353,268009.44190125604,268009.44190125604,0.24164616991641855,0.20324059402972558,-0.12597084025768535,-0.30171841974898234,-0.17835986478986773,0.42213395882757193,0.8152277136265166,0.857705715993046,0.7434072323565819,19.441045574739583,0.49218411914687094,-19.94383980209069,1.1537494910752224,-0.07914347378203838,0.8298364683058739,-0.0964931810980125,-0.18922855055855697,-0.48701274494746655,0.43295166532194235,div,-0.12597084025768535,-0.12664358648207685,-2.7977055462281397e-08,0.42213395882757193,13911,0.0,257500.0000000002,499999.9999999997,2500000.000000001,0.5566846285017696,0.8152277136265166,1.2553161482245312,13911,0.3406091292463353,0.2658311784358501,-0.09649318109801239,0.22751110870227484,0.09481445117392183
miami_dade,5,2022,0.001451285485497223,0.002991469808145762,0.48514127789134875,103923,13911,OK,0.5898818309765894,0.5898818309765894,0.7711390474874703,0.7711390474874703,0.6021604917136267,0.6021604917136267,0.833772555127362,1217230.4777959397,1217230.4777959397,0.3416180671838906,268658.09069076274,268658.09069076274,0.24240391828115182,0.204475017408091,-0.12469362331557578,-0.2983653931619586,-0.1789742766788585,0.4283483987915967,0.8137345628453212,0.8575033615320855,0.7426981655074364,19.551295396558743,0.4995476576187815,-20.134308392733832,1.1545785372261022,-0.07891352040348884,0.8289570698621042,-0.09678680394257669,-0.18980436145685584,-0.48700826544420706,0.4324492907150673,div,-0.12469362331557578,-0.1253459864323111,-2.8101084409443804e-08,0.4283483987915967,13911,0.0,257500.0000000002,499999.9999999997,2500000.000000001,0.555462278022739,0.8137345628453212,1.2599917856913323,13911,0.3416180671838906,0.2667093218529602,-0.09678680394257656,0.22886095251252972,0.094083655088011
miami_dade,5,2022,0.00210622956041491,0.004341476712865107,0.48514127789134875,103923,13911,OK,0.5943966033208755,0.5943966033208755,0.7722955050166764,0.7722955050166764,0.6065400948259512,0.6065400948259512,0.8346125192106766,1210512.0158409388,1210512.0158409388,0.34075385875381686,267898.1395476141,267898.1395476141,0.2416463462864919,0.20349041208906768,-0.12545136983337163,-0.3007507217920853,-0.1792151928532318,0.4255230853246096,0.8146632425813529,0.8573895538537054,0.7426485392074196,19.425147703935863,0.4963185972103795,-20.442996769369532,1.1545024444116478,-0.07984939999610473,0.8290608352420757,-0.09684975776059533,-0.18992781743167436,-0.4889786573402575,0.43498893785978526,div,-0.12545136983337163,-0.12611577488973097,-2.8085374612384406e-08,0.4255230853246096,13911,0.0,257500.0000000002,499999.9999999997,2500000.000000001,0.5549720366493731,0.8146632425813529,1.2499987416702494,13911,0.34075385875381686,0.26586845144072707,-0.0968497577605952,0.2277044949833235,0.09574703673449417
miami_dade,5,2022,0.003056740390155355,0.006300722139005324,0.48514127789134875,103923,13911,OK,0.5831700796807535,0.5831700796807535,0.7728745754526392,0.7728745754526392,0.5956496857143848,0.5956496857143848,0.8350331125793339,1227150.29393477,1227150.29393477,0.3403203010067338,268410.10903347173,268410.10903347173,0.24115938220223013,0.20300736421527557,-0.12462425076454517,-0.2967446221820649,-0.18026713969522942,0.43379914464639296,0.8158010122492501,0.8591373791767897,0.7429359676341761,19.540093903075494,0.5049422222201201,-20.325293620652165,1.156408380540046,-0.07966046031012582,0.8268294091964888,-0.09733624844246593,-0.1908818529971213,-0.490175327658908,0.4347848289527515,div,-0.12462425076454517,-0.12527551882516438,-2.8442838715718273e-08,0.43379914464639296,13911,0.0,257500.0000000002,499999.9999999997,2500000.000000001,0.5540596516138823,0.8158010122492501,1.2591600892869395,13911,0.3403203010067338,0.2649941858590166,-0.09733624844246583,0.22712542454736084,0.09369264050188121
miami_dade,5,2022,0.004436202961165585,0.009144146588489442,0.48514127789134875,103923,13911,OK,0.5922887224988813,0.5922887224988813,0.7718599264527931,0.7718599264527931,0.6044953225308214,0.6044953225308214,0.834296147584496,1213653.3955079247,1213653.3955079247,0.3410796190407231,268676.91478680726,268676.91478680726,0.241781871405373,0.20376147841298844,-0.12613199873962055,-0.3018734700163601,-0.17973471818310138,0.4251694082951993,0.8143293724171489,0.8579292831600793,0.7426616333549904,19.52203383074766,0.4955940999276263,-20.053575653820882,1.1552088388952648,-0.08010735433871533,0.8281558210562256,-0.0972389952846623,-0.19069113408953622,-0.4896832669258199,0.4353940464893739,div,-0.12613199873962055,-0.12680734694793963,-2.8214280093694983e-08,0.4251694082951993,13911,0.0,257500.0000000002,499999.9999999997,2500000.000000001,0.5559147226734348,0.8143293724171489,1.2576527385313145,13911,0.3410796190407231,0.26598537043615894,-0.09723899528466219,0.2281400735472069,0.09451830890961962
miami_dade,5,2022,0.006438196968259414,0.013270767221133673,0.48514127789134875,103923,13911,OK,0.5971339648253373,0.5971339648253373,0.7735468980846134,0.7735468980846134,0.6091955015774502,0.6091955015774502,0.8355214373547759,1206420.3110642692,1206420.3110642692,0.33981623014885753,266706.0350738688,266706.0350738688,0.24056513998134943,0.20175801437629648,-0.12634066269780825,-0.3026733521475561,-0.1776903939171504,0.419222655018077,0.816613156191883,0.8594891333954592,0.7456456838844,19.469706433677896,0.48777547914022523,-19.886814862585886,1.1526776751633538,-0.07846907927849792,0.8310111508587416,-0.09613154538102645,-0.1885193625954618,-0.48433613027963557,0.43023733553168064,div,-0.12634066269780825,-0.12701938994165057,-2.786567590099026e-08,0.419222655018077,13911,0.0,257500.0000000002,499999.9999999997,2500000.000000001,0.5572388576500162,0.816613156191883,1.259538877172059,13911,0.33981623014885753,0.26443440447706634,-0.09613154538102635,0.22645310191538653,0.09367853379369621
miami_dade,5,2022,0.009343661812807113,0.01925967184944362,0.48514127789134875,103923,13911,OK,0.5956079850259255,0.5956079850259255,0.7728564600271621,0.7728564600271621,0.6077152085816568,0.6077152085816568,0.8350199548918525,1208702.9966765956,1208702.9966765956,0.3403338726360176,267518.7259974706,267518.7259974706,0.24074219291060017,0.2026638908030757,-0.12804249095948572,-0.30580744713422836,-0.17808263481849085,0.41584213888920607,0.8163693899507322,0.8582653366078447,0.743818771615211,19.425650004823407,0.48453207706235524,-20.091214022017645,1.153863507295079,-0.07964350054245939,0.8294033747040981,-0.09666538571878082,-0.18956625349690634,-0.4875099568785839,0.43327199295569163,div,-0.12804249095948572,-0.12874920304084117,-2.8013301615184503e-08,0.41584213888920607,13911,0.0,257500.0000000002,499999.9999999997,2500000.000000001,0.5542752291981322,0.8163693899507322,1.255249316029006,13911,0.3403338726360176,0.2650209587217807,-0.09666538571878068,0.2271435399728379,0.0928818637197716
miami_dade,5,2022,0.013560320770321632,0.027951282210536974,0.48514127789134875,103923,13911,OK,0.5892052530871446,0.5892052530871446,0.7716237804549535,0.7716237804549535,0.6015041701088193,0.6015041701088193,0.8341246288286452,1218234.105425233,1218234.105425233,0.3412560978016482,268603.892107254,268603.892107254,0.24201005980381166,0.20370272761972352,-0.12472454593790146,-0.2988133764164879,-0.17919957489765856,0.42824462514758793,0.8141671742497045,0.8579755567776248,0.7431697104796133,19.538216763129153,0.49915177057947396,-19.86517570871912,1.1544813313555529,-0.07910581069646593,0.8290378644721574,-0.09692609382080107,-0.19007751673543563,-0.48778188990833277,0.43381187336299243,div,-0.12472454593790146,-0.1253773975718574,-2.8101243578081275e-08,0.42824462514758793,13911,0.0,257500.0000000002,499999.9999999997,2500000.000000001,0.5560784192086625,0.8141671742497045,1.256669624210741,13911,0.3412560978016482,0.26618512925719107,-0.09692609382080096,0.22837621954504644,0.09394403063338902
miami_dade,5,2022,0.019679896712654306,0.04056529017318904,0.48514127789134875,103923,13911,OK,0.5902131334701062,0.5902131334701062,0.7722045023473942,0.7722045023473942,0.6024818752344512,0.6024818752344512,0.8345464216915266,1216738.7256635597,1216738.7256635597,0.34082194351665607,267864.50279858947,267864.50279858947,0.24161371489646596,0.20327455530233818,-0.1243198597253452,-0.29910478938914103,-0.1793808081951449,0.4282600760900294,0.8150498004515904,0.8587190728587806,0.7442816014447944,19.546504681836513,0.4987375770652227,-19.652437064613103,1.1537556096937516,-0.0788053459466912,0.8299844541660524,-0.09668686449835139,-0.18960837459064223,-0.4865378308437524,0.43223870207124737,div,-0.1243198597253452,-0.12496633754744427,-2.8011075762784045e-08,0.4282600760900294,13911,0.0,257500.0000000002,499999.9999999997,2500000.000000001,0.5564909439596673,0.8150498004515904,1.2557385279759117,13911,0.34082194351665607,0.26549066080695344,-0.09668686449835126,0.22779549765260576,0.09531353497582484
miami_dade,5,2022,0.028561148455159703,0.058871816843332384,0.48514127789134875,103923,13911,OK,0.590140704242617,0.590140704242617,0.7738328021562104,0.7738328021562104,0.6024116144890701,0.6024116144890701,0.8357290966464921,1216846.249304992,1216846.249304992,0.3396016481281276,267100.0112068395,267100.0112068395,0.240536375958009,0.20283727759758557,-0.12881817686621683,-0.30601393447079944,-0.17707189196792114,0.4132029425016573,0.8159049350979994,0.8588633871543738,0.7444542511621788,19.44624324752483,0.48112167912244663,-19.784669227384615,1.1536818895366494,-0.07908753110674592,0.8297201455472623,-0.09605923500904638,-0.18837755789253424,-0.4849683714394013,0.4294702577669734,div,-0.12881817686621683,-0.12953789800101484,-2.8004140048137847e-08,0.4132029425016573,13911,0.0,257500.0000000002,499999.9999999997,2500000.000000001,0.5568264261177402,0.8159049350979994,1.2558327752464964,13911,0.3396016481281276,0.26468162418043933,-0.09605923500904627,0.22616719784378955,0.09332490789868576
miami_dade,5,2022,0.04145038020210471,0.08543981328957923,0.48514127789134875,103923,13911,OK,0.5951766523121085,0.5951766523121085,0.7714034573218495,0.7714034573218495,0.6072967896777066,0.6072967896777066,0.8339646026159595,1209347.4384275354,1209347.4384275354,0.3414206694188497,267969.46991309896,267969.46991309896,0.2420285685450292,0.2043774128854938,-0.12714463269659104,-0.3047637500205638,-0.1781040737757151,0.41731646992945576,0.814755869833202,0.8581511165671297,0.7441041578482559,19.575685268663097,0.4863146620624784,-19.538216626593357,1.1532674660072673,-0.07857663714332201,0.8305176787066693,-0.09622824277025252,-0.18870899160963492,-0.48365823026894506,0.427938222026727,div,-0.12714463269659104,-0.12783648556526336,-2.791548923370418e-08,0.41731646992945576,13911,0.0,257500.0000000002,499999.9999999997,2500000.000000001,0.5546676275657877,0.814755869833202,1.2605087966564268,13911,0.3414206694188497,0.266308491144935,-0.09622824277025241,0.22859654267815055,0.09471438107193599
miami_dade,5,2022,0.060156335155656014,0.12399756091075909,0.48514127789134875,103923,13911,OK,0.5885055399848429,0.5885055399848429,0.7710674145555314,0.7710674145555314,0.6008254059437883,0.6008254059437883,0.833720526333834,1219271.1825760195,1219271.1825760195,0.3416715258209743,268208.81370390835,268208.81370390835,0.24248758776876947,0.2054433948838737,-0.1237008975323045,-0.29669017436210643,-0.17659344222966517,0.4250366587668126,0.8132467008258253,0.8564621376978752,0.743451482831346,19.47639638190066,0.49628806444586016,-20.053149216225528,1.1520081101138457,-0.07723838093372189,0.8320579468943025,-0.0956444939660625,-0.18756422740090845,-0.48235764491861716,0.42774696159911074,div,-0.1237008975323045,-0.12433770790560959,-2.7661831184792475e-08,0.4250366587668126,13911,0.0,257500.0000000002,499999.9999999997,2500000.000000001,0.5549221577941804,0.8132467008258253,1.2515820745242663,13911,0.3416715258209743,0.2670619055759992,-0.09564449396606238,0.2289325854444685,0.09546982911713107
miami_dade,5,2022,0.0873040160721099,0.17995586038684247,0.48514127789134875,103923,13911,OK,0.6015449724774604,0.6015449724774604,0.7721707838029777,0.7721707838029777,0.613474446642349,0.613474446642349,0.8345219310677585,1199797.5438181343,1199797.5438181343,0.3408471670059811,267334.57642959594,267334.57642959594,0.24212960874999667,0.20453751756937555,-0.12117912548953204,-0.2919236669521519,-0.1768579730074747,0.43262371079456496,0.8137027626276625,0.8576116434054991,0.7449286737126479,19.50169799042053,0.5044699015669389,-19.877188364504484,1.1512667905925151,-0.07638542938608503,0.8330001926819448,-0.09528805863974749,-0.18686523769615462,-0.4807833645628939,0.4265573796996021,div,-0.12117912548953204,-0.12177755372770097,-2.758162306665748e-08,0.43262371079456496,13911,0.0,257500.0000000002,499999.9999999997,2500000.000000001,0.556548596037576,0.8137027626276625,1.2594469543234665,13911,0.3408471670059811,0.26624623112844154,-0.09528805863974738,0.22782921619702232,0.09542743994853592
miami_dade,5,2022,0.12670305135106935,0.2611673282095891,0.48514127789134875,103923,13911,OK,0.5979195665629574,0.5979195665629574,0.774192587872887,0.774192587872887,0.6099575829301196,0.6099575829301196,0.8359904180284415,1205243.4578371027,1205243.4578371027,0.33933142226298635,265515.1938686195,265515.1938686195,0.24087672941929783,0.2026114250033505,-0.12443090046513425,-0.30052762508749054,-0.17557826079744793,0.41719714141763736,0.8152940383987238,0.8595556039791376,0.7479747399844863,19.45312054426377,0.4853812080561579,-18.325634154696473,1.1491773157967415,-0.07603433232854837,0.8355103720609205,-0.09439279896278968,-0.1851095831606059,-0.4764622351629834,0.42275447941503286,div,-0.12443090046513425,-0.12507912299192125,-2.731185857580123e-08,0.41719714141763736,13911,0.0,257500.0000000002,499999.9999999997,2500000.000000001,0.5585049861036621,0.8152940383987238,1.2602962489179523,13911,0.33933142226298635,0.2644803257584935,-0.09439279896278957,0.22580741212711292,0.09707929108048607
miami_dade,5,2022,0.18388229939401626,0.37902835271666613,0.48514127789134875,103923,13911,OK,0.6079763669240746,0.6079763669240746,0.7741264481868013,0.7741264481868013,0.6197132894869113,0.6197132894869113,0.8359423791170326,1190075.2894404049,1190075.2894404049,0.33938111423357037,264360.69604618393,264360.69604618393,0.24103444629441506,0.20287315862855484,-0.11985646420474216,-0.2919226461539762,-0.1764632754407876,0.4316597250106851,0.8159045845470346,0.8608026747011133,0.749597974557324,19.577971162715734,0.5014799019383188,-17.89736294596769,1.148352455473831,-0.07439995734401031,0.836728673447161,-0.09393680763758769,-0.18421535854749463,-0.4729327385074219,0.41827847740963936,div,-0.11985646420474216,-0.12043539804329376,-2.7219784240397697e-08,0.4316597250106851,13911,0.0,257500.0000000002,499999.9999999997,2500000.000000001,0.5583374046143055,0.8159045845470346,1.261078845505627,13911,0.33938111423357037,0.26411199254377205,-0.09393680763758758,0.22587355181319868,0.09734050807075258
miami_dade,5,2022,0.26686571215039057,0.5500783468896193,0.48514127789134875,103923,13911,OK,0.6047246554270134,0.6047246554270134,0.7743913040094131,0.7743913040094131,0.6165589320338862,0.6165589320338862,0.8361347505380595,1195000.7449902724,1195000.7449902724,0.3391820793554895,263841.83984011336,263841.83984011336,0.24125510987721321,0.2028005370014013,-0.11841235793940413,-0.2890896555410677,-0.1725037668994726,0.42610929909177264,0.815302992744034,0.8604562798461185,0.7520041230662627,19.56823411846882,0.4952309901743783,-17.216296898066897,1.144217502874382,-0.07148381929423261,0.841612876151917,-0.09223684207268022,-0.18088163054530396,-0.46493383462474464,0.4094969739189072,div,-0.11841235793940413,-0.11897050020207928,-2.6546039008570724e-08,0.42610929909177264,13911,0.0,257500.0000000002,499999.9999999997,2500000.000000001,0.5577824642526972,0.815302992744034,1.267566255657608,13911,0.3391820793554895,0.26457441066981485,-0.0922368420726801,0.22560869599058683,0.09864455681980562
miami_dade,5,2022,0.38729833462074176,0.7983207207272112,0.48514127789134875,103923,13911,OK,0.6221911390545056,0.6221911390545056,0.7783363832266146,0.7783363832266146,0.6335024809490695,0.6335024809490695,0.8390001604338766,1168300.0163920322,1168300.0163920322,0.33620346740902296,260030.12646735233,260030.12646735233,0.23878291817372113,0.20028587603851974,-0.11531022704424132,-0.2833210539276106,-0.17003440005993273,0.42856127494974133,0.8191605093034686,0.8639978925042513,0.7577792114072662,19.53476828170476,0.4960390334070098,-16.23355613711815,1.1401710148523698,-0.06833070064220853,0.84634525102661,-0.0902018387272266,-0.1768908746280453,-0.4557420386727706,0.4001024667763613,div,-0.11531022704424132,-0.1158254156032571,-2.599934695225203e-08,0.42856127494974133,13911,0.0,257500.0000000002,499999.9999999997,2500000.000000001,0.5617601699945931,0.8191605093034686,1.2627671221425663,13911,0.33620346740902296,0.26108094456974584,-0.0902018387272265,0.22166361677338536,0.09791976675741297
miami_dade,5,2022,0.5620804515923291,1.1585912747630835,0.48514127789134875,103923,13911,OK,0.6268398266596016,0.6268398266596016,0.778124561388033,0.778124561388033,0.6380119899898228,0.6380119899898228,0.8388463089244378,1161090.1910674223,1161090.1910674223,0.33636406713314015,258026.93987895994,258026.93987895994,0.2394723386546686,0.2004464756819721,-0.10800436264955117,-0.2698520687045777,-0.16597473810780616,0.43920898998864116,0.819291255527904,0.8651099978000012,0.763149330000268,19.648385117153726,0.5077097459842878,-15.082902538309373,1.133605133086728,-0.06161891515183962,0.8546657491614048,-0.08696267126471001,-0.1705386852093354,-0.4382576102838433,0.38211029730001106,div,-0.10800436264955117,-0.1084272815017481,-2.4957105004797704e-08,0.43920898998864116,13911,0.0,257500.0000000002,499999.9999999997,2500000.000000001,0.562498236342688,0.819291255527904,1.2670724105991404,13911,0.33636406713314015,0.26117138561907666,-0.08696267126470991,0.22187543861196704,0.10021711789060259
miami_dade,5,2022,0.8157392010776716,1.681446700687388,0.48514127789134875,103923,13911,OK,0.6372391894980106,0.6372391894980106,0.7791803095367917,0.7791803095367917,0.6481000029349115,0.6481000029349115,0.8396131252610411,1144797.0321146052,1144797.0321146052,0.33556285365148486,255505.63948139374,255505.63948139374,0.2389146910230704,0.20097048673591844,-0.10520880466350468,-0.2655760561064963,-0.15977780880505474,0.42961805477403603,0.8186383102199829,0.8650652948465996,0.7679126199151034,19.604605362485568,0.49664863430873724,-12.800805220429117,1.126515273238037,-0.057143300977239526,0.8629309273466615,-0.0838301583479435,-0.1643956513482837,-0.4235175826216426,0.3668762240982984,div,-0.10520880466350468,-0.10559958492050828,-2.3780243520224038e-08,0.42961805477403603,13911,0.0,257500.0000000002,499999.9999999997,2500000.000000001,0.5648731246270973,0.8186383102199829,1.2729472251834137,13911,0.33556285365148486,0.26082588367895454,-0.08383015834794338,0.22081969046320818,0.10147054942492942
miami_dade,5,2022,1.1838704624751253,2.4402591913447993,0.48514127789134875,103923,13911,OK,0.6349838182352574,0.6349838182352574,0.7809571414621567,0.7809571414621567,0.6459121559631142,0.6459121559631142,0.8409036828143458,1148350.2571890005,1148350.2571890005,0.33421006882250376,252414.4666961017,252414.4666961017,0.23847499235656966,0.20054148838384353,-0.09458955188840841,-0.24480582855292887,-0.15358672871619786,0.44800918437666076,0.8210279713314276,0.8676798728208482,0.7765941650628877,19.70678400143491,0.5163486004158215,-11.490114118793892,1.1172886841746803,-0.04857838419833436,0.874053912638399,-0.07966828355403403,-0.15623398100125954,-0.4021887004886341,0.3469412984931497,div,-0.09458955188840841,-0.09487317940676092,-2.2295220519904098e-08,0.44800918437666076,13911,0.0,257500.0000000002,499999.9999999997,2500000.000000001,0.5670966271855811,0.8210279713314276,1.274573052955934,13911,0.33421006882250376,0.2595840066675918,-0.07966828355403392,0.21904285853784328,0.10318294055567409
miami_dade,5,2022,1.7181340188990342,3.541512745249898,0.48514127789134875,103923,13911,OK,0.654715248175112,0.654715248175112,0.7824196859092345,0.7824196859092345,0.6650528402291913,0.6650528402291913,0.8419659654963909,1116881.2830173527,1116881.2830173527,0.3330924433933006,248499.38161209147,248499.38161209147,0.23839992497743884,0.19994154149640295,-0.0854347841809422,-0.2293552032676872,-0.1468815486292531,0.45731308322149716,0.8216234440199984,0.8698256568483057,0.7858470811040073,19.84518037291183,0.5257714780085262,-8.75722274751208,1.1068637623827782,-0.04018272333212722,0.8869308958072493,-0.07485706541218837,-0.14679891185914334,-0.3777415669058725,0.32282557194865236,div,-0.0854347841809422,-0.08564356503885112,-2.0555594409409158e-08,0.45731308322149716,13911,0.0,257500.0000000002,499999.9999999997,2500000.000000001,0.5698082199927254,0.8216234440199984,1.2788553238715092,13911,0.3330924433933006,0.25870074571729595,-0.07485706541218827,0.21758031409076548,0.10722907879517186
miami_dade,5,2022,2.4935029637671793,5.1397460438846005,0.48514127789134875,103923,13911,OK,0.6662359345447213,0.6662359345447213,0.7827801313557535,0.7827801313557535,0.6762286050369808,0.6762286050369808,0.8422277660566571,1098090.4168990713,1098090.4168990713,0.33281642710934095,244955.71264238106,244955.71264238106,0.23812578224949305,0.19998565694101617,-0.08078088657431633,-0.22487160667848966,-0.13794505887177874,0.4380528463553146,0.8225900547243963,0.8710514586295879,0.7949916420458861,19.96325093958471,0.502919302529073,-5.383436590191925,1.0956737310947877,-0.032366336597904034,0.900377270272744,-0.06950226183287739,-0.13629784112742446,-0.34997109191230313,0.2967154258117374,div,-0.08078088657431633,-0.08095729105523948,-1.8617304791035078e-08,0.4380528463553146,13911,0.0,257500.0000000002,499999.9999999997,2500000.000000001,0.5682079571556353,0.8225900547243963,1.2850119472731927,13911,0.33281642710934095,0.2583132086765332,-0.06950226183287728,0.21721986864424647,0.10915773884960987
miami_dade,5,2022,3.618784659359615,7.459238832631494,0.48514127789134875,103923,13911,OK,0.6834264127143692,0.6834264127143692,0.7864805252877791,0.7864805252877791,0.6929044119111453,0.6929044119111453,0.8449154548982438,1069438.0988307148,1069438.0988307148,0.3299694453890622,241091.63693695617,241091.63693695617,0.2361682642385208,0.1963089310188342,-0.07288246251538212,-0.21150983198905712,-0.13174097631653114,0.4447800486261996,0.8265264747545936,0.8765440992687797,0.8068672525940435,20.035940439822415,0.5074428502687356,-3.1729843284472588,1.0863547832071858,-0.025264276254181477,0.9112536738482784,-0.06585012373980338,-0.1291357930953452,-0.330904904983709,0.2825151138194982,div,-0.07288246251538212,-0.07301192235358342,-1.7054933205028945e-08,0.4447800486261996,13911,0.0,257500.0000000002,499999.9999999997,2500000.000000001,0.5721186840957171,0.8265264747545936,1.298903894719734,13911,0.3299694453890622,0.2549550891370645,-0.06585012373980327,0.21351947471222088,0.1101345498481745
miami_dade,5,2022,5.2518896512686215,10.825485050655335,0.48514127789134875,103923,13911,OK,0.6717730965308135,0.6717730965308135,0.7879328635120738,0.7879328635120738,0.6815999881363801,0.6815999881363801,0.8459703245449222,1088943.6352923582,1088943.6352923582,0.328845320911998,240908.87721750975,240908.87721750975,0.2356441748732525,0.19693920016154856,-0.0660130628034808,-0.20224123906897298,-0.12256906606120446,0.4327789612141905,0.8275746420600903,0.8781759375600726,0.8167691787097584,20.093460801956734,0.4928334959096793,-2.0781873197005667,1.075182512331474,-0.017362179657390783,0.9246266012738507,-0.06108753740966944,-0.11979609366885584,-0.3070704681994319,0.26481236942828834,div,-0.0660130628034808,-0.0661092032138356,-1.5030648206833277e-08,0.4327789612141905,13911,0.0,257500.0000000002,499999.9999999997,2500000.000000001,0.5741829248964031,0.8275746420600903,1.2983741074817692,13911,0.328845320911998,0.2540085378186324,-0.061087537409669344,0.21206713648792616,0.11188310292757844
miami_dade,5,2022,7.621991222319222,15.710869327483257,0.48514127789134875,103923,13911,OK,0.6924712152670698,0.6924712152670698,0.7878595404123301,0.7878595404123301,0.7016784191897849,0.7016784191897849,0.8459170681401632,1054049.9672144884,1054049.9672144884,0.3289021658216393,238568.95758137165,238568.95758137165,0.2358272551119355,0.19547922381874744,-0.05556338037422097,-0.18264660056665266,-0.11768134317252146,0.4600986974398447,0.8298313841128061,0.882841017756043,0.8278920149752174,20.470917786746032,0.5211756435228043,0.7418813841869225,1.0663721859697735,-0.00824537967800377,0.935565752532789,-0.05710327838600479,-0.11198273782838347,-0.28440339410523013,0.24608519525763628,div,-0.05556338037422097,-0.05562066660264519,-1.3449971071233054e-08,0.4600986974398447,13911,0.0,257500.0000000002,499999.9999999997,2500000.000000001,0.5750951539916165,0.8298313841128061,1.3157431268456015,13911,0.3289021658216393,0.2528933577838844,-0.0571032783860047,0.21214045958766983,0.11368202713293728
miami_dade,5,2022,11.061685231539125,22.80095661951997,0.48514127789134875,103923,13911,OK,0.6918487535429922,0.6918487535429922,0.7879588418250041,0.7879588418250041,0.7010745935489365,0.7010745935489365,0.8459891932445981,1055116.1667476,1055116.1667476,0.328825178450428,238292.69631991087,238292.69631991087,0.23609110984292758,0.1960184700718704,-0.04800820622588428,-0.16708528901146874,-0.11000231781239152,0.4701306897531732,0.8308790185548527,0.8834872165413792,0.8349746519760084,20.57702181569421,0.5321498485380368,2.618910183649884,1.0581006434753,-0.0013930817426544312,0.9449600326460404,-0.05382106847810213,-0.10554613975550525,-0.26771251450069933,0.23595479634735633,div,-0.04800820622588428,-0.04804514022475001,-1.1874511946980034e-08,0.4701306897531732,13911,0.0,257500.0000000002,499999.9999999997,2500000.000000001,0.5762289250170634,0.8308790185548527,1.3217807928199572,13911,0.328825178450428,0.25318795706823416,-0.05382106847810203,0.21204115817499586,0.11234930114703434
miami_dade,5,2022,16.05366322167172,33.090697397361154,0.48514127789134875,103923,13911,OK,0.7071203766054759,0.7071203766054759,0.7856031349492196,0.7856031349492196,0.7158889945406822,0.7158889945406822,0.8442781843086848,1028638.7763335247,1028638.7763335247,0.33064670257820267,238645.39474056577,238645.39474056577,0.23784169910652447,0.19692746597820812,-0.0415833429009928,-0.15598276782207188,-0.10892576493299325,0.49866510268314534,0.8306987341543574,0.8847522322419541,0.8401816273549899,20.808857793089416,0.5636414454649062,4.4486792832005175,1.0530487735458804,0.004278780366663133,0.9516978905768044,-0.05181447031758027,-0.10161108800212454,-0.25571559341357925,0.22771743355375457,div,-0.0415833429009928,-0.04160733608305248,-1.0909631040041515e-08,0.49866510268314534,13911,0.0,257500.0000000002,499999.9999999997,2500000.000000001,0.5732442654353963,0.8306987341543574,1.320594164285096,13911,0.33064670257820267,0.2541897974172123,-0.05181447031758017,0.2143968650507804,0.11485351883506281
miami_dade,5,2022,23.298448422672752,48.02404883777098,0.48514127789134875,103923,13911,OK,0.674383152575063,0.674383152575063,0.7851753222799711,0.7851753222799711,0.6841319008670858,0.6841319008670858,0.8439674532463843,1084605.3608289612,1084605.3608289612,0.33097642837220653,240411.65409675517,240411.65409675517,0.2378486545815626,0.19609791168340646,-0.039423843184250795,-0.15313881074844915,-0.10786204184744272,0.5029656753168745,0.8324005071155838,0.8880393083737401,0.8454189145499077,21.101382904458163,0.5663980744240517,4.419807764238357,1.0504133431253109,0.0073192074198557226,0.9545109415567435,-0.05160789371900177,-0.10120597968375931,-0.2528132959733996,0.22727155777874677,div,-0.039423843184250795,-0.03944428694928526,-1.043227419907122e-08,0.5029656753168745,13911,0.0,257500.0000000002,499999.9999999997,2500000.000000001,0.5717659016112554,0.8324005071155838,1.3293272375431173,13911,0.33097642837220653,0.2534493628631986,-0.051607893719001666,0.2148246777200289,0.11369625132678232
miami_dade,5,2022,33.81270003043063,69.69660503306679,0.48514127789134875,103923,13911,OK,0.7029100943579385,0.7029100943579385,0.7811494160360605,0.7811494160360605,0.711804765297448,0.711804765297448,0.841043336655611,1036005.9770151683,1036005.9770151683,0.3340633527711656,240978.82167903418,240978.82167903418,0.24037529726707305,0.19990842244906204,-0.03419357072290627,-0.1387145982997867,-0.10153629384669098,0.5227019488726383,0.8270430275015278,0.8848846357529847,0.8464680533831999,21.399042404093272,0.5907219044451829,5.8517126639999395,1.0453845626143123,0.014468521482234467,0.960971320270865,-0.048385390527806674,-0.09488646983755804,-0.23604501882221424,0.2133591829034229,div,-0.03419357072290627,-0.03420690645691738,-9.403299339029104e-09,0.5227019488726383,13911,0.0,257500.0000000002,499999.9999999997,2500000.000000001,0.5677192027811487,0.8270430275015278,1.3250494065298262,13911,0.3340633527711656,0.25699363281062476,-0.04838539052780658,0.21885058396393953,0.1124535686121136
miami_dade,5,2022,49.071880779635485,101.14967127292253,0.48514127789134875,103923,13911,OK,0.6962276076473981,0.6962276076473981,0.7793411861613981,0.7793411861613981,0.7053223477216007,0.7053223477216007,0.8397299739849254,1047592.7008727975,1047592.7008727975,0.33544059540729454,243286.53873111887,243286.53873111887,0.24163117303062143,0.19832441259516154,-0.03536940986719122,-0.14202707779913573,-0.10665516994045245,0.5362480687380383,0.8301585566082355,0.8893717168740234,0.8486042518979013,21.797945161486474,0.6029732381281596,5.65181405618989,1.0480406088997853,0.014436605864355752,0.9582890894725691,-0.05039266415937902,-0.09882284622762681,-0.24274212888506932,0.2179234395354916,div,-0.03536940986719122,-0.03538416993442514,-9.978729309491326e-09,0.5362480687380383,13911,0.0,257500.0000000002,499999.9999999997,2500000.000000001,0.5704025261665253,0.8301585566082355,1.3358673606031721,13911,0.33544059540729454,0.2569701514136088,-0.050392664159378917,0.2206588138386019,0.11292374224451365
miami_dade,5,2022,71.21730832153513,146.79704978120787,0.48514127789134875,103923,13911,OK,0.6848806901739879,0.6848806901739879,0.768529279939047,0.768529279939047,0.6943151492867276,0.6943151492867276,0.8318770155583647,1066978.8760170278,1066978.8760170278,0.34356033058059365,251886.69290626323,251886.69290626323,0.2485464082569677,0.20144584351796088,-0.031681749130362535,-0.14011272552405768,-0.11115388775770209,0.5665027947916348,0.82691785606675,0.8938375668968652,0.8552603085569773,22.829763549793245,0.6338099656530346,6.671490653010222,1.0451058677152651,0.022800448059233244,0.963123115017339,-0.05117590737709721,-0.10035883019185209,-0.2385292094360388,0.21664887362587415,div,-0.031681749130362535,-0.031692355526798506,-9.442628299344097e-09,0.5665027947916348,13911,0.0,257500.0000000002,499999.9999999997,2500000.000000001,0.566826744586249,0.82691785606675,1.3605048544546587,13911,0.34356033058059365,0.26211188651390877,-0.05117590737709711,0.23147072006095304,0.11428630990001672
miami_dade,5,2022,103.35664588322452,213.04442766128025,0.48514127789134875,103923,13911,OK,0.6420387411243054,0.6420387411243054,0.7555801306033003,0.7555801306033003,0.6527558592300546,0.6527558592300546,0.8224717239010316,1137198.6263832906,1137198.6263832906,0.3530394472590331,262751.986534075,262751.986534075,0.254730055547814,0.2075356725064338,-0.028402458718738078,-0.13805105731494174,-0.10427144713605586,0.5393623711065405,0.8273260503381681,0.8974406042857114,0.864513257804504,23.914610246418896,0.6010222356315753,9.682648772673332,1.0380877287698616,0.03166169049737276,0.9703456731140013,-0.05099063488097851,-0.0999955004155926,-0.2290089080962423,0.21178753362371905,div,-0.028402458718738078,-0.028410099835473508,-8.059688715210835e-09,0.5393623711065405,13911,0.0,257500.0000000002,499999.9999999997,2500000.000000001,0.557781776043919,0.8273260503381681,1.3830066886923742,13911,0.3530394472590331,0.2691058141012277,-0.050990634880978415,0.2444198693966997,0.10098134166492216
miami_dade,5,2022,150.0,309.188285630879,0.48514127789134875,103923,13911,OK,0.4638805043739157,0.4638805043739157,0.6779353373140724,0.6779353373140724,0.47993155965142176,0.47993155965142176,0.7660763648219162,1391711.1709588326,1391711.1709588326,0.40525326143977375,304621.54787524306,304621.54787524306,0.2880084555749967,0.22252059356388876,-0.01676670929013744,-0.10790474214374476,-0.10011165478334436,0.662520146805243,0.8347096435384206,0.9141523655296977,0.890276062855111,29.183501993226553,0.7247631640930511,16.747934571464754,1.0268189875823635,0.07937249232316193,0.9855230881721585,-0.05193416886219292,-0.10184582357455854,-0.19729892294919307,0.1930346783790938,div,-0.01676670929013744,-0.01676828072184159,-5.844247647989153e-09,0.662520146805243,13911,0.0,257500.0000000002,499999.9999999997,2500000.000000001,0.49757789449424245,0.8347096435384206,1.524766883741608,13911,0.40525326143977375,0.30312416627660527,-0.05193416886219281,0.32206466268592754,0.07064685511580324
miami_dade,6,2023,0.0,0.0,0.508072842852622,117834,11325,OK,0.7036325736082768,0.7036325736082768,0.8204436181157102,0.8204436181157102,0.7122956299637326,0.7122956299637326,0.8759438768745406,1019315.2606474113,1019315.2606474113,0.29015399325530067,225397.1836683039,225397.1836683039,0.2253136373100024,0.1366262379683563,-0.037479576960838826,-0.13449510016416297,-0.17440544494629726,0.8879360853918394,0.9416198577338887,1.0389743159056748,0.9708520792246699,23.1084775362064,0.8546652952535678,10.940243739182144,1.0701674726137558,0.03879083786705027,0.9533984245318441,-0.039403915252245056,-0.0840394338690428,-0.1988430315946463,0.2383869449529461,div,-0.037479576960838826,-0.0374971411876353,-1.7773914811737845e-08,0.8879360853918394,11325,0.0,285200.0,550000.0000000001,2399999.9999999995,0.7052687328753187,0.9416198577338887,1.557680003599091,11325,0.29015399325530067,0.193472973389341,-0.03940391525224508,0.17955638188428982,0.24162777618887057
miami_dade,6,2023,0.001,0.001968221710858245,0.508072842852622,117834,11325,OK,0.7080376361907846,0.7080376361907846,0.8184293881979025,0.8184293881979025,0.716571929051999,0.716571929051999,0.8745522384818292,1011711.5951936248,1011711.5951936248,0.2917769011999347,227939.23259563194,227939.23259563194,0.22752918908885894,0.14070852252217791,-0.0338714773635136,-0.1289552031983704,-0.16542620241150285,0.8784024916435242,0.9306333813327337,1.0310989208429908,0.9701957069387949,23.287175004389287,0.8519466542170422,14.059033912435613,1.062774153161696,0.045437561739387615,0.963371915760463,-0.0361003724903975,-0.07699374153896338,-0.18158294671343078,0.24115059213821416,div,-0.0338714773635136,-0.033884439609528305,-1.5890384526908226e-08,0.8784024916435242,11325,0.0,285200.0,550000.0000000001,2399999.9999999995,0.700311910639623,0.9306333813327337,1.5595347568682616,11325,0.2917769011999347,0.1969174154238621,-0.036100372490397534,0.1815706118020975,0.24530891093849516
miami_dade,6,2023,0.001451285485497223,0.0028564516012090833,0.508072842852622,117834,11325,OK,0.6975113844145742,0.6975113844145742,0.8186556269859001,0.8186556269859001,0.7063533680144749,0.7063533680144749,0.8747085476402398,1029787.9579513707,1029787.9579513707,0.2915950660799015,227098.54376418723,227098.54376418723,0.2273697134186559,0.1438988400450893,-0.03671253008397319,-0.1367072104943126,-0.16842793022128097,0.8436276768926675,0.927130860830536,1.0275538679905598,0.9641555629277864,23.25443525858303,0.821042041585979,12.93981075292426,1.0657552655406106,0.03963298625315272,0.9585130015180833,-0.03840944148838782,-0.0819184514342474,-0.19351874704835934,0.2378226413377576,div,-0.03671253008397319,-0.03672903727190209,-1.6541383963520087e-08,0.8436276768926675,11325,0.0,285200.0,550000.0000000001,2399999.9999999995,0.7003100078106659,0.927130860830536,1.553162446555751,11325,0.2915950660799015,0.19801872050653446,-0.038409441488387853,0.18134437301409986,0.2408279590794194
miami_dade,6,2023,0.00210622956041491,0.0041455267488600435,0.508072842852622,117834,11325,OK,0.6989515195819398,0.6989515195819398,0.8161166955568815,0.8161166955568815,0.7077514068817637,0.7077514068817637,0.8729543911649305,1027333.6453655361,1027333.6453655361,0.2936292250290116,231409.22085402743,231409.22085402743,0.22978176257259347,0.14389929090667733,-0.03195325652830813,-0.1275967556339157,-0.15643078877066535,0.839480731765135,0.9311863067201994,1.032160996764701,0.9772526495708728,23.54709022611471,0.8133593499640619,15.597801474712657,1.0561864398300065,0.049499646176739416,0.9715333765925062,-0.033459555399692725,-0.07136148972251788,-0.16717511065787077,0.24189343879210518,div,-0.03195325652830813,-0.03196413806642194,-1.4326251353819138e-08,0.839480731765135,11325,0.0,285200.0,550000.0000000001,2399999.9999999995,0.6999835014530223,0.9311863067201994,1.5592671544195444,11325,0.2936292250290116,0.19947656032975516,-0.033459555399692746,0.18388330444311848,0.24472430341709397
miami_dade,6,2023,0.003056740390155355,0.006016342800361073,0.508072842852622,117834,11325,OK,0.6995843570214888,0.6995843570214888,0.8193884569320747,0.8193884569320747,0.7083657459779915,0.7083657459779915,0.8752148623759156,1026253.2924328094,1026253.2924328094,0.2910052878712996,226047.84452387097,226047.84452387097,0.22594882330188837,0.14007815115192548,-0.038937360910385826,-0.14142252848932324,-0.17081905684607235,0.8270768233447775,0.9328669821895681,1.031479273643094,0.9655581082674852,23.12989662158211,0.8018710239081689,10.87320145249394,1.0682726029755911,0.03608035252346568,0.9547623451998203,-0.039710852965143775,-0.08469406099073722,-0.20019150772486266,0.23660930592983395,div,-0.038937360910385826,-0.03895705670907184,-1.7199628708070147e-08,0.8270768233447775,11325,0.0,285200.0,550000.0000000001,2399999.9999999995,0.6997888209120342,0.9328669821895681,1.5572515697719265,11325,0.2910052878712996,0.1961100793979865,-0.0397108529651438,0.1806115430679253,0.24084515811879278
miami_dade,6,2023,0.004436202961165585,0.008731430981939741,0.508072842852622,117834,11325,OK,0.7009272137083492,0.7009272137083492,0.8203708752888856,0.8203708752888856,0.7096693498923822,0.7096693498923822,0.875893618604763,1023957.0495144388,1023957.0495144388,0.2902127616604913,225118.17662201778,225118.17662201778,0.22533297677701672,0.13897055729777835,-0.039277791669808215,-0.13892247940062943,-0.17292386868396115,0.8523354395006358,0.9330283274145155,1.0316965605398156,0.9631682347952621,23.046246592102644,0.8261858237180334,10.967051586826791,1.0711488639979083,0.03642377067809948,0.9519658200415912,-0.039807276165106785,-0.08489970936564765,-0.20122158813791108,0.2380098181911545,div,-0.039277791669808215,-0.039298008924986576,-1.7879868356030404e-08,0.8523354395006358,11325,0.0,285200.0,550000.0000000001,2399999.9999999995,0.7036232827702761,0.9330283274145155,1.5505108487772195,11325,0.2902127616604913,0.19511062058494244,-0.039807276165106806,0.17962912471111434,0.24366950314374317
miami_dade,6,2023,0.006438196968259414,0.01267179905170991,0.508072842852622,117834,11325,OK,0.7031287580497971,0.7031287580497971,0.8201081244281626,0.8201081244281626,0.7118065413360396,0.7118065413360396,0.8757120831294593,1020181.2951259224,1020181.2951259224,0.29042493713199047,225606.9218567621,225606.9218567621,0.2257128263326544,0.13769444473028097,-0.038357640983780444,-0.13658783371028205,-0.17278784929569857,0.8662222021196233,0.9407962197566029,1.039736438210856,0.9717231591525238,23.138778282364285,0.8331538807555666,12.003288258476692,1.0699924442653492,0.038864582046284506,0.9535391595676528,-0.03903854346739387,-0.08326018039247703,-0.19677665198037897,0.23639550139273982,div,-0.038357640983780444,-0.038376469584151,-1.774548645122254e-08,0.8662222021196233,11325,0.0,285200.0,550000.0000000001,2399999.9999999995,0.7073407671921395,0.9407962197566029,1.5644698575854086,11325,0.29042493713199047,0.1936953320408521,-0.03903854346739389,0.17989187557183736,0.2400058279903645
miami_dade,6,2023,0.009343661812807113,0.01839039803888407,0.508072842852622,117834,11325,OK,0.7182578606901086,0.7182578606901086,0.8207116940810903,0.8207116940810903,0.7264934082341299,0.7264934082341299,0.8761290914830061,993846.2327835932,993846.2327835932,0.28993731377790544,225186.58984922263,225186.58984922263,0.22464527343620455,0.13790588989061373,-0.03524768680841468,-0.13345501738231214,-0.1658291297782463,0.8508520403080205,0.9358508417699314,1.0330646362600027,0.9716747006007281,23.008082322574907,0.8236557308630067,13.098290078187349,1.0631795143182392,0.04070752580817071,0.9614018790870061,-0.03716436760698917,-0.07926299693313886,-0.18794900634438053,0.23588460593953572,div,-0.03524768680841468,-0.03526229493471698,-1.6017376114872307e-08,0.8508520403080205,11325,0.0,285200.0,550000.0000000001,2399999.9999999995,0.6997906795643852,0.9358508417699314,1.554616349535363,11325,0.28993731377790544,0.19449038565718024,-0.03716436760698919,0.1792883059189096,0.23770153564271745
miami_dade,6,2023,0.013560320770321632,0.02668971774634904,0.508072842852622,117834,11325,OK,0.7019203819193374,0.7019203819193374,0.8187563647859968,0.8187563647859968,0.7106334870040791,0.7106334870040791,0.8747781477335421,1022255.4448714392,1022255.4448714392,0.29151406349469433,226133.81548041102,226133.81548041102,0.22695000145702302,0.1411126593943477,-0.037389029674483036,-0.13681540118051397,-0.17352881274687257,0.8684898280979051,0.9318465944352534,1.0313877743864504,0.9649184226219145,23.238472263416547,0.8420966353570197,11.441279894549162,1.0688859806240643,0.03804577827731804,0.9545526110648969,-0.03958956662150228,-0.08443538528324906,-0.19927634172117062,0.23267487382284646,div,-0.037389029674483036,-0.037406466836795285,-1.7342657161809063e-08,0.8684898280979051,11325,0.0,285200.0,550000.0000000001,2399999.9999999995,0.6988707068878665,0.9318465944352534,1.5550501099208127,11325,0.29151406349469433,0.19658237044036622,-0.039589566621502315,0.1812436352140032,0.2385684356905747
miami_dade,6,2023,0.019679896712654306,0.03873439997729401,0.508072842852622,117834,11325,OK,0.703722489712307,0.703722489712307,0.8186794669115041,0.8186794669115041,0.712382917748295,0.712382917748295,0.8747250187270093,1019160.6218415904,1019160.6218415904,0.29157589858920524,227832.84627118846,227832.84627118846,0.227190053133004,0.13712708646259109,-0.03629478253316323,-0.13502541438988994,-0.1674199722906149,0.849023822260158,0.9422403391703177,1.041655963402761,0.9785781562121865,23.284857119520797,0.8151072322041979,12.093055763823338,1.0644586298908731,0.04288340040629981,0.9607054774530397,-0.037079964438673174,-0.07908298450451032,-0.18610091316420976,0.24084484580055507,div,-0.03629478253316323,-0.036310732316544,-1.6457762195425583e-08,0.849023822260158,11325,0.0,285200.0,550000.0000000001,2399999.9999999995,0.7067770475087451,0.9422403391703177,1.5759054869693336,11325,0.29157589858920524,0.1945418561914618,-0.0370799644386732,0.18132053308849588,0.24638763577934786
miami_dade,6,2023,0.028561148455159703,0.05621467247649076,0.508072842852622,117834,11325,OK,0.7013030161505813,0.7013030161505813,0.8183820149449141,0.8183820149449141,0.7100341673293618,0.7100341673293618,0.874519508138057,1023313.5163407922,1023313.5163407922,0.29181496220369935,228450.45914482695,228450.45914482695,0.22836243381514112,0.1396940695330446,-0.03206824183300729,-0.12708930213374203,-0.16615689112256038,0.8952359048154411,0.9348015678454735,1.0380841420284588,0.9793182741151479,23.43291303603904,0.862430506305368,14.007098085002562,1.060006914469566,0.048527410347321664,0.9671210451679011,-0.03534363378607495,-0.07537979297849802,-0.17741645646653362,0.24165856487527326,div,-0.03206824183300729,-0.032079241316174484,-1.5332725127921044e-08,0.8952359048154411,11325,0.0,285200.0,550000.0000000001,2399999.9999999995,0.7048555963669227,0.9348015678454735,1.5638640617407422,11325,0.29181496220369935,0.1958303445660264,-0.035343633786074975,0.18161798505508578,0.24632628374336596
miami_dade,6,2023,0.04145038020210471,0.08158353823711127,0.508072842852622,117834,11325,OK,0.7065797785186116,0.7065797785186116,0.8158156309464816,0.8158156309464816,0.7151566857228596,0.7151566857228596,0.872746384587918,1014234.3431224809,1014234.3431224809,0.29386950027887254,233708.5536841851,233708.5536841851,0.23140804133140297,0.1409815474132412,-0.03183389468303402,-0.12674178033911823,-0.15958981881836187,0.8622108971421508,0.9380613504673692,1.042836073994479,0.9866516677955413,23.76789929720962,0.8268307818186875,15.89181408591047,1.0569445205768209,0.052207112362819066,0.9713954108917783,-0.03318072310419516,-0.07076680495304727,-0.16522282955262613,0.2439310390846787,div,-0.03183389468303402,-0.031844654682487546,-1.4659190569508445e-08,0.8622108971421508,11325,0.0,285200.0,550000.0000000001,2399999.9999999995,0.7058347337729826,0.9380613504673692,1.586678416037561,11325,0.29386950027887254,0.1979225825881179,-0.03318072310419518,0.18418436905351843,0.2488548802908231
miami_dade,6,2023,0.060156335155656014,0.11840100489902727,0.508072842852622,117834,11325,OK,0.7156076448726402,0.7156076448726402,0.8173380779388915,0.8173380779388915,0.7239206603397069,0.7239206603397069,0.8737982484624313,998509.6139755537,998509.6139755537,0.2926524341375841,228389.2698422592,228389.2698422592,0.22937596591218382,0.1414493422410985,-0.03337368983461798,-0.12631158513502552,-0.16048189323938764,0.8699834339965931,0.9378468271448342,1.0392729741479036,0.9798399647914835,23.570062821455178,0.8371446848393642,14.715636266011755,1.060655833087057,0.04979311637035017,0.9665205931158909,-0.033704459148282795,-0.07188381275189612,-0.16864236107948408,0.23708133885946067,div,-0.03337368983461798,-0.033386088695487134,-1.5506790392875878e-08,0.8699834339965931,11325,0.0,285200.0,550000.0000000001,2399999.9999999995,0.7006744426946235,0.9378468271448342,1.5689345093209026,11325,0.2926524341375841,0.19720456647025753,-0.033704459148282816,0.1826619220611086,0.24421238853944158
miami_dade,6,2023,0.0873040160721099,0.17183365987824387,0.508072842852622,117834,11325,OK,0.7054621583893048,0.7054621583893048,0.8182077801520891,0.8182077801520891,0.7140717345217211,0.7140717345217211,0.8743991287191546,1016164.08637082,1016164.08637082,0.2919549046520428,230548.22476550503,230548.22476550503,0.22829816006490364,0.1366058566940287,-0.030215735227696227,-0.12246035896177489,-0.15668437108308944,0.876109278336473,0.9444505025800575,1.0456814875957585,0.991493383226188,23.42183756693413,0.8378726903103736,15.568214234560138,1.0546530166376398,0.05242898151701934,0.9735693713803402,-0.032329766909946454,-0.06895191228681806,-0.1619319890509728,0.23826940862135076,div,-0.030215735227696227,-0.03022493582956295,-1.4138331296789023e-08,0.876109278336473,11325,0.0,285200.0,550000.0000000001,2399999.9999999995,0.7057863196976952,0.9444505025800575,1.5731590964280844,11325,0.2919549046520428,0.19483148155995356,-0.03232976690994647,0.18179221984791089,0.24131229052529066
miami_dade,6,2023,0.12670305135106935,0.24937969650116182,0.508072842852622,117834,11325,OK,0.7153101765140482,0.7153101765140482,0.8168972955256206,0.8168972955256206,0.7236318872185972,0.7236318872185972,0.8734937103738464,999031.6874080577,999031.6874080577,0.2930053219157623,230335.5051562876,230335.5051562876,0.22875769880974972,0.13839570485162866,-0.032037108081960045,-0.1277170785718367,-0.1601216591202537,0.8584781277814464,0.9447895043992582,1.0441775779683782,0.9878793074172243,23.48328456034535,0.8221935141206284,14.256052031157886,1.056989016905662,0.049344351834123105,0.9702472742865731,-0.03433349743285555,-0.07322540586463727,-0.17140271897472978,0.24045375998545301,div,-0.032037108081960045,-0.032048075546223846,-1.4688899155059578e-08,0.8584781277814464,11325,0.0,285200.0,550000.0000000001,2399999.9999999995,0.7039895085942822,0.9447895043992582,1.5731059097762643,11325,0.2930053219157623,0.19573163051915632,-0.034333497432855554,0.18310270447437937,0.2414985154261339
miami_dade,6,2023,0.18388229939401626,0.36192113390983877,0.508072842852622,117834,11325,OK,0.7096512176022178,0.7096512176022178,0.8163663611459762,0.8163663611459762,0.7181383441912426,0.7181383441912426,0.8731268859809649,1008912.0206139644,1008912.0206139644,0.2934298213522135,230158.18350359876,230158.18350359876,0.2305250728996522,0.13904491188075693,-0.034490469869519355,-0.12888179643000003,-0.16298431633778818,0.8659291572827992,0.9410925995880107,1.0449979711756459,0.9838623982002243,23.667140523370435,0.8286785377281353,16.018489748599947,1.062138336709744,0.048978372190169,0.9644954020765518,-0.03435790179815567,-0.07327745472908707,-0.1712597427838798,0.2357440462519305,div,-0.034490469869519355,-0.03450415617441906,-1.595100981666585e-08,0.8659291572827992,11325,0.0,285200.0,550000.0000000001,2399999.9999999995,0.7055580182632522,0.9410925995880107,1.5816952440572751,11325,0.2934298213522135,0.19701957447172594,-0.03435790179815569,0.1836336388540238,0.23931924029751603
miami_dade,6,2023,0.26686571215039057,0.5252508885380457,0.508072842852622,117834,11325,OK,0.7128294835979864,0.7128294835979864,0.8161038733765427,0.8161038733765427,0.7212237069359042,0.7212237069359042,0.8729455322763399,1003374.8624506126,1003374.8624506126,0.2936394622315054,231913.07092179122,231913.07092179122,0.23145877332658266,0.13828036649457484,-0.03211432612337999,-0.12393684314691648,-0.15331480537588735,0.8470553607282796,0.9484679086590955,1.0533510331338154,0.9976679695557656,23.785834846193378,0.8041884748264927,17.65084482123455,1.055813221710269,0.05394569853947601,0.9728399007319597,-0.030689914875105348,-0.06545448732904835,-0.15269068315516426,0.2374124277061199,div,-0.03211432612337999,-0.032125373115412234,-1.4528384220960449e-08,0.8470553607282796,11325,0.0,285200.0,550000.0000000001,2399999.9999999995,0.710595560173044,0.9484679086590955,1.597998050105598,11325,0.2936394622315054,0.19646354225347248,-0.03068991487510535,0.18389612662345733,0.24316460471188417
miami_dade,6,2023,0.38729833462074176,0.7622889907797855,0.508072842852622,117834,11325,OK,0.7300413663811842,0.7300413663811842,0.8168202409052512,0.8168202409052512,0.7379324726513805,0.7379324726513805,0.873440473071047,972841.0829949649,972841.0829949649,0.2930669677530337,229744.54194614748,229744.54194614748,0.23045819205681284,0.13975818317493516,-0.02870967635186737,-0.12507007785220042,-0.15902358787631776,0.870635269892847,0.9395719991321158,1.0450785269830252,0.9939130454193099,23.714862731597616,0.8331179797516253,14.891900184577606,1.0514788308690823,0.052369716145579295,0.9774606203824485,-0.03257299373815673,-0.0694706588330357,-0.1625635629802875,0.23486173999752546,div,-0.02870967635186737,-0.028717568195793828,-1.3349692478147888e-08,0.870635269892847,11325,0.0,285200.0,550000.0000000001,2399999.9999999995,0.7085253605058495,0.9395719991321158,1.5898962311439624,11325,0.2930669677530337,0.19645049315949503,-0.03257299373815675,0.18317975909474876,0.24286428726699108
miami_dade,6,2023,0.5620804515923291,1.106298948073029,0.508072842852622,117834,11325,OK,0.7122119091394883,0.7122119091394883,0.8143928670275056,0.8143928670275056,0.7206241846716124,0.7206241846716124,0.8717633920924206,1004453.1867527746,1004453.1867527746,0.29500233959874544,235862.20565421076,235862.20565421076,0.2332516646634033,0.1414416863732964,-0.024514917857016455,-0.11134803721796653,-0.14834359115493145,0.9122510072065406,0.94678803418206,1.0500137086285113,1.0042356567914845,23.99009323203361,0.8688375002725245,19.138741622963504,1.0455849695511579,0.06386095166342884,0.9862361551000483,-0.02751381819334802,-0.058680607999048943,-0.13632678520288918,0.23589005408641436,div,-0.024514917857016455,-0.024519830630192484,-1.1944046955016402e-08,0.9122510072065406,11325,0.0,285200.0,550000.0000000001,2399999.9999999995,0.7034758238902736,0.94678803418206,1.5964941126333088,11325,0.29500233959874544,0.19819294524384695,-0.027513818193348038,0.18560713297249437,0.2383248986301552
miami_dade,6,2023,0.8157392010776716,1.6055556059592329,0.508072842852622,117834,11325,OK,0.7281680050361388,0.7281680050361388,0.8151995795085244,0.8151995795085244,0.7361138711532719,0.7361138711532719,0.8723207525260731,976210.7326824499,976210.7326824499,0.2943605506304253,230324.16016178948,230324.16016178948,0.23066648010745958,0.14115679392042774,-0.02976293748916735,-0.12463383961301824,-0.15312635233988142,0.8412829585513519,0.9390406186376395,1.0411360111999326,0.9898817005740731,23.727950894968135,0.8080789586532056,17.273256282820487,1.0517782181407485,0.05278499818453146,0.9766982317460658,-0.0313226685789651,-0.06680400457144685,-0.15574773549598442,0.22824179481657966,div,-0.02976293748916735,-0.02977173048837351,-1.3372869053966391e-08,0.8412829585513519,11325,0.0,285200.0,550000.0000000001,2399999.9999999995,0.6990565563159715,0.9390406186376395,1.5713730706888513,11325,0.2943605506304253,0.19851433644079486,-0.031322668578965124,0.1848004204914756,0.2328517270885877
miami_dade,6,2023,1.1838704624751253,2.330119547087333,0.508072842852622,117834,11325,OK,0.7266547556030727,0.7266547556030727,0.8087760104255629,0.8087760104255629,0.7346448552086093,0.7346448552086093,0.8678826865063741,978924.1736275394,978924.1736275394,0.2994327621384305,238125.25352164943,238125.25352164943,0.23844164161510387,0.1482737517064695,-0.021051470687798522,-0.10417388302353468,-0.13517779737056923,0.8885352098342407,0.933995735037386,1.041801775845109,1.0035131661772934,24.587602327008614,0.852920835769501,24.128634170881814,1.0381545663358553,0.07437507477109741,0.997036268238848,-0.022070302940263204,-0.04707084949667061,-0.10792194497873475,0.24097195653478015,div,-0.021051470687798522,-0.021054581269192456,-9.989960982672915e-09,0.8885352098342407,11325,0.0,285200.0,550000.0000000001,2399999.9999999995,0.6948635044432377,0.933995735037386,1.6011148048639632,11325,0.2994327621384305,0.2048882784481157,-0.022070302940263225,0.19122398957443706,0.23854955957971144
miami_dade,6,2023,1.7181340188990342,3.3816686781612098,0.508072842852622,117834,11325,OK,0.7213024468312716,0.7213024468312716,0.8081421487109484,0.8081421487109484,0.7294489986930042,0.7294489986930042,0.8674447492629994,988461.7533896596,988461.7533896596,0.29992862549757354,241797.9914438545,241797.9914438545,0.2395379742550412,0.14577190227108106,-0.016498046008841027,-0.09700172670639196,-0.13083207718403664,0.9235552908058671,0.9390142180440013,1.048238774854695,1.017049309967803,24.69092254893863,0.8810932115180106,25.09272572766468,1.0306666201738826,0.08004314200298948,1.0068988694023244,-0.019395873233549625,-0.041366909747638854,-0.09457452956038072,0.24683401732831425,div,-0.016498046008841027,-0.016499543096428877,-8.137708315703448e-09,0.9235552908058671,11325,0.0,285200.0,550000.0000000001,2399999.9999999995,0.6975077675640993,0.9390142180440013,1.6053749236831163,11325,0.29992862549757354,0.20417226002660213,-0.01939587323354964,0.19185785128905164,0.23750215722565482
miami_dade,6,2023,2.4935029637671793,4.907766669375943,0.508072842852622,117834,11325,OK,0.7116678319629741,0.7116678319629741,0.8019333004894522,0.8019333004894522,0.720096011305106,0.720096011305106,0.8631550346265707,1005402.2218568565,1005402.2218568565,0.304743086243464,255607.06769705768,255607.06769705768,0.24737057493410927,0.1463670303295445,-0.010909550382247859,-0.0866155681410733,-0.1197147752013122,0.946411317410553,0.9571204084022027,1.0715429642463759,1.0504081083999208,25.462249001939984,0.8832619278198438,29.23875633347157,1.0201206137666337,0.09392069068341137,1.0215085009098699,-0.014176056544165509,-0.030234248521771735,-0.06794110286144996,0.2562202295216204,div,-0.010909550382247859,-0.01090998322516674,-5.514339306448973e-09,0.946411317410553,11325,0.0,285200.0,550000.0000000001,2399999.9999999995,0.705021521755636,0.9571204084022027,1.655374197708249,11325,0.304743086243464,0.2062053466013785,-0.014176056544165504,0.1980666995105477,0.2376983876305915
miami_dade,6,2023,3.618784659359615,7.122570533472354,0.508072842852622,117834,11325,OK,0.7102753223595539,0.7102753223595539,0.8033609653880043,0.8033609653880043,0.7187442058685265,0.7187442058685265,0.8641414132257497,1007827.1090156368,1007827.1090156368,0.3036428057704423,256040.51650709324,256040.51650709324,0.2462204497231258,0.14606881990173415,-0.00718911622990661,-0.08350647831909794,-0.11359161743990077,0.931438626164945,0.9605486215030692,1.0727455517084656,1.0590385564773976,25.34875439203887,0.8683137865481702,29.376213139583587,1.0129428670441052,0.09445543474703023,1.0294608816928676,-0.01266335760011424,-0.027008011685696814,-0.06091773553434291,0.25273961427183256,div,-0.00718911622990661,-0.007189240086385241,-3.5763207057156056e-09,0.931438626164945,11325,0.0,285200.0,550000.0000000001,2399999.9999999995,0.706495642660527,0.9605486215030692,1.6592423246108732,11325,0.3036428057704423,0.20559609072137994,-0.012663357600114233,0.19663903461199567,0.23112079195895652
miami_dade,6,2023,5.2518896512686215,10.33688323465864,0.508072842852622,117834,11325,OK,0.7129362151334636,0.7129362151334636,0.8019237016999498,0.8019237016999498,0.7213273186234346,0.7213273186234346,0.8631484027898191,1003188.3849293276,1003188.3849293276,0.3047504704461219,257810.47628811505,257810.47628811505,0.2473922250254605,0.14409529042717042,-0.007045854730912856,-0.08484931988440189,-0.10932769239957733,0.882287131714325,0.9678965860066239,1.0817895046060155,1.0690645529079452,25.355053655989536,0.8156171636087162,29.88095856812052,1.0119028843145697,0.09339192356889582,1.030399286253862,-0.012060462346458032,-0.025722175608869042,-0.057863761643022996,0.25512299974184943,div,-0.007045854730912856,-0.0070459713293518095,-3.3200936798964855e-09,0.882287131714325,11325,0.0,285200.0,550000.0000000001,2399999.9999999995,0.7123776754838741,0.9678965860066239,1.6893627849133892,11325,0.3047504704461219,0.20501351623607475,-0.012060462346458014,0.1980762983000502,0.2329263386329239
miami_dade,6,2023,7.621991222319222,15.001768603739666,0.508072842852622,117834,11325,OK,0.7064947030419254,0.7064947030419254,0.7933910607447539,0.7933910607447539,0.7150740970702418,0.7150740970702418,0.857253171744201,1014381.3681232106,1014381.3681232106,0.31124521477591016,270246.05773145496,270246.05773145496,0.2572041248175447,0.15133183730571778,-0.0005790230895901957,-0.06895012322706666,-0.09665170670074315,0.9598483214503157,0.9606118789075244,1.0849397902934552,1.0838021341804536,26.479977006857723,0.8847409877064947,35.56917972163142,1.0010496898623122,0.11355097566673819,1.0476938506733071,-0.00444589918909421,-0.009482074268470723,-0.020883013912582397,0.28130676065341886,div,-0.0005790230895901957,-0.0005790231542994625,-2.968282285308553e-10,0.9598483214503157,11325,0.0,285200.0,550000.0000000001,2399999.9999999995,0.707357151121892,0.9606118789075244,1.7095657932032042,11325,0.31124521477591016,0.21226946845484523,-0.0044458991890941974,0.20660893925524612,0.24280338941663682
miami_dade,6,2023,11.061685231539125,21.77184903139532,0.508072842852622,117834,11325,OK,0.6732184988706604,0.6732184988706604,0.7931608197354483,0.7931608197354483,0.6827705828991603,0.6827705828991603,0.8570940974372943,1070340.659812857,1070340.659812857,0.3114185893144049,270721.41975086153,270721.41975086153,0.25712377812575427,0.1551490178426657,0.000559879608131276,-0.06599871007621536,-0.09901611179984662,1.027302984764909,0.9457240562290699,1.070826202530332,1.0720035528676495,26.636056434110444,0.9593978377456394,33.08788523175182,0.9989017290715426,0.11954184151774096,1.0506915923366404,-0.004742188969232702,-0.010113991813329502,-0.022238536048414487,0.2749639753870138,div,0.000559879608131276,0.0005598796666322069,3.0718493136101766e-10,1.027302984764909,11325,0.0,285200.0,550000.0000000001,2399999.9999999995,0.6983776187650618,0.9457240562290699,1.6865294677247942,11325,0.3114185893144049,0.21433397894120088,-0.004742188969232703,0.20683918026455164,0.23878155175933857
miami_dade,6,2023,16.05366322167172,31.5971684917008,0.508072842852622,117834,11325,OK,0.6542125886227788,0.6542125886227788,0.7860720668376437,0.7860720668376437,0.6643202305733105,0.6643202305733105,0.8521964536272139,1101026.7768594555,1101026.7768594555,0.3167100732816086,285297.0071158615,285297.0071158615,0.26340709477031315,0.15127343531021945,0.009464866077916086,-0.057407825698995676,-0.08445509311475081,1.0073557639810535,0.9650881201422147,1.092258681555243,1.1117755377337986,27.068186509186244,0.9223092100860008,35.72296370198262,0.9824453268522728,0.13004274813398406,1.0706850091698057,-7.027475929644627e-05,-0.00014987980125198623,-0.0003245913951454251,0.2820475509645437,div,0.009464866077916086,0.00946514872565109,5.0921836394613766e-09,1.0073557639810535,11325,0.0,285200.0,550000.0000000001,2399999.9999999995,0.7035943859432687,0.9650881201422147,1.7443218109970233,11325,0.3167100732816086,0.21517382902856613,-7.027475929642997e-05,0.21392793316235628,0.23289624227638342
miami_dade,6,2023,23.298448422672752,45.85651201481555,0.508072842852622,117834,11325,OK,0.6183337696622233,0.6183337696622233,0.7820634489990859,0.7820634489990859,0.6294901781199476,0.6294901781199476,0.8494268857459479,1156738.4175888603,1156738.4175888603,0.3196635851373965,295704.6130049489,295704.6130049489,0.2667106173876424,0.1522544042807544,0.012352675568210895,-0.05168867959687101,-0.07718838709367334,1.0225502450198183,0.9712974417132454,1.0980457460838167,1.1239015594949153,27.30150180682655,0.9312866948969035,39.0350771018731,0.9769945924599318,0.13615972527413947,1.0777953873409014,0.002185705421390517,0.004661603930530511,0.010010746121081554,0.2840314482849213,div,0.012352675568210895,0.012353303918203759,6.746094188142564e-09,1.0225502450198183,11325,0.0,285200.0,550000.0000000001,2399999.9999999995,0.7034679739206049,0.9712974417132454,1.7577209686668716,11325,0.3196635851373965,0.21707838203726415,0.002185705421390543,0.21793655100091414,0.22483811142528695
miami_dade,6,2023,33.81270003043063,66.55089030263082,0.508072842852622,117834,11325,OK,0.5818239350001086,0.5818239350001086,0.7726622043742318,0.7726622043742318,0.5940475550574916,0.5940475550574916,0.8429315334311245,1210801.2975382814,1210801.2975382814,0.3264855401458113,304970.79048117204,304970.79048117204,0.2750128179879146,0.16304928543109742,0.015687046921342783,-0.04865670875354431,-0.07565788964077004,1.0647303243985224,0.9550525348905655,1.0876682460266245,1.1218577918432944,28.40014618213428,0.9789541428307356,41.89327129161658,0.969524171365344,0.14840308431511381,1.0888470082841264,0.0034305618061171946,0.007316594561562607,0.01535161713516263,0.2879098977170924,div,0.015687046921342783,0.015688333885530904,8.92046568645441e-09,1.0647303243985224,11325,0.0,285200.0,550000.0000000001,2399999.9999999995,0.690436852993682,0.9550525348905655,1.76999481277742,11325,0.3264855401458113,0.22582959483089576,0.0034305618061172007,0.2273377956257682,0.23371401001820405
miami_dade,6,2023,49.071880779635485,96.584341143126,0.508072842852622,117834,11325,OK,0.5599532890482366,0.5599532890482366,0.7634665722697505,0.7634665722697505,0.5728162055381529,0.5728162055381529,0.8365782395153164,1242060.3025124825,1242060.3025124825,0.3330231250183874,314278.75760560203,314278.75760560203,0.28106225314782846,0.16716309920528438,0.020210702848015297,-0.04465150787754807,-0.06918456548124505,1.0609653907459826,0.9502813568114197,1.0882281622237338,1.1321211502649886,29.119560661305897,0.9749906062156113,44.12756147078814,0.9612294249330285,0.15901994038282669,1.0991358081814737,0.004996979403647072,0.010657400855968002,0.021918077863659593,0.2909014249760697,div,0.020210702848015297,0.020213455361480222,1.1452211029579578e-08,1.0609653907459826,11325,0.0,285200.0,550000.0000000001,2399999.9999999995,0.6812724170656677,0.9502813568114197,1.776599820213408,11325,0.3330231250183874,0.23060534402464924,0.004996979403647078,0.23653342773024955,0.22902145758306341
miami_dade,6,2023,71.21730832153513,140.17145242733102,0.508072842852622,117834,11325,OK,0.5608025987984708,0.5608025987984708,0.7396907652669642,0.7396907652669642,0.5736406892866934,0.5736406892866934,0.8201514525084054,1240861.1077578256,1240861.1077578256,0.34935978916321614,330425.04557472543,330425.04557472543,0.2989594019402901,0.17682879185368178,0.020133743325796125,-0.036236769078893054,-0.05981154756270282,1.1302218529444865,0.956268441418988,1.0983603813839036,1.1449405161351298,30.931548685422044,1.0290536465315436,45.375528505633135,0.9593165460608709,0.17759786176864772,1.1036684694536245,0.008876046923667398,0.018930554329054067,0.0371187368072739,0.28946830671154733,div,0.020133743325796125,0.020136464510214787,1.2153320080553828e-08,1.1302218529444865,11325,0.0,285200.0,550000.0000000001,2399999.9999999995,0.662034772464989,0.956268441418988,1.8539696432739334,11325,0.34935978916321614,0.2446519527099403,0.008876046923667407,0.26030923473303574,0.21286900174764076
miami_dade,6,2023,103.35664588322452,203.42879438884995,0.508072842852622,117834,11325,OK,0.43804073168564495,0.43804073168564495,0.6888516415989167,0.6888516415989167,0.4544672495056006,0.4544672495056006,0.7850265267376351,1403607.5999062185,1403607.5999062185,0.381954724338934,371007.7066285251,371007.7066285251,0.33723376465074667,0.20339254238300308,0.0207779107510318,-0.022380215650942784,-0.04691168631364467,1.435307343165446,0.9496174313308535,1.109634126663577,1.1706804195364062,35.153219397806765,1.2935531467978905,57.30408375659773,0.9478540070764967,0.23415574327951238,1.123049036840485,0.017935700744014346,0.038252699685360735,0.06857898188295052,0.2857398306502332,div,0.0207779107510318,0.02078090161658886,1.5927715558942067e-08,1.435307343165446,11325,0.0,285200.0,550000.0000000001,2399999.9999999995,0.6224326801930667,0.9496174313308535,1.9599079427926251,11325,0.381954724338934,0.27450528475536334,0.01793570074401435,0.31114835840108335,0.18596187569210001
miami_dade,6,2023,150.0,295.2332566287368,0.508072842852622,117834,11325,OK,-0.48257084597375144,-0.48257084597375144,0.4730610194540503,0.4730610194540503,-0.4392341171503531,-0.4392341171503531,0.6359360421266547,2279822.4172647265,2279822.4172647265,0.4970594014930801,562398.9319271253,562398.9319271253,0.48894156412175754,0.2628245177825734,0.019201673955251766,-0.0005693312599860047,-0.002900506539965441,3.4884857082975436,0.9333417174661471,1.1977692136610618,1.3348853451580616,51.90731809173391,2.9126142964251853,109.29505122619722,0.8972824654983653,0.5338690873420259,1.2135114031843288,0.04874428356957851,0.10396027829508811,0.1432203451186293,0.30274267202285343,div,0.019201673955251766,0.019204034390596012,3.5775255764937845e-08,3.4884857082975436,11325,0.0,285200.0,550000.0000000001,2399999.9999999995,0.5191557051545003,0.9333417174661471,2.425340272380019,11325,0.4970594014930801,0.36218102527432133,0.048744283569578495,0.5269389805459497,0.14600686133917376
miami_dade,7,2024,0.0,0.0,0.5214158183483628,129159,11694,OK,0.7165749140904081,0.7165749140904081,0.8356407749651634,0.8356407749651634,0.726384539330454,0.726384539330454,0.8929837531430747,1165782.4986744106,1165782.4986744106,0.2848980261742282,232803.9497747382,232803.9497747382,0.20146885512471124,0.12862729715212237,-0.07591421287082012,-0.2497395430602698,-0.2095727122359954,0.5897118015393547,0.9165480101291184,0.983812211245369,0.8889052988861165,19.917254336158138,0.5994406358297992,-7.9381831511170935,1.1067683053281154,-0.041693407040930275,0.8964870855230561,-0.07295089433617977,-0.14772221961852228,-0.37508434581667305,0.3025662473516357,div,-0.07591421287082012,-0.07606054959132884,-2.0443936566713776e-08,0.5897118015393547,11694,0.0,315325.0,599999.9999999999,2849999.999999998,0.6764934731059709,0.9165480101291184,1.3586389964429957,11694,0.2848980261742282,0.18568941280327952,-0.07295089433617981,0.16435922503483655,0.20247966673735895
miami_dade,7,2024,0.001,0.0019178551260059598,0.5214158183483628,129159,11694,OK,0.7171894064844246,0.7171894064844246,0.8357871388665474,0.8357871388665474,0.7269777635291065,0.7269777635291065,0.8930790524206061,1164518.0495798793,1164518.0495798793,0.2847711453312018,232344.39719785852,232344.39719785852,0.2012312233678693,0.12911604260862808,-0.07680317975465271,-0.25372005356456906,-0.20824212275546275,0.5767746784193686,0.9149579079203389,0.9840710712094775,0.890159237933472,19.928543068528064,0.5861358574736723,-7.915289860098169,1.105500037829214,-0.04231104104353298,0.8979669727737161,-0.0726127789339546,-0.1470375514159127,-0.3733416854340792,0.2997438046826967,div,-0.07680317975465271,-0.07695473018998626,-2.02295861769364e-08,0.5767746784193686,11694,0.0,315325.0,599999.9999999999,2849999.999999998,0.6764927264679456,0.9149579079203389,1.3648818823633195,11694,0.2847711453312018,0.18566807257147372,-0.07261277893395464,0.16421286113345257,0.20223091143128163
miami_dade,7,2024,0.001451285485497223,0.002783355307658897,0.5214158183483628,129159,11694,OK,0.7212763946354879,0.7212763946354879,0.8354349672488964,0.8354349672488964,0.730923296939162,0.730923296939162,0.8928497492904499,1156073.0129284034,1156073.0129284034,0.2850763425067173,233668.82572105495,233668.82572105495,0.20154877836552293,0.12954040641660614,-0.07746295066905828,-0.25544713975184785,-0.2081837976926481,0.5727146340552591,0.9156103591603857,0.9836612587147621,0.8896094291198929,19.926515598445857,0.5822523944028238,-8.619922991396328,1.1057226087271987,-0.042767353346376234,0.8976375514565361,-0.07280860642148461,-0.14743409310856068,-0.37405312273105795,0.30011840710514254,div,-0.07746295066905828,-0.07761844993614489,-2.025974284088514e-08,0.5727146340552591,11694,0.0,315325.0,599999.9999999999,2849999.999999998,0.6786529879759897,0.9156103591603857,1.3659396527500756,11694,0.2850763425067173,0.1861672117812609,-0.07280860642148465,0.1645650327511036,0.20070659951559366
miami_dade,7,2024,0.00210622956041491,0.004039443158987015,0.5214158183483628,129159,11694,OK,0.7123168093085495,0.7123168093085495,0.8353932209375798,0.8353932209375798,0.7222738118070648,0.7222738118070648,0.8928225677704817,1174507.0584974112,1174507.0584974112,0.2851124988240582,233102.9391196812,233102.9391196812,0.20152348309456092,0.12909515587606474,-0.07697772357634117,-0.2507123945528022,-0.20906748435150346,0.5860073816181435,0.9153873980262384,0.9837777928971027,0.8881458272455499,19.921869197433455,0.5956959420674796,-7.859688932571155,1.1076759724786873,-0.04195082508344754,0.895450150073057,-0.07303529929761476,-0.1478931357993786,-0.37520200532834713,0.29997765285743333,div,-0.07697772357634117,-0.07713031207710261,-2.0600120591109944e-08,0.5860073816181435,11694,0.0,315325.0,599999.9999999999,2849999.999999998,0.6768819946250968,0.9153873980262384,1.3636704373865522,11694,0.2851124988240582,0.18589003576505211,-0.07303529929761479,0.16460677906242022,0.20090668289488917
miami_dade,7,2024,0.003056740390155355,0.005862385226128905,0.5214158183483628,129159,11694,OK,0.7132739715877963,0.7132739715877963,0.8353385096733472,0.8353385096733472,0.723197845744044,0.723197845744044,0.8927869446154217,1172551.5558195584,1172551.5558195584,0.28515987709545476,232520.28234206708,232520.28234206708,0.20148767085049893,0.12923494883357925,-0.07771915148360906,-0.2538928343959445,-0.20978186305192348,0.580643932226068,0.9155401142650215,0.9839314267293632,0.8882620654372517,19.935434976676948,0.5901516555106399,-7.760951087111176,1.107703981757926,-0.04304914045186906,0.8953894651753687,-0.07323900508434902,-0.14830563068706085,-0.3761166310697775,0.30122445942016,div,-0.07771915148360906,-0.07787620251836426,-2.0608176001242205e-08,0.580643932226068,11694,0.0,315325.0,599999.9999999999,2849999.999999998,0.6767054894335671,0.9155401142650215,1.3668666467416388,11694,0.28515987709545476,0.18588971757584152,-0.07323900508434907,0.16466149032665273,0.20093215191095048
miami_dade,7,2024,0.004436202961165585,0.008507994589074235,0.5214158183483628,129159,11694,OK,0.7162207239399183,0.7162207239399183,0.835683854369738,0.835683854369738,0.7260426080547524,0.7260426080547524,0.8930118026559233,1166510.6977276413,1166510.6977276413,0.2848606871028902,232648.70201521425,232648.70201521425,0.2012800894762547,0.12857501759621887,-0.07529769521475511,-0.2498264562271126,-0.20930010200646573,0.5887398194985933,0.9156485833354269,0.9839920265129647,0.890011034353051,19.90405067639044,0.5983432568351753,-7.60828049553393,1.1055953112179429,-0.04167804311785055,0.8978592397561242,-0.07295930466053421,-0.14773925014011705,-0.37510376019546143,0.3027827040744958,div,-0.07529769521475511,-0.07544048747874255,-2.024448372022929e-08,0.5887398194985933,11694,0.0,315325.0,599999.9999999999,2849999.999999998,0.6780959015651775,0.9156485833354269,1.360254379883661,11694,0.2848606871028902,0.18548583456411757,-0.07295930466053427,0.16431614563026192,0.20311022916215515
miami_dade,7,2024,0.006438196968259414,0.012347529057812346,0.5214158183483628,129159,11694,OK,0.716617163257176,0.716617163257176,0.835873744221294,0.835873744221294,0.7264253262113717,0.7264253262113717,0.8931354421974546,1165695.605916338,1165695.605916338,0.2846960417171815,232540.40635299194,232540.40635299194,0.20115606489656582,0.12813862164015574,-0.07558818135163332,-0.24799641433950076,-0.2088065484703903,0.5916857513523005,0.9161788242561795,0.9842843848304111,0.8894687538751032,19.898318944744283,0.6011586293390864,-8.27624880407446,1.1065980457910742,-0.04103435204077093,0.8967632449495976,-0.07268936275028894,-0.14719263013617667,-0.3738434898250566,0.3013827723697498,div,-0.07558818135163332,-0.07573263642344687,-2.0424273602388404e-08,0.5916857513523005,11694,0.0,315325.0,599999.9999999999,2849999.999999998,0.6782983039988278,0.9161788242561795,1.360614450975597,11694,0.2846960417171815,0.18530375775846605,-0.07268936275028898,0.164126255778706,0.202370210480305
miami_dade,7,2024,0.009343661812807113,0.01791978970335826,0.5214158183483628,129159,11694,OK,0.7197803929609192,0.7197803929609192,0.8356915358421295,0.8356915358421295,0.7294790733763964,0.7294790733763964,0.8930168041539864,1159171.3739119982,1159171.3739119982,0.28485402867298193,231771.43184267796,231771.43184267796,0.20120675286128323,0.12910445182554128,-0.0770559928304865,-0.25498646274810455,-0.20760598691401072,0.572156909715252,0.9165442802710969,0.9842004637003593,0.8907338518840398,19.929424492911274,0.5813666992479979,-7.953335366280666,1.1049321428826615,-0.04206236408901706,0.8988124943740142,-0.07225284195648798,-0.14630869552294554,-0.3713277313627348,0.2982370406647825,div,-0.0770559928304865,-0.0772090483631638,-2.0133680841342955e-08,0.572156909715252,11694,0.0,315325.0,599999.9999999999,2849999.999999998,0.6778175224406215,0.9165442802710969,1.362078954145894,11694,0.28485402867298193,0.18570620553581085,-0.07225284195648803,0.16430846415787048,0.202440389944813
miami_dade,7,2024,0.013560320770321632,0.026006730699646426,0.5214158183483628,129159,11694,OK,0.7225743784213727,0.7225743784213727,0.8352139914788714,0.8352139914788714,0.7321763562101038,0.7321763562101038,0.8927058693375639,1153378.0221465963,1153378.0221465963,0.28526767668698505,232241.3583639399,232241.3583639399,0.20164864478761066,0.1287833868846074,-0.07559313596950985,-0.2517360891565158,-0.2082668603301304,0.5813893700571304,0.9154261626645577,0.9838982062000748,0.89072642857886,19.94959535558318,0.5909292510497969,-7.595825704955746,1.1046020131791408,-0.041071356443050266,0.8992671471919381,-0.07222814728938923,-0.14625868995317476,-0.37083178433473857,0.29835199166567195,div,-0.07559313596950985,-0.07573761951444463,-2.007017048753849e-08,0.5813893700571304,11694,0.0,315325.0,599999.9999999999,2849999.999999998,0.6763596175461336,0.9154261626645577,1.3615117728844126,11694,0.28526767668698505,0.18592266990922104,-0.07222814728938927,0.1647860085211286,0.20243986623752627
miami_dade,7,2024,0.019679896712654306,0.0377431907896319,0.5214158183483628,129159,11694,OK,0.7286872654769752,0.7286872654769752,0.8357624492370033,0.8357624492370033,0.7380776701406324,0.7380776701406324,0.8930629767090691,1140600.2882420018,1140600.2882420018,0.28479255239328666,232192.25849644543,232192.25849644543,0.20154087586170716,0.12870976359521197,-0.07538153724146766,-0.2500071843892079,-0.20810535425111973,0.5849559502282655,0.9162790173819182,0.9846085386126696,0.8911275955977053,19.947971088751107,0.5941254212566269,-8.00862353587628,1.1049018608297771,-0.0407976146777864,0.8989671611686932,-0.07224019013649484,-0.1462830761669581,-0.3712931002999062,0.2974306782657572,div,-0.07538153724146766,-0.07552480811430455,-2.013676793066795e-08,0.5849559502282655,11694,0.0,315325.0,599999.9999999999,2849999.999999998,0.6768037438256963,0.9162790173819182,1.366928743973149,11694,0.28479255239328666,0.18565146203625002,-0.07224019013649488,0.1642375507629968,0.20361226219634926
miami_dade,7,2024,0.028561148455159703,0.054776144969345235,0.5214158183483628,129159,11694,OK,0.7274826072737239,0.7274826072737239,0.8362187496767318,0.8362187496767318,0.7369147063607183,0.7369147063607183,0.8933600793541355,1143129.6786486735,1143129.6786486735,0.2843966582983228,231537.57094670483,231537.57094670483,0.20090445664073237,0.12848862261643157,-0.07540345099114454,-0.24858103559344047,-0.20733823444125737,0.5861432945231643,0.9172251283619233,0.9847460643426581,0.8910481431082418,19.877172839255273,0.5952482361356828,-6.9146605870531666,1.1051547236354369,-0.04015401558864132,0.898740101787201,-0.0717969319732033,-0.1453854986891042,-0.36948647798246625,0.2959377493911915,div,-0.07540345099114454,-0.07554684713439333,-2.0183507297112032e-08,0.5861432945231643,11694,0.0,315325.0,599999.9999999999,2849999.999999998,0.6770676224419074,0.9172251283619233,1.3671318648239559,11694,0.2843966582983228,0.18496003071406306,-0.07179693197320336,0.1637812503232682,0.2039407301628573
miami_dade,7,2024,0.04145038020210471,0.07949582414550246,0.5214158183483628,129159,11694,OK,0.7255650580760826,0.7255650580760826,0.8359603515286911,0.8359603515286911,0.7350635254555937,0.7350635254555937,0.893191833245697,1147144.4039237348,1147144.4039237348,0.2846209165913921,232613.58193835223,232613.58193835223,0.201319752978296,0.12855731172520976,-0.07442050863973602,-0.249736559918477,-0.20663636473820804,0.5814562268186811,0.9169040717904124,0.9849871133335176,0.8932501010505439,19.939416357949973,0.5903438551104021,-7.702189414794914,1.1027002540218944,-0.04003305200042913,0.9014335350971651,-0.07157472008400181,-0.14493552979157157,-0.3679480819308702,0.2947061681971517,div,-0.07442050863973602,-0.0745583574907526,-1.9761107102860212e-08,0.5814562268186811,11694,0.0,315325.0,599999.9999999999,2849999.999999998,0.6744028732637825,0.9169040717904124,1.369321173723738,11694,0.2846209165913921,0.18548006063152864,-0.07157472008400187,0.16403964847130892,0.2017105949990033
miami_dade,7,2024,0.060156335155656014,0.11537113574000742,0.5214158183483628,129159,11694,OK,0.7227810296188282,0.7227810296188282,0.8358758858521811,0.8358758858521811,0.732375855003262,0.732375855003262,0.8931368366388048,1152948.3730210715,1152948.3730210715,0.2846941842574397,232667.71025503988,232667.71025503988,0.20133440222145438,0.1286156440702636,-0.07459138119290415,-0.24994888949936764,-0.205839721191895,0.5787225050978793,0.9180439436632449,0.9854910911314689,0.8939757395725383,19.928781775933768,0.587267867070158,-6.850519354561458,1.1023689430349524,-0.03963057311732963,0.9019815466482676,-0.07121640318285706,-0.14420995447895085,-0.36583841250862853,0.2933029624188509,div,-0.07459138119290415,-0.07473018387595118,-1.971335907619896e-08,0.5787225050978793,11694,0.0,315325.0,599999.9999999999,2849999.999999998,0.6768822093739708,0.9180439436632449,1.3706253160264938,11694,0.2846941842574397,0.18546112548296992,-0.0712164031828571,0.16412411414781897,0.20286722899712037
miami_dade,7,2024,0.0873040160721099,0.16743645474480268,0.5214158183483628,129159,11694,OK,0.7286424122834398,0.7286424122834398,0.8358346387348359,0.8358346387348359,0.7380343693609142,0.7380343693609142,0.8931099801499706,1140694.5658868116,1140694.5658868116,0.28472995619987523,231885.49705743187,231885.49705743187,0.20153805903887134,0.12846394116087517,-0.07440613395000187,-0.2503706437976787,-0.20506942041324347,0.5755855676998105,0.9169390779829727,0.9852964365075308,0.8945031853655822,19.974840526499772,0.5842000013854847,-7.147778868637676,1.1015013167391257,-0.039069462609109665,0.9030429412781465,-0.07083378768871774,-0.14343517562847877,-0.3638909266964236,0.2915221228349987,div,-0.07440613395000187,-0.07454390276022616,-1.955781113187547e-08,0.5755855676998105,11694,0.0,315325.0,599999.9999999999,2849999.999999998,0.6771755374509565,0.9169390779829727,1.3708490075842095,11694,0.28472995619987523,0.18566940137655766,-0.0708337876887178,0.16416536126516415,0.20316780805939744
miami_dade,7,2024,0.12670305135106935,0.2429980965142447,0.5214158183483628,129159,11694,OK,0.7289463903197456,0.7289463903197456,0.8361509182402982,0.8361509182402982,0.7383278264138433,0.7383278264138433,0.8933159134988603,1140055.4769658102,1140055.4769658102,0.2844555448828284,232343.47895228254,232343.47895228254,0.20143994035635654,0.12825571703683022,-0.07239795978831826,-0.2451692987362365,-0.20272514491459814,0.5810773304447866,0.9181864850434501,0.9872645817067914,0.8980788884573625,20.004536010265287,0.5885982217040204,-5.982240377178872,1.0993071927151343,-0.03613608325954451,0.9057756276066327,-0.06956423718678971,-0.14086439401203452,-0.35715992953641446,0.2865684673809102,div,-0.07239795978831826,-0.07252484952818429,-1.9211526432847555e-08,0.5810773304447866,11694,0.0,315325.0,599999.9999999999,2849999.999999998,0.6792784395304563,0.9181864850434501,1.370899181420793,11694,0.2844555448828284,0.18510599742674214,-0.06956423718678977,0.16384908175970175,0.20253172592617188
miami_dade,7,2024,0.18388229939401626,0.35265961047457667,0.5214158183483628,129159,11694,OK,0.7345094357095785,0.7345094357095785,0.8359059174065135,0.8359059174065135,0.7436983292477042,0.7436983292477042,0.8931563905411262,1128295.6999277715,1128295.6999277715,0.2846681362874157,231894.46789081558,231894.46789081558,0.20186728408005244,0.12783461498587934,-0.0699236181737114,-0.24057452597516013,-0.20226823290327528,0.5908407483155899,0.9191094879124073,0.9881130341693838,0.9005281289678642,20.063355163264106,0.5979741103125977,-6.327406209574592,1.097259488498049,-0.03407783267251548,0.9085960585009828,-0.06879033842218785,-0.13929728446105094,-0.35274456619522476,0.2832689432974248,div,-0.0699236181737114,-0.0700379131264013,-1.886670002879866e-08,0.5908407483155899,11694,0.0,315325.0,599999.9999999999,2849999.999999998,0.6779137481494072,0.9191094879124073,1.3672001769512216,11694,0.2846681362874157,0.18521704295040164,-0.0687903384221879,0.1640940825934865,0.20572472182564505
miami_dade,7,2024,0.26686571215039057,0.5118097740028575,0.5214158183483628,129159,11694,OK,0.7182255573726494,0.7182255573726494,0.8364998283142574,0.8364998283142574,0.7279780522004319,0.7279780522004319,0.8935430929991152,1162382.8331888134,1162382.8331888134,0.2841525151148872,233894.74856841212,233894.74856841212,0.20179066662131856,0.1284991155824087,-0.06890550456307118,-0.24220346984628688,-0.1988215959067438,0.5768668634431704,0.9206155282666633,0.9900496329872253,0.9057812923548461,20.08718894877712,0.5826895045285604,-5.417485016058223,1.0930338718006625,-0.03259112427135111,0.9137127399056407,-0.06721306490244991,-0.136103377828358,-0.34469325241101195,0.27739724746870276,div,-0.06890550456307118,-0.06901487001384626,-1.8152277506925255e-08,0.5768668634431704,11694,0.0,315325.0,599999.9999999999,2849999.999999998,0.6786314866507169,0.9206155282666633,1.3767191789530016,11694,0.2841525151148872,0.18492299058350786,-0.06721306490244995,0.1635001716857426,0.20602478968783672
miami_dade,7,2024,0.38729833462074176,0.742782096345961,0.5214158183483628,129159,11694,OK,0.7192951030705852,0.7192951030705852,0.8362944878416113,0.8362944878416113,0.7290105798537574,0.7290105798537574,0.8934093933743709,1160174.6777378332,1160174.6777378332,0.28433089322537997,234379.94707229154,234379.94707229154,0.20230833567777187,0.12755837536334677,-0.06505050873042162,-0.23323719125973916,-0.1963596064679862,0.591625314257643,0.9214597090768641,0.9920495483867966,0.9104604042209536,20.19245586332705,0.596392199308681,-4.185026276746739,1.0896130614660344,-0.027901125527878524,0.9179810070464933,-0.06562008685170105,-0.1328776702396917,-0.3358935403172277,0.27119751616842014,div,-0.06505050873042162,-0.06514249762994254,-1.7575150707095294e-08,0.591625314257643,11694,0.0,315325.0,599999.9999999999,2849999.999999998,0.6795154147561732,0.9214597090768641,1.385087501296061,11694,0.28433089322537997,0.18469124451512026,-0.06562008685170109,0.16370551215838866,0.20647885906186858
miami_dade,7,2024,0.5620804515923291,1.0779888753140932,0.5214158183483628,129159,11694,OK,0.7289166652856867,0.7289166652856867,0.8369789703493463,0.8369789703493463,0.7382991301928952,0.7382991301928952,0.8938550680786748,1140117.9872177262,1140117.9872177262,0.28373585100118054,232952.28978411798,232952.28978411798,0.20244446622057707,0.12762388155181104,-0.06192994544366301,-0.22668629402137885,-0.19290243261005255,0.5980050339528102,0.9244817685902909,0.9953716554422246,0.9168588548071372,20.26968126874563,0.600811366494091,-2.810455300133784,1.0856323742999707,-0.023534265800240123,0.9233553426170582,-0.06321456095917312,-0.12800659048902416,-0.3235156881771001,0.26267499671405525,div,-0.06192994544366301,-0.06200930181914333,-1.6912474296739532e-08,0.5980050339528102,11694,0.0,315325.0,599999.9999999999,2849999.999999998,0.6853097098136554,0.9244817685902909,1.3925010670653182,11694,0.28373585100118054,0.18397042653429302,-0.06321456095917316,0.1630210296506537,0.21075612914565112
miami_dade,7,2024,0.8157392010776716,1.564469608270819,0.5214158183483628,129159,11694,OK,0.7292852542001789,0.7292852542001789,0.8369517863905964,0.8369517863905964,0.7386549618769991,0.7386549618769991,0.893837368279716,1139342.620860231,1139342.620860231,0.2837595066674834,234434.8099121767,234434.8099121767,0.20330908016100574,0.1270077444123742,-0.055359854991006055,-0.2122822436204478,-0.1847181399313667,0.6114884742508218,0.9269053867374849,0.9994323829545236,0.92766648032263,20.456272780619692,0.6118619245796307,-0.5743612091584517,1.0773617503210144,-0.015009198416277698,0.9335184390509815,-0.05935748110602703,-0.12019618045447512,-0.30294020584043624,0.2508833822129044,div,-0.055359854991006055,-0.05541651324481822,-1.5459122255559716e-08,0.6114884742508218,11694,0.0,315325.0,599999.9999999999,2849999.999999998,0.6853629334954158,0.9269053867374849,1.401614689024165,11694,0.2837595066674834,0.18402557909877856,-0.05935748110602706,0.16304821360940353,0.21176147569286521
miami_dade,7,2024,1.1838704624751253,2.270492034984965,0.5214158183483628,129159,11694,OK,0.7255261683852923,0.7255261683852923,0.836550497067278,0.836550497067278,0.7350259817758353,0.7350259817758353,0.8935760840270299,1147225.6809478714,1147225.6809478714,0.28410848222766677,237119.25414568387,237119.25414568387,0.20455547532021065,0.1267327007341862,-0.04699296804250177,-0.20249095617393828,-0.17781612618609893,0.6171033605979656,0.9294355198357134,1.004890605963171,0.9434117582208594,20.67730192864673,0.6141262980245682,1.8649801555278251,1.0651665057241304,-0.006959396931958062,0.9483732031654555,-0.0553225704180539,-0.1120256711246905,-0.2811018679170985,0.23964521669891167,div,-0.04699296804250177,-0.047027606085019616,-1.3243183580568214e-08,0.6171033605979656,11694,0.0,315325.0,599999.9999999999,2849999.999999998,0.6883492621379516,0.9294355198357134,1.4103246241312695,11694,0.28410848222766677,0.1838484118261499,-0.055322570418053926,0.16344950293272204,0.21478685579275764
miami_dade,7,2024,1.7181340188990342,3.2951321353107335,0.5214158183483628,129159,11694,OK,0.7384209914034194,0.7384209914034194,0.8364951648736465,0.8364951648736465,0.7474745020930613,0.7474745020930613,0.893540056577451,1119953.090243063,1119953.090243063,0.2841565674620992,238069.93563120617,238069.93563120617,0.20582146856328642,0.12738607588178508,-0.041793354617073404,-0.19295052477805952,-0.17022889250981124,0.6199828947678651,0.933006582343055,1.0100341233035806,0.9551025710335453,20.87618558339988,0.6138499588804736,3.849044687772225,1.057513772798865,0.00022686458066449198,0.9581662522005133,-0.05126861564656285,-0.10381659839806931,-0.2597306009934163,0.23047013980033076,div,-0.041793354617073404,-0.0418177134185587,-1.183282800170322e-08,0.6199828947678651,11694,0.0,315325.0,599999.9999999999,2849999.999999998,0.6920924209786401,0.933006582343055,1.4325388674391129,11694,0.2841565674620992,0.18400967019068046,-0.05126861564656288,0.16350483512635344,0.21750117581828235
miami_dade,7,2024,2.4935029637671793,4.782177440771938,0.5214158183483628,129159,11694,OK,0.7354708726843704,0.7354708726843704,0.8357350984141669,0.8357350984141669,0.7446264899287467,0.7446264899287467,0.8930451682629185,1126250.8643813229,1126250.8643813229,0.2848162649558032,241686.80178371412,241686.80178371412,0.2077232588741172,0.12787828933769352,-0.03504179029962053,-0.18081992346956924,-0.16200751649055303,0.6296240105255702,0.9367299446963182,1.0153945798177937,0.9686207964588917,21.121069378471244,0.6201046820437052,6.769069057862439,1.0482890554589566,0.008718496398082266,0.9695604782390275,-0.04686495040303837,-0.09489937798357258,-0.2362795136618033,0.22160888340999124,div,-0.03504179029962053,-0.035056143797067375,-1.0075559684788202e-08,0.6296240105255702,11694,0.0,315325.0,599999.9999999999,2849999.999999998,0.6914385511489304,0.9367299446963182,1.439506984127804,11694,0.2848162649558032,0.1847260019248313,-0.0468649504030384,0.16426490158583312,0.2173013413776009
miami_dade,7,2024,3.618784659359615,6.940304708864569,0.5214158183483628,129159,11694,OK,0.703658118799442,0.703658118799442,0.834365991947419,0.834365991947419,0.7139148072226923,0.7139148072226923,0.8921537267537007,1192051.186789253,1192051.186789253,0.2860007378231634,250227.32372955114,250227.32372955114,0.21059133084183598,0.12965235689885496,-0.02642871375556028,-0.1634080651441575,-0.1516360974636675,0.6521109744436755,0.939745696241545,1.021259966005552,0.9847230010728216,21.478212709175587,0.6385630302064259,9.7772300015375,1.0371037996400252,0.019817371768235337,0.9832493798754339,-0.042249902210780746,-0.08555411677998737,-0.21164331386928079,0.2173917957161695,div,-0.02642871375556028,-0.026434869617716072,-7.870442466798652e-09,0.6521109744436755,11694,0.0,315325.0,599999.9999999999,2849999.999999998,0.6936619840124257,0.939745696241545,1.4561240833575453,11694,0.2860007378231634,0.18614418510766456,-0.04224990221078077,0.165634008052581,0.21862529029801536
miami_dade,7,2024,5.2518896512686215,10.072363488903179,0.5214158183483628,129159,11694,OK,0.7090010674136802,0.7090010674136802,0.8333227935114078,0.8333227935114078,0.7190728310501415,0.7190728310501415,0.8914744878407328,1181256.1583836984,1181256.1583836984,0.2868999710867349,254371.8143355711,254371.8143355711,0.21210786695711437,0.12845048926479619,-0.01890676088500974,-0.15289001583711526,-0.14404305488406197,0.6620725706960499,0.9432998755112812,1.0267916003199322,1.0002542437762365,21.630206212741456,0.6448249873899201,11.177207479239037,1.0265306113008927,0.02773567198911909,0.9959493349908942,-0.03857119243444933,-0.07810489798099968,-0.19225317029588032,0.21638385707196203,div,-0.01890676088500974,-0.018909014207240355,-5.716422759323888e-09,0.6620725706960499,11694,0.0,315325.0,599999.9999999999,2849999.999999998,0.691426329243463,0.9432998755112812,1.4853982385878781,11694,0.2868999710867349,0.18616704382129987,-0.03857119243444935,0.1666772064885922,0.2209740738629975
miami_dade,7,2024,7.621991222319222,14.617874936097351,0.5214158183483628,129159,11694,OK,0.696413904932758,0.696413904932758,0.8309673779494537,0.8309673779494537,0.7069213228317104,0.7069213228317104,0.8899408487451766,1206533.3357984896,1206533.3357984896,0.28892003720522647,259929.64686119757,259929.64686119757,0.21531603260154253,0.1309696893554642,-0.01327272424056125,-0.14444388680306905,-0.13626166122420763,0.6629288370726076,0.9452904822398481,1.0320784310534283,1.0134248630592735,22.04681823957875,0.6423515536914827,13.839737564984183,1.0184064637390526,0.03528219166463486,1.0062466202074878,-0.034608209351768136,-0.07008003875738929,-0.17104545516790765,0.21416001971201348,div,-0.01327272424056125,-0.013273503720365485,-4.018172663460453e-09,0.6629288370726076,11694,0.0,315325.0,599999.9999999999,2849999.999999998,0.696013947520097,0.9452904822398481,1.5020354576576016,11694,0.28892003720522647,0.1881151844541935,-0.03460820935176815,0.1690326220505463,0.22163529362042053
miami_dade,7,2024,11.061685231539125,21.214709723571733,0.5214158183483628,129159,11694,OK,0.6658672131304102,0.6658672131304102,0.8294933660296797,0.8294933660296797,0.6774318825353207,0.6774318825353207,0.8889811020473983,1265779.1398949306,1265779.1398949306,0.29017703472964124,266031.91113070317,266031.91113070317,0.21762543860361508,0.13127411162517935,-0.0084506638506227,-0.1329298247314266,-0.13054612485360406,0.69013483700566,0.9503800550267854,1.0374955266693098,1.0251315063717248,22.284155510456912,0.6652215158826308,16.124859763444615,1.0120609114252523,0.042584018051705315,1.0142588608980312,-0.03177297483677558,-0.06433881872842484,-0.15616627580002276,0.21427933195108584,div,-0.0084506638506227,-0.008450865023688664,-2.663338637722954e-09,0.69013483700566,11694,0.0,315325.0,599999.9999999999,2849999.999999998,0.6983951755719409,0.9503800550267854,1.5192155934719316,11694,0.29017703472964124,0.18909081060879926,-0.031772974836775596,0.1705066339703203,0.22261513175326572
miami_dade,7,2024,16.05366322167172,30.78860030085646,0.5214158183483628,129159,11694,OK,0.6691319378077316,0.6691319378077316,0.8256603354116416,0.8256603354116416,0.6805836118315394,0.6805836118315394,0.8864853702091449,1259580.1609626492,1259580.1609626492,0.29342053255732786,271337.4486307905,271337.4486307905,0.2212562418659723,0.13250042042845833,-0.00469835059408737,-0.12427136863575844,-0.12503545077655215,0.7070570887405251,0.9514209799714582,1.040339993042442,1.0332973636675196,22.665552897709826,0.6796694609711431,17.400044562348533,1.006815685031776,0.05010747956738605,1.021069885977665,-0.02921667282475627,-0.05916242424187354,-0.1419628896446146,0.21676448758730274,div,-0.00469835059408737,-0.004698385165789338,-1.5170556561653766e-09,0.7070570887405251,11694,0.0,315325.0,599999.9999999999,2849999.999999998,0.6965294384847134,0.9514209799714582,1.537621331071225,11694,0.29342053255732786,0.19160820784177351,-0.02921667282475628,0.1743396645883583,0.22143093106649714
miami_dade,7,2024,23.298448422672752,44.683048735408406,0.5214158183483628,129159,11694,OK,0.6300450881098054,0.6300450881098054,0.8220866640165329,0.8220866640165329,0.64284959703219,0.64284959703219,0.8841585102466242,1331903.5811161825,1331903.5811161825,0.29641259224647426,279959.6066572996,279959.6066572996,0.22508430302591603,0.1337059738548383,0.0026668540108461883,-0.11150603158559756,-0.11719309573535988,0.738577485498366,0.9513166559495665,1.0444499518320032,1.0486256609599804,23.092151474795518,0.7071751648446676,19.433088737239096,0.9960179220445983,0.06085559410760217,1.0340772478688536,-0.02580002557417878,-0.05224387005413528,-0.12403266656378016,0.21789219660230819,div,0.0026668540108461883,0.0026668603331931407,8.994912004960972e-10,0.738577485498366,11694,0.0,315325.0,599999.9999999999,2849999.999999998,0.6950186372126126,0.9513166559495665,1.5523178238461934,11694,0.29641259224647426,0.19385841965741518,-0.025800025574178796,0.17791333598346715,0.22002889012103843
miami_dade,7,2024,33.81270003043063,64.84786007746327,0.5214158183483628,129159,11694,OK,0.6118145376968038,0.6118145376968038,0.817899871152453,0.817899871152453,0.6252500241732655,0.6252500241732655,0.8814324396011449,1364325.577668297,1364325.577668297,0.29988001540790454,285285.5966100918,285285.5966100918,0.2297881075535426,0.1360391364087024,0.0031625212232573394,-0.10547217314260124,-0.11305609913777485,0.7532662341967585,0.9523254463866018,1.0477114190974004,1.0527617156554165,23.61758340385996,0.7189942095818902,21.744848229601445,0.9952028113457071,0.06634235660557139,1.0353419558253778,-0.02403261537266603,-0.048664945349789344,-0.11415958148368792,0.2185299917239903,div,0.0031625212232573394,0.0031625317666819624,1.0878864342815366e-09,0.7532662341967585,11694,0.0,315325.0,599999.9999999999,2849999.999999998,0.6903029847910304,0.9523254463866018,1.581294478012857,11694,0.29988001540790454,0.1978645070178882,-0.024032615372666034,0.182100128847547,0.21338538266362211
miami_dade,7,2024,49.071880779635485,94.11275809597726,0.5214158183483628,129159,11694,OK,0.5810509864679625,0.5810509864679625,0.8107281124479645,0.8107281124479645,0.5955512301716801,0.5955512301716801,0.8767628221838374,1417356.0889830382,1417356.0889830382,0.3057281684560441,295334.4600862157,295334.4600862157,0.23663839499668057,0.1400112764106613,0.0033344716632759475,-0.09426056718346153,-0.11264221045736848,0.8397761061087583,0.9508132244186862,1.050353705627717,1.0562901373455913,24.36598635536778,0.7995516274121734,21.428520045757644,0.9943799231783114,0.07730721727150418,1.036762177869561,-0.02387359220098866,-0.048342930710973495,-0.11123610211707635,0.21719576669947518,div,0.0033344716632759475,0.0033344840216898357,1.2787691692406725e-09,0.8397761061087583,11694,0.0,315325.0,599999.9999999999,2849999.999999998,0.6826102914515166,0.9508132244186862,1.5992323307464351,11694,0.3057281684560441,0.20312027374227237,-0.023873592200988666,0.18927188755203547,0.20693824673972888
miami_dade,7,2024,71.21730832153513,136.58447982480305,0.5214158183483628,129159,11694,OK,0.575687306049324,0.575687306049324,0.8009764045064847,0.8009764045064847,0.5903731920882829,0.5903731920882829,0.8704133691238047,1426400.229267495,1426400.229267495,0.3135051517252699,301782.461046523,301782.461046523,0.2454698631194351,0.149227520399081,0.00011680651045338215,-0.0905046469525503,-0.11454740531959647,0.8894197635066622,0.9493840602555896,1.0523687385873806,1.052588984956414,25.320381996604684,0.8451959491246159,24.563431292295917,0.999790757482568,0.0834129839726526,1.0311640269638094,-0.024296853282081022,-0.04920001501331206,-0.11040847387893107,0.21005480115740066,div,0.00011680651045338215,0.00011680651098460885,4.744335987362562e-11,0.8894197635066622,11694,0.0,315325.0,599999.9999999999,2849999.999999998,0.6710926666399752,0.9493840602555896,1.6172312359675314,11694,0.3135051517252699,0.2113883246177608,-0.024296853282081036,0.19902359549351528,0.19766348765596886
miami_dade,7,2024,103.35664588322452,198.22307311392493,0.5214158183483628,129159,11694,OK,0.4837255218671078,0.4837255218671078,0.7764790646685507,0.7764790646685507,0.5015942970858949,0.5015942970858949,0.8544628597022698,1573398.4423628228,1573398.4423628228,0.33223968090700984,332133.26696680486,332133.26696680486,0.26402583202042107,0.16299458680119258,0.0067500691658969846,-0.09119116812118895,-0.10476238288258996,0.807318653554898,0.9491408648472343,1.0603170099972186,1.0718698336000174,27.31012832439656,0.761426221267532,29.91477008062992,0.989221803580387,0.09454231985909031,1.0442445072938908,-0.022486243376200928,-0.045533612886323446,-0.09638169497934751,0.20144823278073049,div,0.0067500691658969846,0.006750171687476144,2.4885984279837407e-09,0.807318653554898,11694,0.0,315325.0,599999.9999999999,2849999.999999998,0.647678010627533,0.9491408648472343,1.6753670036073258,11694,0.33223968090700984,0.22836239583190193,-0.022486243376200938,0.22352093533144932,0.1778002591063306
miami_dade,7,2024,150.0,287.67826890089395,0.5214158183483628,129159,11694,OK,-0.7572144235075235,-0.7572144235075235,0.6548246012234058,0.6548246012234058,-0.6963954776273746,-0.6963954776273746,0.7752521911892429,2902757.5771920765,2902757.5771920765,0.4128690382105989,471450.1748071947,471450.1748071947,0.3453948062596451,0.20459868420193578,0.036830785282012814,-0.04870894876119761,-0.058822456757389716,0.8486464529730184,0.9487468448666716,1.1014037379529988,1.167666984649829,36.025003998743784,0.7705464505033306,41.87818249322084,0.9432515883655802,0.19332177619796392,1.1008104308559359,-0.01724741623920597,-0.03492522789095493,-0.05946177364766657,0.19416490704443537,div,0.036830785282012814,0.036847452585916735,1.427379290400446e-08,0.8486464529730184,11694,0.0,315325.0,599999.9999999999,2849999.999999998,0.567209300732964,0.9487468448666716,1.9936419872565492,11694,0.4128690382105989,0.29179075694794754,-0.017247416239205973,0.34517539877659414,0.12000801623493293
