county_key,fold,validation_year,rho_tilde,raw_rho,Var_training_y,base_cov_val,achieved_first_order_reduction,n_train,n_val,R2_price,R2,R2_log,R2 (log),OOS_R2_price,OOS R2,OOS_R2_log,RMSE_price,RMSE,RMSE_log,MAE_price,MAE,MAPE,MdAPE,"Corr(r,price)","Corr(r,logprice)",Slope(r~logy),Std ratio,Median ratio,Mean ratio,W. Mean ratio,COD,COV_IAAO,VEI,PRD,PRB,MKI,Cov_log_residual_log_price,Beta_log,Corr_log_residual_log_price,dCor_e_y,fairness_ratio_mode,"Corr(r,y)_price","FisherZ(r,y)_price",Slope(r~y)_price,Std(r),val_rows,small_abs_y_share,y_q05,y_q50,y_q95,r_q05,r_q50,r_q95,N,RMSE (log),MAE (log),"Cov(e,logprice)",NMSE,Delta_NL
miami_dade,1,2018,0.001,0.002110048561946643,0.47392274189056655,-0.03883491757523367,0.010649520930759548,31510,15907,0.7238351381317116,0.7238351381317116,0.8303173918361126,0.8303173918361126,0.7248597167047441,0.7248597167047441,0.8370656876565092,428382.5963472859,428382.5963472859,0.2689288216828248,97023.93482658251,97023.93482658251,0.19138846806046947,0.13281976804995027,-0.07827234982542249,-0.20908806415641737,-0.11587704239179522,0.3618152298697405,0.9191419723180334,0.9730517297972113,0.925109055754851,18.93322440894217,0.37184724322097856,2.35651069696851,1.0518238079544482,-0.0028698586593921276,0.9486473479987898,-0.03842134430767189,-0.09014366039756778,-0.22574908678722116,0.22933325227051832,div,-0.07827234982542249,-0.07843278676432335,-3.474142330701307e-08,0.3618152298697405,15907,0.0,139999.9999999999,337589.99999999977,1199999.9999999998,0.6589267790801057,0.9191419723180334,1.406617218042119,15907,0.2689288216828248,0.18780070906223514,-0.0384213443076719,0.1696826081638874,0.1263740966465211
miami_dade,1,2018,0.001451285485497223,0.003062282851647451,0.47392274189056655,-0.03883491757523367,0.026022228418275173,31510,15907,0.7300300838607693,0.7300300838607693,0.830403060677231,0.830403060677231,0.7310316790295694,0.7310316790295694,0.8371479494384794,423550.59345344006,423550.59345344006,0.2688609251275354,96637.98517162549,96637.98517162549,0.1916058730807808,0.13276181016926245,-0.07654664209940691,-0.2066892064812153,-0.11462893284722565,0.36207216166010553,0.9181860780560556,0.973057431875466,0.9261384783840036,18.956129196377084,0.3721091183748795,3.1947478105980167,1.0506608402377688,-0.0019480565178908176,0.9504318963982901,-0.03782434647948605,-0.08874299182514295,-0.22229413450486568,0.22924144235331503,div,-0.07654664209940691,-0.0766966754184605,-3.399958923710999e-08,0.36207216166010553,15907,0.0,139999.9999999999,337589.99999999977,1199999.9999999998,0.6607451602236327,0.9181860780560556,1.4092694839432933,15907,0.2688609251275354,0.18799004770956476,-0.03782434647948605,0.16959693932276892,0.12748708324713232
miami_dade,1,2018,0.00210622956041491,0.004444246655082991,0.47392274189056655,-0.03883491757523367,0.0056325083836045176,31510,15907,0.7243610910974699,0.7243610910974699,0.8297577259940564,0.8297577259940564,0.7253837183717908,0.7253837183717908,0.8365282797859896,427974.47694995237,427974.47694995237,0.2693719618900995,96935.50488164209,96935.50488164209,0.191697512527946,0.13289865195469402,-0.07892344194446188,-0.20906952945740398,-0.11656998072139799,0.3640111329305569,0.9191846820063384,0.9728262472610395,0.9241913815279033,18.95594966921244,0.37419074202472435,2.5883311772312787,1.052624236392176,-0.0028942323612725623,0.9474410667597637,-0.03861617957641457,-0.0906007803816674,-0.22658275392500105,0.229611211920996,div,-0.07892344194446188,-0.0790879261150901,-3.524301661650573e-08,0.3640111329305569,15907,0.0,139999.9999999999,337589.99999999977,1199999.9999999998,0.660022449512983,0.9191846820063384,1.4023977732157973,15907,0.2693719618900995,0.18810246413895168,-0.038616179576414576,0.1702422740059436,0.12645748462086426
miami_dade,1,2018,0.003056740390155355,0.006449870664491528,0.47392274189056655,-0.03883491757523367,0.014596784048934719,31510,15907,0.7278985298474157,0.7278985298474157,0.829833378649743,0.829833378649743,0.7289080331351363,0.7289080331351363,0.8366009237273142,425219.38292384235,425219.38292384235,0.2693121031714274,96879.46981284523,96879.46981284523,0.19193870697640086,0.133216226863789,-0.07593574713693257,-0.2074210597266518,-0.11553077347977966,0.3636331898513745,0.9184664281765273,0.9726124283899223,0.9258672497444106,18.96828622518408,0.3738844063160948,1.7526374786203638,1.050487992375166,-0.0021712878148541837,0.9504511260062258,-0.038268052669829807,-0.08978400954223151,-0.2246323492959126,0.22920952473953238,div,-0.07593574713693257,-0.0760822087136749,-3.3873664148369575e-08,0.3636331898513745,15907,0.0,139999.9999999999,337589.99999999977,1199999.9999999998,0.6594781881492942,0.9184664281765273,1.4089945831924853,15907,0.2693121031714274,0.18836417754398468,-0.038268052669829807,0.17016662135025695,0.12577607864495613
miami_dade,1,2018,0.004436202961165585,0.009360603678710881,0.47392274189056655,-0.03883491757523367,0.026274532759211544,31510,15907,0.7305932211662244,0.7305932211662244,0.8297217543606623,0.8297217543606623,0.7315927270814788,0.7315927270814788,0.8364937387483761,423108.61522209883,423108.61522209883,0.2694004190923936,96397.26173177772,96397.26173177772,0.19194247326076713,0.13240768177390777,-0.07587481858520362,-0.20533741738863853,-0.11492319567227142,0.3653913668311492,0.918175111635181,0.9731725094972259,0.9262390048299046,19.004549038846637,0.3754759295447377,3.43600462389453,1.05067105188033,-0.0011796916094931635,0.9504763775131149,-0.0378145482612019,-0.08872000337230707,-0.22179423671124449,0.2277264295833927,div,-0.07587481858520362,-0.07602092708093805,-3.401013367523836e-08,0.3653913668311492,15907,0.0,139999.9999999999,337589.99999999977,1199999.9999999998,0.6591038413780693,0.918175111635181,1.4045049898807465,15907,0.2694004190923936,0.18819981419437293,-0.03781454826120191,0.17027824563933774,0.12712929368270978
miami_dade,1,2018,0.006438196968259414,0.013584908254405012,0.47392274189056655,-0.03883491757523367,0.023974031153199515,31510,15907,0.7270639278722622,0.7270639278722622,0.8296018354027187,0.8296018354027187,0.7280765275542707,0.7280765275542707,0.8363785889804599,425871.0097238581,425871.0097238581,0.26949526541721486,96955.53047487848,96955.53047487848,0.1921007355701037,0.13289666732205846,-0.07571942030468597,-0.20569420670491928,-0.11464115755531003,0.36386240516460183,0.9184465900581149,0.972703119393865,0.9260617273060896,18.973277874112917,0.3740852019775482,2.562222681659524,1.0503653166009301,-0.0012967513770373415,0.9510690520190529,-0.03790388805145308,-0.088929611231103,-0.2223286480224076,0.22948978109605395,div,-0.07571942030468597,-0.07586463084645394,-3.3798455728982685e-08,0.36386240516460183,15907,0.0,139999.9999999999,337589.99999999977,1199999.9999999998,0.6597002126282168,0.9184465900581149,1.4073694619597488,15907,0.26949526541721486,0.18847206686330095,-0.03790388805145308,0.17039816459728133,0.12817254850521864
miami_dade,1,2018,0.009343661812807113,0.019715580171429412,0.47392274189056655,-0.03883491757523367,0.037452907469633145,31510,15907,0.7334697294178881,0.7334697294178881,0.8294205720967314,0.8294205720967314,0.7344585634152894,0.7344585634152894,0.8362045345359075,420843.7471552782,420843.7471552782,0.26963856689782334,96560.71159654034,96560.71159654034,0.1919806221714724,0.1333396408686096,-0.07428696899647505,-0.20315045249019315,-0.11364548801575663,0.3652187682397571,0.9181942076583048,0.972505720007263,0.9265761093249821,18.985844718301806,0.375555887312663,3.1655327072641715,1.0495691721597926,-0.0002816667723942602,0.9519713031045688,-0.037380437000697604,-0.08770149715533836,-0.21918784476870354,0.22651922390925,div,-0.07428696899647505,-0.07442407547203742,-3.328266682891996e-08,0.3652187682397571,15907,0.0,139999.9999999999,337589.99999999977,1199999.9999999998,0.6572439832867625,0.9181942076583048,1.4079187192165876,15907,0.26963856689782334,0.18844721625985247,-0.03738043700069761,0.1705794279032687,0.12578460373725003
miami_dade,1,2018,0.013560320770321632,0.028612935340952352,0.47392274189056655,-0.03883491757523367,0.05456230846951915,31510,15907,0.7296213504146116,0.7296213504146116,0.8297628046722,0.8297628046722,0.7306244619947618,0.7306244619947618,0.8365331564845498,423871.09919760533,423871.09919760533,0.2693679438995432,96730.54592347988,96730.54592347988,0.19178169106931198,0.13276340138947898,-0.07200096106005353,-0.20044856269264058,-0.11157452155438113,0.3633965251277819,0.9185240802525881,0.9726752997933522,0.9283811773968036,18.963055362191138,0.37361691849116896,3.8661105095184793,1.0477111379193944,0.0009255713991367048,0.9548133441512107,-0.03671599482310542,-0.0861425915238472,-0.2154627981813977,0.22605095299676073,div,-0.07200096106005353,-0.07212577049049139,-3.209751827425156e-08,0.3633965251277819,15907,0.0,139999.9999999999,337589.99999999977,1199999.9999999998,0.660151613369017,0.9185240802525881,1.406986182209479,15907,0.2693679438995432,0.18824378786771387,-0.03671599482310542,0.17023719532780002,0.12547054744398023
miami_dade,1,2018,0.019679896712654306,0.04152553775779468,0.47392274189056655,-0.03883491757523367,0.08219405055995965,31510,15907,0.7426469065591681,0.7426469065591681,0.8293130766585559,0.8293130766585559,0.743601692998903,0.743601692998903,0.8361013142030244,413535.03122224926,413535.03122224926,0.2697235136914565,96590.60804456516,96590.60804456516,0.19239013771100882,0.13352844337106803,-0.06781204662936915,-0.19511415163201856,-0.10981057051169155,0.36742953355196434,0.9180672070696747,0.9725980612324271,0.9304179276048485,19.026805745703914,0.377793353745922,3.4477493736994385,1.045334609723355,0.003335366440952003,0.9586495746462156,-0.035642918396563035,-0.08362495350992802,-0.20893725784514727,0.22328371951743808,div,-0.06781204662936915,-0.0679162783351826,-3.056562669423253e-08,0.36742953355196434,15907,0.0,139999.9999999999,337589.99999999977,1199999.9999999998,0.658938819404045,0.9180672070696747,1.4034306676672472,15907,0.2697235136914565,0.1886853755629393,-0.03564291839656305,0.17068692334144403,0.12581247183223476
miami_dade,1,2018,0.028561148455159703,0.06026541022535432,0.47392274189056655,-0.03883491757523367,0.08568763977359273,31510,15907,0.7371984480380345,0.7371984480380345,0.8281353745354992,0.8281353745354992,0.7381734483957133,0.7381734483957133,0.8349704494217594,417889.60823585885,417889.60823585885,0.2706524304917413,97062.31049572345,97062.31049572345,0.19301408641159482,0.13380601206225737,-0.06706503711575174,-0.19332596772907112,-0.10901497559858801,0.3681413941009241,0.9183286714514571,0.9725931123848388,0.930796810270963,19.09562990160431,0.3785272192836833,3.834873264324314,1.0449037874353142,0.004366653582063918,0.9593744606985599,-0.035507245147409876,-0.08330663868994774,-0.207427198681364,0.22290057561220744,div,-0.06706503711575174,-0.06716585589710374,-3.028748507275402e-08,0.3681413941009241,15907,0.0,139999.9999999999,337589.99999999977,1199999.9999999998,0.6575390406132009,0.9183286714514571,1.41001606082334,15907,0.2706524304917413,0.18938136628237773,-0.03550724514740988,0.17186462546450076,0.12557427815670258
miami_dade,1,2018,0.04145038020210471,0.08746231513759264,0.47392274189056655,-0.03883491757523367,0.11838508099965417,31510,15907,0.7385467242507212,0.7385467242507212,0.8275485249280272,0.8275485249280272,0.7395167224697909,0.7395167224697909,0.8344069388871374,416816.2600583704,416816.2600583704,0.27111412211629976,97328.41538568655,97328.41538568655,0.1933298754131066,0.13430484823604252,-0.0639384665919574,-0.18713093699992203,-0.10608456704991233,0.37010529593753383,0.9180541427414609,0.9722964152877925,0.9322360823848496,19.137172825451344,0.38066264986301207,4.349395082383196,1.042972304612433,0.007149763766715972,0.9623920716505378,-0.03423744271247474,-0.08032744466305,-0.1997364203080686,0.21937738919077748,div,-0.0639384665919574,-0.06402581047075655,-2.9029523509082577e-08,0.37010529593753383,15907,0.0,139999.9999999999,337589.99999999977,1199999.9999999998,0.6567294195400885,0.9180541427414609,1.4064465595285955,15907,0.27111412211629976,0.1897305488919674,-0.03423744271247474,0.17245147507197273,0.12386057814121824
miami_dade,1,2018,0.060156335155656014,0.12693278848717227,0.47392274189056655,-0.03883491757523367,0.1599254590633543,31510,15907,0.7533600294352745,0.7533600294352745,0.8264113873466816,0.8264113873466816,0.7542750699200937,0.7542750699200937,0.8333150253913385,404836.199085075,404836.199085075,0.2720065108484131,97083.70033570087,97083.70033570087,0.1940761052330195,0.13507021907722166,-0.05886098073628326,-0.17998840842810557,-0.10263475472895318,0.37227904881702906,0.9164390708390424,0.9710704192536802,0.933974757113542,19.194054826110996,0.3833818266151376,4.55918740662076,1.0397180564652333,0.010373159314255021,0.967403736652928,-0.0326242255543269,-0.07654253546031367,-0.18993411567265908,0.21595350033167396,div,-0.05886098073628326,-0.05892909927512933,-2.6881189399777235e-08,0.37227904881702906,15907,0.0,139999.9999999999,337589.99999999977,1199999.9999999998,0.653908653502377,0.9164390708390424,1.4028039261303453,15907,0.2720065108484131,0.1907162208954604,-0.0326242255543269,0.1735886126533184,0.12388690357979695
miami_dade,1,2018,0.0873040160721099,0.1842157135651221,0.47392274189056655,-0.03883491757523367,0.1962016990983303,31510,15907,0.7601902646572611,0.7601902646572611,0.8244219855040563,0.8244219855040563,0.7610799647978748,0.7610799647978748,0.8314047422768195,399191.2503516999,399191.2503516999,0.27356072765145806,97342.8989815212,97342.8989815212,0.195120481749559,0.1363576192673493,-0.05637347343727541,-0.17446438767909003,-0.09949311758743387,0.37231019826865935,0.9162561978418875,0.9699459626275053,0.9344150170904603,19.287813962963803,0.38385839611889444,6.113778932219905,1.0380248014931093,0.013184985627283818,0.9702929684942085,-0.031215440762629214,-0.07323726282802068,-0.18089409453639446,0.2118857390510964,div,-0.05637347343727541,-0.05643330527273701,-2.5747325197385103e-08,0.37231019826865935,15907,0.0,139999.9999999999,337589.99999999977,1199999.9999999998,0.6498793926967138,0.9162561978418875,1.40175576022817,15907,0.27356072765145806,0.19212764051043468,-0.031215440762629214,0.17557801449594368,0.12303663554127546
miami_dade,1,2018,0.12670305135106935,0.2673495912975756,0.47392274189056655,-0.03883491757523367,0.24450644716759629,31510,15907,0.7474065383685591,0.7474065383685591,0.8227266058919637,0.8227266058919637,0.7483436664547494,0.7483436664547494,0.8297767880966793,409693.1107782969,409693.1107782969,0.27487830453717854,97980.63126997942,97980.63126997942,0.19600703497111066,0.1371304618641896,-0.05290346267514726,-0.1650364549397874,-0.09432216364025033,0.37312345627850463,0.9154940994700127,0.9694981864619527,0.9360814765792854,19.385443333927416,0.38487455708591206,7.085231899649564,1.0356985056522876,0.017562603416238907,0.974233706916922,-0.02933952985286684,-0.06883602494754532,-0.16927572661838158,0.20845295353546903,div,-0.05290346267514726,-0.05295290070829152,-2.421525471306823e-08,0.37312345627850463,15907,0.0,139999.9999999999,337589.99999999977,1199999.9999999998,0.6481623471326813,0.9154940994700127,1.4126859157881073,15907,0.27487830453717854,0.19324940945536406,-0.029339529852866843,0.17727339410803633,0.12306333280931796
miami_dade,1,2018,0.18388229939401626,0.38800058140378607,0.47392274189056655,-0.03883491757523367,0.3083178827582458,31510,15907,0.7521397442337823,0.7521397442337823,0.8196545708824168,0.8196545708824168,0.7530593120073448,0.7530593120073448,0.8268269282542834,405836.4547939225,405836.4547939225,0.2772498074779199,98851.9632618074,98851.9632618074,0.19721184842802755,0.13764357786990042,-0.048050280837746116,-0.15457607152422018,-0.08831434569049557,0.37299900509733297,0.9140264196794231,0.9669459805188393,0.9366049280453637,19.494641653006965,0.3857617049266782,8.89386386200508,1.0323947179487893,0.022362836592763176,0.9795394064763124,-0.02686141801134663,-0.0630219110404329,-0.15402591855327713,0.20303630677006296,div,-0.048050280837746116,-0.048087312119091244,-2.198649467549418e-08,0.37299900509733297,15907,0.0,139999.9999999999,337589.99999999977,1199999.9999999998,0.6407289057570524,0.9140264196794231,1.4122647998756424,15907,0.2772498074779199,0.1952983102624511,-0.026861418011346637,0.18034542911758322,0.12082660060890522
miami_dade,1,2018,0.26686571215039057,0.5630996121557984,0.47392274189056655,-0.03883491757523367,0.3750336917927163,31510,15907,0.7601486122311387,0.7601486122311387,0.8156958174764433,0.8156958174764433,0.7610384669032993,0.7610384669032993,0.8230256149027302,399225.9165050711,399225.9165050711,0.2802762376394806,99447.28818710656,99447.28818710656,0.19933073560594847,0.13959858500887318,-0.04435972079011105,-0.14277583133105104,-0.08192186295826022,0.37459657807322866,0.9128559819174926,0.9647607287313081,0.9366300864865488,19.694678882908967,0.3882914613490413,10.280063287743612,1.030033887070916,0.027847815807085934,0.9837468870849924,-0.024270515066527946,-0.056943168107584555,-0.13795789943911252,0.1987019676199919,div,-0.04435972079011105,-0.04438885198740084,-2.038473175817843e-08,0.37459657807322866,15907,0.0,139999.9999999999,337589.99999999977,1199999.9999999998,0.6351494156885626,0.9128559819174926,1.4106907922179992,15907,0.2802762376394806,0.19820508723681998,-0.024270515066527946,0.18430418252355676,0.11979560838956205
miami_dade,1,2018,0.38729833462074176,0.8172182940108259,0.47392274189056655,-0.03883491757523367,0.46024405413628977,31510,15907,0.7583961331640112,0.7583961331640112,0.8103229246596315,0.8103229246596315,0.7592924895775219,0.7592924895775219,0.817866402618835,400681.738256444,400681.738256444,0.2843322395366126,100253.51839566503,100253.51839566503,0.20218872948736488,0.14343349588530038,-0.04078130581958318,-0.1294614285862129,-0.07458499578425268,0.3761228843696276,0.9124181334765801,0.9628996194571744,0.936932849915158,20.013609661339604,0.3906271223763501,12.498330388115994,1.0277146537709376,0.03484445829193338,0.988303203923654,-0.02096137766835947,-0.04917931280255749,-0.11767224404076206,0.19416622246644533,div,-0.04078130581958318,-0.04080393640541363,-1.881669203052284e-08,0.3761228843696276,15907,0.0,139999.9999999999,337589.99999999977,1199999.9999999998,0.6262733272463777,0.9124181334765801,1.4173320283567923,15907,0.2843322395366126,0.2017238617295397,-0.020961377668359475,0.18967707534036854,0.11939165632467696
miami_dade,1,2018,0.5620804515923291,1.1860170485807138,0.47392274189056655,-0.03883491757523367,0.5544717315870751,31510,15907,0.7578936458052559,0.7578936458052559,0.8025713635308023,0.8025713635308023,0.7587918664594869,0.7587918664594869,0.8104231219209425,401098.190472943,401098.190472943,0.29008398744425024,101625.12331461023,101625.12331461023,0.20602954797085835,0.1470971479945895,-0.034139407432417286,-0.11468850359524171,-0.06641045623346628,0.378037829494125,0.9075850394420493,0.9582649648768979,0.9364166333336255,20.412350526577917,0.39451480191978033,15.243745528917929,1.0233318490568593,0.042503318864604366,0.9963320066326392,-0.017302053581252523,-0.04059385402341368,-0.09565397375076745,0.19345562836949748,div,-0.034139407432417286,-0.034152679865058606,-1.5832286159635142e-08,0.378037829494125,15907,0.0,139999.9999999999,337589.99999999977,1199999.9999999998,0.6170208604945696,0.9075850394420493,1.4149934598280647,15907,0.29008398744425024,0.20701147030603273,-0.017302053581252523,0.19742863646919778,0.12069390752395133
miami_dade,1,2018,0.8157392010776716,1.7212493281574444,0.47392274189056655,-0.03883491757523367,0.6601574730404791,31510,15907,0.757518293319604,0.757518293319604,0.7940274453502559,0.7940274453502559,0.7584179065409833,0.7584179065409833,0.8022189962976387,401408.9937467463,401408.9937467463,0.29629434398975285,102894.48659178911,102894.48659178911,0.2105415094784906,0.1508253516606989,-0.02917702230235926,-0.09820141192471918,-0.05740683740071376,0.38164939058959996,0.9039513712972105,0.955127653685537,0.9362767324672634,20.908016626055012,0.3995920188828341,17.805129818370617,1.020133920415386,0.051299871899549876,1.002899030065155,-0.013197756523032116,-0.030964405422546252,-0.07166243896248244,0.19573391009534605,div,-0.02917702230235926,-0.029185305986946727,-1.36602274873641e-08,0.38164939058959996,15907,0.0,139999.9999999999,337589.99999999977,1199999.9999999998,0.6065222009470366,0.9039513712972105,1.4229129191636487,15907,0.29629434398975285,0.2127417260722474,-0.013197756523032119,0.20597255464974404,0.12287048380704245
miami_dade,1,2018,1.1838704624751253,2.4980241668767453,0.47392274189056655,-0.03883491757523367,0.756482794944104,31510,15907,0.7522405212639696,0.7522405212639696,0.784272866489984,0.784272866489984,0.7531597151522191,0.7531597151522191,0.792852358101792,405753.94226960576,405753.94226960576,0.30322923472630625,104548.37020281643,104548.37020281643,0.21549336060875804,0.15669158691315105,-0.023426951658637788,-0.08333038591330974,-0.0489889748873275,0.3838076635860458,0.8999342693872762,0.9504943488888675,0.9352728836096778,21.430239198498384,0.4038106367657136,19.069056791588217,1.0162748921153821,0.0594559207959173,1.0103702663949292,-0.009456970586496995,-0.02218782190733368,-0.05041986279038752,0.20154008444527616,div,-0.023426951658637788,-0.02343123881311164,-1.1030160064707272e-08,0.3838076635860458,15907,0.0,139999.9999999999,337589.99999999977,1199999.9999999998,0.5935804608663476,0.8999342693872762,1.4239110608114935,15907,0.30322923472630625,0.21930502768250396,-0.009456970586497,0.21572713351001604,0.12514151985047225
miami_dade,1,2018,1.7181340188990342,3.6253462158095133,0.47392274189056655,-0.03883491757523367,0.8808689189021512,31510,15907,0.7535518595844406,0.7535518595844406,0.7718467445123308,0.7718467445123308,0.7544661883745888,0.7544661883745888,0.7809204243495139,404678.73293188785,404678.73293188785,0.311840141258075,107023.0543317652,107023.0543317652,0.22209740559371877,0.16418808856663628,-0.013956435484493018,-0.06167891882562655,-0.037316380479138885,0.39498576446220707,0.8935993038236636,0.9453723537821113,0.9360401762122132,22.16925526130321,0.41782285988946266,21.92641901680951,1.0099698472427345,0.07201013988483494,1.022237205732443,-0.004626445715083431,-0.01085450701694966,-0.024120897882327283,0.21304834230053868,div,-0.013956435484493018,-0.013957341744973569,-6.7625166473941905e-09,0.39498576446220707,15907,0.0,139999.9999999999,337589.99999999977,1199999.9999999998,0.5796321596057172,0.8935993038236636,1.433543448454493,15907,0.311840141258075,0.22758275703786301,-0.004626445715083436,0.22815325548766918,0.12981878655081322
miami_dade,1,2018,2.4935029637671793,5.261412342906629,0.47392274189056655,-0.03883491757523367,0.9785506515623205,31510,15907,0.77695800017335,0.77695800017335,0.7594288136291641,0.7594288136291641,0.7777854915941003,0.7777854915941003,0.768996355931002,384982.45174046326,384982.45174046326,0.32021412737454874,108262.28261728465,108262.28261728465,0.22778992639911025,0.17113386080060292,-0.00830641418415297,-0.049197598818620236,-0.029671372348906776,0.39374260509154896,0.887919129899411,0.9391145582500772,0.933577832262727,22.779099839216084,0.41928322653524663,23.329426492626588,1.0059306528025957,0.07895397908053511,1.0303323588084026,-0.0008329836786197463,-0.0019543355183233844,-0.0042574246712671375,0.22436882750782597,div,-0.00830641418415297,-0.008306605229943307,-4.01216129687542e-09,0.39374260509154896,15907,0.0,139999.9999999999,337589.99999999977,1199999.9999999998,0.5686559977809632,0.887919129899411,1.4310963446879654,15907,0.32021412737454874,0.2356639799693287,-0.0008329836786197511,0.2405711863708358,0.13391968160811007
miami_dade,1,2018,3.618784659359615,7.635811366476328,0.47392274189056655,-0.03883491757523367,1.0698695707591308,31510,15907,0.7751132584494203,0.7751132584494203,0.746044495565945,0.746044495565945,0.7759475939082945,0.7759475939082945,0.7561443336559147,386571.2349350665,386571.2349350665,0.32900121267867066,110346.71823732986,110346.71823732986,0.2346131114002701,0.17968143251647334,-0.002868975864170746,-0.0348173750396083,-0.021283604273298593,0.3990872317810356,0.8817063761913786,0.9339698824795595,0.9320315790424032,23.57119587178748,0.42731546728597947,24.024672440618783,1.002079654252861,0.08829306541459139,1.0383271208005542,0.0027133790214478068,0.006366094717576967,0.01357406702363952,0.23738575685460978,div,-0.002868975864170746,-0.0028689837357445927,-1.404582067078929e-09,0.3990872317810356,15907,0.0,139999.9999999999,337589.99999999977,1199999.9999999998,0.5561617028421229,0.8817063761913786,1.430454581246254,15907,0.32900121267867066,0.24449798608137321,0.0027133790214478024,0.253955504434055,0.14012083339443962
miami_dade,1,2018,5.2518896512686215,11.081742206161811,0.47392274189056655,-0.03883491757523367,1.1693340802270071,31510,15907,0.7703338375984764,0.7703338375984764,0.7308264561170705,0.7308264561170705,0.7711859048287363,0.7711859048287363,0.7415315172945371,390657.4542142459,390657.4542142459,0.33871534305596823,113261.54265847476,113261.54265847476,0.24185691076669855,0.18930242894237126,0.004511823266335184,-0.019013532800251233,-0.011637033107292383,0.399574840830609,0.8727495816301769,0.9273221083753599,0.9303740572377072,24.406336033406184,0.4309046420127043,25.906439890063652,0.9967196539514348,0.09771127571774246,1.048620583262378,0.006576075048293832,0.015428702107748767,0.0321850023943316,0.25147015953904683,div,0.004511823266335184,0.004511853881759867,2.2115797555319567e-09,0.399574840830609,15907,0.0,139999.9999999999,337589.99999999977,1199999.9999999998,0.5486433442942003,0.8727495816301769,1.4437083616591677,15907,0.33871534305596823,0.2543565525201979,0.006576075048293827,0.26917354388292936,0.1454885963770926
miami_dade,1,2018,7.621991222319222,16.08277161782461,0.47392274189056655,-0.03883491757523367,1.2477828981726375,31510,15907,0.7696968601180765,0.7696968601180765,0.717266809385773,0.717266809385773,0.7705512905507854,0.7705512905507854,0.7285111391916101,391198.8219502284,391198.8219502284,0.3471419355101465,115332.47039933578,115332.47039933578,0.24800729706073277,0.19844011084473817,0.009095947836460698,-0.006978305650778706,-0.004262542654064227,0.39878373227801134,0.865596473836577,0.9219638347778697,0.928104457744735,25.12645686881589,0.43255087962922456,26.827718517806836,0.9933836941352626,0.10491986071526649,1.0551224500981657,0.009622628427086903,0.022576486187395044,0.046215056082112814,0.26428520464448024,div,0.009095947836460698,0.009096198703837386,4.449772277452792e-09,0.39878373227801134,15907,0.0,139999.9999999999,337589.99999999977,1199999.9999999998,0.5379694280552615,0.865596473836577,1.445845351453471,15907,0.3471419355101465,0.26281140325466895,0.009622628427086896,0.28273319061422697,0.1483420521011269
miami_dade,1,2018,11.061685231539125,23.340693015515548,0.47392274189056655,-0.03883491757523367,1.315784149223233,31510,15907,0.7775240224863212,0.7775240224863212,0.7026375555103377,0.7026375555103377,0.7783494139500756,0.7783494139500756,0.7144636923372443,384493.64899823663,384493.64899823663,0.3560096274446343,117432.65085025903,117432.65085025903,0.25508178170922063,0.20691968991241885,0.013479676086091606,0.0017564740796940843,0.001090397154258126,0.4052860425954684,0.8554750641758812,0.9162603864425403,0.925508819167056,26.04670723262007,0.44234017799829634,27.61330870298775,0.99000719114396,0.11309213214998877,1.0629607170091775,0.012263451406649549,0.028772350859216384,0.05781111560361,0.2782947280892771,div,0.013479676086091606,0.013480492601651019,6.701831356443403e-09,0.4052860425954684,15907,0.0,139999.9999999999,337589.99999999977,1199999.9999999998,0.5325670662731836,0.8554750641758812,1.4550594621567512,15907,0.3560096274446343,0.27210404045666575,0.012263451406649542,0.29736244448966226,0.1580991930276191
miami_dade,1,2018,16.05366322167172,33.87400899486412,0.47392274189056655,-0.03883491757523367,1.390385699201195,31510,15907,0.7736729898243455,0.7736729898243455,0.6880303158468927,0.6880303158468927,0.7745126687159891,0.7745126687159891,0.7004373841872584,387807.14110549627,387807.14110549627,0.36464887673327595,119423.29205053214,119423.29205053214,0.2616406924135838,0.21592284770798859,0.0196266595693878,0.011194927396616048,0.007029784284219137,0.409958032905747,0.8496816839496156,0.9097481747661269,0.923369295047583,26.678886623162324,0.4506422007471012,28.8701057548111,0.985248458710386,0.12047561184404657,1.0721584394122465,0.015160596451028371,0.03556959503973386,0.07032021775198737,0.29154294503233624,div,0.0196266595693878,0.01962918025281271,9.87047792110336e-09,0.409958032905747,15907,0.0,139999.9999999999,337589.99999999977,1199999.9999999998,0.5245349099841253,0.8496816839496156,1.4542380051470447,15907,0.36464887673327595,0.28099057422898516,0.015160596451028368,0.3119696841531073,0.1636462921623482
miami_dade,1,2018,23.298448422672752,49.160857589848675,0.47392274189056655,-0.03883491757523367,1.4169971816485978,31510,15907,0.7751657443607631,0.7751657443607631,0.6759752804406751,0.6759752804406751,0.7759998850955881,0.7759998850955881,0.6888617788530251,386526.12172074855,386526.12172074855,0.3716274241784129,121171.38001519597,121171.38001519597,0.2660950317445902,0.22390816847083647,0.020563744994498624,0.014435213474609347,0.009147332290821103,0.41370419856803714,0.8442754291084905,0.9048983717883649,0.9193002513900772,27.23863834136016,0.4571974222968083,28.407722119392,0.9843338674389187,0.12446145630454436,1.0753364399392773,0.01619405117842804,0.03799427313628799,0.07411263295396954,0.29740683076969093,div,0.020563744994498624,0.02056664431070414,1.04362513283598e-08,0.41370419856803714,15907,0.0,139999.9999999999,337589.99999999977,1199999.9999999998,0.51532880065373,0.8442754291084905,1.450343211467196,15907,0.3716274241784129,0.2876838429864358,0.016194051178428034,0.32402471955932494,0.17109950899364695
miami_dade,1,2018,33.81270003043063,71.34643907474337,0.47392274189056655,-0.03883491757523367,1.4542461155364055,31510,15907,0.773937639021688,0.773937639021688,0.6650768663280471,0.6650768663280471,0.7747763360581632,0.7747763360581632,0.6783967958574753,387580.3390353216,387580.3390353216,0.3778254919291748,122573.92793600373,122573.92793600373,0.2711989336384387,0.23049264228980712,0.022283230682173857,0.018331802531829932,0.011723675733014551,0.41752002588131326,0.8389316946619656,0.9015444817288828,0.9172945523279629,27.85345587180275,0.4631309477733332,30.958006088633702,0.9828298657621931,0.1294864365383813,1.0789219819240197,0.017640610455726388,0.041388171777458016,0.07971778430385813,0.30508983480557006,div,0.022283230682173857,0.022286919970757785,1.1413211313880743e-08,0.41752002588131326,15907,0.0,139999.9999999999,337589.99999999977,1199999.9999999998,0.512121390481502,0.8389316946619656,1.4556923375362918,15907,0.3778254919291748,0.29409940071993546,0.017640610455726378,0.334923133671953,0.17483494798187146
miami_dade,1,2018,49.071880779635485,103.54405147108696,0.47392274189056655,-0.03883491757523367,1.482213654229611,31510,15907,0.7778512576593196,0.7778512576593196,0.6552120033084956,0.6552120033084956,0.778675435072364,0.778675435072364,0.6689242595153835,384210.77318475983,384210.77318475983,0.38334936880300624,123649.03943782639,123649.03943782639,0.27474304426616514,0.23449368013929334,0.02465226538708204,0.0219305665444212,0.014019668952681958,0.41735593236958635,0.8320209910423069,0.8973703884866968,0.9147880747367136,28.26556219650983,0.46510232226058196,30.773311134470806,0.9809598673932978,0.13331609193425978,1.0826845849708409,0.018726727515659177,0.04393640555654097,0.08381522544955969,0.3084034539732771,div,0.02465226538708204,0.024657261217058947,1.2621640805973374e-08,0.41735593236958635,15907,0.0,139999.9999999999,337589.99999999977,1199999.9999999998,0.5047084314043043,0.8320209910423069,1.449429281216519,15907,0.38334936880300624,0.2993787984481128,0.01872672751565917,0.34478799669150445,0.17645057310008208
miami_dade,1,2018,71.21730832153513,150.27197900956588,0.47392274189056655,-0.03883491757523367,1.50594222989236,31510,15907,0.7650935096596192,0.7650935096596192,0.6484092739911471,0.6484092739911471,0.7659650186381357,0.7659650186381357,0.6623920754844159,395089.16248209303,395089.16248209303,0.3871126728746175,124884.20939970364,124884.20939970364,0.2770946557581737,0.23815186761358167,0.02697530045996487,0.025932788961728806,0.016615643447337493,0.4182988030206126,0.8286534457295333,0.8944527408348616,0.9135547896410082,28.546319929295926,0.46767362075719837,29.357316686047305,0.9790904179773903,0.1362364503271609,1.0865699084619118,0.019648224795699727,0.04609841054012691,0.08738133201278156,0.3145351154108698,div,0.02697530045996487,0.026981846328631657,1.3842205860673748e-08,0.4182988030206126,15907,0.0,139999.9999999999,337589.99999999977,1199999.9999999998,0.5012637937946537,0.8286534457295333,1.4584634277845718,15907,0.3871126728746175,0.30299654042664914,0.01964822479569972,0.3515907260088529,0.1817249534349478
miami_dade,1,2018,103.35664588322452,218.0875420135263,0.47392274189056655,-0.03883491757523367,1.5331369252911122,31510,15907,0.7701049068971233,0.7701049068971233,0.6437265666539891,0.6437265666539891,0.7709578234660345,0.7709578234660345,0.6578955999284252,390852.1089434734,390852.1089434734,0.3896820515499953,125158.2250992504,125158.2250992504,0.2788834233978599,0.24244602524279835,0.028383692902663443,0.029507664773908693,0.018962061469290588,0.4195361540317083,0.8255184350947103,0.8922344407508139,0.9123932710912419,28.800095317020418,0.4702232088862266,30.593814791003393,0.9779055468961125,0.13880677164865657,1.0888810714948025,0.02070432854999386,0.04857622749024016,0.09171899051440538,0.31876618173281934,div,0.028383692902663443,0.028391318878815453,1.4607997409828042e-08,0.4195361540317083,15907,0.0,139999.9999999999,337589.99999999977,1199999.9999999998,0.5001984364004253,0.8255184350947103,1.4517779229799077,15907,0.3896820515499953,0.30578627263303393,0.020704328549993854,0.3562734333460109,0.183319422900474
miami_dade,1,2018,150.0,316.5072842919964,0.47392274189056655,-0.03883491757523367,1.5279653553869585,31510,15907,0.7771631551590439,0.7771631551590439,0.6382566070148504,0.6382566070148504,0.777989885449645,0.777989885449645,0.6526431811803064,384805.35675481166,384805.35675481166,0.3926621022115947,126211.64968268259,126211.64968268259,0.28123218065439104,0.24470838811919354,0.02845267742551389,0.02902132853716215,0.01873351830433251,0.42142543407410477,0.8245625178107452,0.8911318756138318,0.9114307016139587,29.047919554663544,0.47292515594140694,30.399502338807178,0.9777286128674602,0.14013929266182248,1.0894612108227995,0.0205034910590315,0.04810502517010699,0.09023899854525998,0.31731862935472355,div,0.02845267742551389,0.028460359158156805,1.4709444577136275e-08,0.42142543407410477,15907,0.0,139999.9999999999,337589.99999999977,1199999.9999999998,0.4966716570694625,0.8245625178107452,1.4551385605641514,15907,0.3926621022115947,0.30874338228951786,0.02050349105903149,0.36174339298514957,0.18369711775743566
miami_dade,2,2019,0.001,0.0021651749746891564,0.4618564373272258,-0.04199479808246538,0.012451222511806859,47417,15394,0.713582538212626,0.713582538212626,0.8269280993842134,0.8269280993842134,0.7139744718702691,0.7139744718702691,0.8348726502729532,420871.5057446196,420871.5057446196,0.24931279808441598,89542.03637020195,89542.03637020195,0.17915891920303062,0.11518146771358562,-0.0831925985105788,-0.24409066945257804,-0.1498175341538328,0.3678262822937486,0.9451583948887936,1.0058963568435824,0.9555080161654316,18.05685058019137,0.36568203815406364,-3.073438495672075,1.052734608005033,-0.015370021574421527,0.9263421450139916,-0.04147191150720221,-0.11547593046286901,-0.2795917804171564,0.26591930389526797,div,-0.0831925985105788,-0.08338532502194954,-3.891147282557325e-08,0.3678262822937486,15394,0.0,159999.9999999999,350000.0000000001,1150000.0,0.7111971617912447,0.9451583948887936,1.4473042523755146,15394,0.24931279808441598,0.16774533669103717,-0.041471911507202204,0.17307190061578664,0.12664524784342257
miami_dade,2,2019,0.001451285485497223,0.00314228701432819,0.4618564373272258,-0.04199479808246538,0.008712735205649524,47417,15394,0.7166882113966672,0.7166882113966672,0.8267324569188187,0.8267324569188187,0.7170758952510934,0.7170758952510934,0.8346859884191817,418583.4959104872,418583.4959104872,0.24945367131050794,89372.4068032808,89372.4068032808,0.1791577072997062,0.1155085209683569,-0.08356493107758645,-0.2457991019802673,-0.15075072525261676,0.3675449074557566,0.946321393460611,1.0058675747697787,0.9552924365061124,18.037706831171295,0.3654127592778698,-2.3091987835481778,1.0529420482471732,-0.01605557981862142,0.9257739095857935,-0.04162890852675815,-0.11591307879421542,-0.2804987394944884,0.26554902611502984,div,-0.08356493107758645,-0.08376026417732402,-3.905572383830378e-08,0.3675449074557566,15394,0.0,159999.9999999999,350000.0000000001,1150000.0,0.7112857638922208,0.946321393460611,1.4527285806202936,15394,0.24945367131050794,0.16774910716051822,-0.04162890852675814,0.17326754308118134,0.12555568879799506
miami_dade,2,2019,0.00210622956041491,0.0045603555351609055,0.4618564373272258,-0.04199479808246538,0.01664572693507771,47417,15394,0.7160458756746926,0.7160458756746926,0.8267487152193719,0.8267487152193719,0.7164344385013274,0.7164344385013274,0.8347015004120117,419057.74180592236,419057.74180592236,0.24944196748001965,89434.89691901322,89434.89691901322,0.17931092551117522,0.11549955187929825,-0.08256390097808021,-0.24491239721723496,-0.1494631720255448,0.3657250577420713,0.9453429836862177,1.005821199458734,0.9560993205981394,18.061884699950905,0.36362023124582654,-2.2243776902661674,1.0520049306483017,-0.015497966959555867,0.9277948404963664,-0.04129576414089094,-0.11498545919486765,-0.27826319142535794,0.2640970034929514,div,-0.08256390097808021,-0.08275227920017209,-3.839680989851371e-08,0.3657250577420713,15394,0.0,159999.9999999999,350000.0000000001,1150000.0,0.709856932512779,0.9453429836862177,1.4481477022959028,15394,0.24944196748001965,0.1680243849045735,-0.041295764140890936,0.17325128478062815,0.1268186569293257
miami_dade,2,2019,0.003056740390155355,0.006618377796885943,0.4618564373272258,-0.04199479808246538,0.019102061561235284,47417,15394,0.7145450266447295,0.7145450266447295,0.8265671421548697,0.8265671421548697,0.7149356432331924,0.7149356432331924,0.8345282621288682,420163.75412719406,420163.75412719406,0.24957264495770723,89540.72147465186,89540.72147465186,0.17936498957071095,0.11617971350140549,-0.08260063988358425,-0.24395294245094662,-0.14896137224435085,0.36593074098853295,0.9452632785046914,1.0053223037588588,0.95555032392871,18.064994580007856,0.364005280394469,-2.2120299748878454,1.052087240811675,-0.014987665926016875,0.9276219573945578,-0.04119261086424249,-0.11469823538076385,-0.277494537995049,0.264634608074475,div,-0.08260063988358425,-0.08278927037928485,-3.84354994542536e-08,0.36593074098853295,15394,0.0,159999.9999999999,350000.0000000001,1150000.0,0.7087742475575547,0.9452632785046914,1.452883241383138,15394,0.24957264495770723,0.1681297519673978,-0.04119261086424248,0.17343285784513032,0.12712423804068176
miami_dade,2,2019,0.004436202961165585,0.009605155634157654,0.4618564373272258,-0.04199479808246538,0.011545028863809592,47417,15394,0.7088083826506706,0.7088083826506706,0.8264637396593696,0.8264637396593696,0.7092068492628336,0.7092068492628336,0.8344296061368999,424364.6622929144,424364.6622929144,0.24964703279069078,89702.89647686013,89702.89647686013,0.1793595710830057,0.11530960703084975,-0.08304826313476839,-0.245109024830778,-0.15024002967653227,0.3673310582714208,0.944827408004577,1.0058117653540275,0.9555785689498624,18.081508392020794,0.3652204144827538,-2.5725903046826075,1.0525683580988732,-0.015497253494556272,0.9267290758015381,-0.04150996692647347,-0.11558189338547845,-0.27949210977869093,0.2658106411573443,div,-0.08304826313476839,-0.08323998549420765,-3.879166550268889e-08,0.3673310582714208,15394,0.0,159999.9999999999,350000.0000000001,1150000.0,0.710147800380659,0.944827408004577,1.4498467887774023,15394,0.24964703279069078,0.16797162371445157,-0.04150996692647346,0.17353626034063044,0.12684922355530645
miami_dade,2,2019,0.006438196968259414,0.01393982295779488,0.4618564373272258,-0.04199479808246538,0.024078057244712903,47417,15394,0.7202577149481861,0.7202577149481861,0.8262643835518015,0.8262643835518015,0.7206405142939158,0.7206405142939158,0.8342394011089462,415938.22760900296,415938.22760900296,0.2497903871981171,89629.88188112948,89629.88188112948,0.17953751465696857,0.11613431326007596,-0.0804684356306216,-0.24217974578278123,-0.1481560675416257,0.36661726616793805,0.9451835968240282,1.0053580727599742,0.9567799103330517,18.091911280226896,0.3646752181926789,-2.175947065763476,1.050772556888253,-0.014206886082425162,0.9298008908555199,-0.04098364493025563,-0.11411638287420686,-0.2758437247021241,0.2638848763706945,div,-0.0804684356306216,-0.08064279578399267,-3.7513595838870244e-08,0.36661726616793805,15394,0.0,159999.9999999999,350000.0000000001,1150000.0,0.7089910501048341,0.9451835968240282,1.4471727161067285,15394,0.2497903871981171,0.16833522593046465,-0.04098364493025562,0.17373561644819852,0.1252991725015446
miami_dade,2,2019,0.009343661812807113,0.020230662729048676,0.4618564373272258,-0.04199479808246538,0.026487726805277778,47417,15394,0.7157932715590927,0.7157932715590927,0.827329571390757,0.827329571390757,0.7161821800492019,0.7161821800492019,0.8352556934370617,419244.09616650554,419244.09616650554,0.24902346682420307,89086.209936198,89086.209936198,0.17889035199338077,0.11563932592441822,-0.08163342530590391,-0.245060822376713,-0.14815654003594772,0.3623082572579602,0.9458372198702286,1.0051664043401096,0.9564641727630488,18.002475617805565,0.3604577551606142,-2.52310066293489,1.0509190338372727,-0.01535948480866249,0.9296586969887306,-0.040882451343614234,-0.11383461569373193,-0.27601095255210495,0.2640181065852094,div,-0.08163342530590391,-0.08181548931630689,-3.760940596675187e-08,0.3623082572579602,15394,0.0,159999.9999999999,350000.0000000001,1150000.0,0.7097215046261156,0.9458372198702286,1.452091086101787,15394,0.24902346682420307,0.16777583609567218,-0.040882451343614234,0.172670428609243,0.1267964715841434
miami_dade,2,2019,0.013560320770321632,0.02936046718065798,0.4618564373272258,-0.04199479808246538,0.03990874992443727,47417,15394,0.716031864619827,0.716031864619827,0.8262833813264687,0.8262833813264687,0.7164204466191895,0.7164204466191895,0.8342575268253123,419068.08039248077,419068.08039248077,0.2497767296898821,89744.57601662523,89744.57601662523,0.17975386938605542,0.11611454290604317,-0.08020663530022214,-0.24127729620813332,-0.14642349693220713,0.36368518373102493,0.9445031317718557,1.0051170924600887,0.9570842247473366,18.100844604158397,0.3618454004987654,-1.7860236403782026,1.0501866674538831,-0.01318903115133922,0.931244407261355,-0.04031883818766504,-0.11226527029249465,-0.27141083770198376,0.26115672868077067,div,-0.08020663530022214,-0.0803792947850862,-3.7092501987261366e-08,0.36368518373102493,15394,0.0,159999.9999999999,350000.0000000001,1150000.0,0.7090697347948499,0.9445031317718557,1.4547768411904676,15394,0.2497767296898821,0.1685864878497939,-0.04031883818766503,0.1737166186735313,0.1259366690519576
miami_dade,2,2019,0.019679896712654306,0.042610419866706495,0.4618564373272258,-0.04199479808246538,0.05294540127713454,47417,15394,0.7234655657706193,0.7234655657706193,0.8261587222770896,0.8261587222770896,0.7238439754932509,0.7238439754932509,0.8341385900229185,413546.53530168463,413546.53530168463,0.24986633351119716,89357.86934946252,89357.86934946252,0.1797334591339779,0.11682617693241762,-0.07835178942957856,-0.23678658703212585,-0.1449690148982984,0.36690141055666126,0.9451388749118864,1.0054473004269469,0.9581102808390803,18.125015446307987,0.3649254694979505,-2.3396224832545713,1.0494066502933361,-0.011374526766957911,0.9328590764904174,-0.039771366646437024,-0.11074087020270697,-0.2675983215181125,0.25851667989558297,div,-0.07835178942957856,-0.07851271656039718,-3.65551460228097e-08,0.36690141055666126,15394,0.0,159999.9999999999,350000.0000000001,1150000.0,0.7090119412265101,0.9451388749118864,1.4545654351609982,15394,0.24986633351119716,0.16846034487325937,-0.03977136664643701,0.17384127772291041,0.12626555040194493
miami_dade,2,2019,0.028561148455159703,0.061839883883493645,0.4618564373272258,-0.04199479808246538,0.063481380412444,47417,15394,0.7123736771880406,0.7123736771880406,0.8252548432801815,0.8252548432801815,0.7127672650511221,0.7127672650511221,0.8332762019477755,421758.7411962627,421758.7411962627,0.2505150750587791,89586.06099765199,89586.06099765199,0.179741036781168,0.11560779424751702,-0.07758056196393384,-0.23525446219517035,-0.14366121154264114,0.3659594333065546,0.9451876310554854,1.0052551192456698,0.9585043805714553,18.12754695377805,0.3640581513190163,-0.5284639460045504,1.0487746739835888,-0.01019340591373407,0.9340505883752549,-0.03932891033004863,-0.10950887840471014,-0.2639668697614727,0.2560611433312478,div,-0.07758056196393384,-0.07773677230394789,-3.610240132963825e-08,0.3659594333065546,15394,0.0,159999.9999999999,350000.0000000001,1150000.0,0.7064862105307281,0.9451876310554854,1.4555777665797047,15394,0.2505150750587791,0.168561631784303,-0.03932891033004862,0.17474515671981855,0.12560232273741884
miami_dade,2,2019,0.04145038020210471,0.08974732590494797,0.4618564373272258,-0.04199479808246538,0.0791050699617799,47417,15394,0.7322406853195091,0.7322406853195091,0.8250311909844963,0.8250311909844963,0.73260708716846,0.73260708716846,0.8330628160040408,406932.21441891824,406932.21441891824,0.2506753380292445,89564.49162162257,89564.49162162257,0.18050863775174686,0.11681246822061417,-0.07609200642698316,-0.23334369182023676,-0.1420545225181545,0.3648297884687078,0.9443601706795339,1.005144779011708,0.9594325986085918,18.203395760200497,0.3629742166542119,-0.10739771489116615,1.0476450148446175,-0.00894653269483928,0.936280392459121,-0.03867279664212114,-0.10768197108721904,-0.25941381826364424,0.2532999575443525,div,-0.07609200642698316,-0.07623937613461498,-3.5300393734236e-08,0.3648297884687078,15394,0.0,159999.9999999999,350000.0000000001,1150000.0,0.7052049199821689,0.9443601706795339,1.45678390037901,15394,0.2506753380292445,0.16928579116586842,-0.038672796642121136,0.17496880901550377,0.12584175856708976
miami_dade,2,2019,0.060156335155656014,0.13024899144803992,0.4618564373272258,-0.04199479808246538,0.11755059214458563,47417,15394,0.7322825851374584,0.7322825851374584,0.8239566397203789,0.8239566397203789,0.732648929650698,0.732648929650698,0.8320375900617692,406900.37415819964,406900.37415819964,0.25144390701461083,89850.10466929103,89850.10466929103,0.1811366042160983,0.11645167971861854,-0.0718169679546222,-0.22435720296429953,-0.13740714392748335,0.3670291745972999,0.9446346551172902,1.00544198571985,0.9620379349914524,18.28274028249239,0.36505447511385436,0.22663017456034223,1.0451167767399767,-0.004266154303658348,0.9414958932703403,-0.03705828470087928,-0.10318646408301599,-0.24781044601329863,0.24670930300722713,div,-0.0718169679546222,-0.07194082102951196,-3.351798288468331e-08,0.3670291745972999,15394,0.0,159999.9999999999,350000.0000000001,1150000.0,0.7055459942219957,0.9446346551172902,1.4583973959445864,15394,0.25144390701461083,0.169757267231197,-0.03705828470087927,0.1760433602796211,0.1264387348850641
miami_dade,2,2019,0.0873040160721099,0.18902847078919224,0.4618564373272258,-0.04199479808246538,0.15430993245839175,47417,15394,0.741958466973074,0.741958466973074,0.8216315693383913,0.8216315693383913,0.7423115710095107,0.7423115710095107,0.8298192478078249,399479.5799389625,399479.5799389625,0.25309891713162297,90052.74966704575,90052.74966704575,0.1823886788502625,0.11740744950993223,-0.06820250198177262,-0.21721164004944535,-0.1335816358145628,0.36854875982602203,0.9446127860163961,1.0055708760863222,0.9641806431361085,18.388649265266295,0.3665188995691359,1.4833841496869749,1.0429278820777683,0.00018093696057114653,0.9457019846043886,-0.03551458362675636,-0.0988881254867852,-0.2359553761213225,0.24145923545905065,div,-0.06820250198177262,-0.06830854793538892,-3.196284900456605e-08,0.36854875982602203,15394,0.0,159999.9999999999,350000.0000000001,1150000.0,0.7046417623704345,0.9446127860163961,1.4587500765814685,15394,0.25309891713162297,0.17081710861811036,-0.03551458362675635,0.17836843066160862,0.1242951555958154
miami_dade,2,2019,0.12670305135106935,0.2743342760020904,0.4618564373272258,-0.04199479808246538,0.19706441943876707,47417,15394,0.7428717631802537,0.7428717631802537,0.8199235516972663,0.8199235516972663,0.7432236174621512,0.7432236174621512,0.8281896336107049,398772.0066670924,398772.0066670924,0.25430784026508435,90717.73474265116,90717.73474265116,0.18357408809134976,0.1183996713433829,-0.06415905271729265,-0.20729513480365602,-0.12806589275220362,0.37023345799971347,0.9443264281593396,1.0052483001615258,0.9661339412771922,18.523923186684367,0.3683124694447214,2.6949526070825605,1.0404854412139024,0.005124692134569858,0.9509036061649941,-0.0337191175788961,-0.093888763148371,-0.22301279166847174,0.2341254034761015,div,-0.06415905271729265,-0.06424730522243519,-3.0205346957920865e-08,0.37023345799971347,15394,0.0,159999.9999999999,350000.0000000001,1150000.0,0.6996396090247283,0.9443264281593396,1.4639547775780763,15394,0.25430784026508435,0.17214119267891728,-0.03371911757889609,0.1800764483027338,0.12460957939105555
miami_dade,2,2019,0.18388229939401626,0.398137352936223,0.4618564373272258,-0.04199479808246538,0.25765990267953554,47417,15394,0.745517075175492,0.745517075175492,0.816460633788893,0.816460633788893,0.7458653096124281,0.7458653096124281,0.8248856746520439,396715.43841469893,396715.43841469893,0.25674140011784685,91073.3512123646,91073.3512123646,0.1852400854900796,0.11943577555162457,-0.05890907215422408,-0.19428910634392896,-0.12050322809288647,0.3716905519638551,0.9429741415511768,1.003682594882385,0.9676275272963534,18.701442524842737,0.37033881729740425,5.958521613115747,1.0372613082709348,0.012238234876909677,0.9571878280678053,-0.031174422495490618,-0.08680321966071419,-0.2044224966381963,0.22240948661832968,div,-0.05890907215422408,-0.05897735802771459,-2.7842865308054223e-08,0.3716905519638551,15394,0.0,159999.9999999999,350000.0000000001,1150000.0,0.6954673403721953,0.9429741415511768,1.4631548348942234,15394,0.25674140011784685,0.17407972796649596,-0.031174422495490604,0.18353936621110703,0.12018949875176581
miami_dade,2,2019,0.26686571215039057,0.5778109615506255,0.4618564373272258,-0.04199479808246538,0.3236401455050788,47417,15394,0.7489221591790016,0.7489221591790016,0.8124188503443854,0.8124188503443854,0.7492657340989524,0.7492657340989524,0.8210294219270924,394052.39411058434,394052.39411058434,0.2595529014382909,91940.72964893581,91940.72964893581,0.18787853330962684,0.12231074635389791,-0.05222110164909765,-0.1787843546654301,-0.11257956483646218,0.37736476385928197,0.9415814955810451,1.002306712887281,0.9698570652777279,18.973990672978484,0.37650852426949905,6.83402722738087,1.0334581752005496,0.020348349887187877,0.9653204453960051,-0.02840359552059989,-0.0790880261369829,-0.18441065586605698,0.21303240177490912,div,-0.05222110164909765,-0.05226864920980122,-2.50586457931539e-08,0.37736476385928197,15394,0.0,159999.9999999999,350000.0000000001,1150000.0,0.6904599219190002,0.9415814955810451,1.4693280039021401,15394,0.2595529014382909,0.1769261257884295,-0.02840359552059988,0.1875811496556145,0.11969011221309764
miami_dade,2,2019,0.38729833462074176,0.8385686618596169,0.4618564373272258,-0.04199479808246538,0.3839229262084547,47417,15394,0.7701001528720096,0.7701001528720096,0.8077326583495631,0.8077326583495631,0.770414747825174,0.770414747825174,0.8165583410545538,377067.5152354144,377067.5152354144,0.26277500452915475,92776.64874480224,92776.64874480224,0.190489029867811,0.12453782333884494,-0.04681352073313799,-0.16745386932526815,-0.10536274672825344,0.377071048090127,0.9404275682978696,1.0013157916651592,0.972248999696333,19.25181673096805,0.37658778495639333,9.9717848273255,1.029896448315097,0.026623297729137487,0.9723836237195665,-0.025872032317112086,-0.07203904754342212,-0.16602566099755983,0.2043199072554693,div,-0.04681352073313799,-0.04684776313608774,-2.2446297508503144e-08,0.377071048090127,15394,0.0,159999.9999999999,350000.0000000001,1150000.0,0.683780918323831,0.9404275682978696,1.4751635311440314,15394,0.26277500452915475,0.18007169093314027,-0.025872032317112072,0.19226734165043688,0.1164754931483231
miami_dade,2,2019,0.5620804515923291,1.2170025275496907,0.4618564373272258,-0.04199479808246538,0.4638034542516817,47417,15394,0.7636074372460947,0.7636074372460947,0.799942637382366,0.799942637382366,0.7639309168313881,0.7639309168313881,0.8091259068347032,382354.9194699037,382354.9194699037,0.2680455249286212,94452.34127920424,94452.34127920424,0.19441360216561526,0.1270700771148115,-0.04154879277138769,-0.14701267236883117,-0.09559051127122171,0.38966491459063385,0.9367296629502332,0.997975505318013,0.971315985489332,19.677295964751153,0.390468072132134,12.11720649541949,1.0274468043633098,0.038296342161183695,0.9782785496673236,-0.022517465671216055,-0.06269846760253184,-0.14199682768170319,0.19470214302628203,div,-0.04154879277138769,-0.04157272615655889,-2.0587325706606212e-08,0.38966491459063385,15394,0.0,159999.9999999999,350000.0000000001,1150000.0,0.6727671077710345,0.9367296629502332,1.4742354287959527,15394,0.2680455249286212,0.18444126086836163,-0.022517465671216038,0.20005736261763396,0.11272971563433634
miami_dade,2,2019,0.8157392010776716,1.7662181040463,0.4618564373272258,-0.04199479808246538,0.5278189078803004,47417,15394,0.7768286881075468,0.7768286881075468,0.7924335119592757,0.7924335119592757,0.777134075733026,0.777134075733026,0.8019614741597794,371508.6764842689,371508.6764842689,0.2730297114147196,95773.84741066664,95773.84741066664,0.1984242456096834,0.1319055013157093,-0.037272172502431616,-0.13650529067101985,-0.08777070687373517,0.3853287408810564,0.9337351902100526,0.9946131472787493,0.9709638238646248,20.103315743136168,0.3874282761038635,13.543360224703765,1.0243565443252,0.04459859008319827,0.9852752257614346,-0.019829149621924783,-0.05521302056408844,-0.12303236382156116,0.18776877090685237,div,-0.037272172502431616,-0.03728944658826015,-1.8262756681148752e-08,0.3853287408810564,15394,0.0,159999.9999999999,350000.0000000001,1150000.0,0.66206570289109,0.9337351902100526,1.475791074301076,15394,0.2730297114147196,0.18963740219382136,-0.01982914962192477,0.20756648804072428,0.1111771198910762
miami_dade,2,2019,1.1838704624751253,2.563286698624819,0.4618564373272258,-0.04199479808246538,0.6272298586882346,47417,15394,0.7738299894434904,0.7738299894434904,0.7843040570580496,0.7843040570580496,0.7741394804882521,0.7741394804882521,0.7942051871034242,373996.28390906914,373996.28390906914,0.27832503967784045,97023.58780375434,97023.58780375434,0.20267741738377396,0.13792017746151192,-0.03088703914371662,-0.11800997566389994,-0.07569345748117315,0.3843889670011861,0.9288833732322516,0.9890908120406092,0.9695406751846252,20.571338915368955,0.3886412126728688,16.293677112693665,1.0201643286933384,0.05418023460672263,0.9948401989966213,-0.0156544068155597,-0.0435887116646914,-0.09564729566649006,0.18483990948075762,div,-0.03088703914371662,-0.030896866942851448,-1.5097234970821576e-08,0.3843889670011861,15394,0.0,159999.9999999999,350000.0000000001,1150000.0,0.650216094776357,0.9288833732322516,1.481964596179363,15394,0.27832503967784045,0.19564588256734664,-0.015654406815559678,0.21569594294195038,0.11133903949993644
miami_dade,2,2019,1.7181340188990342,3.7200607808822945,0.4618564373272258,-0.04199479808246538,0.706863759981246,47417,15394,0.7765396455355297,0.7765396455355297,0.7718229609875761,0.7718229609875761,0.7768454286868673,0.7768454286868673,0.7822970130527952,371749.180238543,371749.180238543,0.28626434674202655,98838.11749447713,98838.11749447713,0.2087351281624552,0.14315224466096294,-0.02678858467209031,-0.10254556644548232,-0.06683554392298108,0.3905906921974253,0.9267188879237378,0.9852286623559994,0.9679990991137645,21.20742491024626,0.39645961815630143,17.855738309711317,1.0177991521459153,0.06469565502690211,1.001247642353855,-0.012310197210240703,-0.034276970252193215,-0.07336845225479417,0.18718913494659808,div,-0.02678858467209031,-0.026794995514557874,-1.3305214517361836e-08,0.3905906921974253,15394,0.0,159999.9999999999,350000.0000000001,1150000.0,0.6370718975183877,0.9267188879237378,1.489579651336302,15394,0.28626434674202655,0.20259179921788686,-0.012310197210240684,0.22817703901242398,0.11113494153041867
miami_dade,2,2019,2.4935029637671793,5.398870216461939,0.4618564373272258,-0.04199479808246538,0.7973551977882583,47417,15394,0.7736921704010525,0.7736921704010525,0.7556390140368712,0.7556390140368712,0.7740018500373934,0.7740018500373934,0.766855960758433,374110.215813214,374110.215813214,0.2962424056817382,101639.20520425178,101639.20520425178,0.21665680390871442,0.15108286029860696,-0.021193594861890305,-0.08520385164429885,-0.05653764450718953,0.3976580464894622,0.9198841869501695,0.9793308177378227,0.9654531331552058,22.051007688750587,0.40606397340288203,20.69666858409923,1.0143742705948482,0.07698688586641406,1.0099337858647477,-0.008510027551343254,-0.02369563673440401,-0.04925866300337624,0.19472501618718246,div,-0.021193594861890305,-0.021196768882147162,-1.0716787638782673e-08,0.3976580464894622,15394,0.0,159999.9999999999,350000.0000000001,1150000.0,0.6213238124937565,0.9198841869501695,1.4908663812139236,15394,0.2962424056817382,0.21213777321788932,-0.008510027551343231,0.2443609859631288,0.11260721020831402
miami_dade,2,2019,3.618784659359615,7.835301983234461,0.4618564373272258,-0.04199479808246538,0.8946846447858503,47417,15394,0.7790626666958997,0.7790626666958997,0.741509396660494,0.741509396660494,0.7793649973450557,0.7793649973450557,0.7533749377748236,369644.5707334923,369644.5707334923,0.3046868223933376,103811.47791179038,103811.47791179038,0.2233513091365721,0.1599043976853581,-0.014182739436992362,-0.06781201045912519,-0.04562705299376578,0.40322466532087786,0.9138079135150237,0.973791661518411,0.9643747210705296,22.857365272984342,0.41409038370979745,22.530909395391888,1.0097648146950886,0.08819942571597926,1.0205397626221016,-0.00442269707720136,-0.01231472197891204,-0.025010753124463155,0.20502027306556567,div,-0.014182739436992362,-0.014183690504921704,-7.272059714731971e-09,0.40322466532087786,15394,0.0,159999.9999999999,350000.0000000001,1150000.0,0.6058552188008675,0.9138079135150237,1.4915323699087826,15394,0.3046868223933376,0.2207398641941141,-0.004422697077201334,0.258490603339506,0.11381679438236635
miami_dade,2,2019,5.2518896512686215,11.371260042755779,0.4618564373272258,-0.04199479808246538,0.9945784286247505,47417,15394,0.7726840957352908,0.7726840957352908,0.7230305249017458,0.7230305249017458,0.7729951548210147,0.7729951548210147,0.7357443050227052,374942.51575467444,374942.51575467444,0.3153895107250985,107051.00055946688,107051.00055946688,0.23198369223114293,0.17142552845093995,-0.006948165439990066,-0.048850906397443536,-0.03334883181749518,0.4091092421985496,0.9074577124505374,0.9671002418792454,0.9624195284677977,23.807615137915118,0.4230404595863872,24.478563740969776,1.0048634854894305,0.10070261450396395,1.0327239199054827,-0.00022767779519330554,-0.0006339545077664339,-0.001251329904707691,0.21972785304425493,div,-0.006948165439990066,-0.006948277255430174,-3.6145951675046803e-09,0.4091092421985496,15394,0.0,159999.9999999999,350000.0000000001,1150000.0,0.5905090396568484,0.9074577124505374,1.498354725480074,15394,0.3153895107250985,0.23183516458637388,-0.00022767779519327532,0.27696947509825426,0.11862088979752372
miami_dade,2,2019,7.621991222319222,16.50294465186599,0.4618564373272258,-0.04199479808246538,1.0617749707540687,47417,15394,0.766052176811466,0.766052176811466,0.7017964789486348,0.7017964789486348,0.766372311015113,0.766372311015113,0.7154849693376859,380372.6499084199,380372.6499084199,0.3272560431024758,110678.10744528515,110678.10744528515,0.24184291707310457,0.18225534423111744,-0.003522385069973324,-0.0376607072694786,-0.026181266088389554,0.4166136202930904,0.8975367608548932,0.9600827461740431,0.9576663234815873,24.889858043124967,0.433949213545389,26.474165369732386,1.0025232407501508,0.11205698224209712,1.0395746779014248,0.0025942274233672837,0.0072234631744332155,0.013834151182220249,0.23575284469817726,div,-0.003522385069973324,-0.0035223996377231038,-1.866038148252076e-09,0.4166136202930904,15394,0.0,159999.9999999999,350000.0000000001,1150000.0,0.5763362459442516,0.8975367608548932,1.5044724352410002,15394,0.3272560431024758,0.2438774580827222,0.0025942274233673175,0.2982035210513651,0.1237103169627511
miami_dade,2,2019,11.061685231539125,23.950484041217138,0.4618564373272258,-0.04199479808246538,1.1389252073607288,47417,15394,0.7691779335896598,0.7691779335896598,0.6855082196161764,0.6855082196161764,0.7694937905076996,0.7694937905076996,0.6999443929317757,377823.04183908686,377823.04183908686,0.33607479390935274,112689.78935413476,112689.78935413476,0.2480812856516573,0.1915207251986935,0.0020529044677219596,-0.024271468801902066,-0.016881374432543512,0.416814708070133,0.8883337200841448,0.9513103489081033,0.9527193599125631,25.59772239243906,0.4381622121822607,27.632443625098098,0.9985210639525693,0.12057662803580388,1.0494869088602732,0.005834136031678396,0.016244785017638135,0.030548539029261922,0.24782803397999076,div,0.0020529044677219596,0.0020529073516609127,1.088082930954142e-09,0.416814708070133,15394,0.0,159999.9999999999,350000.0000000001,1150000.0,0.5633229683812743,0.8883337200841448,1.5093260552987913,15394,0.33607479390935274,0.2532774886188088,0.005834136031678434,0.3144917803838237,0.1286868427018109
miami_dade,2,2019,16.05366322167172,34.7589898596513,0.4618564373272258,-0.04199479808246538,1.187038334743671,47417,15394,0.7710292781093151,0.7710292781093151,0.6695175555080659,0.6695175555080659,0.7713426016474954,0.7713426016474954,0.6846877511825787,376304.7969515972,376304.7969515972,0.3445129001948517,115407.9367258488,115407.9367258488,0.2561161876701871,0.2008410269814921,0.005609169164222529,-0.016512667573892026,-0.011665807173771853,0.423378545993657,0.881675094148149,0.9491205624786642,0.9530310418088076,26.562813495050342,0.44608905845674973,27.192416471762865,0.9958967975243267,0.1298177366923107,1.0555817480477756,0.007854637101240996,0.02187074322717096,0.04021412654566289,0.2586014657824517,div,0.005609169164222529,0.0056092279920157894,3.019796011179858e-09,0.423378545993657,15394,0.0,159999.9999999999,350000.0000000001,1150000.0,0.5559560134561597,0.881675094148149,1.5280265183845927,15394,0.3445129001948517,0.26221700475633974,0.007854637101241036,0.33048244449193404,0.13136738849019225
miami_dade,2,2019,23.298448422672752,50.445217473857085,0.4618564373272258,-0.04199479808246538,1.2263299241857002,47417,15394,0.7811196197200325,0.7811196197200325,0.6538542432047446,0.6538542432047446,0.7814191356346492,0.7814191356346492,0.6697434347488191,367919.8293548869,367919.8293548869,0.35258253628982966,117257.11624157081,117257.11624157081,0.261986343814887,0.20965612842820852,0.008429495305228043,-0.011318733900621844,-0.008073849757983937,0.42747833096957333,0.8727078765773204,0.942860901319261,0.9487945016180975,27.252771452282225,0.45339902802638626,28.039911657065776,0.9937461691770798,0.13683533816738047,1.0612940742069017,0.009504679466198141,0.02646518246259152,0.04785547614246126,0.2698289097115382,div,0.008429495305228043,0.008429694970245661,4.582114109705372e-09,0.42747833096957333,15394,0.0,159999.9999999999,350000.0000000001,1150000.0,0.5490920996477817,0.8727078765773204,1.5301978795402778,15394,0.35258253628982966,0.2700780646781343,0.009504679466198181,0.3461457567952554,0.13737592642717086
miami_dade,2,2019,33.81270003043063,73.21041193255968,0.4618564373272258,-0.04199479808246538,1.2855342629692181,47417,15394,0.786777027756836,0.786777027756836,0.6372196156115808,0.6372196156115808,0.7870688020742371,0.7870688020742371,0.6538723894873852,363133.883603686,363133.883603686,0.36095510608027737,119041.13533237332,119041.13533237332,0.26811257469807526,0.21800078081370514,0.012041987802470198,-0.00261788598050755,-0.0018941582709764765,0.4336075432319579,0.8654537784385912,0.9372973525452674,0.9458953561216297,27.9882593507906,0.4626297368650026,29.22907848830892,0.9909101958047284,0.14513656358704002,1.0683441840469001,0.011990953719017846,0.03338805682010383,0.059311337993546674,0.28066050814613136,div,0.012041987802470198,0.012042569920542555,6.639650721042252e-09,0.4336075432319579,15394,0.0,159999.9999999999,350000.0000000001,1150000.0,0.5400581875305207,0.8654537784385912,1.5302598010159487,15394,0.36095510608027737,0.2783914079427745,0.011990953719017889,0.3627803843884192,0.14102710845681662
miami_dade,2,2019,49.071880779635485,106.24920822499655,0.4618564373272258,-0.04199479808246538,1.2953162116353418,47417,15394,0.7747214589092564,0.7747214589092564,0.6279794228571431,0.6279794228571431,0.7750297300671921,0.7750297300671921,0.6450563509792361,373258.48614936357,373258.48614936357,0.36552305303006577,120600.43900241343,120600.43900241343,0.2713457469832875,0.22258141942823256,0.013363064603457799,0.0001760363593759139,0.00012808370073292866,0.43603643509053863,0.8605240574569232,0.9325195366223896,0.9421142379019035,28.387743498739574,0.46760478595971716,29.589500189849346,0.9898157772237034,0.1485682931159641,1.0718352566941685,0.01240174467810475,0.034531878421335226,0.06088385992826018,0.28626925927063346,div,0.013363064603457799,0.013363860109503023,7.409332259856826e-09,0.43603643509053863,15394,0.0,159999.9999999999,350000.0000000001,1150000.0,0.5361290295341783,0.8605240574569232,1.5233480807842807,15394,0.36552305303006577,0.28335564887354847,0.012401744678104799,0.3720205771428568,0.14701016955854243
miami_dade,2,2019,71.21730832153513,154.19793374250966,0.4618564373272258,-0.04199479808246538,1.320259122372715,47417,15394,0.7747912096567922,0.7747912096567922,0.6145083299051719,0.6145083299051719,0.7750993853678042,0.7750993853678042,0.6322036240537723,373200.69752497255,373200.69752497255,0.3720821109670559,122718.86029519951,122718.86029519951,0.2767384135325885,0.22802887357517818,0.013924588187890526,0.0028233250861859466,0.0020833301769349454,0.4422099487789379,0.8570089456042445,0.9317298766306948,0.9418693051700463,29.05143288118679,0.47462716784373116,30.493954808293765,0.9892347818495679,0.15460062385751192,1.0738207319292012,0.013449217178109686,0.0374484997483105,0.06490995560792945,0.2897952332722262,div,0.013924588187890526,0.01392548825802957,7.829987905255609e-09,0.4422099487789379,15394,0.0,159999.9999999999,350000.0000000001,1150000.0,0.5306101122961374,0.8570089456042445,1.5338365617099052,15394,0.3720821109670559,0.28945508163963984,0.013449217178109735,0.3854916700948281,0.14705733107708216
miami_dade,2,2019,103.35664588322452,223.78522313416673,0.4618564373272258,-0.04199479808246538,1.3371718218506896,47417,15394,0.784121557497223,0.784121557497223,0.6093360257275422,0.6093360257275422,0.7844169655601547,0.7844169655601547,0.6272687450942456,365388.11413557286,365388.11413557286,0.3745699847968691,122968.05974520385,122968.05974520385,0.2783450651374448,0.2303841808787616,0.016094511762891024,0.004876020378236788,0.0036037062677919127,0.44290967229958766,0.852561845930722,0.9290884073119832,0.9408264471963099,29.2573256967666,0.47672972270850006,30.50828330502969,0.9875236926860352,0.15723783104137878,1.0772191277137788,0.014159462577716646,0.03942613341398667,0.06807981560665317,0.2948649869614906,div,0.016094511762891024,0.01609590165045934,9.064486225134156e-09,0.44290967229958766,15394,0.0,159999.9999999999,350000.0000000001,1150000.0,0.5278435050180919,0.852561845930722,1.53749437686369,15394,0.3745699847968691,0.29178330839444744,0.014159462577716699,0.39066397427245786,0.14887527559916244
miami_dade,2,2019,150.0,324.77624620337343,0.4618564373272258,-0.04199479808246538,1.347087288421739,47417,15394,0.7751715089497131,0.7751715089497131,0.6045848043023845,0.6045848043023845,0.7754791642591689,0.7754791642591689,0.6227356198491236,372885.46132005,372885.46132005,0.3768408450212259,123923.07099630918,123923.07099630918,0.2806792016757133,0.23300153499954956,0.016245646741746785,0.006686298053116771,0.004955459101708269,0.44414978426131513,0.8519482789183923,0.9301245826785685,0.9420060224411297,29.5415486371554,0.47753195572272716,30.692112195078344,0.9873870872589843,0.16048879415209302,1.0773159702646378,0.014575860594261308,0.0405855675142219,0.06958436660369863,0.2955410643756316,div,0.016245646741746785,0.016247076157422668,9.175224153591295e-09,0.44414978426131513,15394,0.0,159999.9999999999,350000.0000000001,1150000.0,0.5278090403632846,0.8519482789183923,1.5358524857006857,15394,0.3768408450212259,0.29379655149510014,0.01457586059426136,0.39541519569761563,0.1475835599914192
miami_dade,3,2020,0.001,0.002273353075908612,0.439878877855487,-0.08367699145587894,-0.03604449373909646,62811,18387,0.6286628841883857,0.6286628841883857,0.8322051725870319,0.8322051725870319,0.6330074470115964,0.6330074470115964,0.8478015455711654,721790.4401754219,721790.4401754219,0.2662560067846348,137855.32093930713,137855.32093930713,0.18039182915771512,0.12283821019554708,-0.16488337254358218,-0.3639379118475435,-0.2224325318751247,0.3972657610342279,0.9298127073959533,0.9701274650061091,0.8373835199230081,17.98719970368277,0.4095096558987953,-25.033121255476402,1.1585222803230066,-0.09675829041167038,0.7924140855293754,-0.08669308625051678,-0.2051937857469346,-0.5181644326719859,0.4410995830419248,div,-0.16488337254358218,-0.16640243144298142,-5.530075397421483e-08,0.3972657610342279,18387,0.0,187000.00000000017,370000.0000000001,1447400.0000000014,0.6545343909331862,0.9298127073959533,1.3379289726584516,18387,0.2662560067846348,0.17880374406083493,-0.08669308625051679,0.16779482741296808,0.11618827242344233
miami_dade,3,2020,0.001451285485497223,0.0032992843224766352,0.439878877855487,-0.08367699145587894,-0.01819105044855518,62811,18387,0.6456613276689946,0.6456613276689946,0.8332999326112321,0.8332999326112321,0.649807012431129,0.649807012431129,0.8487945486703828,705076.4716490505,705076.4716490505,0.2653860054933007,135746.5588638073,135746.5588638073,0.18066272450818346,0.12339737028039004,-0.15773672929038987,-0.35614029677505465,-0.22134296053970737,0.40397522188866475,0.9333481081313617,0.9741855053400248,0.845050411710838,18.12493125597167,0.4146912528170986,-24.014259422653016,1.152813479337579,-0.09369790637627297,0.7997883146786064,-0.08519916382883615,-0.2016578221473569,-0.5089806531605265,0.4365705497203332,div,-0.15773672929038987,-0.15906482218643733,-5.379731661398366e-08,0.40397522188866475,18387,0.0,187000.00000000017,370000.0000000001,1447400.0000000014,0.6590058491800879,0.9333481081313617,1.3389876010076769,18387,0.2653860054933007,0.17821943636124304,-0.08519916382883616,0.16670006738876786,0.11538943906918216
miami_dade,3,2020,0.00210622956041491,0.004788203449738879,0.439878877855487,-0.08367699145587894,-0.035124848839926504,62811,18387,0.6419639975782392,0.6419639975782392,0.8335840045092521,0.8335840045092521,0.6461529402916353,0.6461529402916353,0.8490522163499645,708745.4690131795,708745.4690131795,0.2651597882753138,136232.92942726138,136232.92942726138,0.1808782844184788,0.12308386072290482,-0.15632222100589332,-0.35283458322977257,-0.2252433754920061,0.4149454539167664,0.9345344041718057,0.9766686894717418,0.8452163105861902,18.173028703244288,0.4248695002860402,-25.74683514352923,1.1555251327253544,-0.09589530405982663,0.7958151121684006,-0.0866161331321465,-0.20501164548216425,-0.5167624654618118,0.44620716147909534,div,-0.15632222100589332,-0.1576145525147464,-5.476269113084105e-08,0.4149454539167664,18387,0.0,187000.00000000017,370000.0000000001,1447400.0000000014,0.6603918708233214,0.9345344041718057,1.3523655199262474,18387,0.2651597882753138,0.1778292018019641,-0.0866161331321465,0.1664159954907479,0.11610582480424399
miami_dade,3,2020,0.003056740390155355,0.006949050168213767,0.439878877855487,-0.08367699145587894,-0.027195851739444832,62811,18387,0.6417656419745922,0.6417656419745922,0.8342027093258133,0.8342027093258133,0.6459569054050528,0.6459569054050528,0.849613413129866,708941.7679448326,708941.7679448326,0.26466642102371846,136214.18500085064,136214.18500085064,0.18021072028744325,0.12210761452937169,-0.15921809251099978,-0.3556565640804937,-0.22346503164112747,0.40840295400275695,0.934934653159418,0.9755871820969646,0.8438106684180877,18.09095814712854,0.4186340982163494,-24.392591731948944,1.1561683427467462,-0.09528672936733615,0.7953282330652389,-0.08595265850951578,-0.20344126801087187,-0.5142314713971865,0.4409735886156923,div,-0.15921809251099978,-0.16058434875985014,-5.48977247736103e-08,0.40840295400275695,18387,0.0,187000.00000000017,370000.0000000001,1447400.0000000014,0.6589893943330923,0.934934653159418,1.345151911597536,18387,0.26466642102371846,0.17749128431453604,-0.0859526585095158,0.16579729067418664,0.1140221890247336
miami_dade,3,2020,0.004436202961165585,0.010085055647120676,0.439878877855487,-0.08367699145587894,-0.007498597822432895,62811,18387,0.6442049084779145,0.6442049084779145,0.8322348563373283,0.8322348563373283,0.6483676330252013,0.6483676330252013,0.8478284702445085,706524.0046987509,706524.0046987509,0.2662324547284889,137005.39954239794,137005.39954239794,0.18149429499542566,0.12531402304385836,-0.15790210591208997,-0.3530641607325805,-0.21839338032214317,0.40206471883672523,0.9282682846997564,0.9685883902053666,0.8399292603627638,18.107886897427772,0.4151150857732811,-22.362625066638145,1.1531785305193858,-0.09215845506454416,0.799883896334951,-0.08430445156179772,-0.19954012850916622,-0.5048073389962482,0.43235429526246266,div,-0.15790210591208997,-0.15923442305199162,-5.3599031439876295e-08,0.40206471883672523,18387,0.0,187000.00000000017,370000.0000000001,1447400.0000000014,0.6555358356637829,0.9282682846997564,1.3393529660418653,18387,0.2662324547284889,0.18005053360684045,-0.08430445156179774,0.1677651436626717,0.11495338609107321
miami_dade,3,2020,0.006438196968259414,0.014636294881098038,0.439878877855487,-0.08367699145587894,-0.0818035330055158,62811,18387,0.6274629578139057,0.6274629578139057,0.8324829908656372,0.8324829908656372,0.6318215595125618,0.6318215595125618,0.8480535408994345,722955.6843826277,722955.6843826277,0.2660354951324359,138235.02124195822,138235.02124195822,0.18063810119547952,0.12346138069169996,-0.17117120006237482,-0.38101510617654977,-0.23207419461588577,0.3959084647635308,0.9335579531613358,0.9741810998930778,0.8368457921518616,18.104042873397262,0.4064123510862058,-28.81228627624195,1.164110651005453,-0.10534472767534127,0.7829739395194357,-0.09052206498824218,-0.21425659198350125,-0.5393923802014513,0.46670980351845287,div,-0.17117120006237482,-0.1728729664665254,-5.7213502737285335e-08,0.3959084647635308,18387,0.0,187000.00000000017,370000.0000000001,1447400.0000000014,0.6589184477234357,0.9335579531613358,1.3412648536650842,18387,0.2660354951324359,0.17833043272116836,-0.0905220649882422,0.16751700913436285,0.11131035073034569
miami_dade,3,2020,0.009343661812807113,0.021241442322394888,0.439878877855487,-0.08367699145587894,-0.027527824583776006,62811,18387,0.6522186530865508,0.6522186530865508,0.8330872605125621,0.8330872605125621,0.6562876185792781,0.6562876185792781,0.8486016442452777,698521.999206847,698521.999206847,0.2655552382051636,136367.00326152032,136367.00326152032,0.18064403731311757,0.1230111620749874,-0.15846739326055512,-0.3596118591356758,-0.22237367306647077,0.40193839526135405,0.9287543263154804,0.9702577183937259,0.8411785584128704,18.018029008850295,0.41427068092165575,-24.664710149663755,1.1534503687592812,-0.09592774229260317,0.7986035253717557,-0.08598043699837446,-0.20350701689048578,-0.5152953435217901,0.4477884205931953,div,-0.15846739326055512,-0.15981421829465925,-5.377401481348873e-08,0.40193839526135405,18387,0.0,187000.00000000017,370000.0000000001,1447400.0000000014,0.655570766117614,0.9287543263154804,1.338082916627285,18387,0.2655552382051636,0.17875309975501266,-0.0859804369983745,0.16691273948743793,0.11607774851912034
miami_dade,3,2020,0.013560320770321632,0.03082739693351812,0.439878877855487,-0.08367699145587894,0.002670329544644412,62811,18387,0.6562742840404073,0.6562742840404073,0.8306129811524201,0.8306129811524201,0.6602957995403476,0.6602957995403476,0.8463573468480049,694437.1697037444,694437.1697037444,0.2675162649897803,136961.30813494037,136961.30813494037,0.1837193386019279,0.12795818059685005,-0.15045681113121573,-0.3424832158033865,-0.21700039704552482,0.4118426936127968,0.9221719364705405,0.9660484447380263,0.8404743833162849,18.286135000812013,0.42632840578859954,-24.17538107403772,1.149408552972501,-0.08989739788605855,0.8051053032037475,-0.0834535463133873,-0.197526121662891,-0.4987064390901771,0.42727462244389564,div,-0.15045681113121573,-0.1516077946972626,-5.231380061726579e-08,0.4118426936127968,18387,0.0,187000.00000000017,370000.0000000001,1447400.0000000014,0.653484076628597,0.9221719364705405,1.3327191900548812,18387,0.2675162649897803,0.1825384588961995,-0.08345354631338735,0.16938701884757984,0.11769039398768265
miami_dade,3,2020,0.019679896712654306,0.044739353725276446,0.439878877855487,-0.08367699145587894,-0.04606562640106304,62811,18387,0.6560045083778043,0.6560045083778043,0.8304726547517005,0.8304726547517005,0.660029180193837,0.660029180193837,0.8462300636555824,694709.6333194681,694709.6333194681,0.26762705217784494,136982.12231888616,136982.12231888616,0.1836763453469639,0.1261168374549772,-0.1579223890652435,-0.360203475989082,-0.2273005564102417,0.4101689012083338,0.9299588841816191,0.9724871398251237,0.841217843577302,18.418885974499986,0.42178455492122213,-25.294554801564892,1.1560467330193513,-0.09823541062301606,0.79417790157204,-0.08753162448265038,-0.20717852111381063,-0.5194481622275655,0.45053978747461576,div,-0.1579223890652435,-0.15925522492646887,-5.468641941916527e-08,0.4101689012083338,18387,0.0,187000.00000000017,370000.0000000001,1447400.0000000014,0.6538374387997636,0.9299588841816191,1.3536681370427686,18387,0.26762705217784494,0.18145508627042317,-0.08753162448265041,0.1695273452482995,0.11294666681930192
miami_dade,3,2020,0.028561148455159703,0.0649295746920198,0.439878877855487,-0.08367699145587894,0.001815447995384245,62811,18387,0.671992540905626,0.671992540905626,0.8352548411971235,0.8352548411971235,0.6758301562471535,0.6758301562471535,0.8505677503233161,678373.392904786,678373.392904786,0.26382531210493637,133945.14463340666,133945.14463340666,0.18073557104889296,0.12447228402000649,-0.15078932727263755,-0.3489045814539938,-0.21893320733058264,0.4078637399134228,0.9286886576863362,0.9709909501019256,0.8463552598941056,18.031389704847598,0.4200603840982541,-25.8408632381332,1.1472616714444643,-0.09200649786663592,0.80778772837588,-0.08352508022948053,-0.19769543522279884,-0.5035949313988058,0.4341505365579873,div,-0.15078932727263755,-0.15194802986242695,-5.1922877810164864e-08,0.4078637399134228,18387,0.0,187000.00000000017,370000.0000000001,1447400.0000000014,0.6634487969757114,0.9286886576863362,1.345717701498544,18387,0.26382531210493637,0.178325678661215,-0.08352508022948057,0.16474515880287652,0.12043201372260451
miami_dade,3,2020,0.04145038020210471,0.09423134933003617,0.439878877855487,-0.08367699145587894,0.03509823959888381,62811,18387,0.682527430496928,0.682527430496928,0.8360088729064838,0.8360088729064838,0.6862417899404691,0.6862417899404691,0.851251695487326,667390.5443842749,667390.5443842749,0.2632208609589113,132945.4278764376,132945.4278764376,0.17987082206591934,0.12347268640761687,-0.145020605258918,-0.3362873215620554,-0.212439824018033,0.4106157170269331,0.9269497205943992,0.9674232681456647,0.8467469630597321,17.897424749694228,0.42445421453863325,-24.472962608932168,1.1425175528824658,-0.08656159633174851,0.8154036512136956,-0.08074007636084671,-0.19110361213931243,-0.4897498578579636,0.42249747696687273,div,-0.145020605258918,-0.14605027137870447,-5.027340911027391e-08,0.4106157170269331,18387,0.0,187000.00000000017,370000.0000000001,1447400.0000000014,0.6576867997724359,0.9269497205943992,1.332718536519143,18387,0.2632208609589113,0.17807654399085607,-0.08074007636084675,0.16399112709351615,0.12371189526107744
miami_dade,3,2020,0.060156335155656014,0.13675658956149997,0.439878877855487,-0.08367699145587894,0.05000314835356079,62811,18387,0.6808562111910834,0.6808562111910834,0.8356802283468385,0.8356802283468385,0.6845901235340155,0.6845901235340155,0.8509535981335181,669144.8565253798,669144.8565253798,0.2634844813402424,132726.39003861634,132726.39003861634,0.18047444282866362,0.12326055722810977,-0.14635571927963942,-0.3385166437518766,-0.21041965836026702,0.4040326059979887,0.9296836667998163,0.9717423275557497,0.8519075606799451,18.04355784829969,0.41579293388593663,-22.290061392859695,1.140666396692335,-0.08357089642566455,0.817639116398683,-0.07949287843833097,-0.18815162052884893,-0.479561931939186,0.4153749296122097,div,-0.14635571927963942,-0.14741433798884176,-4.9922826660060755e-08,0.4040326059979887,18387,0.0,187000.00000000017,370000.0000000001,1447400.0000000014,0.6589781180550667,0.9296836667998163,1.3455331866996523,18387,0.2634844813402424,0.1779319421050909,-0.07949287843833099,0.1643197716531615,0.12202190845243205
miami_dade,3,2020,0.0873040160721099,0.19847285347670593,0.439878877855487,-0.08367699145587894,0.1242802095227401,62811,18387,0.698924928495019,0.698924928495019,0.8344517679222342,0.8344517679222342,0.7024474408078459,0.7024474408078459,0.8498393219616334,649926.6491324442,649926.6491324442,0.26446755703513375,132348.6613440714,132348.6613440714,0.18207504271075683,0.12653607496140376,-0.13345535926208218,-0.31171273587661164,-0.19630292645202801,0.40933827687180163,0.9210945428315603,0.9638547285314771,0.8531477244941824,18.023693027324093,0.42470031675490016,-18.11552486759243,1.1297629951517847,-0.070483519560178,0.8356107021863054,-0.07327759742550975,-0.1734406776421637,-0.4442006050051971,0.38017083886438385,div,-0.13345535926208218,-0.13425622989875302,-4.612022634747094e-08,0.40933827687180163,18387,0.0,187000.00000000017,370000.0000000001,1447400.0000000014,0.654551396931423,0.9210945428315603,1.334738861309523,18387,0.26446755703513375,0.18051670424774385,-0.07327759742550977,0.16554823207776584,0.13293598422618166
miami_dade,3,2020,0.12670305135106935,0.2880407715159603,0.439878877855487,-0.08367699145587894,0.19855045679314587,62811,18387,0.7023439776636933,0.7023439776636933,0.8296298737926322,0.8296298737926322,0.7058264878510216,0.7058264878510216,0.8454656184019957,646225.7848575935,646225.7848575935,0.2682914622598793,133423.82676282406,133423.82676282406,0.18513017205643953,0.1323029169415428,-0.12506850711227396,-0.29067224691011817,-0.17953708316368747,0.40147705277531054,0.9102007826420071,0.9523369957160216,0.8505797330981815,18.060930957479727,0.4215818270660584,-14.2007503345319,1.1196328323591673,-0.05750715746199165,0.8506891256314253,-0.06706288657923797,-0.15873108428215754,-0.40616370508771543,0.3440754838464613,div,-0.12506850711227396,-0.12572680927274993,-4.23917892570989e-08,0.40147705277531054,18387,0.0,187000.00000000017,370000.0000000001,1447400.0000000014,0.6468574690977978,0.9102007826420071,1.3185088751660563,18387,0.2682914622598793,0.1860345988182393,-0.067062886579238,0.17037012620736774,0.13012631140598738
miami_dade,3,2020,0.18388229939401626,0.41802939093253516,0.439878877855487,-0.08367699145587894,0.21013492670676048,62811,18387,0.7074949807969311,0.7074949807969311,0.8303580944529537,0.8303580944529537,0.7109172253771816,0.7109172253771816,0.8461261516299438,640609.8426590414,640609.8426590414,0.2677174631293263,132685.55804564478,132685.55804564478,0.18558158119700474,0.1324636088381936,-0.12162910998817515,-0.2881732404934028,-0.17833204026403218,0.4022405576220597,0.9115103516841158,0.9540779655339753,0.8549308442406249,18.179157554325755,0.4216128144423814,-14.366143337811211,1.1159709255564592,-0.055716740071309834,0.8551763631325486,-0.06609353298925556,-0.15643672216565502,-0.4003252670713252,0.34466219891108657,div,-0.12162910998817515,-0.12223426975366021,-4.130441172637101e-08,0.4022405576220597,18387,0.0,187000.00000000017,370000.0000000001,1447400.0000000014,0.6488649812611422,0.9115103516841158,1.3289050589935263,18387,0.2677174631293263,0.18602126449194506,-0.06609353298925559,0.1696419055470463,0.12994970952934812
miami_dade,3,2020,0.26686571215039057,0.6066799875716327,0.439878877855487,-0.08367699145587894,0.2645017189748021,62811,18387,0.710595655212621,0.710595655212621,0.8268510265032326,0.8268510265032326,0.7139816225821656,0.7139816225821656,0.8429450623809245,637205.4316820201,637205.4316820201,0.2704706162514299,133645.25241032554,133645.25241032554,0.18877335154986702,0.13583634466681016,-0.11420085457199798,-0.2715230414312948,-0.16746145061547948,0.4008835994179949,0.9073230240275957,0.9517916156310494,0.8590137525937976,18.39937082719319,0.42119986618598015,-9.533379734448635,1.1080050962596448,-0.04515831206044884,0.868301244860033,-0.0615442833771591,-0.14566910746202827,-0.3699768774270369,0.32362954786228953,div,-0.11420085457199798,-0.11470123891318257,-3.8650996660258495e-08,0.4008835994179949,18387,0.0,187000.00000000017,370000.0000000001,1447400.0000000014,0.6436419323631224,0.9073230240275957,1.3316993724470476,18387,0.2704706162514299,0.189631046869529,-0.06154428337715913,0.1731489734967674,0.13993801496125294
miami_dade,3,2020,0.38729833462074176,0.8804658603043461,0.439878877855487,-0.08367699145587894,0.28760470638908164,62811,18387,0.6981012695394886,0.6981012695394886,0.8231585171604867,0.8231585171604867,0.7016334184814722,0.7016334184814722,0.8395957683437083,650815.0526151176,650815.0526151176,0.27333937929026486,134883.37986433678,134883.37986433678,0.19058657374313115,0.14072392887304652,-0.1161940446213153,-0.2679134865151718,-0.16075234709169364,0.390007426065048,0.9027245399808941,0.9454117189082965,0.8535756113425074,18.42821812342602,0.4125377591774997,-6.791071020762251,1.107589891680889,-0.041311475588660385,0.8702864898547035,-0.05961109489668915,-0.14109344543375862,-0.35739474315316805,0.3041107350739653,div,-0.1161940446213153,-0.11672123594163225,-3.8258663980988786e-08,0.390007426065048,18387,0.0,187000.00000000017,370000.0000000001,1447400.0000000014,0.6388234730995244,0.9027245399808941,1.3207263922703134,18387,0.27333937929026486,0.19314181268325334,-0.059611094896689185,0.1768414828395133,0.140573146133055
miami_dade,3,2020,0.5620804515923291,1.277807323535523,0.439878877855487,-0.08367699145587894,0.32451264527287915,62811,18387,0.7140907698978672,0.7140907698978672,0.8181874078757386,0.8181874078757386,0.71743584519205,0.71743584519205,0.8350867190386699,633346.0025423308,633346.0025423308,0.277154611605979,134624.7544530503,134624.7544530503,0.19206874212362535,0.13994602738923084,-0.11048441698845282,-0.25249039052368516,-0.15496717198687335,0.39893761182494264,0.9057914282737978,0.9456512833309784,0.85632839990979,18.770741785487218,0.4218769303868305,-5.58362606386648,1.104309145218818,-0.033410612090270624,0.8751038998512468,-0.05652274961005552,-0.13378364382827848,-0.33397760373130053,0.2704998643253703,div,-0.11048441698845282,-0.11093729250578827,-3.7211661874673965e-08,0.39893761182494264,18387,0.0,187000.00000000017,370000.0000000001,1447400.0000000014,0.6293096589535966,0.9057914282737978,1.3276057688630174,18387,0.277154611605979,0.19509955589435307,-0.05652274961005556,0.18181259212426135,0.12543349443830437
miami_dade,3,2020,0.8157392010776716,1.8544632219091584,0.439878877855487,-0.08367699145587894,0.3970954916149281,62811,18387,0.7124446197941441,0.7124446197941441,0.8050895951905529,0.8050895951905529,0.7158089546835504,0.7158089546835504,0.8232063358479687,635166.6611470538,635166.6611470538,0.28696414822159416,138822.71473709724,138822.71473709724,0.20155011755171476,0.15464857090659653,-0.10005238429329666,-0.22820234854842628,-0.1388200259579047,0.3954049861416852,0.8844739826937535,0.92774379533643,0.8475711328863279,19.128607460448727,0.4262122159861383,-2.2626298347183313,1.094591072465011,-0.019128185274284046,0.8919281704678622,-0.05044923539684851,-0.11940824864861578,-0.29521905045489066,0.2334683486241516,div,-0.10005238429329666,-0.1003882614386819,-3.33997055672502e-08,0.3954049861416852,18387,0.0,187000.00000000017,370000.0000000001,1447400.0000000014,0.617511459018414,0.8844739826937535,1.3306585720010604,18387,0.28696414822159416,0.207978536876857,-0.050449235396848556,0.1949104048094471,0.13648041497493196
miami_dade,3,2020,1.1838704624751253,2.691355557345177,0.439878877855487,-0.08367699145587894,0.4366363288026529,62811,18387,0.7140663034315193,0.7140663034315193,0.7933395363922884,0.7933395363922884,0.7174116649779929,0.7174116649779929,0.8125484340752136,633373.1010154326,633373.1010154326,0.2954873067303256,141986.81019246805,141986.81019246805,0.20822943766111374,0.1622433579316533,-0.09550697232457887,-0.2113251210114326,-0.1311375662225383,0.4033537722843842,0.8771738647839199,0.9195626690293607,0.8414937937123275,19.63884689302366,0.4386484518856726,-0.13534324977757123,1.0927741546050211,-0.010460593735625997,0.8956554903157004,-0.04714057710133296,-0.11157698838596955,-0.2709602221932463,0.20954650370287725,div,-0.09550697232457887,-0.09579896360402504,-3.252327376776584e-08,0.4033537722843842,18387,0.0,187000.00000000017,370000.0000000001,1447400.0000000014,0.6043322532993025,0.8771738647839199,1.3431461351625762,18387,0.2954873067303256,0.2170704257338449,-0.04714057710133301,0.2066604636077116,0.13146299571980738
miami_dade,3,2020,1.7181340188990342,3.9059252566873446,0.439878877855487,-0.08367699145587894,0.4566350337060683,62811,18387,0.7037184967285385,0.7037184967285385,0.7888972072401019,0.7888972072401019,0.7071849253442312,0.7071849253442312,0.8085190152817313,644731.9842767608,644731.9842767608,0.2986462867945017,142950.31326940903,142950.31326940903,0.20933509513158122,0.16355386227464655,-0.09557940758729816,-0.20487372893871847,-0.12626259335401208,0.4005885788375616,0.8775730281758458,0.9183503011668327,0.8407578235550782,19.908808679378023,0.43621641113249715,0.1413497127408352,1.0922887369440832,-0.00605505057368053,0.8980635952356202,-0.04546714564200122,-0.10761614501103144,-0.2588181424756673,0.19362142326136306,div,-0.09557940758729816,-0.09587206618376043,-3.2324807824350525e-08,0.4005885788375616,18387,0.0,187000.00000000017,370000.0000000001,1447400.0000000014,0.5968285353748282,0.8775730281758458,1.3168126962136473,18387,0.2986462867945017,0.21915804302401734,-0.04546714564200127,0.21110279275989807,0.13567956886577448
miami_dade,3,2020,2.4935029637671793,5.668612632467357,0.439878877855487,-0.08367699145587894,0.4750491799753299,62811,18387,0.6967155987656946,0.6967155987656946,0.7808086508609713,0.7808086508609713,0.7002639597518632,0.7002639597518632,0.8011822826872614,652306.9154066024,652306.9154066024,0.30431393150091346,145353.60492698525,145353.60492698525,0.21287547722377054,0.16649581677297293,-0.09885528501875275,-0.20221194841410034,-0.12207654951314567,0.3924059298090056,0.8769834412122172,0.9183889003773317,0.8397762974468853,20.54609132566549,0.4272880484800929,2.0478350844852775,1.0936113619418015,-0.0010161678267154289,0.8977130300314543,-0.043926305281960926,-0.10396913138649973,-0.24492804627334303,0.1790474919766324,div,-0.09885528501875275,-0.09917920313948035,-3.27497891614392e-08,0.3924059298090056,18387,0.0,187000.00000000017,370000.0000000001,1447400.0000000014,0.5891909726378172,0.8769834412122172,1.3326784590154903,18387,0.30431393150091346,0.22364913464143385,-0.04392630528196096,0.2191913491390287,0.13658416091633738
miami_dade,3,2020,3.618784659359615,8.226775236406079,0.439878877855487,-0.08367699145587894,0.44080741829700587,62811,18387,0.687282705072906,0.687282705072906,0.771118193670432,0.771118193670432,0.6909414288467086,0.6909414288467086,0.7923925444703677,662373.4192767956,662373.4192767956,0.3109680469612025,148131.14880318404,148131.14880318404,0.2202611624924589,0.17288405379021277,-0.10275088097524085,-0.20937984643934518,-0.1288404772988549,0.39997014734498526,0.8721228640217515,0.9182757989750865,0.8349902113283174,21.29185849903814,0.43557831391562984,-0.06244337471406347,1.0997443880381266,-0.002517525356016765,0.8886086602046465,-0.04679155288135227,-0.11075088328217551,-0.2550021371422617,0.17596459918637294,div,-0.10275088097524085,-0.10311479485418285,-3.469654144427122e-08,0.39997014734498526,18387,0.0,187000.00000000017,370000.0000000001,1447400.0000000014,0.5862615360635186,0.8721228640217515,1.3662397996377642,18387,0.3109680469612025,0.2313830369848029,-0.046791552881352325,0.22888180632956798,0.13016341915317992
miami_dade,3,2020,5.2518896512686215,11.939399493044128,0.439878877855487,-0.08367699145587894,0.4958959601169737,62811,18387,0.6976718153273398,0.6976718153273398,0.7520333662199126,0.7520333662199126,0.701208988789429,0.701208988789429,0.7750816339626128,651277.7838422783,651277.7838422783,0.3236732086722832,151134.31490728701,151134.31490728701,0.22794924679226197,0.1861477684114912,-0.09325535336527692,-0.19131143171944817,-0.11689696432027782,0.39716634594998956,0.8562274796188412,0.8990791494976161,0.8240201215907159,21.64392569978691,0.44175993493654026,2.0929990559426526,1.0910888289499578,0.007756547326498871,0.902526507588689,-0.04218190943816598,-0.09984032247554266,-0.2273354239331551,0.1623705653874041,div,-0.09325535336527692,-0.0935271063918616,-3.126937980654931e-08,0.39716634594998956,18387,0.0,187000.00000000017,370000.0000000001,1447400.0000000014,0.5691578952906708,0.8562274796188412,1.3329431984778821,18387,0.3236732086722832,0.24434909565347504,-0.04218190943816605,0.24796663378008746,0.13442414609711667
miami_dade,3,2020,7.621991222319222,17.327477189807844,0.439878877855487,-0.08367699145587894,0.5528254838548858,62811,18387,0.7016982201195225,0.7016982201195225,0.7375805653624501,0.7375805653624501,0.7051882855285073,0.7051882855285073,0.7619722074886981,646926.3906849901,646926.3906849901,0.3329723166245627,151971.43166897693,151971.43166897693,0.2339935617523974,0.18989289153221284,-0.08477767324164014,-0.17162451852645588,-0.10896910267723764,0.41269971855343407,0.857711015594207,0.9020145817670291,0.831110312117924,22.795845209039065,0.4575435363783153,5.136890141129605,1.085312705925185,0.02134427095897988,0.9124652875649271,-0.037418218166761455,-0.08856514600663139,-0.19449981651465245,0.14812976127535993,div,-0.08477767324164014,-0.08498165984930595,-2.9538519208027516e-08,0.41269971855343407,18387,0.0,187000.00000000017,370000.0000000001,1447400.0000000014,0.5543851837100116,0.857711015594207,1.3732851972433118,18387,0.3329723166245627,0.25107724006080656,-0.03741821816676151,0.26241943463754985,0.1336738361143424
miami_dade,3,2020,11.061685231539125,25.147116145852333,0.439878877855487,-0.08367699145587894,0.526733825725529,62811,18387,0.7024302960432385,0.7024302960432385,0.733761477171134,0.733761477171134,0.7059117963244553,0.7059117963244553,0.7585080999890362,646132.0773512499,646132.0773512499,0.3353865000600546,153498.0736682161,153498.0736682161,0.23592356319063637,0.19314434810137385,-0.0892863430441954,-0.18025415684732826,-0.11247603514660785,0.4055877597520515,0.8554647666317455,0.901144017165936,0.8277557559999718,23.047140851440524,0.45009319451115737,5.170958849841721,1.088659318445098,0.018108651017941808,0.9058244325061241,-0.03960148962112137,-0.09373272919473892,-0.20444348537467913,0.14780177217593649,div,-0.0892863430441954,-0.08952474953571368,-3.057334308388765e-08,0.4055877597520515,18387,0.0,187000.00000000017,370000.0000000001,1447400.0000000014,0.5529885593046955,0.8554647666317455,1.366397362017676,18387,0.3353865000600546,0.2538834772272929,-0.03960148962112143,0.266238522828866,0.12403051370867606
miami_dade,3,2020,16.05366322167172,36.49564466458836,0.439878877855487,-0.08367699145587894,0.5609830394688772,62811,18387,0.6938956970046535,0.6938956970046535,0.7081553989926008,0.7081553989926008,0.6974770502230403,0.6974770502230403,0.7352820829368832,655332.4344388554,655332.4344388554,0.3511445737803546,158705.66052702113,158705.66052702113,0.24735978595329855,0.2087351176220839,-0.08557996851894918,-0.17132653112331972,-0.10395916519529946,0.3944103396073943,0.8330187175914853,0.8823729344282496,0.8139696214831214,23.743253068011615,0.44700041207673774,5.378434248529761,1.0840366902397311,0.02629987321231336,0.9151132190934161,-0.03673561845534864,-0.08694950138037116,-0.1862175540354085,0.15407034619596505,div,-0.08557996851894918,-0.08578981871252643,-2.8496627682954864e-08,0.3944103396073943,18387,0.0,187000.00000000017,370000.0000000001,1447400.0000000014,0.535582769905079,0.8330187175914853,1.345620192310389,18387,0.3511445737803546,0.27091841889093826,-0.03673561845534871,0.2918446010073991,0.13970215574829592
miami_dade,3,2020,23.298448422672752,52.96559938558125,0.439878877855487,-0.08367699145587894,0.6427398722501456,62811,18387,0.7044468236332617,0.7044468236332617,0.6856618973051323,0.6856618973051323,0.7079047309838865,0.7079047309838865,0.7148793312888875,643939.0481985501,643939.0481985501,0.36442540380966765,159956.53296536554,159956.53296536554,0.2542728277602853,0.21756682886377204,-0.07137224023865181,-0.14312138327982266,-0.09022604596713785,0.4097675190356858,0.8227818901192524,0.8691508015992533,0.809882350027276,24.254398811299936,0.4714701540812283,9.06127225914428,1.0731815572594972,0.041529501399001786,0.9317787912901203,-0.02989445265725071,-0.07075715237369597,-0.14899065862110805,0.14554211954537605,div,-0.07137224023865181,-0.0714938019814466,-2.469107014080881e-08,0.4097675190356858,18387,0.0,187000.00000000017,370000.0000000001,1447400.0000000014,0.5202570495397213,0.8227818901192524,1.332312872578972,18387,0.36442540380966765,0.282397828942865,-0.029894452657250787,0.3143381026948677,0.13618988509123
miami_dade,3,2020,33.81270003043063,76.86820561895469,0.439878877855487,-0.08367699145587894,0.6569806515431091,62811,18387,0.691107940191604,0.691107940191604,0.6824988295508903,0.6824988295508903,0.6947219095533668,0.6947219095533668,0.7120102677374557,658309.7966750065,658309.7966750065,0.3662543531617664,161324.01129132832,161324.01129132832,0.2560364760095506,0.21872639841515978,-0.073123078615844,-0.13631708043915589,-0.08708174206577156,0.4152283163207661,0.8261437248539953,0.8749009052234394,0.8133693131363999,24.956004893842643,0.47461330267004326,9.163963385961868,1.0756502502531968,0.046648769135486316,0.9299255311966881,-0.02870282709002834,-0.06793669491963066,-0.14063820145024997,0.1495988178754402,div,-0.073123078615844,-0.07325382766650317,-2.5633888110805234e-08,0.4152283163207661,18387,0.0,187000.00000000017,370000.0000000001,1447400.0000000014,0.5185187940372977,0.8261437248539953,1.3448948704945758,18387,0.3662543531617664,0.2837830967176246,-0.028702827090028415,0.31750117044910986,0.13833620761622065
miami_dade,3,2020,49.071880779635485,111.55771111100502,0.439878877855487,-0.08367699145587894,0.681911530480237,62811,18387,0.6953774045073449,0.6953774045073449,0.6763862162524141,0.6763862162524141,0.6989414220728789,0.6989414220728789,0.706465816153978,653744.4317871055,653744.4317871055,0.36976315656503544,162017.73521496425,162017.73521496425,0.2593681887703188,0.22405783605419669,-0.0696646670933112,-0.13127396127989802,-0.08304499738258322,0.4111923394473517,0.8222530628499007,0.8724620748130907,0.8144104602045199,25.230909417646323,0.4713139211197033,9.499906008828871,1.0712805365908395,0.05150903847650029,0.9378259502727108,-0.026616686146218746,-0.06299900984720169,-0.1296212671342409,0.1576217122364098,div,-0.0696646670933112,-0.06977769446154346,-2.4184139286087725e-08,0.4111923394473517,18387,0.0,187000.00000000017,370000.0000000001,1447400.0000000014,0.5171190018106635,0.8222530628499007,1.3589990719421576,18387,0.36976315656503544,0.2877828137207899,-0.026616686146218822,0.323613783747586,0.14627183734861676
miami_dade,3,2020,71.21730832153513,161.90208693069386,0.439878877855487,-0.08367699145587894,0.6907560144929954,62811,18387,0.6996075765343586,0.6996075765343586,0.6642122626855567,0.6642122626855567,0.7031221020148255,0.7031221020148255,0.6954234202367073,649189.4194981427,649189.4194981427,0.3766539670647465,163434.34197985948,163434.34197985948,0.2629301208269771,0.22844621324879738,-0.06484158335758658,-0.1271282829830755,-0.08041234641989747,0.4111409012135266,0.8117149731018097,0.8618102547281397,0.8077844783033554,25.314181863969427,0.4770795887146183,10.525218855662015,1.0668814242856686,0.0534226555662428,0.9442483645118358,-0.025876606333051486,-0.06124731562120718,-0.12588616262557148,0.16391323327355523,div,-0.06484158335758658,-0.064932687278599,-2.2506986427611103e-08,0.4111409012135266,18387,0.0,187000.00000000017,370000.0000000001,1447400.0000000014,0.5091105676170434,0.8117149731018097,1.3253666505945165,18387,0.3766539670647465,0.29468867690766287,-0.02587660633305157,0.33578773731444334,0.15269528581092187
miami_dade,3,2020,103.35664588322452,234.96614883422563,0.439878877855487,-0.08367699145587894,0.6762643608238192,62811,18387,0.701392743304444,0.701392743304444,0.6585202998975553,0.6585202998975553,0.7048863827251761,0.7048863827251761,0.6902605200903986,647257.549362269,647257.549362269,0.37983289674384113,164520.54571003988,164520.54571003988,0.2647830940649906,0.23099106979256087,-0.06835323939379277,-0.1315622556633862,-0.08321461292651577,0.4111292882513453,0.8117299465852176,0.8619392828356348,0.8049892157424806,25.62301823160844,0.4769946987973116,10.386955376914607,1.070746372720815,0.05241806153843657,0.937733917772055,-0.027089224313308704,-0.06411745999828888,-0.13043434914142024,0.15523777580777812,div,-0.06835323939379277,-0.06845999135688499,-2.372523769096942e-08,0.4111292882513453,18387,0.0,187000.00000000017,370000.0000000001,1447400.0000000014,0.5068099664594872,0.8117299465852176,1.327262149711221,18387,0.37983289674384113,0.29718527774783154,-0.02708922431330878,0.34147970010244466,0.14147366428051536
miami_dade,3,2020,150.0,341.00296138629176,0.439878877855487,-0.08367699145587894,0.6806409850849253,62811,18387,0.6910310834306654,0.6910310834306654,0.6521734601000269,0.6521734601000269,0.694645951999677,0.694645951999677,0.684503613142881,658391.6900261415,658391.6900261415,0.3833464874198852,165807.71986090776,165807.71986090776,0.26657812735134195,0.2335772160686427,-0.06826676825016005,-0.13016068325663807,-0.08169608793443307,0.40797313975010796,0.8077972231212867,0.8572714904137074,0.8008301087113504,25.64020791774462,0.4759101857809198,10.696575599388881,1.0704785960073095,0.052950469839950484,0.9387080273470465,-0.026723001562406545,-0.06325064770754728,-0.12842550811690442,0.1616296001042712,div,-0.06826676825016005,-0.06837311482500492,-2.3513320788626534e-08,0.40797313975010796,18387,0.0,187000.00000000017,370000.0000000001,1447400.0000000014,0.49986212702763816,0.8077972231212867,1.319557588862493,18387,0.3833464874198852,0.3006690933162872,-0.026723001562406624,0.34782653989997314,0.14740083220883293
miami_dade,4,2021,0.001,0.0022546596725665823,0.4435259175331123,-0.0789173096529636,0.025792140706692446,81198,22725,0.48713693627761445,0.48713693627761445,0.8726821117227221,0.8726821117227221,0.4979247776125949,0.4979247776125949,0.899060230040914,1465436.33420678,1465436.33420678,0.25887328827615347,184103.091733888,184103.091733888,0.17194503095025065,0.11770622325259035,-0.1261712672213609,-0.3086085107657844,-0.1489203961252548,0.35009733984639413,0.9244342359340567,0.9576255808020235,0.8424420212100707,16.85187760038027,0.3655970037049087,-18.109872722147397,1.1367258003423248,-0.05924524056949927,0.8607374085767806,-0.0768818632982008,-0.14606253925715604,-0.4290381794232994,0.37599197380945526,div,-0.1261712672213609,-0.12684725046359105,-2.1586539740429085e-08,0.35009733984639413,22725,0.0,215000.00000000006,432000.00000000006,2250000.0,0.6509923975945953,0.9244342359340567,1.3130636807311906,22725,0.25887328827615347,0.17351961323257548,-0.07688186329820075,0.1273178882772778,0.10935058699214992
miami_dade,4,2021,0.001451285485497223,0.0032721548575318023,0.4435259175331123,-0.0789173096529636,0.024251385122849523,81198,22725,0.4864805760197035,0.4864805760197035,0.872014290557127,0.872014290557127,0.49728222359424723,0.49728222359424723,0.8985307701532179,1466373.7643813235,1466373.7643813235,0.2595513349850638,184449.10569931476,184449.10569931476,0.17234383393129973,0.1184936389939538,-0.12441689791607058,-0.30635657457092746,-0.14883242567160515,0.35246247125328634,0.922294376351445,0.9560759969213117,0.8417267073879645,16.852946552056892,0.3686633987194501,-18.601564361929167,1.1358508510300147,-0.05907485317332318,0.861504889731527,-0.07700345558371048,-0.14629354403791608,-0.42941765198475185,0.37904307901279005,div,-0.12441689791607058,-0.12506490025632563,-2.1430189269597082e-08,0.35246247125328634,22725,0.0,215000.00000000006,432000.00000000006,2250000.0,0.6507809358393943,0.922294376351445,1.3011378558021007,22725,0.2595513349850638,0.17414636316267254,-0.07700345558371041,0.12798570944287305,0.10851403135733803
miami_dade,4,2021,0.00210622956041491,0.004748830851035137,0.4435259175331123,-0.0789173096529636,0.012018615116409226,81198,22725,0.49102124492694865,0.49102124492694865,0.8749264025512863,0.8749264025512863,0.5017273815957731,0.5017273815957731,0.9008395416759231,1459876.3452820342,1459876.3452820342,0.2565815046816196,182034.6829214018,182034.6829214018,0.1698818781711954,0.11333810876832397,-0.12674515256057303,-0.31183036842769923,-0.15189342604350722,0.35339719416736404,0.9333246456270945,0.966126825447704,0.8493287530462151,16.83326496041979,0.3657956291360052,-19.352737349193188,1.1375180952988806,-0.060817952625226254,0.8594397881846065,-0.07796883288222217,-0.14812759765619163,-0.43470882329280125,0.38492976801218515,div,-0.12674515256057303,-0.1274304623571528,-2.1889115429598086e-08,0.35339719416736404,22725,0.0,215000.00000000006,432000.00000000006,2250000.0,0.6569808631848262,0.9333246456270945,1.3173673865283178,22725,0.2565815046816196,0.17006527293417814,-0.07796883288222214,0.1250735974487137,0.10654726162135068
miami_dade,4,2021,0.003056740390155355,0.00689190928718872,0.4435259175331123,-0.0789173096529636,0.007123823781368777,81198,22725,0.4879023470963503,0.4879023470963503,0.8747437009902954,0.8747437009902954,0.49867408836280824,0.49867408836280824,0.9006946927957923,1464342.3973300369,1464342.3973300369,0.2567688373227385,181838.9173250656,181838.9173250656,0.16997268380094302,0.11322351319005967,-0.12607042074926775,-0.31233898693398343,-0.15280344128150974,0.3549355210837811,0.9334457705678001,0.9663593765165754,0.8496773705624098,16.837912189711655,0.3672995154073897,-19.85000680522331,1.1373250718410126,-0.06141107087678319,0.8595232007320434,-0.07835511664569621,-0.14886147148476922,-0.43643773593731855,0.38698450598475087,div,-0.12607042074926775,-0.1267447739521281,-2.1867363427953487e-08,0.3549355210837811,22725,0.0,215000.00000000006,432000.00000000006,2250000.0,0.6575580392758068,0.9334457705678001,1.3224009437830109,22725,0.2567688373227385,0.17007718854596468,-0.07835511664569618,0.12525629900970453,0.10622472852559232
miami_dade,4,2021,0.004436202961165585,0.0100021279158605,0.4435259175331123,-0.0789173096529636,0.012782580162846169,81198,22725,0.49270551328625545,0.49270551328625545,0.8771314888754687,0.8771314888754687,0.5033762221360167,0.5033762221360167,0.9025877713183921,1457458.8956180743,1457458.8956180743,0.2543096409748547,179622.6518059461,179622.6518059461,0.1681412010890797,0.10875375829120355,-0.1258758205641225,-0.3111880808163222,-0.15360832286606926,0.35812473681657303,0.9438997964831275,0.9767891762995846,0.8592404697684605,16.85197918708315,0.36664269557687623,-19.538654050043974,1.1368053655140336,-0.0606673516717265,0.8601966237913512,-0.07790854281608847,-0.14801305672581233,-0.43361340046364905,0.3852617682739016,div,-0.1258758205641225,-0.12654703581490714,-2.202979169908754e-08,0.35812473681657303,22725,0.0,215000.00000000006,432000.00000000006,2250000.0,0.6622367961122789,0.9438997964831275,1.3340252582080565,22725,0.2543096409748547,0.16651082562512542,-0.07790854281608844,0.12286851112453136,0.10683785996859696
miami_dade,4,2021,0.006438196968259414,0.014515943068374932,0.4435259175331123,-0.0789173096529636,0.01397734979681875,81198,22725,0.4936985774852818,0.4936985774852818,0.8768027697822309,0.8768027697822309,0.5043483976811853,0.5043483976811853,0.902327157275059,1456031.6582785943,1456031.6582785943,0.2546496003166628,180278.52080914858,180278.52080914858,0.16838891066054404,0.11002449997937917,-0.1260533644085822,-0.31035140589050814,-0.15272629724888181,0.35702829220326177,0.9395367657075702,0.9731576421624598,0.8558035349062064,16.8167122402812,0.3668841844340066,-18.883391669921494,1.137127392526037,-0.06052833622592493,0.8598763567037349,-0.07781425481092032,-0.1478339254604457,-0.43400253925096977,0.38404501309347444,div,-0.1260533644085822,-0.12672744218186865,-2.1993321867843134e-08,0.35702829220326177,22725,0.0,215000.00000000006,432000.00000000006,2250000.0,0.6612445975216511,0.9395367657075702,1.3215241671898814,22725,0.2546496003166628,0.1673436807670371,-0.07781425481092027,0.1231972302177691,0.10678736456590794
miami_dade,4,2021,0.009343661812807113,0.021066777483436563,0.4435259175331123,-0.0789173096529636,0.031527084837520425,81198,22725,0.4904925515693601,0.4904925515693601,0.8735784405939633,0.8735784405939633,0.5012098090625527,0.5012098090625527,0.8997708546930738,1460634.3598281627,1460634.3598281627,0.25796043370024757,182107.16813285043,182107.16813285043,0.1706729930599647,0.11515959299008098,-0.12345182109893435,-0.30531079932433725,-0.14886823021379825,0.3537548363765466,0.9303065258819392,0.9628596896329162,0.8489813551757697,16.862891854344422,0.3674082774750304,-18.46393706687246,1.1341352595824317,-0.05834063671680373,0.8631716095850617,-0.07642927693638579,-0.14520270170374694,-0.42536648792401577,0.378344946045908,div,-0.12345182109893435,-0.12408476880840923,-2.134192762440729e-08,0.3537548363765466,22725,0.0,215000.00000000006,432000.00000000006,2250000.0,0.6531123640575582,0.9303065258819392,1.3099917158477874,22725,0.25796043370024757,0.17148231521251114,-0.07642927693638575,0.12642155940603667,0.10672458703190607
miami_dade,4,2021,0.013560320770321632,0.030573908387911197,0.4435259175331123,-0.0789173096529636,0.026888191997058608,81198,22725,0.49614292880681543,0.49614292880681543,0.8736597611927894,0.8736597611927894,0.5067413331841724,0.5067413331841724,0.8998353270358806,1452512.6488497618,1452512.6488497618,0.2578774539000979,181885.21792008996,181885.21792008996,0.17134983549214022,0.11589019823226425,-0.12079626955189986,-0.30278772656196073,-0.14997148182863582,0.3593461054682714,0.929367056289794,0.9625154624641333,0.8493255602355325,16.95158304089234,0.3733488199911074,-19.489243813942505,1.1332703353437419,-0.058864061646357026,0.8638875740980612,-0.07679536587912342,-0.14589820878794474,-0.42776997590686167,0.380946364705507,div,-0.12079626955189986,-0.12138901027709315,-2.1212908607172903e-08,0.3593461054682714,22725,0.0,215000.00000000006,432000.00000000006,2250000.0,0.6523082146408616,0.929367056289794,1.3178248402588175,22725,0.2578774539000979,0.1721497451658956,-0.07679536587912339,0.12634023880721051,0.10708446822994064
miami_dade,4,2021,0.019679896712654306,0.044371469478297315,0.4435259175331123,-0.0789173096529636,0.04286319681607342,81198,22725,0.48955469136464713,0.48955469136464713,0.8722473074584329,0.8722473074584329,0.5002916763207796,0.5002916763207796,0.898715509884081,1461978.0507168064,1461978.0507168064,0.25931495155880047,183881.95668288143,183881.95668288143,0.1727887199447856,0.1177989472279376,-0.11891785827595894,-0.2961385377932612,-0.14651117431797758,0.35893709909297555,0.9234384002095113,0.9565128780751174,0.8452099352105286,16.922878452016302,0.3752641548139798,-18.77701142832652,1.1316867422256047,-0.056238711690145875,0.86586714923357,-0.07553466147711366,-0.143503083613936,-0.42145581362983797,0.37351581897897296,div,-0.11891785827595894,-0.11948322037201814,-2.0859273735633132e-08,0.35893709909297555,22725,0.0,215000.00000000006,432000.00000000006,2250000.0,0.6498922388583396,0.9234384002095113,1.3133954305676867,22725,0.25931495155880047,0.17443898030999322,-0.07553466147711362,0.12775269254156707,0.10786683291885475
miami_dade,4,2021,0.028561148455159703,0.06439566962403592,0.4435259175331123,-0.0789173096529636,0.05397038226259776,81198,22725,0.4965088179055456,0.4965088179055456,0.8710376059492654,0.8710376059492654,0.5070995259720887,0.5070995259720887,0.8977564381172873,1451985.1628893784,1451985.1628893784,0.2605397969179092,182558.1017339803,182558.1017339803,0.17347503502397274,0.11889666059245736,-0.11778977552547695,-0.2955170893353246,-0.14551687384336676,0.35725085963813447,0.9220468276135448,0.9550447886550567,0.8453156180781771,16.985807519606965,0.37407535693233057,-17.712152359504472,1.1298085214920655,-0.05552330741184855,0.8678176177935737,-0.07465811228385741,-0.14183778837448235,-0.41529906951537066,0.36966237105948546,div,-0.11778977552547695,-0.11833911124052286,-2.056433322371152e-08,0.35725085963813447,22725,0.0,215000.00000000006,432000.00000000006,2250000.0,0.644708474963399,0.9220468276135448,1.303863616826704,22725,0.2605397969179092,0.17559710353956764,-0.07465811228385737,0.1289623940507346,0.10694347181401126
miami_dade,4,2021,0.04145038020210471,0.09345650065423775,0.4435259175331123,-0.0789173096529636,0.07898667172105733,81198,22725,0.5028889505418239,0.5028889505418239,0.8737914382090328,0.8737914382090328,0.5133454554195535,0.5133454554195535,0.8999397227960393,1442756.210039399,1442756.210039399,0.2577430335984349,180079.76650446147,180079.76650446147,0.17148733137681654,0.11580480910963392,-0.11529582215197269,-0.2882902031540014,-0.14298770100639932,0.35984156445113735,0.9296513253558748,0.962382817821676,0.8541980501908987,16.921227051744083,0.3739151150195106,-17.2927761857535,1.1266506843542898,-0.052299010271543975,0.8716231426416382,-0.072683894022296,-0.13808710752517656,-0.405182556943534,0.3596785990504951,div,-0.11529582215197269,-0.11581081662061656,-2.0274896817253977e-08,0.35984156445113735,22725,0.0,215000.00000000006,432000.00000000006,2250000.0,0.6500748815005492,0.9296513253558748,1.3123650703479341,22725,0.2577430335984349,0.1721676634624952,-0.07268389402229594,0.12620856179096718,0.1082347590291445
miami_dade,4,2021,0.060156335155656014,0.13563206292485697,0.4435259175331123,-0.0789173096529636,0.10883299601391105,81198,22725,0.49959173353884556,0.49959173353884556,0.8705753175756826,0.8705753175756826,0.5101175938769136,0.5101175938769136,0.897389928094889,1447533.0282415464,1447533.0282415464,0.2610063545304926,182443.16612943102,182443.16612943102,0.17485166903266247,0.12274372612517645,-0.11002621696808614,-0.2765754673869046,-0.13720081849298144,0.35990308900187623,0.9166313223048418,0.9499413894109854,0.8466835639509885,16.951697489318416,0.3788770675064657,-15.635088869443848,1.1219556276469471,-0.048353829080300025,0.8767243742187806,-0.07032850240607408,-0.13361226175984972,-0.39322793520021565,0.3503867353625724,div,-0.11002621696808614,-0.11047345394641336,-1.9351539062509012e-08,0.35990308900187623,22725,0.0,215000.00000000006,432000.00000000006,2250000.0,0.6446288027846255,0.9166313223048418,1.288969783448668,22725,0.2610063545304926,0.17758125411707001,-0.07032850240607404,0.12942468242431734,0.10871801399378214
miami_dade,4,2021,0.0873040160721099,0.19684084429089094,0.4435259175331123,-0.0789173096529636,0.11250844367319413,81198,22725,0.5016371130642421,0.5016371130642421,0.870456911881786,0.870456911881786,0.5121199497740737,0.5121199497740737,0.8972960540630033,1444571.6602158784,1444571.6602158784,0.26112571960369285,182618.79403495108,182618.79403495108,0.17582134866476504,0.12256182070608596,-0.10973389734531222,-0.27559171121354065,-0.13643945061536805,0.3591834664549471,0.9158722959185721,0.9499421575855644,0.8471645837964534,17.051741391131515,0.37811920091562745,-16.23128759106657,1.1213194882729012,-0.04768228524368431,0.8774379792669719,-0.07003844596503317,-0.13306120357149648,-0.39143204458178393,0.3472661949864158,div,-0.10973389734531222,-0.11017756183040006,-1.926153514341092e-08,0.3591834664549471,22725,0.0,215000.00000000006,432000.00000000006,2250000.0,0.6464818417496614,0.9158722959185721,1.306469834611474,22725,0.26112571960369285,0.17850559730476953,-0.07003844596503313,0.129543088118214,0.10809616095432577
miami_dade,4,2021,0.12670305135106935,0.2856722602723889,0.4435259175331123,-0.0789173096529636,0.1434737544329837,81198,22725,0.5038719848597775,0.5038719848597775,0.8697165126391647,0.8697165126391647,0.5143078120576365,0.5143078120576365,0.8967090530512891,1441328.9829417379,1441328.9829417379,0.26187088409397974,181724.31352872823,181724.31352872823,0.1757155986474516,0.12073852747700813,-0.10805559055570033,-0.2680017167670064,-0.1330041685097397,0.36005612512669055,0.9195608941590308,0.9537852900283502,0.8523337452263512,17.202124055731993,0.3775105898355867,-14.873129206236221,1.1190279574992739,-0.04369405544124211,0.88030632007618,-0.06759474694730262,-0.12841858867641373,-0.3747087251669553,0.33115282461384804,div,-0.10805559055570033,-0.10847911432158096,-1.9013024179444642e-08,0.36005612512669055,22725,0.0,215000.00000000006,432000.00000000006,2250000.0,0.644617056220113,0.9195608941590308,1.3164643714018256,22725,0.26187088409397974,0.17800445374450155,-0.06759474694730257,0.13028348736083525,0.10590309849541571
miami_dade,4,2021,0.18388229939401626,0.414592004942503,0.4435259175331123,-0.0789173096529636,0.1695013548075034,81198,22725,0.49961647895508166,0.49961647895508166,0.8671820517733033,0.8671820517733033,0.5101418187845714,0.5101418187845714,0.8946996897149039,1447497.2372159602,1447497.2372159602,0.2644057590907079,183005.5978541856,183005.5978541856,0.17789716865968616,0.12480353332799961,-0.10557810457507531,-0.2584476515873332,-0.1283258103033764,0.36023337909361997,0.9159969650674095,0.9486808133338898,0.8495065387078474,17.325266810869287,0.37972867187665627,-12.849082203938213,1.11674339173056,-0.03971578117504873,0.8829842731960345,-0.06554071874902304,-0.12451628244350095,-0.36219894309204337,0.316881778442138,div,-0.10557810457507531,-0.10597303301590227,-1.858624119646364e-08,0.36023337909361997,22725,0.0,215000.00000000006,432000.00000000006,2250000.0,0.6403183773137726,0.9159969650674095,1.2931011353927269,22725,0.2644057590907079,0.18126204476496752,-0.06554071874902301,0.13281794822669662,0.10318838171802747
miami_dade,4,2021,0.26686571215039057,0.6016913591762474,0.4435259175331123,-0.0789173096529636,0.19150656886256878,81198,22725,0.49825005766561425,0.49825005766561425,0.8635658086704943,0.8635658086704943,0.5088041395455853,0.5088041395455853,0.8918326711690203,1449472.26488799,1449472.26488799,0.2679810827188481,185255.25022046184,185255.25022046184,0.18118714986825027,0.13047283306936727,-0.10238004648982739,-0.24745831160910098,-0.1246193230190856,0.3653640974772604,0.9076896879280179,0.9420613506389913,0.8445214269694945,17.497867761349323,0.38784325066385,-12.892676669809566,1.115497275207702,-0.03596667091891671,0.8846721155406759,-0.06380412645745971,-0.12121705075375497,-0.3510770505728134,0.3055814787714037,div,-0.10238004648982739,-0.10274001783206506,-1.8279947642086273e-08,0.3653640974772604,22725,0.0,215000.00000000006,432000.00000000006,2250000.0,0.634763235309375,0.9076896879280179,1.2880451587356807,22725,0.2679810827188481,0.18568457361429505,-0.06380412645745967,0.13643419132950574,0.10272383584244672
miami_dade,4,2021,0.38729833462074176,0.8732259363215842,0.4435259175331123,-0.0789173096529636,0.22952410640812693,81198,22725,0.4929491599978373,0.4929491599978373,0.850770617166749,0.850770617166749,0.5036147438498122,0.5036147438498122,0.8816884274618225,1457108.8546411148,1457108.8546411148,0.28026553736266685,193917.22961714715,193917.22961714715,0.1925158832471037,0.14916704168698403,-0.10079930504038637,-0.23841141922329542,-0.11601608980271695,0.35304795305982756,0.8807376742737009,0.9153654757559324,0.8225687921517139,17.715799014017684,0.38569918846501067,-10.551060447329723,1.1128132801652695,-0.030901349272430025,0.8880151187358374,-0.060803884674733764,-0.11551709871863534,-0.3336060626382619,0.28277573299678155,div,-0.10079930504038637,-0.10114279192654477,-1.7391017481130575e-08,0.35304795305982756,22725,0.0,215000.00000000006,432000.00000000006,2250000.0,0.6175380039755308,0.8807376742737009,1.2571295423195765,22725,0.28026553736266685,0.2023259920081531,-0.06080388467473369,0.149229382833251,0.09930912537464692
miami_dade,4,2021,0.5620804515923291,1.2673001269432373,0.4435259175331123,-0.0789173096529636,0.26421709633714774,81198,22725,0.4780994600923749,0.4780994600923749,0.8215182035443467,0.8215182035443467,0.4890774006293672,0.4890774006293672,0.8584966203894121,1478291.6272470925,1478291.6272470925,0.30650636045546537,209067.46210295398,209067.46210295398,0.2129384374592297,0.17816379182861802,-0.09777855283947014,-0.2271581620551405,-0.10691160523307469,0.3414593671822126,0.8422155194668465,0.8756092517110414,0.7885482106233774,18.088613533465054,0.38997632747743227,-9.183325313952771,1.1104067448442232,-0.025440203134492183,0.8912738885504087,-0.0580660072457181,-0.11031559458877588,-0.313543297817942,0.26365870138291714,div,-0.09777855283947014,-0.09809196133634653,-1.6316101272957166e-08,0.3414593671822126,22725,0.0,215000.00000000006,432000.00000000006,2250000.0,0.5827734340279147,0.8422155194668465,1.2228293742128598,22725,0.30650636045546537,0.23227443785921914,-0.058066007245718,0.1784817964556533,0.09796476298506993
miami_dade,4,2021,0.8157392010776716,1.8392142800015086,0.4435259175331123,-0.0789173096529636,0.29483986022701547,81198,22725,0.47746617596924634,0.47746617596924634,0.8153917092608378,0.8153917092608378,0.48845743734980007,0.48845743734980007,0.8536394323540102,1479188.2490392018,1479188.2490392018,0.3117224834447171,210619.26596242507,210619.26596242507,0.216850758900902,0.18182739420167868,-0.09554662077862618,-0.21724497827865058,-0.10310417979651879,0.3443253933940091,0.8395624664066297,0.8734526752703287,0.7876648607707436,18.57351371406195,0.39422052196900725,-5.773699028219817,1.1089141064584755,-0.020310929937817905,0.8935204935750399,-0.05564934110539181,-0.10572433758940099,-0.2959712938088367,0.24101610290582773,div,-0.09554662077862618,-0.09583897719687189,-1.6077486001476605e-08,0.3443253933940091,22725,0.0,215000.00000000006,432000.00000000006,2250000.0,0.5766000752143584,0.8395624664066297,1.224564887914866,22725,0.3117224834447171,0.2372691620143689,-0.055649341105391714,0.18460829073916216,0.09600972674508637
miami_dade,4,2021,1.1838704624751253,2.6692249892854143,0.4435259175331123,-0.0789173096529636,0.338885333246321,81198,22725,0.4783005418599079,0.4783005418599079,0.8106407419339449,0.8106407419339449,0.4892742527333567,0.4892742527333567,0.849872785297979,1478006.816149458,1478006.816149458,0.31570815379774664,211042.4630244545,211042.4630244545,0.21985333646873115,0.1852316518856757,-0.09102567306072887,-0.20204130878267312,-0.0974622663764867,0.3499764809747188,0.8371399862495387,0.8724420414479594,0.7893720857805919,19.011120341899996,0.4011546496551368,-4.907321016309467,1.105235486741619,-0.013034444872957553,0.8981866537306002,-0.05217339087231604,-0.0991206199426874,-0.2739964155209957,0.21734799780263758,div,-0.09102567306072887,-0.091278333323361,-1.556813234112442e-08,0.3499764809747188,22725,0.0,215000.00000000006,432000.00000000006,2250000.0,0.5740671813472651,0.8371399862495387,1.2218025954767437,22725,0.31570815379774664,0.24081992854570705,-0.052173390872315935,0.18935925806605516,0.0953588060842897
miami_dade,4,2021,1.7181340188990342,3.8738074844764023,0.4435259175331123,-0.0789173096529636,0.39210261519272704,81198,22725,0.4783865811050412,0.4783865811050412,0.8035406128284794,0.8035406128284794,0.48935848218209255,0.48935848218209255,0.8442436831483685,1477884.9338738252,1477884.9338738252,0.3215725128984347,212229.12140254202,212229.12140254202,0.22360431553810653,0.18726379844782198,-0.08668174811753383,-0.18554157911645972,-0.09037270229981209,0.3533772177245519,0.8336938401002281,0.8691322086264891,0.7892578418752144,19.43357759573568,0.40659521019929173,-1.9127135579358858,1.10120186650474,-0.005239152760536279,0.9031408622597703,-0.04797362615406244,-0.09114177717386118,-0.24834445028314767,0.18978396258477898,div,-0.08668174811753383,-0.08689983309593831,-1.4969247332051185e-08,0.3533772177245519,22725,0.0,215000.00000000006,432000.00000000006,2250000.0,0.5633692945175441,0.8336938401002281,1.212319675631989,22725,0.3215725128984347,0.24600345132275425,-0.04797362615406233,0.19645938717152062,0.09217449150965934
miami_dade,4,2021,2.4935029637671793,5.622000575831111,0.4435259175331123,-0.0789173096529636,0.4349381395965435,81198,22725,0.47298810294920135,0.47298810294920135,0.7949167815658675,0.7949167815658675,0.4840735585594508,0.4840735585594508,0.837406564220365,1485512.989727113,1485512.989727113,0.32855462805194113,213740.5414235522,213740.5414235522,0.22848640988364352,0.1937710311035749,-0.08240677036258817,-0.17012735718012376,-0.08506312482466061,0.36275190680076347,0.8313415811778154,0.8677338482262923,0.7897842613770396,20.151914406349565,0.4180543252355241,-0.7190649411266854,1.0986973160408926,0.0028210945562498293,0.9067911264633559,-0.044593161810539385,-0.08471946657027819,-0.22569572729556434,0.16591894227090734,div,-0.08240677036258817,-0.08259407217051601,-1.4608524517148324e-08,0.36275190680076347,22725,0.0,215000.00000000006,432000.00000000006,2250000.0,0.5598317680407865,0.8313415811778154,1.227302469110953,22725,0.32855462805194113,0.25199399691398294,-0.044593161810539274,0.20508321843413244,0.09270481420201014
miami_dade,4,2021,3.618784659359615,8.15912783516072,0.4435259175331123,-0.0789173096529636,0.47510283681419463,81198,22725,0.4745133834110763,0.4745133834110763,0.7851824108335246,0.7851824108335246,0.48556675544038963,0.48556675544038963,0.8296889908635148,1483361.742508354,1483361.742508354,0.3362617323758696,215976.84486221735,215976.84486221735,0.23414735332628384,0.19896875140744366,-0.07897391655404588,-0.15998640843080036,-0.08034683021342709,0.3643578963107996,0.8244016320602574,0.8624350648169227,0.7874019315526305,20.734570669647653,0.4224850404570689,1.1240953921512848,1.0952920360715128,0.008780347565998301,0.9112656037404606,-0.04142347196309649,-0.0786975918664952,-0.20643561827879142,0.1474379803822724,div,-0.07897391655404588,-0.07913871730075929,-1.4061952233430723e-08,0.3643578963107996,22725,0.0,215000.00000000006,432000.00000000006,2250000.0,0.5516373351013141,0.8244016320602574,1.226088966803949,22725,0.3362617323758696,0.2596517505586585,-0.04142347196309637,0.2148175891664754,0.09465567908050639
miami_dade,4,2021,5.2518896512686215,11.841223801485132,0.4435259175331123,-0.0789173096529636,0.5389850996548737,81198,22725,0.4730936920920038,0.4730936920920038,0.7707462097828816,0.7707462097828816,0.4841769266826481,0.4841769266826481,0.8182437271000952,1485364.1677541453,1485364.1677541453,0.3473767832059676,218776.3634869253,218776.3634869253,0.2419907264121072,0.20751723331786745,-0.07420234912141016,-0.14274663080703762,-0.07265819007450326,0.3692846329189851,0.8182253424833034,0.8584112445634958,0.7869583033980813,21.658798963403985,0.4302049403481045,4.3664728241988335,1.0907963495103632,0.019324588887453795,0.917357091993827,-0.03638205564516661,-0.06911975338470425,-0.17591505119887244,0.12705584329049988,div,-0.07420234912141016,-0.07433898656393634,-1.33909887791445e-08,0.3692846329189851,22725,0.0,215000.00000000006,432000.00000000006,2250000.0,0.5395214745649278,0.8182253424833034,1.2434397551175,22725,0.3473767832059676,0.26970880805372843,-0.036382055645166486,0.22925379021711847,0.09632588866596407
miami_dade,4,2021,7.621991222319222,17.18499623361962,0.4435259175331123,-0.0789173096529636,0.5542135759373004,81198,22725,0.4773178903390243,0.4773178903390243,0.7623462271587347,0.7623462271587347,0.48831227084038087,0.48831227084038087,0.8115840791494856,1479398.117561104,1479398.117561104,0.353683568339666,219571.22691959317,219571.22691959317,0.24622197792984818,0.20945538747252826,-0.07155389645459924,-0.13722461100070374,-0.07122077563644162,0.37654528830974954,0.8180594420700702,0.8590771874772872,0.7888198438145383,22.298388761431436,0.43832332984394023,2.1176223024484613,1.0890663999057146,0.02408481702401716,0.9189933170313921,-0.03518026526684353,-0.06683655489311935,-0.16617849700991366,0.12066845798701048,div,-0.07155389645459924,-0.07167639067290114,-1.3166921967038133e-08,0.37654528830974954,22725,0.0,215000.00000000006,432000.00000000006,2250000.0,0.5299581047153269,0.8180594420700702,1.2567907732146875,22725,0.353683568339666,0.2746339027974198,-0.03518026526684341,0.23765377284126538,0.09085627387113543
miami_dade,4,2021,11.061685231539125,24.940335602176603,0.4435259175331123,-0.0789173096529636,0.5815501215040172,81198,22725,0.47517221322693914,0.47517221322693914,0.7487808751447078,0.7487808751447078,0.4862117270706606,0.4862117270706606,0.8008292391954344,1482431.5671027764,1482431.5671027764,0.36363767814740167,221998.46271113673,221998.46271113673,0.2522027655540901,0.2150344735973343,-0.06684867171632435,-0.1266231158975678,-0.06862267803962548,0.3931852282575148,0.813524374844688,0.8562268658601034,0.7876889024457021,23.217867858417073,0.459216937894347,4.095251584783843,1.0870114625223197,0.03145495384241703,0.9218058957572185,-0.03302293863551259,-0.06273799910555876,-0.15186980539780112,0.11627181971614596,div,-0.06684867171632435,-0.06694851611467705,-1.284469308132446e-08,0.3931852282575148,22725,0.0,215000.00000000006,432000.00000000006,2250000.0,0.5205675332751888,0.813524374844688,1.2677318546836696,22725,0.36363767814740167,0.2825285672593495,-0.03302293863551247,0.25121912485529224,0.09172539104684618
miami_dade,4,2021,16.05366322167172,36.19554706286854,0.4435259175331123,-0.0789173096529636,0.6254394652307012,81198,22725,0.47716057289586866,0.47716057289586866,0.7339672032568414,0.7339672032568414,0.48815826249810634,0.48815826249810634,0.7890847101835008,1479620.7362574185,1479620.7362574185,0.37420545742108924,224593.05891350264,224593.05891350264,0.25965580580109116,0.22493140817937077,-0.06211740479735247,-0.11551211672375408,-0.06418810635185901,0.4031526772406502,0.8072937252314822,0.8516153489111105,0.7863137115140164,24.126689225502716,0.4734080336795494,6.978109115270097,1.0830478172272466,0.03941823629273994,0.927061373692113,-0.029559309706168532,-0.05615768985235707,-0.13268962438542325,0.1144503534597174,div,-0.06211740479735247,-0.062197485102491526,-1.2238173536060599e-08,0.4031526772406502,22725,0.0,215000.00000000006,432000.00000000006,2250000.0,0.5098664743485627,0.8072937252314822,1.2735297943333974,22725,0.37420545742108924,0.29244797962886737,-0.029559309706168404,0.2660327967431586,0.09383299175405743
miami_dade,4,2021,23.298448422672752,52.530072091972755,0.4435259175331123,-0.0789173096529636,0.6497840991299607,81198,22725,0.4694730515428579,0.4694730515428579,0.7231998355031687,0.7231998355031687,0.4806324446610666,0.4806324446610666,0.7805481593592081,1490458.7761997452,1490458.7761997452,0.3817031103432763,226606.15060962673,226606.15060962673,0.2639734851235599,0.2266210841615765,-0.06026273996664893,-0.10676830261013137,-0.060560253092201,0.4115170844448827,0.8060645268828268,0.8510684934170705,0.7864022007180147,24.748762527100954,0.48354056366569104,7.584569824674166,1.0822305591719008,0.04642485127404045,0.9280159304996958,-0.027638096694352618,-0.05250771001418257,-0.12129658455898308,0.11526796629202593,div,-0.06026273996664893,-0.06033584934707223,-1.2119103647773696e-08,0.4115170844448827,22725,0.0,215000.00000000006,432000.00000000006,2250000.0,0.5019896042398452,0.8060645268828268,1.2765472086760523,22725,0.3817031103432763,0.29788610104306773,-0.027638096694352497,0.27680016449683137,0.09099542501668013
miami_dade,4,2021,33.81270003043063,76.2361311792028,0.4435259175331123,-0.0789173096529636,0.6848328026856004,81198,22725,0.4756486487831617,0.4756486487831617,0.7094121759360927,0.7094121759360927,0.4866781410216041,0.4866781410216041,0.769617070226282,1481758.5430282697,1481758.5430282697,0.39109407217507725,229262.94119666461,229262.94119666461,0.27074496104778895,0.23462430842956522,-0.057137510311732934,-0.09961607623095066,-0.057138772797647626,0.41614435147392187,0.7992513515722379,0.845758452607298,0.7837563329907511,25.367345512329475,0.4920477076930662,7.59642356856759,1.0791089232797033,0.05336827964423972,0.9323176270865993,-0.024872147302917282,-0.047252873902799135,-0.10728529272272046,0.12285427764026673,div,-0.057137510311732934,-0.057199811243155915,-1.1619811228571867e-08,0.41614435147392187,22725,0.0,215000.00000000006,432000.00000000006,2250000.0,0.4944467795900292,0.7992513515722379,1.2836258944884436,22725,0.39109407217507725,0.3065731017616899,-0.02487214730291715,0.2905878240639073,0.09498877463966278
miami_dade,4,2021,49.071880779635485,110.64039065083931,0.4435259175331123,-0.0789173096529636,0.6928098547807218,81198,22725,0.47206611556237865,0.47206611556237865,0.701722184203268,0.701722184203268,0.48317096475806154,0.48317096475806154,0.7635203150334211,1486811.846303322,1486811.846303322,0.39623515444214646,231269.1690386477,231269.1690386477,0.27476496879938883,0.23825112165886153,-0.055740745726791135,-0.09503379850251666,-0.055820979229692536,0.42614940783739835,0.7972495840007691,0.847094207493425,0.7851535396294758,26.02513233596334,0.503083105281131,6.820170727251748,1.0788898791606796,0.05914025185832241,0.9323714328966737,-0.02424261981260878,-0.04605687812665623,-0.10272129837798266,0.12208577524603191,div,-0.055740745726791135,-0.05579858298980355,-1.1608294561572913e-08,0.42614940783739835,22725,0.0,215000.00000000006,432000.00000000006,2250000.0,0.48986610383618895,0.7972495840007691,1.2957642250532981,22725,0.39623515444214646,0.3105727951837035,-0.024242619812608644,0.29827781579673196,0.09122210928684372
miami_dade,4,2021,71.21730832153513,160.57079306130572,0.4435259175331123,-0.0789173096529636,0.6951139528503775,81198,22725,0.4700948993683747,0.4700948993683747,0.6966008669766119,0.6966008669766119,0.4812412122003419,0.4812412122003419,0.7594600483282401,1489585.0125715632,1489585.0125715632,0.3996222812294154,232977.94663158833,232977.94663158833,0.2782204322974531,0.2404862206748206,-0.054698638589718046,-0.09227749182840364,-0.056674749417027416,0.445590942069745,0.7944389212747931,0.8487523026962782,0.7851966634884218,26.626337576656162,0.5250068187843259,7.1839624044770245,1.0809423195018373,0.06415479096984653,0.9300660716325274,-0.024060786591774953,-0.045711425755746826,-0.10069594998037405,0.12502791220763138,div,-0.054698638589718046,-0.05475328842974817,-1.1910956184623933e-08,0.445590942069745,22725,0.0,215000.00000000006,432000.00000000006,2250000.0,0.48842359049264494,0.7944389212747931,1.3028433786735993,22725,0.3996222812294154,0.31366515040490706,-0.02406078659177482,0.3033991330233881,0.0898440821140236
miami_dade,4,2021,103.35664588322452,233.0340613646512,0.4435259175331123,-0.0789173096529636,0.7023194201545193,81198,22725,0.47390118704625483,0.47390118704625483,0.6883675111058463,0.6883675111058463,0.48496743634772277,0.48496743634772277,0.7529325048790712,1484225.5554992068,1484225.5554992068,0.4050082697435788,233364.0239224518,233364.0239224518,0.281156587753159,0.24199653272759855,-0.05570883380073658,-0.09539751156003566,-0.05699471385889971,0.4334510489158632,0.7944464482326266,0.8486535369129284,0.7856876470797867,27.03103682498687,0.5107627167667833,8.89706544720296,1.0801411223240824,0.06432420336583351,0.9311885491497616,-0.02349215049733968,-0.04463111333480123,-0.09671970899056968,0.1287291030313211,div,-0.05570883380073658,-0.05576657166049567,-1.1800431311462644e-08,0.4334510489158632,22725,0.0,215000.00000000006,432000.00000000006,2250000.0,0.48057590604440764,0.7944464482326266,1.3182057267431206,22725,0.4050082697435788,0.3177689710503794,-0.023492150497339555,0.3116324888941536,0.0900103663104492
miami_dade,4,2021,150.0,338.1989508849873,0.4435259175331123,-0.0789173096529636,0.700389493447648,81198,22725,0.4695305257542276,0.4695305257542276,0.6867102956753866,0.6867102956753866,0.48068870992853485,0.48068870992853485,0.7516186365249327,1490378.0401851353,1490378.0401851353,0.4060837288594275,234773.78353839647,234773.78353839647,0.28177503739187154,0.23861207976223456,-0.055541367629231966,-0.09350292815945022,-0.05687598384651082,0.44131250886331697,0.7975639690713083,0.8496521223926694,0.7857369408466618,27.065926936864454,0.5194151905219473,7.587166226266152,1.0813442492307115,0.0656294441311755,0.9301142604781091,-0.023644455120873372,-0.044920466364236154,-0.09686912371984324,0.12694451014856836,div,-0.055541367629231966,-0.05559858571457167,-1.197833797937295e-08,0.44131250886331697,22725,0.0,215000.00000000006,432000.00000000006,2250000.0,0.4801075283820957,0.7975639690713083,1.3158969055440985,22725,0.4060837288594275,0.31829078400264815,-0.02364445512087324,0.31328970432461345,0.09066865357335835
miami_dade,5,2022,0.001,0.0020612552375391937,0.48514127789134875,-0.09702398897149322,-0.001234651000679765,103923,13911,0.594385114013293,0.594385114013293,0.7700212421632981,0.7700212421632981,0.6065289495004709,0.6065289495004709,0.8329606651091556,1210529.1604784182,1210529.1604784182,0.34245131844642185,269645.58702027536,269645.58702027536,0.24316366120825794,0.2053946403080384,-0.12198108030068583,-0.2921096557735302,-0.17998228745376751,0.4399859766808614,0.8135832107057044,0.8572013577009509,0.7418423631976917,19.61435722227103,0.5133003907417928,-20.151388459279836,1.1555033794592253,-0.07845384425872971,0.8280152975707659,-0.09714377973656692,-0.1905044110490923,-0.48789189408929223,0.4332184903833715,div,-0.12198108030068583,-0.12259154071396844,-2.8236638707786766e-08,0.4399859766808614,13911,0.0,257500.0000000002,499999.9999999997,2500000.000000001,0.555263879346058,0.8135832107057044,1.2558124285809473,13911,0.34245131844642185,0.267484845152517,-0.09714377973656682,0.2299787578367018,0.09387332437146417
miami_dade,5,2022,0.001451285485497223,0.002991469808145762,0.48514127789134875,-0.09702398897149322,-0.00029281318630713926,103923,13911,0.5951185997934868,0.5951185997934868,0.7740299021960269,0.7740299021960269,0.6072404752122486,0.6072404752122486,0.8358722553445719,1209434.1468009048,1209434.1468009048,0.33945363796443023,267513.611587318,267513.611587318,0.24092485314632933,0.20289053502718618,-0.12670954248389876,-0.3028662030373557,-0.17962963965940387,0.42352803801436767,0.8161365089528477,0.8598310683754163,0.7444826507680447,19.498006927128543,0.4925889249502267,-20.241322987449745,1.154937683891455,-0.08000300909900876,0.8283893429604308,-0.09705239887485231,-0.19032520804413092,-0.4893426814036262,0.43539531960482764,div,-0.12670954248389876,-0.1273942710546486,-2.8234049781027212e-08,0.42352803801436767,13911,0.0,257500.0000000002,499999.9999999997,2500000.000000001,0.5576114119504265,0.8161365089528477,1.2583842512940582,13911,0.33945363796443023,0.2645781812412135,-0.0970523988748522,0.22597009780397312,0.0941393369222405
miami_dade,5,2022,0.00210622956041491,0.004341476712865107,0.48514127789134875,-0.09702398897149322,0.00018411783265592785,103923,13911,0.5983975312617323,0.5983975312617323,0.7730881664746987,0.7730881664746987,0.6104212376889215,0.6104212376889215,0.8351882490910669,1204526.8908567948,1204526.8908567948,0.3401602430595546,267366.00674838346,267366.00674838346,0.2411224931560902,0.20307794108927887,-0.12741043372662222,-0.3046233813345463,-0.17958242098365562,0.4209742851968345,0.8155969371355324,0.8594463080800967,0.7441592082382401,19.527323522318575,0.48983794920108176,-19.600052430101357,1.1549226275312685,-0.08004324170743198,0.8283534152371079,-0.09700612512492829,-0.19023446262018082,-0.4882584846957981,0.43459310644286486,div,-0.12741043372662222,-0.12810666336123264,-2.8219040915886706e-08,0.4209742851968345,13911,0.0,257500.0000000002,499999.9999999997,2500000.000000001,0.5579289419178208,0.8155969371355324,1.2612202271704316,13911,0.3401602430595546,0.2649882052175174,-0.09700612512492816,0.22691183352530128,0.09346786039464416
miami_dade,5,2022,0.003056740390155355,0.006300722139005324,0.48514127789134875,-0.09702398897149322,0.003301427526470113,103923,13911,0.5935381100707098,0.5935381100707098,0.7715263733815474,0.7715263733815474,0.6057073042833465,0.6057073042833465,0.834053879630291,1211792.413253281,1211792.413253281,0.34132886635462406,267647.72639324283,267647.72639324283,0.24193733325844277,0.2036347328680597,-0.12448832456169008,-0.2995556599096229,-0.17884606142644555,0.4263407367995354,0.8141101129643382,0.8574837810567094,0.7434048073926743,19.500469940672556,0.4972176394651644,-20.256839245734774,1.1534547160976016,-0.0790927385865662,0.8301289808262884,-0.09670367130357492,-0.18964133368014244,-0.48710487543897946,0.43370337917395174,div,-0.12448832456169008,-0.1251374505944396,-2.792332559222739e-08,0.4263407367995354,13911,0.0,257500.0000000002,499999.9999999997,2500000.000000001,0.5545757817953341,0.8141101129643382,1.2564194543000875,13911,0.34132886635462406,0.2662469043243781,-0.09670367130357481,0.22847362661845264,0.09446598963938407
miami_dade,5,2022,0.004436202961165585,0.009144146588489442,0.48514127789134875,-0.09702398897149322,0.006002315616350895,103923,13911,0.5965910309802354,0.5965910309802354,0.7735769387056333,0.7735769387056333,0.6086688228046424,0.6086688228046424,0.8355432566106152,1207232.970639921,1207232.970639921,0.33979368987656045,266922.34994723287,266922.34994723287,0.24101838148883964,0.2027543401121625,-0.12756014916853545,-0.3062455354153148,-0.17853061636471543,0.41629185995731555,0.8155425836354826,0.8597720897409348,0.7456333457263651,19.543999661931338,0.484206022058552,-20.624436571730964,1.1530762333374194,-0.07922418305562011,0.8306266311021939,-0.09644162036732908,-0.18912743706823631,-0.4856720712185135,0.4318652139736384,div,-0.12756014916853545,-0.12825885225334732,-2.793795569368371e-08,0.41629185995731555,13911,0.0,257500.0000000002,499999.9999999997,2500000.000000001,0.5552792521481981,0.8155425836354826,1.2596836583849425,13911,0.33979368987656045,0.26477166568606847,-0.09644162036732898,0.2264230612943668,0.09530592545535974
miami_dade,5,2022,0.006438196968259414,0.013270767221133673,0.48514127789134875,-0.09702398897149322,0.013456756134813341,103923,13911,0.6087096106366567,0.6087096106366567,0.7742106351611642,0.7742106351611642,0.6204245803784181,0.6204245803784181,0.8360035262261669,1188961.8060069429,1188961.8060069429,0.33931786173742795,265245.92954089685,265245.92954089685,0.24104591931803895,0.20253752879463796,-0.12144624597563261,-0.2952530381895988,-0.17846650685032045,0.4316356713754797,0.8162881415425854,0.8603209176318235,0.7476474720422728,19.546329222056276,0.5017327575688175,-19.649025869000774,1.1507039745373204,-0.07737396707850445,0.8334353543015042,-0.09571836081267712,-0.18770908443806028,-0.48249137554799737,0.4293490918876948,div,-0.12144624597563261,-0.12204866408364472,-2.757929183392563e-08,0.4316356713754797,13911,0.0,257500.0000000002,499999.9999999997,2500000.000000001,0.5576208694207045,0.8162881415425854,1.2668542054792418,13911,0.33931786173742795,0.2644137496986145,-0.09571836081267703,0.22578936483883585,0.09644354968988503
miami_dade,5,2022,0.009343661812807113,0.01925967184944362,0.48514127789134875,-0.09702398897149322,0.011749847814480407,103923,13911,0.6207521225314747,0.6207521225314747,0.7724808695397616,0.7724808695397616,0.6321065476079502,0.6321065476079502,0.8347471541088722,1170522.8403922787,1170522.8403922787,0.3406151339199681,266594.1002326654,266594.1002326654,0.24200692077049435,0.20373650761544168,-0.12466789604951019,-0.30261759823258366,-0.17858239140781965,0.42140475801721694,0.8149490939557564,0.8586492071206242,0.7457283367457914,19.517275033919937,0.49079403066728766,-19.686564436681422,1.151423601344689,-0.07835537827731402,0.8328292073770825,-0.09588397186672448,-0.18803385702154496,-0.482942164672377,0.4289669950855577,div,-0.12466789604951019,-0.12531985291306055,-2.7639854465382776e-08,0.42140475801721694,13911,0.0,257500.0000000002,499999.9999999997,2500000.000000001,0.5574109195006136,0.8149490939557564,1.2596335634122697,13911,0.3406151339199681,0.2658023382901744,-0.09588397186672436,0.2275191304602384,0.09668969141224283
miami_dade,5,2022,0.013560320770321632,0.027951282210536974,0.48514127789134875,-0.09702398897149322,0.020310591237865605,103923,13911,0.6236563888742952,0.6236563888742952,0.7731086581827077,0.7731086581827077,0.6349238621797764,0.6349238621797764,0.8352031327320988,1166032.3163019456,1166032.3163019456,0.34014488330143594,265418.2684436935,265418.2684436935,0.24169043195099615,0.20325306893739467,-0.12192472281934547,-0.2967741551486324,-0.1770771133722216,0.4260801843628654,0.8151646079073611,0.8588238543900558,0.7471624036931213,19.490795038033436,0.49613840779625756,-19.745673532407984,1.1494473626416524,-0.07675717508661882,0.835103864293,-0.09505337439122616,-0.18640500869674473,-0.479369569406276,0.4258335662126809,div,-0.12192472281934547,-0.12253433240139987,-2.733158393494491e-08,0.4260801843628654,13911,0.0,257500.0000000002,499999.9999999997,2500000.000000001,0.5579210086871194,0.8151646079073611,1.2588886266836798,13911,0.34014488330143594,0.2654459061657273,-0.09505337439122605,0.22689134181729229,0.0973026669104857
miami_dade,5,2022,0.019679896712654306,0.04056529017318904,0.48514127789134875,-0.09702398897149322,0.025963714080821765,103923,13911,0.6159006146870534,0.6159006146870534,0.7738768554348027,0.7738768554348027,0.6274002906287284,0.6274002906287284,0.8357610936466717,1177985.973194352,1177985.973194352,0.33956857238871696,264751.906538627,264751.906538627,0.24128618569675106,0.2032227552675933,-0.11993723249824355,-0.29047420815488734,-0.1762694596829985,0.4333357079156415,0.8154227398892205,0.8594164416563382,0.7477047437277862,19.56683656665909,0.5042389964169806,-19.316416572858756,1.149406164486262,-0.07535347245162408,0.8350271742390987,-0.09450488586285669,-0.18532939187035025,-0.47699339842752253,0.4219774830084598,div,-0.11993723249824355,-0.120517344335629,-2.73438830446188e-08,0.4333357079156415,13911,0.0,257500.0000000002,499999.9999999997,2500000.000000001,0.5566360391203848,0.8154227398892205,1.257669081503364,13911,0.33956857238871696,0.2649115575467667,-0.09450488586285657,0.2261231445651973,0.09569732861560656
miami_dade,5,2022,0.028561148455159703,0.058871816843332384,0.48514127789134875,-0.09702398897149322,0.03589756562578017,103923,13911,0.6218365688155145,0.6218365688155145,0.7730631054838889,0.7730631054838889,0.633158526303341,0.633158526303341,0.8351700466654344,1168848.1073888903,1168848.1073888903,0.34017902682510215,263658.6447570579,263658.6447570579,0.2421315895374407,0.20390226092545843,-0.11813280702869974,-0.29035003790394515,-0.17629637173960422,0.43358721511164544,0.814336412367475,0.85915780188095,0.7490629165345338,19.59280650208687,0.5046835393127072,-18.182823279490936,1.1469768198588168,-0.07410236004749851,0.8386023013814781,-0.09354106396011419,-0.18343928295718986,-0.47161128442182076,0.4162475685353754,div,-0.11813280702869974,-0.11868698334109744,-2.6948132778793597e-08,0.43358721511164544,13911,0.0,257500.0000000002,499999.9999999997,2500000.000000001,0.5590982193085807,0.814336412367475,1.2597402543500356,13911,0.34017902682510215,0.2655054383835071,-0.09354106396011408,0.22693689451611113,0.10017989116082746
miami_dade,5,2022,0.04145038020210471,0.08543981328957923,0.48514127789134875,-0.09702398897149322,0.04917490242862599,103923,13911,0.6417210294910286,0.6417210294910286,0.7745601180682617,0.7745601180682617,0.6524476596683022,0.6524476596683022,0.8362573644193394,1137703.1797260554,1137703.1797260554,0.33905515734486413,261510.18982264784,261510.18982264784,0.24180610497931154,0.20275354853494237,-0.10968970235093858,-0.2729752707409671,-0.17532777237940234,0.45865104796285056,0.8154105454767389,0.8606609478772909,0.7525254211405996,19.655499648123815,0.5329247657584935,-18.36022895385481,1.1436968422578877,-0.07076031028804566,0.8422077075552943,-0.0922528437805841,-0.18091301079371797,-0.46560085077526503,0.41126933646614083,div,-0.10968970235093858,-0.11013282839400315,-2.6468536875586942e-08,0.45865104796285056,13911,0.0,257500.0000000002,499999.9999999997,2500000.000000001,0.5578850218815752,0.8154105454767389,1.2602192354884703,13911,0.33905515734486413,0.26459074631639207,-0.09225284378058396,0.22543988193173822,0.09999216248330363
miami_dade,5,2022,0.060156335155656014,0.12399756091075909,0.48514127789134875,-0.09702398897149322,0.07037358069202315,103923,13911,0.6453390637974263,0.6453390637974263,0.7751075353476042,0.7751075353476042,0.6559573724733897,0.6559573724733897,0.836654967307142,1131944.12863451,1131944.12863451,0.33864325715366156,260504.52885572214,260504.52885572214,0.24188595307132635,0.2033596632733433,-0.11322485783642863,-0.28192807580871687,-0.17216112467551034,0.43606551641099256,0.8154408659405507,0.8617005754380191,0.7555765584493837,19.723328034136262,0.5060704415114506,-17.410357773096212,1.1404543534363034,-0.06856757899080325,0.8463790592457024,-0.09019606345454598,-0.1768795489937777,-0.4546117121217202,0.3988888681061642,div,-0.11322485783642863,-0.11371245653203957,-2.597617583986862e-08,0.43606551641099256,13911,0.0,257500.0000000002,499999.9999999997,2500000.000000001,0.5609092435960821,0.8154408659405507,1.267864001433407,13911,0.33864325715366156,0.26446643253023405,-0.09019606345454588,0.2248924646523957,0.10140349385265887
miami_dade,5,2022,0.0873040160721099,0.17995586038684247,0.48514127789134875,-0.09702398897149322,0.07784518242973038,103923,13911,0.6548243870159249,0.6548243870159249,0.7759729960744622,0.7759729960744622,0.6651587115268891,0.6651587115268891,0.8372835731207762,1116704.75514913,1116704.75514913,0.3379910233107304,258799.30308828803,258799.30308828803,0.24173836387435077,0.20231843250276527,-0.10846539416119433,-0.2742360712152495,-0.1725360770538419,0.44927300196961784,0.816287490238108,0.863479022312126,0.7587368269898269,19.82380312455524,0.5203243383463915,-15.81544086164762,1.1380481236660778,-0.06667625136729712,0.8493243276718936,-0.08947113884994731,-0.17545793110708885,-0.45035856732752627,0.3963525981248122,div,-0.10846539416119433,-0.10889377792921787,-2.5637944743811375e-08,0.44927300196961784,13911,0.0,257500.0000000002,499999.9999999997,2500000.000000001,0.5590714930645269,0.816287490238108,1.273101472936144,13911,0.3379910233107304,0.2636536084419113,-0.08947113884994719,0.22402700392553776,0.102656963178494
miami_dade,5,2022,0.12670305135106935,0.2611673282095891,0.48514127789134875,-0.09702398897149322,0.10569816037512303,103923,13911,0.6555980127956504,0.6555980127956504,0.7762495418399601,0.7762495418399601,0.6659091754737476,0.6659091754737476,0.8374844352402613,1115452.644399311,1115452.644399311,0.33778234567811793,257687.21829132974,257687.21829132974,0.241773053487623,0.20196261736508475,-0.10886811693701111,-0.27391740563114914,-0.16890652364997363,0.4403335479336935,0.8175007038061267,0.8652169616186608,0.762177723795573,19.940928481149463,0.5089467672647836,-15.396637874476701,1.1351905659351498,-0.06220266674643711,0.8533833557970063,-0.08676873182495028,-0.17015835906955776,-0.43531601154815763,0.37749649117668443,div,-0.10886811693701111,-0.10930131307480419,-2.5221108624122353e-08,0.4403335479336935,13911,0.0,257500.0000000002,499999.9999999997,2500000.000000001,0.5614710232560083,0.8175007038061267,1.2745090200175346,13911,0.33778234567811793,0.26319719728174634,-0.08676873182495017,0.2237504581600399,0.10178367234037093
miami_dade,5,2022,0.18388229939401626,0.37902835271666613,0.48514127789134875,-0.09702398897149322,0.12413668844311743,103923,13911,0.6583114965232639,0.6583114965232639,0.7757607858326847,0.7757607858326847,0.6685414193328953,0.6685414193328953,0.8371294395043631,1111049.725500116,1111049.725500116,0.3381510669172872,257560.1846535727,257560.1846535727,0.24264691000710484,0.2039752165050465,-0.10616102528313567,-0.26677434762265423,-0.16548909814354895,0.4429761082078645,0.8164786756468772,0.8653137526999319,0.7642336767840936,20.09525676933909,0.5119438232392755,-14.41018617722288,1.1322633102759678,-0.05861852860211655,0.856696151508634,-0.08497975228103061,-0.1666500696523919,-0.4256460219136128,0.36765078326311096,div,-0.10616102528313567,-0.10656256139048227,-2.4741560868151725e-08,0.4429761082078645,13911,0.0,257500.0000000002,499999.9999999997,2500000.000000001,0.559694254528049,0.8164786756468772,1.2830343804977953,13911,0.3381510669172872,0.26426140489816774,-0.08497975228103051,0.22423921416731527,0.10065471745823733
miami_dade,5,2022,0.26686571215039057,0.5500783468896193,0.48514127789134875,-0.09702398897149322,0.15685993180441116,103923,13911,0.6669251330325541,0.6669251330325541,0.7744944418353792,0.7744944418353792,0.6768971693879922,0.6768971693879922,0.8362096621256057,1096956.0926525826,1096956.0926525826,0.3391045413396652,255649.9684554649,255649.9684554649,0.2433476474779562,0.20455947875157968,-0.1036837314392185,-0.26163085688503895,-0.16037147753952644,0.43771673139014566,0.8156321130625442,0.864248505904699,0.766699259678157,20.197454648841482,0.5064891197422176,-13.048476862347211,1.1272327382544898,-0.053996617842990625,0.8626444277590218,-0.08180481267803297,-0.16042383467547724,-0.40929430315259696,0.34968234683615446,div,-0.1036837314392185,-0.104057690826187,-2.3877313024238883e-08,0.43771673139014566,13911,0.0,257500.0000000002,499999.9999999997,2500000.000000001,0.5573259578050125,0.8156321130625442,1.2853711104894092,13911,0.3391045413396652,0.2654670714064139,-0.08180481267803286,0.2255055581646208,0.09950488557558593
miami_dade,5,2022,0.38729833462074176,0.7983207207272112,0.48514127789134875,-0.09702398897149322,0.18502314005005804,103923,13911,0.673600080715171,0.673600080715171,0.7734435377512658,0.7734435377512658,0.6833722736493155,0.6833722736493155,0.8354463641545425,1085908.754564325,1085908.754564325,0.33989377272074595,254666.7060378291,254666.7060378291,0.24445796812902176,0.2049239262098664,-0.10220772784876829,-0.25660616157433747,-0.15770920239577296,0.43887913631918113,0.8169213914550078,0.8668427750413242,0.7704268391489039,20.470224749052125,0.5063143217460934,-11.09615146943435,1.1251461280852206,-0.04834201580411489,0.8661678735009871,-0.07907230587180547,-0.15506523527549881,-0.39236715345875944,0.33039306601139573,div,-0.10220772784876829,-0.10256587697376272,-2.3599910515781077e-08,0.43887913631918113,13911,0.0,257500.0000000002,499999.9999999997,2500000.000000001,0.5584261079184495,0.8169213914550078,1.2890885656811983,13911,0.33989377272074595,0.26571859335711245,-0.07907230587180535,0.2265564622487342,0.10125165140949904
miami_dade,5,2022,0.5620804515923291,1.1585912747630835,0.48514127789134875,-0.09702398897149322,0.21778770389106028,103923,13911,0.6667737564661955,0.6667737564661955,0.7721000529243179,0.7721000529243179,0.6767503249336986,0.6767503249336986,0.8344705574581317,1097205.3377929763,1097205.3377929763,0.34090007187295723,253470.0457462675,253470.0457462675,0.24456513668432775,0.2050310111230118,-0.10027089992612952,-0.24825528993995594,-0.1520155877292178,0.4372648747871533,0.817584300164142,0.8670941749980879,0.7728532246960855,20.66879270593614,0.5043057660378262,-9.447650026085965,1.1219390012108204,-0.04272867535899687,0.870172534561489,-0.07589335719104028,-0.14883113827179226,-0.3749060976537865,0.31010925963018343,div,-0.10027089992612952,-0.1006089915148123,-2.306753518973299e-08,0.4372648747871533,13911,0.0,257500.0000000002,499999.9999999997,2500000.000000001,0.5573192065464287,0.817584300164142,1.295499700186356,13911,0.34090007187295723,0.26628095899765464,-0.07589335719104016,0.2278999470756821,0.09887369811248659
miami_dade,5,2022,0.8157392010776716,1.681446700687388,0.48514127789134875,-0.09702398897149322,0.25112382732917315,103923,13911,0.6710003604688477,0.6710003604688477,0.7695830244846888,0.7695830244846888,0.6808503872697331,0.6808503872697331,0.8326423766278155,1090224.717570035,1090224.717570035,0.34277742856983584,253600.78446270345,253600.78446270345,0.24602473973043257,0.20642944421579382,-0.10053653602321126,-0.24484989711669378,-0.14807597447639467,0.43185669237778546,0.8181486674053812,0.8689143941033373,0.775592461584103,21.008625642662228,0.4970250444407211,-7.264595433096853,1.1203234135729343,-0.03657526601852562,0.8731025000800904,-0.07265895351822847,-0.14248829091239415,-0.3552062056989588,0.2865887823906944,div,-0.10053653602321126,-0.10087733273632267,-2.2842585473329616e-08,0.43185669237778546,13911,0.0,257500.0000000002,499999.9999999997,2500000.000000001,0.554228328338929,0.8181486674053812,1.3019479686498507,13911,0.34277742856983584,0.2674283043726883,-0.07265895351822836,0.23041697551531115,0.09861492229066832
miami_dade,5,2022,1.1838704624751253,2.4402591913447993,0.48514127789134875,-0.09702398897149322,0.2906186194434134,103923,13911,0.6723679709753945,0.6723679709753945,0.7654140085495755,0.7654140085495755,0.6821770524422306,0.6821770524422306,0.8296143158821134,1087956.393678482,1087956.393678482,0.3458645238924744,253039.69647338073,253039.69647338073,0.24792045261866744,0.20825133413396507,-0.09897985881068813,-0.2370629438963428,-0.14249851993496893,0.4292414575709161,0.8176303836891963,0.8695038922719923,0.7781833161251792,21.42875346639336,0.49368023576296044,-6.144882889099373,1.1173509817731986,-0.029492841528321784,0.8775330698589625,-0.06882701124370501,-0.13497363677641325,-0.33245218295722906,0.26067519453801463,div,-0.09897985881068813,-0.09930500789158574,-2.2352709698519628e-08,0.4292414575709161,13911,0.0,257500.0000000002,499999.9999999997,2500000.000000001,0.5490463397379568,0.8176303836891963,1.3053094167911872,13911,0.3458645238924744,0.2696651690162004,-0.0688270112437049,0.2345859914504244,0.0982952766723898
miami_dade,5,2022,1.7181340188990342,3.541512745249898,0.48514127789134875,-0.09702398897149322,0.3362819127853779,103923,13911,0.6638313771436777,0.6638313771436777,0.7582961023120695,0.7582961023120695,0.6738960384590222,0.6738960384590222,0.824444402213075,1102038.8390439672,1102038.8390439672,0.35107249648230937,253727.43889287135,253727.43889287135,0.25060732471566805,0.20901037828304286,-0.09128152685826121,-0.2116499433782019,-0.13504299473768214,0.45562640447710184,0.8173933155279437,0.8710047015912306,0.7816099684710399,22.121156665506533,0.5231232173682594,-3.3058075224170373,1.1143725601338756,-0.01778500086813074,0.8817198979815285,-0.06439657637409217,-0.12628530502922625,-0.30466811849049924,0.23238073112236132,div,-0.09128152685826121,-0.09153633081805808,-2.1881317467815907e-08,0.45562640447710184,13911,0.0,257500.0000000002,499999.9999999997,2500000.000000001,0.5415783104966801,0.8173933155279437,1.3227689208504234,13911,0.35107249648230937,0.2729377603918032,-0.06439657637409207,0.24170389768793052,0.09441658693951051
miami_dade,5,2022,2.4935029637671793,5.1397460438846005,0.48514127789134875,-0.09702398897149322,0.39333224935807043,103923,13911,0.6588579230231639,0.6588579230231639,0.7464871632436838,0.7464871632436838,0.6690714861927776,0.6690714861927776,0.8158672738456357,1110160.9775302294,1110160.9775302294,0.35954641111065344,255664.14680840084,255664.14680840084,0.255610312923189,0.21553653176813925,-0.09141402601448446,-0.20426941705037371,-0.12433596873501687,0.43465873681422973,0.8131419332421068,0.8651046174827571,0.7796999901793665,22.627126884517875,0.5024529423554901,-1.1174199320626557,1.1095352422458586,-0.008198302729534522,0.8883690491784164,-0.05886132514764329,-0.11543036632123115,-0.2739215001693689,0.20175144450286134,div,-0.09141402601448446,-0.09166994490605179,-2.090465173975564e-08,0.43465873681422973,13911,0.0,257500.0000000002,499999.9999999997,2500000.000000001,0.530671545749877,0.8131419332421068,1.3182024487053199,13911,0.35954641111065344,0.2806576475847775,-0.058861325147643175,0.2535128367563161,0.0971341120257646
miami_dade,5,2022,3.618784659359615,7.459238832631494,0.48514127789134875,-0.09702398897149322,0.45163737778984026,103923,13911,0.6645316372085452,0.6645316372085452,0.7330785426688184,0.7330785426688184,0.6745753332109297,0.6745753332109297,0.8061282567133683,1100890.4330990883,1100890.4330990883,0.36893233818576987,258518.5404892798,258518.5404892798,0.2624448364984431,0.22289767249622258,-0.08405032703981345,-0.1871751455942356,-0.11466769221929807,0.43746959398780333,0.8052239638224647,0.8566378991959388,0.7776050875370123,23.02897924341386,0.5107004010903624,0.9887890826904004,1.101636181302845,0.002440052213206955,0.8986841391398506,-0.05320432900969776,-0.10433667900034711,-0.2445112485025689,0.17581482674084356,div,-0.08405032703981345,-0.08424909354941654,-1.9345010404114028e-08,0.43746959398780333,13911,0.0,257500.0000000002,499999.9999999997,2500000.000000001,0.5200766588348267,0.8052239638224647,1.3205265197416052,13911,0.36893233818576987,0.29050592372316003,-0.05320432900969765,0.26692145733118156,0.09748195737308563
miami_dade,5,2022,5.2518896512686215,10.825485050655335,0.48514127789134875,-0.09702398897149322,0.48722853485026885,103923,13911,0.6733124321292177,0.6733124321292177,0.7241767199729912,0.7241767199729912,0.6830932370675726,0.6830932370675726,0.7996626398172069,1086387.1421353254,1086387.1421353254,0.37503382556436526,259605.7881704484,259605.7881704484,0.2663186865224033,0.2274970445583746,-0.08229145311097039,-0.17969103645565265,-0.10878170358623433,0.4322991909736715,0.8026443549443089,0.8547671697098346,0.7783027660422234,23.638937497194593,0.5057689920315059,3.602703188029459,1.0982450622094577,0.008693975409987589,0.903306797407477,-0.049751132979584056,-0.09756476753326379,-0.22493854358427467,0.1610910878069622,div,-0.08229145311097039,-0.08247796756978952,-1.871633633481182e-08,0.4322991909736715,13911,0.0,257500.0000000002,499999.9999999997,2500000.000000001,0.5151320334725835,0.8026443549443089,1.3354726376718689,13911,0.37503382556436526,0.29614647597659977,-0.04975113297958394,0.2758232800270088,0.09983236930490937
miami_dade,5,2022,7.621991222319222,15.710869327483257,0.48514127789134875,-0.09702398897149322,0.5588393566432921,103923,13911,0.6723967397110086,0.6723967397110086,0.7095515092058682,0.7095515092058682,0.6822049598613483,0.6822049598613483,0.7890399827415768,1087908.6269551679,1087908.6269551679,0.38484827362395496,260927.44688794247,260927.44688794247,0.27517318588681017,0.23550626803762792,-0.07001400575428816,-0.15306434231384863,-0.10169478018614388,0.4744381598585636,0.7939417297282808,0.8518321189442755,0.7804343418488482,24.601931876858714,0.5569820658934425,5.827061631369921,1.0914846685581339,0.025760925184803284,0.9141332574865806,-0.04280316539569821,-0.08393941266087024,-0.18925915044443614,0.1397482459535109,div,-0.07001400575428816,-0.07012874538861112,-1.7476168590613844e-08,0.4744381598585636,13911,0.0,257500.0000000002,499999.9999999997,2500000.000000001,0.5094263891037616,0.7939417297282808,1.3407901890721157,13911,0.38484827362395496,0.30554291629557756,-0.042803165395698076,0.29044849079413176,0.10860316950589956
miami_dade,5,2022,11.061685231539125,22.80095661951997,0.48514127789134875,-0.09702398897149322,0.6094698582435343,103923,13911,0.6704074725591072,0.6704074725591072,0.6910086610110491,0.6910086610110491,0.6802752500232127,0.6802752500232127,0.7755718474295155,1091206.618503562,1091206.618503562,0.39694298733062783,265529.03172829916,265529.03172829916,0.28074150446993973,0.24652958566579672,-0.06696121691958329,-0.14039767377470525,-0.08839461982657108,0.44959440794525474,0.7830244505277727,0.8376038276002127,0.7728948719892668,24.91436944425558,0.5367818933888974,6.520615716425539,1.0837228424667884,0.032892458690706144,0.9227560743613304,-0.03789079216681516,-0.07430597270867298,-0.16605202878335257,0.13192753347151828,div,-0.06696121691958329,-0.0670615673661609,-1.5838933137483713e-08,0.44959440794525474,13911,0.0,257500.0000000002,499999.9999999997,2500000.000000001,0.49330296441029164,0.7830244505277727,1.3233000577565468,13911,0.39694298733062783,0.3174669411452212,-0.03789079216681501,0.308991338988951,0.10808381409604968
miami_dade,5,2022,16.05366322167172,33.090697397361154,0.48514127789134875,-0.09702398897149322,0.6248487184295755,103923,13911,0.6761376779207348,0.6761376779207348,0.6862646405736834,0.6862646405736834,0.6858338969099829,0.6858338969099829,0.7721261465046988,1081679.317556921,1081679.317556921,0.3999785621517482,265777.73698169313,265777.73698169313,0.2827501162650498,0.24685622945472407,-0.06528890569327951,-0.13437283669211192,-0.0879792388002567,0.4675452996389573,0.7836080567533181,0.8406108196116993,0.7749988255914949,25.5629092213436,0.5562170918028799,6.130680569643954,1.084660765737455,0.03799853136561725,0.9228271689854122,-0.03639867380573055,-0.07137984475313328,-0.1570869697563997,0.13364445238263867,div,-0.06528890569327951,-0.06538191140598446,-1.6059971552488086e-08,0.4675452996389573,13911,0.0,257500.0000000002,499999.9999999997,2500000.000000001,0.49106880956055843,0.7836080567533181,1.3430967213701797,13911,0.3999785621517482,0.3192906291871988,-0.03639867380573041,0.31373535942631653,0.11179181799007673
miami_dade,5,2022,23.298448422672752,48.02404883777098,0.48514127789134875,-0.09702398897149322,0.6603351947534026,103923,13911,0.6716004989497635,0.6716004989497635,0.6692578805437703,0.6692578805437703,0.6814325580102292,0.6814325580102292,0.759773710519885,1089229.9072793368,1089229.9072793368,0.4106763875704404,270315.98542337737,270315.98542337737,0.2894783356468935,0.25677016340388525,-0.06228929844264106,-0.12483714423235996,-0.07988647375654735,0.45696654591231056,0.7702679138713903,0.8294091175328343,0.7682279164875382,25.94204327610704,0.5509741354240754,8.328446754742329,1.0796393879111117,0.04547073439653256,0.928949437947804,-0.0329556343182504,-0.06462785083690033,-0.1410478142345734,0.13152159402848776,div,-0.06228929844264106,-0.0623700464323369,-1.4975437997387126e-08,0.45696654591231056,13911,0.0,257500.0000000002,499999.9999999997,2500000.000000001,0.48227264413999416,0.7702679138713903,1.3293525798669665,13911,0.4106763875704404,0.3302283689205727,-0.03295563431825026,0.33074211945622956,0.11189832785945265
miami_dade,5,2022,33.81270003043063,69.69660503306679,0.48514127789134875,-0.09702398897149322,0.6769686839783717,103923,13911,0.676472421091816,0.676472421091816,0.662961426571032,0.662961426571032,0.6861586180968113,0.6861586180968113,0.7552004382156495,1081120.162707793,1081120.162707793,0.41456705324209686,270277.58539095847,270277.58539095847,0.2926157376203422,0.2615716005862949,-0.061739945222238024,-0.12434822881568901,-0.0792055709504444,0.45485304441673624,0.7669954246914578,0.8277724243951006,0.7674112754723689,26.36250542890885,0.5495102042244395,9.013441915285211,1.0786555408448713,0.04753893483598645,0.9310496773671296,-0.03134178684312954,-0.06146300524817926,-0.13307371528342793,0.1366979793645079,div,-0.061739945222238024,-0.061818572331407064,-1.4774712292329229e-08,0.45485304441673624,13911,0.0,257500.0000000002,499999.9999999997,2500000.000000001,0.47941807508195156,0.7669954246914578,1.3278945922466863,13911,0.41456705324209686,0.3344425500760333,-0.031341786843129396,0.33703857342896804,0.11721465895575972
miami_dade,5,2022,49.071880779635485,101.14967127292253,0.48514127789134875,-0.09702398897149322,0.7053809764318203,103923,13911,0.6706603173311273,0.6706603173311273,0.6623434911374131,0.6623434911374131,0.6805205247936839,0.6805205247936839,0.7547516162252704,1090787.982155849,1090787.982155849,0.41494691830755276,269088.5227811633,269088.5227811633,0.2922355604789501,0.2594791117035008,-0.059299339991667734,-0.11698846039398496,-0.07544825053222104,0.46053339610359456,0.7740677862377282,0.8337698566151417,0.7750707974225967,26.775368197236123,0.5523705926667818,8.835552492097287,1.0757338031412635,0.05311947749984014,0.9347600135775381,-0.02858511289347131,-0.05605701272186277,-0.11965099760743593,0.13833525088588552,div,-0.059299339991667734,-0.05936899397486311,-1.4367879453561423e-08,0.46053339610359456,13911,0.0,257500.0000000002,499999.9999999997,2500000.000000001,0.47751721629642063,0.7740677862377282,1.3462673728659522,13911,0.41494691830755276,0.33298068680018633,-0.028585112893471168,0.3376565088625869,0.1173091978065097
miami_dade,5,2022,71.21730832153513,146.79704978120787,0.48514127789134875,-0.09702398897149322,0.71624599464538,103923,13911,0.6665176449003365,0.6665176449003365,0.6467382561002629,0.6467382561002629,0.6765018811749874,0.6765018811749874,0.7434171429637366,1097626.9027343984,1097626.9027343984,0.4244272746778499,273645.0537191745,273645.0537191745,0.29787460004384037,0.2687468020550534,-0.05758770846615143,-0.11320454326629142,-0.07188630867089851,0.4534582494676362,0.7615349883674147,0.8212241663044801,0.7650951725605811,26.949872274683074,0.552193380933665,8.772756377535533,1.0733621067769248,0.05529436716130376,0.9378483920888752,-0.027530945486143835,-0.05398973119725399,-0.11511597899391916,0.1400544808775388,div,-0.05758770846615143,-0.05765149565885177,-1.3738799685301615e-08,0.4534582494676362,13911,0.0,257500.0000000002,499999.9999999997,2500000.000000001,0.46971912321868536,0.7615349883674147,1.3297355718494424,13911,0.4244272746778499,0.34339099004053436,-0.027530945486143685,0.3532617438997371,0.11977326919992301
miami_dade,5,2022,103.35664588322452,213.04442766128025,0.48514127789134875,-0.09702398897149322,0.7282447685685967,103923,13911,0.6653205889186451,0.6653205889186451,0.6463987288623316,0.6463987288623316,0.6753406642401676,0.6753406642401676,0.7431705358225604,1099595.1385953466,1099595.1385953466,0.42463118865084826,272919.2990927284,272919.2990927284,0.2984877803352467,0.26763184761069736,-0.05751366269896034,-0.11208827902652552,-0.07071907687941022,0.450537933272109,0.7635007108034265,0.8243676712478424,0.7686718591839272,27.25316336585327,0.5465451199082476,10.192142266098738,1.0724572018586,0.057814708109221104,0.938999323075474,-0.026366776577346214,-0.0517067305467381,-0.10943268272515554,0.1417833013266942,div,-0.05751366269896034,-0.05757720383104441,-1.3632768988300714e-08,0.450537933272109,13911,0.0,257500.0000000002,499999.9999999997,2500000.000000001,0.4697681778997018,0.7635007108034265,1.34329394401251,13911,0.42463118865084826,0.3432584327122857,-0.026366776577346065,0.3536012711376683,0.11873104954031796
miami_dade,5,2022,150.0,309.188285630879,0.48514127789134875,-0.09702398897149322,0.7314000125502554,103923,13911,0.6836091026020437,0.6836091026020437,0.645751887757661,0.645751887757661,0.6930816321870827,0.6930816321870827,0.7427007189189445,1069129.4759240535,1069129.4759240535,0.42501939908967623,272122.89927081304,272122.89927081304,0.29758927944771985,0.2675342325360595,-0.054416250811031505,-0.10756164529713579,-0.07104676963106209,0.4716739377398346,0.7641592463369964,0.8240235040151984,0.768855071041108,27.20452560062484,0.5724240748324096,9.447331975685179,1.0717540080725316,0.058827804391448794,0.9400503755950754,-0.026060642220067386,-0.05110638386892252,-0.10814485270407392,0.14020281136490673,div,-0.054416250811031505,-0.054470057608433424,-1.3503681413590295e-08,0.4716739377398346,13911,0.0,257500.0000000002,499999.9999999997,2500000.000000001,0.46717967561928453,0.7641592463369964,1.3316651184264194,13911,0.42501939908967623,0.34259945602150027,-0.026060642220067234,0.354248112242339,0.11861590177265051
miami_dade,6,2023,0.001,0.001968221710858245,0.508072842852622,-0.03646622885809759,0.08024390988692942,117834,11325,0.7148364543270755,0.7148364543270755,0.8168878402153602,0.8168878402153602,0.7231720123091493,0.7231720123091493,0.8734871776673976,999862.5333384535,999862.5333384535,0.29301288712477813,229529.15900589916,229529.15900589916,0.23049424386915016,0.14039947687248047,-0.030624359510761857,-0.12277721787476528,-0.16229686864974296,0.9051498456388788,0.9393287000390078,1.0414780392619858,0.9847366442600196,23.696692576428525,0.8691396041270567,14.651822346506298,1.0576208830378242,0.051630766100512634,0.970369775426844,-0.03354003607569224,-0.0715331363826302,-0.16754630440778923,0.23865651096292334,div,-0.030624359510761857,-0.030633938601031703,-1.4804515679464347e-08,0.9051498456388788,11325,0.0,285200.0,550000.0000000001,2399999.9999999995,0.7024857044516918,0.9393287000390078,1.576917411572744,11325,0.29301288712477813,0.19749360614400752,-0.03354003607569226,0.1831121597846398,0.24503855988569923
miami_dade,6,2023,0.001451285485497223,0.0028564516012090833,0.508072842852622,-0.03646622885809759,-0.04102419538245061,117834,11325,0.7037731194972197,0.7037731194972197,0.8198854769938348,0.8198854769938348,0.7124320675841952,0.7124320675841952,0.8755582552496776,1019073.5377972387,1019073.5377972387,0.2906046072020165,225604.9654090558,225604.9654090558,0.22631392951974777,0.14032432962904004,-0.03739645381823157,-0.1368315929140416,-0.16852522958777094,0.843347717346067,0.9341906478446477,1.033448180060242,0.9688902483833153,23.192800011735415,0.8160882857790819,11.383341855070139,1.0666307992929516,0.03863700327727362,0.9575365012460797,-0.037962226555633326,-0.08096464546025024,-0.19152639891705658,0.23386267383876166,div,-0.03739645381823157,-0.03741390137564347,-1.6843944561315834e-08,0.843347717346067,11325,0.0,285200.0,550000.0000000001,2399999.9999999995,0.7041168721451109,0.9341906478446477,1.5535845483504989,11325,0.2906046072020165,0.19597889082179062,-0.03796222655563335,0.18011452300616515,0.24323919853273718
miami_dade,6,2023,0.00210622956041491,0.0041455267488600435,0.508072842852622,-0.03646622885809759,0.053829967997894634,117834,11325,0.7124290875707537,0.7124290875707537,0.8172627361992321,0.8172627361992321,0.7208350148040377,0.7208350148040377,0.8737461945948183,1004074.1114095433,1004074.1114095433,0.2927127824305299,228371.6276590574,228371.6276590574,0.22926851754765834,0.1399889120779695,-0.034981484750631626,-0.12944183889317695,-0.1619991962839279,0.856971373701861,0.9413144518168525,1.0431858343767733,0.9818213532517172,23.54918862970104,0.8215307218971556,14.398481811836936,1.062500658517786,0.04752360556649994,0.9639997964687486,-0.034503252925662274,-0.07358745505239722,-0.17245045302318823,0.23783389637723357,div,-0.034981484750631626,-0.03499576423390022,-1.6010734719275148e-08,0.856971373701861,11325,0.0,285200.0,550000.0000000001,2399999.9999999995,0.703654067158862,0.9413144518168525,1.5723411260908167,11325,0.2927127824305299,0.19633839936923467,-0.034503252925662295,0.1827372638007679,0.24798635419541487
miami_dade,6,2023,0.003056740390155355,0.006016342800361073,0.508072842852622,-0.03646622885809759,0.08818138553699828,117834,11325,0.7152402943828686,0.7152402943828686,0.8171122214847588,0.8171122214847588,0.7235640477978732,0.7235640477978732,0.8736422034598057,999154.2948458749,999154.2948458749,0.2928333065959104,229560.6545695211,229560.6545695211,0.23017724075010013,0.13972207976316936,-0.032731472865562466,-0.12372982463392375,-0.16026149374707638,0.8869168749006354,0.938730933020731,1.0434567826023313,0.9840329061572456,23.632493914089057,0.8500170297038382,16.177511353901007,1.060388098887,0.05145976371505433,0.9673692018181723,-0.03325058627208126,-0.0709158069250559,-0.16612304986576715,0.2413267687236703,div,-0.032731472865562466,-0.032743169332105915,-1.550440750593712e-08,0.8869168749006354,11325,0.0,285200.0,550000.0000000001,2399999.9999999995,0.7058678442312689,0.938730933020731,1.5883634383275123,11325,0.2928333065959104,0.19680736974580326,-0.03325058627208127,0.1828877785152412,0.24794826140799506
miami_dade,6,2023,0.004436202961165585,0.008731430981939741,0.508072842852622,-0.03646622885809759,0.024416554560161674,117834,11325,0.7214309673117066,0.7214309673117066,0.8167806782256316,0.8167806782256316,0.729573762417245,0.729573762417245,0.873413139079336,988233.8141287772,988233.8141287772,0.2930986139584853,228305.7550876498,228305.7550876498,0.2293934624371147,0.1418827920086118,-0.03445796334866775,-0.13140370333869164,-0.16359869085514403,0.8525117001037491,0.9343422814115276,1.035312814792145,0.9751812555482877,23.5067347210546,0.8234702873385814,14.44850765885654,1.0616619309505173,0.04569100094013398,0.9643819125577964,-0.03557584919158049,-0.07587505470793349,-0.17791344971122613,0.23453977963663583,div,-0.03445796334866775,-0.03447161097451842,-1.5689050500529363e-08,0.8525117001037491,11325,0.0,285200.0,550000.0000000001,2399999.9999999995,0.7004467477619087,0.9343422814115276,1.5666738714905872,11325,0.2930986139584853,0.197971846026722,-0.03557584919158051,0.18321932177436842,0.24116897754475772
miami_dade,6,2023,0.006438196968259414,0.01267179905170991,0.508072842852622,-0.03646622885809759,0.09825108809251437,117834,11325,0.7138580338866436,0.7138580338866436,0.8172257121965734,0.8172257121965734,0.7222221918789073,0.7222221918789073,0.8737206145837698,1001576.3713201369,1001576.3713201369,0.29274243388127846,229690.77679965846,229690.77679965846,0.22948719673352913,0.1371724706010659,-0.033202069788058286,-0.12666818398130353,-0.15878356621497877,0.8583534098049534,0.9462660340064231,1.0499702807135654,0.9916333188813348,23.569948805623326,0.8175386717891194,16.14171293704067,1.0588291667105747,0.050655147059464556,0.9684384945096509,-0.032883382194158844,-0.07013264559132916,-0.16416222326477295,0.23665115349801158,div,-0.033202069788058286,-0.033214278268300194,-1.5220818348009326e-08,0.8583534098049534,11325,0.0,285200.0,550000.0000000001,2399999.9999999995,0.7085312962188084,0.9462660340064231,1.5842004543441461,11325,0.29274243388127846,0.1949913084316662,-0.03288338219415885,0.18277428780342658,0.24109339335707555
miami_dade,6,2023,0.009343661812807113,0.01839039803888407,0.508072842852622,-0.03646622885809759,0.07989023477095425,117834,11325,0.7286350897205971,0.7286350897205971,0.8147325244835693,0.8147325244835693,0.7365673025797002,0.7365673025797002,0.871998062599521,975371.6682385718,975371.6682385718,0.29473229171458015,230923.4065936389,230923.4065936389,0.23179140325207379,0.1367664560122932,-0.031834760378109464,-0.12549451408335616,-0.16421103626116995,0.8959952958462808,0.9499900560737675,1.0541516074359323,0.9957641145386084,23.82334321003902,0.8500056827090625,16.10517443994477,1.058635867716902,0.05262620402431896,0.9694790404075294,-0.03355293327341283,-0.07156064312118643,-0.16632251382530827,0.23686468484471074,div,-0.031834760378109464,-0.031845521255769504,-1.5234002513563527e-08,0.8959952958462808,11325,0.0,285200.0,550000.0000000001,2399999.9999999995,0.707689808038812,0.9499900560737675,1.5979527783436491,11325,0.29473229171458015,0.1957345864183513,-0.03355293327341283,0.18526747551643077,0.24482676216633412
miami_dade,6,2023,0.013560320770321632,0.02668971774634904,0.508072842852622,-0.03646622885809759,0.07362422034119764,117834,11325,0.7306884459389194,0.7306884459389194,0.8177334776342249,0.8177334776342249,0.7385606375573155,0.7385606375573155,0.8740714314747715,971674.4537845945,971674.4537845945,0.29233551704179644,228229.98324187988,228229.98324187988,0.22948354965292755,0.13837961524776662,-0.031998111586123416,-0.12443380486667291,-0.1637116193999022,0.900884785913453,0.9446780195354948,1.0473081795608838,0.9883008291764755,23.587819979310723,0.8602287085050468,14.565623486631587,1.0597058594330813,0.05020234526025414,0.9680122039773915,-0.03378143118963645,-0.07204797630614437,-0.16895087287758798,0.24048066311024205,div,-0.031998111586123416,-0.03200903903298529,-1.539573082296197e-08,0.900884785913453,11325,0.0,285200.0,550000.0000000001,2399999.9999999995,0.7060251191021488,0.9446780195354948,1.577246522545864,11325,0.29233551704179644,0.1953559594571221,-0.033781431189636474,0.1822665223657751,0.24743201507162066
miami_dade,6,2023,0.019679896712654306,0.03873439997729401,0.508072842852622,-0.03646622885809759,0.11294367723499044,117834,11325,0.7321306473179462,0.7321306473179462,0.8153913888412367,0.8153913888412367,0.73996068223925,0.73996068223925,0.8724532742551583,969069.2343585973,969069.2343585973,0.29420774859979315,231122.37208508738,231122.37208508738,0.23206594345401882,0.14157626416700977,-0.03172507380771826,-0.12493274398970043,-0.15821070678388674,0.8671370067792376,0.9387308887175909,1.0437239674592567,0.9874117181663172,23.82895086087329,0.8308473509718579,16.195549597077175,1.0570301610330437,0.05354112364929884,0.97116371275634,-0.03234759887597131,-0.06898994374434982,-0.1608639632044609,0.24218880649973734,div,-0.03172507380771826,-0.03173572379387945,-1.4692546377725527e-08,0.8671370067792376,11325,0.0,285200.0,550000.0000000001,2399999.9999999995,0.7047167473821069,0.9387308887175909,1.5883850493998966,11325,0.29420774859979315,0.19832688726667547,-0.03234759887597132,0.18460861115876323,0.24688064694313347
miami_dade,6,2023,0.028561148455159703,0.05621467247649076,0.508072842852622,-0.03646622885809759,0.12089549550572931,117834,11325,0.7404164602339295,0.7404164602339295,0.8154230581867846,0.8154230581867846,0.7480042942321566,0.7480042942321566,0.8724751547151528,953963.7388516254,953963.7388516254,0.2941825120563179,229961.3939162581,229961.3939162581,0.2313994737554757,0.13911604878924327,-0.030983561423137462,-0.12501770903414056,-0.15714608668372895,0.8607165693241832,0.9477077966427967,1.0513302848830977,0.9967414264149477,23.79077250780499,0.818728980748635,15.241396864913753,1.0547673218163447,0.05310742617000538,0.9736555898787113,-0.03205762605107254,-0.06837149880338647,-0.15924140201221212,0.2414846352264093,div,-0.030983561423137462,-0.03099348168195764,-1.4242892884247415e-08,0.8607165693241832,11325,0.0,285200.0,550000.0000000001,2399999.9999999995,0.7086652374371154,0.9477077966427967,1.5876621063074148,11325,0.2941825120563179,0.19631569990052092,-0.032057626051072555,0.18457694181321535,0.24598606498816233
miami_dade,6,2023,0.04145038020210471,0.08158353823711127,0.508072842852622,-0.03646622885809759,0.3144240375912779,117834,11325,0.7392156975345187,0.7392156975345187,0.8061482478919364,0.8061482478919364,0.7468386307845806,0.7468386307845806,0.8660671563147146,956167.5813139052,956167.5813139052,0.30148311540860656,239507.21268748603,239507.21268748603,0.241006103161072,0.1384968796805351,-0.024973464478957187,-0.10845154796923676,-0.1480692621538225,0.9348830506300806,0.9584412830027507,1.0692152713970133,1.0214239989903506,24.743586274889246,0.8744023337153234,22.149128829741127,1.0467888677512014,0.07382814030287059,0.9871115656390386,-0.02500036994480697,-0.0533200044520577,-0.12110819981680422,0.24738216794875692,div,-0.024973464478957187,-0.024978658188834425,-1.246932053153596e-08,0.9348830506300806,11325,0.0,285200.0,550000.0000000001,2399999.9999999995,0.7078436321977573,0.9584412830027507,1.6449462930196057,11325,0.30148311540860656,0.20005052876989762,-0.02500036994480697,0.19385175210806366,0.2476207032548339
miami_dade,6,2023,0.060156335155656014,0.11840100489902727,0.508072842852622,-0.03646622885809759,0.499421061716815,117834,11325,0.753100023773699,0.753100023773699,0.8002373537805204,0.8002373537805204,0.7603171070889958,0.7603171070889958,0.8619832991999066,930365.968100706,930365.968100706,0.30604498709646893,246761.59514525373,246761.59514525373,0.24732610568310967,0.14517553278922485,-0.01773748071456257,-0.09672144141310234,-0.13163852340964113,0.9319408983067108,0.9445540545695722,1.0642105292477975,1.0303734537682872,25.4912728362597,0.8757496949255236,27.5505850250854,1.0328396227171432,0.09006125281323558,1.0062161551156652,-0.018254226124978134,-0.038932040621857976,-0.08711380721251975,0.2639661897969793,div,-0.01773748071456257,-0.017739341244004725,-8.828501915863788e-09,0.9319408983067108,11325,0.0,285200.0,550000.0000000001,2399999.9999999995,0.7074777421491943,0.9445540545695722,1.678073536533006,11325,0.30604498709646893,0.20590084533247746,-0.018254226124978134,0.19976264621947956,0.25732731560702937
miami_dade,6,2023,0.0873040160721099,0.17183365987824387,0.508072842852622,-0.03646622885809759,0.4498767020842098,117834,11325,0.7507634877589023,0.7507634877589023,0.7995745957354808,0.7995745957354808,0.7580488698863161,0.7580488698863161,0.8615253973822435,934757.8574857538,934757.8574857538,0.3065522536522462,246046.98207560895,246046.98207560895,0.24782177353743218,0.13510346065999473,-0.020196752933886775,-0.10013731866806304,-0.13998640576934115,0.9572338188147933,0.9739222101559761,1.0906532536829288,1.0510790577909261,25.293593497300254,0.8777089146894506,25.093577245104182,1.0376510173984215,0.08532000770709654,0.9995455979182941,-0.02006092208196862,-0.04278530506086111,-0.09578987130056649,0.25306945370056155,div,-0.020196752933886775,-0.02019949975080209,-1.0325385964956418e-08,0.9572338188147933,11325,0.0,285200.0,550000.0000000001,2399999.9999999995,0.7179913721085752,0.9739222101559761,1.7030627187175034,11325,0.3065522536522462,0.20099246016685168,-0.020060922081968604,0.20042540426451913,0.24543689677167302
miami_dade,6,2023,0.12670305135106935,0.24937969650116182,0.508072842852622,-0.03646622885809759,0.6375261419239782,117834,11325,0.7557359096258317,0.7557359096258317,0.7910651577528498,0.7910651577528498,0.7628759438944044,0.7628759438944044,0.8556461973503449,925386.3829476886,925386.3829476886,0.3129922354145457,255321.42627878708,255321.42627878708,0.25768369874660163,0.14216194949879754,-0.015313806038635287,-0.0877090563464015,-0.12532912242546393,0.9784433576365796,0.9715504676617286,1.0978045861441486,1.0671333454551502,26.353791905468583,0.8913121435542668,28.48874744667834,1.0287417133197319,0.10165232315802553,1.014100072635981,-0.013218054663677816,-0.02819105217525952,-0.06186908817328082,0.27251145574424657,div,-0.015313806038635287,-0.015315003300876436,-8.00249735969986e-09,0.9784433576365796,11325,0.0,285200.0,550000.0000000001,2399999.9999999995,0.7204906754266023,0.9715504676617286,1.7449011051253036,11325,0.3129922354145457,0.20774006887430294,-0.013218054663677797,0.20893484224715014,0.25892321874689894
miami_dade,6,2023,0.18388229939401626,0.36192113390983877,0.508072842852622,-0.03646622885809759,0.706853673805993,117834,11325,0.7546607159124422,0.7546607159124422,0.7850034885810284,0.7850034885810284,0.7618321789511923,0.7618321789511923,0.8514581692266222,927420.8144452062,927420.8144452062,0.31750007748555514,257594.4447979999,257594.4447979999,0.2625320272596209,0.14395974607444445,-0.015287917144111625,-0.08382735056218267,-0.12429672552139967,1.0153179791963525,0.9744949768380896,1.1009363987418204,1.0691630558431595,26.803045472513364,0.922271994755045,33.168141131018984,1.0297179581028488,0.10902089754265165,1.0137024840313804,-0.010689941019901214,-0.022799170733542037,-0.04932889603667043,0.2685946807040386,div,-0.015287917144111625,-0.015289108343918119,-8.2900491451779e-09,1.0153179791963525,11325,0.0,285200.0,550000.0000000001,2399999.9999999995,0.7110400789142952,0.9744949768380896,1.7580542613261743,11325,0.31750007748555514,0.21099117840231588,-0.010689941019901188,0.21499651141897155,0.2456228310593024
miami_dade,6,2023,0.26686571215039057,0.5252508885380457,0.508072842852622,-0.03646622885809759,0.6643154031967153,117834,11325,0.7474517593136645,0.7474517593136645,0.7770892939626319,0.7770892939626319,0.7548339459060777,0.7548339459060777,0.8459902248867137,940947.657913316,940947.657913316,0.3232909838021055,263453.7105969143,263453.7105969143,0.2698913631730367,0.14308338840127116,-0.016261663144779833,-0.07956076411368278,-0.1342897735391665,1.1557718832199275,0.9813347355710867,1.1127864284634754,1.0743140002219032,27.43056821607658,1.0386745241417434,33.06822226097095,1.0358111578492188,0.11703865075857342,1.0075838493516076,-0.012241151331166827,-0.026107543405040876,-0.05558752499212217,0.2632345382187559,div,-0.016261663144779833,-0.016263096792808324,-1.0037921470025655e-08,1.1557718832199275,11325,0.0,285200.0,550000.0000000001,2399999.9999999995,0.7135661081063288,0.9813347355710867,1.7996182113241423,11325,0.3232909838021055,0.21342476819965597,-0.012241151331166794,0.22291070603736812,0.24135846423248183
miami_dade,6,2023,0.38729833462074176,0.7622889907797855,0.508072842852622,-0.03646622885809759,0.8488979153624056,117834,11325,0.7350311571967549,0.7350311571967549,0.762001745502656,0.762001745502656,0.7427764078998821,0.7427764078998821,0.8355661856530747,963808.3763870522,963808.3763870522,0.33405272211480874,273714.19030224514,273714.19030224514,0.28064534099089933,0.15556697027644423,-0.012760731637046033,-0.07224192429006501,-0.11349766904849487,1.075785696790095,0.9478030767971626,1.0929114912907585,1.0648110038206826,29.06376907287222,0.9843735787995289,38.86851350811652,1.026390117466149,0.1396683372115869,1.0218627563433902,-0.005510123199330161,-0.011751817839827533,-0.024099077383620778,0.2852785357561863,div,-0.012760731637046033,-0.01276142434138128,-7.331756777162971e-09,1.075785696790095,11325,0.0,285200.0,550000.0000000001,2399999.9999999995,0.6945587931654313,0.9478030767971626,1.8436408013868872,11325,0.33405272211480874,0.2257162249885826,-0.005510123199330151,0.237998254497344,0.2470161939612347
miami_dade,6,2023,0.5620804515923291,1.106298948073029,0.508072842852622,-0.03646622885809759,0.954081440412489,117834,11325,0.7370847784825652,0.7370847784825652,0.7506387728900918,0.7506387728900918,0.7447700001968511,0.7447700001968511,0.8277154687100039,960066.148792116,960066.148792116,0.3419342405924077,279029.6320479653,279029.6320479653,0.29159086258431555,0.1625469600937247,-0.012761713847442298,-0.06651199442436834,-0.11250794073188512,1.1582740702056276,0.9497442805783316,1.102246850249928,1.0719893636877338,30.226892138463445,1.050876408726317,42.032851299202214,1.028225547367472,0.15410744667553627,1.0226409545407302,-0.0016744767027523791,-0.003571271362893151,-0.0071577204164114125,0.29067685268864074,div,-0.012761713847442298,-0.012762406711755386,-7.894543907771189e-09,1.1582740702056276,11325,0.0,285200.0,550000.0000000001,2399999.9999999995,0.6899810603551522,0.9497442805783316,1.8755444722157346,11325,0.3419342405924077,0.23229262495039818,-0.0016744767027523668,0.24936122710990816,0.2455638186413924
miami_dade,6,2023,0.8157392010776716,1.6055556059592329,0.508072842852622,-0.03646622885809759,1.138337899625493,117834,11325,0.7376803586341754,0.7376803586341754,0.7437475544754946,0.7437475544754946,0.7453481710653954,0.7453481710653954,0.8229543021552188,958978.1164444897,958978.1164444897,0.3466268005085727,282824.92317503423,282824.92317503423,0.29843280267227323,0.16504936686915894,-0.010342543034034216,-0.05964291557815756,-0.10528782916475898,1.2087804718554063,0.9501479442833567,1.1068727202913788,1.0812817186572734,30.966178909522608,1.0921163933491735,46.935785739546624,1.0236672841060184,0.1668358344282412,1.0306199711552373,0.005044661507491746,0.010759095750679336,0.021275525829890705,0.30586756664567744,div,-0.010342543034034216,-0.010342911832095854,-6.677001595258569e-09,1.2087804718554063,11325,0.0,285200.0,550000.0000000001,2399999.9999999995,0.6810558728622987,0.9501479442833567,1.8847325330165172,11325,0.3466268005085727,0.2370194418823489,0.00504466150749176,0.2562524455245055,0.2428287753166119
miami_dade,6,2023,1.1838704624751253,2.330119547087333,0.508072842852622,-0.03646622885809759,1.283489665437995,117834,11325,0.7382631218955333,0.7382631218955333,0.7315628654188244,0.7315628654188244,0.7459138996916165,0.7459138996916165,0.8145358584886839,957912.3023424193,957912.3023424193,0.35477207350525186,292025.53838726884,292025.53838726884,0.30929290641054397,0.16863794100518686,-0.0072702745068925255,-0.05236541776977994,-0.09830204056774229,1.2854230682520984,0.9630395135324465,1.1209216439187053,1.1017918887750067,31.884859198720157,1.146806139889586,51.577382671120915,1.0173624033164443,0.18031246072259915,1.0396422063762243,0.010337799018767425,0.022048133324509202,0.042657195002442985,0.3051304676564529,div,-0.0072702745068925255,-0.007270402605658458,-4.991184301327152e-09,1.2854230682520984,11325,0.0,285200.0,550000.0000000001,2399999.9999999995,0.6734981746068472,0.9630395135324465,1.9308930645404414,11325,0.35477207350525186,0.2432456119050051,0.010337799018767448,0.2684371345811755,0.23206502954119346
miami_dade,6,2023,1.7181340188990342,3.3816686781612098,0.508072842852622,-0.03646622885809759,1.2425794684735938,117834,11325,0.7381809579232973,0.7381809579232973,0.7304955982566852,0.7304955982566852,0.7458341374378504,0.7458341374378504,0.8137984799277848,958062.6436022206,958062.6436022206,0.35547663507781246,291483.6765797631,291483.6765797631,0.31029196330755815,0.17014832930424004,-0.009085814222886962,-0.05637839633362322,-0.10374238432767588,1.2600031649481451,0.9857904031643555,1.1333800192835628,1.1099459342622657,31.441354270923515,1.1117707886784471,50.22842219050284,1.0211128166678431,0.16840664087144996,1.03351871098866,0.0088459584136337,0.018866382499097372,0.03654204353142157,0.29329187370963017,div,-0.009085814222886962,-0.009086064252710788,-6.114235984499248e-09,1.2600031649481451,11325,0.0,285200.0,550000.0000000001,2399999.9999999995,0.6659139019683432,0.9857904031643555,1.9191387636995387,11325,0.35547663507781246,0.24360966674101353,0.008845958413633738,0.2695044017433148,0.22577457277730226
miami_dade,6,2023,2.4935029637671793,4.907766669375943,0.508072842852622,-0.03646622885809759,1.3897400153744206,117834,11325,0.7362174385373462,0.7362174385373462,0.7128947616844996,0.7128947616844996,0.7439280132903121,0.7439280132903121,0.8016380012748053,961648.4422932559,961648.4422932559,0.3669008241641385,299625.33433749614,299625.33433749614,0.3220119459889343,0.1750065261219937,-0.008167144735159775,-0.05082750563134167,-0.09886415674945366,1.3318895099712553,0.9757800000846014,1.1314236048337118,1.1091571557908617,32.8994801806127,1.1772322154533956,56.84653217599711,1.02007510741521,0.19028233567533248,1.0380371325360682,0.014212348595802065,0.030311651070578316,0.0567432576516961,0.3064580032879288,div,-0.008167144735159775,-0.008167326331412702,-5.80958564676566e-09,1.3318895099712553,11325,0.0,285200.0,550000.0000000001,2399999.9999999995,0.6454616708606645,0.9757800000846014,1.9602454641079925,11325,0.3669008241641385,0.2525736667234284,0.014212348595802093,0.2871052383155003,0.22194272501351767
miami_dade,6,2023,3.618784659359615,7.122570533472354,0.508072842852622,-0.03646622885809759,1.6314665776656339,117834,11325,0.7309949673152512,0.7309949673152512,0.6929306714278491,0.6929306714278491,0.7388581990692329,0.7388581990692329,0.7878447425057415,971121.3327203888,971121.3327203888,0.379442828289384,309103.38119529764,309103.38119529764,0.3344004942220619,0.19096101218240968,-0.003533503063879681,-0.04028317899224033,-0.08128525318827823,1.3817076300566369,0.9652647010324424,1.1207757371103875,1.1107818568723855,34.46339682015733,1.232868084924574,61.11534400431487,1.0089971583314672,0.21008326570846547,1.053237974160027,0.023027204737394648,0.04911169961992364,0.08868143981621489,0.31847536125910986,div,-0.003533503063879681,-0.0035335177700101784,-2.6075241307883243e-09,1.3817076300566369,11325,0.0,285200.0,550000.0000000001,2399999.9999999995,0.6154958234654918,0.9652647010324424,1.9816294717887206,11325,0.379442828289384,0.26740467391202977,0.023027204737394658,0.3070693285721509,0.20967687752647907
miami_dade,6,2023,5.2518896512686215,10.33688323465864,0.508072842852622,-0.03646622885809759,1.7559713414448677,117834,11325,0.7319190774379573,0.7319190774379573,0.6820837008771514,0.6820837008771514,0.7397552967156722,0.7397552967156722,0.780350533165732,969451.8563194706,969451.8563194706,0.38608641994623843,310431.1500995797,310431.1500995797,0.3377493430540786,0.19601429494584469,-0.002105413022493098,-0.03390800846581177,-0.06704699713928387,1.35395795393708,0.9533750888777881,1.1074810455905189,1.1016458556752553,35.07927891631685,1.2226103017115515,67.37218031730157,1.0052967928715049,0.21620010137347584,1.0583578888445642,0.027567423947291572,0.05879493666879408,0.10427588311089865,0.32561289804853694,div,-0.002105413022493098,-0.002105416133434386,-1.5224715675427506e-09,1.35395795393708,11325,0.0,285200.0,550000.0000000001,2399999.9999999995,0.5907602915395891,0.9533750888777881,1.9662790511030872,11325,0.38608641994623843,0.2758022041873933,0.027567423947291576,0.3179162991228485,0.20867083907033773
miami_dade,6,2023,7.621991222319222,15.001768603739666,0.508072842852622,-0.03646622885809759,1.913594293747813,117834,11325,0.7378533195533452,0.7378533195533452,0.664426199644246,0.664426199644246,0.7455160761988862,0.7455160761988862,0.7681509047033537,958661.9123554551,958661.9123554551,0.3966634202263655,316717.88159911206,316717.88159911206,0.3508240306679974,0.20767409803342138,-0.001183366029770619,-0.03125901949014737,-0.06201550884548711,1.3584795006586026,0.9618472480448056,1.117992924835275,1.1147022520455112,36.26409336731731,1.2151592836340595,68.78012134550944,1.002952064359541,0.2250133938672518,1.0628375650300264,0.033315338599259774,0.07105390865639274,0.12266500750663704,0.33700309248456867,div,-0.001183366029770619,-0.0011833665821486586,-8.585762988448251e-10,1.3584795006586026,11325,0.0,285200.0,550000.0000000001,2399999.9999999995,0.5758323806674374,0.9618472480448056,2.000173494838974,11325,0.3966634202263655,0.28580233187390996,0.03331533859925978,0.3355738003557539,0.20399958745948565
miami_dade,6,2023,11.061685231539125,21.77184903139532,0.508072842852622,-0.03646622885809759,2.0579407807970673,117834,11325,0.7225356409867132,0.7225356409867132,0.6534601760222286,0.6534601760222286,0.730646145599273,0.730646145599273,0.7605744411860258,986272.4326211577,986272.4326211577,0.4030924876202598,324448.004434147,324448.004434147,0.3589987547016159,0.2212352298815247,0.0005426595148027277,-0.024235679520459068,-0.04645989732658122,1.3126567429719684,0.958616911198502,1.1170360493258635,1.1184941620797348,37.21476735674084,1.1751766664491954,71.30782270299474,0.9986963608722284,0.230737216746012,1.070006137915317,0.0385791106308603,0.08228031645672436,0.13977340101837368,0.35813704161515136,div,0.0005426595148027277,0.0005426595680700773,3.80439238871861e-10,1.3126567429719684,11325,0.0,285200.0,550000.0000000001,2399999.9999999995,0.5677029940041584,0.958616911198502,2.0113857537832867,11325,0.4030924876202598,0.29551967121261996,0.0385791106308603,0.3465398239777714,0.2151352908172758
miami_dade,6,2023,16.05366322167172,31.5971684917008,0.508072842852622,-0.03646622885809759,2.0045250936989087,117834,11325,0.7318308174086157,0.7318308174086157,0.6448457119168369,0.6448457119168369,0.7396696165974141,0.7396696165974141,0.7546226782439156,969611.4290468004,969611.4290468004,0.40807187212164425,321011.1052305405,321011.1052305405,0.3613444206922759,0.22305766827080592,-0.00028546750549780954,-0.030305607992752837,-0.05986909107648366,1.3527196309350158,0.9590150879324528,1.1120199905462076,1.111229535847521,37.436566555599384,1.2165063300228998,72.30442945553408,1.000711333413293,0.2306091768338723,1.0669598373382236,0.03663124196052634,0.07812596328501042,0.13110708689035594,0.34000754359396257,div,-0.00028546750549780954,-0.00028546751325222037,-2.0623918358465692e-10,1.3527196309350158,11325,0.0,285200.0,550000.0000000001,2399999.9999999995,0.5547822859856101,0.9590150879324528,1.991161109107697,11325,0.40807187212164425,0.29935793057889726,0.036631241960526334,0.35515428808316307,0.2024970005746943
miami_dade,6,2023,23.298448422672752,45.85651201481555,0.508072842852622,-0.03646622885809759,2.00432519388964,117834,11325,0.7250658852165369,0.7250658852165369,0.6331809721080534,0.6331809721080534,0.733102428771288,0.733102428771288,0.7465634693048679,981765.1411724958,981765.1411724958,0.4147191186590964,327979.9326177848,327979.9326177848,0.3701756876531226,0.2291495567640692,-0.0031607695977061744,-0.029908314299635072,-0.059507521423197034,1.362410728366757,0.9817065218362423,1.129369078478526,1.1205542593203897,37.663599353067774,1.206400023604394,71.75925846224064,1.0078664813281621,0.22790408955716865,1.057769493248628,0.03662395236833283,0.07811041627154344,0.1289950323983513,0.33728710201045553,div,-0.0031607695977061744,-0.00316078012362137,-2.299892846021685e-09,1.362410728366757,11325,0.0,285200.0,550000.0000000001,2399999.9999999995,0.5521782543284637,0.9817065218362423,2.0323622586161236,11325,0.4147191186590964,0.30463285253426264,0.036623952368332845,0.36681902789194665,0.19904365232582824
miami_dade,6,2023,33.81270003043063,66.55089030263082,0.508072842852622,-0.03646622885809759,2.0306464326696814,117834,11325,0.7313239433541361,0.7313239433541361,0.6243101127742072,0.6243101127742072,0.7391775588759997,0.7391775588759997,0.7404345620156945,970527.3412613926,970527.3412613926,0.4197037809079194,320616.9637674989,320616.9637674989,0.3685769992958108,0.232179559578869,-0.0038289135238080856,-0.03037290735757656,-0.05836255240203917,1.315758064360015,0.962260968201318,1.1073894182562947,1.0970769147056911,38.12546435551104,1.1882144956225424,70.13171411757047,1.0093999822732302,0.2308420861770012,1.0560670816726008,0.03758378868551449,0.08015752504706791,0.13084430326109478,0.33959302570808053,div,-0.0038289135238080856,-0.0038289322353354557,-2.6906568036293527e-09,1.315758064360015,11325,0.0,285200.0,550000.0000000001,2399999.9999999995,0.5349169764021189,0.962260968201318,1.991431972605513,11325,0.4197037809079194,0.31021634150264144,0.03758378868551448,0.3756898872257927,0.19763930146743233
miami_dade,6,2023,49.071880779635485,96.584341143126,0.508072842852622,-0.03646622885809759,2.067607538867742,117834,11325,0.7324865287785602,0.7324865287785602,0.616062640116967,0.616062640116967,0.7403061610007999,0.7403061610007999,0.734736354730031,968425.2853701401,968425.2853701401,0.42428562332301456,320273.4050492889,320273.4050492889,0.36713726404165475,0.23572855924252978,-0.0018406462170406953,-0.026822169595648874,-0.04968924311958575,1.2685179189470817,0.9512261186568763,1.0931059437618247,1.088326477044562,38.276624835415774,1.160522395017597,73.66204255753672,1.0043915744200598,0.22954069031741095,1.0607504382879562,0.03893162084298144,0.08303213917459575,0.1342669259617289,0.334491323569351,div,-0.0018406462170406953,-0.0018406482957348553,-1.2470206267011001e-09,1.2685179189470817,11325,0.0,285200.0,550000.0000000001,2399999.9999999995,0.5195132711839605,0.9512261186568763,1.9859584348641248,11325,0.42428562332301456,0.3156157468938935,0.038931620842981414,0.383937359883033,0.19183622448448814
miami_dade,6,2023,71.21730832153513,140.17145242733102,0.508072842852622,-0.03646622885809759,1.9768687927025392,117834,11325,0.728889228864132,0.728889228864132,0.6113930565247916,0.6113930565247916,0.736814013033283,0.736814013033283,0.731510123331423,974914.832858469,974914.832858469,0.4268579822807441,322816.10091769084,322816.10091769084,0.37587579848477687,0.23816189051152753,-0.006821277750561701,-0.03459947106102389,-0.06887608645581153,1.363098161514193,0.9715390816572478,1.1147463929488923,1.0957134748700899,38.59003282562275,1.2228416750721511,68.91570816967052,1.0173703422612914,0.23133984495970078,1.046423913592566,0.0356227209590243,0.07597502134259919,0.12190984464170991,0.32781891451608924,div,-0.006821277750561701,-0.006821383551147161,-4.965918340813778e-09,1.363098161514193,11325,0.0,285200.0,550000.0000000001,2399999.9999999995,0.5242026664974483,0.9715390816572478,2.0210652056650695,11325,0.4268579822807441,0.31573536811437064,0.035622720959024294,0.38860694347520836,0.19194965429468291
miami_dade,6,2023,103.35664588322452,203.42879438884995,0.508072842852622,-0.03646622885809759,1.9611749216312724,117834,11325,0.7281947200685868,0.7281947200685868,0.6132378396540501,0.6132378396540501,0.7361398052840046,0.7361398052840046,0.7327846903538892,976162.7616145237,976162.7616145237,0.4258435933275433,320354.03924877156,320354.03924877156,0.372864259425908,0.23769622788356662,-0.005515893923976941,-0.03601954253316539,-0.06608551258005065,1.256308213826212,0.9536663803702788,1.1012690170799744,1.0870841713279167,38.8020002726386,1.1408326795366526,70.9618852170769,1.013048525704068,0.23099890733232148,1.0508984271431443,0.035050424664870024,0.07475444576633494,0.12036162161634141,0.32412713924226305,div,-0.005515893923976941,-0.005515949865513425,-3.7009976814964437e-09,1.256308213826212,11325,0.0,285200.0,550000.0000000001,2399999.9999999995,0.5255960799284832,0.9536663803702788,2.000181437295415,11325,0.4258435933275433,0.31595464981944726,0.035050424664869996,0.3867621603459499,0.19104249891566913
miami_dade,6,2023,150.0,295.2332566287368,0.508072842852622,-0.03646622885809759,2.2822009648766324,117834,11325,0.7280499090258862,0.7280499090258862,0.5932676824419043,0.5932676824419043,0.735999227183632,0.735999227183632,0.7189872399043628,976422.7645185356,976422.7645185356,0.43669927385379365,333314.847235101,333314.847235101,0.3850748398757873,0.24892131667154938,-0.000199342245979333,-0.0214591132198189,-0.041392420679242176,1.3208003738635592,0.9547024838457189,1.106343488179769,1.105804537476473,40.0670456156337,1.193895661989315,75.20628470916563,1.0004873833349661,0.25205860444336403,1.0696617410650733,0.04675703382726486,0.09972193440891997,0.15657262004406244,0.3603505380214009,div,-0.000199342245979333,-0.000199342248619776,-1.406187517448315e-10,1.3208003738635592,11325,0.0,285200.0,550000.0000000001,2399999.9999999995,0.516577242355834,0.9547024838457189,2.038216010589745,11325,0.43669927385379365,0.3266728840438943,0.046757033827264836,0.4067323175580956,0.1953211961932326
miami_dade,7,2024,0.001,0.0019178551260059598,0.5214158183483628,-0.07241100053121256,-0.0016785376769894444,129159,11694,0.7323576444069204,0.7323576444069204,0.8360898780053945,0.8360898780053945,0.741621013590722,0.741621013590722,0.8932761694756983,1132858.8701728103,1132858.8701728103,0.2845085253947483,232067.51908617385,232067.51908617385,0.20104994549735677,0.12939664877378834,-0.07622431406582404,-0.2520253074362335,-0.20795746577923185,0.5798594791725739,0.9158968767624636,0.9837285928008581,0.8900260841673373,19.910136288995396,0.5894758758061108,-7.263197995415631,1.1052806319953916,-0.041906398215739195,0.8981412387967075,-0.07253254512383267,-0.14687508162541169,-0.3733944277696351,0.30109188956879956,div,-0.07622431406582404,-0.07637245564350578,-2.018449547061773e-08,0.5798594791725739,11694,0.0,315325.0,599999.9999999999,2849999.999999998,0.6745656412234822,0.9158968767624636,1.3610324665075106,11694,0.2845085253947483,0.18552406553607645,-0.07253254512383271,0.16391012199460558,0.20222257802248572
miami_dade,7,2024,0.001451285485497223,0.002783355307658897,0.5214158183483628,-0.07241100053121256,3.375981179731813e-05,129159,11694,0.7261273584981768,0.7261273584981768,0.8349253863183336,0.8349253863183336,0.7356063640985889,0.7356063640985889,0.8925179550839054,1145968.5869364594,1145968.5869364594,0.28551737539611655,233746.20645339016,233746.20645339016,0.2020566027791083,0.12871652711378967,-0.07404730338741275,-0.2502744420904862,-0.20851473169710588,0.5854807757549215,0.9156016357788767,0.9838999987858715,0.8919912573763189,19.99592204755134,0.5950867074567335,-7.496346803388468,1.103037715503951,-0.040731238677119176,0.9009024068314874,-0.07240855594946254,-0.14662400922646043,-0.37145880491870575,0.3002026017996384,div,-0.07404730338741275,-0.07418308422580254,-1.979809934381692e-08,0.5854807757549215,11694,0.0,315325.0,599999.9999999999,2849999.999999998,0.6736390422853223,0.9156016357788767,1.3675685932824893,11694,0.28551737539611655,0.18628481107445927,-0.07240855594946258,0.16507461368166643,0.20276677603741441
miami_dade,7,2024,0.00210622956041491,0.004039443158987015,0.5214158183483628,-0.07241100053121256,-0.0011968805018205408,129159,11694,0.7349134625340019,0.7349134625340019,0.8354430228858251,0.8354430228858251,0.7440883723002896,0.7440883723002896,0.8928549944114947,1127436.8458740162,1127436.8458740162,0.28506936502317126,231650.94594470097,231650.94594470097,0.20159230696576658,0.12847432602045777,-0.07406456503220066,-0.24735757755833823,-0.20872839252819173,0.5929918265698163,0.9168719784947983,0.9843591558421353,0.8912496297665379,19.9297913073446,0.6024398505463137,-7.568728303784628,1.1044707598924752,-0.04060266667857119,0.8991842855108934,-0.07249766784586564,-0.1468044567350327,-0.37235700322808546,0.30058709688199825,div,-0.07406456503220066,-0.07420044106035566,-2.0056760856794815e-08,0.5929918265698163,11694,0.0,315325.0,599999.9999999999,2849999.999999998,0.6801394991343322,0.9168719784947983,1.3634053780732855,11694,0.28506936502317126,0.18571698393904668,-0.07249766784586568,0.16455697711417497,0.20175841477424147
miami_dade,7,2024,0.003056740390155355,0.005862385226128905,0.5214158183483628,-0.07241100053121256,0.005973863782103295,129159,11694,0.7243327316913144,0.7243327316913144,0.8351144739637717,0.8351144739637717,0.7338738511175531,0.7338738511175531,0.8926410722994892,1149717.0954402408,1149717.0954402408,0.2853538030689576,233079.6564774141,233079.6564774141,0.20200259743675764,0.12852398632572867,-0.07405975693649905,-0.24842592831550803,-0.2080852599210712,0.5886224118566429,0.9157379446553364,0.9846999741442117,0.8922825183689773,20.00396471757286,0.5977938424269069,-8.243956882847527,1.1035742086981222,-0.039811754258611026,0.9005828481237659,-0.07197842707771325,-0.145753017962611,-0.369230844357518,0.2975306925663214,div,-0.07405975693649905,-0.07419560644580848,-1.9907681712097842e-08,0.5886224118566429,11694,0.0,315325.0,599999.9999999999,2849999.999999998,0.6760336067298245,0.9157379446553364,1.3705215986349053,11694,0.2853538030689576,0.18599089617270176,-0.07197842707771329,0.16488552603622833,0.2037250712665617
miami_dade,7,2024,0.004436202961165585,0.008507994589074235,0.5214158183483628,-0.07241100053121256,0.011513754145435429,129159,11694,0.723785224507465,0.723785224507465,0.8355569772653806,0.8355569772653806,0.733345293704055,0.733345293704055,0.8929291914637767,1150858.2648810965,1150858.2648810965,0.2849706438111551,232141.29806610357,232141.29806610357,0.2014785982467891,0.1281147655485266,-0.0745655952228249,-0.2517271104847764,-0.2068307443821534,0.5774009608419616,0.9165524582673699,0.9844443748856576,0.8931695678814167,19.927892993436355,0.5865497991267599,-7.689847051031509,1.1021920252172757,-0.04036273035599425,0.9021189336729241,-0.07157727807367115,-0.14494070960348687,-0.3676778699009571,0.29661933046108674,div,-0.0745655952228249,-0.07470425368341264,-1.9661543275902613e-08,0.5774009608419616,11694,0.0,315325.0,599999.9999999999,2849999.999999998,0.6751985262690806,0.9165524582673699,1.3663147990232043,11694,0.2849706438111551,0.1857212289638909,-0.07157727807367119,0.16444302273461947,0.20391260719518794
miami_dade,7,2024,0.006438196968259414,0.012347529057812346,0.5214158183483628,-0.07241100053121256,0.023919977642560153,129159,11694,0.7432976540750561,0.7432976540750561,0.8360817389600752,0.8360817389600752,0.7521823785999966,0.7521823785999966,0.893270870046458,1109464.234332698,1109464.234332698,0.2845155890190336,232019.80448442968,232019.80448442968,0.2017482303437359,0.12881649309186208,-0.07140229829740985,-0.25090146294324217,-0.20532444351963802,0.5750821117241804,0.9161325290578182,0.9848041304392754,0.8977524855049618,19.96946916383616,0.5839807981034988,-7.03510071757027,1.0969661976322453,-0.03927853173479292,0.9080979451732384,-0.0706789310174305,-0.14312159796211227,-0.3635320850507688,0.2954802098891129,div,-0.07140229829740985,-0.07152401400497542,-1.8751830217893545e-08,0.5750821117241804,11694,0.0,315325.0,599999.9999999999,2849999.999999998,0.6782982844908647,0.9161325290578182,1.3678143534340768,11694,0.2845155890190336,0.18586031473733913,-0.07067893101743054,0.16391826103992477,0.20593617810845963
miami_dade,7,2024,0.009343661812807113,0.01791978970335826,0.5214158183483628,-0.07241100053121256,0.025459166717099357,129159,11694,0.734316179203389,0.734316179203389,0.8359540136184672,0.8359540136184672,0.7435117615421718,0.7435117615421718,0.8931877065569459,1128706.2810325685,1128706.2810325685,0.28462641490966534,231947.2805561025,231947.2805561025,0.20188837529353254,0.12808384548521,-0.07259405091459285,-0.2472836072722291,-0.20508152891673836,0.5828054670528271,0.9159720991832125,0.9847701423744953,0.8950769295349081,19.955192979280607,0.5918440888564247,-6.559519376491788,1.1002072669733458,-0.038246028840161886,0.9045185074876098,-0.07056747679653641,-0.14289590826980425,-0.36285954547317506,0.2935752262798914,div,-0.07259405091459285,-0.07272197669057356,-1.9320851434047376e-08,0.5828054670528271,11694,0.0,315325.0,599999.9999999999,2849999.999999998,0.6775842079146928,0.9159720991832125,1.3730266969296576,11694,0.28462641490966534,0.18585861003568907,-0.07056747679653645,0.16404598638153284,0.2050898990392691
miami_dade,7,2024,0.013560320770321632,0.026006730699646426,0.5214158183483628,-0.07241100053121256,0.031481820394672066,129159,11694,0.7571428948887088,0.7571428948887088,0.8356692232179096,0.8356692232179096,0.7655484218037967,0.7655484218037967,0.893002276138896,1079130.0707440788,1079130.0707440788,0.28487336920169487,230338.65035019416,230338.65035019416,0.2022510918401111,0.129534789010063,-0.0724259779339818,-0.24793026208274999,-0.20442397647757893,0.5794216125331042,0.9161974002010219,0.9847250058166179,0.8957590210101561,20.02250293091846,0.5884347254427154,-6.744650156741609,1.0993191056073697,-0.03784353109074018,0.9056200837560863,-0.0701313704178904,-0.14201281282828018,-0.36031339168327436,0.291531164051041,div,-0.0724259779339818,-0.07255301536120459,-1.9164198947846285e-08,0.5794216125331042,11694,0.0,315325.0,599999.9999999999,2849999.999999998,0.6771148165097562,0.9161974002010219,1.366488193233163,11694,0.28487336920169487,0.18628181626375667,-0.07013137041789043,0.16433077678209038,0.20535745277373146
miami_dade,7,2024,0.019679896712654306,0.0377431907896319,0.5214158183483628,-0.07241100053121256,0.06231350682012338,129159,11694,0.762837553563129,0.762837553563129,0.8360608394659406,0.8360608394659406,0.7710459826550417,0.7710459826550417,0.8932572621371787,1066402.9763353847,1066402.9763353847,0.2845337262367021,231142.1266104506,231142.1266104506,0.20275940603974998,0.1302197688329622,-0.0661749000825267,-0.2397584001961694,-0.20023634610660662,0.5868964432298925,0.9173343380526662,0.9866902759091241,0.9043542874037017,20.125985598745896,0.5948386774278184,-6.5294513525293505,1.0910439521902413,-0.033226277943467455,0.9152573621843199,-0.06789881715575885,-0.1374919947313993,-0.34871530580551124,0.281566788337549,div,-0.0661749000825267,-0.06627175056743989,-1.773602874984318e-08,0.5868964432298925,11694,0.0,315325.0,599999.9999999999,2849999.999999998,0.6783100019551197,0.9173343380526662,1.3803103740333107,11694,0.2845337262367021,0.18642019878108468,-0.06789881715575889,0.16393916053405946,0.20582527080501523
miami_dade,7,2024,0.028561148455159703,0.054776144969345235,0.5214158183483628,-0.07241100053121256,0.07767550528003508,129159,11694,0.7778009380538836,0.7778009380538836,0.8360642378705582,0.8360642378705582,0.7854914694667466,0.7854914694667466,0.8932594748788572,1032213.4132722116,1032213.4132722116,0.28453077707636354,229364.10245884402,229364.10245884402,0.2025201207975096,0.1290533879512328,-0.06608829820520963,-0.2403411628115793,-0.19816267915809715,0.5794101584902944,0.9166600752600833,0.9864557594556396,0.9052764026389628,20.09980636869209,0.5873906947651142,-4.634360983388532,1.0896735589042545,-0.032211437873339285,0.9172753961949377,-0.06678643947711771,-0.13523948088303278,-0.3430459551282522,0.2778689909967279,div,-0.06608829820520963,-0.06618476828275219,-1.7486878247651252e-08,0.5794101584902944,11694,0.0,315325.0,599999.9999999999,2849999.999999998,0.6786582700286147,0.9166600752600833,1.3752999493671265,11694,0.28453077707636354,0.1862023687734577,-0.06678643947711774,0.16393576212944183,0.20829472846948965
miami_dade,7,2024,0.04145038020210471,0.07949582414550246,0.5214158183483628,-0.07241100053121256,0.0880586631121717,129159,11694,0.774100218294373,0.774100218294373,0.8360988047395583,0.8360988047395583,0.7819188353135004,0.7819188353135004,0.8932819817785167,1040773.6619266495,1040773.6619266495,0.284500777958157,229964.55139085662,229964.55139085662,0.20342511660403495,0.1299298135766343,-0.062394762495656286,-0.23098953140229572,-0.1971850640409672,0.5998934442990561,0.916194315071011,0.9878793322000983,0.908527458873284,20.231078329389447,0.6072797314564536,-5.0185034593571265,1.0873411943159352,-0.028722885859225396,0.9197343489963968,-0.06603458462981919,-0.13371700925489813,-0.3389269610884177,0.2778607915768647,div,-0.062394762495656286,-0.06247592197378895,-1.7093219286309858e-08,0.5998934442990561,11694,0.0,315325.0,599999.9999999999,2849999.999999998,0.679127097967788,0.916194315071011,1.3798022705840798,11694,0.284500777958157,0.18646770520726857,-0.06603458462981923,0.16390119526044175,0.20762141644040927
miami_dade,7,2024,0.060156335155656014,0.11537113574000742,0.5214158183483628,-0.07241100053121256,0.11909468608160056,129159,11694,0.8058607348581548,0.8058607348581548,0.835710692168109,0.835710692168109,0.8125800886842549,0.8125800886842549,0.8930292770657409,964839.5076994242,964839.5076994242,0.28483742296823455,227849.45431265156,227849.45431265156,0.20454709551685354,0.131073855774065,-0.056825424690559095,-0.22143799211839188,-0.19378507596165342,0.6149794314330929,0.9182809523806488,0.9895502252411813,0.915463872871677,20.366354953236073,0.6215002655640459,-4.035153961740128,1.0809276636303584,-0.023532289579638564,0.927379370409204,-0.06378723515409315,-0.129166229503208,-0.32664733996985557,0.26694082712714606,div,-0.056825424690559095,-0.056886709011642576,-1.595897127669766e-08,0.6149794314330929,11694,0.0,315325.0,599999.9999999999,2849999.999999998,0.6803983534172444,0.9182809523806488,1.3865542862453157,11694,0.28483742296823455,0.18705909648267718,-0.0637872351540932,0.16428930783189105,0.20801401216986443
miami_dade,7,2024,0.0873040160721099,0.16743645474480268,0.5214158183483628,-0.07241100053121256,0.1551688275089269,129159,11694,0.8022731632702704,0.8022731632702704,0.8357123288216823,0.8357123288216823,0.8091166865314298,0.8091166865314298,0.8930303427103543,973713.5126704077,973713.5126704077,0.2848360041864729,228294.55765582592,228294.55765582592,0.20560016012039628,0.13132322064535598,-0.054218138524589954,-0.21475849417630063,-0.18875258379256796,0.6176393440885867,0.9171774996383073,0.9907908656484604,0.9197980357871822,20.499367160268577,0.623406791063514,-3.6053341249259447,1.077183063128115,-0.018594071336254295,0.9323193767361708,-0.06117507048003598,-0.12387671568474004,-0.3129936123256549,0.25885970826810606,div,-0.054218138524589954,-0.054271359089642,-1.5292594335822054e-08,0.6176393440885867,11694,0.0,315325.0,599999.9999999999,2849999.999999998,0.6805560733896441,0.9171774996383073,1.3962242358114079,11694,0.2848360041864729,0.1876983975575944,-0.06117507048003603,0.16428767117831766,0.21072329864546754
miami_dade,7,2024,0.12670305135106935,0.2429980965142447,0.5214158183483628,-0.07241100053121256,0.19849460901020444,129159,11694,0.8003757009966306,0.8003757009966306,0.8345276313610761,0.8345276313610761,0.807284897321809,0.807284897321809,0.8922589720990112,978374.4208593611,978374.4208593611,0.2858611521301667,229876.31096835987,229876.31096835987,0.20785827206195032,0.13273229174385348,-0.04854199124049829,-0.19968755448612857,-0.18383339968347212,0.6469427025210118,0.9158510868765141,0.9927799311362864,0.9262038330852861,20.78799484069384,0.6516755076465387,-1.2408125459424706,1.0718806116675506,-0.010105969847476687,0.9393171696751926,-0.05803780729273177,-0.11752390142833943,-0.29556958666041466,0.24597238926885442,div,-0.04854199124049829,-0.048580172136114784,-1.4341184341366915e-08,0.6469427025210118,11694,0.0,315325.0,599999.9999999999,2849999.999999998,0.6795877164542715,0.9158510868765141,1.4043730703001678,11694,0.2858611521301667,0.18895370642365364,-0.05803780729273182,0.16547236863892384,0.21238600576059657
miami_dade,7,2024,0.18388229939401626,0.35265961047457667,0.5214158183483628,-0.07241100053121256,0.2352622021792039,129159,11694,0.7974888069326982,0.7974888069326982,0.8330652252127326,0.8330652252127326,0.8044979215441637,0.8044979215441637,0.891306782057089,985423.4747794337,985423.4747794337,0.28712156050741844,231963.34224785803,231963.34224785803,0.20987101432533595,0.1340555851502223,-0.04622272279570853,-0.19506624330814204,-0.17881112103154,0.6441763906830469,0.9157206894439966,0.9935645049499668,0.9304403960690697,21.00673965206805,0.6483765596198643,0.7290449430328491,1.0678432591142692,-0.005060412712391116,0.9445180803816046,-0.05537542908423995,-0.11213270750260103,-0.28064102970657745,0.2334719359706856,div,-0.04622272279570853,-0.04625568396004904,-1.3597589951155854e-08,0.6441763906830469,11694,0.0,315325.0,599999.9999999999,2849999.999999998,0.6792545578141139,0.9157206894439966,1.4108871120346385,11694,0.28712156050741844,0.1907534361640499,-0.055375429084239994,0.16693477478726734,0.2108944552233879
miami_dade,7,2024,0.26686571215039057,0.5118097740028575,0.5214158183483628,-0.07241100053121256,0.2669200283628156,129159,11694,0.8039856218518929,0.8039856218518929,0.8325174829045449,0.8325174829045449,0.8107698752115511,0.8107698752115511,0.8909501405235543,969487.8088460034,969487.8088460034,0.2875922228700151,231369.85741359065,231369.85741359065,0.21107552603999585,0.13653610305422859,-0.04627567131290446,-0.19534582717464513,-0.1742203627586107,0.6267396533114953,0.9177310921289099,0.9954419551805831,0.9339561545063013,21.21664549636023,0.6296363632822315,1.5349612691814023,1.0658337121904655,-0.002734561803058444,0.9471383265483343,-0.05308305421564141,-0.10749075339266834,-0.26817670023308265,0.2212845070134747,div,-0.04627567131290446,-0.046308745976285565,-1.3244681314469993e-08,0.6267396533114953,11694,0.0,315325.0,599999.9999999999,2849999.999999998,0.6768343371716916,0.9177310921289099,1.420330779707419,11694,0.2875922228700151,0.19196617223573226,-0.053083054215641454,0.16748251709545514,0.20616764055111444
miami_dade,7,2024,0.38729833462074176,0.742782096345961,0.5214158183483628,-0.07241100053121256,0.30918506613245844,129159,11694,0.8139023111407063,0.8139023111407063,0.829473722117623,0.829473722117623,0.8203433379816778,0.8203433379816778,0.8889683116625481,944645.5380161498,944645.5380161498,0.2901937497625076,230668.8157329775,230668.8157329775,0.21460682284285448,0.13996024305815635,-0.04310681337402658,-0.17894635632905262,-0.16957933521617521,0.6659512931339349,0.9166100709322669,0.9958572490879931,0.9349984584552333,21.57111193872406,0.6687502346638735,3.5996825485049118,1.0650897229641514,0.006583420869267499,0.9488949458778014,-0.05002260054325209,-0.10129347488581948,-0.2505265593026443,0.2077673594209213,div,-0.04310681337402658,-0.04313354350453554,-1.310961682657435e-08,0.6659512931339349,11694,0.0,315325.0,599999.9999999999,2849999.999999998,0.6750929036177161,0.9166100709322669,1.4233268477499827,11694,0.2901937497625076,0.19482350966436288,-0.050022600543252124,0.17052627788237693,0.20519504637159972
miami_dade,7,2024,0.5620804515923291,1.0779888753140932,0.5214158183483628,-0.07241100053121256,0.36379614328038945,129159,11694,0.8046123472442572,0.8046123472442572,0.8267482466718606,0.8267482466718606,0.8113749090122633,0.8113749090122633,0.8871937221739181,967936.6749705615,967936.6749705615,0.2925036010813971,235027.21176350894,235027.21176350894,0.21732865646772973,0.14226850262314536,-0.042003516935451804,-0.18039403218012492,-0.16058249894194856,0.6255592407956228,0.9172668545729232,0.9966222327761325,0.940917893001713,21.909555096174998,0.6277062350755405,5.917421101542381,1.0592021261246416,0.011127414689637965,0.9568324339043658,-0.04606815780688318,-0.09328590947231301,-0.22873274543737812,0.193717039233549,div,-0.042003516935451804,-0.0420282453220361,-1.1999294472125845e-08,0.6255592407956228,11694,0.0,315325.0,599999.9999999999,2849999.999999998,0.6712866101578586,0.9172668545729232,1.442590747333534,11694,0.2925036010813971,0.1979327892166658,-0.046068157806883205,0.17325175332813933,0.20515528610206116
miami_dade,7,2024,0.8157392010776716,1.564469608270819,0.5214158183483628,-0.07241100053121256,0.42343724345969924,129159,11694,0.799100159200827,0.799100159200827,0.821519153021943,0.821519153021943,0.806053503301262,0.806053503301262,0.8837889970861783,981495.2089934743,981495.2089934743,0.29688496682127213,237094.4221880432,237094.4221880432,0.22186688762576898,0.14572357426915944,-0.03970071480466285,-0.1686408478822336,-0.15311815448286029,0.6380523416182735,0.9137510464991248,0.9941304500748158,0.9404285607518341,22.38658396517526,0.6418469774308858,7.9562242009002215,1.0571036350491623,0.020220029211213818,0.9604308877734137,-0.04174948607011705,-0.08454079701599493,-0.2046748672098397,0.17860407252870342,div,-0.03970071480466285,-0.039721592603056834,-1.1567945806475352e-08,0.6380523416182735,11694,0.0,315325.0,599999.9999999999,2849999.999999998,0.6610329958596997,0.9137510464991248,1.4500164642177127,11694,0.29688496682127213,0.20289151339707862,-0.0417494860701171,0.17848084697805705,0.20059392632616305
miami_dade,7,2024,1.1838704624751253,2.270492034984965,0.5214158183483628,-0.07241100053121256,0.4818729780982285,129159,11694,0.7961851206440949,0.7961851206440949,0.8152297378786474,0.8152297378786474,0.8032393571398169,0.8032393571398169,0.8796938840591003,988590.267963164,988590.267963164,0.30207058413488674,239812.74271736067,239812.74271736067,0.22625432434534387,0.14995261313516783,-0.03797420655406065,-0.16252059328706073,-0.14357216253949281,0.62080362018553,0.9116530029641303,0.9922497339430761,0.9422718480378631,22.915910931500967,0.6256793469748025,11.276819085186787,1.0530397740410948,0.02720459039881745,0.9658105836140545,-0.03751809605816472,-0.07597242605460915,-0.1810139646318785,0.16713611954989316,div,-0.03797420655406065,-0.0379924758098767,-1.0765756716613222e-08,0.62080362018553,11694,0.0,315325.0,599999.9999999999,2849999.999999998,0.648889520789262,0.9116530029641303,1.4639231030840476,11694,0.30207058413488674,0.20858891146630723,-0.03751809605816476,0.18477026212135267,0.19281843211180053
miami_dade,7,2024,1.7181340188990342,3.2951321353107335,0.5214158183483628,-0.07241100053121256,0.5465275797065754,129159,11694,0.787077291635837,0.787077291635837,0.8082673451788908,0.8082673451788908,0.7944467591882408,0.7944467591882408,0.8751605873383711,1010437.3206511294,1010437.3206511294,0.3077091714391406,242015.23115621033,242015.23115621033,0.23029925358775583,0.15543584486310227,-0.03553373125508806,-0.15273462032074187,-0.13335457371838555,0.613568172939272,0.9072416302133359,0.9876075066852822,0.9413865884227173,23.344247715080733,0.6212937880524438,13.028060856753042,1.0490987643450578,0.03565040055623987,0.9712076357357692,-0.032836391666757364,-0.0664921891008384,-0.15607783788489413,0.16049528185525788,div,-0.03553373125508806,-0.03554869810397712,-9.956466789671503e-09,0.613568172939272,11694,0.0,315325.0,599999.9999999999,2849999.999999998,0.6353013236633995,0.9072416302133359,1.469193037579798,11694,0.3077091714391406,0.21413795075346953,-0.03283639166675741,0.19173265482110927,0.18751896293869633
miami_dade,7,2024,2.4935029637671793,4.782177440771938,0.5214158183483628,-0.07241100053121256,0.6066594967220931,129159,11694,0.7949034556615604,0.7949034556615604,0.7980787270359511,0.7980787270359511,0.8020020518621462,0.8020020518621462,0.8685266568481009,991693.7112985229,991693.7112985229,0.31577913858121176,243809.39252719504,243809.39252719504,0.23619925459913316,0.15918844052295364,-0.036043054683378664,-0.14715451106518446,-0.12479647765477268,0.5959655357842885,0.9072163531368933,0.9857239587967505,0.9401855691910789,24.020133838537625,0.6046226367738536,17.152103474308902,1.0484355334711764,0.0425022373756333,0.9728964138242603,-0.028482179391803888,-0.05767510868257486,-0.13211310099848786,0.15775843871429676,div,-0.036043054683378664,-0.03605867472603241,-9.809443014272701e-09,0.5959655357842885,11694,0.0,315325.0,599999.9999999999,2849999.999999998,0.6174644792545148,0.9072163531368933,1.4830526151434755,11694,0.31577913858121176,0.2217446120717744,-0.028482179391803936,0.20192127296404896,0.1786449814782831
miami_dade,7,2024,3.618784659359615,6.940304708864569,0.5214158183483628,-0.07241100053121256,0.6616134633063145,129159,11694,0.7928229271111024,0.7928229271111024,0.7867772886667606,0.7867772886667606,0.7999935324823504,0.7999935324823504,0.8611681558689239,996710.9605911318,996710.9605911318,0.3244958363696922,247022.54631696548,247022.54631696548,0.24246972697383337,0.1648681994727813,-0.03252189536184949,-0.13782703962859896,-0.11907835660364605,0.6071427343304245,0.9050444387918413,0.9818582257568177,0.9399979984352141,24.73729532840927,0.6183873390791945,21.189604755171086,1.0445322515487128,0.05104419939750083,0.9780216391435783,-0.02450290768828158,-0.049617265747838375,-0.1109944728430203,0.1577975756136122,div,-0.03252189536184949,-0.032533368494521826,-9.01712858165344e-09,0.6071427343304245,11694,0.0,315325.0,599999.9999999999,2849999.999999998,0.594983996833864,0.9050444387918413,1.489590956846217,11694,0.3244958363696922,0.2294814004387479,-0.024502907688281637,0.21322271133323947,0.17334754538229966
miami_dade,7,2024,5.2518896512686215,10.072363488903179,0.5214158183483628,-0.07241100053121256,0.7399419072413708,129159,11694,0.7900764370909026,0.7900764370909026,0.7738444973472836,0.7738444973472836,0.7973421012242825,0.7973421012242825,0.852747461575063,1003295.7720291594,1003295.7720291594,0.33419194469213165,251346.41095565408,251346.41095565408,0.249850488622151,0.17161032257532455,-0.029742930476750026,-0.12601473665132926,-0.10956497457680457,0.6110022423329324,0.8988820126931026,0.9773203603987605,0.9387936887004648,25.589692532848595,0.625207857496622,24.07189998988477,1.0410384860507815,0.06163203393939073,0.983744792196201,-0.018831066692891165,-0.03813204752280466,-0.08315573498541326,0.1731362433037238,div,-0.029742930476750026,-0.029751705749313972,-8.299046009895563e-09,0.6110022423329324,11694,0.0,315325.0,599999.9999999999,2849999.999999998,0.5793295294500599,0.8988820126931026,1.4979876021478031,11694,0.33419194469213165,0.23896690420318265,-0.018831066692891228,0.22615550265271647,0.1722280124501185
miami_dade,7,2024,7.621991222319222,14.617874936097351,0.5214158183483628,-0.07241100053121256,0.8121127480624887,129159,11694,0.787549973643505,0.787549973643505,0.7581861394124817,0.7581861394124817,0.7949030811996225,0.7949030811996225,0.8425521184309853,1009315.1272676967,1009315.1272676967,0.3455675812924821,254652.72150269774,254652.72150269774,0.25588766556597675,0.17680481613749208,-0.02641154670643255,-0.11600037623110289,-0.10020259065305313,0.6070325093396852,0.8982410054277754,0.9720055587868219,0.938016376437425,26.29126031732251,0.6245421750802848,27.9009355604959,1.0362351694524647,0.07010352386032523,0.9905788816521526,-0.013605103899855135,-0.02754971223471995,-0.05835727473246872,0.18962509294462015,div,-0.02641154670643255,-0.026417690577217698,-7.321623584963198e-09,0.6070325093396852,11694,0.0,315325.0,599999.9999999999,2849999.999999998,0.5570052826594366,0.8982410054277754,1.5014789697657338,11694,0.3455675812924821,0.24805027532591373,-0.013605103899855203,0.2418138605875183,0.1725122485766354
miami_dade,7,2024,11.061685231539125,21.214709723571733,0.5214158183483628,-0.07241100053121256,0.8814294985244696,129159,11694,0.7934918514820206,0.7934918514820206,0.7443053175606729,0.7443053175606729,0.8006393047128306,0.8006393047128306,0.8335141501784863,995100.5910502989,995100.5910502989,0.35534748505043634,257897.84484668137,257897.84484668137,0.26311791092859577,0.18683352477807608,-0.022496023537249082,-0.10383063702951348,-0.09086490447220823,0.6149829193246656,0.8908584799449997,0.9654479932034791,0.9361185550468468,27.131497904397378,0.6370195185515802,30.77350646965804,1.0313309014104144,0.08060511282109625,0.9970681140778284,-0.008585808645330702,-0.017385869246007754,-0.03602748065408311,0.20654342164790304,div,-0.022496023537249082,-0.022499819552219278,-6.317866194422522e-09,0.6149829193246656,11694,0.0,315325.0,599999.9999999999,2849999.999999998,0.541435042076037,0.8908584799449997,1.5088641853128224,11694,0.35534748505043634,0.25776774120409557,-0.008585808645330774,0.25569468243932725,0.17134015067109168
miami_dade,7,2024,16.05366322167172,30.78860030085646,0.5214158183483628,-0.07241100053121256,0.9308354725185124,129159,11694,0.7986617758227129,0.7986617758227129,0.7315638215467051,0.7315638215467051,0.8056302928096162,0.8056302928096162,0.8252180105339468,982565.4853952792,982565.4853952792,0.36409349658182455,259255.9002221698,259255.9002221698,0.2691828067755859,0.19317890296028764,-0.02045186278554409,-0.09707834985875964,-0.08640003267622175,0.6254375028432808,0.8857899281560194,0.9601482259100036,0.9330305964897506,27.868786257060478,0.6514246753701642,33.034744332109355,1.029064030185371,0.08753187141998783,1.0010613989441426,-0.005008272636202984,-0.010141522691486658,-0.020613066950576797,0.22085508709800974,div,-0.02045186278554409,-0.020454715027531743,-5.841419575517961e-09,0.6254375028432808,11694,0.0,315325.0,599999.9999999999,2849999.999999998,0.5311416521907169,0.8857899281560194,1.5062340126101836,11694,0.36409349658182455,0.2660340242795315,-0.005008272636203061,0.26843617845329487,0.17447957137556502
miami_dade,7,2024,23.298448422672752,44.683048735408406,0.5214158183483628,-0.07241100053121256,0.98351703040596,129159,11694,0.795338341366993,0.795338341366993,0.7180167036076706,0.7180167036076706,0.8024218857390547,0.8024218857390547,0.8163973208692425,990641.7621279155,990641.7621279155,0.37316773756756805,262801.49634761614,262801.49634761614,0.275539183925012,0.2007701231654003,-0.018251232952292192,-0.08977944715351882,-0.08008103943765943,0.6268233595444175,0.8772610766212539,0.9555613038170954,0.9313079214793564,28.707857178643398,0.6560020375737389,35.96430228482978,1.0260422807305378,0.09576545485225271,1.005751439077067,-0.001193548320029908,-0.0024168806792726895,-0.004813497464222937,0.23530699955166007,div,-0.018251232952292192,-0.018253259898308425,-5.224430947285554e-09,0.6268233595444175,11694,0.0,315325.0,599999.9999999999,2849999.999999998,0.5186474524853979,0.8772610766212539,1.5069840821188238,11694,0.37316773756756805,0.2745444188316363,-0.001193548320029993,0.2819832963923294,0.17612945023688775
miami_dade,7,2024,33.81270003043063,64.84786007746327,0.5214158183483628,-0.07241100053121256,1.0124950320797375,129159,11694,0.7818792484037604,0.7818792484037604,0.7093741130187013,0.7093741130187013,0.7894286254229801,0.7894286254229801,0.81077002731297,1022696.7609227997,1022696.7609227997,0.3788432431365734,264697.2743799872,264697.2743799872,0.2781360529473532,0.20264821265982935,-0.017870517864686068,-0.0868848726781625,-0.07733953859794333,0.6255323948290646,0.8824291251596312,0.9540708583686414,0.9303723028389839,28.90070721580111,0.6556736713283958,36.544867215266635,1.0254721206310018,0.09800568375196093,1.0071460433961066,0.0009047777745634753,0.0018321335514284074,0.003598655879426826,0.24129308413671963,div,-0.017870517864686068,-0.017872420578130238,-5.104915479044549e-09,0.6255323948290646,11694,0.0,315325.0,599999.9999999999,2849999.999999998,0.5055516791956745,0.8824291251596312,1.5106269333006515,11694,0.3788432431365734,0.2786885442889935,0.0009047777745633903,0.29062588698129865,0.17730304127369806
miami_dade,7,2024,49.071880779635485,94.11275809597726,0.5214158183483628,-0.07241100053121256,1.0576291582945065,129159,11694,0.7948845974691872,0.7948845974691872,0.6991212445779267,0.6991212445779267,0.801983846370642,0.801983846370642,0.8040942626893722,991739.3023175505,991739.3023175505,0.38546784860140165,267196.83394701756,267196.83394701756,0.2824654405892821,0.2050018488070437,-0.01417530939059786,-0.08033206382831756,-0.07185770904765168,0.6286035658486815,0.8790042945392,0.9520860843678661,0.9331955467056819,29.45369169249417,0.6602663930051896,37.855628228550536,1.0202428502031227,0.10423453828446635,1.0134153142699125,0.004172985011876933,0.008450103511391268,0.0163416273354076,0.2495023741559777,div,-0.01417530939059786,-0.014176258964455096,-4.069218395968401e-09,0.6286035658486815,11694,0.0,315325.0,599999.9999999999,2849999.999999998,0.4990221382385938,0.8790042945392,1.5232009281102108,11694,0.38546784860140165,0.28450984096229653,0.004172985011876841,0.30087875542207326,0.17489143965703757
miami_dade,7,2024,71.21730832153513,136.58447982480305,0.5214158183483628,-0.07241100053121256,1.074775527440981,129159,11694,0.7941706873242265,0.7941706873242265,0.6917711894953906,0.6917711894953906,0.8012946453686799,0.8012946453686799,0.7993085543790661,993463.691966944,993463.691966944,0.3901476659388482,268496.7489357732,268496.7489357732,0.2855801875485443,0.2112819328449001,-0.013856738302358977,-0.07744719409482444,-0.06873744140784259,0.6237062162298532,0.8736433452541901,0.9477141263459432,0.9293919938419714,29.87033728900955,0.6581445484334149,38.5270059519324,1.019714106238672,0.10691729345766153,1.0145270718807382,0.005414570757250654,0.010964257776699049,0.02103094440969168,0.25602880213741,div,-0.013856738302358977,-0.013857625278274367,-3.9467780098064694e-09,0.6237062162298532,11694,0.0,315325.0,599999.9999999999,2849999.999999998,0.49284017570972805,0.8736433452541901,1.5170972242282157,11694,0.3901476659388482,0.2895484742900408,0.005414570757250561,0.3082288105046093,0.17656191706754593
miami_dade,7,2024,103.35664588322452,198.22307311392493,0.5214158183483628,-0.07241100053121256,1.097435110740483,129159,11694,0.7782010119743574,0.7782010119743574,0.6888066653388095,0.6888066653388095,0.7858776964293355,0.7858776964293355,0.7973783174307795,1031283.7340076023,1031283.7340076023,0.3920193833194806,271448.6842369184,271448.6842369184,0.2867894112478201,0.21246300869432633,-0.012220952208703098,-0.07395499507512267,-0.06637686300057803,0.6307272708785442,0.8734366827759682,0.9480438986584632,0.9317027873989163,30.03562511312492,0.6653217656771349,39.28095965167728,1.0175389743173004,0.11030276367379059,1.0174412994312703,0.007055373855587958,0.014286808896173479,0.02726860086549631,0.2572467791964054,div,-0.012220952208703098,-0.012221560669781051,-3.5200454183484044e-09,0.6307272708785442,11694,0.0,315325.0,599999.9999999999,2849999.999999998,0.4923315730529145,0.8734366827759682,1.5222828060232045,11694,0.3920193833194806,0.2908626347433565,0.0070553738555878655,0.3111933346611905,0.17503754360758267
miami_dade,7,2024,150.0,287.67826890089395,0.5214158183483628,-0.07241100053121256,1.1110476659310815,129159,11694,0.7934829296524675,0.7934829296524675,0.6812326012278023,0.6812326012278023,0.8006306916767073,0.8006306916767073,0.7924467541769253,995122.086623322,995122.086623322,0.39676133893689086,271331.4669690865,271331.4669690865,0.2894508731757145,0.21517571719641038,-0.012204445292146043,-0.0729412257981004,-0.06524142766083776,0.6285542923298576,0.8718068804973983,0.9435009501567246,0.9272381332134574,30.237285742201497,0.6662220838525355,39.654370064521274,1.017538986330196,0.11171607069142442,1.0178718006925453,0.00804107259672556,0.016282803698444395,0.030837837613381835,0.26228200308886096,div,-0.012204445292146043,-0.012205051290849577,-3.503180007855784e-09,0.6285542923298576,11694,0.0,315325.0,599999.9999999999,2849999.999999998,0.48434741962242706,0.8718068804973983,1.5104958970018054,11694,0.39676133893689086,0.2954215040632715,0.008041072596725462,0.3187673987721978,0.17609523669304203
