county_key,fold,validation_year,rho_tilde,raw_rho,Var_training_y,n_train,n_val,fit_status,R2_price,R2,R2_log,R2 (log),OOS_R2_price,OOS R2,OOS_R2_log,RMSE_price,RMSE,RMSE_log,MAE_price,MAE,MAPE,MdAPE,"Corr(r,price)","Corr(r,logprice)",Slope(r~logy),Std ratio,Median ratio,Mean ratio,W. Mean ratio,COD,COV_IAAO,VEI,PRD,PRB,MKI,Cov_log_residual_log_price,Beta_log,Corr_log_residual_log_price,dCor_e_y,fairness_ratio_mode,"Corr(r,y)_price","FisherZ(r,y)_price",Slope(r~y)_price,Std(r),val_rows,small_abs_y_share,y_q05,y_q50,y_q95,r_q05,r_q50,r_q95,N,RMSE (log),MAE (log),"Cov(e,logprice)",NMSE,Delta_NL
philadelphia,1,2018,0.0,0.0,0.33289575761369444,8225,4153,OK,0.6127151881665457,0.6127151881665457,0.6177450796569289,0.6177450796569289,0.6142024142597393,0.6142024142597393,0.6233652755111634,120087.98802127154,120087.98802127154,0.35087691141487237,56221.25071528991,56221.25071528991,0.2562350941792271,0.1713637807191372,-0.3273008944646191,-0.567422999144627,-0.40490802563856526,0.40497452003694134,0.9136546601559637,1.001891093492044,0.8980773366654345,26.49328758377395,0.4042587945333029,-47.68192919140468,1.1155955646448783,-0.19103447652946615,0.7419203279942306,-0.11235330015820989,-0.34884245550815907,-0.5727530682450884,0.5612778047087948,div,-0.3273008944646191,-0.33980231058128985,-6.868953172831244e-07,0.40497452003694134,4153,0.0,69999.99999999994,219999.99999999985,499659.99999999977,0.5620482680029281,0.9136546601559637,1.736176072037086,4153,0.35087691141487237,0.2504996973924006,-0.11235330015820985,0.38225492034307107,0.05326553648382746
philadelphia,1,2018,0.001,0.003003943358029933,0.33289575761369444,8225,4153,OK,0.6149298235294383,0.6149298235294383,0.6164009309495555,0.6164009309495555,0.616408545123106,0.616408545123106,0.6220408894767879,119744.14236939444,119744.14236939444,0.35149327610041203,56120.98802559038,56120.98802559038,0.2562131000074077,0.1718959842595186,-0.32548524410062035,-0.5652278683805124,-0.4031663697357008,0.4047985805864147,0.9164564200826543,1.0033979888440459,0.9002049737968569,26.451866995888096,0.403476317048016,-48.02024516491066,1.114632798141455,-0.18765296100702197,0.7449156085665541,-0.11184671798889442,-0.3472695834375406,-0.5687669091397844,0.5578677166343897,div,-0.32548524410062035,-0.33777017056746733,-6.827881099672566e-07,0.4047985805864147,4153,0.0,69999.99999999994,219999.99999999985,499659.99999999977,0.5716211053530678,0.9164564200826543,1.7413047138419728,4153,0.35149327610041203,0.2501193474331987,-0.11184671798889437,0.3835990690504445,0.053252330225057515
philadelphia,1,2018,0.001451285485497223,0.00435957939476463,0.33289575761369444,8225,4153,OK,0.6166639721471057,0.6166639721471057,0.616757259408436,0.616757259408436,0.6181360343753791,0.6181360343753791,0.6223919789299139,119474.20656265276,119474.20656265276,0.3513299856146288,56236.16545634492,56236.16545634492,0.2564636221786155,0.1731022789458502,-0.3261241229188209,-0.5672028237111776,-0.4035431448773795,0.4037660872696545,0.9137045984182363,1.0024122359380465,0.8992803927723831,26.559919728514213,0.4028429551721884,-47.087019122093864,1.1146826329079846,-0.18930011551701123,0.7445831722812406,-0.11202030853915569,-0.347808559628902,-0.5701779384695133,0.5591175825006884,div,-0.3261241229188209,-0.33848491903647676,-6.823833593806921e-07,0.4037660872696545,4153,0.0,69999.99999999994,219999.99999999985,499659.99999999977,0.566303587005592,0.9137045984182363,1.7439789857891415,4153,0.3513299856146288,0.250679881687409,-0.11202030853915564,0.38324274059156405,0.05372582702846795
philadelphia,1,2018,0.00210622956041491,0.006326994298494675,0.33289575761369444,8225,4153,OK,0.6184537922340535,0.6184537922340535,0.6179285292066155,0.6179285292066155,0.619918981310956,0.619918981310956,0.6235460278492673,119194.96392872397,119194.96392872397,0.35079270591139,56108.07936582579,56108.07936582579,0.2561961115102983,0.17425427995931647,-0.3247339860898602,-0.5653336408477361,-0.402324459453123,0.40387768323295353,0.9148704613299071,1.0023053459785412,0.8995847297867745,26.474291354898295,0.4029972686946056,-46.32042136162132,1.1141867050323477,-0.18801821227016305,0.7460657361419349,-0.11160081482521929,-0.3465060859406904,-0.5689187570780776,0.5581666175735954,div,-0.3247339860898602,-0.33693012256489174,-6.796624301768469e-07,0.40387768323295353,4153,0.0,69999.99999999994,219999.99999999985,499659.99999999977,0.5687437838353855,0.9148704613299071,1.7377250342257804,4153,0.35079270591139,0.25033860384131934,-0.11160081482521925,0.3820714707933846,0.05380248199836155
philadelphia,1,2018,0.003056740390155355,0.009182274992229006,0.33289575761369444,8225,4153,OK,0.6113558261226468,0.6113558261226468,0.6175838358309698,0.6175838358309698,0.6128482723500672,0.6128482723500672,0.6232064024117376,120298.55664380845,120298.55664380845,0.35095090754617897,56288.61554313624,56288.61554313624,0.2564591655415499,0.1723746257088313,-0.3241554642940673,-0.5639415416302802,-0.40126999695991783,0.4038135157285811,0.9151967787102893,1.0031057999513078,0.900584474159811,26.48910444432506,0.4026117101663155,-47.6838877321285,1.1138386555987907,-0.1866453939751253,0.7472869132607898,-0.11148961166271427,-0.3461608145137372,-0.5678705609725022,0.558216637528188,div,-0.3241554642940673,-0.33628353846877374,-6.783438029841766e-07,0.4038135157285811,4153,0.0,69999.99999999994,219999.99999999985,499659.99999999977,0.5677629445289376,0.9151967787102893,1.7561022915755533,4153,0.35095090754617897,0.2505021057067747,-0.11148961166271425,0.38241616416903024,0.05437009154669351
philadelphia,1,2018,0.004436202961165585,0.01332610242006608,0.33289575761369444,8225,4153,OK,0.6124437338865825,0.6124437338865825,0.6193494662458057,0.6193494662458057,0.6139320024009502,0.6139320024009502,0.6249460732163514,120130.06646991915,120130.06646991915,0.35013979318028843,56094.48758245906,56094.48758245906,0.255704319236095,0.17181278762825253,-0.32493326942125683,-0.5658509904768736,-0.40091657794009394,0.4020963988887322,0.9142510637635953,1.002835580283606,0.900505249000731,26.444218645948098,0.40100772837868903,-46.2592263373026,1.1136365739082903,-0.18776960419503888,0.7475517209432277,-0.1113866460226471,-0.34584111952780067,-0.5686938373811491,0.5584115434100217,div,-0.32493326942125683,-0.3371529141741469,-6.770800664851859e-07,0.4020963988887322,4153,0.0,69999.99999999994,219999.99999999985,499659.99999999977,0.5733457399494778,0.9142510637635953,1.7452818546019062,4153,0.35013979318028843,0.24981442702107556,-0.11138664602264704,0.3806505337541944,0.05462862715088211
philadelphia,1,2018,0.006438196968259414,0.01933997902049132,0.33289575761369444,8225,4153,OK,0.6120243343878516,0.6120243343878516,0.6153220059043355,0.6153220059043355,0.6135142134530567,0.6135142134530567,0.6209778275892239,120195.04912005702,120195.04912005702,0.35198724055599523,56330.25013422715,56330.25013422715,0.257323210223454,0.173366915442808,-0.3254600891226258,-0.566776633349104,-0.4053116418539831,0.4058405056518427,0.912996660420611,1.0029521030219777,0.8995014716573145,26.636127661784002,0.4046946752290057,-47.69962294666799,1.1150088517076657,-0.1896256610870074,0.7447921423386685,-0.11230625403570188,-0.3486963833867819,-0.5704737404853039,0.5603076562303511,div,-0.3254600891226258,-0.3377420351338689,-6.844926571056893e-07,0.4058405056518427,4153,0.0,69999.99999999994,219999.99999999985,499659.99999999977,0.5659501963382827,0.912996660420611,1.7489337866886543,4153,0.35198724055599523,0.2512185755618288,-0.11230625403570185,0.3846779940956645,0.0550030787785291
philadelphia,1,2018,0.009343661812807113,0.02806783084225985,0.33289575761369444,8225,4153,OK,0.613908682201115,0.613908682201115,0.6191625716802839,0.6191625716802839,0.6153913251156866,0.6153913251156866,0.6247619265135946,119902.80791106547,119902.80791106547,0.3502257397221043,56016.969535826276,56016.969535826276,0.2551382726310189,0.1725942575313556,-0.3245567548574653,-0.5640728552694022,-0.39945662812349386,0.4018950713811602,0.9141634884557625,1.00140883518488,0.8992482554645651,26.375407117656696,0.401377990800223,-46.741522027171335,1.1136066476632054,-0.18666351393696692,0.7474424419883355,-0.11107241668185398,-0.34486547809421014,-0.5673273726931088,0.5567389081047296,div,-0.3245567548574653,-0.3367320114910702,-6.75956886311496e-07,0.4018950713811602,4153,0.0,69999.99999999994,219999.99999999985,499659.99999999977,0.5666751098235964,0.9141634884557625,1.7268958391768228,4153,0.3502257397221043,0.24971913727416403,-0.11107241668185396,0.3808374283197161,0.05416970855293753
philadelphia,1,2018,0.013560320770321632,0.040734435510763015,0.33289575761369444,8225,4153,OK,0.6133250864142914,0.6133250864142914,0.6178824195572337,0.6178824195572337,0.6148099704156691,0.6148099704156691,0.6235005961382103,119993.39315307791,119993.39315307791,0.35081387268505687,56094.85430414603,56094.85430414603,0.25559507071122256,0.17270536493274993,-0.3236620653512906,-0.5638433398901893,-0.3992770955350531,0.4018779628179711,0.9170042778065227,1.0017638235875572,0.8998892018289741,26.373312387333176,0.40121867664711536,-45.39065503343213,1.113207961104021,-0.18553428686876025,0.7486242311859076,-0.11095908149139212,-0.3445135869963917,-0.5657243046668298,0.5561757162354325,div,-0.3236620653512906,-0.335732305904391,-6.740648135182772e-07,0.4018779628179711,4153,0.0,69999.99999999994,219999.99999999985,499659.99999999977,0.5677721156706982,0.9170042778065227,1.7444905238953767,4153,0.35081387268505687,0.25017553497744605,-0.11095908149139208,0.3821175804427663,0.05411093701370065
philadelphia,1,2018,0.019679896712654306,0.05911729501669302,0.33289575761369444,8225,4153,OK,0.6189205597865397,0.6189205597865397,0.6194793491027042,0.6194793491027042,0.6203839564128676,0.6203839564128676,0.6250740464389849,119122.03256857145,119122.03256857145,0.35008005198379877,56010.22841014015,56010.22841014015,0.2555762594489042,0.17212841871628135,-0.32509485470880456,-0.5660155002602815,-0.39982870855027663,0.4008887777658026,0.9162668781607629,1.003141892428467,0.9010681563300172,26.39868316956997,0.3996812958091406,-46.361142774033446,1.1132808160863084,-0.18684307977103234,0.7485931685583193,-0.11095554077534282,-0.34450259353132073,-0.5664834143242519,0.5562151269732966,div,-0.32509485470880456,-0.3373335844070471,-6.753822757876243e-07,0.4008887777658026,4153,0.0,69999.99999999994,219999.99999999985,499659.99999999977,0.5716856637457524,0.9162668781607629,1.736207609556635,4153,0.35008005198379877,0.24977191042261515,-0.1109555407753428,0.38052065089729575,0.05492963030539911
philadelphia,1,2018,0.028561148455159703,0.08579607219958388,0.33289575761369444,8225,4153,OK,0.6116968057775898,0.6116968057775898,0.616971733898506,0.616971733898506,0.6131879425969865,0.6131879425969865,0.6226033000566765,120245.77267817078,120245.77267817078,0.3512316642940765,56240.039091165,56240.039091165,0.25606644080698426,0.1706143311937867,-0.322485402262076,-0.5616386431115774,-0.40079728025748246,0.40499161694584196,0.9166705220769219,1.0031195912576685,0.9008289007538478,26.42028248352911,0.40378075376693323,-46.318477121154075,1.1135517415329592,-0.18469752053977842,0.7474581551481875,-0.1111893616933025,-0.34522857721898603,-0.5659234389695703,0.5555049799886629,div,-0.322485402262076,-0.3344185133430364,-6.768177788429882e-07,0.40499161694584196,4153,0.0,69999.99999999994,219999.99999999985,499659.99999999977,0.5634788247367988,0.9166705220769219,1.7553512254050405,4153,0.3512316642940765,0.25001749903701775,-0.11118936169330244,0.383028266101494,0.052780361740636474
philadelphia,1,2018,0.04145038020210471,0.12451459429592789,0.33289575761369444,8225,4153,OK,0.6088025781102218,0.6088025781102218,0.6157610758265859,0.6157610758265859,0.6103048291555707,0.6103048291555707,0.6214104419792487,120693.06819553474,120693.06819553474,0.35178630478927964,56290.556399555855,56290.556399555855,0.2561641028964467,0.17238818830046346,-0.3220523127144517,-0.561622860332416,-0.4010622945348498,0.40527079323151516,0.9156339459511516,1.0022438049085696,0.9000200699472133,26.489398458654996,0.40441217256166423,-46.488123279949576,1.1135793949209951,-0.18518716805404584,0.7483534489494321,-0.11128270609659778,-0.3455183995099879,-0.5657444421306943,0.5559802089613174,div,-0.3220523127144517,-0.33393523147472537,-6.763747600178243e-07,0.40527079323151516,4153,0.0,69999.99999999994,219999.99999999985,499659.99999999977,0.5642819228682829,0.9156339459511516,1.73590442601312,4153,0.35178630478927964,0.2504788242093787,-0.11128270609659772,0.38423892417341404,0.05423522895753981
philadelphia,1,2018,0.060156335155656014,0.18070622343425546,0.33289575761369444,8225,4153,OK,0.6161157144322074,0.6161157144322074,0.6167238127385538,0.6167238127385538,0.6175898820443082,0.6175898820443082,0.6223590240178234,119559.61368138295,119559.61368138295,0.35134531605723535,56172.523477355026,56172.523477355026,0.2565439800498959,0.171413756757139,-0.32062535755097527,-0.5613715180426283,-0.3996676076469053,0.4040422918446601,0.9135602731817125,1.003605635171552,0.9021433338075339,26.586457170955942,0.4026391752888106,-47.21532826869307,1.112468049767427,-0.18392757732095902,0.751485833612694,-0.11065405383703368,-0.3435665156082397,-0.5628722594568598,0.5534893414730078,div,-0.32062535755097527,-0.3323439637663454,-6.713366495744553e-07,0.4040422918446601,4153,0.0,69999.99999999994,219999.99999999985,499659.99999999977,0.5621456340267832,0.9135602731817125,1.7465752239901766,4153,0.35134531605723535,0.2504986445368636,-0.11065405383703364,0.3832761872614462,0.05571827723589528
philadelphia,1,2018,0.0873040160721099,0.2622563192091531,0.33289575761369444,8225,4153,OK,0.6252169350030033,0.6252169350030033,0.6171584216670929,0.6171584216670929,0.6266561526963383,0.6266561526963383,0.6227872430029806,118133.838359444,118133.838359444,0.3511460588007081,55889.4046384681,55889.4046384681,0.25529705855812446,0.17134371944614207,-0.31856580360992853,-0.5576384131333973,-0.3958617171152931,0.4028738425687259,0.9153878089412114,1.0024706776153751,0.9019516585914701,26.423839452116,0.4019293175162539,-46.232515169816864,1.111446126925339,-0.18068626782279412,0.7531441978384499,-0.10965870490146977,-0.3404760859877425,-0.5583759592438112,0.5499776673763909,div,-0.31856580360992853,-0.33005011151384944,-6.650953166133358e-07,0.4028738425687259,4153,0.0,69999.99999999994,219999.99999999985,499659.99999999977,0.5651200717201508,0.9153878089412114,1.73087580613815,4153,0.3511460588007081,0.24987081077726153,-0.10965870490146971,0.38284157833290716,0.054652374164834205
philadelphia,1,2018,0.12670305135106935,0.38060878954817035,0.33289575761369444,8225,4153,OK,0.6176827989196324,0.6176827989196324,0.6162159035187718,0.6162159035187718,0.6191509487152098,0.6191509487152098,0.6218585824567671,119315.33223571998,119315.33223571998,0.3515780365475855,56108.64367499892,56108.64367499892,0.25598918266911613,0.17250998610690244,-0.3152827097996879,-0.5529524567332132,-0.39256127504882643,0.4029005989031696,0.9162403292885752,1.00326645347962,0.9037767621147764,26.477232843833846,0.40163718565771944,-46.043314473917235,1.1100821525130216,-0.17584331180006788,0.7569298625099364,-0.10881591995679855,-0.33785934781315907,-0.5532137735610546,0.5442287956617657,div,-0.3152827097996879,-0.3264004359550477,-6.582846551887588e-07,0.4029005989031696,4153,0.0,69999.99999999994,219999.99999999985,499659.99999999977,0.5638533330500753,0.9162403292885752,1.741116874644956,4153,0.3515780365475855,0.25041260660940035,-0.10881591995679851,0.38378409648122824,0.05475013767023099
philadelphia,1,2018,0.18388229939401626,0.5523720119239268,0.33289575761369444,8225,4153,OK,0.6197862137567689,0.6197862137567689,0.6156537586307005,0.6156537586307005,0.6212462861546921,0.6212462861546921,0.6213047026405139,118986.65779271616,118986.65779271616,0.35183542798022727,55880.86766713436,55880.86766713436,0.2557479563403415,0.17202563357052086,-0.3105919873478182,-0.5463958983411874,-0.3903057107933073,0.4053925138181095,0.915028407831961,1.0028958577523621,0.9042801744589353,26.527047937144527,0.4042706196154564,-43.83110271463081,1.1090543462953086,-0.17156234490041034,0.7610410731536524,-0.10770220740444392,-0.33440141448190336,-0.5472863665804274,0.5376118700020961,div,-0.3105919873478182,-0.3212004680986201,-6.525016831639005e-07,0.4053925138181095,4153,0.0,69999.99999999994,219999.99999999985,499659.99999999977,0.5654965773721615,0.915028407831961,1.7370217362677598,4153,0.35183542798022727,0.2501725977244344,-0.10770220740444389,0.38434624136929946,0.056023543988449304
philadelphia,1,2018,0.26686571215039057,0.8016494835000938,0.33289575761369444,8225,4153,OK,0.6185511829792512,0.6185511829792512,0.614247214304041,0.614247214304041,0.6200159980625111,0.6200159980625111,0.619918838373607,119179.7505325562,119179.7505325562,0.35247862432629506,55985.69484166846,55985.69484166846,0.25641293238187673,0.17324214195096715,-0.30545215621035793,-0.5400342829580925,-0.38703234842259715,0.40672810520594,0.9164228211511001,1.0030886033516755,0.9057853424794785,26.551909248631645,0.4055245774694237,-41.67715987069971,1.1074241945733423,-0.16623890180795747,0.7660040374128833,-0.10665002359739564,-0.33113451994138,-0.5409383283436128,0.533365091566574,div,-0.30545215621035793,-0.31552184511682346,-6.438178936258161e-07,0.40672810520594,4153,0.0,69999.99999999994,219999.99999999985,499659.99999999977,0.5638935886582046,0.9164228211511001,1.7428476528900565,4153,0.35247862432629506,0.25079067544114975,-0.10665002359739562,0.3857527856959591,0.057434672738062575
philadelphia,1,2018,0.38729833462074176,1.1634222598600317,0.33289575761369444,8225,4153,OK,0.6213639997213931,0.6213639997213931,0.6146074173619349,0.6146074173619349,0.6228180132076719,0.6228180132076719,0.620273745458513,118739.51966456034,118739.51966456034,0.3523140195126217,56063.826252351944,56063.826252351944,0.25582975792373014,0.1704379306743026,-0.29682866208207215,-0.5303397455372078,-0.37810452856045745,0.40460938524504003,0.9177685301453137,1.0040419004484322,0.9099782556197566,26.51244506151113,0.4030291034346359,-42.12051876645431,1.1033691126658975,-0.1570714330234508,0.7761083909333509,-0.10445779746905479,-0.3243279415448157,-0.5297687436583968,0.5241564032733869,div,-0.29682866208207215,-0.3060382431500389,-6.223826122323621e-07,0.40460938524504003,4153,0.0,69999.99999999994,219999.99999999985,499659.99999999977,0.5657908150467579,0.9177685301453137,1.7362150181755212,4153,0.3523140195126217,0.25039580348587814,-0.10445779746905474,0.38539258263806514,0.05670825649264709
philadelphia,1,2018,0.5620804515923291,1.6884578392392424,0.33289575761369444,8225,4153,OK,0.6171226808269445,0.6171226808269445,0.6114916507680682,0.6114916507680682,0.6185929815518052,0.6185929815518052,0.6172037891801234,119402.7023779583,119402.7023779583,0.3537353214999755,56355.25391838894,56355.25391838894,0.2570311306616195,0.172117618360917,-0.29037716453007073,-0.5201944531319724,-0.37286507718424544,0.40678435477047914,0.9163692287861009,1.0044547874914638,0.9119409454062671,26.73552111761292,0.4050290201637998,-37.235766975381466,1.101447185315253,-0.14849112857854302,0.7832941921541248,-0.10256051571000117,-0.3184371272413007,-0.5180314754105352,0.5114798991620373,div,-0.29037716453007073,-0.2989781094928575,-6.12128169278462e-07,0.40678435477047914,4153,0.0,69999.99999999994,219999.99999999985,499659.99999999977,0.5583286880406877,0.9163692287861009,1.757520888198762,4153,0.3537353214999755,0.251608014782307,-0.10256051571000112,0.3885083492319318,0.058780252460289104
philadelphia,1,2018,0.8157392010776716,2.450434354961916,0.33289575761369444,8225,4153,OK,0.615261541239456,0.615261541239456,0.6101432931027756,0.6101432931027756,0.6167389889922221,0.6167389889922221,0.6158752560710555,119692.55461571767,119692.55461571767,0.35434862699742464,56523.525003982184,56523.525003982184,0.25696262517573387,0.1749241555510428,-0.2716318630736806,-0.4944065904283993,-0.3558753828467726,0.40849989142578225,0.9221002930205326,1.0046489613315612,0.9177423784750437,26.61930116059362,0.4066585417751102,-31.216665988536565,1.094696055118349,-0.1280799881365834,0.800792481384892,-0.0977139614773976,-0.30338920362112964,-0.4926595895606536,0.4893266698526984,div,-0.2716318630736806,-0.27862484160760903,-5.750271123019302e-07,0.40849989142578225,4153,0.0,69999.99999999994,219999.99999999985,499659.99999999977,0.5593619802729192,0.9221002930205326,1.741288168191475,4153,0.35434862699742464,0.2519076571987208,-0.09771396147739754,0.38985670689722435,0.05964955420455202
philadelphia,1,2018,1.1838704624751253,3.556279812519978,0.33289575761369444,8225,4153,OK,0.6173407379362831,0.6173407379362831,0.6062659975010307,0.6062659975010307,0.6188102012923316,0.6188102012923316,0.6120549673500777,119368.69629430442,119368.69629430442,0.3561063435967618,56772.638863124754,56772.638863124754,0.257774993367028,0.17277794977884373,-0.2551071604201331,-0.4743226974449355,-0.34397938437490383,0.41156341016139425,0.9210272604178039,1.006196495897553,0.9239647668905343,26.801980967984445,0.40907811836300767,-29.57004027144756,1.0889987713316789,-0.11203114920703333,0.81824673335413,-0.09358299026174276,-0.2905630726532512,-0.46923877761838234,0.468937324493079,div,-0.2551071604201331,-0.26086793308301703,-5.440954196596209e-07,0.41156341016139425,4153,0.0,69999.99999999994,219999.99999999985,499659.99999999977,0.5543820684805429,0.9210272604178039,1.7362890304895702,4153,0.3561063435967618,0.2524800239113501,-0.0935829902617427,0.39373400249896917,0.0625220330121626
philadelphia,1,2018,1.7181340188990342,5.16117727427703,0.33289575761369444,8225,4153,OK,0.6131049896559491,0.6131049896559491,0.6011420499850666,0.6011420499850666,0.614590718858667,0.614590718858667,0.6070063559175853,120027.53863136953,120027.53863136953,0.3584159892948728,57255.387190247384,57255.387190247384,0.258436756332302,0.17255690900556428,-0.24270734934022695,-0.45961651906183715,-0.33294019770276007,0.4111013028675817,0.9248600865459631,1.0065943240307849,0.9284474165128287,26.857725879689916,0.40845730647436795,-24.28634015785589,1.084169449048035,-0.09959198702184666,0.8313187599272699,-0.09050128725823119,-0.28099478368107106,-0.45080700154489256,0.4514621960435107,div,-0.24270734934022695,-0.24764892669668556,-5.170677420324574e-07,0.4111013028675817,4153,0.0,69999.99999999994,219999.99999999985,499659.99999999977,0.5509309841569372,0.9248600865459631,1.7315945582210315,4153,0.3584159892948728,0.2538028873391981,-0.09050128725823114,0.39885795001493335,0.06293294809551644
philadelphia,1,2018,2.4935029637671793,7.490341666236372,0.33289575761369444,8225,4153,OK,0.5938842277455572,0.5938842277455572,0.5932101567255121,0.5932101567255121,0.5954437672753801,0.5954437672753801,0.5991910832461284,122972.85729612355,122972.85729612355,0.3619622671823204,58261.345699814425,58261.345699814425,0.2613229704826129,0.17393209341131627,-0.22126152762349874,-0.43251119127370985,-0.3174720576008414,0.41656848106809247,0.9262652597343215,1.0085200870796431,0.9363308704052004,27.194088084712227,0.4130990033645726,-18.221904672757567,1.0770979778154732,-0.07869219118719133,0.8525909683329713,-0.08570703128093399,-0.2661092393748514,-0.4225205086756776,0.4265737673859259,div,-0.22126152762349874,-0.2249821876237773,-4.776480151357155e-07,0.41656848106809247,4153,0.0,69999.99999999994,219999.99999999985,499659.99999999977,0.5421876068360728,0.9262652597343215,1.7412257133154465,4153,0.3619622671823204,0.2564725018124634,-0.08570703128093395,0.4067898432744879,0.06501343301146278
philadelphia,1,2018,3.618784659359615,10.87062414162393,0.33289575761369444,8225,4153,OK,0.5728656011317019,0.5728656011317019,0.5855005213466692,0.5855005213466692,0.574505855032417,0.574505855032417,0.5915948006548832,126114.96102478838,126114.96102478838,0.3653761906905845,59348.60176146485,59348.60176146485,0.2640235033128141,0.17840619175237524,-0.1966952247888456,-0.4034270506852899,-0.2999778125225289,0.421990202521999,0.927600785276242,1.0107141779595263,0.9457047715464824,27.52572035879661,0.41756712863886525,-14.793374377467986,1.0687417557455443,-0.05710629056701286,0.8769603065552305,-0.08077995376502174,-0.2508113013818456,-0.3942577249501959,0.4056083482385844,div,-0.1966952247888456,-0.19929243480025174,-4.3014199860870006e-07,0.421990202521999,4153,0.0,69999.99999999994,219999.99999999985,499659.99999999977,0.5401661479779043,0.927600785276242,1.7456845135033507,4153,0.3653761906905845,0.2589852698827944,-0.0807799537650217,0.41449947865333076,0.0689876872317869
philadelphia,1,2018,5.2518896512686215,15.776379035034518,0.33289575761369444,8225,4153,OK,0.5502890152831756,0.5502890152831756,0.5763909034148369,0.5763909034148369,0.5520159663291008,0.5520159663291008,0.5826191190943295,129405.00794708135,129405.00794708135,0.36936937803173003,60439.09384439807,60439.09384439807,0.26637868257356634,0.17913048065855547,-0.17936132340140076,-0.3815032020349956,-0.2884310231376929,0.42906395575018486,0.9296963019018877,1.0124769875958612,0.9522028717928052,27.774143126651612,0.4238275313396374,-11.373930475202604,1.063299657655487,-0.04081505869571966,0.8932568008309574,-0.07719216632350658,-0.2396716857303508,-0.37253954575167847,0.38901593361264514,div,-0.17936132340140076,-0.18132270429070738,-3.9881041939027307e-07,0.42906395575018486,4153,0.0,69999.99999999994,219999.99999999985,499659.99999999977,0.5396008966408179,0.9296963019018877,1.754998286776934,4153,0.36936937803173003,0.2611751722622474,-0.07719216632350653,0.4236090965851631,0.0712796798117897
philadelphia,1,2018,7.621991222319222,22.89602990724828,0.33289575761369444,8225,4153,OK,0.5285882894446039,0.5285882894446039,0.57113087197291,0.57113087197291,0.5303985742147603,0.5303985742147603,0.5774364245428645,132490.4329438857,132490.4329438857,0.37165556640283565,61071.14535036964,61071.14535036964,0.2672648999387777,0.18141505812627834,-0.16103093577058222,-0.35578012684704774,-0.27017245463648526,0.43096066458878646,0.9325962757162957,1.0122660011678999,0.9579125699938685,27.8562931698212,0.4257898209833952,-7.616647156431843,1.0567415366251842,-0.02366904520128267,0.909933964896676,-0.07250966760681667,-0.22513313325397702,-0.34784719483904664,0.3691610523760058,div,-0.16103093577058222,-0.16244489677324891,-3.596355482450195e-07,0.43096066458878646,4153,0.0,69999.99999999994,219999.99999999985,499659.99999999977,0.5339525415309557,0.9325962757162957,1.7554023197839423,4153,0.37165556640283565,0.2628351309117224,-0.07250966760681664,0.42886912802709,0.06958444683031781
philadelphia,1,2018,11.061685231539125,33.228675879899754,0.33289575761369444,8225,4153,OK,0.48010576878007893,0.48010576878007893,0.561774143316977,0.561774143316977,0.4821022329912902,0.4821022329912902,0.568217265463679,139136.74370078658,139136.74370078658,0.3756879354383806,62768.09814279196,62768.09814279196,0.27110700854329034,0.18240964969367035,-0.14706715870646922,-0.3403783083827392,-0.2620109210650911,0.4368534477093919,0.9340052771869014,1.0151578558467618,0.9648389156291024,28.25191017030856,0.43038237808856533,-4.343938754130434,1.0521526851814949,-0.01109254732078477,0.9240139585114993,-0.0703473561589238,-0.21841943606845443,-0.33360459572140727,0.35801923327298657,div,-0.14706715870646922,-0.1481414275028422,-3.329408882089534e-07,0.4368534477093919,4153,0.0,69999.99999999994,219999.99999999985,499659.99999999977,0.5284961338085997,0.9340052771869014,1.7759058372724892,4153,0.3756879354383806,0.2659662149537515,-0.07034735615892378,0.43822585668302305,0.07079235437012693
philadelphia,1,2018,16.05366322167172,48.22429500679018,0.33289575761369444,8225,4153,OK,0.4793817644523445,0.4793817644523445,0.5529084489374987,0.5529084489374987,0.48138100893816205,0.48138100893816205,0.5594819211101774,139233.59085916562,139233.59085916562,0.3794691554702448,63352.924376967996,63352.924376967996,0.27380239083411695,0.18268272976849226,-0.13888705880132726,-0.3288723394176187,-0.2578364573826911,0.44493362412612525,0.9317598480572843,1.0156671412080853,0.9672680703682276,28.590061860264143,0.43812306560372977,-0.2540969382664448,1.050036874288048,-0.0013089439811374537,0.9307069386371957,-0.06847928176085871,-0.21261930684060518,-0.32158276468024694,0.3449744898027203,div,-0.13888705880132726,-0.1397905650255012,-3.202378580353166e-07,0.44493362412612525,4153,0.0,69999.99999999994,219999.99999999985,499659.99999999977,0.5223094997758317,0.9317598480572843,1.799146246074572,4153,0.3794691554702448,0.2682534563489202,-0.06847928176085868,0.44709155106250137,0.07085805027801995
philadelphia,1,2018,23.298448422672752,69.98721939169079,0.33289575761369444,8225,4153,OK,0.4513526543882298,0.4513526543882298,0.5444202079965859,0.5444202079965859,0.4534595344501986,0.4534595344501986,0.5511184805943397,142932.4957597553,142932.4957597553,0.3830544176759851,64223.07878403757,64223.07878403757,0.27633643941303826,0.18147452879776396,-0.1272995280894681,-0.3133368576420086,-0.24725008198720366,0.4478197156987009,0.9333221023195544,1.015960646841212,0.9713118233413892,28.823536595550607,0.44083758759515596,4.037823334842528,1.045967548656236,0.009858595597751473,0.9411280021433027,-0.06570044452335247,-0.20399137687304603,-0.3056805164513738,0.3366662023021961,div,-0.1272995280894681,-0.12799392925668987,-2.954239276346842e-07,0.4478197156987009,4153,0.0,69999.99999999994,219999.99999999985,499659.99999999977,0.5234993303927955,0.9333221023195544,1.794809739966274,4153,0.3830544176759851,0.2712166566904587,-0.06570044452335241,0.45557979200341414,0.07080997558587777
philadelphia,1,2018,33.81270003043063,101.57143567347062,0.33289575761369444,8225,4153,OK,0.389045711932118,0.389045711932118,0.533261200089598,0.533261200089598,0.39139185908584073,0.39139185908584073,0.5401235407127416,150830.3346046512,150830.3346046512,0.3877173198296134,65980.04650832292,65980.04650832292,0.280429688479146,0.18482550881657597,-0.11392071978364658,-0.29493481086215184,-0.24017441903694048,0.46214574972241806,0.936866429903642,1.0184898456809475,0.9772552538806262,29.215311788648577,0.45381051340055395,7.053898838837845,1.0421942902190406,0.02459764003056209,0.9510656441632637,-0.06369852822040131,-0.19777568585320135,-0.2927103393670183,0.327427970616786,div,-0.11392071978364658,-0.11441741156795136,-2.728332822501415e-07,0.46214574972241806,4153,0.0,69999.99999999994,219999.99999999985,499659.99999999977,0.5044815923365058,0.936866429903642,1.8210581188693287,4153,0.3877173198296134,0.2742109924445356,-0.06369852822040127,0.466738799910402,0.07033343544951967
philadelphia,1,2018,49.071880779635485,147.40915033402277,0.33289575761369444,8225,4153,OK,0.3696675392367629,0.3696675392367629,0.5237003319464646,0.5237003319464646,0.372088101196309,0.372088101196309,0.5307032435567722,153203.6711794557,153203.6711794557,0.3916682691241393,66771.64789339395,66771.64789339395,0.28509252374457855,0.18773731942345206,-0.1154118040825309,-0.294798897744371,-0.24622916203164616,0.4740147774674624,0.9384856909048724,1.023541891694392,0.9806947232356091,29.676453139788006,0.4631680057085334,5.9911235721741,1.0436906281267804,0.027858836963777417,0.9495459736880532,-0.06412806817144218,-0.19910935180737405,-0.2913268937871118,0.32332034197505954,div,-0.1154118040825309,-0.11592836267818739,-2.8350307582390964e-07,0.4740147774674624,4153,0.0,69999.99999999994,219999.99999999985,499659.99999999977,0.5076402348551387,0.9384856909048724,1.8230118411096279,4153,0.3916682691241393,0.2771768660150114,-0.06412806817144213,0.4762996680535354,0.0718485455685996
philadelphia,1,2018,71.21730832153513,213.93276030924534,0.33289575761369444,8225,4153,OK,0.2734595874530331,0.2734595874530331,0.49822733605137115,0.49822733605137115,0.2762496009683686,0.2762496009683686,0.5056047705737607,164480.42668291644,164480.42668291644,0.4020052716428839,69983.1092314037,69983.1092314037,0.2932755979308177,0.19305679375792,-0.0944003541603582,-0.2673882897146281,-0.2299407260229152,0.488035893562153,0.9339656794417243,1.0257143413532388,0.989631111573277,30.68281283422921,0.4758582789840779,14.235342565291203,1.0364612928574952,0.053295752565524844,0.9683632507546787,-0.06090065117486796,-0.18908863974597184,-0.26960639201579545,0.3064657271837013,div,-0.0944003541603582,-0.09468227705448205,-2.3874872007284786e-07,0.488035893562153,4153,0.0,69999.99999999994,219999.99999999985,499659.99999999977,0.5030763819103831,0.9339656794417243,1.865504992426871,4153,0.4020052716428839,0.28491500170006945,-0.060900651174867926,0.5017726639486288,0.06794942842914278
philadelphia,1,2018,103.35664588322452,310.47750990916416,0.33289575761369444,8225,4153,OK,0.22526019674101627,0.22526019674101627,0.46685163314163713,0.46685163314163713,0.22823530244006962,0.22823530244006962,0.4746903765603484,169848.71687394415,169848.71687394415,0.4143833441610193,71868.57218173076,71868.57218173076,0.30376696180683394,0.19680915382964934,-0.0990591290974307,-0.2644523029009684,-0.24015397960371726,0.5153718386300585,0.9333320617149107,1.0325277065792078,0.992542881050946,31.863504063428145,0.49919619075782734,11.261383876617991,1.0402852373349594,0.06626900968639009,0.958233402035628,-0.062371736174505005,-0.19365616827261037,-0.2676383370968479,0.3042672079047459,div,-0.0990591290974307,-0.09938506310858145,-2.645640641212774e-07,0.5153718386300585,4153,0.0,69999.99999999994,219999.99999999985,499659.99999999977,0.4914317338938787,0.9333320617149107,1.869569904997365,4153,0.4143833441610193,0.2928274630263449,-0.06237173617450496,0.5331483668583628,0.06417813842692276
philadelphia,1,2018,150.0,450.59150370449,0.33289575761369444,8225,4153,OK,0.1692729225953794,0.1692729225953794,0.44321976567390964,0.44321976567390964,0.17246302700456018,0.17246302700456018,0.4514059623666056,175878.81022425278,175878.81022425278,0.42346756732415547,75719.56035328112,75719.56035328112,0.3164189295219647,0.20919326676906563,-0.0884257259248532,-0.2484432339097811,-0.2323191935305552,0.5306842115312079,0.9333924932305849,1.0378318365156014,1.0010786653677264,33.213719116424436,0.511400880246511,20.400514040769796,1.0367135694919385,0.08514946455675024,0.9711127306283123,-0.06207785883204373,-0.19274371715975439,-0.260472580418348,0.2852458636470584,div,-0.0884257259248532,-0.08865728337324136,-2.431814619612125e-07,0.5306842115312079,4153,0.0,69999.99999999994,219999.99999999985,499659.99999999977,0.4903816036138909,0.9333924932305849,1.9058991543995196,4153,0.42346756732415547,0.30388805659204726,-0.06207785883204369,0.5567802343260903,0.058327785333757994
philadelphia,2,2019,0.0,0.0,0.3303365876078749,12378,4236,OK,0.7047577807887818,0.7047577807887818,0.6569335965975729,0.6569335965975729,0.7084803237968851,0.7084803237968851,0.6682955043029667,99048.59634954704,99048.59634954704,0.32892402090531664,55295.87735913709,55295.87735913709,0.24552320158325155,0.16429388747921309,-0.32591328736782593,-0.555552384872044,-0.38527438173445255,0.38944991353966424,0.9266310769757399,1.0036811549986677,0.9143538303290455,25.26370489813898,0.38806735466222303,-47.99005870722441,1.0976944829306137,-0.17631081365043919,0.7856172346812504,-0.09949727983499751,-0.315499166326946,-0.5458075908789374,0.5414279858756672,div,-0.32591328736782593,-0.33824900903577476,-6.962970957918778e-07,0.38944991353966424,4236,0.0,74899.99999999994,230000.0000000002,534999.9999999998,0.5727452092570637,0.9266310769757399,1.71823741216699,4236,0.32892402090531664,0.23840411642538364,-0.0994972798349975,0.34306640340242717,0.08724644796637712
philadelphia,2,2019,0.001,0.003027215384288728,0.3303365876078749,12378,4236,OK,0.7073291679151072,0.7073291679151072,0.6570268197469267,0.6570268197469267,0.711019289749864,0.711019289749864,0.6683856400243227,98616.32539995988,98616.32539995988,0.32887932778442075,55243.415490166386,55243.415490166386,0.24577744473473945,0.16243940837031784,-0.3240267045019555,-0.5544260278520714,-0.38577187029105675,0.39074501140161605,0.9258934299003246,1.0039400274750119,0.9148344488866762,25.298982615713633,0.3892574564285186,-46.894356747148564,1.0974007687366543,-0.17597153818977052,0.7863153450182087,-0.09937450364335099,-0.315109851300711,-0.5451649411006,0.5413908449237497,div,-0.3240267045019555,-0.33613966714770316,-6.945686084228226e-07,0.39074501140161605,4236,0.0,74899.99999999994,230000.0000000002,534999.9999999998,0.5695627635225486,0.9258934299003246,1.7155636556147649,4236,0.32887932778442075,0.23844127448746247,-0.09937450364335096,0.3429731802530734,0.08804973470931456
philadelphia,2,2019,0.001451285485497223,0.004393353748692129,0.3303365876078749,12378,4236,OK,0.7063590396432078,0.7063590396432078,0.6566583984111508,0.6566583984111508,0.71006139327945,0.71006139327945,0.668029420318238,98779.63401367559,98779.63401367559,0.3290559212420995,55129.880135312116,55129.880135312116,0.2454344477254607,0.16263972909290292,-0.32551332826816504,-0.5561335989803502,-0.38622051831974813,0.3899982913315245,0.9259979091816601,1.0038344544395603,0.9144911258725814,25.267105887188794,0.38855443898266945,-47.29494924003566,1.0976973160693386,-0.1769677589929981,0.7853821329873246,-0.0995709756320153,-0.3157328507307756,-0.5459662716397665,0.5427625431779478,div,-0.32551332826816504,-0.3378015828607437,-6.964218444876654e-07,0.3899982913315245,4236,0.0,74899.99999999994,230000.0000000002,534999.9999999998,0.577040643378607,0.9259979091816601,1.7272836174931665,4236,0.3290559212420995,0.23821482602292876,-0.0995709756320153,0.3433416015888492,0.08769857825492694
philadelphia,2,2019,0.00210622956041491,0.0063760105281317,0.3303365876078749,12378,4236,OK,0.7063768674969684,0.7063768674969684,0.6569396791797688,0.6569396791797688,0.7100789963518344,0.7100789963518344,0.6683013854380467,98776.635359132,98776.635359132,0.32892110497382093,55408.044855543,55408.044855543,0.2455568185759235,0.16322053974760015,-0.32558987218106317,-0.5561129414164123,-0.3835116279426638,0.38727728964670327,0.9251015210944216,1.0026282879565263,0.9138874416820243,25.255756799426393,0.38630768252919817,-47.400963092771654,1.0971025995402377,-0.17595179432491104,0.7865938119433497,-0.0992356731230552,-0.3146696290806996,-0.5446235911905317,0.541208900661815,div,-0.32558987218106317,-0.3378872009029693,-6.91725558417647e-07,0.38727728964670327,4236,0.0,74899.99999999994,230000.0000000002,534999.9999999998,0.5758932228119067,0.9251015210944216,1.7265106558258616,4236,0.32892110497382093,0.23885775120813565,-0.09923567312305519,0.34306032082023125,0.08665185224497503
philadelphia,2,2019,0.003056740390155355,0.00925341153485502,0.3303365876078749,12378,4236,OK,0.7031157901199613,0.7031157901199613,0.6576457516993736,0.6576457516993736,0.7068590360644531,0.7068590360644531,0.6689840737651993,99323.64402334759,99323.64402334759,0.32858244474388404,55397.92795480871,55397.92795480871,0.24555408136581158,0.16354339304930776,-0.3271337044160562,-0.5561356155323484,-0.3850587576582313,0.3888237571543752,0.927244894153066,1.0047980258739333,0.9152803635162237,25.28730753549017,0.38701276318604927,-49.27601548501298,1.0978035429644863,-0.17645288760685318,0.7844666754005839,-0.09957958654113803,-0.315760155343063,-0.546508857780143,0.5422849345074957,div,-0.3271337044160562,-0.3396150727613026,-6.977807580410846e-07,0.3888237571543752,4236,0.0,74899.99999999994,230000.0000000002,534999.9999999998,0.5738071029625478,0.927244894153066,1.7164639230682468,4236,0.32858244474388404,0.23825405814117237,-0.09957958654113801,0.34235424830062644,0.08550378311335208
philadelphia,2,2019,0.004436202961165585,0.01342934185186767,0.3303365876078749,12378,4236,OK,0.7049478441039729,0.7049478441039729,0.6572490523914154,0.6572490523914154,0.7086679907106843,0.7086679907106843,0.668600512616149,99016.70975934173,99016.70975934173,0.3287727603175694,55572.62502605204,55572.62502605204,0.24610656392156266,0.16526760497046017,-0.3276056933825257,-0.5567793546380593,-0.3841735912757268,0.38748141766353733,0.9238938382236104,1.003358739737198,0.9140214096283491,25.399566709784416,0.3862299167053021,-48.68932702284503,1.0977409600779202,-0.1768625790785671,0.7844843172183565,-0.09956892546939367,-0.3157263498033228,-0.5464985945184502,0.5429964868424348,div,-0.3276056933825257,-0.340143717035375,-6.963750871377666e-07,0.38748141766353733,4236,0.0,74899.99999999994,230000.0000000002,534999.9999999998,0.57115622502792,0.9238938382236104,1.7190371382664504,4236,0.3287727603175694,0.23931160433055645,-0.09956892546939365,0.3427509476085846,0.08575532357279295
philadelphia,2,2019,0.006438196968259414,0.019489808909395945,0.3303365876078749,12378,4236,OK,0.7053739704422672,0.7053739704422672,0.6581116415045158,0.6581116415045158,0.7090887442617619,0.7090887442617619,0.6694345339132419,98945.18194202843,98945.18194202843,0.3283587943468591,55241.145588421605,55241.145588421605,0.24542801908692521,0.16319874752785918,-0.3272637728452849,-0.5574606608336609,-0.38587301344415686,0.38871981307248243,0.9275018302481054,1.0043206138432255,0.9147912994759402,25.214589970773254,0.3870932237430385,-49.12524273469997,1.0978685678564872,-0.177466103893032,0.7845733029921793,-0.09966964742356989,-0.3160457323294192,-0.5475017640422754,0.5432601091476243,div,-0.3272637728452849,-0.33976073572408916,-6.97871584229574e-07,0.38871981307248243,4236,0.0,74899.99999999994,230000.0000000002,534999.9999999998,0.5772307561859962,0.9275018302481054,1.7280963113515053,4236,0.3283587943468591,0.23809113855410421,-0.09966964742356989,0.3418883584954842,0.08674668593971768
philadelphia,2,2019,0.009343661812807113,0.028285276785320796,0.3303365876078749,12378,4236,OK,0.7052940769099746,0.7052940769099746,0.6589897868514778,0.6589897868514778,0.7090098580620615,0.7090098580620615,0.6702835962422076,98958.59648023041,98958.59648023041,0.3279368259847896,55192.450304042155,55192.450304042155,0.24495252310686233,0.16188581795275508,-0.3230364814816635,-0.5526751334985842,-0.38332200993165916,0.3894936016089123,0.924896014631696,1.0035836377562581,0.9150348647755416,25.23358129527576,0.3881485999936029,-48.224747749636364,1.0967709279606932,-0.17460089659712796,0.7881418334621296,-0.09878924900872633,-0.3132540483117321,-0.5435570397730867,0.5407631076067159,div,-0.3230364814816635,-0.33503367703246095,-6.902283673046662e-07,0.3894936016089123,4236,0.0,74899.99999999994,230000.0000000002,534999.9999999998,0.5806089311238479,0.924896014631696,1.7378646852817103,4236,0.3279368259847896,0.2376782472894457,-0.09878924900872631,0.34101021314852215,0.0879263864531371
philadelphia,2,2019,0.013560320770321632,0.04105001165180762,0.3303365876078749,12378,4236,OK,0.7057325649743412,0.7057325649743412,0.656704337025563,0.656704337025563,0.7094428174771634,0.7094428174771634,0.6680738375062095,98884.94964679187,98884.94964679187,0.32903390690027906,55370.457623390896,55370.457623390896,0.2460605537769094,0.16359213136055997,-0.32450144777219936,-0.554079096985458,-0.38592725140776246,0.39114715507045666,0.9257263631485289,1.0046861294239897,0.915358159731358,25.38188266560173,0.3893687005220328,-48.564840068248095,1.0975879973789144,-0.17550551221165192,0.7854868866325926,-0.09936241725408053,-0.3150715261751894,-0.5446628388838552,0.5411696194473107,div,-0.32450144777219936,-0.33667019382220803,-6.963021236783614e-07,0.39114715507045666,4236,0.0,74899.99999999994,230000.0000000002,534999.9999999998,0.5776567103929854,0.9257263631485289,1.730248243716995,4236,0.32903390690027906,0.2384648811267201,-0.09936241725408052,0.343295662974437,0.08684363806776418
philadelphia,2,2019,0.019679896712654306,0.05957528608976028,0.3303365876078749,12378,4236,OK,0.70724570962859,0.70724570962859,0.6578921992835105,0.6578921992835105,0.7109368837419192,0.7109368837419192,0.6692223593297464,98630.38515921567,98630.38515921567,0.32846415655461475,55275.80429280781,55275.80429280781,0.24513941013800156,0.16226534227566342,-0.32378054696880443,-0.5531947451401781,-0.38218873079765453,0.38797730958736343,0.9271582528541151,1.0039051538284998,0.9154979350812228,25.250911446331166,0.38651371741812446,-49.56832347906227,1.0965673600775883,-0.17361357664957483,0.7879811861933534,-0.09872891494772679,-0.31306273307197835,-0.5422579062324945,0.5394833260005865,div,-0.32378054696880443,-0.3358646573566365,-6.891249669509048e-07,0.38797730958736343,4236,0.0,74899.99999999994,230000.0000000002,534999.9999999998,0.5723180145647643,0.9271582528541151,1.7214669497151867,4236,0.32846415655461475,0.238052677066933,-0.09872891494772675,0.34210780071648955,0.08718494725837998
philadelphia,2,2019,0.028561148455159703,0.08646074799641369,0.3303365876078749,12378,4236,OK,0.7068910342423509,0.7068910342423509,0.6574539044878811,0.6574539044878811,0.7105866802580479,0.7105866802580479,0.6687985802808246,98690.11303051369,98690.11303051369,0.32867449675924215,55152.20426691698,55152.20426691698,0.24526545119059376,0.16231700028751928,-0.323118788751303,-0.5537914928366917,-0.3830647206355334,0.3884475370868781,0.9261762721183309,1.0040509641099098,0.9157175059538574,25.23864433142245,0.3869259727258252,-47.931555568543274,1.0964636556380343,-0.1742453789795705,0.7889585879081406,-0.09870968509122127,-0.31300175649346146,-0.5417773827986015,0.5398114143248528,div,-0.323118788751303,-0.3351255767135364,-6.885500109042154e-07,0.3884475370868781,4236,0.0,74899.99999999994,230000.0000000002,534999.9999999998,0.5763786258032637,0.9261762721183309,1.7252534299924687,4236,0.32867449675924215,0.2380828887984004,-0.09870968509122126,0.342546095512119,0.08830367677382966
philadelphia,2,2019,0.04145038020210471,0.1254792286324283,0.3303365876078749,12378,4236,OK,0.7055939700020826,0.7055939700020826,0.6572527595921501,0.6572527595921501,0.7093059699709221,0.7093059699709221,0.668604097039275,98908.23347283131,98908.23347283131,0.32877098230656343,55232.92029863908,55232.92029863908,0.24496703748165588,0.1652117833422832,-0.3233043516501366,-0.5516286177264204,-0.3819710023860798,0.38885716137472615,0.9266486012593296,1.0038711120500075,0.9153937225708187,25.270676311241267,0.3874033866829023,-47.50530504760899,1.0966550100766543,-0.1730762232446807,0.7876298807471332,-0.09865334074981691,-0.3128230923855602,-0.5413489322016587,0.5376172190511667,div,-0.3233043516501366,-0.3353327858664027,-6.896719404220166e-07,0.38885716137472615,4236,0.0,74899.99999999994,230000.0000000002,534999.9999999998,0.5742835483963502,0.9266486012593296,1.7185007572458726,4236,0.32877098230656343,0.23808718686217137,-0.09865334074981688,0.34274724040784993,0.08556004838753091
philadelphia,2,2019,0.060156335155656014,0.18210618324563074,0.3303365876078749,12378,4236,OK,0.7071395199177832,0.7071395199177832,0.6575723799759564,0.6575723799759564,0.7108320329174225,0.7108320329174225,0.6689131320166832,98648.27145983846,98648.27145983846,0.3286176529657776,55124.317358688204,55124.317358688204,0.24504660524913108,0.16304195006315902,-0.3203098073032268,-0.5500439041244286,-0.38056160553525104,0.3885385459188929,0.9280900822840141,1.0042812666380203,0.916695205645787,25.20932273827224,0.3869278741319133,-45.53912943670013,1.0955454555154254,-0.17094354802005896,0.7919327294062528,-0.09792588762102432,-0.31051638755848754,-0.5375080775673791,0.5356660142862839,div,-0.3203098073032268,-0.33199229758323273,-6.827241286616278e-07,0.3885385459188929,4236,0.0,74899.99999999994,230000.0000000002,534999.9999999998,0.5751421943830377,0.9280900822840141,1.7244966855725645,4236,0.3286176529657776,0.23792875778400566,-0.0979258876210243,0.34242762002404364,0.08947901821221432
philadelphia,2,2019,0.0873040160721099,0.2642880605636814,0.3303365876078749,12378,4236,OK,0.7100917579777098,0.7100917579777098,0.6583594341531931,0.6583594341531931,0.7137470478688872,0.7137470478688872,0.6696741199955623,98149.79030118787,98149.79030118787,0.32823977940889526,55060.61000141678,55060.61000141678,0.24493370791712493,0.16149014714944454,-0.31737760383726127,-0.5458976326646292,-0.37870862399875344,0.38958343270041945,0.92879785181211,1.0055116462454499,0.9184939852481212,25.22638527080543,0.38749369748537504,-47.33139776393599,1.0947395000891833,-0.16818011094910984,0.7941236797843969,-0.09732262650871007,-0.3086034872427378,-0.5344946829488311,0.5326373376913881,div,-0.31737760383726127,-0.32872826488462636,-6.782935105146745e-07,0.38958343270041945,4236,0.0,74899.99999999994,230000.0000000002,534999.9999999998,0.5786197457093402,0.92879785181211,1.7316129944650434,4236,0.32823977940889526,0.23750801970631577,-0.09732262650871004,0.34164056584680697,0.08881719329315442
philadelphia,2,2019,0.12670305135106935,0.38355742628628187,0.3303365876078749,12378,4236,OK,0.7041858555102711,0.7041858555102711,0.6573707128787283,0.6573707128787283,0.7079156096023865,0.7079156096023865,0.6687181438682626,99144.48539412014,99144.48539412014,0.3287144056951308,55356.25488556525,55356.25488556525,0.2450602633804549,0.16461296375266876,-0.3146516265087888,-0.5433897286554613,-0.37461557277026625,0.3871514569013087,0.9290235951347663,1.0042226740572282,0.9184909559039492,25.211040744044265,0.38556903041589147,-45.006833470441656,1.0933397521251633,-0.16516303947263863,0.7980154226874424,-0.09676297487223524,-0.3068288696347576,-0.5309435824166895,0.5293314970493883,div,-0.3146516265087888,-0.3256998516424073,-6.682697213664185e-07,0.3871514569013087,4236,0.0,74899.99999999994,230000.0000000002,534999.9999999998,0.5762863615948827,0.9290235951347663,1.725766991042864,4236,0.3287144056951308,0.23832713493212396,-0.09676297487223522,0.3426292871212718,0.08903652822250555
philadelphia,2,2019,0.18388229939401626,0.5566513256239519,0.3303365876078749,12378,4236,OK,0.7025528633140916,0.7025528633140916,0.6569314298234987,0.6569314298234987,0.7063032068859176,0.7063032068859176,0.6682934092895979,99417.76398836714,99417.76398836714,0.3289250596297566,55416.53936586348,55416.53936586348,0.24551411511528298,0.1624709713533442,-0.30960197839203224,-0.5363729505213555,-0.3720828154139144,0.3895643802652035,0.9289122147482156,1.005533709678402,0.9206520981778251,25.31540995465919,0.38746624527225343,-42.5335018239442,1.0921972715519537,-0.1598921697332981,0.8020350041800252,-0.09544930539711571,-0.3026633122957359,-0.523125019048623,0.5221762323387882,div,-0.30960197839203224,-0.32010513127425094,-6.616432294662163e-07,0.3895643802652035,4236,0.0,74899.99999999994,230000.0000000002,534999.9999999998,0.5746798452983845,0.9289122147482156,1.7391474833867566,4236,0.3289250596297566,0.23824994501526642,-0.0954493053971157,0.3430685701765012,0.09063705582803919
philadelphia,2,2019,0.26686571215039057,0.8078599893608296,0.3303365876078749,12378,4236,OK,0.7058927057760944,0.7058927057760944,0.6561944467191323,0.6561944467191323,0.7096009391536592,0.7096009391536592,0.6675808340955637,98858.03931243757,98858.03931243757,0.3292781700342298,55340.866359690444,55340.866359690444,0.2454183146881304,0.1625786421989021,-0.2984469426809103,-0.5248861781495217,-0.36567727410022394,0.3912364685240652,0.9300336587508804,1.0051325724586533,0.9229580643748657,25.286901585526767,0.3892846250986391,-43.34306403996046,1.0890338480756931,-0.1513463907768302,0.8123550219990036,-0.09324299919435287,-0.29566726407423666,-0.5106053684411944,0.5117499761521609,div,-0.2984469426809103,-0.3078138195097276,-6.405416432036689e-07,0.3912364685240652,4236,0.0,74899.99999999994,230000.0000000002,534999.9999999998,0.5749644262017567,0.9300336587508804,1.721955245342584,4236,0.3292781700342298,0.2383340147956574,-0.09324299919435286,0.3438055532808677,0.09493369559325018
philadelphia,2,2019,0.38729833462074176,1.1724354768733132,0.3303365876078749,12378,4236,OK,0.70640364252615,0.70640364252615,0.6556519156248568,0.6556519156248568,0.7101054337897394,0.7101054337897394,0.6670562709170016,98772.13161385997,98772.13161385997,0.32953787093793546,55209.44104319657,55209.44104319657,0.24474501467285284,0.1616755900597645,-0.29111054085298016,-0.5169563314368715,-0.35994280524004435,0.39100844208837243,0.9309099934615119,1.0057365452812401,0.9256287620702541,25.251553552279947,0.3888240962536405,-41.04114562338596,1.0865441810946082,-0.14489830867328404,0.8190894705241324,-0.09175865132995883,-0.2909604970698308,-0.5019273414568968,0.5058178940567841,div,-0.29111054085298016,-0.29977920397389357,-6.244317403037986e-07,0.39100844208837243,4236,0.0,74899.99999999994,230000.0000000002,534999.9999999998,0.5696253710015052,0.9309099934615119,1.7066521656874687,4236,0.32953787093793546,0.23772147919511064,-0.0917586513299588,0.34434808437514325,0.09509401086445908
philadelphia,2,2019,0.5620804515923291,1.7015385902682543,0.3303365876078749,12378,4236,OK,0.7022185367718718,0.7022185367718718,0.6545984516909413,0.6545984516909413,0.705973095678942,0.705973095678942,0.6660376963219121,99473.62040561237,99473.62040561237,0.330041563522929,55401.924822098255,55401.924822098255,0.24533768926988633,0.16280807640611672,-0.2802119874163146,-0.5022399641398941,-0.34962048085272174,0.39092378431451086,0.9347266888611987,1.0078477923976832,0.930755767458722,25.299649022347538,0.3879255761327094,-35.952094347096796,1.0828273405701783,-0.13259577484952043,0.8296263533813928,-0.08866467052699857,-0.2811496925374421,-0.48379254943049727,0.48815960022735805,div,-0.2802119874163146,-0.2879121083395561,-6.00924221924764e-07,0.39092378431451086,4236,0.0,74899.99999999994,230000.0000000002,534999.9999999998,0.5726517493077488,0.9347266888611987,1.7229991472080746,4236,0.330041563522929,0.23813409444802336,-0.08866467052699856,0.3454015483090587,0.0958694382767849
philadelphia,2,2019,0.8157392010776716,2.4694182590697236,0.3303365876078749,12378,4236,OK,0.697186141491098,0.697186141491098,0.6505315052541277,0.6505315052541277,0.7010041510385152,0.7010041510385152,0.6621054417977998,100310.63240175608,100310.63240175608,0.33197892212679875,55827.21771499351,55827.21771499351,0.24614949943760342,0.16396084642142586,-0.2645124904913804,-0.4841496272250996,-0.33810803349023766,0.39217723822499895,0.934359474284184,1.0079532513876752,0.9349471399555109,25.44433714729602,0.3891286990435262,-32.19529956778339,1.0780858171678436,-0.11894903469183037,0.8442935760586464,-0.08543107025559918,-0.2708961640836698,-0.46344347904990496,0.4721125019702734,div,-0.2645124904913804,-0.27095419314383784,-5.690749561042339e-07,0.39217723822499895,4236,0.0,74899.99999999994,230000.0000000002,534999.9999999998,0.5684616972179217,0.934359474284184,1.7077525799780924,4236,0.33197892212679875,0.23948570020180387,-0.08543107025559916,0.34946849474587227,0.0988350675476334
philadelphia,2,2019,1.1838704624751253,3.5838308770097105,0.3303365876078749,12378,4236,OK,0.671015971692231,0.671015971692231,0.6458537874355992,0.6458537874355992,0.675163946184587,0.675163946184587,0.6575826438361821,104555.40819668789,104555.40819668789,0.33419334451022026,57001.52774782444,57001.52774782444,0.24832890662737256,0.16398626368251867,-0.23990140055411788,-0.4579909732864839,-0.3213675569914415,0.39405025124807114,0.9393509706148292,1.011248986339398,0.9447193666705244,25.61955646500641,0.3897128965050748,-27.93725107955068,1.070422627095435,-0.09859200856887572,0.8667206095089502,-0.08071974958182175,-0.25595688386072596,-0.43443366517470056,0.4487393964475211,div,-0.23990140055411788,-0.2446694893885011,-5.185913843373881e-07,0.39405025124807114,4236,0.0,74899.99999999994,230000.0000000002,534999.9999999998,0.5666978766139592,0.9393509706148292,1.7328943329967714,4236,0.33419334451022026,0.24123240348354244,-0.08071974958182175,0.35414621256440076,0.10301143188173262
philadelphia,2,2019,1.7181340188990342,5.201161734280976,0.3303365876078749,12378,4236,OK,0.6588387378917311,0.6588387378917311,0.6420106274436662,0.6420106274436662,0.6631402482729013,0.6631402482729013,0.6538667642444642,106472.86762557674,106472.86762557674,0.33600176825121675,57377.37923128561,57377.37923128561,0.24817281648548958,0.16639988244642462,-0.21609620324493062,-0.4252218840768297,-0.2985983398493543,0.39434676023363835,0.9414605618059715,1.011270088019356,0.9512970481927095,25.670456433077792,0.3899980037153673,-20.423332548784785,1.0630434415207997,-0.07580057518731033,0.8876607888662533,-0.07453498216918986,-0.23634540336751683,-0.39899590407922697,0.4183438936680793,div,-0.21609620324493062,-0.2195574346533974,-4.674835344229835e-07,0.39434676023363835,4236,0.0,74899.99999999994,230000.0000000002,534999.9999999998,0.561666655672789,0.9414605618059715,1.7150645582104285,4236,0.33600176825121675,0.24188406627651532,-0.07453498216918983,0.3579893725563338,0.10160801815347716
philadelphia,2,2019,2.4935029637671793,7.548370532685544,0.3303365876078749,12378,4236,OK,0.6309079402310953,0.6309079402310953,0.6335571734557669,0.6335571734557669,0.6355616143232014,0.6355616143232014,0.6456932775254369,110745.59123336527,110745.59123336527,0.3399457437741187,58740.01033009136,58740.01033009136,0.2520202156019981,0.16643125467285544,-0.19668108676613583,-0.40340785615828084,-0.2859691072341115,0.3980899958873412,0.9441203967907401,1.0145436458913821,0.9594407388096868,26.066824050573363,0.39242963545730963,-17.18478508671527,1.05743231953029,-0.05967902887787803,0.9043516782463714,-0.0707952362042529,-0.224486921043489,-0.37419386331818594,0.40050101823994333,div,-0.19668108676613583,-0.19927772781990835,-4.295213621652525e-07,0.3980899958873412,4236,0.0,74899.99999999994,230000.0000000002,534999.9999999998,0.5549997581556072,0.9441203967907401,1.7302552494570191,4236,0.3399457437741187,0.24544721881813905,-0.07079523620425288,0.3664428265442331,0.10380832936348239
philadelphia,2,2019,3.618784659359615,10.954840593241471,0.3303365876078749,12378,4236,OK,0.5971364790647373,0.5971364790647373,0.62733518546062,0.62733518546062,0.602215958507359,0.602215958507359,0.6396773535827411,115701.25423995378,115701.25423995378,0.34281963726011966,60049.09896380377,60049.09896380377,0.25352875819455434,0.17125172945309253,-0.16815174809080705,-0.368927053334756,-0.2620955474226986,0.39895658320727684,0.9489630214816598,1.0162398949053224,0.9690273217348457,26.190399116369857,0.39262745414684513,-11.400512801707896,1.0487216119829854,-0.03710276515672444,0.929497146905234,-0.06459252361169193,-0.20481853759457494,-0.33836473082602136,0.37121197930676986,div,-0.16815174809080705,-0.16976402080287858,-3.6801703963539514e-07,0.39895658320727684,4236,0.0,74899.99999999994,230000.0000000002,534999.9999999998,0.5445558258127566,0.9489630214816598,1.7318644744005927,4236,0.34281963726011966,0.24751100268380347,-0.0645925236116919,0.37266481453938,0.1040025514557426
philadelphia,2,2019,5.2518896512686215,15.898601148907133,0.3303365876078749,12378,4236,OK,0.5586094074834103,0.5586094074834103,0.6161240787964781,0.6161240787964781,0.5641746530922698,0.5641746530922698,0.6288375440142342,121107.38623330736,121107.38623330736,0.34793805521469084,61607.81894765939,61607.81894765939,0.25802810411084753,0.171836464194589,-0.14338776167574924,-0.34201315257929993,-0.247925207792956,0.4070843193982973,0.9503860300797654,1.0207492372215865,0.9796695519261048,26.71224813420357,0.3988564121514826,-6.513034565223608,1.041932185413659,-0.01842388516450117,0.9529817186412057,-0.05999295749816377,-0.19023362354777532,-0.30928290179671997,0.3527933928767812,div,-0.14338776167574924,-0.14438275157517244,-3.202118240200176e-07,0.4070843193982973,4236,0.0,74899.99999999994,230000.0000000002,534999.9999999998,0.5370098635622864,0.9503860300797654,1.7476101822321237,4236,0.34793805521469084,0.25117746047126993,-0.05999295749816374,0.383875921203522,0.11102678643043247
philadelphia,2,2019,7.621991222319222,23.073409087118396,0.3303365876078749,12378,4236,OK,0.49411823978034775,0.49411823978034775,0.6058860010011977,0.6058860010011977,0.5004966182333472,0.5004966182333472,0.6189385378792417,129653.30902631502,129653.30902631502,0.3525473272437121,63264.445275593825,63264.445275593825,0.26038658321687785,0.17229813966520469,-0.12110959673447974,-0.3150995922242946,-0.23047205904723173,0.4107493988890737,0.9565997097426804,1.0217090401028535,0.9866995211709716,26.838096842470172,0.40206935097832824,-2.015765137757546,1.0354814390609353,-0.001186073378933045,0.9702316749225879,-0.05549044938392576,-0.1759564738731494,-0.28232046770275043,0.3297365903669472,div,-0.12110959673447974,-0.12170698937324115,-2.7289551598571214e-07,0.4107493988890737,4236,0.0,74899.99999999994,230000.0000000002,534999.9999999998,0.5251834415148944,0.9565997097426804,1.7476218410890634,4236,0.3525473272437121,0.2539976369031852,-0.05549044938392575,0.3941139989988023,0.10738282007598922
philadelphia,2,2019,11.061685231539125,33.486103709074655,0.3303365876078749,12378,4236,OK,0.47282811507847633,0.47282811507847633,0.5974296439316897,0.5974296439316897,0.4794749287338068,0.4794749287338068,0.6107622442248473,132353.43437374715,132353.43437374715,0.35630949175983934,64267.93440918085,64267.93440918085,0.26357428854620896,0.17359879381509163,-0.10939022661121157,-0.2984210159857673,-0.22130598380330202,0.4164570783746278,0.9563780984442813,1.025158656695099,0.9930974828782572,27.202787348048,0.40628466748885855,-0.18563623436933896,1.0322840147816306,0.010888179834130733,0.9800157997881592,-0.0529704104797345,-0.16796560040703726,-0.26644343625597494,0.3195112512332762,div,-0.10939022661121157,-0.10982971560033197,-2.499134760714171e-07,0.4164570783746278,4236,0.0,74899.99999999994,230000.0000000002,534999.9999999998,0.5232773177463624,0.9563780984442813,1.7585720782297856,4236,0.35630949175983934,0.2562970232282096,-0.052970410479734484,0.4025703560683102,0.10527995094456313
philadelphia,2,2019,16.05366322167172,48.597896278834774,0.3303365876078749,12378,4236,OK,0.4380627065189988,0.4380627065189988,0.5905408646350223,0.5905408646350223,0.44514785764822673,0.44514785764822673,0.6041016122308458,136647.91909624342,136647.91909624342,0.3593451423011786,65303.14355501971,65303.14355501971,0.2660391095705508,0.17866602074921306,-0.09663232951013981,-0.28247011715574877,-0.2119169459152374,0.42130796739590637,0.9578762868857377,1.0266355566771075,0.9979837000084238,27.441260712593003,0.41042578636584365,4.129776488813074,1.0287097441255222,0.021161739803009717,0.9906726933108702,-0.04993126626545683,-0.1583286790003206,-0.24897660964151797,0.3065155683616151,div,-0.09663232951013981,-0.09693480401422164,-2.233382076675332e-07,0.42130796739590637,4236,0.0,74899.99999999994,230000.0000000002,534999.9999999998,0.5264916534330394,0.9578762868857377,1.7577739885003092,4236,0.3593451423011786,0.2586239032638708,-0.04993126626545681,0.4094591353649777,0.10438032698086516
philadelphia,2,2019,23.298448422672752,70.5294214951724,0.3303365876078749,12378,4236,OK,0.4037187425043969,0.4037187425043969,0.5797726793511087,0.5797726793511087,0.41123691735040446,0.41123691735040446,0.5936900550694675,140761.75540877186,140761.75540877186,0.36403960791499,66663.12963123244,66663.12963123244,0.2702355527697538,0.17609217169466138,-0.08994238949962784,-0.2709575760109128,-0.20739057481536824,0.4298275147203258,0.9575027117773077,1.0291627006337754,1.0019551602439412,27.899552984767954,0.41769708376567066,7.24961677321466,1.0271544490905262,0.03122013888121162,0.9963499561954966,-0.04867898798213603,-0.15435778899154592,-0.23952845975925086,0.3000832259683147,div,-0.08994238949962784,-0.090186107203569,-2.1207991426081419e-07,0.4298275147203258,4236,0.0,74899.99999999994,230000.0000000002,534999.9999999998,0.5193404079457399,0.9575027117773077,1.7612310024970053,4236,0.36403960791499,0.26189492532751835,-0.04867898798213602,0.4202273206488914,0.10483309861416422
philadelphia,2,2019,33.81270003043063,102.35832571645956,0.3303365876078749,12378,4236,OK,0.39513469602567985,0.39513469602567985,0.5760850997920846,0.5760850997920846,0.40276110228346174,0.40276110228346174,0.5901246032915097,141771.3358514678,141771.3358514678,0.3656333796541022,67026.49122528438,67026.49122528438,0.27190867845914196,0.1831438740317424,-0.08299178244121526,-0.26538860643997497,-0.20263139540414093,0.42877648236358157,0.9619999658159882,1.0283273996257707,1.0032838031303937,27.980706029044327,0.4170141751478594,7.321064045073933,1.0249616274250988,0.03410602647217923,1.0014073263265084,-0.04726237585581696,-0.1498658074458846,-0.23161369394678283,0.292524775720078,div,-0.08299178244121526,-0.08318311281570152,-1.952121993176026e-07,0.42877648236358157,4236,0.0,74899.99999999994,230000.0000000002,534999.9999999998,0.5209886089412052,0.9619999658159882,1.7646056640841135,4236,0.3656333796541022,0.2642956712099549,-0.04726237585581695,0.42391490020791545,0.10251151178990191
philadelphia,2,2019,49.071880779635485,148.55115243209488,0.3303365876078749,12378,4236,OK,0.4035854960124923,0.4035854960124923,0.5647855371795831,0.5647855371795831,0.41110535088853783,0.41110535088853783,0.5791992673192194,140777.48201611335,140777.48201611335,0.3704743591271643,68009.54133346403,68009.54133346403,0.27586257102003703,0.18324713584651464,-0.0838294771544057,-0.25832084495546087,-0.2011777679107838,0.43734788292301924,0.9585539657709359,1.0316276638506858,1.0058256006548523,28.497406205822728,0.42398971076024616,9.717686726967546,1.0256526212685726,0.04176389228830955,0.9980901386792854,-0.04673699749628516,-0.14819986808841284,-0.22592290943443283,0.2823242956582125,div,-0.0838294771544057,-0.08402667653343276,-2.0112436743341575e-07,0.43734788292301924,4236,0.0,74899.99999999994,230000.0000000002,534999.9999999998,0.5149908854439704,0.9585539657709359,1.7661897208900892,4236,0.3704743591271643,0.26732332515611085,-0.04673699749628515,0.4352144628204168,0.09411072495709615
philadelphia,2,2019,71.21730832153513,215.5901313785848,0.3303365876078749,12378,4236,OK,0.3347322029508797,0.3347322029508797,0.5482337832107802,0.5482337832107802,0.34312019025512663,0.34312019025512663,0.5631956856549347,148681.64094441675,148681.64094441675,0.37745342579029895,70702.95981038755,70702.95981038755,0.2825031960740337,0.1900098400815579,-0.06532092043133902,-0.2364288917750592,-0.1876192957227756,0.44563926646527213,0.9594328994747803,1.0335496797769546,1.0130632445471044,29.201247566835825,0.4312244354822369,20.084007286741862,1.0202222668131729,0.05791304103505357,1.012671016904192,-0.043446262873959286,-0.1377651704598065,-0.20612591547776304,0.265639144273095,div,-0.06532092043133902,-0.06541406326309002,-1.5968960680766468e-07,0.44563926646527213,4236,0.0,74899.99999999994,230000.0000000002,534999.9999999998,0.5088540733344564,0.9594328994747803,1.7771998699796763,4236,0.37745342579029895,0.2737820829550313,-0.04344626287395927,0.45176621678921974,0.08982931670877983
philadelphia,2,2019,103.35664588322452,312.8828284861795,0.3303365876078749,12378,4236,OK,0.28470983325609567,0.28470983325609567,0.5185702657867404,0.5185702657867404,0.29372852447204456,0.29372852447204456,0.5345145848821515,154170.12418067866,154170.12418067866,0.38964844799385284,73299.19861861365,73299.19861861365,0.2918307070700536,0.19510857689313288,-0.05867278231076767,-0.2230234253852931,-0.18227315860998056,0.45896411802880277,0.9611113329757763,1.0373300462214685,1.0183784381915157,30.135449013334988,0.44249976517053535,17.291851354406067,1.0186095927792893,0.07256460489649293,1.0158922007535565,-0.042080840518319174,-0.1334355082257933,-0.19337124422647234,0.24711128711497918,div,-0.05867278231076767,-0.05874024864464036,-1.4772579029593887e-07,0.45896411802880277,4236,0.0,74899.99999999994,230000.0000000002,534999.9999999998,0.5018717390961072,0.9611113329757763,1.7925565299180934,4236,0.38964844799385284,0.2827571025332851,-0.04208084051831916,0.48142973421325963,0.08050480698007051
philadelphia,2,2019,150.0,454.0823076433092,0.3303365876078749,12378,4236,OK,0.23092320228625796,0.23092320228625796,0.4579064915344466,0.4579064915344466,0.24062005886616167,0.24062005886616167,0.4758599149819004,159861.5242268848,159861.5242268848,0.41346961451405223,78219.05364544126,78219.05364544126,0.3116614745430277,0.20662204614014307,-0.054131598716928936,-0.21316770321473055,-0.188411308349176,0.4963546048312113,0.9643073614526794,1.0509139681266662,1.0320047506139667,32.12420075613336,0.4723633122369966,27.840888469428673,1.0183228008412266,0.09551165635791929,1.0184736824352498,-0.04264651545760104,-0.1352292253208882,-0.18442010298900138,0.23536766100490447,div,-0.054131598716928936,-0.054184564547201,-1.4739536067474688e-07,0.4963546048312113,4236,0.0,74899.99999999994,230000.0000000002,534999.9999999998,0.47899393503166476,0.9643073614526794,1.900653292512684,4236,0.41346961451405223,0.29919460034760686,-0.04264651545760103,0.5420935084655534,0.07405751995910584
philadelphia,3,2020,0.0,0.0,0.32857122321789944,16614,16522,OK,0.614005661830795,0.614005661830795,0.6846079371950217,0.6846079371950217,0.614357079044989,0.614357079044989,0.684836029594192,138461.6193800139,138461.6193800139,0.367587779452148,59731.72846144888,59731.72846144888,0.28583077936199464,0.20044646176409037,-0.3212663316727943,-0.5441723552632468,-0.36788880138008306,0.44250254995964045,0.9361169772346254,1.0325684722194721,0.9060396354502207,29.852342505883495,0.42855844797341097,-52.196768658870944,1.1396504433344992,-0.17233212126065528,0.7738705860958796,-0.13275167393495796,-0.3098622258231525,-0.5547447830555163,0.5522446622513569,div,-0.3212663316727943,-0.3330585441599408,-6.378845049525396e-07,0.44250254995964045,16522,0.0,62000.00000000005,210000.0000000001,575000.0,0.5578299430089383,0.9361169772346254,1.8536345864287542,16522,0.367587779452148,0.2736607802135181,-0.13275167393495801,0.31539206280497833,0.08924948409975637
philadelphia,3,2020,0.001,0.003043480163011194,0.32857122321789944,16614,16522,OK,0.6148144133401882,0.6148144133401882,0.6837603215287007,0.6837603215287007,0.6151650942503116,0.6151650942503116,0.6839890269258304,138316.48802579203,138316.48802579203,0.36808139381354904,59594.6061454504,59594.6061454504,0.28545093322658466,0.19962981645929018,-0.31624149246576555,-0.5362399021893021,-0.36180977897289107,0.4416282622300161,0.9389060853182467,1.033247092975625,0.9089433423682564,29.787187538845643,0.42743079626739044,-49.469255418853834,1.1367563244189618,-0.1650200604965383,0.779716635878135,-0.13034901382826794,-0.30425405843446685,-0.5438703741878985,0.5416905811862005,div,-0.31624149246576555,-0.3274654019207378,-6.266669199253598e-07,0.4416282622300161,16522,0.0,62000.00000000005,210000.0000000001,575000.0,0.5563681100674056,0.9389060853182467,1.8386375959389463,16522,0.36808139381354904,0.27347654079579176,-0.13034901382826794,0.3162396784712993,0.09023347162738306
philadelphia,3,2020,0.001451285485497223,0.004416958585976868,0.32857122321789944,16614,16522,OK,0.6144475541489245,0.6144475541489245,0.68412313789299,0.68412313789299,0.6147985690552293,0.6147985690552293,0.6843515809003364,138382.34017646164,138382.34017646164,0.3678701864795327,59707.76853644879,59707.76853644879,0.2858239350152834,0.20088321683775134,-0.3173990061548639,-0.5370817404114875,-0.36271180854835267,0.442035340298715,0.9381507758870924,1.033198434614592,0.9083247064352779,29.83204479706715,0.42784493594878914,-49.73950056999653,1.1374769697384775,-0.16592009030743915,0.7781274899891776,-0.13062109407924108,-0.30488913435983983,-0.5453290553225199,0.5425110694663974,div,-0.3173990061548639,-0.3287520646829107,-6.295404139888324e-07,0.442035340298715,16522,0.0,62000.00000000005,210000.0000000001,575000.0,0.5586775878574746,0.9381507758870924,1.8490519203641933,16522,0.3678701864795327,0.27367381321988593,-0.13062109407924116,0.3158768621070101,0.08969873515438422
philadelphia,3,2020,0.00210622956041491,0.006410267885870566,0.32857122321789944,16614,16522,OK,0.6162153094557337,0.6162153094557337,0.6858333939721537,0.6858333939721537,0.6165647149611124,0.6165647149611124,0.6860606001176437,138064.73466548062,138064.73466548062,0.36687295271803616,59389.92437755025,59389.92437755025,0.2845401757199135,0.1974490736056982,-0.3209266193170613,-0.5437560005728703,-0.3669150615446153,0.44166924804688557,0.9379100686388679,1.033198537589338,0.9070415162635146,29.69518709000456,0.42749055353808324,-50.43399707943821,1.139086270103178,-0.17192537641897856,0.7746966979241602,-0.13237898596748332,-0.30899231646746494,-0.5541294942073592,0.5520894624400782,div,-0.3209266193170613,-0.33267978010920235,-6.360100286187594e-07,0.44166924804688557,16522,0.0,62000.00000000005,210000.0000000001,575000.0,0.5580801088749789,0.9379100686388679,1.851893766157062,16522,0.36687295271803616,0.272388065383468,-0.13237898596748338,0.31416660602784635,0.08853322383039064
philadelphia,3,2020,0.003056740390155355,0.00930312874091292,0.32857122321789944,16614,16522,OK,0.616735826613513,0.616735826613513,0.6838911381299758,0.6838911381299758,0.6170847582293255,0.6170847582293255,0.684119748920183,137971.07610019058,137971.07610019058,0.3680052551427468,59683.6498287521,59683.6498287521,0.28507661064565293,0.1995056622685774,-0.3164187285800386,-0.5385593529810039,-0.3625378158624399,0.4406110924226401,0.9338902360291185,1.028687493767173,0.9046005378019537,29.78787043089255,0.42833652568950964,-49.719994278895285,1.1371732060504103,-0.16732966305867533,0.7789490723109513,-0.13095599977912303,-0.3056708542623484,-0.547230518816586,0.5466492506697929,div,-0.3164187285800386,-0.32766234510394654,-6.255739679429113e-07,0.4406110924226401,16522,0.0,62000.00000000005,210000.0000000001,575000.0,0.5553385544101144,0.9338902360291185,1.839238794392476,16522,0.3680052551427468,0.2739385813911074,-0.1309559997791231,0.31610886187002424,0.09050555691256504
philadelphia,3,2020,0.004436202961165585,0.013501495711398975,0.32857122321789944,16614,16522,OK,0.6148016796609848,0.6148016796609848,0.6849640465503872,0.6849640465503872,0.6151523721641128,0.6151523721641128,0.6851918814103015,138318.77427856467,138318.77427856467,0.3673801990566304,59573.01457481233,59573.01457481233,0.28436131060316056,0.19969591175163037,-0.3151902043385076,-0.5343458606862841,-0.3597255493802097,0.4406406101762498,0.9365606129972841,1.0304655245403285,0.9068520667170378,29.704388994151877,0.42762609253131884,-48.2975344448276,1.136310499099145,-0.1639545718277504,0.780719997264397,-0.12966061181655453,-0.3026472253657165,-0.5424251337820678,0.5400144442420475,div,-0.3151902043385076,-0.32629772354863573,-6.231868668237318e-07,0.4406406101762498,16522,0.0,62000.00000000005,210000.0000000001,575000.0,0.5572487640533893,0.9365606129972841,1.8397416278405,16522,0.3673801990566304,0.27300501857901,-0.12966061181655456,0.3150359534496128,0.09043389442261354
philadelphia,3,2020,0.006438196968259414,0.019594524758456335,0.32857122321789944,16614,16522,OK,0.6160121434740409,0.6160121434740409,0.6826505159931191,0.6826505159931191,0.6163617339459238,0.6163617339459238,0.6828800240046361,138101.27383285708,138101.27383285708,0.36872669709017736,59602.27208481663,59602.27208481663,0.2866282085097539,0.19940892868683552,-0.31997999532703697,-0.5425139548047183,-0.37031619682914296,0.44678386286003635,0.9387654854770466,1.03501220588214,0.907770691369459,29.89299773254666,0.4316832031658296,-51.34985828401235,1.140169225248642,-0.17175674040692995,0.7725769137203329,-0.13294676355377522,-0.3103175941189325,-0.5535556503365117,0.5529969987192934,div,-0.31997999532703697,-0.33162482201807975,-6.414774099468949e-07,0.44678386286003635,16522,0.0,62000.00000000005,210000.0000000001,575000.0,0.5584182025194827,0.9387654854770466,1.856129670125079,16522,0.36872669709017736,0.27352906762185486,-0.13294676355377527,0.31734948400688084,0.08781979553746536
philadelphia,3,2020,0.009343661812807113,0.02843724937716366,0.32857122321789944,16614,16522,OK,0.6180726497729105,0.6180726497729105,0.6860877193426829,0.6860877193426829,0.6184203643173205,0.6184203643173205,0.686314741559372,137730.24476537734,137730.24476537734,0.3667244264446031,59301.33532364515,59301.33532364515,0.28304434266682854,0.20001978770685042,-0.31479043713354743,-0.536811176358593,-0.35807856296978435,0.4366087726820293,0.9360789790301571,1.028340360958398,0.9060133084030083,29.575194012083077,0.4245889812459793,-49.28005071286013,1.1350168385175385,-0.16481969434321037,0.7838270503447368,-0.12955358079135545,-0.3023973989739486,-0.5432207184243024,0.5425248653482266,div,-0.31479043713354743,-0.32585392292445287,-6.167015626951576e-07,0.4366087726820293,16522,0.0,62000.00000000005,210000.0000000001,575000.0,0.5565903468195806,0.9360789790301571,1.8381202002526036,16522,0.3667244264446031,0.2725588119597121,-0.12955358079135548,0.31391228065731713,0.09247473863992209
philadelphia,3,2020,0.013560320770321632,0.04127056726854256,0.32857122321789944,16614,16522,OK,0.6151662144513116,0.6151662144513116,0.6832461881530261,0.6832461881530261,0.6155165750744407,0.6155165750744407,0.6834752653728139,138253.30937690448,138253.30937690448,0.36838048037420984,59591.83778266222,59591.83778266222,0.2850495591916832,0.2010562360820867,-0.3137688656765822,-0.5350870987010209,-0.3625921208274588,0.4435367067489102,0.9365835994045795,1.0304309292883702,0.9065661199415305,29.770623425630312,0.4304511028934482,-49.12892862399374,1.1366307505014952,-0.16594127953315016,0.7805362875454367,-0.13089173133990684,-0.3055208421304075,-0.54614157986762,0.5456336519296224,div,-0.3137688656765822,-0.3247203903911824,-6.244540344217463e-07,0.4435367067489102,16522,0.0,62000.00000000005,210000.0000000001,575000.0,0.5568199923045843,0.9365835994045795,1.843175362560069,16522,0.36838048037420984,0.2736335438516858,-0.1308917313399069,0.316753811846974,0.09124334951449362
philadelphia,3,2020,0.019679896712654306,0.05989537525507259,0.32857122321789944,16614,16522,OK,0.6185973047348925,0.6185973047348925,0.6846368928619928,0.6846368928619928,0.6189445416225936,0.6189445416225936,0.6848649643203459,137635.6119908499,137635.6119908499,0.3675709052265609,59453.91001910828,59453.91001910828,0.28574637498149863,0.19882924247198186,-0.3104837293117095,-0.5292421882597038,-0.35993164578386705,0.44514475509811474,0.9410565315939928,1.0357010000103397,0.9126886740967417,29.776467808194866,0.42981345675877686,-46.832369334791345,1.1347801604258312,-0.16097286807610056,0.7848254789951914,-0.12885186771163576,-0.300759495885226,-0.5380357233297455,0.5368336474154383,div,-0.3104837293117095,-0.3210806561449883,-6.201563107827823e-07,0.44514475509811474,16522,0.0,62000.00000000005,210000.0000000001,575000.0,0.5578394569807699,0.9410565315939928,1.841337638850177,16522,0.3675709052265609,0.27290330404814267,-0.12885186771163581,0.3153631071380072,0.09304296450414022
philadelphia,3,2020,0.028561148455159703,0.08692528875609637,0.32857122321789944,16614,16522,OK,0.6159493462813956,0.6159493462813956,0.683347512568869,0.683347512568869,0.6162989939251391,0.6162989939251391,0.6835765165105634,138112.565879741,138112.565879741,0.36832155618600126,59796.503072982785,59796.503072982785,0.28662052938845,0.2017833411160317,-0.311382690119568,-0.5298515442955289,-0.35969049653572055,0.44433491828157773,0.9400410454766828,1.0354442192785644,0.9123001690641329,29.90100550368831,0.4291379075611425,-48.42477916125414,1.134981943871343,-0.16099969863837368,0.7844140488882434,-0.12913197310687297,-0.301413303695407,-0.5381532552666255,0.5357094138311317,div,-0.311382690119568,-0.32207582991184275,-6.208203877835109e-07,0.44433491828157773,16522,0.0,62000.00000000005,210000.0000000001,575000.0,0.5578841188413617,0.9400410454766828,1.8485830112334658,16522,0.36832155618600126,0.27412258029617076,-0.12913197310687302,0.31665248743113095,0.09306713827505404
philadelphia,3,2020,0.04145038020210471,0.12615340989437762,0.32857122321789944,16614,16522,OK,0.6142921004013173,0.6142921004013173,0.6822215948786152,0.6822215948786152,0.6146432568359235,0.6146432568359235,0.6824514130870508,138410.23506553643,138410.23506553643,0.36897579354456767,59628.74300966691,59628.74300966691,0.2879248288168329,0.2009322135103872,-0.3173503707922386,-0.5383011902385866,-0.36807684151756154,0.4475574991067473,0.9436827286147615,1.039511837861013,0.9130974890662178,29.98524166075126,0.43055887168343665,-50.29207815266886,1.1384456208767733,-0.16735824427812582,0.7773089018942865,-0.13157525641767254,-0.3071162917072331,-0.5468858146302309,0.5450123488149233,div,-0.3173503707922386,-0.32869798172252945,-6.373073234437725e-07,0.4475574991067473,16522,0.0,62000.00000000005,210000.0000000001,575000.0,0.5615140460948456,0.9436827286147615,1.8597031702411968,16522,0.36897579354456767,0.27392810643789983,-0.13157525641767262,0.31777840512138483,0.09204130774819526
philadelphia,3,2020,0.060156335155656014,0.183084612725692,0.32857122321789944,16614,16522,OK,0.6180240328322848,0.6180240328322848,0.684525113856961,0.684525113856961,0.6183717916385612,0.6183717916385612,0.6847532661541951,137739.01058177065,137739.01058177065,0.36763604136492195,59441.78466781594,59441.78466781594,0.2851668826943859,0.19856636041555567,-0.30957457848528663,-0.5277154230570347,-0.3558383193141288,0.4413555703050545,0.9415180353458874,1.0362188555112462,0.9146107771844851,29.75312788983605,0.42594180289843503,-46.89058110367032,1.132961562842192,-0.1580698719678137,0.7878988272094002,-0.12778305022762648,-0.29826471631087514,-0.5333711140692721,0.5317973673511229,div,-0.30957457848528663,-0.32007482684217575,-6.130769144994373e-07,0.4413555703050545,16522,0.0,62000.00000000005,210000.0000000001,575000.0,0.5563070020397327,0.9415180353458874,1.8311637157481713,16522,0.36763604136492195,0.27282515523692846,-0.1277830502276265,0.31547488614303903,0.09219500611776377
philadelphia,3,2020,0.0873040160721099,0.26570804106667695,0.32857122321789944,16614,16522,OK,0.6193822356379695,0.6193822356379695,0.6818728522373254,0.6818728522373254,0.6197287579083719,0.6197287579083719,0.6821029226573894,137493.9112532257,137493.9112532257,0.36917820237116367,59376.108937661586,59376.108937661586,0.2854804459071155,0.1997050365419794,-0.30598903278434636,-0.5233551932606071,-0.3556012058875526,0.44473608833616807,0.9397770160119607,1.033068244415107,0.9119479951083742,29.796067979841922,0.43051323110305334,-45.347837977964716,1.1328148643962301,-0.15592039526461127,0.7884732180699551,-0.12728890113123068,-0.2971112985470229,-0.5295983190895835,0.5289755819642202,div,-0.30598903278434636,-0.31611407447651024,-6.10617565461798e-07,0.44473608833616807,16522,0.0,62000.00000000005,210000.0000000001,575000.0,0.5548423470284733,0.9397770160119607,1.83175736792785,16522,0.36917820237116367,0.27372827385436654,-0.1272889011312307,0.31812714776267464,0.09322252073081831
philadelphia,3,2020,0.12670305135106935,0.3856182233799682,0.32857122321789944,16614,16522,OK,0.6189522333843817,0.6189522333843817,0.6823505218412512,0.6823505218412512,0.619299147137713,0.619299147137713,0.6825802468093561,137571.55608251927,137571.55608251927,0.3689009367361735,59547.51694559975,59547.51694559975,0.28605784265119405,0.2009230383646837,-0.3032294443002332,-0.5199313096195176,-0.35169068344455456,0.4427418523019294,0.9417953983741512,1.0343323462298148,0.914842646150403,29.83320684765217,0.42805898227882233,-44.980053733753756,1.130612297734716,-0.15248658529242765,0.7929883787639495,-0.12612860827371858,-0.2944030017943088,-0.5249545717107446,0.5259942953712592,div,-0.3032294443002332,-0.31307224134583,-6.023972884622756e-07,0.4427418523019294,16522,0.0,62000.00000000005,210000.0000000001,575000.0,0.5529839905089821,0.9417953983741512,1.8442494459070187,16522,0.3689009367361735,0.27435133874135315,-0.1261286082737186,0.31764947815874883,0.09461030389226882
philadelphia,3,2020,0.18388229939401626,0.5596421305345738,0.32857122321789944,16614,16522,OK,0.6232818607838896,0.6232818607838896,0.6836903552895512,0.6836903552895512,0.6236248327550526,0.6236248327550526,0.6839191112864557,136787.74986071023,136787.74986071023,0.36812210952428265,59117.658538268035,59117.658538268035,0.2829951262402946,0.1981371964263648,-0.2956276609582096,-0.5094348974251539,-0.34266316875249303,0.4402652618791897,0.9415043615682155,1.030046738611359,0.914204214912042,29.509043641346892,0.42743554208457557,-42.12503183483574,1.1267140555794337,-0.14457385489123953,0.8008530641530615,-0.1228996595397648,-0.2868661533907099,-0.5131533323035687,0.5141950216369259,div,-0.2956276609582096,-0.3047217149808404,-5.840103550240627e-07,0.4402652618791897,16522,0.0,62000.00000000005,210000.0000000001,575000.0,0.5492249391603077,0.9415043615682155,1.8173665788431725,16522,0.36812210952428265,0.2726246866646334,-0.12289965953976484,0.31630964471044887,0.09541939658024921
philadelphia,3,2020,0.26686571215039057,0.812200501117569,0.32857122321789944,16614,16522,OK,0.6260436422191753,0.6260436422191753,0.6822254781765023,0.6822254781765023,0.6263840998075036,0.6263840998075036,0.6824552935765262,136285.4209759918,136285.4209759918,0.36897353906900576,59307.547485178664,59307.547485178664,0.2859122646636043,0.1998211659090922,-0.2906139344482521,-0.5037079061948652,-0.34101156870634003,0.44312477280691553,0.9483623360007593,1.037845706062461,0.9232281913370755,29.70798141172026,0.42697886686852504,-42.23583926254228,1.1241486295597078,-0.1395411971737992,0.8062708203163607,-0.12142042664463151,-0.2834134029747611,-0.5048078949814414,0.5076826490476316,div,-0.2906139344482521,-0.2992367013778683,-5.778345751556047e-07,0.44312477280691553,16522,0.0,62000.00000000005,210000.0000000001,575000.0,0.5494578993460525,0.9483623360007593,1.8302336634905505,16522,0.36897353906900576,0.2737896305276412,-0.12142042664463158,0.31777452182349775,0.09746907725053996
philadelphia,3,2020,0.38729833462074176,1.178734798585499,0.32857122321789944,16614,16522,OK,0.6282295771153661,0.6282295771153661,0.6804853533190701,0.6804853533190701,0.6285680445834371,0.6285680445834371,0.6807164271821324,135886.5138805171,135886.5138805171,0.3699824044838394,59243.71744758912,59243.71744758912,0.28411992850439954,0.19991491983504395,-0.2716367365872631,-0.4760569553452235,-0.32179970119802837,0.44244817359844507,0.9468853593653089,1.0320937264313361,0.9251243573525384,29.540346917000594,0.4287028905831112,-34.75403306985511,1.1156270162261384,-0.12041851012964061,0.823713227947485,-0.11427660768701381,-0.2667386630074925,-0.47450302830637475,0.4797375912060901,div,-0.2716367365872631,-0.2786301033606547,-5.392770911531551e-07,0.44244817359844507,16522,0.0,62000.00000000005,210000.0000000001,575000.0,0.5452557945136466,0.9468853593653089,1.8118923635529296,16522,0.3699824044838394,0.27419683254664623,-0.11427660768701385,0.3195146466809298,0.10004502289285401
philadelphia,3,2020,0.5620804515923291,1.7106807044376273,0.32857122321789944,16614,16522,OK,0.6314817590579413,0.6314817590579413,0.6813210053823744,0.6813210053823744,0.6318172656724316,0.6318172656724316,0.6815514748995877,135290.8527328939,135290.8527328939,0.36949826552306786,58966.732431603894,58966.732431603894,0.28488779106740786,0.19805006229114985,-0.2717754145025134,-0.47925151413141426,-0.3267011165589455,0.44619305892506034,0.9501363681812022,1.037859893609304,0.9299300618394034,29.593797123272132,0.42992947823052396,-35.40385227407585,1.1160623107036836,-0.12299010678455148,0.8230805625772282,-0.11534460391370506,-0.2692315256446553,-0.47888018071566574,0.48664671955251243,div,-0.2717754145025134,-0.278779835100884,-5.441191831527584e-07,0.44619305892506034,16522,0.0,62000.00000000005,210000.0000000001,575000.0,0.547613235924716,0.9501363681812022,1.8319376953577597,16522,0.36949826552306786,0.2730128543830313,-0.1153446039137051,0.31867899461762556,0.10040460140992492
philadelphia,3,2020,0.8157392010776716,2.4826860766704932,0.32857122321789944,16614,16522,OK,0.6302396821085574,0.6302396821085574,0.6787605543839562,0.6787605543839562,0.6305763195355447,0.6305763195355447,0.678992875626308,135518.65732244,135518.65732244,0.37097967702537554,59812.68445216295,59812.68445216295,0.2874668914679093,0.20431403399037323,-0.25407760738627816,-0.4606281040853456,-0.3157291070716612,0.44864194466140017,0.9510857558001147,1.0392260218777005,0.9377707103326364,29.854210375282587,0.4317208315999848,-33.09390621276415,1.1081877589342464,-0.10991234831288785,0.8425077876789251,-0.11105243799163216,-0.2592129695933966,-0.45911562074566453,0.4698616964768127,div,-0.25407760738627816,-0.259767021851255,-5.114784331555327e-07,0.44864194466140017,16522,0.0,62000.00000000005,210000.0000000001,575000.0,0.5466426819806366,0.9510857558001147,1.8355321031634402,16522,0.37097967702537554,0.2755839649415086,-0.1110524379916322,0.3212394456160438,0.11157473424245984
philadelphia,3,2020,1.1838704624751253,3.603086268117932,0.32857122321789944,16614,16522,OK,0.6283593658094231,0.6283593658094231,0.6732416773093716,0.6732416773093716,0.6286977151151876,0.6286977151151876,0.6734779898186609,135862.79215383963,135862.79215383963,0.37415281232718234,60303.65981820884,60303.65981820884,0.28717830175339126,0.20521209758954942,-0.2289644304794391,-0.4253156840127729,-0.290910653808112,0.44769672060870613,0.9526796792876492,1.0345113491099363,0.9432765633379265,29.804498169057826,0.43277463327161775,-25.863706655508086,1.0967211413046898,-0.08579062553702506,0.864932565706995,-0.10208683462469137,-0.2382859128356117,-0.4189880649009024,0.43376881920171334,div,-0.2289644304794391,-0.23309633027038607,-4.5995251076845755e-07,0.44769672060870613,16522,0.0,62000.00000000005,210000.0000000001,575000.0,0.5355788374633077,0.9526796792876492,1.814285017247492,16522,0.37415281232718234,0.27786840777036176,-0.10208683462469141,0.3267583226906285,0.11229834582536503
philadelphia,3,2020,1.7181340188990342,5.22910680391391,0.32857122321789944,16614,16522,OK,0.6240098744870822,0.6240098744870822,0.6692671594596833,0.6692671594596833,0.6243521836595404,0.6243521836595404,0.6695063463511108,136655.51370840002,136655.51370840002,0.37642143444806014,60839.595159010445,60839.595159010445,0.28881204427938156,0.20495971443126493,-0.20994148266972523,-0.39935030768859836,-0.2776600911149838,0.45508772694362815,0.9595378341077601,1.0383275659125086,0.9532917453801725,29.85670984924184,0.4383024343027629,-21.67453061191156,1.0892023044827939,-0.06934165768688415,0.8804107562707819,-0.09614175116510819,-0.224409200483243,-0.39191272242565295,0.410542949619135,div,-0.20994148266972523,-0.21311013035177903,-4.2870094808841554e-07,0.45508772694362815,16522,0.0,62000.00000000005,210000.0000000001,575000.0,0.5366896241659636,0.9595378341077601,1.8125934388373266,16522,0.37642143444806014,0.27875647510930196,-0.09614175116510823,0.33073284054031676,0.11370481993530866
philadelphia,3,2020,2.4935029637671793,7.58892680663503,0.32857122321789944,16614,16522,OK,0.6064609364737849,0.6064609364737849,0.659466929413763,0.659466929413763,0.6068192225617023,0.6068192225617023,0.6597132038582625,139808.27050380417,139808.27050380417,0.38195775506606255,62673.58173566242,62673.58173566242,0.2907219717689882,0.20948695379829282,-0.16966461217689327,-0.3476242828199743,-0.2436806025980196,0.458824435531967,0.9556239636145479,1.0312670301629625,0.961980895905837,30.15504755859439,0.44492678229701343,-11.542817589814948,1.0720244388968692,-0.03778051484221103,0.9172691490381678,-0.08389125440853656,-0.19581471214337895,-0.33772994446319377,0.3670738732480944,div,-0.16966461217689327,-0.1713213147763885,-3.4930022735672794e-07,0.458824435531967,16522,0.0,62000.00000000005,210000.0000000001,575000.0,0.5206053339111624,0.9556239636145479,1.7901515425195231,16522,0.38195775506606255,0.28405483296053424,-0.08389125440853659,0.340533070586237,0.12352207123614117
philadelphia,3,2020,3.618784659359615,11.01369932497021,0.32857122321789944,16614,16522,OK,0.5946990014446406,0.5946990014446406,0.6553293861195919,0.6553293861195919,0.5950679958410299,0.5950679958410299,0.6555786528466754,141882.1550196172,141882.1550196172,0.38427117979135506,63146.28369619316,63146.28369619316,0.29211404128535756,0.21029753103505727,-0.1621430290616303,-0.3334674272777175,-0.23647586720902888,0.46416147631518767,0.9625761534942506,1.0361272688394063,0.9691425254326181,30.14868942445298,0.4479908382712963,-10.565924654308729,1.0691175360165799,-0.02941704609938217,0.9210580990541741,-0.08101515474578803,-0.18910146614977194,-0.3238043432644156,0.35414064114531546,div,-0.1621430290616303,-0.16358680584339175,-3.376979586506041e-07,0.46416147631518767,16522,0.0,62000.00000000005,210000.0000000001,575000.0,0.5174301220400956,0.9625761534942506,1.7780327342229654,16522,0.38427117979135506,0.2847381662788189,-0.08101515474578808,0.34467061388040815,0.11680048748546401
philadelphia,3,2020,5.2518896512686215,15.984021971959827,0.32857122321789944,16614,16522,OK,0.5750905863644213,0.5750905863644213,0.6463862327732337,0.6463862327732337,0.5754774326667088,0.5754774326667088,0.6466419672131848,145273.73946609037,145273.73946609037,0.3892245878424759,65040.72638856883,65040.72638856883,0.29448883134356985,0.21408221604537397,-0.1283948310633952,-0.28640495377109554,-0.20597241161398083,0.47072169341486303,0.9627609923454905,1.0326779829766415,0.9788856627740994,30.389879073614523,0.45584000736094066,-1.0548509883087303,1.0549526081014386,-0.0018860911855585352,0.9506221430761004,-0.06948133189587945,-0.16217980170225885,-0.27451303783223674,0.3155312745033904,div,-0.1283948310633952,-0.12910743244914394,-2.711894649377342e-07,0.47072169341486303,16522,0.0,62000.00000000005,210000.0000000001,575000.0,0.5079379119844328,0.9627609923454905,1.7689433051289558,16522,0.3892245878424759,0.28879384769199395,-0.06948133189587948,0.35361376722676624,0.12032174807045413
philadelphia,3,2020,7.621991222319222,23.197379087773996,0.32857122321789944,16614,16522,OK,0.5376399434697496,0.5376399434697496,0.6333459747205938,0.6333459747205938,0.5380608856104845,0.5380608856104845,0.6336111399106992,151540.6317677789,151540.6317677789,0.39633635733076444,68582.59568690303,68582.59568690303,0.30223439245998623,0.22169409831210796,-0.10229474756782048,-0.26100807094901696,-0.19249657203391285,0.4827305096211319,0.9642089060378692,1.0380374115243673,0.9940866295630495,31.16857660529828,0.4650556074798572,4.645569998367183,1.0442122252269266,0.01525319999143076,0.9765188088213446,-0.06441223174995907,-0.1503477651819138,-0.2497002688198218,0.3045636940877509,div,-0.10229474756782048,-0.10265381612444788,-2.215741763658217e-07,0.4827305096211319,16522,0.0,62000.00000000005,210000.0000000001,575000.0,0.5018130596765876,0.9642089060378692,1.7868546886561094,16522,0.39633635733076444,0.2953952117417792,-0.06441223174995911,0.36665402527940627,0.13055253785244586
philadelphia,3,2020,11.061685231539125,33.66601957166321,0.32857122321789944,16614,16522,OK,0.4988909632613191,0.4988909632613191,0.6202778794266295,0.6202778794266295,0.4993471832735955,0.4993471832735955,0.6205524954988582,157762.96387782722,157762.96387782722,0.4033375293461593,70931.05876606869,70931.05876606869,0.30932296718701063,0.22690566285255842,-0.0831197743860016,-0.2313031888620823,-0.1778238870464338,0.5032040918325829,0.9699781377744828,1.045112718883599,1.007885804283581,31.76138184885256,0.48149765258418603,11.09708667052932,1.0369356473142106,0.0343540479893275,0.9907199994149014,-0.05744146192791358,-0.1340769477320475,-0.21857105688015527,0.2799250472298349,div,-0.0831197743860016,-0.08331199381561517,-1.876763637197459e-07,0.5032040918325829,16522,0.0,62000.00000000005,210000.0000000001,575000.0,0.4960544183623592,0.9699781377744828,1.8008489862005355,16522,0.4033375293461593,0.30063427189861597,-0.057441461927913606,0.3797221205733706,0.12535472308006368
philadelphia,3,2020,16.05366322167172,48.85900555882026,0.32857122321789944,16614,16522,OK,0.466476418082865,0.466476418082865,0.6169695346736975,0.6169695346736975,0.4669621489662594,0.4669621489662594,0.6172465433498658,162785.51186596946,162785.51186596946,0.40509076633197744,72138.82905013856,72138.82905013856,0.3107846984993308,0.22916562549969277,-0.07450364202488345,-0.22046089215193457,-0.1724877845494127,0.5121090708565131,0.966562502341169,1.0418411852686325,1.0078826855429857,32.00610236552184,0.4915572321332029,11.41938769962527,1.033692909118041,0.04018846009009764,0.9985415087082735,-0.056417413615521016,-0.13168666608796165,-0.21394285160888601,0.27797654684902773,div,-0.07450364202488345,-0.07464195438735756,-1.7119892460506328e-07,0.5121090708565131,16522,0.0,62000.00000000005,210000.0000000001,575000.0,0.4909685806540987,0.966562502341169,1.7916969959657485,16522,0.40509076633197744,0.3031916733577916,-0.05641741361552105,0.3830304653263025,0.1290140314357043
philadelphia,3,2020,23.298448422672752,70.90836560334397,0.32857122321789944,16614,16522,OK,0.48084458886970416,0.48084458886970416,0.6072718448712786,0.6072718448712786,0.48131723867378806,0.48131723867378806,0.6075558669431353,160578.58694278373,160578.58694278373,0.41018682189253697,72517.96427210802,72517.96427210802,0.31287850889001845,0.23281872858829744,-0.0712420883571906,-0.212135515908497,-0.16709883962064057,0.5155796108805293,0.9630841074436771,1.0372928814115074,1.004600925887714,32.30278300774446,0.4970584717674425,12.194577605571439,1.0325422311301429,0.04761937498077383,1.0000730685552783,-0.053864433153237114,-0.12572762854758457,-0.20204756540371926,0.266280557830433,div,-0.0712420883571906,-0.07136298493282184,-1.6481374837307505e-07,0.5155796108805293,16522,0.0,62000.00000000005,210000.0000000001,575000.0,0.4865662751489773,0.9630841074436771,1.798631352752271,16522,0.41018682189253697,0.30666359428631373,-0.05386443315323716,0.39272815512872145,0.1247423762723391
philadelphia,3,2020,33.81270003043063,102.90828180046363,0.32857122321789944,16614,16522,OK,0.45159880084192894,0.45159880084192894,0.5969108727845398,0.5969108727845398,0.45209807661520296,0.45209807661520296,0.5972023879396404,165039.59045985702,165039.59045985702,0.41556238184643335,73937.70484085144,73937.70484085144,0.3177830124009932,0.23360505363122258,-0.0639382895500979,-0.2049769287240211,-0.16574998757300594,0.5292784453024392,0.9643375215014869,1.039563088396587,1.0094431731700995,32.79014149410961,0.5091508820596958,11.062131423649538,1.029838148423846,0.054383297585793904,1.0063718640601014,-0.05278675641665174,-0.12321217015509918,-0.19542351922700688,0.2639312301782117,div,-0.0639382895500979,-0.06402563270215834,-1.51847023208622e-07,0.5292784453024392,16522,0.0,62000.00000000005,210000.0000000001,575000.0,0.4799880915720732,0.9643375215014869,1.8200897974029615,16522,0.41556238184643335,0.3109213634628686,-0.05278675641665178,0.40308912721546014,0.1271355103042722
philadelphia,3,2020,49.071880779635485,149.34929571447088,0.32857122321789944,16614,16522,OK,0.38084423663878464,0.38084423663878464,0.5837735537874784,0.5837735537874784,0.38140792882801366,0.38140792882801366,0.5840745698874727,175363.37666556748,175363.37666556748,0.42228000730926946,78286.59429565794,78286.59429565794,0.3324680769160589,0.24410015092555443,-0.058330252371427894,-0.19615365029227966,-0.1669640472470786,0.557137324164269,0.9788558688249096,1.0619784513415738,1.0330540330957203,33.912767446599176,0.5246379384576249,11.710949264256723,1.0279989403450434,0.06562603760531587,1.0109090900606812,-0.052491733124913974,-0.1225235417473525,-0.19044691991923438,0.2573771172174502,div,-0.058330252371427894,-0.05839654239215276,-1.4582002557602296e-07,0.557137324164269,16522,0.0,62000.00000000005,210000.0000000001,575000.0,0.48755044449168267,0.9788558688249096,1.885594976654617,16522,0.42228000730926946,0.3181219693658297,-0.052491733124914,0.4162264462125217,0.12517134635643706
philadelphia,3,2020,71.21730832153513,216.7484651396442,0.32857122321789944,16614,16522,OK,0.33469327588151754,0.33469327588151754,0.5705584373122407,0.5705584373122407,0.3352989848581913,0.3352989848581913,0.5708690106204772,181781.5891711585,181781.5891711585,0.42893128361227556,80260.36787316392,80260.36787316392,0.33571810256842494,0.24453941410982966,-0.0486350505788007,-0.1836062944457598,-0.16084271317421295,0.573389201291329,0.9641327183780813,1.0543294372647378,1.0295091156452367,34.67026586821662,0.543859000902608,16.025679452383418,1.0241088896079809,0.07853548662343847,1.0196041135009777,-0.05107578130263684,-0.11921849880285366,-0.18280472981785661,0.25228862319939827,div,-0.0486350505788007,-0.048673451693001316,-1.2512956708747542e-07,0.573389201291329,16522,0.0,62000.00000000005,210000.0000000001,575000.0,0.4765952260734197,0.9641327183780813,1.9016911760947284,16522,0.42893128361227556,0.3228129782685386,-0.051075781302636875,0.42944156268775935,0.1212487531041184
philadelphia,3,2020,103.35664588322452,314.5639014609664,0.32857122321789944,16614,16522,OK,0.22551251936857508,0.22551251936857508,0.5322300333966037,0.5322300333966037,0.22621762875997853,0.22621762875997853,0.5325683259109857,196130.95380138507,196130.95380138507,0.4476636713079278,85067.81322264418,85067.81322264418,0.3521607402156928,0.2526191941874255,-0.03754273195368826,-0.15288230486225443,-0.15280933473906105,0.6542268265423491,0.9632740362662053,1.0611404969440525,1.039279863385873,36.400833510059336,0.6165504266234499,20.260008730591245,1.0210344050032487,0.1120335259385674,1.022232050639969,-0.04694598445461062,-0.10957893641094123,-0.1610624986361626,0.22495732861931242,div,-0.03754273195368826,-0.03756038517027325,-1.102085482745641e-07,0.6542268265423491,16522,0.0,62000.00000000005,210000.0000000001,575000.0,0.46171031071769614,0.9632740362662053,1.9412642313089914,16522,0.4476636713079278,0.3354454408156049,-0.046945984454610665,0.4677699666033963,0.10104195251933432
philadelphia,3,2020,150.0,456.5220244516791,0.32857122321789944,16614,16522,OK,0.06795857891476242,0.06795857891476242,0.49780533897867396,0.49780533897867396,0.06880712866620375,0.06880712866620375,0.49816852752585605,215157.52808163923,215157.52808163923,0.46384377288601575,88454.55303576907,88454.55303576907,0.36884036857441704,0.25622199185763883,-0.035347133966392656,-0.14143802156110746,-0.16609520946148332,0.7686464377043538,0.9648007827850056,1.0713652108849683,1.047183370625152,38.07994609547198,0.7174674819118131,16.72339577384521,1.023092269165218,0.13956367234404848,1.0195055639031556,-0.04921167807242979,-0.11486740356650216,-0.16293684611744483,0.22943298215941013,div,-0.035347133966392656,-0.035361866149268555,-1.2191071693091617e-07,0.7686464377043538,16522,0.0,62000.00000000005,210000.0000000001,575000.0,0.4506374803810513,0.9648007827850056,1.9660485296053738,16522,0.46384377288601575,0.34536849020650723,-0.049211678072429835,0.502194661021326,0.09892660255556043
philadelphia,4,2021,0.0,0.0,0.37843531729398694,33136,20547,OK,0.7929566005509558,0.7929566005509558,0.7360143904313687,0.7360143904313687,0.7952226411969527,0.7952226411969527,0.7392425536726899,103231.12322202903,103231.12322202903,0.33524855650031804,58726.78052538696,58726.78052538696,0.24816278376177714,0.1927998376528171,-0.24358040341775183,-0.4381037796573865,-0.241606233010945,0.35983874556851525,0.8880345698257789,0.9553051707234003,0.881898276456126,25.553184019602732,0.3766832980654776,-31.973096135911884,1.0832373712785301,-0.09689312555796727,0.8828528076271103,-0.08857944547464802,-0.20805558444742053,-0.4242163847499736,0.44405916820511887,div,-0.24358040341775183,-0.2485768379839694,-3.8634056589451056e-07,0.35983874556851525,20547,0.0,68999.99999999994,229900.00000000012,625000.0000000002,0.5524814593462586,0.8880345698257789,1.586188627225674,20547,0.33524855650031804,0.25631789081268874,-0.08857944547464804,0.26398560956863126,0.12156614067069443
philadelphia,4,2021,0.001,0.0026424595017994885,0.37843531729398694,33136,20547,OK,0.7911153703149784,0.7911153703149784,0.7364446888669918,0.7364446888669918,0.7934015627869425,0.7934015627869425,0.7396675901790928,103689.12274737818,103689.12274737818,0.33497521629332944,58763.15588074631,58763.15588074631,0.2481110563021894,0.19375902345351553,-0.2430399940054555,-0.4378899240970187,-0.24106832138861325,0.35921294718717267,0.8867283966115581,0.9551197787229473,0.8820031248445468,25.585146444302275,0.3761011935456263,-31.896507419603452,1.0828984068410044,-0.09680878226227799,0.8833842988704662,-0.08850382980892263,-0.20787797821561838,-0.4242652986775229,0.4443472290988587,div,-0.2430399940054555,-0.24800242328877503,-3.8481303040615743e-07,0.35921294718717267,20547,0.0,68999.99999999994,229900.00000000012,625000.0000000002,0.5541421899822404,0.8867283966115581,1.5821108946457707,20547,0.33497521629332944,0.2563593833715441,-0.08850382980892262,0.2635553111330082,0.12143927996774098
philadelphia,4,2021,0.001451285485497223,0.0038349631209758203,0.37843531729398694,33136,20547,OK,0.7901659584585785,0.7901659584585785,0.7365577343011427,0.7365577343011427,0.7924625420169628,0.7924625420169628,0.7397792532306369,103924.49687673233,103924.49687673233,0.3349033689834923,58761.50613667767,58761.50613667767,0.24803949308476703,0.1930966561127612,-0.24485364663686904,-0.4390731791342913,-0.24180431843046496,0.35933865156408296,0.8863648573789888,0.9551436880557889,0.8814556335091482,25.57490341629019,0.37622338993221205,-32.13233695152441,1.0835981435086894,-0.09766080343413035,0.8820931709984318,-0.08880442149394682,-0.20858400858612505,-0.42578457609299275,0.445004876004486,div,-0.24485364663686904,-0.24993083655465972,-3.878203127564608e-07,0.35933865156408296,20547,0.0,68999.99999999994,229900.00000000012,625000.0000000002,0.5526930061135599,0.8863648573789888,1.5822714518293144,20547,0.3349033689834923,0.25626816150600085,-0.08880442149394682,0.2634422656988573,0.1215554585526501
philadelphia,4,2021,0.00210622956041491,0.005565626314889338,0.37843531729398694,33136,20547,OK,0.7909515992435532,0.7909515992435532,0.7358710786761922,0.7358710786761922,0.7932395841508496,0.7932395841508496,0.7391009944135711,103729.76228991985,103729.76228991985,0.3353395435436254,58784.99040071129,58784.99040071129,0.24839374087832272,0.19382796063320756,-0.24306546650265579,-0.4377196816375581,-0.24153850019418924,0.360053536152118,0.8874757382763917,0.955588835843515,0.8822934016213388,25.62506532068766,0.3767962586752765,-31.981753145820274,1.0830737644501085,-0.09673675915825569,0.8831706503078763,-0.08859368374115476,-0.20808902731719356,-0.4240543537596534,0.4438265091309764,div,-0.24306546650265579,-0.248029495039634,-3.8575395155361074e-07,0.360053536152118,20547,0.0,68999.99999999994,229900.00000000012,625000.0000000002,0.5520811129009203,0.8874757382763917,1.5875662288614827,20547,0.3353395435436254,0.2565326112491676,-0.08859368374115476,0.26412892132380783,0.12161054187560634
philadelphia,4,2021,0.003056740390155355,0.008077312688500293,0.37843531729398694,33136,20547,OK,0.7924083590219873,0.7924083590219873,0.7366821778512528,0.7366821778512528,0.7946804000408131,0.7946804000408131,0.7399021750156222,103367.70852942519,103367.70852942519,0.3348242596443464,58698.71096429974,58698.71096429974,0.24792232017494126,0.19397199397649537,-0.24315579720974842,-0.43760172698309463,-0.24083887591570977,0.3591073997244992,0.887138589658788,0.9553263869618092,0.8821963886953944,25.566139869030202,0.3759093683862459,-32.12458884268088,1.0828953725083375,-0.09656073319762352,0.8834479899845129,-0.08835259036425779,-0.2075227466956801,-0.4236489244650749,0.44368242972628613,div,-0.24315579720974842,-0.2481254999009399,-3.8488326193507124e-07,0.3591073997244992,20547,0.0,68999.99999999994,229900.00000000012,625000.0000000002,0.5522583801201566,0.887138589658788,1.5812894694216841,20547,0.3348242596443464,0.2560881301593039,-0.08835259036425779,0.26331782214874727,0.12155089496079072
philadelphia,4,2021,0.004436202961165585,0.011722486666643026,0.37843531729398694,33136,20547,OK,0.7916779657824626,0.7916779657824626,0.7360404468656823,0.7360404468656823,0.7939580007811629,0.7939580007811629,0.7392682914743947,103549.39403099135,103549.39403099135,0.3352320109060898,58732.856117667565,58732.856117667565,0.24801550770891295,0.19328393608710026,-0.24339345971779922,-0.4380569000975736,-0.24121072593551696,0.35928813885378436,0.887040024857198,0.9549552342763993,0.881716915759208,25.571423074405224,0.3762447383467274,-31.366229925832958,1.0830633020736922,-0.09683663606783327,0.8832453248140808,-0.08852010536768787,-0.2079162062816552,-0.42408071273045933,0.44362610742614056,div,-0.24339345971779922,-0.2483781126774558,-3.8545335153496555e-07,0.35928813885378436,20547,0.0,68999.99999999994,229900.00000000012,625000.0000000002,0.5529873049843663,0.887040024857198,1.5805703172482173,20547,0.3352320109060898,0.25630097633242793,-0.08852010536768788,0.2639595531343178,0.1217538395851395
philadelphia,4,2021,0.006438196968259414,0.017012674753233748,0.37843531729398694,33136,20547,OK,0.792060131855489,0.792060131855489,0.7359039311096491,0.7359039311096491,0.7943359841376316,0.7943359841376316,0.7391334451091522,103454.36992261975,103454.36992261975,0.33531868807923404,58730.84748757782,58730.84748757782,0.24799255036052031,0.19402377914364166,-0.24186637492974386,-0.4355366192009716,-0.24038206916864913,0.3601257564390303,0.887633875933545,0.9548484303902822,0.8818999482859898,25.566316758740832,0.3771640699822029,-31.548701147165474,1.082717412838124,-0.09580774184822033,0.8838763847070716,-0.08814925441280133,-0.20704515079301042,-0.4222402984135196,0.4424528819013382,div,-0.24186637492974386,-0.24675550580191685,-3.839279421726207e-07,0.3601257564390303,20547,0.0,68999.99999999994,229900.00000000012,625000.0000000002,0.5521821975244953,0.887633875933545,1.5757960946577183,20547,0.33531868807923404,0.2563610742657062,-0.08814925441280136,0.2640960688903509,0.12145488236070932
philadelphia,4,2021,0.009343661812807113,0.024690247938853188,0.37843531729398694,33136,20547,OK,0.7890882137849514,0.7890882137849514,0.7352834372329157,0.7352834372329157,0.7913965930018447,0.7913965930018447,0.7385205389775523,104191.04233840051,104191.04233840051,0.33571237270655235,58820.956139204085,58820.956139204085,0.2483940145569696,0.19367124512571846,-0.24201620200384633,-0.4359228113165709,-0.24116374778481978,0.36097674010800906,0.887897239532615,0.9555561063319945,0.8823899500380702,25.606828334020047,0.3777753312526625,-31.69723330954807,1.0829181659319302,-0.09598247490008739,0.8836638809912765,-0.08844459175069963,-0.20773883974213758,-0.4228852579122505,0.4432469518874828,div,-0.24201620200384633,-0.24691464838066512,-3.850735616739301e-07,0.36097674010800906,20547,0.0,68999.99999999994,229900.00000000012,625000.0000000002,0.5520448407862745,0.887897239532615,1.5856532206483578,20547,0.33571237270655235,0.2565705277309973,-0.08844459175069963,0.26471656276708433,0.12172403112146453
philadelphia,4,2021,0.013560320770321632,0.03583259846698535,0.37843531729398694,33136,20547,OK,0.7924616846159335,0.7924616846159335,0.7356588183723326,0.7356588183723326,0.7947331419988468,0.7947331419988468,0.738891329747071,103354.43126436291,103354.43126436291,0.3354742599132954,58816.06496449504,58816.06496449504,0.2482661971103524,0.19372986140938733,-0.24147943710593325,-0.43606718944260703,-0.2399996320810058,0.3591153385973737,0.8865597978111803,0.9546142974693892,0.8819868650991055,25.593955208680878,0.3761980925108797,-32.05968736958249,1.0823452539308767,-0.09566849107635436,0.8846807167662544,-0.08809875589026184,-0.2069265397589902,-0.42188616740053975,0.4424298257039158,div,-0.24147943710593325,-0.24634456675031685,-3.822382570666747e-07,0.3591153385973737,20547,0.0,68999.99999999994,229900.00000000012,625000.0000000002,0.5523895957192749,0.8865597978111803,1.5868544579075659,20547,0.3354742599132954,0.25670199893570117,-0.08809875589026184,0.2643411816276674,0.12205935318458759
philadelphia,4,2021,0.019679896712654306,0.05200333006278588,0.37843531729398694,33136,20547,OK,0.793317781877583,0.793317781877583,0.7360337871126175,0.7360337871126175,0.7955798694800686,0.7955798694800686,0.739261713160504,103141.04203843328,103141.04203843328,0.3352362398652309,58763.935128398385,58763.935128398385,0.24819374782413317,0.1940363447398128,-0.2413988134472014,-0.43594100089055793,-0.24001310189952862,0.3592394499465379,0.8876503711721012,0.9547305136171272,0.8821022377637335,25.566094196129598,0.37628229855144457,-31.677006230410665,1.082335439979744,-0.0956338192088456,0.8847327335798804,-0.08800992758696807,-0.20671789965678333,-0.42172062403798427,0.4421692178551592,div,-0.2413988134472014,-0.24625895238613404,-3.822426963192173e-07,0.3592394499465379,20547,0.0,68999.99999999994,229900.00000000012,625000.0000000002,0.5531724879372356,0.8876503711721012,1.5790803235303197,20547,0.3352362398652309,0.25656608344090803,-0.08800992758696807,0.26396621288738253,0.12219176887174378
philadelphia,4,2021,0.028561148455159703,0.07547167811764253,0.37843531729398694,33136,20547,OK,0.792702896947061,0.792702896947061,0.7364828866165458,0.7364828866165458,0.7949717143185173,0.7949717143185173,0.7397053208252649,103294.35172839728,103294.35172839728,0.3349509410036165,58612.98442298581,58612.98442298581,0.24785383982343262,0.19303347117162292,-0.2390132466868231,-0.4325574189273167,-0.23894799016196624,0.36044284319423836,0.8889736861222868,0.9560653076206007,0.8839138750195614,25.538616232869256,0.3770156827369987,-31.01740009385871,1.0816272202984059,-0.09402534735968247,0.8862256618312137,-0.08746211154478822,-0.2054311882056711,-0.41893206275430217,0.44005209401386486,div,-0.2390132466868231,-0.24372731112154492,-3.79733069753535e-07,0.36044284319423836,20547,0.0,68999.99999999994,229900.00000000012,625000.0000000002,0.5523847548266195,0.8889736861222868,1.5803083769841477,20547,0.3349509410036165,0.2559087876685166,-0.08746211154478824,0.2635171133834542,0.12220915548541435
philadelphia,4,2021,0.04145038020210471,0.10953095101825298,0.37843531729398694,33136,20547,OK,0.793954468122388,0.793954468122388,0.7360493017734215,0.7360493017734215,0.796209587345716,0.796209587345716,0.7392770380993843,102982.05609746434,102982.05609746434,0.33522638793585013,58632.89792581231,58632.89792581231,0.2480201558052859,0.19380504195663012,-0.23828699852382837,-0.4315415469448654,-0.23791062020434361,0.3597228330201113,0.8879178615549815,0.9556364497830637,0.8838479409203129,25.578270490494937,0.3764314212581374,-31.441331558909525,1.081222691753969,-0.09309512730226796,0.8870118354624276,-0.08704182314224776,-0.20444401393788847,-0.41673708478937727,0.43853228593047217,div,-0.23828699852382837,-0.24295720222612263,-3.778230017166479e-07,0.3597228330201113,20547,0.0,68999.99999999994,229900.00000000012,625000.0000000002,0.5525009864102991,0.8879178615549815,1.5810573485465402,20547,0.33522638793585013,0.2562261030447227,-0.08704182314224777,0.26395069822657846,0.1223630262637309
philadelphia,4,2021,0.060156335155656014,0.15896067942549783,0.37843531729398694,33136,20547,OK,0.7937838756529794,0.7937838756529794,0.7357349874760135,0.7357349874760135,0.7960408619702142,0.7960408619702142,0.7389665674124776,103024.6785419128,103024.6785419128,0.3354259234896403,58668.97936908009,58668.97936908009,0.2478102937164209,0.1935358454410305,-0.23439272723568097,-0.4265146796407021,-0.2350723131198425,0.35962037339166164,0.8878291216032242,0.9546936132331236,0.8840984412719955,25.559057817798127,0.37669585288014584,-30.275579034434507,1.0798498998138255,-0.09059154437801305,0.8897541378528615,-0.08604780257715117,-0.20210925638193697,-0.4120779666210551,0.4339903403063915,div,-0.23439272723568097,-0.23883253488333284,-3.715424682806847e-07,0.35962037339166164,20547,0.0,68999.99999999994,229900.00000000012,625000.0000000002,0.5510232445379197,0.8878291216032242,1.577354995546432,20547,0.3354259234896403,0.25639004270307786,-0.08604780257715115,0.26426501252398643,0.12227529791622824
philadelphia,4,2021,0.0873040160721099,0.23069732681500205,0.37843531729398694,33136,20547,OK,0.7957371939785135,0.7957371939785135,0.7354664717773715,0.7354664717773715,0.7979728016923637,0.7979728016923637,0.7387013352735321,102535.58291590618,102535.58291590618,0.33559629083789805,58569.90155637004,58569.90155637004,0.24770772664746454,0.19307452568206654,-0.23077018497859467,-0.4235527974156702,-0.23288714207942693,0.3587688651935567,0.88833557731557,0.9548092515534331,0.8854697004591223,25.567278850947094,0.37575839925358573,-29.907803206062205,1.0783082143390765,-0.08834413031711014,0.8931155809899747,-0.08507888389238644,-0.19983345817434436,-0.4071774556155964,0.4306315846680584,div,-0.23077018497859467,-0.23500282250674281,-3.64934134266868e-07,0.3587688651935567,20547,0.0,68999.99999999994,229900.00000000012,625000.0000000002,0.5511268415431073,0.88833557731557,1.5812072616112056,20547,0.33559629083789805,0.25633034780202263,-0.08507888389238644,0.26453352822262854,0.1235240865098148
philadelphia,4,2021,0.12670305135106935,0.3348076819496217,0.37843531729398694,33136,20547,OK,0.7972648730546648,0.7972648730546648,0.7346292467231494,0.7346292467231494,0.7994837606852387,0.7994837606852387,0.7378743482741388,102151.43210569244,102151.43210569244,0.3361269374913209,58561.81461222275,58561.81461222275,0.24770681126422653,0.1931225737067855,-0.22396450657318848,-0.4154714314268725,-0.22902006815561685,0.3596740981159566,0.888158089480191,0.9546395846885342,0.8871751412984661,25.588534536922946,0.3767734511293454,-28.026874178625896,1.07604410927399,-0.08423081829050245,0.898012112831904,-0.08351947009112405,-0.19617070381774956,-0.3991305126599566,0.4242255339589988,div,-0.22396450657318848,-0.22782610333240047,-3.550654403410278e-07,0.3596740981159566,20547,0.0,68999.99999999994,229900.00000000012,625000.0000000002,0.5503752807770963,0.888158089480191,1.5693810413034515,20547,0.3361269374913209,0.2565493608748759,-0.08351947009112405,0.26537075327685056,0.12508475867147123
philadelphia,4,2021,0.18388229939401626,0.4859015292464566,0.37843531729398694,33136,20547,OK,0.7993270795300893,0.7993270795300893,0.7340387636192369,0.7340387636192369,0.801523396802438,0.801523396802438,0.7372910859268949,101630.56582169434,101630.56582169434,0.33650069192429133,58497.97942367783,58497.97942367783,0.24779546619069773,0.1932458546415643,-0.21762387795927138,-0.4068387437324868,-0.22457213456429323,0.36017233579762303,0.8906388291720829,0.955228999823286,0.889583723925237,25.58920362364815,0.3770625690602637,-26.378546160439587,1.0737932519812672,-0.0792557152831613,0.9025926757367838,-0.08155191673210006,-0.19154931042507606,-0.38907349940127955,0.41558375245085927,div,-0.21762387795927138,-0.22116049910023958,-3.454911598141239e-07,0.36017233579762303,20547,0.0,68999.99999999994,229900.00000000012,625000.0000000002,0.5477773979674281,0.8906388291720829,1.570312412985982,20547,0.33650069192429133,0.2566509755307502,-0.08155191673210005,0.265961236380763,0.12570209317737843
philadelphia,4,2021,0.26686571215039057,0.7051818367762867,0.37843531729398694,33136,20547,OK,0.7991871061507536,0.7991871061507536,0.7329830344985874,0.7329830344985874,0.8013849553983683,0.8013849553983683,0.7362482668506436,101666.00432011683,101666.00432011683,0.33716789767757455,58474.45387649177,58474.45387649177,0.24757015741032412,0.19304846399401923,-0.20673587491630555,-0.3938446313552594,-0.2174011054326538,0.36017503595467,0.8904480080057061,0.9549172352690463,0.8925558096036486,25.628632094483493,0.37718850140505567,-24.854829610793388,1.0698683768503956,-0.07219388435015023,0.9111685539928452,-0.07864282154185766,-0.18471642163495272,-0.3745304485171104,0.4043944985626376,div,-0.20673587491630555,-0.20975906625371843,-3.2820825239978585e-07,0.36017503595467,20547,0.0,68999.99999999994,229900.00000000012,625000.0000000002,0.546310371953308,0.8904480080057061,1.5659059659805252,20547,0.33716789767757455,0.2568216297353382,-0.07864282154185766,0.2670169655014127,0.12823661124465566
philadelphia,4,2021,0.38729833462074176,1.0234201643496967,0.37843531729398694,33136,20547,OK,0.8025895997915871,0.8025895997915871,0.7321726005879385,0.7321726005879385,0.8047502095574872,0.8047502095574872,0.7354477433777802,100801.03059514327,100801.03059514327,0.33767918592409063,58352.165574379535,58352.165574379535,0.2473909143007893,0.19253151463901652,-0.1946776161414418,-0.3782590593133095,-0.20863737361003906,0.35989810409874773,0.8929153212796108,0.9555384821482241,0.8968595557832426,25.610698741170584,0.3766534462669689,-22.06456945523445,1.0654271072729289,-0.06352325298860345,0.9200928520433048,-0.0749588081358618,-0.17606340333946144,-0.35620865402960317,0.38940310180120247,div,-0.1946776161414418,-0.19719448829481545,-3.08827254499931e-07,0.35989810409874773,20547,0.0,68999.99999999994,229900.00000000012,625000.0000000002,0.5441192663603304,0.8929153212796108,1.564648345129463,20547,0.33767918592409063,0.25680523374183495,-0.0749588081358618,0.2678273994120615,0.1284465520815789
philadelphia,4,2021,0.5620804515923291,1.4852748300858973,0.37843531729398694,33136,20547,OK,0.8043632935327143,0.8043632935327143,0.7292785903058223,0.7292785903058223,0.8065044906434821,0.8065044906434821,0.7325891226671941,100347.17008465044,100347.17008465044,0.33949868104209674,58515.40925742458,58515.40925742458,0.24790745390955524,0.19254938785686643,-0.174367038222265,-0.3549819615500908,-0.19747659270335277,0.3629828701156395,0.894922822524047,0.9556869437739252,0.9026794706710558,25.721959973464077,0.37982281310042704,-18.828318938422985,1.0587223647209605,-0.05160125522627139,0.9346438303120982,-0.07019117423278406,-0.16486517498274778,-0.33171837510793795,0.3714409382010317,div,-0.174367038222265,-0.176167135996659,-2.789783896950713e-07,0.3629828701156395,20547,0.0,68999.99999999994,229900.00000000012,625000.0000000002,0.5408751125771457,0.894922822524047,1.5585247382673297,20547,0.33949868104209674,0.2576998429719051,-0.07019117423278408,0.27072140969417763,0.13252481673366825
philadelphia,4,2021,0.8157392010776716,2.155557802878017,0.37843531729398694,33136,20547,OK,0.8039483086831786,0.8039483086831786,0.7256823119193945,0.7256823119193945,0.8060940477041885,0.8060940477041885,0.7290368215782848,100453.5419827453,100453.5419827453,0.3417462013782347,58922.679878059535,58922.679878059535,0.24880159059047124,0.19405897958992668,-0.1518697775521601,-0.3273671285873504,-0.1826346870560659,0.36401978234274335,0.8969094094201364,0.9558011776141819,0.9095009716365016,25.857432404703083,0.38086230631871215,-14.44049026020488,1.0509072638970034,-0.03724076917257921,0.9513149921769578,-0.0641210586596878,-0.15060767498986977,-0.3009715082677156,0.349197964406024,div,-0.1518697775521601,-0.15305380316875358,-2.4367803538071726e-07,0.36401978234274335,20547,0.0,68999.99999999994,229900.00000000012,625000.0000000002,0.5362772329173282,0.8969094094201364,1.5505667043431717,20547,0.3417462013782347,0.2592338452470775,-0.0641210586596878,0.2743176880806056,0.13603057342292083
philadelphia,4,2021,1.1838704624751253,3.1283297524671494,0.37843531729398694,33136,20547,OK,0.8015347941872546,0.8015347941872546,0.7204530347473548,0.7204530347473548,0.8037069485490191,0.8037069485490191,0.7238714909235306,101069.9724547375,101069.9724547375,0.3449881525399348,59650.55006490333,59650.55006490333,0.25023976608414267,0.19639815363117577,-0.12295761078947101,-0.292758166393425,-0.1637463388803783,0.36495504383443284,0.8982722104732997,0.9560880966827724,0.9185059687582093,26.087010941260775,0.3817262513843107,-9.23564239881489,1.040916585414652,-0.01957865810587544,0.9721510920008881,-0.05645410765334703,-0.1325995246339217,-0.26238395129656344,0.3220942421100721,div,-0.12295761078947101,-0.1235829410426961,-1.9779478092384698e-07,0.36495504383443284,20547,0.0,68999.99999999994,229900.00000000012,625000.0000000002,0.5306678065539379,0.8982722104732997,1.5455526905186145,20547,0.3449881525399348,0.26145282199301223,-0.05645410765334703,0.2795469652526453,0.13785239578304387
philadelphia,4,2021,1.7181340188990342,4.540099563604694,0.37843531729398694,33136,20547,OK,0.7913261171140286,0.7913261171140286,0.712428347018337,0.712428347018337,0.7936100030125209,0.7936100030125209,0.7159449335509072,103636.80280102747,103636.80280102747,0.3499047409273609,60748.394252297556,60748.394252297556,0.25252046762822794,0.19819042155367814,-0.08738719814639577,-0.24937188932853788,-0.14111416185441628,0.3692324779868406,0.9006191641850744,0.9559634132773636,0.9289403678982201,26.39293574786958,0.3862506224157867,-2.481316647671186,1.029090183087085,0.0015199472993204638,0.9974258439827135,-0.04719808507983735,-0.11085895969957424,-0.21628969690931535,0.29347002178710463,div,-0.08738719814639577,-0.0876106677271654,-1.422223177833793e-07,0.3692324779868406,20547,0.0,68999.99999999994,229900.00000000012,625000.0000000002,0.5216680219801394,0.9006191641850744,1.5366367176484486,20547,0.3499047409273609,0.26479283181200003,-0.047198085079837346,0.28757165298166304,0.14147838965616974
philadelphia,4,2021,2.4935029637671793,6.588980599371768,0.37843531729398694,33136,20547,OK,0.7766814721134391,0.7766814721134391,0.7028417758588139,0.7028417758588139,0.7791256401600504,0.7791256401600504,0.7064755923293267,107211.73792319819,107211.73792319819,0.35568919055255344,62585.72846445984,62585.72846445984,0.2562587926197896,0.20275425759752158,-0.0524765279176802,-0.2056586971414361,-0.11787831506494917,0.3739931340268087,0.9023726465142424,0.9570126788989746,0.9405759533991911,26.873733998210387,0.3908017558425041,4.7572700023268855,1.017475170867788,0.02269755132798225,1.0223589582885184,-0.037821995951906044,-0.08883638219426383,-0.1703409638307484,0.2688192266137093,div,-0.0524765279176802,-0.05252477737300261,-8.650650452419564e-08,0.3739931340268087,20547,0.0,68999.99999999994,229900.00000000012,625000.0000000002,0.514764977393307,0.9023726465142424,1.540427781163531,20547,0.35568919055255344,0.26941437284176967,-0.03782199595190605,0.2971582241411862,0.1437311823126574
philadelphia,4,2021,3.618784659359615,9.56249190809104,0.37843531729398694,33136,20547,OK,0.7494644820221211,0.7494644820221211,0.6924638718293443,0.6924638718293443,0.7522065335365113,0.7522065335365113,0.696224595097408,113557.18281089725,113557.18281089725,0.3618469040389059,64774.668924923055,64774.668924923055,0.2604659047656202,0.20694120071662736,-0.014535996026638347,-0.1609817024943882,-0.09380655204268629,0.38021867777391377,0.9033413108426523,0.9572289441802956,0.9526001824736936,27.355709380103626,0.39721733534780834,12.349422096112363,1.0048590812722522,0.04389982827036712,1.049498399308667,-0.028269848181106946,-0.06640027778502443,-0.12514201548676526,0.2505876381006301,div,-0.014535996026638347,-0.014537019951753079,-2.4361177992467974e-08,0.38021867777391377,20547,0.0,68999.99999999994,229900.00000000012,625000.0000000002,0.5056705490979079,0.9033413108426523,1.5425149361571218,20547,0.3618469040389059,0.27449139539608697,-0.02826984818110695,0.3075361281706558,0.14615609931262663
philadelphia,4,2021,5.2518896512686215,13.87790571139717,0.37843531729398694,33136,20547,OK,0.7165474825648376,0.7165474825648376,0.6822930318960605,0.6822930318960605,0.7196498027905847,0.7196498027905847,0.6861781298664409,120786.97840467772,120786.97840467772,0.36778173735077974,67121.6548148633,67121.6548148633,0.2652656306780988,0.2115761776424135,0.015418927698359952,-0.12406418984077909,-0.07371887063059089,0.38771180033216956,0.9041947416007038,0.9594720711731684,0.9644787504513014,27.910006576904923,0.4040985111291106,18.358652806982164,0.9948089273342826,0.06204199525403743,1.071040482352564,-0.020259555161431,-0.04758568499915336,-0.08808954379101716,0.23906365024047332,div,0.015418927698359952,0.015420149788436657,2.635015859033324e-08,0.38771180033216956,20547,0.0,68999.99999999994,229900.00000000012,625000.0000000002,0.50118318885061,0.9041947416007038,1.554698756904247,20547,0.36778173735077974,0.2794088068562705,-0.020259555161431,0.3177069681039395,0.14606861896751036
philadelphia,4,2021,7.621991222319222,20.140803128049726,0.37843531729398694,33136,20547,OK,0.6917823177768334,0.6917823177768334,0.6727975498434479,0.6727975498434479,0.6951556868269515,0.6951556868269515,0.6767987638633772,125953.0628968279,125953.0628968279,0.3732373210038393,69058.71626520428,69058.71626520428,0.2692077066046466,0.21628298461534812,0.042806298631948965,-0.09150910186436867,-0.05508410786648391,0.3927704598075198,0.9052362480880124,0.9613451471076648,0.975426133367323,28.423189072696026,0.40857336118284476,22.303678039656248,0.9855642720878839,0.07759977348222999,1.0907209185452014,-0.012953874390442604,-0.03042608691802401,-0.05542541204232997,0.2334849119506405,div,0.042806298631948965,0.04283247320547815,7.410824629225921e-08,0.3927704598075198,20547,0.0,68999.99999999994,229900.00000000012,625000.0000000002,0.49183230274560835,0.9052362480880124,1.5617736882498106,20547,0.3732373210038393,0.2837359411774491,-0.012953874390442606,0.32720245015655214,0.1465687183582126
philadelphia,4,2021,11.061685231539125,29.230055245995633,0.37843531729398694,33136,20547,OK,0.6462935665111591,0.6462935665111591,0.6630314513758264,0.6630314513758264,0.6501647990989603,0.6501647990989603,0.6671520906937325,134927.7994572368,134927.7994572368,0.37876642394032345,71111.62784020798,71111.62784020798,0.27297981355432827,0.21874071499346062,0.06496283074697753,-0.06540066581617757,-0.03991481808062178,0.3982252324947518,0.9057358649685521,0.9623070949383374,0.9839731726269425,28.83889033728192,0.41383351067062263,26.76093998119268,0.9779810280490041,0.09045940326386806,1.1070690956869058,-0.007204027236867106,-0.016920834050270707,-0.030356931470624616,0.2317801485384495,div,0.06496283074697753,0.06505444755854027,1.1402859089029611e-07,0.3982252324947518,20547,0.0,68999.99999999994,229900.00000000012,625000.0000000002,0.48726450763759765,0.9057358649685521,1.5695943726704644,20547,0.37876642394032345,0.28787857812315615,-0.007204027236867108,0.3369685486241736,0.14635804053074736
philadelphia,4,2021,16.05366322167172,42.42115491879542,0.37843531729398694,33136,20547,OK,0.6249188780708863,0.6249188780708863,0.6538428323176424,0.6538428323176424,0.6290240515277521,0.6290240515277521,0.6580758351932839,138944.88418153187,138944.88418153187,0.38389588272072356,73112.6919068362,73112.6919068362,0.27733914791916203,0.2231872767619674,0.08173288885479398,-0.045108699829667365,-0.027830303707806106,0.4025635285596505,0.904444490758848,0.9636501738346801,0.991206280432546,29.351168483216828,0.4177587842675542,30.698698149139798,0.97219942292351,0.10105585478389251,1.1194091224271585,-0.0025906321752951927,-0.006084882202989151,-0.010761921138767009,0.22963228502170835,div,0.08173288885479398,0.08191562095742451,1.450278195683753e-07,0.4025635285596505,20547,0.0,68999.99999999994,229900.00000000012,625000.0000000002,0.482569678939481,0.904444490758848,1.5898808507488709,20547,0.38389588272072356,0.2925353200409561,-0.002590632175295195,0.3461571676823577,0.14415794919096145
philadelphia,4,2021,23.298448422672752,61.56520641167692,0.37843531729398694,33136,20547,OK,0.6009831323663763,0.6009831323663763,0.6484680079996927,0.6484680079996927,0.6053502768534851,0.6053502768534851,0.6527667372242825,143309.69951812585,143309.69951812585,0.386864801384325,74270.72316045829,74270.72316045829,0.27958340264341686,0.22483168029559497,0.09285260288311445,-0.0320954856851128,-0.02007683271134546,0.4081577415685801,0.9067753503500882,0.9647602865738422,0.9965004165894932,29.579849332931524,0.4230767786637775,32.535307577233176,0.9681484026627093,0.1077371616755478,1.1285339214280725,0.000514325961480213,0.0012080498804079064,0.0021189313219009574,0.23144713378274737,div,0.09285260288311445,0.09312083800867915,1.6704833945383804e-07,0.4081577415685801,20547,0.0,68999.99999999994,229900.00000000012,625000.0000000002,0.4798513891264256,0.9067753503500882,1.601605817339461,20547,0.386864801384325,0.2947463344630694,0.0005143259614802111,0.35153199200030727,0.14573238768397995
philadelphia,4,2021,33.81270003043063,89.34869047690728,0.37843531729398694,33136,20547,OK,0.5659682555935086,0.5659682555935086,0.6426455955697699,0.6426455955697699,0.5707186295590407,0.5707186295590407,0.6470155245003313,149465.41250271644,149465.41250271644,0.39005545823201065,75700.00635178153,75700.00635178153,0.28268397264288025,0.22458905790808423,0.10317784761251314,-0.019534111360282404,-0.012343893989282838,0.41232086665967743,0.9075325305694383,0.9668011859340904,1.002430573597036,29.904541650105575,0.42648985812961115,34.84501422306645,0.9644570022090445,0.11466675884330939,1.136360842674929,0.0034298109895117596,0.008055947134725393,0.013997040535925799,0.2305823646768601,div,0.10317784761251314,0.10354633655683501,1.875175067624893e-07,0.41232086665967743,20547,0.0,68999.99999999994,229900.00000000012,625000.0000000002,0.47738254153257753,0.9075325305694383,1.61607643473975,20547,0.39005545823201065,0.2975242234437047,0.003429810989511756,0.3573544044302302,0.1436402574943329
philadelphia,4,2021,49.071880779635485,129.67045763731946,0.37843531729398694,33136,20547,OK,0.5651554696148566,0.5651554696148566,0.6344037321708487,0.6344037321708487,0.5699147393291498,0.5699147393291498,0.6388744472030006,149605.29463416376,149605.29463416376,0.39452785090452264,76888.19098008574,76888.19098008574,0.2862488708805219,0.22894843584318886,0.10612091085888335,-0.012199390768322264,-0.00787998960980671,0.42146769498364917,0.9065739354127467,0.96753586297111,1.0049944888363478,30.291196035505457,0.43561997820882137,37.68338213506665,0.9627275310647624,0.12063483559417432,1.1406530254338494,0.005318466735044037,0.012492025649905984,0.021454609846014727,0.23083143378897214,div,0.10612091085888335,0.10652198989156761,1.971447894487252e-07,0.42146769498364917,20547,0.0,68999.99999999994,229900.00000000012,625000.0000000002,0.473979686013674,0.9065739354127467,1.6232593930612402,20547,0.39452785090452264,0.3011789802241867,0.005318466735044035,0.36559626782915133,0.1430035296069325
philadelphia,4,2021,71.21730832153513,188.18885306682427,0.37843531729398694,33136,20547,OK,0.5369978398715085,0.5369978398715085,0.6249676599379538,0.6249676599379538,0.5420652881303154,0.5420652881303154,0.6295537645232501,154373.043520029,154373.043520029,0.3995868152638033,78859.70060369144,78859.70060369144,0.2916988340694091,0.2328387648970537,0.10918947218693975,-0.005203327386489273,-0.0034859266764564953,0.43713329430005793,0.9041366976134494,0.9700397172793528,1.0100140509352125,30.944315541716342,0.4506453955451282,40.413616344586096,0.9604220024277427,0.12930713194018612,1.1456027437230456,0.007262847721707915,0.017058991726529107,0.028897212399379407,0.2301778348276461,div,0.10918947218693975,0.10962653432307012,2.1038496233923459e-07,0.43713329430005793,20547,0.0,68999.99999999994,229900.00000000012,625000.0000000002,0.470684513786145,0.9041366976134494,1.6400476105827075,20547,0.3995868152638033,0.30576061152907724,0.007262847721707911,0.3750323400620463,0.1407974065579469
philadelphia,4,2021,103.35664588322452,273.1157509882516,0.37843531729398694,33136,20547,OK,0.4834724880172654,0.4834724880172654,0.6078338196856135,0.6078338196856135,0.4891257584912009,0.4891257584912009,0.612629446423938,163052.20907891062,163052.20907891062,0.40861269845079196,81734.48436647982,81734.48436647982,0.29956662738574497,0.23747653459597,0.10656387576981728,-0.0014225131564902425,-0.0010213910312921255,0.4685031748320446,0.9045263925597598,0.9749241477844719,1.0167369357805045,31.855957806410178,0.48056515687017354,42.137447792927304,0.9588755099528918,0.1406783439567943,1.1496695884474024,0.008160538571531262,0.019167489848325916,0.03168588040708716,0.226794713679958,div,0.10656387576981728,0.10697002146690678,2.200607495693495e-07,0.4685031748320446,20547,0.0,68999.99999999994,229900.00000000012,625000.0000000002,0.46358095482092515,0.9045263925597598,1.6546346968653014,20547,0.40861269845079196,0.3120525445597336,0.008160538571531262,0.3921661803143865,0.13655442461116946
philadelphia,4,2021,150.0,396.36892526992324,0.37843531729398694,33136,20547,OK,0.23147679553686773,0.23147679553686773,0.5623695427028423,0.5623695427028423,0.239888098787005,0.239888098787005,0.5677211319725672,198887.94038285495,198887.94038285495,0.431648821697514,89088.74945286989,89088.74945286989,0.31779307125078354,0.24876171288167298,0.11889964398064712,0.010533888992122594,0.007942647063738213,0.49198664891304655,0.9062100790379681,0.9844654415154467,1.0334569094300952,33.90160361652704,0.4997622068059124,48.13037254503595,0.9525945712224566,0.16295281208436418,1.1616337281993327,0.009687158410255046,0.02275321767799052,0.035479082962716166,0.21229580646641152,div,0.11889964398064712,0.11946474484586334,2.578421499380315e-07,0.49198664891304655,20547,0.0,68999.99999999994,229900.00000000012,625000.0000000002,0.4481115984968386,0.9062100790379681,1.728653659232906,20547,0.431648821697514,0.3285015298123961,0.009687158410255045,0.43763045729715766,0.11847828052463676
philadelphia,5,2022,0.0,0.0,0.39778968328143444,53683,3715,OK,0.6901443027050632,0.6901443027050632,0.646638585510991,0.646638585510991,0.7312990187460797,0.7312990187460797,0.7623339430935174,117190.8509780128,117190.8509780128,0.303781406037689,68689.31547197592,68689.31547197592,0.22838432905923184,0.16633726075216157,-0.3503874100742095,-0.5633772553393537,-0.4119003340041143,0.3736323401204068,0.8898283484273137,0.9676670569701821,0.8862563237184964,22.68985197044579,0.3861686047631421,-39.94441168088394,1.0918591281922907,-0.20402735129294297,0.7402606513563424,-0.08708231328248502,-0.3334469168845724,-0.5821782315164049,0.5492685180935202,div,-0.3503874100742095,-0.36588531549331194,-6.218404772220632e-07,0.3736323401204068,3715,0.0,109999.99999999991,308999.99999999977,641499.9999999984,0.6295849204060529,0.8898283484273137,1.5649458000775425,3715,0.303781406037689,0.2252910075255889,-0.08708231328248496,0.35336141448900904,0.05990278994234505
philadelphia,5,2022,0.001,0.0025138912395887966,0.39778968328143444,53683,3715,OK,0.6922255097747207,0.6922255097747207,0.6473310399514505,0.6473310399514505,0.7331038020264636,0.7331038020264636,0.7627996784842629,116796.6201168417,116796.6201168417,0.3034836118673026,68601.85442182771,68601.85442182771,0.22851801692101278,0.16427371280873174,-0.34989112108692255,-0.5632814663768007,-0.41269506762911584,0.37441689898721203,0.8901695492702479,0.9692825333747902,0.8878164049810878,22.755964820480745,0.3863345194544546,-38.228765527621235,1.0917601070859213,-0.2038921503048944,0.7405922442798214,-0.0870906899458222,-0.3334789919691479,-0.5819769815997282,0.5495365090254392,div,-0.34989112108692255,-0.3653196811255228,-6.222636025296428e-07,0.37441689898721203,3715,0.0,109999.99999999991,308999.99999999977,641499.9999999984,0.626623964855076,0.8901695492702479,1.5701042963334169,3715,0.3034836118673026,0.22496203113423555,-0.08709068994582217,0.3526689600485495,0.0602207843909473
philadelphia,5,2022,0.001451285485497223,0.0036483738681338425,0.39778968328143444,53683,3715,OK,0.6931049744628146,0.6931049744628146,0.6472673807071418,0.6472673807071418,0.7338664571163394,0.7338664571163394,0.7627568621467679,116629.62773958409,116629.62773958409,0.3035110011017269,68580.74816870208,68580.74816870208,0.2284950833312571,0.1653883123368363,-0.3473666695484034,-0.5605964876547067,-0.4104020260827658,0.3741198480277793,0.88877619593341,0.9686256179287895,0.8878114310690618,22.745094265662154,0.3862898150470013,-36.007126698277204,1.0910262968369477,-0.20192843832446108,0.742981315831907,-0.0866808107135282,-0.33190952325441475,-0.5795009718513426,0.5482010181782886,div,-0.3473666695484034,-0.3624459475881295,-6.172838705162469e-07,0.3741198480277793,3715,0.0,109999.99999999991,308999.99999999977,641499.9999999984,0.6256634420393304,0.88877619593341,1.5814796681284655,3715,0.3035110011017269,0.225175711189167,-0.08668081071352815,0.3527326192928581,0.060313532339568716
philadelphia,5,2022,0.00210622956041491,0.005294832040490004,0.39778968328143444,53683,3715,OK,0.689468532596355,0.689468532596355,0.6443203095210368,0.6443203095210368,0.7307130037303897,0.7307130037303897,0.7607747023536926,117318.57324172457,117318.57324172457,0.3047762767335244,68945.76787546558,68945.76787546558,0.22934166299811762,0.16599698893762832,-0.350572303719518,-0.5633521075538035,-0.413991550627875,0.375546033724973,0.8898963364951652,0.9683373395746092,0.8864664525831824,22.80924192677071,0.38787783258474345,-38.72476173054696,1.0923564414116895,-0.20473409568805404,0.7383964117729014,-0.08754129794785316,-0.3352044152306239,-0.5830024255202645,0.5506261741070825,div,-0.350572303719518,-0.36609610124565306,-6.253552744691493e-07,0.375546033724973,3715,0.0,109999.99999999991,308999.99999999977,641499.9999999984,0.6251516752243772,0.8898963364951652,1.572610229425119,3715,0.3047762767335244,0.22611007083933873,-0.08754129794785313,0.3556796904789632,0.05920818577186231
philadelphia,5,2022,0.003056740390155355,0.007684312888508787,0.39778968328143444,53683,3715,OK,0.6903601971903943,0.6903601971903943,0.6476667338512383,0.6476667338512383,0.7314862383472109,0.7314862383472109,0.7630254616122977,117150.01702311178,117150.01702311178,0.3033391394813603,68702.8977222268,68702.8977222268,0.22856878739206568,0.16446374833370672,-0.35247553921791097,-0.5652201192336199,-0.4139142579803279,0.37423499809587674,0.8901486295821179,0.9698374646115138,0.8878094694928843,22.767469434923637,0.3859258793623151,-39.71358559848754,1.0923936924951745,-0.20546570220051763,0.7375402381957991,-0.08746320081673169,-0.3349053734779604,-0.5844550563631921,0.5519268931119725,div,-0.35247553921791097,-0.36826767741066196,-6.265553151627132e-07,0.37423499809587674,3715,0.0,109999.99999999991,308999.99999999977,641499.9999999984,0.6271697149653326,0.8901486295821179,1.5747907542996389,3715,0.3033391394813603,0.22489626039426236,-0.08746320081673166,0.35233326614876165,0.05815025289420081
philadelphia,5,2022,0.004436202961165585,0.011152131761112042,0.39778968328143444,53683,3715,OK,0.6910163194118737,0.6910163194118737,0.6472602957965321,0.6472602957965321,0.7320552150879103,0.7320552150879103,0.762752096932743,117025.83161360356,117025.83161360356,0.3035140492143716,68742.67632021627,68742.67632021627,0.2287735205554448,0.16550086547728288,-0.3490747337714544,-0.5601267130667631,-0.41229338246206815,0.3761592142276611,0.8902845719930235,0.9689954233510117,0.8873411659532419,22.72528323490532,0.38824729453423656,-36.97512564537529,1.0920212659243091,-0.20262190804310512,0.739194976877472,-0.08697029488670947,-0.33301798720530973,-0.5812938552479019,0.5488136735300729,div,-0.3490747337714544,-0.3643897084302004,-6.237005903197775e-07,0.3761592142276611,3715,0.0,109999.99999999991,308999.99999999977,641499.9999999984,0.628184285594957,0.8902845719930235,1.574479802232971,3715,0.3035140492143716,0.22522213038986572,-0.08697029488670946,0.35273970420346784,0.05904720562847061
philadelphia,5,2022,0.006438196968259414,0.01618492695725449,0.39778968328143444,53683,3715,OK,0.6887386679628988,0.6887386679628988,0.6454657443225054,0.6454657443225054,0.7300800789692692,0.7300800789692692,0.7615451061429749,117456.3635010589,117456.3635010589,0.3042851285469258,68862.75026187781,68862.75026187781,0.22919785401703263,0.16728186566763778,-0.3508519918795862,-0.5635662981864047,-0.41358865629075015,0.3750379621533829,0.8896312311251511,0.9685007716685193,0.8866754181895362,22.802624032021434,0.38728771260799416,-37.75089034456162,1.0922833223977932,-0.20447769457695641,0.7387636061601521,-0.08734581836678906,-0.3344559042969712,-0.5825674177150818,0.5500738663552102,div,-0.3508519918795862,-0.36641501555327466,-6.250074753525376e-07,0.3750379621533829,3715,0.0,109999.99999999991,308999.99999999977,641499.9999999984,0.6274997210006595,0.8896312311251511,1.5803750287745926,3715,0.3042851285469258,0.22583491724749438,-0.08734581836678904,0.35453425567749464,0.05991541167736837
philadelphia,5,2022,0.009343661812807113,0.023488949576896175,0.39778968328143444,53683,3715,OK,0.6925489975176553,0.6925489975176553,0.6466394330094232,0.6466394330094232,0.7333843244590312,0.7333843244590312,0.7623345131093776,116735.2241771977,116735.2241771977,0.3037810417443491,68529.35302815118,68529.35302815118,0.22824793900705673,0.16505318573661934,-0.3497667202313464,-0.5622669476027792,-0.4129821116706544,0.3753533631674898,0.8935624713706956,0.9699382732834286,0.888297424807339,22.68686918337957,0.38703895116965276,-37.363132753045576,1.0919071092588122,-0.20293219515438887,0.7395091814253115,-0.0870984667490039,-0.33350877012898783,-0.5811126445447916,0.5490703956272185,div,-0.3497667202313464,-0.3651779331085433,-6.235981688094513e-07,0.3753533631674898,3715,0.0,109999.99999999991,308999.99999999977,641499.9999999984,0.6277157561446927,0.8935624713706956,1.576882614626624,3715,0.3037810417443491,0.22462193094233215,-0.08709846674900389,0.3533605669905768,0.0591682557420619
philadelphia,5,2022,0.013560320770321632,0.034089171590525554,0.39778968328143444,53683,3715,OK,0.6894358198515602,0.6894358198515602,0.6461839533898706,0.6461839533898706,0.7306846358588204,0.7306846358588204,0.7620281637437093,117324.75250515087,117324.75250515087,0.30397676464993023,68588.69452334597,68588.69452334597,0.22834587587757338,0.16460810407963747,-0.3504763526569862,-0.5626820924763347,-0.41372987578454745,0.3757555591409654,0.890763692074218,0.969610936265312,0.8877167921290259,22.76649155575914,0.38758447130783347,-36.411260034749326,1.0922525571921176,-0.20439077270635905,0.7388753792766198,-0.08737385555157359,-0.3345632614912409,-0.5827388935740391,0.5500858481938433,div,-0.3504763526569862,-0.36598670951601897,-6.255329197682447e-07,0.3757555591409654,3715,0.0,109999.99999999991,308999.99999999977,641499.9999999984,0.6301187248848131,0.890763692074218,1.5807303579216834,3715,0.30397676464993023,0.2248516515428174,-0.08737385555157356,0.35381604661012944,0.058255600732001006
philadelphia,5,2022,0.019679896712654306,0.04947311994195402,0.39778968328143444,53683,3715,OK,0.6940500402180283,0.6940500402180283,0.6482371310458548,0.6482371310458548,0.7346860002068565,0.7346860002068565,0.7634091029680213,116449.91212829242,116449.91212829242,0.30309350006095537,68464.75527318747,68464.75527318747,0.22833584109007785,0.16507235484852997,-0.34984677911374573,-0.5630240607969255,-0.41349970095125826,0.3753184123544099,0.8923195046748739,0.9708782643653421,0.8892263326146885,22.765271408901913,0.38662822132315067,-37.09385869652444,1.0918235647729455,-0.20396199934579007,0.7406788594715515,-0.08707806362613259,-0.3334306445239159,-0.581811273097492,0.549308186777457,div,-0.34984677911374573,-0.36526915424349715,-6.236828263044601e-07,0.3753184123544099,3715,0.0,109999.99999999991,308999.99999999977,641499.9999999984,0.6309594641963043,0.8923195046748739,1.5738330006724965,3715,0.30309350006095537,0.22450085907219927,-0.08707806362613256,0.3517628689541452,0.060289323213600345
philadelphia,5,2022,0.028561148455159703,0.07179962089402107,0.39778968328143444,53683,3715,OK,0.6873706324619044,0.6873706324619044,0.64775464646156,0.64775464646156,0.7288937445409642,0.7288937445409642,0.7630845904322275,117714.19877968234,117714.19877968234,0.3033012932121988,68572.49248009494,68572.49248009494,0.22850169414910498,0.16363809008286903,-0.3512963803983449,-0.5628423551601465,-0.4152982451973243,0.37707257778871,0.8915786039498376,0.971266056465775,0.8888925907701493,22.801596018366183,0.3882801581879385,-36.15790171825475,1.0926697629735627,-0.20499291397179745,0.7377775198867357,-0.08753428806703563,-0.33517757369348244,-0.5843098821584498,0.5509421088944175,div,-0.3512963803983449,-0.36692187622625616,-6.291941267774114e-07,0.37707257778871,3715,0.0,109999.99999999991,308999.99999999977,641499.9999999984,0.6296428452269973,0.8915786039498376,1.5782820229844423,3715,0.3033012932121988,0.22441971529342236,-0.08753428806703559,0.3522453535384401,0.059684094035918636
philadelphia,5,2022,0.04145038020210471,0.10420174766769592,0.39778968328143444,53683,3715,OK,0.6914332534785541,0.6914332534785541,0.6471200898514682,0.6471200898514682,0.732416772399308,0.732416772399308,0.7626577963307195,116946.84924377917,116946.84924377917,0.3035743631595222,68450.85707640488,68450.85707640488,0.22827986219021926,0.1648092701758475,-0.3476941991421355,-0.5593028450012417,-0.4134556429851292,0.3777752666386441,0.8936614593526363,0.9709280847377081,0.8892473417976455,22.742700988702452,0.38913914164172947,-38.58823666314839,1.0918537948901168,-0.2018020715224314,0.7401118198096569,-0.08701067406526243,-0.3331726031323251,-0.5804674376220599,0.5487940537061515,div,-0.3476941991421355,-0.36281846940448614,-6.239028951216274e-07,0.3777752666386441,3715,0.0,109999.99999999991,308999.99999999977,641499.9999999984,0.6287638099968412,0.8936614593526363,1.570088284146342,3715,0.3035743631595222,0.22433280451340068,-0.0870106740652624,0.3528799101485318,0.05898571034299579
philadelphia,5,2022,0.060156335155656014,0.1512264839535712,0.39778968328143444,53683,3715,OK,0.6979642413268654,0.6979642413268654,0.648464001855002,0.648464001855002,0.7380803211373784,0.7380803211373784,0.7635616931729117,115702.60751389974,115702.60751389974,0.30299574363965043,68170.55276310143,68170.55276310143,0.22787035299357417,0.16383232574110707,-0.344136538744016,-0.555495258351555,-0.40716203344893637,0.3745747893709139,0.8937557603131442,0.971407526836791,0.891247464958337,22.704910670149516,0.38565195660489143,-35.746181640892516,1.0899414192243466,-0.19591431943760237,0.7463400911856495,-0.08552002000553423,-0.3274647391399498,-0.571283929597156,0.541304568871355,div,-0.344136538744016,-0.35877723914971504,-6.122874606539185e-07,0.3745747893709139,3715,0.0,109999.99999999991,308999.99999999977,641499.9999999984,0.6310697546611628,0.8937557603131442,1.5811036432220744,3715,0.30299574363965043,0.22405616428228461,-0.0855200200055342,0.35153599814499803,0.06041596124690382
philadelphia,5,2022,0.0873040160721099,0.21947280118459658,0.39778968328143444,53683,3715,OK,0.6937911965373312,0.6937911965373312,0.6482408772321769,0.6482408772321769,0.7344615358784549,0.7344615358784549,0.763411622601731,116499.16193247757,116499.16193247757,0.3030918861217828,68174.26150193994,68174.26150193994,0.22786922818916858,0.16392001527610792,-0.34312820248736997,-0.5545808558154565,-0.409746788318215,0.3775741992961816,0.8950645373930516,0.9718574792038165,0.8912922886371683,22.721142019099393,0.38856008742204134,-36.97186988405887,1.0903914367865075,-0.1971081084826587,0.7457575501902097,-0.08601145987901836,-0.329346511734987,-0.5742198664098235,0.5423183898543248,div,-0.34312820248736997,-0.35763389273379714,-6.153819594594249e-07,0.3775741992961816,3715,0.0,109999.99999999991,308999.99999999977,641499.9999999984,0.6275879634829564,0.8950645373930516,1.5713493487900703,3715,0.3030918861217828,0.22383914485955156,-0.08601145987901831,0.35175912276782306,0.06078485722589473
philadelphia,5,2022,0.12670305135106935,0.3185176908206227,0.39778968328143444,53683,3715,OK,0.6932271124947202,0.6932271124947202,0.6489214668869687,0.6489214668869687,0.7339723729000669,0.7339723729000669,0.7638693778998289,116606.41730997838,116606.41730997838,0.3027985304352574,68038.09248077763,68038.09248077763,0.22757372753547234,0.16527626787237917,-0.34554556693027894,-0.555961186480181,-0.409468037094096,0.37638053827276674,0.8947164702456418,0.9722533438671387,0.8913770580934429,22.746846908472786,0.3871739889048319,-35.37820097731807,1.0907318457877762,-0.19732417810712635,0.7445820506496538,-0.08590993631269778,-0.3289577678109377,-0.5738864821311581,0.5407702025600815,div,-0.34554556693027894,-0.3603764369072013,-6.177582013170416e-07,0.37638053827276674,3715,0.0,109999.99999999991,308999.99999999977,641499.9999999984,0.6315302092585303,0.8947164702456418,1.5868986613744374,3715,0.3027985304352574,0.22343209125324592,-0.08590993631269775,0.3510785331130313,0.06025611847751685
philadelphia,5,2022,0.18388229939401626,0.46226010156206176,0.39778968328143444,53683,3715,OK,0.7025878677585294,0.7025878677585294,0.651828535549805,0.651828535549805,0.7420898422466744,0.7420898422466744,0.7658246325425911,114813.59225261286,114813.59225261286,0.3015422788614393,67504.76820682787,67504.76820682787,0.22672715119082695,0.1630583220358887,-0.3379229127325928,-0.5478441920652314,-0.4048312111501524,0.37763179372550304,0.8975239359263806,0.97438720441798,0.8950320931648209,22.64448360721081,0.38761041560401954,-36.60885060756227,1.0886617495162219,-0.1910570641908753,0.7509934233770305,-0.08454855203394639,-0.3237448907830593,-0.5660912807678161,0.5362759531153899,div,-0.3379229127325928,-0.35174581502260865,-6.0613899765671e-07,0.37763179372550304,3715,0.0,109999.99999999991,308999.99999999977,641499.9999999984,0.6311879762593705,0.8975239359263806,1.5762565791820717,3715,0.3015422788614393,0.2222024208395789,-0.08454855203394636,0.3481714644501951,0.060944829667743186
philadelphia,5,2022,0.26686571215039057,0.6708713759214923,0.39778968328143444,53683,3715,OK,0.7054137012434978,0.7054137012434978,0.650351204408528,0.650351204408528,0.7445403514253017,0.7445403514253017,0.7648309998122034,114266.8451462417,114266.8451462417,0.3021813407764161,67073.91838650254,67073.91838650254,0.2266887025558114,0.16129374672355518,-0.33175386359811726,-0.5405952010641374,-0.4006780631182725,0.3787695039353323,0.8995500805210702,0.9768317305299695,0.8986905968080703,22.728620871455913,0.38780526961666884,-32.108259095218784,1.0869499847883548,-0.18300914738404928,0.7585292765846816,-0.0830727977605045,-0.3180940795676732,-0.5539254099970222,0.5250823307313608,div,-0.33175386359811726,-0.3447977368000008,-5.968662600553715e-07,0.3787695039353323,3715,0.0,109999.99999999991,308999.99999999977,641499.9999999984,0.630910258065356,0.8995500805210702,1.5738759427850082,3715,0.3021813407764161,0.22176461153126734,-0.08307279776050448,0.34964879559147194,0.06323859915157615
philadelphia,5,2022,0.38729833462074176,0.973625890510413,0.39778968328143444,53683,3715,OK,0.7100899313699106,0.7100899313699106,0.6522477827653307,0.6522477827653307,0.7485954894605409,0.7485954894605409,0.7661066124886108,113356.28757632161,113356.28757632161,0.3013606746036317,66417.78369026548,66417.78369026548,0.22593357110693466,0.1581980740474507,-0.3209415626630976,-0.5265576260914976,-0.39448362190574493,0.38285532814978196,0.903641380939496,0.9807862170138387,0.9043763626716207,22.75871397449714,0.3904080830465302,-29.26665514881769,1.0844889998191631,-0.17184908403175925,0.768370246886365,-0.08100315581080843,-0.31016921283908194,-0.5399478544478437,0.511555254295723,div,-0.3209415626630976,-0.3326964393335344,-5.836422101952931e-07,0.38285532814978196,3715,0.0,109999.99999999991,308999.99999999977,641499.9999999984,0.6304514008378744,0.903641380939496,1.5855296410725555,3715,0.3013606746036317,0.22010657482393667,-0.0810031558108084,0.3477522172346693,0.06497561402761984
philadelphia,5,2022,0.5620804515923291,1.4130091232020707,0.39778968328143444,53683,3715,OK,0.7157746389761267,0.7157746389761267,0.6532507844155807,0.6532507844155807,0.7535251600306384,0.7535251600306384,0.7667812176874561,112239.41083471118,112239.41083471118,0.3009257621783561,65718.85227349766,65718.85227349766,0.22472127447090198,0.1574576502273954,-0.3100753256873861,-0.513065479118624,-0.3853173469167134,0.3837933028620165,0.9089276572704709,0.9839282704305582,0.9099245908519976,22.718997271768103,0.39011478720307496,-27.572199946341623,1.0813294643562366,-0.15976256166051658,0.778897815524929,-0.07852367070945669,-0.3006750155521426,-0.5229036867914457,0.4971517954388288,div,-0.3100753256873861,-0.320628745548812,-5.652630996830909e-07,0.3837933028620165,3715,0.0,109999.99999999991,308999.99999999977,641499.9999999984,0.6276458355378582,0.9089276572704709,1.5905709302053115,3715,0.3009257621783561,0.21856589594244147,-0.07852367070945666,0.3467492155844193,0.06591619415768092
philadelphia,5,2022,0.8157392010776716,2.0506796313783227,0.39778968328143444,53683,3715,OK,0.7165423980590802,0.7165423980590802,0.6536876093740183,0.6536876093740183,0.7541909461393245,0.7541909461393245,0.7670750201830691,112087.71589308835,112087.71589308835,0.3007361535165404,65168.15759921239,65168.15759921239,0.2245012351031034,0.15677820322288125,-0.2929837625855699,-0.4945659254541198,-0.37365822964605555,0.3861019422188863,0.9125277020609744,0.9888139945152462,0.9184688296582467,22.849295146013514,0.3905223025991338,-24.26434742765355,1.0765896049876555,-0.1430005222594607,0.7965102041988223,-0.07514691952127539,-0.2877450963717361,-0.49903635904029153,0.47631645233186887,div,-0.2929837625855699,-0.301827094240886,-5.373182274345367e-07,0.3861019422188863,3715,0.0,109999.99999999991,308999.99999999977,641499.9999999984,0.6256912956984316,0.9125277020609744,1.589715395577816,3715,0.3007361535165404,0.21751368664966542,-0.07514691952127535,0.34631239062598174,0.06938019200197217
philadelphia,5,2022,1.1838704624751253,2.9761215844241544,0.39778968328143444,53683,3715,OK,0.7281951956347307,0.7281951956347307,0.6560364407865074,0.6560364407865074,0.7642960310877875,0.7642960310877875,0.7686548120823957,109759.60347845113,109759.60347845113,0.29971456093272436,64002.75055704052,64002.75055704052,0.22253757850494013,0.15425990810565426,-0.2775624688269526,-0.4747206596026662,-0.3603085326391221,0.38787165218266917,0.925259488282797,0.996471431784973,0.9295234490757516,22.74063176685584,0.3892975290638465,-21.976784488822815,1.0720239847373292,-0.1258695223012753,0.8130123433382125,-0.07127466753375092,-0.27291785490363546,-0.47259822033294785,0.45425904098055775,div,-0.2775624688269526,-0.28503913297774136,-5.113694945880528e-07,0.38787165218266917,3715,0.0,109999.99999999991,308999.99999999977,641499.9999999984,0.6283242927025705,0.925259488282797,1.5845731286683333,3715,0.29971456093272436,0.21449629635454398,-0.07127466753375089,0.3439635592134926,0.07039381355756293
philadelphia,5,2022,1.7181340188990342,4.319202058549774,0.39778968328143444,53683,3715,OK,0.7282506764916443,0.7282506764916443,0.6540748736315709,0.6540748736315709,0.7643441430341665,0.7643441430341665,0.7673354888287656,109748.40082945483,109748.40082945483,0.3005679571948292,63876.543931037806,63876.543931037806,0.22247010065932074,0.15000349827674397,-0.25789389615770697,-0.45037435874647597,-0.34184421295172307,0.3878878720869923,0.9324408624689816,1.002525219962463,0.9403186897481075,22.80153943301991,0.38696292176961045,-15.577490190410579,1.0661547312550168,-0.1048051106152149,0.8340888371246121,-0.06668545465414728,-0.2553452982276682,-0.4394272461470851,0.4263805102236771,div,-0.25789389615770697,-0.26385093019505956,-4.7515280712722523e-07,0.3878878720869923,3715,0.0,109999.99999999991,308999.99999999977,641499.9999999984,0.6188364057620364,0.9324408624689816,1.593152034761893,3715,0.3005679571948292,0.21395853672816234,-0.06668545465414726,0.34592512636842904,0.07200169090620807
philadelphia,5,2022,2.4935029637671793,6.2683952565030125,0.39778968328143444,53683,3715,OK,0.7238361855730673,0.7238361855730673,0.65035009080719,0.65035009080719,0.7605159802735216,0.7605159802735216,0.7648302508191662,110636.22560825231,110636.22560825231,0.30218182198682175,64461.23944570088,64461.23944570088,0.22394566703859342,0.148995075786297,-0.23287327635557623,-0.41942895985722606,-0.3235164129818768,0.39417541248391214,0.9408468016924962,1.010217129178086,0.9531352978880077,23.077164182317595,0.3902413290001051,-10.684304247046919,1.059888487412608,-0.08182495187218157,0.856897387126304,-0.06165641779980728,-0.2360886114129894,-0.40270454570438646,0.39739587747064276,div,-0.23287327635557623,-0.2372253568043748,-4.3600876435291883e-07,0.39417541248391214,3715,0.0,109999.99999999991,308999.99999999977,641499.9999999984,0.6177295863257801,0.9408468016924962,1.594601286225367,3715,0.30218182198682175,0.21448508702535318,-0.06165641779980727,0.34964990919281014,0.07410704350522496
philadelphia,5,2022,3.618784659359615,9.097231053122464,0.39778968328143444,53683,3715,OK,0.7086114156482475,0.7086114156482475,0.6478365831080384,0.6478365831080384,0.7473133486812087,0.7473133486812087,0.7631396999005684,113644.973499149,113644.973499149,0.3032660153356445,65184.908809361645,65184.908809361645,0.2250687330586873,0.14953830472439583,-0.21498799008041125,-0.3984967262969019,-0.3079976364793722,0.39497922322323215,0.9537133546249689,1.0181350969920449,0.9653298395436716,23.11514653889517,0.3879960480508477,-8.035751228995455,1.0547017768282552,-0.06508873486164565,0.875392056131895,-0.05780236360701999,-0.22133105112721482,-0.37505066157266087,0.37420962384320733,div,-0.21498799008041125,-0.21839522704615788,-4.033429644960403e-07,0.39497922322323215,3715,0.0,109999.99999999991,308999.99999999977,641499.9999999984,0.6154227998642519,0.9537133546249689,1.5942391151979465,3715,0.3032660153356445,0.21458804384894617,-0.05780236360701998,0.3521634168919617,0.07529126039399518
philadelphia,5,2022,5.2518896512686215,13.202679385611248,0.39778968328143444,53683,3715,OK,0.6946060063287731,0.6946060063287731,0.6412587071971467,0.6412587071971467,0.7351681234687657,0.7351681234687657,0.758715510482993,116344.05879920468,116344.05879920468,0.30608518527771716,66416.51637642752,66416.51637642752,0.2286884651684945,0.15089978130970777,-0.18928419023797216,-0.36728055098321183,-0.2927993727934462,0.4074026375652787,0.9612230207609357,1.0286475639444148,0.980693337328851,23.494609419267164,0.39610989714805034,-3.33279508298329,1.0488982893940917,-0.04303981668085259,0.8977707119163285,-0.05300900959836757,-0.20297681758111388,-0.3398380559382048,0.3506903823017521,div,-0.18928419023797216,-0.1915946555678623,-3.662892836408757e-07,0.4074026375652787,3715,0.0,109999.99999999991,308999.99999999977,641499.9999999984,0.6162350057394854,0.9612230207609357,1.6307602531275291,3715,0.30608518527771716,0.21599837964322158,-0.05300900959836755,0.35874129280285333,0.07888195690394947
philadelphia,5,2022,7.621991222319222,19.160856962010996,0.39778968328143444,53683,3715,OK,0.6609481585466821,0.6609481585466821,0.634788306306266,0.634788306306266,0.7059806765220199,0.7059806765220199,0.7543636072946848,122587.73438277369,122587.73438277369,0.3088331868169545,68154.11692037198,68154.11692037198,0.23180682738378436,0.1503953988066154,-0.16669503281866363,-0.344744355613606,-0.27483894588292923,0.40741098564127765,0.967471050004618,1.0345943115456688,0.9923620724519021,23.748050816220143,0.39384116596065166,1.1921962950280252,1.0425572885805887,-0.0256487176353283,0.9201261832935257,-0.048762585701903775,-0.18671683432288758,-0.3094803344079744,0.3308958812484873,div,-0.16669503281866363,-0.16826529506597715,-3.2258296496404523e-07,0.40741098564127765,3715,0.0,109999.99999999991,308999.99999999977,641499.9999999984,0.6144647192051809,0.967471050004618,1.6462641791471766,3715,0.3088331868169545,0.21830081966054565,-0.048762585701903775,0.365211693693734,0.08251514460125103
philadelphia,5,2022,11.061685231539125,27.807873598654975,0.39778968328143444,53683,3715,OK,0.6426307351575177,0.6426307351575177,0.6310621968247426,0.6310621968247426,0.6900961545278121,0.6900961545278121,0.751857476993627,125855.60575888203,125855.60575888203,0.3104046397745662,69460.46831598945,69460.46831598945,0.23385522632383088,0.15419578974000517,-0.15247362519728022,-0.3271083721735105,-0.26034019110461426,0.40672529706119465,0.973660922814121,1.039232032901067,1.0006678064289853,23.87679725994813,0.39142370153338574,3.2641116289819316,1.038538490220549,-0.013966855696621634,0.9340553960215554,-0.04574679165857035,-0.17516905627470558,-0.28866389972657014,0.316125125800073,div,-0.15247362519728022,-0.15367196513301962,-2.9456554480307067e-07,0.40672529706119465,3715,0.0,109999.99999999991,308999.99999999977,641499.9999999984,0.610691800197165,0.973660922814121,1.6508975927549125,3715,0.3104046397745662,0.2201846542186097,-0.045746791658570346,0.3689378031752574,0.08159117764961445
philadelphia,5,2022,16.05366322167172,40.357163336269394,0.39778968328143444,53683,3715,OK,0.608123699195476,0.608123699195476,0.6263648789179822,0.6263648789179822,0.6601723077045625,0.6601723077045625,0.7486981251822519,131791.82283548906,131791.82283548906,0.31237442646462016,70857.67978626692,70857.67978626692,0.2361627914561641,0.15481139606196642,-0.1364751162220614,-0.30748891487848556,-0.24697250657129868,0.41045993417120663,0.978430440492518,1.0425439151904017,1.0077091443868889,24.04884549051092,0.3937629705024821,7.1229172361728015,1.034568278949882,-0.001106593161791246,0.9475038985030102,-0.042645692934679284,-0.16329463804374042,-0.26730869630694076,0.29995344078660274,div,-0.1364751162220614,-0.13733201671929293,-2.6607880355789254e-07,0.41045993417120663,3715,0.0,109999.99999999991,308999.99999999977,641499.9999999984,0.6027410720778744,0.978430440492518,1.6452922061007444,3715,0.31237442646462016,0.2221393172537653,-0.04264569293467928,0.3736351210820178,0.0799028304022759
philadelphia,5,2022,23.298448422672752,58.56976538576845,0.39778968328143444,53683,3715,OK,0.5787418930010637,0.5787418930010637,0.6184140405627647,0.6184140405627647,0.6346929628857505,0.6346929628857505,0.7433504999931295,136643.2241634942,136643.2241634942,0.31568054573503107,72463.35887953099,72463.35887953099,0.23980420286343687,0.15982759435778077,-0.12408601404360298,-0.29361891339964397,-0.23575190095489335,0.4103201092571796,0.9801084896302494,1.0453879110675277,1.01372620233888,24.410110860676877,0.39255795943613037,8.592985280192904,1.0312329982746795,0.009651759787861298,0.9588875071027193,-0.040073404508521274,-0.153445087512648,-0.2485049869065812,0.28643676702896187,div,-0.12408601404360298,-0.12472882795379311,-2.4184196946883887e-07,0.4103201092571796,3715,0.0,109999.99999999991,308999.99999999977,641499.9999999984,0.6100760782562424,0.9801084896302494,1.6617344768815576,3715,0.31568054573503107,0.22560333480400505,-0.040073404508521274,0.3815859594372352,0.0797856102244447
philadelphia,5,2022,33.81270003043063,85.0014503933434,0.39778968328143444,53683,3715,OK,0.5732297624644029,0.5732297624644029,0.610177570550573,0.610177570550573,0.6299129478757614,0.6299129478757614,0.7378107628561337,137534.30185359862,137534.30185359862,0.31906931312812625,74335.46549651623,74335.46549651623,0.24377486010622584,0.16407931901404432,-0.11312925438118072,-0.27818184491556847,-0.22718287701861087,0.41734809699880776,0.9844456928948956,1.0470064697040626,1.0176460624193373,24.718050338959962,0.398664469696973,11.244778060293312,1.0288512955230469,0.020267005352075575,0.9696716383025215,-0.03823296190716432,-0.14639784809062256,-0.23456436682353002,0.27717449429651386,div,-0.11312925438118072,-0.11361561259830924,-2.242639139599126e-07,0.41734809699880776,3715,0.0,109999.99999999991,308999.99999999977,641499.9999999984,0.6041641378129341,0.9844456928948956,1.6690885834813247,3715,0.31906931312812625,0.22912530719257942,-0.038232961907164305,0.3898224294494271,0.08284737955099548
philadelphia,5,2022,49.071880779635485,123.3613712020715,0.39778968328143444,53683,3715,OK,0.5612649959640645,0.5612649959640645,0.6039943136381951,0.6039943136381951,0.6195373293953472,0.6195373293953472,0.7336519887824854,139448.90478095424,139448.90478095424,0.3215898525766397,76106.0967982129,76106.0967982129,0.24814531363247855,0.1685125775732256,-0.10930073260364752,-0.27575468541197445,-0.2278991957527458,0.4223490461881006,0.9845183795854501,1.0504502292628837,1.0217435270594473,25.16386839024463,0.40211891020362384,10.42145752969591,1.0280958004070293,0.02377735020986742,0.9757847489981234,-0.038256187349882405,-0.1464867806416275,-0.23282591696659333,0.27532567217255,div,-0.10930073260364752,-0.10973913861496519,-2.1927071142414303e-07,0.4223490461881006,3715,0.0,109999.99999999991,308999.99999999977,641499.9999999984,0.5994226286123944,0.9845183795854501,1.691085629822383,3715,0.3215898525766397,0.23262247185284546,-0.038256187349882405,0.3960056863618048,0.08853252168585674
philadelphia,5,2022,71.21730832153513,179.03256749660147,0.39778968328143444,53683,3715,OK,0.5157933694042336,0.5157933694042336,0.5922532220103354,0.5922532220103354,0.5801051976562674,0.5801051976562674,0.7257550910552494,146497.2023488086,146497.2023488086,0.32632240606767177,77882.74703317239,77882.74703317239,0.2532414470799854,0.17181951989039526,-0.10423057831148143,-0.2740136317707696,-0.2324829177062551,0.43358126102470074,0.9845231271512707,1.0516605407438058,1.023557431928073,25.682170483337003,0.41233802305419237,10.816553355170043,1.0274563086927082,0.02785332825302199,0.9793505073172518,-0.039341547220700615,-0.15064273251052857,-0.23596725724646772,0.27847742852421775,div,-0.10423057831148143,-0.104610512102139,-2.1466027757511567e-07,0.43358126102470074,3715,0.0,109999.99999999991,308999.99999999977,641499.9999999984,0.5972460988488388,0.9845231271512707,1.7094690974924118,3715,0.32632240606767177,0.2369965437091086,-0.039341547220700615,0.40774677798966463,0.09256034783626864
philadelphia,5,2022,103.35664588322452,259.8273666391196,0.39778968328143444,53683,3715,OK,0.4541516167198151,0.4541516167198151,0.5634036914940801,0.5634036914940801,0.5266506393663515,0.5266506393663515,0.7063512912054078,155542.82380603385,155542.82380603385,0.33766936039996,81986.14260229027,81986.14260229027,0.26513248974819065,0.18230821585688414,-0.10315027157907893,-0.2725903432155412,-0.24153026146326714,0.45280656056039287,0.9876989964037877,1.0586935303381326,1.0296485023195374,26.817411933225582,0.4277607285759498,8.488903322928499,1.0282086828205588,0.03670768593924672,0.9799975258515096,-0.040976685447208235,-0.15690384087751008,-0.2374812320459503,0.27767041448648544,div,-0.10315027157907893,-0.10351846387942135,-2.2185494912784276e-07,0.45280656056039287,3715,0.0,109999.99999999991,308999.99999999977,641499.9999999984,0.5885556714273876,0.9876989964037877,1.7509558035065995,3715,0.33766936039996,0.24704118694033508,-0.04097668544720823,0.4365963085059199,0.09336731867867207
philadelphia,5,2022,150.0,377.0836859383195,0.39778968328143444,53683,3715,OK,0.30242460808663696,0.30242460808663696,0.46932112094430134,0.46932112094430134,0.3950758564645843,0.3950758564645843,0.643072640369898,175836.70657736476,175836.70657736476,0.3722781328769248,92304.41514409205,92304.41514409205,0.2917972033553972,0.19884474620055098,-0.08159458575103423,-0.23524557805656876,-0.2272220013712641,0.49360612221961664,0.9817771017612803,1.062189043279365,1.0371434921414169,29.676725685589254,0.46476902860217884,16.13997193057547,1.024148588240414,0.08752161606411293,0.9984602548281186,-0.03841586266363668,-0.14709819344253952,-0.20205798800663952,0.24494772301036186,div,-0.08159458575103423,-0.08177638932239811,-1.9130570196148807e-07,0.49360612221961664,3715,0.0,109999.99999999991,308999.99999999977,641499.9999999984,0.5450700133285017,0.9817771017612803,1.8330978218823013,3715,0.3722781328769248,0.2726296796811943,-0.038415862663636675,0.5306788790556987,0.08077718260402103
philadelphia,6,2023,0.0,0.0,0.3966422037784324,57398,2851,OK,0.32831338344311733,0.32831338344311733,0.6415990078935018,0.6415990078935018,0.36911166394551775,0.36911166394551775,0.7426072022391281,291579.7112362141,291579.7112362141,0.32822409535991526,72036.41768480027,72036.41768480027,0.26560132608041725,0.1512310370477079,-0.23305092982851242,-0.5313764232328059,-0.5308656040066392,0.5477320633346922,1.0720171880481932,1.1573708870896613,1.028339985121027,23.820947100561554,0.47333845559995885,-42.177750209788535,1.1254749439247451,-0.2192447324959224,0.6975687559069214,-0.10571212082108325,-0.3516843713799759,-0.6101982000517592,0.5643549112811169,div,-0.23305092982851242,-0.23741320505444377,-3.5879389978975897e-07,0.5477320633346922,2851,0.0,105000.00000000004,314999.99999999994,665000.0000000005,0.7057396929538644,1.0720171880481932,1.8721553503009505,2851,0.32822409535991526,0.21850208879306246,-0.10571212082108315,0.3584009921064982,0.03942012069722009
philadelphia,6,2023,0.001,0.0025211638864295143,0.3966422037784324,57398,2851,OK,0.3271074626350975,0.3271074626350975,0.6415813077888743,0.6415813077888743,0.36797899083095575,0.36797899083095575,0.7425944905570986,291841.3394655041,291841.3394655041,0.32823220014928545,72124.04404796072,72124.04404796072,0.2656853822860277,0.15357398846749892,-0.2363345467883218,-0.5359142945935139,-0.5268907390495271,0.53902769843387,1.07349831163428,1.1575187794452124,1.0287492759112775,23.786172918654,0.46575681187765966,-41.93038258600662,1.1251709299332138,-0.21926886971768483,0.696747382415,-0.10552367814725841,-0.35105745799700233,-0.609396164192787,0.5640035782060752,div,-0.2363345467883218,-0.24088823275851157,-3.5806703388125415e-07,0.53902769843387,2851,0.0,105000.00000000004,314999.99999999994,665000.0000000005,0.7053547880764868,1.07349831163428,1.8732947487533842,2851,0.32823220014928545,0.21909229424138893,-0.10552367814725833,0.35841869221112566,0.03792989052300258
philadelphia,6,2023,0.001451285485497223,0.003658928554934923,0.3966422037784324,57398,2851,OK,0.3252514192547197,0.3252514192547197,0.6445709069865477,0.6445709069865477,0.36623568362335646,0.36623568362335646,0.7447415306563743,292243.5561252488,292243.5561252488,0.32686042802658594,71321.2826271708,71321.2826271708,0.2625915838946774,0.14848755405597677,-0.234890773618382,-0.5356353591652723,-0.5278611513737933,0.5403016832623685,1.0660232315808702,1.153342498138804,1.0250571646910747,23.829270498983508,0.4685481247677842,-39.097244971361455,1.1251494432375304,-0.22063496872849037,0.699314856130652,-0.1056392066710768,-0.3514417996974616,-0.6108193974044936,0.5651180564805468,div,-0.234890773618382,-0.23935959975911775,-3.567207108629634e-07,0.5403016832623685,2851,0.0,105000.00000000004,314999.99999999994,665000.0000000005,0.705950384540502,1.0660232315808702,1.8594790495749498,2851,0.32686042802658594,0.21639590008798085,-0.10563920667107671,0.3554290930134522,0.03895631026601458
philadelphia,6,2023,0.00210622956041491,0.005310149904248382,0.3966422037784324,57398,2851,OK,0.32569715762827367,0.32569715762827367,0.6387712389500968,0.6387712389500968,0.3666543478246005,0.3666543478246005,0.7405763837542618,292147.0122485244,292147.0122485244,0.32951638857383225,73165.88517251509,73165.88517251509,0.2691505019142407,0.15615485314224506,-0.23318152263528333,-0.5271136002486478,-0.5263076199539101,0.547420799385214,1.07857902116624,1.1623638831663,1.0333340437073164,23.825582974633107,0.4710373727438345,-41.67249770617493,1.1248675007319608,-0.21341051765562324,0.6994296842767065,-0.10461983237307243,-0.3480505328643864,-0.6038087968255684,0.5539305250590925,div,-0.23318152263528333,-0.23755130251596526,-3.587909452883539e-07,0.547420799385214,2851,0.0,105000.00000000004,314999.99999999994,665000.0000000005,0.706453291905522,1.07857902116624,1.8864093416291468,2851,0.32951638857383225,0.22133754150983903,-0.10461983237307233,0.3612287610499032,0.03828819833281448
philadelphia,6,2023,0.003056740390155355,0.007706543481850145,0.3966422037784324,57398,2851,OK,0.325192803486668,0.325192803486668,0.6314477008406139,0.6314477008406139,0.36618062818014674,0.36618062818014674,0.7353168392635254,292256.24952615437,292256.24952615437,0.3328399291064477,74296.51969233382,74296.51969233382,0.27529590266743864,0.16082877684090746,-0.23527242137319138,-0.5313734404578654,-0.531934246796674,0.548837739426065,1.0914452904891916,1.1756653020406602,1.0451414994870436,23.792115003644135,0.4669135147147615,-41.55191448073597,1.1248862499648877,-0.21513772706409656,0.6977641817606751,-0.1047623821263877,-0.3485247691203206,-0.6049196515371563,0.5566456055533657,div,-0.23527242137319138,-0.23976357240470342,-3.629451814960147e-07,0.548837739426065,2851,0.0,105000.00000000004,314999.99999999994,665000.0000000005,0.7168065594991393,1.0914452904891916,1.8878466731394443,2851,0.3328399291064477,0.22454461154209113,-0.1047623821263876,0.3685522991593861,0.03690341649310713
philadelphia,6,2023,0.004436202961165585,0.011184394698562345,0.3966422037784324,57398,2851,OK,0.3241403241102778,0.3241403241102778,0.6304885195751551,0.6304885195751551,0.36519207645656737,0.36519207645656737,0.7346279841684957,292484.07299469167,292484.07299469167,0.33327276642056786,74571.05744312158,74571.05744312158,0.27527004205674227,0.16149399660384783,-0.23304182322167385,-0.5268362861748186,-0.5325445484698184,0.554199490367869,1.089576482921761,1.1719808506425267,1.041431498783925,23.942150096878485,0.4729571387770315,-42.43887266292596,1.1253556782285186,-0.21309573017210395,0.6948029138786995,-0.10505718818224799,-0.349505533498416,-0.6033685157483014,0.5535904030928818,div,-0.23304182322167385,-0.23740357545833143,-3.6301622598716226e-07,0.554199490367869,2851,0.0,105000.00000000004,314999.99999999994,665000.0000000005,0.7134281834162923,1.089576482921761,1.8800765416357335,2851,0.33327276642056786,0.2251210837336501,-0.10505718818224791,0.369511480424845,0.036105566523663486
philadelphia,6,2023,0.006438196968259414,0.01623174969009562,0.3966422037784324,57398,2851,OK,0.33216931027656227,0.33216931027656227,0.642114806462632,0.642114806462632,0.3727333815798066,0.3727333815798066,0.7429776332360101,290741.57614132954,290741.57614132954,0.3279878258208305,71702.60193335482,71702.60193335482,0.26609711098127126,0.15083223461177808,-0.23594991868742834,-0.5359885020881299,-0.5348263293497473,0.5470703332670398,1.074045833547329,1.1592426382479677,1.0287645079170513,23.782113895832968,0.47200325803049714,-43.3114779701509,1.1268299298107558,-0.22360103443612453,0.6931371249888778,-0.1064328242830719,-0.354082016437252,-0.6158248375605244,0.5712558685550208,div,-0.23594991868742834,-0.24048088993052882,-3.628181815708461e-07,0.5470703332670398,2851,0.0,105000.00000000004,314999.99999999994,665000.0000000005,0.7122575251541873,1.074045833547329,1.8808206266681773,2851,0.3279878258208305,0.21845804888408668,-0.10643282428307181,0.35788519353736803,0.03922549681543558
philadelphia,6,2023,0.009343661812807113,0.02355690272945982,0.3966422037784324,57398,2851,OK,0.32539653383537825,0.32539653383537825,0.635935510505514,0.635935510505514,0.3663719839367352,0.3663719839367352,0.7385398489953838,292212.1288034941,292212.1288034941,0.3308072496690737,72950.21986966656,72950.21986966656,0.2695326798576787,0.15464417607014375,-0.23970400547478524,-0.5413357133083221,-0.5349047742798188,0.541745924760987,1.0789890113094431,1.1638980078299968,1.0326339962041358,23.887062881171325,0.46553989776153104,-43.74086643732801,1.1271157177745212,-0.22364295586091262,0.690652941617402,-0.1067945000737692,-0.35528524386384025,-0.6144026825105224,0.5653825315374303,div,-0.23970400547478524,-0.2444600504518189,-3.6500346750067316e-07,0.541745924760987,2851,0.0,105000.00000000004,314999.99999999994,665000.0000000005,0.7079255629584673,1.0789890113094431,1.8850157366882783,2851,0.3308072496690737,0.22128037339761047,-0.10679450007376912,0.36406448949448594,0.036518531650285874
philadelphia,6,2023,0.013560320770321632,0.03418779101453495,0.3966422037784324,57398,2851,OK,0.3310699802777922,0.3310699802777922,0.6455906345405703,0.6455906345405703,0.37170082494312084,0.37170082494312084,0.7454738682722415,290980.77562402625,290980.77562402625,0.32639120926984605,71255.76354274753,71255.76354274753,0.26263112852424897,0.14844060387207472,-0.22970790856274753,-0.5283306266462274,-0.5271742450283694,0.5470591121008903,1.0665751274174637,1.1529834951565685,1.0259597443787924,23.81217039496233,0.4745558642120951,-39.35787232624596,1.123809683054073,-0.21708448694318708,0.7052726146606108,-0.10476676669524009,-0.34853935575739353,-0.6064599718885072,0.5617736341588621,div,-0.22970790856274753,-0.2338810825032801,-3.5321265070718723e-07,0.5470591121008903,2851,0.0,105000.00000000004,314999.99999999994,665000.0000000005,0.7044466019919375,1.0665751274174637,1.8515772093981848,2851,0.32639120926984605,0.21624187666929046,-0.10476676669524003,0.35440936545942964,0.04225609706835641
philadelphia,6,2023,0.019679896712654306,0.04961624488060695,0.3966422037784324,57398,2851,OK,0.3274545595723233,0.3274545595723233,0.6367879389016836,0.6367879389016836,0.36830500508191466,0.36830500508191466,0.7391520373950066,291766.0597619696,291766.0597619696,0.3304197431159705,72263.16838803288,72263.16838803288,0.26902907747656335,0.15044963656604884,-0.23637019634961887,-0.5397876760469714,-0.5417850994417097,0.550287883102455,1.079092787658778,1.1664596774503355,1.0349803739964214,23.847600809123083,0.4718417850261941,-42.475287991503876,1.12703555232282,-0.22704335736224845,0.6923595890882667,-0.10739488931133567,-0.35728262609358696,-0.6198878470605426,0.5775338303812811,div,-0.23637019634961887,-0.240925991622205,-3.656021256004109e-07,0.550287883102455,2851,0.0,105000.00000000004,314999.99999999994,665000.0000000005,0.7160047568812349,1.079092787658778,1.8850884097196592,2851,0.3304197431159705,0.21941614596817702,-0.10739488931133558,0.3632120610983164,0.037648554851880726
philadelphia,6,2023,0.028561148455159703,0.07200733604010076,0.3966422037784324,57398,2851,OK,0.3274803416686586,0.3274803416686586,0.6287270468296091,0.6287270468296091,0.36832922117235933,0.36832922117235933,0.7333629474968872,291760.4672679151,291760.4672679151,0.3340661828177239,74377.10826875496,74377.10826875496,0.2766534835144155,0.15862641785097167,-0.23712948297973768,-0.5380764085595614,-0.539817147745955,0.5500327935201097,1.0926911110762438,1.1778025439571809,1.0459620363951938,23.862040344208477,0.46708107811513294,-43.852955817951454,1.1260471250145583,-0.22113120988747345,0.6940493409457879,-0.10622116138893528,-0.35337785374246616,-0.6117587819752519,0.5667194739964627,div,-0.23712948297973768,-0.24173036374926077,-3.666065193431374e-07,0.5500327935201097,2851,0.0,105000.00000000004,314999.99999999994,665000.0000000005,0.7172035157016896,1.0926911110762438,1.919759212886895,2851,0.3340661828177239,0.22498508624055577,-0.10622116138893518,0.3712729531703908,0.03663737325183418
philadelphia,6,2023,0.04145038020210471,0.10450320164431931,0.3966422037784324,57398,2851,OK,0.3290819550136157,0.3290819550136157,0.6491523612211326,0.6491523612211326,0.3698335524383032,0.3698335524383032,0.7480317930976756,291412.844714051,291412.844714051,0.32474699228289083,70215.1473125374,70215.1473125374,0.2587836790349633,0.14422520983952056,-0.23416808716814486,-0.5412141385759718,-0.537040579647975,0.5440312260538425,1.0540716446282086,1.1451510327465295,1.0163776024224032,23.983403392689485,0.47515711569742636,-43.79800762547653,1.1266984140709237,-0.23152184962451633,0.6961570590108118,-0.10794832365780192,-0.35912379821959595,-0.6246086744102248,0.5840365678464411,div,-0.23416808716814486,-0.23859484886879273,-3.580779530358511e-07,0.5440312260538425,2851,0.0,105000.00000000004,314999.99999999994,665000.0000000005,0.708801817930276,1.0540716446282086,1.8494903187725014,2851,0.32474699228289083,0.2134346334527933,-0.10794832365780185,0.3508476387788673,0.042412580531803565
philadelphia,6,2023,0.060156335155656014,0.15166397973439014,0.3966422037784324,57398,2851,OK,0.32683540806839995,0.32683540806839995,0.6458425854558405,0.6458425854558405,0.3677234608729826,0.3677234608729826,0.7456548118310152,291900.33012241917,291900.33012241917,0.32627517229066594,71022.27884298423,71022.27884298423,0.26238373183401825,0.1453510296822455,-0.23412671712100444,-0.5351238055738815,-0.5320410850023256,0.5451007221756707,1.064564386699389,1.153091114934674,1.0240873273326137,23.8779545782794,0.4728128926090354,-42.677173473738826,1.125969518574231,-0.2236394178391559,0.6997891160854828,-0.10633920752923096,-0.35377057108009274,-0.6158771596352134,0.5677013672112362,div,-0.23412671712100444,-0.23855107914635226,-3.5871850336010515e-07,0.5451007221756707,2851,0.0,105000.00000000004,314999.99999999994,665000.0000000005,0.7078195027844756,1.064564386699389,1.8504213127036437,2851,0.32627517229066594,0.21572041936505015,-0.10633920752923087,0.3541574145441595,0.04294444963993059
philadelphia,6,2023,0.0873040160721099,0.22010773246126536,0.3966422037784324,57398,2851,OK,0.3293583239219986,0.3293583239219986,0.6428218516048041,0.6428218516048041,0.37009313468462024,0.37009313468462024,0.7434854117614467,291352.81819816725,291352.81819816725,0.327663675990013,71988.82380694366,71988.82380694366,0.264985904960494,0.1503751718505113,-0.23712203550182193,-0.5390444624022313,-0.5280592794763653,0.5370861439133162,1.0700795083123753,1.1546009490356641,1.0258677412234696,23.89154157401968,0.4652519658305332,-41.65292913819849,1.1254871389743328,-0.22122805337817802,0.6968041010256356,-0.10586892750146736,-0.3522060377545669,-0.6110772779256417,0.5637333305870129,div,-0.23712203550182193,-0.24172247256065454,-3.57966107023035e-07,0.5370861439133162,2851,0.0,105000.00000000004,314999.99999999994,665000.0000000005,0.698020336489146,1.0700795083123753,1.8634608119678084,2851,0.327663675990013,0.21872714526091666,-0.10586892750146727,0.35717814839519596,0.03915253360026881
philadelphia,6,2023,0.12670305135106935,0.31943915736674033,0.3966422037784324,57398,2851,OK,0.3293320432277267,0.3293320432277267,0.6332796853418463,0.6332796853418463,0.370068450281104,0.370068450281104,0.7366325153543066,291358.5268199253,291358.5268199253,0.3320116650832791,73536.39323417043,73536.39323417043,0.27316763736105737,0.1547336159553142,-0.22750142482085345,-0.5243590351999471,-0.5325822761840883,0.5568571651619797,1.086447222833855,1.171982150107911,1.0439253452136097,23.899584903893622,0.4752246873231241,-40.43304369586182,1.1226685466364439,-0.2118918723789448,0.7073553383448414,-0.10393872719332778,-0.3457846238548836,-0.5995090502506866,0.5559286423905015,div,-0.22750142482085345,-0.23155292803813887,-3.560852456399285e-07,0.5568571651619797,2851,0.0,105000.00000000004,314999.99999999994,665000.0000000005,0.7171162741464583,1.086447222833855,1.8972037061227676,2851,0.3320116650832791,0.2223784162316782,-0.10393872719332771,0.36672031465815363,0.042463376399638646
philadelphia,6,2023,0.18388229939401626,0.46359741258581355,0.3966422037784324,57398,2851,OK,0.32627620154114745,0.32627620154114745,0.6293082361302393,0.6293082361302393,0.367198220579678,0.367198220579678,0.7337803401476126,292021.54764194525,292021.54764194525,0.3338046074300253,74842.41761757658,74842.41761757658,0.2769634246657735,0.16031612017522007,-0.22479923685490144,-0.5147272675419763,-0.5244186396585587,0.5585818274761498,1.0920531132621418,1.1782726200204954,1.0513449336946654,23.8574137605241,0.4741515725652405,-38.48814315747931,1.1207288704761977,-0.20226783495071973,0.7107897804684526,-0.1020715434651855,-0.3395728542812316,-0.5886627907073616,0.5441659038453376,div,-0.22479923685490144,-0.22870508812029441,-3.529455260198543e-07,0.5585818274761498,2851,0.0,105000.00000000004,314999.99999999994,665000.0000000005,0.7147091360288383,1.0920531132621418,1.9002289122989593,2851,0.3338046074300253,0.22541799261692327,-0.10207154346518539,0.37069176386976055,0.039705366302382736
philadelphia,6,2023,0.26686571215039057,0.6728121959998588,0.3966422037784324,57398,2851,OK,0.32102914543751593,0.32102914543751593,0.6338267618525978,0.6338267618525978,0.36226987094041696,0.36226987094041696,0.7370254092267927,293156.49467589485,293156.49467589485,0.33176392372831415,73952.88457456043,73952.88457456043,0.27245531743378315,0.15558851787388026,-0.2223224029512878,-0.5131260465774833,-0.5212385669995949,0.5569270861400076,1.0856325581033983,1.1701275089774494,1.044970176961339,23.76890292117608,0.4760376794866379,-37.32376671323328,1.1197711999590787,-0.20169811138541563,0.7139884392893282,-0.10190363313936314,-0.33901424816372694,-0.587461708522642,0.5439517674701749,div,-0.2223224029512878,-0.22609794926275584,-3.480227337499186e-07,0.5569270861400076,2851,0.0,105000.00000000004,314999.99999999994,665000.0000000005,0.7086725194350139,1.0856325581033983,1.8825834313724241,2851,0.33176392372831415,0.2228117683427761,-0.10190363313936304,0.3661732381474022,0.04013322978752303
philadelphia,6,2023,0.38729833462074176,0.9764425745201077,0.3966422037784324,57398,2851,OK,0.32795247504089886,0.32795247504089886,0.6268443983506535,0.6268443983506535,0.3687726771386778,0.3687726771386778,0.7320108860632665,291658.03603305196,291658.03603305196,0.33491210211799016,75802.43723304941,75802.43723304941,0.28045425583029787,0.16316845529255342,-0.21734264231000608,-0.5038052769349353,-0.5194347842224637,0.5652677068642169,1.1003961151609696,1.1857244314625563,1.0615380860957644,23.8056058650223,0.47681135088227067,-34.82929718275468,1.1169871783155114,-0.19117092619986936,0.7245485314657738,-0.0990052022396776,-0.3293717129366699,-0.5728522183786207,0.5291456999285284,div,-0.21734264231000608,-0.22086530087720785,-3.453227287027762e-07,0.5652677068642169,2851,0.0,105000.00000000004,314999.99999999994,665000.0000000005,0.7201960272000916,1.1003961151609696,1.9032237219897854,2851,0.33491210211799016,0.22680315370455645,-0.09900520223967749,0.37315560164934636,0.04553687035214898
philadelphia,6,2023,0.5620804515923291,1.417096935822573,0.3966422037784324,57398,2851,OK,0.32734837659659344,0.32734837659659344,0.6420364110024356,0.6420364110024356,0.3682052716657289,0.3682052716657289,0.7429213319777096,291789.09119141335,291789.09119141335,0.3280237470450876,73465.89510804511,73465.89510804511,0.2678113120949236,0.15356673487507447,-0.20529107950173933,-0.48421431196988085,-0.4940547096880262,0.5594010539826945,1.0825830212631586,1.1635397019221954,1.0474568451945625,23.62830272138446,0.4808595572517775,-30.82778802223127,1.1108235220001552,-0.17350189163790483,0.7465381066037726,-0.09467284598248862,-0.31495877736154954,-0.5496979638008646,0.5071585968197249,div,-0.20529107950173933,-0.20825023331743445,-3.22789504131095e-07,0.5594010539826945,2851,0.0,105000.00000000004,314999.99999999994,665000.0000000005,0.712106215834651,1.0825830212631586,1.865321829200027,2851,0.3280237470450876,0.21934671720411972,-0.09467284598248851,0.3579635889975644,0.05090678528119038
philadelphia,6,2023,0.8157392010776716,2.0566122145018895,0.3966422037784324,57398,2851,OK,0.31864705484818556,0.31864705484818556,0.63016397950092,0.63016397950092,0.36003246865907135,0.36003246865907135,0.7343949092620845,293670.29721704306,293670.29721704306,0.33341909019578203,77346.49211678092,77346.49211678092,0.27921946262947306,0.16709948960182833,-0.19592332350208105,-0.466134255597087,-0.48500972294896827,0.5704601128921549,1.1033720655697516,1.1839397607791142,1.0709637719159477,23.545637492267357,0.48191656681989975,-27.422522437436193,1.105490019201166,-0.15741732172599002,0.7616956310648144,-0.09069162526007236,-0.3017140037612014,-0.5268028389723033,0.48764640421650124,div,-0.19592332350208105,-0.19848959413051,-3.141502927467209e-07,0.5704601128921549,2851,0.0,105000.00000000004,314999.99999999994,665000.0000000005,0.7176576234505938,1.1033720655697516,1.8905861374523403,2851,0.33341909019578203,0.2268657528553676,-0.09069162526007228,0.36983602049908004,0.0526930696645978
philadelphia,6,2023,1.1838704624751253,2.9847314562028933,0.3966422037784324,57398,2851,OK,0.304764489983395,0.304764489983395,0.618643042185606,0.618643042185606,0.34699313151608613,0.34699313151608613,0.7261209190842473,296646.977065197,296646.977065197,0.3385725119306617,79906.3323750796,79906.3323750796,0.28665295512517164,0.17214118063887596,-0.18625551606571777,-0.4505035814718921,-0.48126505875534703,0.5856955741456551,1.111663800870793,1.1926928714272866,1.082423267584654,23.876592078183105,0.4911560492872238,-28.342003449229335,1.1018729060478265,-0.14413401319008093,0.7741599814709351,-0.08841622019514925,-0.2941441584712117,-0.5083813696813617,0.4700739163403666,div,-0.18625551606571777,-0.1884552924958087,-3.066246967768033e-07,0.5856955741456551,2851,0.0,105000.00000000004,314999.99999999994,665000.0000000005,0.7189768359635087,1.111663800870793,1.894174548858008,2851,0.3385725119306617,0.23177724306392075,-0.08841622019514915,0.38135695781439405,0.05566331712867481
philadelphia,6,2023,1.7181340188990342,4.331697440494249,0.3966422037784324,57398,2851,OK,0.29270817795142623,0.29270817795142623,0.6110895279198658,0.6110895279198658,0.33566912051257347,0.33566912051257347,0.7206962126447969,299208.0490209018,299208.0490209018,0.3419091136386421,82800.2521952688,82800.2521952688,0.2924351811911445,0.17719655544754676,-0.17786644057551437,-0.4376018625239107,-0.46904047893813294,0.5876476737213301,1.1167909488752967,1.199639115116611,1.093985158869897,24.031702192849068,0.4899396438114449,-23.768310134992305,1.0965771385380183,-0.12951101477321184,0.7881746865679047,-0.08500828600886455,-0.2828066015032994,-0.4864732877678309,0.4533961151581709,div,-0.17786644057551437,-0.17977855837762013,-2.9379004883024057e-07,0.5876476737213301,2851,0.0,105000.00000000004,314999.99999999994,665000.0000000005,0.7166915971537325,1.1167909488752967,1.915130983425434,2851,0.3419091136386421,0.2360172201297833,-0.08500828600886444,0.38891047208013424,0.05847536431961575
philadelphia,6,2023,2.4935029637671793,6.286529622954774,0.3966422037784324,57398,2851,OK,0.2811214964354264,0.2811214964354264,0.6013853645687711,0.6013853645687711,0.3247862146427297,0.3247862146427297,0.713726974808188,301648.8699086178,301648.8699086178,0.3461485195212087,85968.89243044115,85968.89243044115,0.30068428103281775,0.183458254835215,-0.16662730822907015,-0.4152251745459376,-0.4569960791224758,0.6034129911641373,1.131709114480903,1.2134569745750725,1.1118237831554019,23.919536130070526,0.4973549589751596,-18.40835211099072,1.091411240665523,-0.11205838672060266,0.8060668857516655,-0.08046269206275063,-0.2676842641869065,-0.4605430993111519,0.4307235975320105,div,-0.16662730822907015,-0.1681956356193426,-2.826095806600428e-07,0.6034129911641373,2851,0.0,105000.00000000004,314999.99999999994,665000.0000000005,0.7260044318454733,1.131709114480903,1.9189908769039352,2851,0.3461485195212087,0.24113546295394436,-0.08046269206275049,0.3986146354312288,0.05957324248038815
philadelphia,6,2023,3.618784659359615,9.123549195942593,0.3966422037784324,57398,2851,OK,0.2520516101467948,0.2520516101467948,0.5790039442121091,0.5790039442121091,0.2974820347798953,0.2974820347798953,0.6976533128196867,307687.44097979926,307687.44097979926,0.3557335873344776,93498.57384722774,93498.57384722774,0.31851611083046605,0.2059994492759177,-0.1494940695328309,-0.3849225407600053,-0.4350418904983514,0.6196459166725551,1.1539716764005368,1.234428357320191,1.1407924797467512,24.15122050122046,0.5020579876288985,-14.460530684411415,1.0820796763967329,-0.08341617260603588,0.833841028348437,-0.07312465059063276,-0.24327197842215745,-0.4142322746496049,0.3920988988778523,div,-0.1494940695328309,-0.15062290014437435,-2.603715944183491e-07,0.6196459166725551,2851,0.0,105000.00000000004,314999.99999999994,665000.0000000005,0.7190855426277254,1.1539716764005368,1.9520824661244816,2851,0.3557335873344776,0.25375123764457097,-0.07312465059063263,0.4209960557878909,0.06504407301812648
philadelphia,6,2023,5.2518896512686215,13.240874524291344,0.3966422037784324,57398,2851,OK,0.2356983410715241,0.2356983410715241,0.572952627296187,0.572952627296187,0.2821220641304354,0.2821220641304354,0.6933074392718143,311032.9182519629,311032.9182519629,0.3582810889983587,96163.09663092012,96163.09663092012,0.32270540378105544,0.20651627385008742,-0.1388438705473815,-0.36502738158431836,-0.41619618281400944,0.625112967319331,1.1610334230486639,1.2393525395521423,1.1516201519777531,24.137490066417016,0.5044752051490562,-11.745804272948508,1.076181705767931,-0.06684308850074414,0.8519522951981615,-0.06828833592405548,-0.22718246787123703,-0.3855931978813405,0.36965606058433087,div,-0.1388438705473815,-0.13974652757011238,-2.43955866350012e-07,0.625112967319331,2851,0.0,105000.00000000004,314999.99999999994,665000.0000000005,0.7077206882510317,1.1610334230486639,1.9503812630949742,2851,0.3582810889983587,0.2571337863993597,-0.06828833592405531,0.427047372703813,0.06609306745141445
philadelphia,6,2023,7.621991222319222,19.216289012393975,0.3966422037784324,57398,2851,OK,0.19416373905614948,0.19416373905614948,0.5553542172256862,0.5553542172256862,0.24311027603126645,0.24311027603126645,0.680668791210139,319372.3816287011,319372.3816287011,0.36558885454937495,101596.4105377811,101596.4105377811,0.3348663080759267,0.21876937295002563,-0.13077582548390745,-0.3552280045679,-0.40792994986069325,0.629599325614864,1.173198597546576,1.2562231956707677,1.172995771681099,24.395065362178894,0.5012722055440468,-8.6843607830737,1.0709528763862377,-0.05606300144677672,0.8673623966515771,-0.06575067972539911,-0.2187401623146828,-0.36939915076594815,0.3613642875891539,div,-0.13077582548390745,-0.13152909348933076,-2.3142899543527804e-07,0.629599325614864,2851,0.0,105000.00000000004,314999.99999999994,665000.0000000005,0.7188117593010157,1.173198597546576,1.9849434163109525,2851,0.36558885454937495,0.26453923751996167,-0.06575067972539896,0.4446457827743137,0.069109088705563
philadelphia,6,2023,11.061685231539125,27.88832132880714,0.3966422037784324,57398,2851,OK,0.1783218415809128,0.1783218415809128,0.5342847918097944,0.5342847918097944,0.22823061624389407,0.22823061624389407,0.6655373644717917,322496.3661666994,322496.3661666994,0.3741502748304889,106000.77305204427,106000.77305204427,0.34756215193683615,0.23093705763206865,-0.1260594235464886,-0.3402345873115937,-0.4013017420679388,0.6466636403270858,1.186877637991609,1.2653241200160268,1.1829238778334419,24.781338770827183,0.5111552604643043,-5.500983663754882,1.0696581104893268,-0.04312357974963074,0.8657952975830049,-0.06330841828674869,-0.21061521720785803,-0.34822025271413104,0.34015800151525327,div,-0.1260594235464886,-0.12673359915540502,-2.2912886591691915e-07,0.6466636403270858,2851,0.0,105000.00000000004,314999.99999999994,665000.0000000005,0.7081158523168483,1.186877637991609,2.0045478856429115,2851,0.3741502748304889,0.27478165829642986,-0.06330841828674852,0.4657152081902056,0.06240313148617529
philadelphia,6,2023,16.05366322167172,40.47391595938043,0.3966422037784324,57398,2851,OK,0.15412339844318035,0.15412339844318035,0.5522001954478094,0.5522001954478094,0.20550198781814033,0.20550198781814033,0.6784036677660465,327210.6720955785,327210.6720955785,0.3668831855499259,104238.1780099526,104238.1780099526,0.3329263786323596,0.2163133558484157,-0.10464498924289624,-0.305180310134679,-0.36597163592626214,0.6574712637372017,1.1674645751154462,1.2439798076745587,1.1744341622477124,24.87038718306145,0.5286151715645028,3.644443883757177,1.0592162997828207,-0.016219891122094522,0.9047818536034363,-0.05545705937905939,-0.18449522074498706,-0.3043300104039017,0.31084851697467303,div,-0.10464498924289624,-0.10502949296916135,-1.933843207742571e-07,0.6574712637372017,2851,0.0,105000.00000000004,314999.99999999994,665000.0000000005,0.6956880321400825,1.1674645751154462,1.9708289815272462,2851,0.3668831855499259,0.26506366559508876,-0.05545705937905925,0.4477998045521906,0.07277737159707118
philadelphia,6,2023,23.298448422672752,58.739206773083225,0.3966422037784324,57398,2851,OK,0.10585855978588654,0.10585855978588654,0.5071778672827781,0.5071778672827781,0.16016875800551478,0.16016875800551478,0.6460699877167959,336416.3276240876,336416.3276240876,0.38488497742790023,114074.4392956014,114074.4392956014,0.36489769571395025,0.24539133755906858,-0.10630303469141232,-0.30324512977870893,-0.3836802152425345,0.6936836027612705,1.2048673414982543,1.2838318949611423,1.209293193933852,25.205822927574644,0.5404175528654238,4.969496848221628,1.0616382374441506,-0.01463425083879656,0.8891343961765555,-0.05655440501467111,-0.18814588357389606,-0.30577808554598734,0.3138713715738296,div,-0.10630303469141232,-0.10670619170215236,-2.0726842034589068e-07,0.6936836027612705,2851,0.0,105000.00000000004,314999.99999999994,665000.0000000005,0.7002253459544918,1.2048673414982543,2.039655322923079,2851,0.38488497742790023,0.2859031465021925,-0.05655440501467095,0.4928221327172218,0.06237322532176634
philadelphia,6,2023,33.81270003043063,85.24735821939585,0.3966422037784324,57398,2851,OK,0.08108881178284366,0.08108881178284366,0.5000770888555579,0.5000770888555579,0.13690352580208998,0.13690352580208998,0.6409704225205055,341044.2436741196,341044.2436741196,0.38764784923834533,116147.02759664647,116147.02759664647,0.36703301818727063,0.24607367877063455,-0.09949858738621382,-0.2889282596789002,-0.35969780758779746,0.682548674320472,1.199725862782912,1.2788650721899206,1.2102174860014612,26.04030279616241,0.5338080021458371,4.13499281085902,1.0567233468219583,0.0011532608955154922,0.9027263368224481,-0.0525800416534851,-0.17492392312642818,-0.2792918275133181,0.2886958114095174,div,-0.09949858738621382,-0.09982889595074755,-1.9088710366217755e-07,0.682548674320472,2851,0.0,105000.00000000004,314999.99999999994,665000.0000000005,0.6942588448738489,1.199725862782912,2.0436984304686154,2851,0.38764784923834533,0.28892432944270946,-0.05258004165348494,0.499922911144442,0.06354455660699655
philadelphia,6,2023,49.071880779635485,123.71825366079159,0.3966422037784324,57398,2851,OK,0.09668176656822347,0.09668176656822347,0.49332498520214363,0.49332498520214363,0.15154936369171235,0.15154936369171235,0.6361212650449388,338138.2823914654,338138.2823914654,0.3902569111711049,116104.89819101838,116104.89819101838,0.3663453701784285,0.24787466049515183,-0.09528842228674929,-0.27483456189590594,-0.3410856264787584,0.6804213467119512,1.1963828166304604,1.2674007007424466,1.2018627594454583,26.62718725547975,0.5369578129552655,9.387762197650547,1.0545303037155653,0.01694845824545903,0.904885450822245,-0.04811898707989431,-0.16008283242444177,-0.24918301009043362,0.26914212553506456,div,-0.09528842228674929,-0.09557840633519409,-1.8224017024894312e-07,0.6804213467119512,2851,0.0,105000.00000000004,314999.99999999994,665000.0000000005,0.6786387461656657,1.1963828166304604,1.9962330061249167,2851,0.3902569111711049,0.2910687761669849,-0.04811898707989415,0.5066750147978564,0.05628247025789055
philadelphia,6,2023,71.21730832153513,179.5505058289705,0.3966422037784324,57398,2851,OK,0.09290221172216928,0.09290221172216928,0.46016890387561216,0.46016890387561216,0.1479993792062736,0.1479993792062736,0.6123095660726129,338844.94262482313,338844.94262482313,0.40282350810443374,121777.81768217744,121777.81768217744,0.3870768620778288,0.26666873166132277,-0.09945312421330864,-0.27868335535322375,-0.3475796849871551,0.6838001833245441,1.2153699528611515,1.292014420544897,1.2232723875344145,27.016564506590328,0.5293440435898185,9.086775104673608,1.0561951971703019,0.01843055561058818,0.8992973853578881,-0.04811624419816521,-0.16007370737209037,-0.24558991004474864,0.26841726183279463,div,-0.09945312421330864,-0.09978297840322738,-1.9114973023518716e-07,0.6838001833245441,2851,0.0,105000.00000000004,314999.99999999994,665000.0000000005,0.681653020574067,1.2153699528611515,2.042367284348849,2851,0.40282350810443374,0.3046108933139647,-0.04811624419816504,0.5398310961243877,0.05410641352930288
philadelphia,6,2023,103.35664588322452,260.5790430232694,0.3966422037784324,57398,2851,OK,0.07221854711397957,0.07221854711397957,0.4571747739008708,0.4571747739008708,0.12857204147687173,0.12857204147687173,0.6101592721057105,342686.3432079904,342686.3432079904,0.4039390775650983,119444.60440777369,119444.60440777369,0.37651085112647603,0.2537564693198816,-0.08934058253281686,-0.25692743589685246,-0.3233310523054052,0.6899582173354131,1.1788088167586623,1.2535308280283763,1.1912224709815056,28.73488753679963,0.5505084012221294,13.559240687046515,1.0523062304185145,0.04574776371416927,0.9109591230846752,-0.04418074184014193,-0.1469810301833664,-0.21460649802398118,0.24444639718957714,div,-0.08934058253281686,-0.08957942516609162,-1.7325972362631409e-07,0.6899582173354131,2851,0.0,105000.00000000004,314999.99999999994,665000.0000000005,0.638327348935326,1.1788088167586623,2.0278726852248945,2851,0.4039390775650983,0.30302917841613036,-0.04418074184014179,0.5428252260991292,0.051873833931506144
philadelphia,6,2023,150.0,378.17458296442715,0.3966422037784324,57398,2851,OK,0.016556578445344527,0.016556578445344527,0.3632248519585597,0.3632248519585597,0.07629098371978604,0.07629098371978604,0.542687267868174,352816.3021330934,352816.3021330934,0.43750086010860967,135916.5580677769,135916.5580677769,0.4219545516915693,0.29458041788770556,-0.06591133366352525,-0.20195857873424197,-0.2891490147672781,0.7849559206576088,1.2045525823698136,1.276049800409537,1.223752400496603,31.58713379993231,0.6152531193475557,26.1626491529128,1.0427352787146418,0.10874882366994745,0.9480353585882757,-0.02943246375085564,-0.09791627896580048,-0.1308329487827378,0.2004572031750643,div,-0.06591133366352525,-0.06600702951484128,-1.4542243584554252e-07,0.7849559206576088,2851,0.0,105000.00000000004,314999.99999999994,665000.0000000005,0.5869798263251774,1.2045525823698136,2.154913049240524,2851,0.43750086010860967,0.3369846953807666,-0.029432463750855502,0.6367751480414403,0.05432045733051844
philadelphia,7,2024,0.0,0.0,0.39741462309213677,60249,2902,OK,0.6713568043314687,0.6713568043314687,0.6792637417677136,0.6792637417677136,0.7123496602990242,0.7123496602990242,0.781957815266027,150385.8890567221,150385.8890567221,0.307913339407599,69351.56729612553,69351.56729612553,0.22414934307732293,0.14004537415551313,-0.31746119500708503,-0.5534064137306861,-0.41900432773271573,0.4116506402003277,0.9361200495533495,1.0120977153460027,0.9181241252517902,22.908085561547864,0.40680023047897423,-39.89337365803273,1.1023539056534875,-0.20083514680395637,0.7466983817387916,-0.09615588721615365,-0.3252871669990967,-0.5792825670830425,0.5533308697981174,div,-0.31746119500708503,-0.32882122195070507,-4.981666804995166e-07,0.4116506402003277,2902,0.0,110024.99999999993,330000.0000000001,700000.0000000002,0.6436330675935104,0.9361200495533495,1.6582226003645206,2902,0.307913339407599,0.2108720038186071,-0.0961558872161537,0.3207362582322864,0.04651764897065395
philadelphia,7,2024,0.001,0.0025162637253238656,0.39741462309213677,60249,2902,OK,0.6657838587802405,0.6657838587802405,0.6772420660722734,0.6772420660722734,0.7074718484286617,0.7074718484286617,0.780583444348667,151655.60834094917,151655.60834094917,0.30888223992293207,69616.34130218651,69616.34130218651,0.22504272797441785,0.13959707750869554,-0.3183216328783197,-0.5558557970617019,-0.4228279982844233,0.4135767084572937,0.9343061104510809,1.0124103212783415,0.9177411439511997,22.993608851158363,0.4085774071745155,-37.869983861311226,1.1031545528399844,-0.2036359613170059,0.7446600758325584,-0.09695687358120669,-0.3279968355699592,-0.582262282116748,0.5570890780454819,div,-0.3183216328783197,-0.3297783860819888,-5.018540822735563e-07,0.4135767084572937,2902,0.0,110024.99999999993,330000.0000000001,700000.0000000002,0.6489123814579374,0.9343061104510809,1.6633415625486356,2902,0.30888223992293207,0.21141140331058889,-0.09695687358120675,0.3227579339277265,0.04662583881170781
philadelphia,7,2024,0.001451285485497223,0.0036518170222456974,0.39741462309213677,60249,2902,OK,0.6660049846942516,0.6660049846942516,0.6772603517005286,0.6772603517005286,0.7076653925066172,0.7076653925066172,0.7805958752423737,151605.43043269083,151605.43043269083,0.30887349004381254,69571.94009753154,69571.94009753154,0.22460322555663742,0.13707389965706257,-0.3189340879809046,-0.5548116510318731,-0.4209092374559971,0.4124747414875154,0.9351393875541634,1.0127953997171808,0.9181968070937194,22.956100698767244,0.40733382803436774,-39.09934494808047,1.1030264883221335,-0.20182406948932216,0.7437958101484285,-0.09660702629430405,-0.32681333203072127,-0.5800658758353311,0.5551355078358767,div,-0.3189340879809046,-0.330460045846065,-5.014799032356884e-07,0.4124747414875154,2902,0.0,110024.99999999993,330000.0000000001,700000.0000000002,0.6458852844226391,0.9351393875541634,1.6656340184141776,2902,0.30887349004381254,0.21103645385610104,-0.0966070262943041,0.3227396482994714,0.044874195098012264
philadelphia,7,2024,0.00210622956041491,0.00529982904007687,0.39741462309213677,60249,2902,OK,0.6715218396041446,0.6715218396041446,0.6783058375900349,0.6783058375900349,0.7124941101244688,0.7124941101244688,0.7813066150530609,150348.12455533742,150348.12455533742,0.3083728003679544,69557.67230696438,69557.67230696438,0.22459754657896272,0.13984856185803632,-0.3171266368752507,-0.552758916538728,-0.4180876553515714,0.41123120496794685,0.933543243382734,1.011918116262668,0.9181392105121499,22.941466148570296,0.40645786427010683,-39.13153695796725,1.102140181659606,-0.19961654199496484,0.7469590515155898,-0.09582618751749819,-0.32417182103286374,-0.5764951081751678,0.5527850875471072,div,-0.3171266368752507,-0.32844921150232975,-4.97134632525762e-07,0.41123120496794685,2902,0.0,110024.99999999993,330000.0000000001,700000.0000000002,0.6465289652349017,0.933543243382734,1.6609130007661361,2902,0.3083728003679544,0.2112220641451913,-0.09582618751749826,0.321694162409965,0.04610524228157845
philadelphia,7,2024,0.003056740390155355,0.007691564961480241,0.39741462309213677,60249,2902,OK,0.6712533167617727,0.6712533167617727,0.6783829683585371,0.6783829683585371,0.7122590811086735,0.7122590811086735,0.7813590499145483,150409.56495416356,150409.56495416356,0.308335829760887,69567.35212311927,69567.35212311927,0.22484673247529308,0.13962916414447032,-0.318533170214655,-0.555124284994922,-0.4199238709091365,0.4112773674411126,0.9324018155513154,1.0117216680499714,0.917516256393645,23.001981670764437,0.4065824225886007,-40.618584358406295,1.102674378791507,-0.2021693755905937,0.7458092219945998,-0.09636144680088375,-0.3259825575456584,-0.5798362833924465,0.5542279037154985,div,-0.318533170214655,-0.3300137927126921,-4.993955978788651e-07,0.4112773674411126,2902,0.0,110024.99999999993,330000.0000000001,700000.0000000002,0.6482470176373235,0.9324018155513154,1.6644773000076323,2902,0.308335829760887,0.2114922607423692,-0.09636144680088382,0.3216170316414629,0.04627458615695
philadelphia,7,2024,0.004436202961165585,0.011162656589355278,0.39741462309213677,60249,2902,OK,0.671244120942452,0.671244120942452,0.6778529140014837,0.6778529140014837,0.7122510323171993,0.7122510323171993,0.7809987095817258,150411.66859441553,150411.66859441553,0.30858980801840735,69368.90245485803,69368.90245485803,0.2248443298524887,0.1378463550732127,-0.31812052353981457,-0.5553411839748755,-0.42240591009741035,0.41354671825678424,0.9354398395518864,1.0132934836056393,0.9186909769265994,22.978906869081975,0.4081916990365171,-40.14427350314867,1.102975330176339,-0.20282445720236214,0.7452836256404549,-0.09669119761373414,-0.3270980764268542,-0.5809978777511551,0.5558275822299898,div,-0.31812052353981457,-0.32955461682596443,-5.015006521724163e-07,0.41354671825678424,2902,0.0,110024.99999999993,330000.0000000001,700000.0000000002,0.643765517733132,0.9354398395518864,1.657792919363626,2902,0.30858980801840735,0.21101461851804978,-0.09669119761373421,0.32214708599851627,0.04654708334350156
philadelphia,7,2024,0.006438196968259414,0.01620020148772125,0.39741462309213677,60249,2902,OK,0.6654901154333315,0.6654901154333315,0.6783903064989654,0.6783903064989654,0.7072147447531957,0.7072147447531957,0.7813640385122818,151722.23893786035,151722.23893786035,0.30833231218516566,69467.64884483084,69467.64884483084,0.22462377488007373,0.13747273808727864,-0.3177465730661877,-0.5539290331071535,-0.4196571027365562,0.41190297071560267,0.9350297378331254,1.0120262595157081,0.9179105379459973,22.93915154424586,0.4070783282529983,-40.00717118909296,1.1025325646443858,-0.2008106167183308,0.7462586466277409,-0.09617448822024305,-0.325350092609777,-0.5786545894784243,0.5535447833811186,div,-0.3177465730661877,-0.3291386162864628,-4.989201386282594e-07,0.41190297071560267,2902,0.0,110024.99999999993,330000.0000000001,700000.0000000002,0.6434364286161482,0.9350297378331254,1.6769568711420753,2902,0.30833231218516566,0.21110735318644472,-0.09617448822024312,0.32160969350103463,0.047227861180304684
philadelphia,7,2024,0.009343661812807113,0.02351111728126037,0.39741462309213677,60249,2902,OK,0.6698299583972624,0.6698299583972624,0.6793439221003645,0.6793439221003645,0.7110132633876198,0.7110132633876198,0.782012323275194,150734.82372239654,150734.82372239654,0.30787484962587675,69282.74832165806,69282.74832165806,0.224464884991692,0.13847958272830901,-0.31771642565472674,-0.5534347862443679,-0.4204870774748379,0.4130861886564005,0.9354080039713861,1.0129669934816241,0.9185898736476673,22.95271154348878,0.4078685508870754,-38.454809528957476,1.1027413022301136,-0.20155938496645776,0.7454566509671473,-0.09631017128337423,-0.3258090968423154,-0.5800977496026393,0.5541558655157032,div,-0.31771642565472674,-0.32910508364388114,-5.003058460962537e-07,0.4130861886564005,2902,0.0,110024.99999999993,330000.0000000001,700000.0000000002,0.6429095293068098,0.9354080039713861,1.6603815309585135,2902,0.30787484962587675,0.2107717011715338,-0.09631017128337428,0.3206560778996355,0.0465300817301578
philadelphia,7,2024,0.013560320770321632,0.0341213432581161,0.39741462309213677,60249,2902,OK,0.6646409557696795,0.6646409557696795,0.6772245905204255,0.6772245905204255,0.7064715038495981,0.7064715038495981,0.7805715641592386,151914.6917644098,151914.6917644098,0.3088906019397361,69380.72274599166,69380.72274599166,0.2248740134648476,0.13987449509769356,-0.31779080141696747,-0.5536334614513572,-0.4203706377120648,0.41282360052731637,0.9344283718917081,1.012764878416909,0.9184256725108085,23.02078197800984,0.4076906250834895,-39.867535525510235,1.1027183894459247,-0.2007592199999588,0.7453257513836453,-0.0962724049189557,-0.32568133645191993,-0.5780427736953512,0.5536507393074229,div,-0.31779080141696747,-0.3291878123001024,-5.001048592491388e-07,0.41282360052731637,2902,0.0,110024.99999999993,330000.0000000001,700000.0000000002,0.6465134523122145,0.9344283718917081,1.6597999344115177,2902,0.3088906019397361,0.21120473521952154,-0.09627240491895575,0.32277540947957456,0.046663387093246224
philadelphia,7,2024,0.019679896712654306,0.04951981021617242,0.39741462309213677,60249,2902,OK,0.674152500145371,0.674152500145371,0.6792647058015844,0.6792647058015844,0.714796638849527,0.714796638849527,0.7819584706333139,149744.87295958732,149744.87295958732,0.30791287666117745,69109.91161544723,69109.91161544723,0.22371825557856964,0.13751843870272817,-0.3157786216869969,-0.5511049091733432,-0.41705846277131153,0.41145006292728425,0.9365903624566648,1.0125750152601836,0.9191450398350179,22.876095006960153,0.40641035560592353,-36.8756007132469,1.1016487837892657,-0.1987320690928402,0.7486335119139557,-0.09559929255281592,-0.3234042547152451,-0.5757963622094215,0.5503763904138995,div,-0.3157786216869969,-0.3269511796846183,-4.95284905791555e-07,0.41145006292728425,2902,0.0,110024.99999999993,330000.0000000001,700000.0000000002,0.646710040050157,0.9365903624566648,1.6632531615268622,2902,0.30791287666117745,0.2104235967187778,-0.09559929255281599,0.32073529419841557,0.046046235158130035
philadelphia,7,2024,0.028561148455159703,0.07186738181130813,0.39741462309213677,60249,2902,OK,0.6625220947474223,0.6625220947474223,0.6773759318285661,0.6773759318285661,0.7046169360360409,0.7046169360360409,0.7806744486589499,152393.8487908139,152393.8487908139,0.3088181779145273,69586.25243668041,69586.25243668041,0.22484876296117892,0.13891247016799763,-0.3165601834725864,-0.5509001635614535,-0.41777808248148646,0.4123131874748323,0.9345129770957167,1.012842621681228,0.9189849252001531,23.007888726523714,0.40715530379542425,-37.69289225790134,1.1021319217620822,-0.19853924870659825,0.7471895051821494,-0.09588331376086999,-0.3243650742428928,-0.5757958736521411,0.5513819523121142,div,-0.3165601834725864,-0.3278195461279556,-4.975523128193015e-07,0.4123131874748323,2902,0.0,110024.99999999993,330000.0000000001,700000.0000000002,0.6453422899936324,0.9345129770957167,1.6712534901471872,2902,0.3088181779145273,0.21145506093909675,-0.09588331376087007,0.3226240681714338,0.04608715392990163
philadelphia,7,2024,0.04145038020210471,0.1043000881034386,0.39741462309213677,60249,2902,OK,0.6723420858761004,0.6723420858761004,0.678375679193314,0.678375679193314,0.7132120441084254,0.7132120441084254,0.781354094611026,150160.28927846864,150160.28927846864,0.30833932382036133,69473.98027460997,69473.98027460997,0.22470066652872614,0.13858889579781464,-0.31458520691067193,-0.5494855199507734,-0.4164771513604587,0.4120874633799051,0.9353429123013118,1.0133141153351226,0.9200930470054617,22.968810806266735,0.4067430583409553,-37.99140677660264,1.101317001180542,-0.19678410583940184,0.7497917291545314,-0.09528521408477883,-0.32234175404013266,-0.5729728076210584,0.5484552768039757,div,-0.31458520691067193,-0.32562613524524503,-4.941774610914439e-07,0.4120874633799051,2902,0.0,110024.99999999993,330000.0000000001,700000.0000000002,0.6482330256053537,0.9353429123013118,1.6669923152840753,2902,0.30833932382036133,0.2110792453870815,-0.09528521408477889,0.32162432080668607,0.046253046400348954
philadelphia,7,2024,0.060156335155656014,0.15136920400060203,0.39741462309213677,60249,2902,OK,0.6669033514903915,0.6669033514903915,0.6786130547591253,0.6786130547591253,0.708451702758865,0.708451702758865,0.7815154667217354,151401.40194950005,151401.40194950005,0.3082255175460446,69212.03137237202,69212.03137237202,0.22427550100034974,0.1384779451189116,-0.3161568226338216,-0.551179618757629,-0.41753027258425024,0.4118596950232376,0.935484665170797,1.0132622089245371,0.9196272059556264,22.944252511030587,0.40653906865679956,-37.129222356259696,1.1018184350816485,-0.19830439237058728,0.7487454206946105,-0.0955226984093975,-0.3231451432594349,-0.5746185492872441,0.5492350961397208,div,-0.3161568226338216,-0.32737132622080933,-4.963717844643411e-07,0.4118596950232376,2902,0.0,110024.99999999993,330000.0000000001,700000.0000000002,0.6460103444280164,0.935484665170797,1.6628953263894124,2902,0.3082255175460446,0.21068946196220925,-0.09552269840939756,0.32138694524087474,0.047298455610593405
philadelphia,7,2024,0.0873040160721099,0.2196799287173419,0.39741462309213677,60249,2902,OK,0.6765790138220797,0.6765790138220797,0.6807355229412853,0.6807355229412853,0.7169204846877908,0.7169204846877908,0.7829583581553922,149186.27273341132,149186.27273341132,0.3072060571387313,68767.94141022104,68767.94141022104,0.22394241263150422,0.13827968458353454,-0.3092911463273665,-0.5438806785097591,-0.4128024184095064,0.4126606680359435,0.9381690896625701,1.0157639458627845,0.9239841807605008,22.937140202389823,0.406326477184365,-36.854106495522366,1.0993304506866588,-0.19160167659082192,0.7563356831773358,-0.09382307573146456,-0.31739546467106716,-0.5656941994788088,0.5416511492576516,div,-0.3092911463273665,-0.3197613828252757,-4.86536918214919e-07,0.4126606680359435,2902,0.0,110024.99999999993,330000.0000000001,700000.0000000002,0.6468607662479617,0.9381690896625701,1.6591007022772521,2902,0.3072060571387313,0.20983815646620532,-0.09382307573146464,0.3192644770587148,0.048391206900497225
philadelphia,7,2024,0.12670305135106935,0.3188182920025428,0.39741462309213677,60249,2902,OK,0.6842163462478108,0.6842163462478108,0.6798402783751881,0.6798402783751881,0.7236051849816822,0.7236051849816822,0.7823497550553284,147414.29095125943,147414.29095125943,0.30763647148935847,68603.82853379093,68603.82853379093,0.22399736899825887,0.13776003892824912,-0.3085599772603615,-0.5427892707309003,-0.4133748148165804,0.414063771504019,0.9401895045341218,1.0176330581434994,0.9257589356309043,22.93021820539682,0.40695919588842283,-36.679675445392306,1.099241950551612,-0.1907656866297172,0.7577607436978901,-0.09374220801419945,-0.31712189607935193,-0.5640400876128606,0.5392947044565315,div,-0.3085599772603615,-0.31895307262045985,-4.870371195781756e-07,0.414063771504019,2902,0.0,110024.99999999993,330000.0000000001,700000.0000000002,0.6490484213594214,0.9401895045341218,1.6669553217216135,2902,0.30763647148935847,0.20957794203382332,-0.0937422080141995,0.3201597216248119,0.048194581390955914
philadelphia,7,2024,0.18388229939401626,0.4626963596943058,0.39741462309213677,60249,2902,OK,0.6767384904183902,0.6767384904183902,0.680008691612398,0.680008691612398,0.7170600691907035,0.7170600691907035,0.7824642453545598,149149.48685121132,149149.48685121132,0.30755554802251467,68557.26711293275,68557.26711293275,0.2239858591339881,0.13577255775500752,-0.30714961427152115,-0.5405742390236408,-0.4120696414156337,0.4144477142227241,0.9414120906261415,1.019437693188375,0.9278987066809943,22.979601373584106,0.4066154731264817,-35.49155896714619,1.0986519173356832,-0.18848427436290957,0.7586238937646432,-0.09326774813824239,-0.3155168387773702,-0.5609791208422852,0.537329067214104,div,-0.30714961427152115,-0.3173950481585585,-4.852605183962264e-07,0.4144477142227241,2902,0.0,110024.99999999993,330000.0000000001,700000.0000000002,0.6473578915739869,0.9414120906261415,1.6735574795804244,2902,0.30755554802251467,0.20923161514709515,-0.09326774813824242,0.319991308387602,0.04817731162314521
philadelphia,7,2024,0.26686571215039057,0.6715045110167481,0.39741462309213677,60249,2902,OK,0.6818551010339418,0.6818551010339418,0.6799557906700742,0.6799557906700742,0.7215384664345201,0.7215384664345201,0.7824282823577275,147964.40337673036,147964.40337673036,0.30758096950350267,68118.17545597878,68118.17545597878,0.2237025145361517,0.13590902393303775,-0.29841913756100147,-0.5309898804691837,-0.40519332258009355,0.4148876524895717,0.9441348149989304,1.021115592443006,0.9320841196715661,22.932604673131745,0.4063782367984107,-33.914136238935114,1.0955187100524912,-0.17979991260066103,0.7692699788113492,-0.09132627304721683,-0.30894899409887067,-0.5489357711235066,0.5275726058733868,div,-0.29841913756100147,-0.3077832958863405,-4.719678497550864e-07,0.4148876524895717,2902,0.0,110024.99999999993,330000.0000000001,700000.0000000002,0.6475762588398333,0.9441348149989304,1.6747582888626882,2902,0.30758096950350267,0.20884795012953647,-0.09132627304721688,0.3200442093299259,0.050732481125702195
philadelphia,7,2024,0.38729833462074176,0.9745447502845167,0.39741462309213677,60249,2902,OK,0.6895102266531457,0.6895102266531457,0.6812452574195305,0.6812452574195305,0.7282387405124249,0.7282387405124249,0.7833048846749799,146173.42239445634,146173.42239445634,0.306960718110488,67838.62442720606,67838.62442720606,0.22377682532334237,0.13421789034703105,-0.28927527093876,-0.516366165026653,-0.39730475707503904,0.41833139843212286,0.9499911788993334,1.0257679230416323,0.938748109551765,22.92046936348225,0.4078929395839682,-34.0270281202919,1.0926977243463294,-0.16780239118626677,0.7773957900071911,-0.08859667977111679,-0.29971501280507423,-0.5328642956103996,0.5130554095240245,div,-0.28927527093876,-0.2977751697120606,-4.6130377247984073e-07,0.41833139843212286,2902,0.0,110024.99999999993,330000.0000000001,700000.0000000002,0.6486734944384939,0.9499911788993334,1.6744502058543438,2902,0.306960718110488,0.20804503498340843,-0.08859667977111685,0.3187547425804695,0.05029791778948019
philadelphia,7,2024,0.5620804515923291,1.4143426510554347,0.39741462309213677,60249,2902,OK,0.6950408550330314,0.6950408550330314,0.6789907077937833,0.6789907077937833,0.7330795135854768,0.7330795135854768,0.7817722019383962,144865.70884717163,144865.70884717163,0.3080443706152452,67424.72036619052,67424.72036619052,0.22385962231286352,0.13137811881445294,-0.27621217578648327,-0.49965245388220636,-0.3883365757765113,0.42256619106494614,0.9558791546344866,1.0312892720799116,0.9473579735141487,22.93958731920208,0.4098161663826123,-27.249161909692962,1.0885951255093431,-0.1534717596409739,0.7910760807515558,-0.08533548481952577,-0.28868266837409706,-0.5107793590701194,0.4946535836582218,div,-0.27621217578648327,-0.28357672154460783,-4.449311381485166e-07,0.42256619106494614,2902,0.0,110024.99999999993,330000.0000000001,700000.0000000002,0.6503951702931983,0.9558791546344866,1.6935738070204946,2902,0.3080443706152452,0.2072499045641249,-0.08533548481952581,0.3210092922062166,0.051621181433220455
philadelphia,7,2024,0.8157392010776716,2.052614960996416,0.39741462309213677,60249,2902,OK,0.6954491901227553,0.6954491901227553,0.6801997126542587,0.6801997126542587,0.7334369155606859,0.7334369155606859,0.7825941048395055,144768.69000394165,144768.69000394165,0.3074637356044363,67484.8089741515,67484.8089741515,0.2239698448139957,0.13345044294798009,-0.26401190275425435,-0.4845938518515694,-0.3772590032140569,0.42326873253509034,0.961143779936007,1.0357048031083786,0.9553473670183114,22.934956310773078,0.4087474318846059,-24.374632947853893,1.0841133171705566,-0.14086698219650706,0.8065093571735553,-0.08209804523859339,-0.27773068633637815,-0.4918760254479592,0.4779142665648067,div,-0.26401190275425435,-0.27041602251038804,-4.2598561096056747e-07,0.42326873253509034,2902,0.0,110024.99999999993,330000.0000000001,700000.0000000002,0.6547532031980839,0.961143779936007,1.688090433811988,2902,0.3074637356044363,0.2067719827126171,-0.0820980452385934,0.3198002873457413,0.05579929372744494
philadelphia,7,2024,1.1838704624751253,2.9789303002085465,0.39741462309213677,60249,2902,OK,0.6941906366658261,0.6941906366658261,0.677563862118713,0.677563862118713,0.7323353460342544,0.7323353460342544,0.7808022069961804,145067.50925384118,145067.50925384118,0.3087282206708167,68143.26504695861,68143.26504695861,0.22618844752917966,0.13269810454887368,-0.24707288979061154,-0.46122908153571546,-0.36621087938416585,0.4316870633473428,0.9696978185270617,1.0453120372301166,0.9686146612898826,23.1299314325064,0.4130455258397767,-20.756737858011245,1.0791825469976861,-0.12336195761153221,0.8212683723029791,-0.07822062299756034,-0.26461369753246183,-0.4661744433411112,0.4566149562496625,div,-0.24707288979061154,-0.2522929860827595,-4.065831382717733e-07,0.4316870633473428,2902,0.0,110024.99999999993,330000.0000000001,700000.0000000002,0.6516769534863398,0.9696978185270617,1.7043465138882843,2902,0.3087282206708167,0.20730426651775508,-0.07822062299756036,0.32243613788128705,0.05420573474795535
philadelphia,7,2024,1.7181340188990342,4.323278307000549,0.39741462309213677,60249,2902,OK,0.7040041738951242,0.7040041738951242,0.6739750124640973,0.6739750124640973,0.7409248052255011,0.7409248052255011,0.778362443485541,142720.8944046963,142720.8944046963,0.3104416035851565,68751.8492717982,68751.8492717982,0.22871812002860475,0.13345766038580267,-0.22334171304353226,-0.4354885779816033,-0.3493151630966266,0.4361090948402373,0.9806511149177063,1.0558948403941932,0.9858539975804922,23.24622472809948,0.4130944076828318,-15.676540732447307,1.071045857688458,-0.10218036747353537,0.848227361905587,-0.07278125589929164,-0.24621278246746434,-0.4312106814154864,0.4330170551878039,div,-0.22334171304353226,-0.22717051687469797,-3.7129595803362504e-07,0.4361090948402373,2902,0.0,110024.99999999993,330000.0000000001,700000.0000000002,0.6525456560671479,0.9806511149177063,1.7053596311153654,2902,0.3104416035851565,0.20802530643152878,-0.07278125589929164,0.32602498753590264,0.058737775587062384
philadelphia,7,2024,2.4935029637671793,6.274311056714902,0.39741462309213677,60249,2902,OK,0.6977421917294178,0.6977421917294178,0.6706205252437483,0.6706205252437483,0.7354439027729105,0.7354439027729105,0.7760820037054603,144222.66939943397,144222.66939943397,0.31203459099587255,69783.2935094382,69783.2935094382,0.22981339100697898,0.13530458187318764,-0.20192302502887052,-0.40898226851809816,-0.3292245552036899,0.43766540023829076,0.9894427135241026,1.062443923407073,0.9988940872415438,23.20357444925624,0.4120131120663781,-11.323709460842549,1.063620194550378,-0.08250701752148759,0.8720544135814956,-0.06746856668188247,-0.2282404078712747,-0.3978065337663363,0.4067493786861801,div,-0.20192302502887052,-0.2047365106528294,-3.3688625599097515e-07,0.43766540023829076,2902,0.0,110024.99999999993,330000.0000000001,700000.0000000002,0.6463358646603662,0.9894427135241026,1.694631646495158,2902,0.31203459099587255,0.20871388258604415,-0.06746856668188247,0.3293794747562517,0.061062140288359656
philadelphia,7,2024,3.618784659359615,9.105816568105082,0.39741462309213677,60249,2902,OK,0.6842530563712291,0.6842530563712291,0.664707024156722,0.664707024156722,0.7236373161184619,0.7236373161184619,0.7720619010094062,147405.72218268167,147405.72218268167,0.3148231806752007,71450.13297220603,71450.13297220603,0.23357239590062776,0.13687258728624974,-0.1872642392372081,-0.3851466829343407,-0.3165619787382703,0.4468760346646041,0.9988694508431466,1.071795775533079,1.0116190860604688,23.383380474845527,0.41701325874250433,-6.184037576117125,1.0594855220723,-0.06534283476933714,0.8850778548249603,-0.06335199460877364,-0.21431439557835066,-0.3705664372086009,0.3838408057358518,div,-0.1872642392372081,-0.1895004708063076,-3.190047502491536e-07,0.4468760346646041,2902,0.0,110024.99999999993,330000.0000000001,700000.0000000002,0.6473057839136428,0.9988694508431466,1.7260083228470235,2902,0.3148231806752007,0.21072800398990282,-0.06335199460877362,0.335292975843278,0.05982317498828096
philadelphia,7,2024,5.2518896512686215,13.215139418891038,0.39741462309213677,60249,2902,OK,0.6314327408180616,0.6314327408180616,0.660113935490838,0.660113935490838,0.6774054698114846,0.6774054698114846,0.7689394380458927,159258.69096265986,159258.69096265986,0.31697218526139614,74090.71312819653,74090.71312819653,0.23677239975605174,0.14037899717211016,-0.16664302514038554,-0.35911312842849086,-0.29722344913202475,0.44999352214095856,1.0072173012805694,1.0800174411859147,1.026093729295011,23.493736191377202,0.41672574593787737,-0.9470245118027673,1.052552423186479,-0.046789799680797106,0.906822284538955,-0.058240662165925015,-0.19702319378030325,-0.33883220337187003,0.36208216182117714,div,-0.16664302514038554,-0.16821180141069342,-2.8585687240396497e-07,0.44999352214095856,2902,0.0,110024.99999999993,330000.0000000001,700000.0000000002,0.6404430544176932,1.0072173012805694,1.7358890428731508,2902,0.31697218526139614,0.21265052907888146,-0.05824066216592497,0.33988606450916203,0.06247973547592802
philadelphia,7,2024,7.621991222319222,19.17894002745877,0.39741462309213677,60249,2902,OK,0.6043497905384092,0.6043497905384092,0.6492126456808529,0.6492126456808529,0.6537006740003338,0.6537006740003338,0.7615285483021274,165006.27686457566,165006.27686457566,0.3220152496883637,77388.10212701037,77388.10212701037,0.24428004154805652,0.1440398364061354,-0.14774385360196748,-0.33609840694658155,-0.28525575550016796,0.4614476476706264,1.0210864652534994,1.0914361583643226,1.0424110868687737,23.841155565954043,0.4228622716914881,1.130182116195454,1.0470304586291497,-0.03003628426227558,0.9263323329712663,-0.0542989021985277,-0.18368855593433553,-0.31168459893841766,0.3433282250972206,div,-0.14774385360196748,-0.1488331524927624,-2.5988851871791225e-07,0.4614476476706264,2902,0.0,110024.99999999993,330000.0000000001,700000.0000000002,0.6393348910162084,1.0210864652534994,1.751308056919987,2902,0.3220152496883637,0.21768519154555047,-0.05429890219852766,0.35078735431914715,0.06549700287572292
philadelphia,7,2024,11.061685231539125,27.834117289072623,0.39741462309213677,60249,2902,OK,0.5647826994261569,0.5647826994261569,0.6429070000630086,0.6429070000630086,0.6190689294535878,0.6190689294535878,0.7572418588138524,173060.45477163247,173060.45477163247,0.3248965824288954,79696.47218485265,79696.47218485265,0.24783001747175537,0.14602839991220518,-0.1313562191926382,-0.3165186462326691,-0.270270085148219,0.46425132672728453,1.028118152127751,1.098059333453653,1.0542072562542704,23.95963777519764,0.4228654330664182,3.723986906730271,1.0415972067534371,-0.016729384597735708,0.9449131869962585,-0.05040710504685585,-0.17052293803351276,-0.28729007270859214,0.32994003821152385,div,-0.1313562191926382,-0.1321196316589428,-2.324657779863886e-07,0.46425132672728453,2902,0.0,110024.99999999993,330000.0000000001,700000.0000000002,0.6312766329566187,1.028118152127751,1.7747578084035487,2902,0.3248965824288954,0.2202469681760762,-0.05040710504685579,0.35709299993699134,0.07015823224512084
philadelphia,7,2024,16.05366322167172,40.39525042325841,0.39741462309213677,60249,2902,OK,0.5471130277761622,0.5471130277761622,0.6334280547684805,0.6334280547684805,0.6036032599387013,0.6036032599387013,0.7507979040443362,176538.60038064324,176538.60038064324,0.32918048949209117,82448.12977969632,82448.12977969632,0.2536454333800844,0.15349567254984847,-0.12007660703102334,-0.29655006595994027,-0.25902256440184035,0.47489111955478186,1.0326270575434013,1.1056144792665248,1.0646092888679448,24.336144434871887,0.4296008879811198,12.142911326604379,1.038516656605714,-0.0021894209967048147,0.9532680671749356,-0.04686225021444064,-0.15853099641409532,-0.26411752309494346,0.31104268242269945,div,-0.12007660703102334,-0.12065875542316595,-2.1737404693842267e-07,0.47489111955478186,2902,0.0,110024.99999999993,330000.0000000001,700000.0000000002,0.6411972832863828,1.0326270575434013,1.8028296608172159,2902,0.32918048949209117,0.22421280352867823,-0.04686225021444057,0.3665719452315195,0.06376495733072954
philadelphia,7,2024,23.298448422672752,58.62504062230048,0.39741462309213677,60249,2902,OK,0.4949947494229897,0.4949947494229897,0.6239481609459561,0.6239481609459561,0.5579858831893563,0.5579858831893563,0.7443533044487011,186420.0894100465,186420.0894100465,0.3334097785583426,85312.70094269924,85312.70094269924,0.2589919149328269,0.15599452534545427,-0.10965659914283699,-0.2859703715943787,-0.25175598949613315,0.47864469135541005,1.0383933399441876,1.110676637941824,1.072933813591049,24.691227089413893,0.43102300380978315,10.42755973588998,1.0351772158475014,0.005965483872389264,0.9656259276756209,-0.04520309930537677,-0.1529182303686826,-0.25184783825341084,0.3049207524400086,div,-0.10965659914283699,-0.11009932216629034,-2.0007980434345418e-07,0.47864469135541005,2902,0.0,110024.99999999993,330000.0000000001,700000.0000000002,0.6231615870310404,1.0383933399441876,1.790567119548184,2902,0.3334097785583426,0.2286255047506667,-0.045203099305376686,0.37605183905404393,0.06710637828920726
philadelphia,7,2024,33.81270003043063,85.08167054182977,0.39741462309213677,60249,2902,OK,0.46824399727679344,0.46824399727679344,0.6173345033508381,0.6173345033508381,0.5345718492354297,0.5345718492354297,0.7398572229670821,191293.8314241558,191293.8314241558,0.3363288539040787,86898.27384773371,86898.27384773371,0.2626240241437996,0.16151897284585454,-0.10496477544613592,-0.2760024828796899,-0.2468546176339068,0.4862758942531578,1.044932319306323,1.114800426838191,1.0780964857682038,24.80686923160455,0.43627512790066947,14.097300793471383,1.0340451356205225,0.012828546342705197,0.9666161249659038,-0.04375948638306505,-0.14803461095298887,-0.24194329223839134,0.29554307121488677,div,-0.10496477544613592,-0.10535283073781755,-1.9457254390041123e-07,0.4862758942531578,2902,0.0,110024.99999999993,330000.0000000001,700000.0000000002,0.6238036734377266,1.044932319306323,1.801051939289779,2902,0.3363288539040787,0.23137874481381945,-0.043759486383064976,0.38266549664916194,0.05988576071410189
philadelphia,7,2024,49.071880779635485,123.47779353921419,0.39741462309213677,60249,2902,OK,0.3855236418853747,0.3855236418853747,0.6054842446740476,0.6054842446740476,0.462169503341355,0.462169503341355,0.7318012073928192,205635.15092375036,205635.15092375036,0.3414968094831334,90289.40154811958,90289.40154811958,0.26754030686024916,0.15948354380909716,-0.084904083670619,-0.2576633986042649,-0.2348956776397994,0.4956518928670668,1.0409993691015786,1.1221621423752375,1.091900553623291,25.372167835643978,0.4417697715431403,21.050138051179324,1.027714601528068,0.028658227331609238,0.989049096908986,-0.04030985125376249,-0.13636478946957914,-0.21991392681166555,0.28969422779406506,div,-0.084904083670619,-0.08510898677443958,-1.6042076502648354e-07,0.4956518928670668,2902,0.0,110024.99999999993,330000.0000000001,700000.0000000002,0.6196847071969668,1.0409993691015786,1.838793950683074,2902,0.3414968094831334,0.23375277689813323,-0.04030985125376241,0.3945157553259524,0.06453798143734388
philadelphia,7,2024,71.21730832153513,179.20152954468432,0.39741462309213677,60249,2902,OK,0.32057515338703124,0.32057515338703124,0.5957087607865552,0.5957087607865552,0.40532227502248086,0.40532227502248086,0.7251556604396683,216229.76567020448,216229.76567020448,0.34570179923704625,92538.66329975834,92538.66329975834,0.271538649843798,0.1641958054034694,-0.07904849310469096,-0.2508678211001824,-0.23311356672104383,0.5052159651948799,1.0435396143659252,1.1247335881522451,1.0960153998839115,25.709068983381034,0.4492646429248665,19.13779300573031,1.0262023583531539,0.03539197887835334,0.9951012131108028,-0.040662077000390026,-0.13755633913524914,-0.21914644989761556,0.2901549449372181,div,-0.07904849310469096,-0.0792137623403988,-1.5223899081915477e-07,0.5052159651948799,2902,0.0,110024.99999999993,330000.0000000001,700000.0000000002,0.6173735501826573,1.0435396143659252,1.8473817328298014,2902,0.34570179923704625,0.23667706879281095,-0.040662077000389936,0.40429123921344473,0.06451138774246988
philadelphia,7,2024,103.35664588322452,260.0725788071021,0.39741462309213677,60249,2902,OK,0.20382311543463338,0.20382311543463338,0.5674772025735482,0.5674772025735482,0.3031331415780114,0.3031331415780114,0.7059633475245807,234072.04393151813,234072.04393151813,0.3575682724315198,97224.44762446852,97224.44762446852,0.2806170450677556,0.16366806693607647,-0.07335122804971361,-0.2405649533922019,-0.22962520423570632,0.5189693059890809,1.04256057820139,1.1280897034391129,1.1007158814594291,26.585190667745117,0.4601218709138352,19.690017086784824,1.0248691078604126,0.051172922459729146,1.0019089887127473,-0.041246719530801154,-0.13953413496169825,-0.21461080333490143,0.2831936852245595,div,-0.07335122804971361,-0.07348320742113566,-1.451123237340646e-07,0.5189693059890809,2902,0.0,110024.99999999993,330000.0000000001,700000.0000000002,0.6036224857708095,1.04256057820139,1.8959999590355416,2902,0.3575682724315198,0.2439198334240343,-0.04124671953080107,0.4325227974264517,0.060213980201170664
philadelphia,7,2024,150.0,377.43955879857987,0.39741462309213677,60249,2902,OK,-0.010310646117540845,-0.010310646117540845,0.52283149351625,0.52283149351625,0.11570905958345856,0.11570905958345856,0.675612404368037,263676.9884766371,263676.9884766371,0.3755695386829429,105234.5386370822,105234.5386370822,0.3015860102128392,0.1745848521965509,-0.07131822291564141,-0.22395946769035407,-0.23505730632739721,0.5706355221018955,1.0516394187476554,1.1436175495463634,1.1143527406267977,28.26925358366148,0.49906007945979747,23.189902981985696,1.0262617103657006,0.07770993455395668,0.996278498019784,-0.041921901383590886,-0.14181821759523958,-0.20794942828239849,0.27139867799601036,div,-0.07131822291564141,-0.0714395082958496,-1.5513670064426598e-07,0.5706355221018955,2902,0.0,110024.99999999993,330000.0000000001,700000.0000000002,0.5897903696120823,1.0516394187476554,1.9588631569062414,2902,0.3755695386829429,0.25843238298962323,-0.041921901383590796,0.4771685064837499,0.05343347601078154
