county_key,fold,validation_year,rho_tilde,raw_rho,Var_training_y,n_train,n_val,fit_status,R2_price,R2,R2_log,R2 (log),OOS_R2_price,OOS R2,OOS_R2_log,RMSE_price,RMSE,RMSE_log,MAE_price,MAE,MAPE,MdAPE,"Corr(r,price)","Corr(r,logprice)",Slope(r~logy),Std ratio,Median ratio,Mean ratio,W. Mean ratio,COD,COV_IAAO,VEI,PRD,PRB,MKI,Cov_log_residual_log_price,Beta_log,Corr_log_residual_log_price,dCor_e_y,fairness_ratio_mode,"Corr(r,y)_price","FisherZ(r,y)_price",Slope(r~y)_price,Std(r),val_rows,small_abs_y_share,y_q05,y_q50,y_q95,r_q05,r_q50,r_q95,N,RMSE (log),MAE (log),"Cov(e,logprice)",NMSE,Delta_NL
st_louis_county,1,2018,0.0,0.0,0.5041567980789551,27280,14788,OK,0.8136263369848,0.8136263369848,0.8568592524595087,0.8568592524595087,0.8136877925208086,0.8136877925208086,0.8570465032217333,107404.878015128,107404.878015128,0.27023364693732493,46427.604953619055,46427.604953619055,0.19507250913865984,0.13185885162414696,-0.14597404594517063,-0.22214625111338981,-0.13270493633602387,0.4266835219505658,0.9496323729110958,1.0054152410643749,0.9473385837749774,19.89912570651236,0.42439972255813474,-17.098247583265366,1.0613050690471957,-0.022051180520929626,0.9186198832940229,-0.05591728267887562,-0.10960503243310528,-0.2922275680256163,0.2768905815791363,div,-0.14597404594517063,-0.14702433250462477,-2.503512596928128e-07,0.4266835219505658,14788,0.0,65000.00000000002,198999.9999999999,690000.0000000002,0.675646078035622,0.9496323729110958,1.4903889459218307,14788,0.27023364693732493,0.1860739241028486,-0.055917282678875635,0.14314074754049128,0.0823308031337541
st_louis_county,1,2018,0.001,0.0019835098997185233,0.5041567980789551,27280,14788,OK,0.8138580710748966,0.8138580710748966,0.8565477033880166,0.8565477033880166,0.8139194501980553,0.8139194501980553,0.8567353617057563,107338.08447559772,107338.08447559772,0.2705275719101066,46432.352864406355,46432.352864406355,0.1951657430161702,0.13219673485606215,-0.14530938872309096,-0.22144938306329665,-0.1327887071153953,0.4282964252062922,0.950445991389295,1.0053289656379794,0.9472982106983808,19.890436235251467,0.42604055169575256,-16.434696159107634,1.061259225747736,-0.021987239877594295,0.9188292047085445,-0.0559371629801245,-0.10964400036857663,-0.2920298271734154,0.2770386269553387,div,-0.14530938872309096,-0.1463452713428727,-2.501533882650922e-07,0.4282964252062922,14788,0.0,65000.00000000002,198999.9999999999,690000.0000000002,0.6749176119659294,0.950445991389295,1.4877409727190911,14788,0.2705275719101066,0.186250009531783,-0.05593716298012453,0.14345229661198344,0.08329589371266252
st_louis_county,1,2018,0.001451285485497223,0.002878639127801545,0.5041567980789551,27280,14788,OK,0.8131921785367979,0.8131921785367979,0.8567987423494985,0.8567987423494985,0.8132537772338072,0.8132537772338072,0.8569860722685279,107529.90536432745,107529.90536432745,0.27029075904634403,46428.47527844186,46428.47527844186,0.1949886685265277,0.13237735899270434,-0.14780036469403968,-0.22457977544841196,-0.13279921912580897,0.4223598820259976,0.9503633444153445,1.005327751876712,0.9471203438411936,19.880050567479206,0.42013578403216006,-16.992616748172786,1.0614572460765115,-0.022710848347619578,0.918323540178688,-0.05612581933163935,-0.11001379096883246,-0.2932526773700687,0.2780934411243458,div,-0.14780036469403968,-0.14889092514288593,-2.509148874139124e-07,0.4223598820259976,14788,0.0,65000.00000000002,198999.9999999999,690000.0000000002,0.6752508694302295,0.9503633444153445,1.490438397688611,14788,0.27029075904634403,0.1861836862366939,-0.05612581933163936,0.1432012576505015,0.08282243959714033
st_louis_county,1,2018,0.00210622956041491,0.0041777271841627675,0.5041567980789551,27280,14788,OK,0.8134571530227311,0.8134571530227311,0.8567016899948987,0.8567016899948987,0.8135186643460806,0.8135186643460806,0.8568891468737748,107453.6162879676,107453.6162879676,0.27038233614520646,46373.086599545386,46373.086599545386,0.1950443736020014,0.13203507854918312,-0.14600084872418775,-0.2219517287149531,-0.13254841713206164,0.42655378077398104,0.9499858089649575,1.005024634272662,0.9469549758815502,19.885795560063848,0.42443557028692835,-16.391553305214686,1.061322512548237,-0.021989624809077242,0.9185733677980717,-0.0558093896390044,-0.10939354826277632,-0.29155883417288203,0.2766203968647643,div,-0.14600084872418775,-0.1470517189527955,-2.5032108951628867e-07,0.42655378077398104,14788,0.0,65000.00000000002,198999.9999999999,690000.0000000002,0.6751063673148221,0.9499858089649575,1.4890896468967503,14788,0.27038233614520646,0.18615826893519802,-0.05580938963900442,0.14329831000510132,0.08271750507271038
st_louis_county,1,2018,0.003056740390155355,0.006063074824742608,0.5041567980789551,27280,14788,OK,0.812838062803125,0.812838062803125,0.8568259971937292,0.8568259971937292,0.8128997782675567,0.8128997782675567,0.857013291459107,107631.77476891634,107631.77476891634,0.2702650362167815,46417.45615496386,46417.45615496386,0.19494699390995174,0.13206034872665223,-0.14670096827784368,-0.22281040272155903,-0.13195198618242454,0.4229979376488569,0.9496553666008231,1.005101507310152,0.9472397891705694,19.886356240571317,0.4208651935797543,-16.943348477266508,1.0610845519804948,-0.02191588814891962,0.9188446109932884,-0.05569790734631708,-0.10917502869744117,-0.29107983435025375,0.27624035955746845,div,-0.14670096827784368,-0.14776716232536816,-2.4942472071097165e-07,0.4229979376488569,14788,0.0,65000.00000000002,198999.9999999999,690000.0000000002,0.6741344743986842,0.9496553666008231,1.4875987775853552,14788,0.2702650362167815,0.18617214532629286,-0.055697907346317105,0.14317400280627074,0.08275892519711621
st_louis_county,1,2018,0.004436202961165585,0.008799252490632565,0.5041567980789551,27280,14788,OK,0.8130523668201339,0.8130523668201339,0.85688916250794,0.85688916250794,0.8131140116191721,0.8131140116191721,0.8570763741430854,107570.13689384905,107570.13689384905,0.2702054120570343,46357.019839171495,46357.019839171495,0.19482637335302988,0.1318176804523215,-0.14545329418301048,-0.22124867487243,-0.1324849430330624,0.42770431020966587,0.9504055976443113,1.0055786230259143,0.9475707043229232,19.879608026454243,0.42534592755294,-16.61945646449165,1.0612175096152219,-0.021909160953809136,0.9187339704910211,-0.05584293996057427,-0.10945931118807663,-0.29184174745817143,0.2769202179973647,div,-0.14545329418301048,-0.14649228402405703,-2.500549480161476e-07,0.42770431020966587,14788,0.0,65000.00000000002,198999.9999999999,690000.0000000002,0.6750168418163038,0.9504055976443113,1.4871742089234965,14788,0.2702054120570343,0.18593179958211695,-0.05584293996057429,0.14311083749206002,0.0822098332703964
st_louis_county,1,2018,0.006438196968259414,0.01277022742288033,0.5041567980789551,27280,14788,OK,0.8141754286921593,0.8141754286921593,0.8568505700758728,0.8568505700758728,0.8142367031686519,0.8142367031686519,0.8570378321960299,107246.54386817371,107246.54386817371,0.2702418424953907,46299.635036121006,46299.635036121006,0.19480157568901166,0.1310455304957895,-0.14562472170175128,-0.22152393815892513,-0.13286857679940264,0.42840980451215954,0.9509746258175573,1.005798990251418,0.9476269086091579,19.86361656725875,0.42595418612280017,-16.689112801897288,1.0613871146057259,-0.022140060156811747,0.9184645994437576,-0.05592543363085326,-0.10962100934244476,-0.2922055664992392,0.27728008369883367,div,-0.14562472170175128,-0.14666742123000143,-2.507626058008605e-07,0.42840980451215954,14788,0.0,65000.00000000002,198999.9999999999,690000.0000000002,0.6737929315093655,0.9509746258175573,1.4876469124022853,14788,0.2702418424953907,0.18582497188338282,-0.05592543363085328,0.1431494299241272,0.08285062642443014
st_louis_county,1,2018,0.009343661812807113,0.018533245705324834,0.5041567980789551,27280,14788,OK,0.8132166240031975,0.8132166240031975,0.8567382337661641,0.8567382337661641,0.8132782146394689,0.8132782146394689,0.8569256428400013,107522.86951147048,107522.86951147048,0.2703478576497055,46424.28113885767,46424.28113885767,0.19505176580045747,0.13158899734885154,-0.14543158140341295,-0.22114339980115685,-0.13234367342521391,0.42745163721171636,0.9499245183238614,1.0056796243439505,0.9477146288363166,19.90405774076095,0.42505195516480815,-17.140291052896274,1.0611629215630112,-0.021704216509497793,0.9187404167019529,-0.05572484031068084,-0.10922782075548094,-0.2910629539488469,0.2762249672592051,div,-0.14543158140341295,-0.1464701020173189,-2.498699188404141e-07,0.42745163721171636,14788,0.0,65000.00000000002,198999.9999999999,690000.0000000002,0.6749775243311942,0.9499245183238614,1.4908631391732836,14788,0.2703478576497055,0.1860547861542769,-0.05572484031068087,0.14326176623383585,0.08247186744837409
st_louis_county,1,2018,0.013560320770321632,0.02689703049129167,0.5041567980789551,27280,14788,OK,0.8136832896849815,0.8136832896849815,0.8569016857085966,0.8569016857085966,0.8137447264411974,0.8137447264411974,0.8570888809614126,107388.46618659672,107388.46618659672,0.2701935893653235,46293.84540045887,46293.84540045887,0.19471457899303485,0.13111370375272857,-0.14511470803272764,-0.22107111387775488,-0.13179452519206697,0.4258171532391724,0.949985402327904,1.0052098701423346,0.9475923344314531,19.85665335644116,0.42362452260571315,-16.754211926959766,1.0608041386757856,-0.021506299323670517,0.919424655216629,-0.05550205804965151,-0.10879113900386814,-0.2901227952640247,0.2755298929625732,div,-0.14511470803272764,-0.14614639708196966,-2.4837212261953193e-07,0.4258171532391724,14788,0.0,65000.00000000002,198999.9999999999,690000.0000000002,0.6745133803570017,0.949985402327904,1.4874312580449516,14788,0.2701935893653235,0.18586507218394063,-0.05550205804965153,0.1430983142914034,0.08263481721248093
st_louis_county,1,2018,0.019679896712654306,0.039035269954987836,0.5041567980789551,27280,14788,OK,0.8139649489057912,0.8139649489057912,0.856826800257088,0.856826800257088,0.8140262927866614,0.8140262927866614,0.8570140934719317,107307.264689535,107307.264689535,0.2702642782570688,46351.42074102043,46351.42074102043,0.19485727322134258,0.1323133474451868,-0.14489775427612903,-0.22095625508203198,-0.13130813262230806,0.4244661931897814,0.9506156769807402,1.0054165639929258,0.9480676951817274,19.866172344559473,0.42219370640018444,-16.30623183733749,1.0604902678391606,-0.021306295008021267,0.920052394213142,-0.05524271097939557,-0.10828278554524108,-0.28865789324972674,0.2745505316608948,div,-0.14489775427612903,-0.14592478349835966,-2.4721397922917983e-07,0.4244661931897814,14788,0.0,65000.00000000002,198999.9999999999,690000.0000000002,0.6747534930084911,0.9506156769807402,1.4909824414364727,14788,0.2702642782570688,0.18600701828030194,-0.0552427109793956,0.143173199742912,0.08345487100280599
st_louis_county,1,2018,0.028561148455159703,0.05665132070813968,0.5041567980789551,27280,14788,OK,0.8138139435320573,0.8138139435320573,0.8565160798495856,0.8565160798495856,0.8138753372059939,0.8138753372059939,0.8567037795359207,107350.80671734181,107350.80671734181,0.2705573886779072,46404.58311796148,46404.58311796148,0.1953015947909761,0.1322714012195773,-0.1449953410202206,-0.22088815316710173,-0.1317380418060875,0.42598721148013063,0.9504382619321013,1.0058749074883706,0.9482817744974218,19.914479821925244,0.42351351264187426,-16.31594546093656,1.060734197935495,-0.021269260902208893,0.9195664239246276,-0.055409399567645144,-0.10860951651724207,-0.2891637823472059,0.27552016134960966,div,-0.1449953410202206,-0.14602446449050865,-2.482669297251696e-07,0.42598721148013063,14788,0.0,65000.00000000002,198999.9999999999,690000.0000000002,0.6759399979050668,0.9504382619321013,1.4899606991121155,14788,0.2705573886779072,0.18631991514977825,-0.05540939956764516,0.14348392015041445,0.0826092389063752
st_louis_county,1,2018,0.04145038020210471,0.08221723947797138,0.5041567980789551,27280,14788,OK,0.812001816955088,0.812001816955088,0.8568852673336105,0.8568852673336105,0.8120638081662963,0.8120638081662963,0.8570724840642605,107871.95798120233,107871.95798120233,0.27020908924194076,46403.43810909244,46403.43810909244,0.19483051158127324,0.1314465816743431,-0.14462405214676488,-0.22027337999580465,-0.13079667360903566,0.4241236254757726,0.9505723777028682,1.0049915807380292,0.9477972363744244,19.85276937420693,0.42203136271014224,-15.787068595546314,1.0603444937045694,-0.020948568847413196,0.9201268371289,-0.05509023453980962,-0.10798391220402245,-0.28797914861792245,0.2740968393557499,div,-0.14462405214676488,-0.14564522297530874,-2.465478701259016e-07,0.4241236254757726,14788,0.0,65000.00000000002,198999.9999999999,690000.0000000002,0.6750484510579179,0.9505723777028682,1.4872506838269035,14788,0.27020908924194076,0.1860568850321393,-0.05509023453980964,0.14311473266638952,0.08292024335893747
st_louis_county,1,2018,0.060156335155656014,0.11932068631202913,0.5041567980789551,27280,14788,OK,0.8139966955835035,0.8139966955835035,0.8568245819339874,0.8568245819339874,0.8140580289961077,0.8140580289961077,0.8570118780507489,107298.10836529425,107298.10836529425,0.27026637198400416,46328.33375080829,46328.33375080829,0.1948166537963333,0.1319888689159342,-0.14378880987817996,-0.21915199075799857,-0.1305287074189078,0.425420485691764,0.9504918777927833,1.0050612971588653,0.9480233898231577,19.87472131879712,0.4232924614651212,-16.31536316035431,1.0601650844778707,-0.020494352583640702,0.9204258069095469,-0.05485554850660575,-0.10752389753505813,-0.28668863178488974,0.2730053557591512,div,-0.14378880987817996,-0.14479224250197148,-2.4587351645569045e-07,0.425420485691764,14788,0.0,65000.00000000002,198999.9999999999,690000.0000000002,0.6739133129817171,0.9504918777927833,1.4874886339005895,14788,0.27026637198400416,0.1859995752741538,-0.05485554850660577,0.14317541806601264,0.08306089710088486
st_louis_county,1,2018,0.0873040160721099,0.17316838016421504,0.5041567980789551,27280,14788,OK,0.8132991428993345,0.8132991428993345,0.8564887394188158,0.8564887394188158,0.8133607063255222,0.8133607063255222,0.8566764748707634,107499.11566123289,107499.11566123289,0.27058316439968766,46362.81562041602,46362.81562041602,0.19529367262098818,0.132769064986562,-0.1411129471831821,-0.21550638070455533,-0.13050023688638326,0.43252274300779964,0.9517987855793204,1.0057328733975444,0.9488219141265198,19.912528317906407,0.43007182056261234,-16.185511989760034,1.0599806543501016,-0.019619662788791674,0.9208314594242363,-0.05462595508379453,-0.10707386503440591,-0.2850830324412807,0.2718069525337214,div,-0.1411129471831821,-0.1420609540464323,-2.4532628096742004e-07,0.43252274300779964,14788,0.0,65000.00000000002,198999.9999999999,690000.0000000002,0.6746691920652068,0.9517987855793204,1.4873127635152104,14788,0.27058316439968766,0.18626677616486984,-0.05462595508379456,0.14351126058118427,0.08311160715366296
st_louis_county,1,2018,0.12670305135106935,0.25131675667939046,0.5041567980789551,27280,14788,OK,0.8134044770472643,0.8134044770472643,0.856441785363598,0.856441785363598,0.8134660057401832,0.8134660057401832,0.8566295822388845,107468.7865950042,107468.7865950042,0.27062742551814,46397.56861517652,46397.56861517652,0.19523468702705893,0.1323030396012163,-0.13987863439062614,-0.21380892202969526,-0.12941479770356826,0.43233052043415854,0.9508303766180931,1.0058962983148303,0.9495082095778623,19.924949255838808,0.4298108458225834,-15.995172240818606,1.059386625800779,-0.018637914025474305,0.9217411767689847,-0.05410918756839031,-0.10606093454900427,-0.2823208577297677,0.26906232310895095,div,-0.13987863439062614,-0.1408017862840204,-2.430723410375617e-07,0.43233052043415854,14788,0.0,65000.00000000002,198999.9999999999,690000.0000000002,0.675357116429609,0.9508303766180931,1.4871888319841935,14788,0.27062742551814,0.1861586764071709,-0.05410918756839034,0.1435582146364019,0.08236498046168275
st_louis_county,1,2018,0.18388229939401626,0.3647323612310367,0.5041567980789551,27280,14788,OK,0.8129637718644378,0.8129637718644378,0.8563206228069771,0.8563206228069771,0.8130254458771019,0.8130254458771019,0.8565085781820719,107595.62275458082,107595.62275458082,0.27074160566147226,46445.010538543014,46445.010538543014,0.19540512997694964,0.13260544405696606,-0.13858836142815642,-0.21256942811408816,-0.127682434378569,0.4290304649034079,0.9510584081680937,1.0059036849356913,0.9504621829905764,19.939338178669384,0.4265268912904824,-15.524557740890804,1.0583310971623,-0.01754205534630543,0.9235023122254488,-0.05334882451668742,-0.10457052562800148,-0.2782297729710142,0.26654304796214645,div,-0.13858836142815642,-0.13948600544064244,-2.3899188588036645e-07,0.4290304649034079,14788,0.0,65000.00000000002,198999.9999999999,690000.0000000002,0.6745492709430855,0.9510584081680937,1.4873474577540529,14788,0.27074160566147226,0.18642626939569804,-0.053348824516687446,0.14367937719302296,0.08333791047454915
st_louis_county,1,2018,0.26686571215039057,0.5293307819457335,0.5041567980789551,27280,14788,OK,0.8136023155421652,0.8136023155421652,0.855920867302808,0.855920867302808,0.8136637789990925,0.8136637789990925,0.8561093456213984,107411.79942490702,107411.79942490702,0.27111798281461336,46402.06343395645,46402.06343395645,0.19561946302168096,0.13322574502023352,-0.1354236771473323,-0.20826976775702016,-0.1258169392653059,0.43148993029687166,0.9516312163918971,1.00607721506392,0.9515911603596224,19.98070792805183,0.42889801475227685,-14.94537952656632,1.057257840314223,-0.015678222345666962,0.9253295134546966,-0.05229902452488634,-0.10251278325145537,-0.2723639260527813,0.26244754724360836,div,-0.1354236771473323,-0.13626077866120456,-2.3487323595331326e-07,0.43148993029687166,14788,0.0,65000.00000000002,198999.9999999999,690000.0000000002,0.6721192598609395,0.9516312163918971,1.4860947197530243,14788,0.27111798281461336,0.1866426176289987,-0.05229902452488637,0.14407913269719197,0.08392405606314099
st_louis_county,1,2018,0.38729833462074176,0.7682100808647385,0.5041567980789551,27280,14788,OK,0.8132525712790628,0.8132525712790628,0.8559475652103188,0.8559475652103188,0.8133141500619476,0.8133141500619476,0.8561360086038189,107512.52239086648,107512.52239086648,0.2710928625281455,46471.63392262346,46471.63392262346,0.19550043068018227,0.1323836083566709,-0.13179374402242922,-0.20383892908023551,-0.12308033848874336,0.43128001585195647,0.9515926060345923,1.0057665110027116,0.9527667116359119,19.957990551324027,0.4288217930975809,-14.29566975465739,1.055627257669192,-0.01357506133571114,0.9279829542026533,-0.05100241660720332,-0.09997126574448328,-0.2656729751357164,0.2575902808724022,div,-0.13179374402242922,-0.13256486435397183,-2.2846642961606853e-07,0.43128001585195647,14788,0.0,65000.00000000002,198999.9999999999,690000.0000000002,0.6732109849960161,0.9515926060345923,1.4853075576953954,14788,0.2710928625281455,0.18660534610557777,-0.051002416607203345,0.14405243478968116,0.08415592821727652
st_louis_county,1,2018,0.5620804515923291,1.114892140171643,0.5041567980789551,27280,14788,OK,0.8131648798676352,0.8131648798676352,0.8553100240277435,0.8553100240277435,0.8132264875662079,0.8132264875662079,0.8554993014260566,107537.76187712332,107537.76187712332,0.27169209591603666,46474.10858542324,46474.10858542324,0.19598392033869128,0.13295223427482183,-0.12596784491237772,-0.19686980609978774,-0.11971382231024193,0.4343331380869004,0.9525154484063478,1.0061155560655266,0.9550999840856216,20.00361170349011,0.43170769156390343,-13.292387328014208,1.0534138549156669,-0.010398360965010149,0.9317559638699455,-0.049206291416570735,-0.09645063043565107,-0.2557227508254394,0.2511454249038105,div,-0.12596784491237772,-0.12664054283940956,-2.1991301333815126e-07,0.4343331380869004,14788,0.0,65000.00000000002,198999.9999999999,690000.0000000002,0.6736599400418068,0.9525154484063478,1.486112498130882,14788,0.27169209591603666,0.1870486994022856,-0.04920629141657075,0.14468997597225652,0.08377414805541278
st_louis_county,1,2018,0.8157392010776716,1.6180267809260407,0.5041567980789551,27280,14788,OK,0.8131532765125025,0.8131532765125025,0.8544646008739036,0.8544646008739036,0.8132148880372081,0.8132148880372081,0.8546549842195635,107541.10113011651,107541.10113011651,0.2724846879294892,46737.65574647714,46737.65574647714,0.1968107448352889,0.13327757062620832,-0.12025100038359021,-0.19015287485502158,-0.11588764665701512,0.4353033704040358,0.9525212979151839,1.0062960722042946,0.9574869695994574,20.091109125233437,0.43259444342809816,-12.091450419659838,1.0509762578025008,-0.007013716206973,0.935869635742598,-0.04730340428501966,-0.09272072805523755,-0.2451103932205487,0.2442654657040277,div,-0.12025100038359021,-0.12083570379384495,-2.1040157770628864e-07,0.4353033704040358,14788,0.0,65000.00000000002,198999.9999999999,690000.0000000002,0.6714506559166371,0.9525212979151839,1.4896652620039263,14788,0.2724846879294892,0.18789722591017635,-0.047303404285019696,0.14553539912609634,0.08458825526764255
st_louis_county,1,2018,1.1838704624751253,2.3482187823037575,0.5041567980789551,27280,14788,OK,0.8132036991570463,0.8132036991570463,0.8541561209486807,0.8541561209486807,0.813265294055204,0.813265294055204,0.8543469078349264,107526.58957622071,107526.58957622071,0.272773317232236,46900.805449569714,46900.805449569714,0.19732537760409402,0.1340978925020037,-0.11106052952259152,-0.17863314766521335,-0.11070770977792001,0.4426633816937515,0.9526361567973657,1.0064964095535818,0.9606554782302825,20.159495567806367,0.4398210914916036,-10.871404458331384,1.04771838849839,-0.002151450026495493,0.9413818012752871,-0.0445313067428069,-0.08728706199591124,-0.23049905109992533,0.2347932402543025,div,-0.11106052952259152,-0.11152056209011116,-1.9760667087109744e-07,0.4426633816937515,14788,0.0,65000.00000000002,198999.9999999999,690000.0000000002,0.6687429926032817,0.9526361567973657,1.4851923488381715,14788,0.272773317232236,0.18834654830989764,-0.04453130674280691,0.14584387905131932,0.08546251720133609
st_louis_county,1,2018,1.7181340188990342,3.4079358355294067,0.5041567980789551,27280,14788,OK,0.810940221227217,0.810940221227217,0.8531339626079167,0.8531339626079167,0.8110025624928988,0.8110025624928988,0.8533260866391175,108176.09709246224,108176.09709246224,0.27372752490618135,47099.42706816782,47099.42706816782,0.19810614080093683,0.13473340630919664,-0.10361258166280587,-0.16935888762593607,-0.10528949354546398,0.4440530179069435,0.9538507622330765,1.0068399824756948,0.9639389824220429,20.246393509498244,0.44105124981346955,-10.353585062323779,1.0445059291469432,0.0026356753850114443,0.9467707549351029,-0.04176393662830905,-0.08186266230009895,-0.2154048662305717,0.22613848245047283,div,-0.10361258166280587,-0.1039857683913146,-1.849334983587943e-07,0.4440530179069435,14788,0.0,65000.00000000002,198999.9999999999,690000.0000000002,0.667320324467045,0.9538507622330765,1.4826444287854017,14788,0.27372752490618135,0.1891049475044688,-0.04176393662830908,0.1468660373920832,0.08655376514887737
st_louis_county,1,2018,2.4935029637671793,4.945887813609678,0.5041567980789551,27280,14788,OK,0.8106835313397509,0.8106835313397509,0.8524600617551743,0.8524600617551743,0.8107459572472988,0.8107459572472988,0.8526530673553937,108249.50850651733,108249.50850651733,0.27435481115038923,47282.51207444522,47282.51207444522,0.1986787023158276,0.13534164984175548,-0.09730999422484542,-0.16224787033187446,-0.10030227732171797,0.44155984322274594,0.9538319660610095,1.0070661099434093,0.9670009286403805,20.339229312711627,0.43847645083816195,-7.445439397518145,1.0414324124376604,0.006565916246090056,0.9518574072292935,-0.03927693544924275,-0.07698782160982144,-0.20210134022164655,0.21956508610701211,div,-0.09730999422484542,-0.09761890160363806,-1.72709124064295e-07,0.44155984322274594,14788,0.0,65000.00000000002,198999.9999999999,690000.0000000002,0.6652984581593261,0.9538319660610095,1.4793320924565165,14788,0.27435481115038923,0.18972428969959626,-0.039276935449242774,0.14753993824482564,0.08702060712874436
st_louis_county,1,2018,3.618784659359615,7.17789519678932,0.5041567980789551,27280,14788,OK,0.8091296510002753,0.8091296510002753,0.8511758451081668,0.8511758451081668,0.8091925892900322,0.8091925892900322,0.8513705306670992,108692.84827417963,108692.84827417963,0.27554624327682453,47731.50073576869,47731.50073576869,0.20013034792700196,0.1361691478883768,-0.08798150361724448,-0.14989472147705732,-0.09576230538054831,0.4563163553049241,0.9545845765919881,1.008251076521943,0.970816104747867,20.500501883407342,0.4525973691636209,-6.795234716133766,1.0385603118767774,0.011839915005081601,0.9569021930601145,-0.036739402587022775,-0.0720139323516304,-0.18815857315697862,0.21267999545746,div,-0.08798150361724448,-0.08820957796473415,-1.613710701961426e-07,0.4563163553049241,14788,0.0,65000.00000000002,198999.9999999999,690000.0000000002,0.6631069318506305,0.9545845765919881,1.4812128415097863,14788,0.27554624327682453,0.1908909955885784,-0.0367394025870228,0.14882415489183312,0.08707082455494333
st_louis_county,1,2018,5.2518896512686215,10.417175115520573,0.5041567980789551,27280,14788,OK,0.8086060250983724,0.8086060250983724,0.8498196664341321,0.8498196664341321,0.808669136050457,0.808669136050457,0.850016126089503,108841.83791637485,108841.83791637485,0.2767988708224519,48083.46755987319,48083.46755987319,0.20117019880015147,0.13696890740671802,-0.08280511394845387,-0.14398610864010344,-0.09095562300330426,0.4511975576059493,0.9548769445083284,1.0080196432258324,0.9731823828631346,20.59640781733809,0.44762303685454613,-5.1559401407165835,1.0357972575091272,0.01541061011338152,0.9613766895750567,-0.034378112133660196,-0.06738550077688651,-0.17529517634694858,0.20665699179182623,div,-0.08280511394845387,-0.08299515263128796,-1.501731060826754e-07,0.4511975576059493,14788,0.0,65000.00000000002,198999.9999999999,690000.0000000002,0.6608548220977372,0.9548769445083284,1.4821473039652835,14788,0.2767988708224519,0.19215769820006087,-0.03437811213366022,0.15018033356586785,0.08605961941222597
st_louis_county,1,2018,7.621991222319222,15.118295045037865,0.5041567980789551,27280,14788,OK,0.8049690574032408,0.8049690574032408,0.8480476518151044,0.8480476518151044,0.8050333676224081,0.8050333676224081,0.8482464295461721,109871.10581737511,109871.10581737511,0.2784270908751956,48587.70194692552,48587.70194692552,0.20263849054213773,0.13811542442891542,-0.07650592786598662,-0.13608526510914412,-0.08743180698516452,0.45889796556026535,0.9548514268725603,1.0086544986715074,0.9759180688627108,20.77760796483956,0.45497589396741583,-3.773173320447665,1.0335442398837291,0.019566611315301536,0.9653714290765321,-0.03255505589028232,-0.06381207715703144,-0.16501145836646097,0.20242070814381874,div,-0.07650592786598662,-0.07665572134683947,-1.4111704810486013e-07,0.45889796556026535,14788,0.0,65000.00000000002,198999.9999999999,690000.0000000002,0.6582463126214033,0.9548514268725603,1.4817343315723004,14788,0.2784270908751956,0.19335178157734662,-0.03255505589028234,0.15195234818489556,0.0862717502914021
st_louis_county,1,2018,11.061685231539125,21.940962164328038,0.5041567980789551,27280,14788,OK,0.8030818655565466,0.8030818655565466,0.847142675467794,0.847142675467794,0.8031467980652832,0.8031467980652832,0.8473426370512149,110401.40288419055,110401.40288419055,0.2792549684499286,48905.361443884074,48905.361443884074,0.2035526052357988,0.13967979811631775,-0.07180148478050936,-0.1302299412688586,-0.08371270479663764,0.45913279162937354,0.9567627012296884,1.0085510636671864,0.9778119152583686,20.851806181142674,0.45525539835046125,-3.1502107812377167,1.031436667859274,0.022546325861085088,0.968743558698699,-0.030812204006839487,-0.0603958643501989,-0.15573205237563734,0.19832941828548337,div,-0.07180148478050936,-0.07192525760157113,-1.3250735984484164e-07,0.45913279162937354,14788,0.0,65000.00000000002,198999.9999999999,690000.0000000002,0.6579392367469866,0.9567627012296884,1.4797229483632164,14788,0.2792549684499286,0.1944045122473869,-0.03081220400683951,0.15285732453220596,0.08594460043815816
st_louis_county,1,2018,16.05366322167172,31.84259992693302,0.5041567980789551,27280,14788,OK,0.7995882960795042,0.7995882960795042,0.8456625208982705,0.8456625208982705,0.7996543805706686,0.7996543805706686,0.8458644187582314,111376.42558939339,111376.42558939339,0.28060375796732945,49475.461423625806,49475.461423625806,0.2049549751109958,0.1403951683519392,-0.06770886375271919,-0.1257515073487354,-0.08281107112696573,0.47036281883985775,0.9567442804792313,1.0095614968434135,0.9798654523467324,21.009183251577475,0.46592379428864333,-1.719836263021592,1.030306247072555,0.02457434112639682,0.9710032389815588,-0.030204391614738875,-0.05920447425114821,-0.15187905893238118,0.19521073920288928,div,-0.06770886375271919,-0.06781261951109517,-1.280108479830681e-07,0.47036281883985775,14788,0.0,65000.00000000002,198999.9999999999,690000.0000000002,0.6557430746881534,0.9567442804792313,1.4824933659901078,14788,0.28060375796732945,0.1956203360491803,-0.0302043916147389,0.15433747910172943,0.08598888862713247
st_louis_county,1,2018,23.298448422672752,46.21270309445282,0.5041567980789551,27280,14788,OK,0.7970735614781381,0.7970735614781381,0.8439356852567639,0.8439356852567639,0.7971404751871242,0.7971404751871242,0.8441398420911654,112073.0141829816,112073.0141829816,0.28216918690164744,49877.960346792526,49877.960346792526,0.20655820206047823,0.14226849182523854,-0.0657834824219,-0.12338955179827507,-0.08123158326248786,0.47022348204846715,0.95673919278105,1.0102632384805799,0.9814201827884484,21.192336415227366,0.46546223178571233,-1.809023060709937,1.029389099794322,0.026576790449615757,0.9724977419396931,-0.029365001764733202,-0.05755916268867046,-0.14681379734143696,0.193239035659726,div,-0.0657834824219,-0.06587862151119608,-1.2433386601320881e-07,0.47022348204846715,14788,0.0,65000.00000000002,198999.9999999999,690000.0000000002,0.6516633706447029,0.95673919278105,1.4831444704176813,14788,0.28216918690164744,0.19710643878791165,-0.029365001764733226,0.15606431474323604,0.08570470486908766
st_louis_county,1,2018,33.81270003043063,67.06782524657197,0.5041567980789551,27280,14788,OK,0.7943429251219615,0.7943429251219615,0.8416666241920135,0.8416666241920135,0.7944107392410065,0.7944107392410065,0.8418737493175634,112824.53776273271,112824.53776273271,0.2842130515023331,50427.5668338389,50427.5668338389,0.20875348449124267,0.14484539248010786,-0.06292320765126283,-0.1191519580939401,-0.08033375262921713,0.4815647091340476,0.9566616356610295,1.0109824082449177,0.9827280399790475,21.432569988528844,0.47634952726405166,-0.8256557438136528,1.0287509535867854,0.029323107896380613,0.9737242006697355,-0.028714667926589704,-0.05628442511189275,-0.14252020716709535,0.1910388085429595,div,-0.06292320765126283,-0.06300645007399347,-1.2179620896460414e-07,0.4815647091340476,14788,0.0,65000.00000000002,198999.9999999999,690000.0000000002,0.6515280569036932,0.9566616356610295,1.4911348564298423,14788,0.2842130515023331,0.19894832364169523,-0.028714667926589728,0.15833337580798648,0.08600223576011859
st_louis_county,1,2018,49.071880779635485,97.3345613242141,0.5041567980789551,27280,14788,OK,0.7871096736688331,0.7871096736688331,0.8385709170359782,0.8385709170359782,0.7871798729067728,0.7871798729067728,0.8387820918366524,114791.49170688524,114791.49170688524,0.28697804431055335,51153.87346322036,51153.87346322036,0.2109911264815382,0.14543654020773894,-0.060385621583911864,-0.1159274179238241,-0.07902003420265687,0.48686531099983477,0.9569352253588511,1.0113744737157757,0.9839611011479835,21.663623564215683,0.4814060330646076,-0.7860418499223374,1.0278602198154065,0.03175889382635203,0.975180734360023,-0.027990650876125848,-0.05486525900623735,-0.13759477876613893,0.18668974544800418,div,-0.060385621583911864,-0.06045917976471938,-1.1817092572282024e-07,0.48686531099983477,14788,0.0,65000.00000000002,198999.9999999999,690000.0000000002,0.647985083143631,0.9569352253588511,1.4975170038885908,14788,0.28697804431055335,0.20117611365835797,-0.027990650876125876,0.16142908296402184,0.08407637022374007
st_louis_county,1,2018,71.21730832153513,141.2602360870713,0.5041567980789551,27280,14788,OK,0.7746518144723298,0.7746518144723298,0.8328822802178671,0.8328822802178671,0.7747261216105064,0.7747261216105064,0.8331008966562197,118102.41232499672,118102.41232499672,0.29199070890059037,52718.82338326265,52718.82338326265,0.21585319544464845,0.14877385043975927,-0.05500008046944138,-0.1084714363093326,-0.07678231586836068,0.5055959633641267,0.957130470288715,1.0122016328522057,0.9862725582107813,22.158501716446327,0.49951812230514014,1.3858109762208677,1.0262899686557871,0.0368384958590667,0.9781081260341891,-0.026703852093231447,-0.05234296865919044,-0.12902907153602003,0.17987304189531492,div,-0.05500008046944138,-0.055055639921812435,-1.1177255720491618e-07,0.5055959633641267,14788,0.0,65000.00000000002,198999.9999999999,690000.0000000002,0.6409365637196089,0.957130470288715,1.5115814259058211,14788,0.29199070890059037,0.20574493423895232,-0.02670385209323147,0.16711771978213286,0.08296907375144101
st_louis_county,1,2018,103.35664588322452,205.0089303110776,0.5041567980789551,27280,14788,OK,0.7595625008714169,0.7595625008714169,0.8222149148409985,0.8222149148409985,0.7596417836152682,0.7596417836152682,0.8224474858823001,121992.4172248342,121992.4172248342,0.301165655386028,54961.85974824535,54961.85974824535,0.22349910582986346,0.15465032808487475,-0.054240639982009675,-0.10613254473800686,-0.07619120906081801,0.5127599183864254,0.9565583968506297,1.0131445043260316,0.9872111335121975,22.990149586857452,0.5061245006053015,2.569719696396538,1.0262693257131037,0.04149906893246778,0.9781873232280338,-0.026397981727466463,-0.05174342358557652,-0.123699483129922,0.1703099194390408,div,-0.054240639982009675,-0.054293926915125496,-1.1179107673108763e-07,0.5127599183864254,14788,0.0,65000.00000000002,198999.9999999999,690000.0000000002,0.626634662917068,0.9565583968506297,1.5201993126937796,14788,0.301165655386028,0.21337537676563711,-0.02639798172746649,0.17778508515900143,0.07896414861714106
st_louis_county,1,2018,150.0,297.5264849577785,0.5041567980789551,27280,14788,OK,0.7158868646962546,0.7158868646962546,0.7928421221467553,0.7928421221467553,0.7159805492047557,0.7159805492047557,0.7931131174516937,132610.34108180777,132610.34108180777,0.32509366642798765,61252.546179620665,61252.546179620665,0.24458858404809442,0.17027659269450413,-0.05083933027490204,-0.09966510958377675,-0.07366753217964146,0.5279475206560753,0.9544990879492083,1.0189018011398803,0.9938746929758753,25.26039795151777,0.5181710067732651,6.467279517900893,1.0251813516742925,0.05573101467803666,0.9798140082014123,-0.02543384384437861,-0.04985358990834472,-0.11036797165191202,0.15076162357057854,div,-0.05083933027490204,-0.050883198738685215,-1.0788444700088979e-07,0.5279475206560753,14788,0.0,65000.00000000002,198999.9999999999,690000.0000000002,0.6016438526725462,0.9544990879492083,1.5858685398471613,14788,0.32509366642798765,0.23332436665691098,-0.02543384384437864,0.20715787785324466,0.06913458743156663
st_louis_county,2,2019,0.0,0.0,0.5064231957669217,42068,15068,OK,0.8015059757292022,0.8015059757292022,0.8612353935230513,0.8612353935230513,0.8017227613679242,0.8017227613679242,0.8614103203397758,119779.48457569255,119779.48457569255,0.27100064020348175,46930.395158853855,46930.395158853855,0.19423694980528233,0.1283287809339445,-0.19416357880170712,-0.293702352685289,-0.1520617918425551,0.3766549167513967,0.9589353448003777,1.0153118819148375,0.943231871964532,19.821779738642668,0.3709869081480297,-25.907557147139688,1.0764181237855965,-0.047555260142906085,0.9013648804309236,-0.06931816751440806,-0.1309740171031789,-0.3530291731767986,0.3374992526537048,div,-0.19416357880170712,-0.19666025734896425,-2.720211596117033e-07,0.3766549167513967,15068,0.0,63000.00000000004,200000.00000000006,704999.9999999994,0.6874623112716952,0.9589353448003777,1.5141958720083475,15068,0.27100064020348175,0.18486677913799612,-0.06931816751440806,0.1387646064769487,0.09703128815248056
st_louis_county,2,2019,0.001,0.0019746330901877648,0.5064231957669217,42068,15068,OK,0.8019151009873178,0.8019151009873178,0.861538037914143,0.861538037914143,0.8021314397990851,0.8021314397990851,0.8617125832170126,119655.97937117731,119655.97937117731,0.27070495388205673,46913.56821566241,46913.56821566241,0.19406010153782985,0.12917811380200944,-0.1968700939285587,-0.2977364926342354,-0.15233345729195175,0.372215276361379,0.958675335834295,1.015240322221862,0.9430170151735625,19.818939778273105,0.36663991767526255,-25.850990198970727,1.0765874908789497,-0.04858008706763946,0.9011281649516937,-0.06957641059927945,-0.1314619575007333,-0.3547188931147997,0.3387935279069369,div,-0.1968700939285587,-0.19947434825053698,-2.7256194536897937e-07,0.372215276361379,15068,0.0,63000.00000000004,200000.00000000006,704999.9999999994,0.6886252661657575,0.958675335834295,1.5170946715399862,15068,0.27070495388205673,0.1848825446214117,-0.06957641059927945,0.13846196208585707,0.09737449618137678
st_louis_county,2,2019,0.001451285485497223,0.002865756342972032,0.5064231957669217,42068,15068,OK,0.8008954182186536,0.8008954182186536,0.8617115935731335,0.8617115935731335,0.8011128706789606,0.8011128706789606,0.8618859200915472,119963.56092945745,119963.56092945745,0.2705352426207551,46862.21624736804,46862.21624736804,0.1937299092987731,0.12874931203790424,-0.19465253796181828,-0.2943126804901985,-0.15193277771861594,0.37555492913489913,0.959946972853995,1.0154849874674994,0.9434344929827861,19.761282237900772,0.3698404175280483,-25.884801170144005,1.0763704263736602,-0.04785526257178536,0.901254226210565,-0.06938221356025501,-0.13109502964873423,-0.3539272203303992,0.3384343366853919,div,-0.19465253796181828,-0.19716842235981935,-2.7190977184715356e-07,0.37555492913489913,15068,0.0,63000.00000000004,200000.00000000006,704999.9999999994,0.688078640679219,0.959946972853995,1.5152006171873034,15068,0.2705352426207551,0.1844514436064049,-0.06938221356025503,0.13828840642686646,0.0961236472008561
st_louis_county,2,2019,0.00210622956041491,0.004159030585526911,0.5064231957669217,42068,15068,OK,0.801342583944457,0.801342583944457,0.8615658741065436,0.8615658741065436,0.8015595480318378,0.8015595480318378,0.8617403843190783,119828.77310714913,119828.77310714913,0.27067774144829204,46899.8175525591,46899.8175525591,0.1940290816775237,0.12821652184460086,-0.19422087921375625,-0.2937860577773325,-0.15219041505495778,0.37686610789692593,0.9592126017397979,1.015625821770378,0.9434841126628337,19.820584880599363,0.37108018125652265,-25.37309370264842,1.0764630883968314,-0.04780041545779059,0.9012796040821197,-0.06939448497627705,-0.13111821601833376,-0.3537964138209813,0.33826176874426156,div,-0.19422087921375625,-0.19671980327492633,-2.7225400470024604e-07,0.37686610789692593,15068,0.0,63000.00000000004,200000.00000000006,704999.9999999994,0.6878235094563293,0.9592126017397979,1.514771797386501,15068,0.27067774144829204,0.18464370384820175,-0.06939448497627705,0.1384341258934564,0.0967775737304309
st_louis_county,2,2019,0.003056740390155355,0.006035940722514222,0.5064231957669217,42068,15068,OK,0.8008944247374772,0.8008944247374772,0.8615345338093515,0.8615345338093515,0.8011118782828166,0.8011118782828166,0.8617090835294996,119963.86022289889,119963.86022289889,0.27070837927235974,46960.23615369527,46960.23615369527,0.19401357289511253,0.1277366706717981,-0.19497833080249752,-0.29478616683442294,-0.1518727953797674,0.3748036826301271,0.9589590996657642,1.015443475689985,0.9434167576562457,19.804389320368795,0.3691156911212679,-25.27831920165995,1.0763466595745843,-0.047783214918715934,0.9014141662849545,-0.06933489237713686,-0.13100561808940858,-0.3534683556636969,0.3374727145679497,div,-0.19497833080249752,-0.19750706783374714,-2.7182004242328306e-07,0.3748036826301271,15068,0.0,63000.00000000004,200000.00000000006,704999.9999999994,0.6893501646929548,0.9589590996657642,1.5116264476011798,15068,0.27070837927235974,0.18471200208337854,-0.06933489237713686,0.1384654661906485,0.0967563535231706
st_louis_county,2,2019,0.004436202961165585,0.00875987316190651,0.5064231957669217,42068,15068,OK,0.8020754231439945,0.8020754231439945,0.8616154020219463,0.8616154020219463,0.8022915868596032,0.8022915868596032,0.861789849799536,119607.5471384994,119607.5471384994,0.270629316598236,46853.801093867136,46853.801093867136,0.19391476121743143,0.1281593892177208,-0.1955104956359647,-0.296233223891913,-0.15181842951603933,0.3728393071052897,0.9585622139712884,1.015438023883662,0.9435932474671804,19.81041639916325,0.36718309817285477,-25.975153296147937,1.0761395618390968,-0.04804353622440705,0.9017701071232374,-0.06930194740800798,-0.1309433698346599,-0.35339692334324985,0.3377525787258302,div,-0.1955104956359647,-0.19806032297921744,-2.711334169671811e-07,0.3728393071052897,15068,0.0,63000.00000000004,200000.00000000006,704999.9999999994,0.6872020046632692,0.9585622139712884,1.5125958407864155,15068,0.270629316598236,0.18469704210580384,-0.06930194740800798,0.13838459797805375,0.09686847559208535
st_louis_county,2,2019,0.006438196968259414,0.012713076774671584,0.5064231957669217,42068,15068,OK,0.8025413826159771,0.8025413826159771,0.8616362691524935,0.8616362691524935,0.8027570374330326,0.8027570374330326,0.8618106906249552,119466.67249151664,119466.67249151664,0.2706089116172389,46892.11449595138,46892.11449595138,0.1939786068332455,0.12891799864702147,-0.19346085553817072,-0.29315572309387294,-0.15081227624580515,0.3742564385416627,0.9592704413660881,1.0153089279141616,0.9439471250839123,19.803457729654696,0.36862559540795936,-25.73188092353434,1.0755993645554094,-0.04699346616214277,0.9024486405498441,-0.0688178596106198,-0.13002870452067303,-0.350973178587718,0.3354645008663102,div,-0.19346085553817072,-0.1959301072960951,-2.693107336035224e-07,0.3742564385416627,15068,0.0,63000.00000000004,200000.00000000006,704999.9999999994,0.6885136245799673,0.9592704413660881,1.5118463424312212,15068,0.2706089116172389,0.18472455852025407,-0.06881785961061981,0.13836373084750658,0.0954492975537669
st_louis_county,2,2019,0.009343661812807113,0.01845030379909272,0.5064231957669217,42068,15068,OK,0.8020461902790113,0.8020461902790113,0.8614366769810335,0.8614366769810335,0.8022623859213509,0.8022623859213509,0.8616113500596079,119616.37964994636,119616.37964994636,0.27080402039278306,46867.614312551465,46867.614312551465,0.1940122611607438,0.12832009085309767,-0.1962317006162569,-0.29663100632335443,-0.15192479517550075,0.37260019430204977,0.9593975967175599,1.0156380987729972,0.9435745453237767,19.801915338053153,0.3668753262842239,-25.606117500764448,1.0763729307942413,-0.04812866526062014,0.901450036537054,-0.06938661731055648,-0.13110335036591395,-0.35357787064018337,0.3383786493440451,div,-0.1962317006162569,-0.1988103012800153,-2.7195905478525324e-07,0.37260019430204977,15068,0.0,63000.00000000004,200000.00000000006,704999.9999999994,0.6868732673202165,0.9593975967175599,1.509504398403306,15068,0.27080402039278306,0.18478833448016077,-0.06938661731055648,0.13856332301896643,0.09678700432958162
st_louis_county,2,2019,0.013560320770321632,0.026776658106637534,0.5064231957669217,42068,15068,OK,0.8021391401633198,0.8021391401633198,0.8617913928978159,0.8617913928978159,0.8023552342902606,0.8023552342902606,0.8619656188211124,119588.29321368557,119588.29321368557,0.270457175176289,46880.69166795149,46880.69166795149,0.19388582096679388,0.12864144891241636,-0.19479204094264632,-0.2952941625652134,-0.15166013186511454,0.37363498139464857,0.9589787749045577,1.0157154477817036,0.9439819237661529,19.804020736897073,0.367866198275922,-25.622510455375146,1.0759903576642225,-0.04787060161112651,0.9020098869280757,-0.0692283603938736,-0.13080432999570563,-0.3532128942273687,0.3379939713154935,div,-0.19479204094264632,-0.19731342330854354,-2.707135639853117e-07,0.37363498139464857,15068,0.0,63000.00000000004,200000.00000000006,704999.9999999994,0.6899451762485838,0.9589787749045577,1.5135152168576425,15068,0.270457175176289,0.18458834184042136,-0.06922836039387358,0.13820860710218408,0.09704764788400898
st_louis_county,2,2019,0.019679896712654306,0.0388605752602846,0.5064231957669217,42068,15068,OK,0.8025653222520899,0.8025653222520899,0.861791631314129,0.861791631314129,0.8027809509234247,0.8027809509234247,0.8619658569368776,119459.43027693122,119459.43027693122,0.2704569419005484,46845.326659204446,46845.326659204446,0.19381996852263428,0.1287432108914996,-0.19447701890334929,-0.2942798862259139,-0.1510101342844032,0.3733158909388762,0.9585860942037973,1.0153362664975547,0.9437799140818732,19.797564907311543,0.36768929819550855,-25.32594607023551,1.0758188973382559,-0.04740332036795321,0.9021380774028414,-0.0689104026362297,-0.13020356101578295,-0.3516322862717174,0.3365519198177188,div,-0.19447701890334929,-0.19698599752608775,-2.700449399926109e-07,0.3733158909388762,15068,0.0,63000.00000000004,200000.00000000006,704999.9999999994,0.6882089703360976,0.9585860942037973,1.5099948798475649,15068,0.2704569419005484,0.18460941542222425,-0.0689104026362297,0.13820836868587108,0.09684196629322239
st_louis_county,2,2019,0.028561148455159703,0.056397788833323505,0.5064231957669217,42068,15068,OK,0.8024560602156634,0.8024560602156634,0.8615574991755357,0.8615574991755357,0.8026718082177462,0.8026718082177462,0.8617320199455176,119492.4806393246,119492.4806393246,0.2706859289999915,46812.20720893578,46812.20720893578,0.19392777339345874,0.12808554272640638,-0.19287157831868978,-0.29218470306129685,-0.1508491784709005,0.375592089374906,0.9591810990315819,1.0153096144311682,0.9439112768635086,19.801875291028715,0.3699409006798699,-25.379451508710588,1.0756409413868926,-0.04694129275187993,0.9025106160574107,-0.06875889689877708,-0.12991729673962152,-0.3505741842669806,0.3358261564648776,div,-0.19287157831868978,-0.19531799000913896,-2.69448611243154e-07,0.375592089374906,15068,0.0,63000.00000000004,200000.00000000006,704999.9999999994,0.6857291221966483,0.9591810990315819,1.5112864151128813,15068,0.2706859289999915,0.184719443399721,-0.06875889689877708,0.13844250082446435,0.09675643021974147
st_louis_county,2,2019,0.04145038020210471,0.08184929234793976,0.5064231957669217,42068,15068,OK,0.8015716123069816,0.8015716123069816,0.8617389016384571,0.8617389016384571,0.801788326260586,0.801788326260586,0.8619131937322932,119759.67902859229,119759.67902859229,0.27050852975658585,46928.47093230746,46928.47093230746,0.19389894910495115,0.12856054890680907,-0.19346174070505337,-0.2926406268698372,-0.150506792239364,0.37415576730089983,0.9586503545254597,1.0156531460960543,0.9443102124541987,19.811698212178104,0.3684015403606054,-25.07865186376587,1.0755503146115937,-0.04677073482399098,0.9026443623943811,-0.06862393078029735,-0.1296622834387226,-0.35007319733865694,0.3346868099933411,div,-0.19346174070505337,-0.19593102688051572,-2.6923952358966073e-07,0.37415576730089983,15068,0.0,63000.00000000004,200000.00000000006,704999.9999999994,0.6873295053812466,0.9586503545254597,1.51103189010228,15068,0.27050852975658585,0.18458842682511795,-0.06862393078029735,0.13826109836154293,0.09658244714852543
st_louis_county,2,2019,0.060156335155656014,0.1187866899827839,0.5064231957669217,42068,15068,OK,0.8015026821408773,0.8015026821408773,0.8616662291544362,0.8616662291544362,0.8017194713766981,0.8017194713766981,0.8618406128592864,119780.47831511858,119780.47831511858,0.27057961245627615,46945.5006892677,46945.5006892677,0.1940908605428835,0.128878857229577,-0.19273997332061438,-0.29168813852413605,-0.15010099975913138,0.3743654651037711,0.9590894344022722,1.0155133148835263,0.9443967121845775,19.81612385154346,0.3686587686921862,-24.854763037482655,1.0753037381234014,-0.046452132467788045,0.9030932999205789,-0.06841681214011648,-0.12927094071726652,-0.34894013941360935,0.33395619125029413,div,-0.19273997332061438,-0.1951813038296143,-2.6838537823662903e-07,0.3743654651037711,15068,0.0,63000.00000000004,200000.00000000006,704999.9999999994,0.6871868483806226,0.9590894344022722,1.5136464977671367,15068,0.27057961245627615,0.18484931854682984,-0.06841681214011648,0.1383337708455638,0.09779419983736853
st_louis_county,2,2019,0.0873040160721099,0.17239339904227266,0.5064231957669217,42068,15068,OK,0.8018197640221776,0.8018197640221776,0.861599043281674,0.861599043281674,0.8020362069563987,0.8020362069563987,0.8617735116811098,119684.77072709547,119684.77072709547,0.27064531196165376,46778.72844484841,46778.72844484841,0.19385765202665112,0.12951205756525558,-0.19180438421760443,-0.29086388944199715,-0.14891407874102153,0.37245766346969705,0.9594761172008723,1.0151506787190672,0.9447399444825204,19.795753446429888,0.3669110715483593,-24.143490968918172,1.074529223251076,-0.04566663463364292,0.9043387933824173,-0.06778743607347794,-0.12808175879466138,-0.3456827822012912,0.3315327589990239,div,-0.19180438421760443,-0.19420979949886297,-2.6572151681640627e-07,0.37245766346969705,15068,0.0,63000.00000000004,200000.00000000006,704999.9999999994,0.6865268619253214,0.9594761172008723,1.5111329939696074,15068,0.27064531196165376,0.1847694572931993,-0.06778743607347794,0.13840095671832597,0.09800391733893855
st_louis_county,2,2019,0.12670305135106935,0.2501920378255811,0.5064231957669217,42068,15068,OK,0.8024198956413605,0.8024198956413605,0.8613409737067821,0.8613409737067821,0.8026356831406543,0.8026356831406543,0.86151576742901,119503.41794506273,119503.41794506273,0.2708975240607675,46866.17684003441,46866.17684003441,0.19420582029834213,0.12821722720064915,-0.1894588054955776,-0.28745621502081325,-0.1483563167988966,0.3754614062873008,0.9601771156512571,1.0161588834884574,0.9460483089627366,19.82770646356914,0.3695031081343662,-24.786825542719466,1.0741088735760134,-0.04452184791749992,0.9049808958582334,-0.06737960981407509,-0.12731118672979758,-0.34318801457230963,0.32916100078363786,div,-0.1894588054955776,-0.19177576571932092,-2.6458875070463737e-07,0.3754614062873008,15068,0.0,63000.00000000004,200000.00000000006,704999.9999999994,0.6869443917480762,0.9601771156512571,1.51379787183613,15068,0.2708975240607675,0.18480545097979964,-0.06737960981407508,0.13865902629321786,0.09774889639508468
st_louis_county,2,2019,0.18388229939401626,0.36310007308323805,0.5064231957669217,42068,15068,OK,0.8025706532493023,0.8025706532493023,0.8613206208579671,0.8613206208579671,0.8027862760983782,0.8027862760983782,0.8614954402370189,119457.81748480168,119457.81748480168,0.27091740496643174,46895.303190695624,46895.303190695624,0.19406856570943418,0.12944549395758304,-0.18655122032560023,-0.2832349200485622,-0.1459905202444036,0.3749806195892982,0.9599007245747212,1.0160938461834021,0.9471476445153806,19.836144206033467,0.36905357173765563,-23.38241293058714,1.0727935101430768,-0.042727654597761504,0.906866120564354,-0.06622796813789984,-0.12513520398240657,-0.337299136104004,0.3237591671445699,div,-0.18655122032560023,-0.18876164121698247,-2.6019454966068484e-07,0.3749806195892982,15068,0.0,63000.00000000004,200000.00000000006,704999.9999999994,0.6861113140056275,0.9599007245747212,1.5087370019449498,15068,0.27091740496643174,0.18484157793041367,-0.06622796813789984,0.13867937914203288,0.09701651141643976
st_louis_county,2,2019,0.26686571215039057,0.5269618658486842,0.5064231957669217,42068,15068,OK,0.8040324514853255,0.8040324514853255,0.8610351820000492,0.8610351820000492,0.8042464778285849,0.8042464778285849,0.8612103612036415,119014.75350649813,119014.75350649813,0.2711960715009124,46723.82166335554,46723.82166335554,0.19401092072369241,0.12822483137649526,-0.18311906939437905,-0.27951560745522636,-0.14419873677423245,0.3753067329502156,0.9611592573474634,1.0159259401635699,0.9481893458933981,19.80107413867037,0.3694355784212505,-23.141803117464725,1.0714378352420204,-0.0409743145757887,0.9090883460511952,-0.06515027429819979,-0.12309894283393455,-0.33149523013470283,0.3194877646266197,div,-0.18311906939437905,-0.18520808241149325,-2.5562963898344096e-07,0.3753067329502156,15068,0.0,63000.00000000004,200000.00000000006,704999.9999999994,0.6864417743795952,0.9611592573474634,1.5097804162653343,15068,0.2711960715009124,0.18477095345362715,-0.06515027429819978,0.1389648179999508,0.09756566351672649
st_louis_county,2,2019,0.38729833462074176,0.7647721073167303,0.5064231957669217,42068,15068,OK,0.8033419493288213,0.8033419493288213,0.8612088973990327,0.8612088973990327,0.8035567298053681,0.8035567298053681,0.8613838576168005,119224.2465589774,119224.2465589774,0.2710265118000729,46738.96781253169,46738.96781253169,0.19414639460005648,0.12932720048522905,-0.17853178451103907,-0.2727031711176209,-0.14134841881741186,0.37707846382599003,0.9606927145695203,1.0157654210501075,0.9494139273945827,19.830248530627877,0.37123824969107316,-22.184326461874914,1.0698867919892527,-0.038414064276114906,0.9116891487449837,-0.06365610289779725,-0.12027576331882796,-0.32411512665904074,0.3140748670098924,div,-0.17853178451103907,-0.18046572320860496,-2.5040243832635165e-07,0.37707846382599003,15068,0.0,63000.00000000004,200000.00000000006,704999.9999999994,0.6862085734540396,0.9606927145695203,1.5047006368275735,15068,0.2710265118000729,0.1848818330668092,-0.06365610289779725,0.13879110260096733,0.09977625533973808
st_louis_county,2,2019,0.5620804515923291,1.1099026590618952,0.5064231957669217,42068,15068,OK,0.8054534636755265,0.8054534636755265,0.8608080932150274,0.8608080932150274,0.8056659380575295,0.8056659380575295,0.8609835586869938,118582.46479487703,118582.46479487703,0.2714175680201189,46782.04569555933,46782.04569555933,0.19458619052767248,0.1298117362506049,-0.17090712832502972,-0.26405747728170215,-0.13686566795320257,0.37707436993678356,0.9608710100907867,1.0163025020777952,0.9527854081575737,19.886701302658263,0.37103803465145124,-21.643930521011008,1.0666646375735813,-0.03464292784430348,0.9167162366709755,-0.061373183165675395,-0.11596227410291696,-0.3119903250236545,0.3041819092758561,div,-0.17090712832502972,-0.17260093665980417,-2.397057596864398e-07,0.37707436993678356,15068,0.0,63000.00000000004,200000.00000000006,704999.9999999994,0.685066509307908,0.9608710100907867,1.5105593663108428,15068,0.2714175680201189,0.18535949186961773,-0.061373183165675395,0.13919190678497267,0.10001387845711661
st_louis_county,2,2019,0.8157392010776716,1.610785619411301,0.5064231957669217,42068,15068,OK,0.8058322158573682,0.8058322158573682,0.860515918037598,0.860515918037598,0.8060442765844315,0.8060442765844315,0.860691751825917,118466.97764903159,118466.97764903159,0.2717022825070299,46799.683670594815,46799.683670594815,0.1947732544252194,0.13039586214982418,-0.1656504934114604,-0.2563651050576055,-0.13338654686592766,0.3785158597162082,0.9628056647977383,1.0165519920588828,0.9547531633930713,19.8900070666916,0.3723650374539766,-20.155100023166597,1.0647275453334832,-0.03155044544357247,0.9197029990934303,-0.059589327516120984,-0.11259174731705264,-0.3025867296573375,0.2967915284507575,div,-0.1656504934114604,-0.1671910931978956,-2.3322123634428666e-07,0.3785158597162082,15068,0.0,63000.00000000004,200000.00000000006,704999.9999999994,0.6831070646550065,0.9628056647977383,1.5040736506116006,15068,0.2717022825070299,0.18558808269145674,-0.059589327516120984,0.13948408196240206,0.09963375619469868
st_louis_county,2,2019,1.1838704624751253,2.3377097896992747,0.5064231957669217,42068,15068,OK,0.8064612687996764,0.8064612687996764,0.8597456963904593,0.8597456963904593,0.8066726425053323,0.8066726425053323,0.8599225011210403,118274.92092573343,118274.92092573343,0.2724514105669113,46873.99253489638,46873.99253489638,0.19537559403886398,0.131481190348552,-0.154747861809363,-0.24138427616446795,-0.1272297297472161,0.38345163217353934,0.9628806909074348,1.0162353941917508,0.9577511776612772,19.966642835136113,0.37733812366440145,-17.8277418425437,1.061064102968044,-0.025809900943081603,0.9254549155801013,-0.05632568065506708,-0.10642521183110572,-0.28527546932672476,0.28349162604259825,div,-0.154747861809363,-0.15600116321070406,-2.2071229472039978e-07,0.38345163217353934,15068,0.0,63000.00000000004,200000.00000000006,704999.9999999994,0.6831001080448438,0.9628806909074348,1.5034194691969176,15068,0.2724514105669113,0.18627756116010394,-0.05632568065506708,0.14025430360954075,0.10123939214230013
st_louis_county,2,2019,1.7181340188990342,3.392684287095323,0.5064231957669217,42068,15068,OK,0.8066560485573092,0.8066560485573092,0.8589654559305804,0.8589654559305804,0.8068672095338701,0.8068672095338701,0.8591432442331499,118215.38927661955,118215.38927661955,0.2732081887312986,46989.55491009484,46989.55491009484,0.19602300017022664,0.13133897161195476,-0.14565136964372524,-0.23031833193032447,-0.12163392361036422,0.38419983353347453,0.9655929227237271,1.0174414506335778,0.9622876844129354,20.016073025940965,0.37762623372094584,-16.69807055171094,1.057315257291576,-0.02087194005651637,0.9313890930450387,-0.05333811461944973,-0.1007803204689027,-0.2693086746089445,0.2725172198422302,div,-0.14565136964372524,-0.14669464663480158,-2.0814358175915135e-07,0.38419983353347453,15068,0.0,63000.00000000004,200000.00000000006,704999.9999999994,0.6794839556851993,0.9655929227237271,1.5020730274313252,15068,0.2732081887312986,0.18677530576153073,-0.05333811461944972,0.14103454406941962,0.1016225902641556
st_louis_county,2,2019,2.4935029637671793,4.923753462735935,0.5064231957669217,42068,15068,OK,0.8042845992510055,0.8042845992510055,0.8578709963552487,0.8578709963552487,0.804498350210587,0.804498350210587,0.8580501643347719,118938.16183679455,118938.16183679455,0.2742662183572464,47479.088187468245,47479.088187468245,0.19708658547250466,0.1331053016440505,-0.1371236661891054,-0.21851108792078533,-0.11585648251816222,0.3857250306588465,0.9655170004414106,1.0177636587416443,0.9656329454737356,20.150523367098007,0.37900530978834357,-14.372372157602117,1.0539860549624616,-0.01582144374409478,0.9366780197988291,-0.0504782876595632,-0.0953767871876968,-0.25387615528359286,0.26097287415679205,div,-0.1371236661891054,-0.13799293518802822,-1.967349489032881e-07,0.3857250306588465,15068,0.0,63000.00000000004,200000.00000000006,704999.9999999994,0.6770049196367508,0.9655170004414106,1.4995617090337097,15068,0.2742662183572464,0.1879252288579307,-0.0504782876595632,0.1421290036447513,0.10284296550217047
st_louis_county,2,2019,3.618784659359615,7.145771934635354,0.5064231957669217,42068,15068,OK,0.8044383523514684,0.8044383523514684,0.8567591706496257,0.8567591706496257,0.8046519353892991,0.8046519353892991,0.8569397401978658,118891.4340267847,118891.4340267847,0.2753368731590311,47768.18668772716,47768.18668772716,0.1982715238028042,0.13386876066093573,-0.12543457683636208,-0.20396299552321337,-0.11022921306678833,0.39316630224427807,0.9661584785706867,1.0182505199453602,0.9696437249618549,20.257987372022065,0.3861322352327576,-12.424050629502176,1.0501285098146924,-0.010298089034770494,0.9428509310796391,-0.04736810282339756,-0.08950021230793911,-0.2372969108526697,0.25118321989869274,div,-0.12543457683636208,-0.126098713414376,-1.8343611142030954e-07,0.39316630224427807,15068,0.0,63000.00000000004,200000.00000000006,704999.9999999994,0.67563710795902,0.9661584785706867,1.5067671979431978,15068,0.2753368731590311,0.18895622654040314,-0.04736810282339756,0.14324082935037427,0.10234004486671888
st_louis_county,2,2019,5.2518896512686215,10.3705550914097,0.5064231957669217,42068,15068,OK,0.8034610891093843,0.8034610891093843,0.8555130117698496,0.8555130117698496,0.8036757394671855,0.8036757394671855,0.8556951522273547,119188.12674973648,119188.12674973648,0.2765319600258107,47948.53947638144,47948.53947638144,0.19894963590284473,0.13377681297020302,-0.11686500253624325,-0.19173633837699108,-0.10480962039957996,0.397674442932788,0.9678407478761804,1.0183508544981947,0.9725455702113212,20.326123461881444,0.390521241108539,-11.197016276240928,1.0470983424220632,-0.005197964699308866,0.9475402455077319,-0.04442474669109929,-0.0839388538612916,-0.2216047809163738,0.24104881807536835,div,-0.11686500253624325,-0.11740143033143599,-1.7286355199797207e-07,0.397674442932788,15068,0.0,63000.00000000004,200000.00000000006,704999.9999999994,0.6716088835585701,0.9678407478761804,1.5004273162681723,15068,0.2765319600258107,0.18963001720204045,-0.04442474669109929,0.14448698823015035,0.1020753877422477
st_louis_county,2,2019,7.621991222319222,15.050636080712223,0.5064231957669217,42068,15068,OK,0.799236916332834,0.799236916332834,0.8540856432620665,0.8540856432620665,0.7994561801292351,0.7994561801292351,0.8542695830618944,120462.16117006345,120462.16117006345,0.2778945151308898,48471.81972914787,48471.81972914787,0.20027358798266523,0.13571378392919592,-0.11052982217450491,-0.1839785800241247,-0.10100721675481346,0.3994073976160379,0.9681075211544168,1.0187487308758878,0.9752377369151701,20.442916010659903,0.39206983986105043,-10.27412925899537,1.0446157816845252,-0.0018181242283112737,0.95146900742361,-0.042665658297665755,-0.0806151238553061,-0.2117758207639301,0.23695463703631994,div,-0.11052982217450491,-0.11098325902689025,-1.642051803435138e-07,0.3994073976160379,15068,0.0,63000.00000000004,200000.00000000006,704999.9999999994,0.6683518166445089,0.9681075211544168,1.501793375353932,15068,0.2778945151308898,0.19099689199187028,-0.042665658297665755,0.14591435673793357,0.10298260284314573
st_louis_county,2,2019,11.061685231539125,21.842769691438463,0.5064231957669217,42068,15068,OK,0.7993575793915388,0.7993575793915388,0.8535897018588852,0.8535897018588852,0.7995767114055434,0.7995767114055434,0.8537742668429956,120425.95551604024,120425.95551604024,0.2783663757842413,48496.55544441668,48496.55544441668,0.20067775505039342,0.13568409837684764,-0.10582195646656309,-0.17642047988638718,-0.09751370609696244,0.4021125484733669,0.9696705577722222,1.0193965965811198,0.9774567496198664,20.48567798468292,0.394474431000042,-8.577478198663497,1.0429071127469975,0.0012626834676116743,0.953910526580084,-0.04071261729965777,-0.07692492784683344,-0.2017098645605475,0.23063938622066263,div,-0.10582195646656309,-0.10621964012572686,-1.5827586333857158e-07,0.4021125484733669,15068,0.0,63000.00000000004,200000.00000000006,704999.9999999994,0.6706525425777117,0.9696705577722222,1.5083910607560342,15068,0.2783663757842413,0.19128140698665233,-0.04071261729965777,0.14641029814111486,0.10165806808343372
st_louis_county,2,2019,16.05366322167172,31.700094616243295,0.5064231957669217,42068,15068,OK,0.7964223191792412,0.7964223191792412,0.8520575961814311,0.8520575961814311,0.7966446569434553,0.7966446569434553,0.8522440925396567,121303.6315522984,121303.6315522984,0.279819063098877,49178.14816299895,49178.14816299895,0.20233930888403945,0.13732384557841187,-0.0999945416887247,-0.1703013040758222,-0.0946795248736187,0.4044539292595872,0.9691343833489634,1.020413578508036,0.9805525241625157,20.669775741923193,0.3963759003236678,-7.026559731602986,1.0406516258571312,0.004428827526135769,0.9576358735585089,-0.03923564646465101,-0.07413424813988846,-0.19334810541595565,0.22612566187876063,div,-0.0999945416887247,-0.1003298342883827,-1.5043075374003096e-07,0.4044539292595872,15068,0.0,63000.00000000004,200000.00000000006,704999.9999999994,0.667614035631614,0.9691343833489634,1.511208308486725,15068,0.279819063098877,0.1926648745478505,-0.03923564646465101,0.1479424038185689,0.10153977357089829
st_louis_county,2,2019,23.298448422672752,46.00588720544255,0.5064231957669217,42068,15068,OK,0.7928352473396216,0.7928352473396216,0.8501675085006789,0.8501675085006789,0.7930615027313954,0.7930615027313954,0.8503563875055298,122367.65978806028,122367.65978806028,0.2816008512360573,49710.50359580808,49710.50359580808,0.20410618801812355,0.13869603799939428,-0.09606508045946524,-0.16528387061176558,-0.09358506421053164,0.4119144532253857,0.9694011298402112,1.0203132160164354,0.981312191984897,20.852159281625827,0.40372712609943917,-7.385853589222137,1.0397437475556592,0.006558367357529421,0.9590819278204015,-0.03876299601392148,-0.0732411932534504,-0.18984099154558867,0.22294974266346906,div,-0.09606508045946524,-0.09636223979217563,-1.4718510430863036e-07,0.4119144532253857,15068,0.0,63000.00000000004,200000.00000000006,704999.9999999994,0.6643714016003452,0.9694011298402112,1.5083388615324236,15068,0.2816008512360573,0.19442028369977127,-0.03876299601392148,0.14983249149932112,0.10040088871351635
st_louis_county,2,2019,33.81270003043063,66.76767634868116,0.5064231957669217,42068,15068,OK,0.7911168380885889,0.7911168380885889,0.8488072770641633,0.8488072770641633,0.7913449702444035,0.7913449702444035,0.8489978707782706,122874.12495014623,122874.12495014623,0.2828761984674737,50279.84258528296,50279.84258528296,0.2060274181778142,0.14045106365137855,-0.09532201449430273,-0.16369812768120184,-0.09217274874713129,0.40962814575034967,0.969677618667333,1.0223156058277583,0.983831054275762,21.05041493603584,0.4006998785338651,-6.474451163311282,1.039117032731119,0.007967912916559659,0.9600272467971437,-0.03805733582590143,-0.0719078754112619,-0.18545523759244834,0.2187962782307805,div,-0.09532201449430273,-0.09561230646045835,-1.452360002104296e-07,0.40962814575034967,15068,0.0,63000.00000000004,200000.00000000006,704999.9999999994,0.665551543196935,0.969677618667333,1.518786841392421,15068,0.2828761984674737,0.19600823349128657,-0.03805733582590143,0.15119272293583674,0.10042306071570857
st_louis_county,2,2019,49.071880779635485,96.8989595852172,0.5064231957669217,42068,15068,OK,0.78542799254094,0.78542799254094,0.8457692278607271,0.8457692278607271,0.7856623377806002,0.7856623377806002,0.8459636513430274,124536.09787926928,124536.09787926928,0.2857041041349466,51073.021162276214,51073.021162276214,0.2082687210364303,0.14168032640108164,-0.09009508306645826,-0.15684835148606097,-0.08981853943265862,0.41659781970786347,0.9682452292730699,1.0219259508934952,0.9849327840300948,21.29690205149152,0.407673025581993,-5.469396056709559,1.0375590775971877,0.011413048006096367,0.9623751817606558,-0.03699431532347076,-0.06989933897040107,-0.17854102729187035,0.21378727058439295,div,-0.09009508306645826,-0.09034004821210227,-1.3960769643107926e-07,0.41659781970786347,15068,0.0,63000.00000000004,200000.00000000006,704999.9999999994,0.6600277769418885,0.9682452292730699,1.5211309236553372,15068,0.2857041041349466,0.19826222045409211,-0.03699431532347076,0.154230772139273,0.09792598159658979
st_louis_county,2,2019,71.21730832153513,140.6280536058077,0.5064231957669217,42068,15068,OK,0.7808787890084988,0.7808787890084988,0.8409634526956116,0.8409634526956116,0.7811181026697379,0.7811181026697379,0.8411639343434116,125849.33681102809,125849.33681102809,0.2901211778298206,52254.30960891639,52254.30960891639,0.21290035903783758,0.1467899804675722,-0.0882526424902841,-0.1540685565424325,-0.0900149724997825,0.4250418587035942,0.9685629272925251,1.023787072585572,0.9868159320223358,21.776351598565576,0.4151800456470342,-6.2151170136718905,1.037465082761148,0.014040778165747685,0.9623829711704976,-0.03690678101489102,-0.06973394625388624,-0.17537346281014213,0.20882438238139317,div,-0.0882526424902841,-0.08848283860413363,-1.3952457186274332e-07,0.4250418587035942,15068,0.0,63000.00000000004,200000.00000000006,704999.9999999994,0.6547510071322504,0.9685629272925251,1.5296492098082064,15068,0.2901211778298206,0.20235731390636888,-0.03690678101489102,0.1590365473043884,0.09417273371901205
st_louis_county,2,2019,103.35664588322452,204.09145305183412,0.5064231957669217,42068,15068,OK,0.7715207730099078,0.7715207730099078,0.8322647357583189,0.8322647357583189,0.7717703070467117,0.7717703070467117,0.8324761830183313,128508.56734392788,128508.56734392788,0.2979498363586939,54382.74726844324,54382.74726844324,0.22001952501153393,0.15362251198950685,-0.08646416460077107,-0.1510728741873716,-0.08854295331510423,0.42638161912384254,0.9676619214988409,1.0248795071617567,0.9885434288486172,22.536094674456717,0.4160447793412911,-4.011240819901854,1.036757189671941,0.01842109989714491,0.9636481313019495,-0.03624666572315911,-0.06848668374523158,-0.16773876374403277,0.19941275682198234,div,-0.08646416460077107,-0.08668060650197748,-1.3712792444529705e-07,0.42638161912384254,15068,0.0,63000.00000000004,200000.00000000006,704999.9999999994,0.6461037521897028,0.9676619214988409,1.5467987278470317,15068,0.2979498363586939,0.20933172610428039,-0.036246665723159106,0.16773526424168111,0.09256882275991059
st_louis_county,2,2019,150.0,296.1949635281647,0.5064231957669217,42068,15068,OK,0.7478697221127306,0.7478697221127306,0.8095934166172025,0.8095934166172025,0.7481450866912549,0.7481450866912549,0.8098334433672519,134996.10024503546,134996.10024503546,0.31744752304697615,59162.018394305276,59162.018394305276,0.23761236273175645,0.16654626789142546,-0.08167316336121558,-0.14316450063545194,-0.08883614616618579,0.4514247122334026,0.9682285900605508,1.0317259543080253,0.9953873589844514,24.363671549003083,0.4375577552129983,-1.7972665194422144,1.0365069889581966,0.029278906886843262,0.9639875322749889,-0.03619927959390448,-0.06839714947267368,-0.15716268004422743,0.1827805317725188,div,-0.08167316336121558,-0.08185549409389642,-1.3713742333545437e-07,0.4514247122334026,15068,0.0,63000.00000000004,200000.00000000006,704999.9999999994,0.6246706463644991,0.9682285900605508,1.6019585768298126,15068,0.31744752304697615,0.2251316506565946,-0.036199279593904475,0.19040658338279748,0.08302697775116391
st_louis_county,3,2020,0.0,0.0,0.512573168910344,57136,14737,OK,0.7743827195144881,0.7743827195144881,0.8343259911832954,0.8343259911832954,0.775660127672868,0.775660127672868,0.8362450294025519,126549.79888678169,126549.79888678169,0.2933143470039335,53217.206943688936,53217.206943688936,0.20208802251589464,0.14658509923188318,-0.17314049040326776,-0.26123362307963505,-0.1404810212826153,0.3875205143773274,0.9203489788857104,0.9714324334911557,0.9090021722939207,20.362281195933576,0.3989301258249591,-21.73526130010111,1.0686799912036389,-0.032998328948979555,0.911179425440302,-0.06579288609800575,-0.12669710927318933,-0.3212591072629001,0.3131328985862218,div,-0.17314049040326776,-0.1749024053112428,-2.5183614453451035e-07,0.3875205143773274,14737,0.0,66474.99999999999,215000.00000000006,730399.9999999983,0.6462942574680899,0.9203489788857104,1.4465983794768917,14737,0.2933143470039335,0.20246753923445876,-0.0657928860980059,0.16567400881670463,0.0850331596130876
st_louis_county,3,2020,0.001,0.001950940979072031,0.512573168910344,57136,14737,OK,0.7737602634291316,0.7737602634291316,0.8338157360976783,0.8338157360976783,0.7750411958321082,0.7750411958321082,0.8357406847130063,126724.24792767693,126724.24792767693,0.293765685382188,53235.109981361835,53235.109981361835,0.20211284725341727,0.1460248501606614,-0.17343839384868154,-0.26117851377303475,-0.14045534542168925,0.3875314396874824,0.9205381180471324,0.970868488471638,0.9083290474020758,20.338896019366473,0.3991731044994612,-21.555899133010918,1.068851085681375,-0.032897725621876255,0.9108409836082448,-0.06585163501462593,-0.12681024183736384,-0.3212119577774401,0.3127697375981102,div,-0.17343839384868154,-0.17520953152309499,-2.522765629723039e-07,0.3875314396874824,14737,0.0,66474.99999999999,215000.00000000006,730399.9999999983,0.6440716736665029,0.9205381180471324,1.4449059113235507,14737,0.293765685382188,0.20262845523277523,-0.06585163501462608,0.16618426390232172,0.08479708343464736
st_louis_county,3,2020,0.001451285485497223,0.00283137232598898,0.512573168910344,57136,14737,OK,0.77360550912877,0.77360550912877,0.8340580291614708,0.8340580291614708,0.7748873177252961,0.7748873177252961,0.8359801712433359,126767.58198148131,126767.58198148131,0.29355145525901166,53232.24731095019,53232.24731095019,0.2019830510082271,0.14585953675327176,-0.17471094523563288,-0.26286349409077164,-0.1408817487626978,0.38621627718350154,0.9202427324076043,0.9711237723741641,0.9083392640746037,20.345164217710426,0.3977138573513924,-21.594432161086342,1.0691201082929338,-0.03361772255507989,0.9103642842024621,-0.06616860483448499,-0.12742062940788573,-0.3228999212627861,0.3144247996289732,div,-0.17471094523563288,-0.17652184893925588,-2.532651346228278e-07,0.38621627718350154,14737,0.0,66474.99999999999,215000.00000000006,730399.9999999983,0.6451496845525209,0.9202427324076043,1.4433220291548983,14737,0.29355145525901166,0.2025017428903382,-0.06616860483448511,0.1659419708385292,0.084402650321945
st_louis_county,3,2020,0.00210622956041491,0.004109129560746318,0.512573168910344,57136,14737,OK,0.7738302835293418,0.7738302835293418,0.8340079158756417,0.8340079158756417,0.7751108194899576,0.7751108194899576,0.8359306384306389,126704.63614033964,126704.63614033964,0.2935957771307935,53242.12556257469,53242.12556257469,0.20223507448314915,0.14588994712414233,-0.17461764495636256,-0.2627975495418218,-0.14073012620425537,0.3858974258820615,0.9198755939266382,0.9709279135727515,0.9082287396358856,20.36092412700742,0.39746567583629805,-21.34063802502688,1.069034562771051,-0.033443651970482435,0.9106163852770383,-0.06605937277089546,-0.1272102816405584,-0.32238252499184034,0.3144163834652518,div,-0.17461764495636256,-0.17642561272235838,-2.529209060951046e-07,0.3858974258820615,14737,0.0,66474.99999999999,215000.00000000006,730399.9999999983,0.6428260383405927,0.9198755939266382,1.4428358308200966,14737,0.2935957771307935,0.2027450419030253,-0.0660593727708956,0.16599208412435829,0.08535339555809471
st_louis_county,3,2020,0.003056740390155355,0.005963520089538711,0.512573168910344,57136,14737,OK,0.774428434564009,0.774428434564009,0.8344652198238557,0.8344652198238557,0.7757055838912519,0.7757055838912519,0.8363826453273678,126536.97734360445,126536.97734360445,0.29319107377155407,53190.65358648996,53190.65358648996,0.20200042994264028,0.14529885453733035,-0.17424666060152527,-0.26247196512660675,-0.14065648537142422,0.38617393219250074,0.9211335589813946,0.9710839165573595,0.9084731200408697,20.318801052732745,0.3976865731829775,-21.638222196117006,1.068918711115716,-0.03345075698439188,0.9106874207282756,-0.0659899606659685,-0.12707661501542034,-0.3224456455709958,0.3148511394669409,div,-0.17424666060152527,-0.17604298635228255,-2.5256440223968974e-07,0.38617393219250074,14737,0.0,66474.99999999999,215000.00000000006,730399.9999999983,0.6437790065251005,0.9211335589813946,1.441993073402834,14737,0.29319107377155407,0.20245697803771162,-0.06598996066596864,0.16553478017614429,0.08509039846529316
st_louis_county,3,2020,0.004436202961165585,0.008654770148418629,0.512573168910344,57136,14737,OK,0.7740258506211364,0.7740258506211364,0.8341518099267768,0.8341518099267768,0.7753052793128498,0.7753052793128498,0.8360728657255603,126649.84406535342,126649.84406535342,0.29346849441852296,53219.57020329045,53219.57020329045,0.20200410719253156,0.14645234632243465,-0.17353905515628668,-0.26177528213656936,-0.14052391191871913,0.3868367364490876,0.9209099989758354,0.9711416805141432,0.9086781179854453,20.332425503379824,0.3983454418200712,-21.594056263393178,1.068741132082261,-0.03316204237279443,0.9109732012683597,-0.06596093234208407,-0.12702071528307352,-0.3219844553129162,0.31368828634686485,div,-0.17353905515628668,-0.1753133165887348,-2.519704780894637e-07,0.3868367364490876,14737,0.0,66474.99999999999,215000.00000000006,730399.9999999983,0.6433313323595706,0.9209099989758354,1.4425384893037578,14737,0.29346849441852296,0.20250309213213488,-0.0659609323420842,0.16584819007322313,0.08435298776418707
st_louis_county,3,2020,0.006438196968259414,0.012560542296714602,0.512573168910344,57136,14737,OK,0.7732087897409601,0.7732087897409601,0.834429148813771,0.834429148813771,0.7744928444978046,0.7744928444978046,0.836346992135669,126878.60311288305,126878.60311288305,0.2932230160682226,53231.7357830099,53231.7357830099,0.20184408390444955,0.14573207371131094,-0.17449810079038675,-0.2623819290087145,-0.1401351132660213,0.38487452336095973,0.920154108457258,0.9712420095875859,0.9087518434432469,20.3591784519783,0.3962839110427648,-21.41909061054925,1.0687648301296035,-0.03325301373883351,0.910966238447618,-0.06581722195987164,-0.12674397274936341,-0.3215049801175902,0.3130661178746288,div,-0.17449810079038675,-0.17630231151275397,-2.520777938665456e-07,0.38487452336095973,14737,0.0,66474.99999999999,215000.00000000006,730399.9999999983,0.6435916773161859,0.920154108457258,1.444235229744545,14737,0.2932230160682226,0.2023725560080193,-0.06581722195987177,0.16557085118622905,0.08536185376089947
st_louis_county,3,2020,0.009343661812807113,0.018228932725195858,0.512573168910344,57136,14737,OK,0.7741075017916286,0.7741075017916286,0.8336481853441274,0.8336481853441274,0.7753864681877629,0.7753864681877629,0.8355750747364188,126626.96082329856,126626.96082329856,0.2939137386957216,53253.17212450565,53253.17212450565,0.20243586822334675,0.1467580420597702,-0.17212712797263033,-0.2597794299119176,-0.1404413140361584,0.3895796299180669,0.9199784860970454,0.9709017325664578,0.9085070795595543,20.4065542653649,0.40126908343198464,-21.31505271647206,1.0686782243206652,-0.03246723881846743,0.9111475497739758,-0.06574970307316592,-0.12661395188731742,-0.3205657920440562,0.31242386259421223,div,-0.17212712797263033,-0.17385791441113707,-2.516925053890848e-07,0.3895796299180669,14737,0.0,66474.99999999999,215000.00000000006,730399.9999999983,0.6451597326703882,0.9199784860970454,1.444685439553711,14737,0.2939137386957216,0.20286938379550873,-0.06574970307316606,0.1663518146558726,0.0852227246660859
st_louis_county,3,2020,0.013560320770321632,0.026455385480182083,0.512573168910344,57136,14737,OK,0.775373317244641,0.775373317244641,0.8338678405290572,0.8338678405290572,0.7766451168006148,0.7766451168006148,0.8357921856073794,126271.67779637406,126271.67779637406,0.29371962899393245,53043.52380547324,53043.52380547324,0.20215173243398904,0.14616460049794197,-0.17334416410527895,-0.26188296682848144,-0.1405922641294748,0.3868657553396645,0.920700213373526,0.9716146494364621,0.9092165554016303,20.377535949933456,0.39818140030501714,-21.279247831893358,1.0686284182399963,-0.03298168239981389,0.9113490820495381,-0.0657947555009239,-0.12670070917524323,-0.32077330928712605,0.31286813116656326,div,-0.17334416410527895,-0.17511238099407075,-2.5170638608075643e-07,0.3868657553396645,14737,0.0,66474.99999999999,215000.00000000006,730399.9999999983,0.6446791201506897,0.920700213373526,1.4487164493632825,14737,0.29371962899393245,0.2025047536540814,-0.06579475550092403,0.16613215947094281,0.08509731004480539
st_louis_county,3,2020,0.019679896712654306,0.03839431696062223,0.512573168910344,57136,14737,OK,0.774552600760062,0.774552600760062,0.833965975955413,0.833965975955413,0.7758290470786016,0.7758290470786016,0.8358891843096639,126502.14631820002,126502.14631820002,0.29363286506138364,53227.5676359625,53227.5676359625,0.2021440704294207,0.1472212226683748,-0.17271110601360004,-0.2607929107091442,-0.13943205612946621,0.3852768957056755,0.9204028425336614,0.9707789687234261,0.9088640877893054,20.3522700302664,0.39688742807463406,-21.480723487587262,1.0681233660411433,-0.03251556347772647,0.9120390324183972,-0.06543569781805704,-0.12600927316780322,-0.3193276802561972,0.31138586063520746,div,-0.17271110601360004,-0.1744597850947926,-2.497571627083414e-07,0.3852768957056755,14737,0.0,66474.99999999999,215000.00000000006,730399.9999999983,0.6439870925593624,0.9204028425336614,1.4450503489758797,14737,0.29363286506138364,0.20278224361303268,-0.06543569781805719,0.166034024044587,0.08506105922600103
st_louis_county,3,2020,0.028561148455159703,0.0557211149305309,0.512573168910344,57136,14737,OK,0.7737296784358327,0.7737296784358327,0.8337482294736291,0.8337482294736291,0.7750107840060413,0.7750107840060413,0.8356739600329237,126732.81346383873,126732.81346383873,0.29382534541165434,53187.41971300059,53187.41971300059,0.20228430159965635,0.14661155508455054,-0.17244914374747913,-0.2598298922492585,-0.13981969398171457,0.38777994960932743,0.9207450684988886,0.9713257645312173,0.9091031575688072,20.382671989699954,0.3992410385045751,-20.738712448620575,1.0684439454910821,-0.0321745505089606,0.911593352255942,-0.06544976920261535,-0.1260363703792609,-0.31906443808888785,0.3110814592881822,div,-0.17244914374747913,-0.17418978105371286,-2.509984923944755e-07,0.38777994960932743,14737,0.0,66474.99999999999,215000.00000000006,730399.9999999983,0.6452930125031874,0.9207450684988886,1.4418933515804102,14737,0.29382534541165434,0.20267203564739272,-0.0654497692026155,0.16625177052637088,0.0855111981324331
st_louis_county,3,2020,0.04145038020210471,0.0808672453344021,0.512573168910344,57136,14737,OK,0.7747672900285385,0.7747672900285385,0.8335605739102516,0.8335605739102516,0.776042520811537,0.776042520811537,0.8354884781249117,126441.89917830638,126441.89917830638,0.29399112533140503,53204.45831754437,53204.45831754437,0.20235243917222218,0.14636160222508113,-0.17192577838631043,-0.2594428427989985,-0.13941550899493022,0.38723580803182733,0.9210525096676234,0.9707578011357654,0.9088110805495495,20.357056833060263,0.3989140715268345,-21.082099801372895,1.0681623738002373,-0.03197946237652876,0.9119651303545242,-0.06531691683641018,-0.1257805370854725,-0.3183895635470465,0.31083752369431805,div,-0.17192577838631043,-0.17365042455587168,-2.498856000250092e-07,0.38723580803182733,14737,0.0,66474.99999999999,215000.00000000006,730399.9999999983,0.6442756711934741,0.9210525096676234,1.4436167608628883,14737,0.29399112533140503,0.20290362496456327,-0.06531691683641032,0.16643942608974838,0.0852821039667041
st_louis_county,3,2020,0.060156335155656014,0.11736145940596078,0.512573168910344,57136,14737,OK,0.7744701147006894,0.7744701147006894,0.8336740085659371,0.8336740085659371,0.7757470280418122,0.7757470280418122,0.8356005988422117,126525.2863262693,126525.2863262693,0.29389092531598215,53200.01448922414,53200.01448922414,0.20238799451991044,0.14609080512392456,-0.1699146224215267,-0.25728976265467146,-0.13897469528292364,0.3892416814484865,0.9209191960424554,0.9716446348207536,0.9101054264223044,20.381508760542346,0.40061445763566345,-21.352975323867106,1.0676176700103466,-0.031182747444336342,0.912996468077014,-0.06496112173952553,-0.12509538382738758,-0.3165307083647773,0.3095701757520256,div,-0.1699146224215267,-0.17157874639353776,-2.48241745005825e-07,0.3892416814484865,14737,0.0,66474.99999999999,215000.00000000006,730399.9999999983,0.64438201958729,0.9209191960424554,1.4447544234718754,14737,0.29389092531598215,0.20270259052142478,-0.06496112173952567,0.16632599143406285,0.08581226091927911
st_louis_county,3,2020,0.0873040160721099,0.17032498259264242,0.512573168910344,57136,14737,OK,0.7759067674153163,0.7759067674153163,0.8333622954386348,0.8333622954386348,0.7771755466636316,0.7771755466636316,0.8352924963561259,126121.65179160479,126121.65179160479,0.2941661883015361,53182.84840881122,53182.84840881122,0.20263478908425822,0.1464177448755741,-0.16965709294699163,-0.2570304918228332,-0.1381334530897749,0.3872757798224493,0.9215802828209825,0.9713826452387513,0.9102470466230721,20.404855431444485,0.39869861991324507,-20.668431123228668,1.067163742900882,-0.03068857883001049,0.9136963506458518,-0.06448719120299319,-0.12418273760473221,-0.3139894853714478,0.30728528481944356,div,-0.16965709294699163,-0.17131357269210115,-2.4661363181776393e-07,0.3872757798224493,14737,0.0,66474.99999999999,215000.00000000006,730399.9999999983,0.6441673844916631,0.9215802828209825,1.4438030086180829,14737,0.2941661883015361,0.20310253604784614,-0.06448719120299333,0.16663770456136517,0.08536239974789549
st_louis_county,3,2020,0.12670305135106935,0.24719017505426905,0.512573168910344,57136,14737,OK,0.775114710401871,0.775114710401871,0.8337318368357213,0.8337318368357213,0.7763879741475117,0.7763879741475117,0.8356577572745201,126344.34353292007,126344.34353292007,0.2938398308326397,53144.842956024215,53144.842956024215,0.2022952987444802,0.14697773959618665,-0.16704155381541183,-0.25333245761161943,-0.13643863709076298,0.388108051097476,0.9202798049858734,0.9709078163816817,0.910585364742188,20.390609252273606,0.39975084454951654,-20.4362240524772,1.0662457952600333,-0.029350069974582952,0.9151032012459548,-0.06377258161848383,-0.12280661665935548,-0.31098409122023435,0.30510782427147476,div,-0.16704155381541183,-0.16862174132244834,-2.4333349498195356e-07,0.388108051097476,14737,0.0,66474.99999999999,215000.00000000006,730399.9999999983,0.6443783539268317,0.9202798049858734,1.4403196275066719,14737,0.2938398308326397,0.202860719208503,-0.06377258161848397,0.16626816316427875,0.0858530735721291
st_louis_county,3,2020,0.18388229939401626,0.3587435132137784,0.512573168910344,57136,14737,OK,0.7756701124950722,0.7756701124950722,0.8332615538861838,0.8332615538861838,0.7769402316448579,0.7769402316448579,0.8351929217150741,126188.22995899295,126188.22995899295,0.29425509459367377,53019.18346895186,53019.18346895186,0.20227191291929936,0.1455964889927593,-0.16391854461174046,-0.24993216391646683,-0.13483523484158325,0.38876518200814747,0.9210930195237786,0.9711582056205946,0.9118633163274453,20.398604323987055,0.4003244482055787,-19.981641967482354,1.0650260715958628,-0.027669817549609968,0.9172446833804423,-0.06270184710024321,-0.12074470729033907,-0.3052712930971117,0.30085136226350784,div,-0.16391854461174046,-0.16541080198682606,-2.391884324015691e-07,0.38876518200814747,14737,0.0,66474.99999999999,215000.00000000006,730399.9999999983,0.6417653677189602,0.9210930195237786,1.4395436452124135,14737,0.29425509459367377,0.20280364623256797,-0.06270184710024335,0.16673844611381608,0.08618039278991248
st_louis_county,3,2020,0.26686571215039057,0.5206392537434378,0.512573168910344,57136,14737,OK,0.7750986106990836,0.7750986106990836,0.8331624915763757,0.8331624915763757,0.7763719655986095,0.7763719655986095,0.8350950068656307,126348.86599407993,126348.86599407993,0.29434249273649693,52936.15155232331,52936.15155232331,0.20204748898124675,0.14592000318870899,-0.16055078247427612,-0.24455224178011672,-0.1325442169119861,0.39056673495257394,0.9229520641428139,0.9716366677107148,0.9132908825676284,20.382781227071884,0.40198152234891993,-19.20946730362195,1.0638852158241774,-0.025442663980062463,0.91891379389254,-0.061620446364997215,-0.1186622580280058,-0.2997974368585058,0.2968158880953126,div,-0.16055078247427612,-0.16195200026790157,-2.3535986072287238e-07,0.39056673495257394,14737,0.0,66474.99999999999,215000.00000000006,730399.9999999983,0.6412546538901566,0.9229520641428139,1.4401772530562045,14737,0.29434249273649693,0.20252695370258902,-0.061620446364997354,0.16683750842362435,0.0859107289287942
st_louis_county,3,2020,0.38729833462074176,0.755596192137957,0.512573168910344,57136,14737,OK,0.7764644626111489,0.7764644626111489,0.8326182128565163,0.8326182128565163,0.7777300842804371,0.7777300842804371,0.8345570326450273,125964.61613556006,125964.61613556006,0.29482222271314973,52976.94297121912,52976.94297121912,0.2025168829690873,0.14582459842219653,-0.15571048171128607,-0.23917276634473444,-0.12997855493590682,0.39162110940932093,0.9224278401628916,0.971594448767824,0.9148549163688474,20.448659660231687,0.40308422674157823,-18.068448318161526,1.0620202519369755,-0.022907447881171373,0.9220652394497785,-0.06018419391941951,-0.1158964721834666,-0.2923561002764217,0.29154479268827455,div,-0.15571048171128607,-0.1569875512981351,-2.2888043086838542e-07,0.39162110940932093,14737,0.0,66474.99999999999,215000.00000000006,730399.9999999983,0.6403221125597456,0.9224278401628916,1.433349174600989,14737,0.29482222271314973,0.20302062738759763,-0.06018419391941965,0.16738178714348376,0.0866535989608457
st_louis_county,3,2020,0.5620804515923291,1.0965857865467878,0.512573168910344,57136,14737,OK,0.7762043690357782,0.7762043690357782,0.8322075894152666,0.8322075894152666,0.7774714633123703,0.7774714633123703,0.834151165544758,126037.87755770497,126037.87755770497,0.29518363228328204,52951.70255297988,52951.70255297988,0.20260317768266678,0.14613484396968046,-0.14675231695873017,-0.22786240811500796,-0.12432130605165953,0.393168754695572,0.923004014331672,0.9715394094233938,0.9178528250413178,20.482567383111512,0.40470009870118945,-16.478337120598972,1.058491495496197,-0.01797899094283996,0.9279355703040173,-0.05729574618392216,-0.11033419941997863,-0.27799909742684803,0.2811891565571328,div,-0.14675231695873017,-0.1478196408000058,-2.1656520675597276e-07,0.393168754695572,14737,0.0,66474.99999999999,215000.00000000006,730399.9999999983,0.6389352399561292,0.923004014331672,1.4378438377766654,14737,0.29518363228328204,0.20326093113023463,-0.0572957461839223,0.16779241058473335,0.08731604307260697
st_louis_county,3,2020,0.8157392010776716,1.591459035617909,0.512573168910344,57136,14737,OK,0.77522023810902,0.77522023810902,0.830972203488795,0.830972203488795,0.7764929043740344,0.7764929043740344,0.8329300893632207,126314.6964328654,126314.6964328654,0.29626829678879063,52994.93529145408,52994.93529145408,0.20297079634868445,0.14631986296536573,-0.14107701452790364,-0.22050323937807195,-0.12029768923353519,0.39314108055143243,0.9239833509258752,0.9716673254970571,0.9200605768523107,20.56102524064645,0.4046183395139925,-15.093404986588482,1.0560905987530758,-0.014366047161075946,0.931855934632258,-0.055144754070230034,-0.10619204212856168,-0.26655013591512,0.272582316373368,div,-0.14107701452790364,-0.14202429152116283,-2.0817540022129397e-07,0.39314108055143243,14737,0.0,66474.99999999999,215000.00000000006,730399.9999999983,0.6361457215968808,0.9239833509258752,1.4330370898188984,14737,0.29626829678879063,0.2037790610026127,-0.05514475407023017,0.1690277965112051,0.08854549694038595
st_louis_county,3,2020,1.1838704624751253,2.309661399155679,0.512573168910344,57136,14737,OK,0.7772522460886272,0.7772522460886272,0.8304198086643593,0.8304198086643593,0.7785134074566521,0.7785134074566521,0.8323840930486526,125742.45811106278,125742.45811106278,0.2967520148058211,52840.42217355928,52840.42217355928,0.20318700369756498,0.14477259344828403,-0.1301062707995684,-0.20682478174168248,-0.11433363020877647,0.39836166063139633,0.924802991916383,0.9718853055560055,0.9236597128610256,20.601740741852964,0.40989937263082715,-13.06320988683266,1.052211428108737,-0.008509636199841257,0.9383301359630832,-0.05175787465764238,-0.09966994138969866,-0.24975955060226168,0.26240771770119425,div,-0.1301062707995684,-0.13084794919823498,-1.9453622488981804e-07,0.39836166063139633,14737,0.0,66474.99999999999,215000.00000000006,730399.9999999983,0.6325535592692195,0.924802991916383,1.432601434154973,14737,0.2967520148058211,0.2039355340252286,-0.05175787465764253,0.16958019133564067,0.08919514819960478
st_louis_county,3,2020,1.7181340188990342,3.3519780650078452,0.512573168910344,57136,14737,OK,0.7760756852850098,0.7760756852850098,0.8300038425118924,0.8300038425118924,0.7773435081479616,0.7773435081479616,0.8319729451229565,126074.10859562832,126074.10859562832,0.29711574593879697,53012.088537841235,53012.088537841235,0.20365273738794393,0.14574046014434167,-0.1195661962511399,-0.194059885048804,-0.10770842026899441,0.39996317042573837,0.926188170304987,0.9725414985351715,0.9280445503170556,20.683016896886095,0.4112695877270333,-10.898319241137129,1.0479469958666467,-0.002905651456348737,0.9453979480035952,-0.048370061423413366,-0.09314604239407032,-0.2329971771314256,0.2520207266309315,div,-0.1195661962511399,-0.12014090983512876,-1.7949532274739547e-07,0.39996317042573837,14737,0.0,66474.99999999999,215000.00000000006,730399.9999999983,0.6320550878933842,0.926188170304987,1.436036896277324,14737,0.29711574593879697,0.2044133247467024,-0.048370061423413505,0.16999615748810756,0.09025846210161449
st_louis_county,3,2020,2.4935029637671793,4.864677113450952,0.512573168910344,57136,14737,OK,0.7758284750875167,0.7758284750875167,0.8284465983204029,0.8284465983204029,0.777097697614193,0.777097697614193,0.8304337388309633,126143.68167461533,126143.68167461533,0.29847350309842413,53167.503454539874,53167.503454539874,0.2044482818115742,0.14683508799154765,-0.10906655096637903,-0.18045883434370733,-0.1013018120579575,0.40452482812022894,0.9265438029008151,0.9726217105405567,0.93156930860498,20.801544123196038,0.41592589311665473,-9.455638797173437,1.044068006058564,0.0031885225406202604,0.9518304882607405,-0.04484226974487661,-0.08635258744329004,-0.21503108224270426,0.24258252414875367,div,-0.10906655096637903,-0.10950213159990516,-1.6560043845843334e-07,0.40452482812022894,14737,0.0,66474.99999999999,215000.00000000006,730399.9999999983,0.6280829873878573,0.9265438029008151,1.4275017751398387,14737,0.29847350309842413,0.20532027295554123,-0.04484226974487675,0.17155340167959712,0.09120330932345751
st_louis_county,3,2020,3.618784659359615,7.060035286381893,0.512573168910344,57136,14737,OK,0.774322823877027,0.774322823877027,0.8267981992782414,0.8267981992782414,0.7756005711547144,0.7756005711547144,0.8288044335548372,126566.5956451366,126566.5956451366,0.2999040407680203,53462.89430446231,53462.89430446231,0.20547906906874586,0.1473101160370612,-0.09801708644882892,-0.16731549525464523,-0.09467402075014861,0.40775638872821135,0.9274339528156039,0.9738960310181396,0.9367078981445027,20.966522926621586,0.41869995450084874,-7.238298976944458,1.0397008853531626,0.00927863022568197,0.9589702896970362,-0.04138755500392775,-0.0796998564718946,-0.19731859970470242,0.23381505252971038,div,-0.09801708644882892,-0.09833280317096205,-1.5001244309624086e-07,0.40775638872821135,14737,0.0,66474.99999999999,215000.00000000006,730399.9999999983,0.6262677157920014,0.9274339528156039,1.4274268711991702,14737,0.2999040407680203,0.2062833428476221,-0.04138755500392789,0.17320180072175856,0.09118607971044256
st_louis_county,3,2020,5.2518896512686215,10.246126738224271,0.512573168910344,57136,14737,OK,0.771374576947581,0.771374576947581,0.8251132348782342,0.8251132348782342,0.7726690167174061,0.7726690167174061,0.8271389864653893,127390.6461160598,127390.6461160598,0.30135929288831964,53919.81682919592,53919.81682919592,0.20648396170129374,0.14774977397738492,-0.0893875568068941,-0.15589008869298157,-0.0888721830241058,0.4108217798839861,0.927560454858897,0.9737471436314885,0.9395781382161775,21.087088712078536,0.42191211725456745,-5.517992395427147,1.036366326573096,0.014639752700715002,0.9644456652751326,-0.038354699335206625,-0.07385949790338033,-0.182017866440516,0.2264254832804796,div,-0.0893875568068941,-0.0896267775936789,-1.3783364703833354e-07,0.4108217798839861,14737,0.0,66474.99999999999,215000.00000000006,730399.9999999983,0.6233378448233727,0.927560454858897,1.4257589273997242,14737,0.30135929288831964,0.20740483033702722,-0.03835469933520676,0.17488676512176587,0.09123925469756353
st_louis_county,3,2020,7.621991222319222,14.87005501774989,0.512573168910344,57136,14737,OK,0.7707041335395444,0.7707041335395444,0.8244924163173623,0.8244924163173623,0.7720023692503422,0.7720023692503422,0.8265253589814645,127577.29573401417,127577.29573401417,0.3018937064056253,54075.78353532194,54075.78353532194,0.20716637620116643,0.14854084846718763,-0.08187868731254686,-0.1465665504735226,-0.08397452846319907,0.41287522471261,0.9291181309706765,0.9747062217409688,0.9432510902347294,21.18807562293013,0.42360377345754563,-4.700236566123449,1.0333475697318428,0.018829277674979536,0.9692889073644038,-0.035817249862932936,-0.06897314115373165,-0.1695515040625008,0.22240229853361923,div,-0.08187868731254686,-0.08206240169961385,-1.2688620698431583e-07,0.41287522471261,14737,0.0,66474.99999999999,215000.00000000006,730399.9999999983,0.6193810616907331,0.9291181309706765,1.4294763389638734,14737,0.3018937064056253,0.20799982019864707,-0.035817249862933075,0.17550758368263772,0.09163587746626603
st_louis_county,3,2020,11.061685231539125,21.580695015805563,0.512573168910344,57136,14737,OK,0.767156320659514,0.767156320659514,0.8226554736757631,0.8226554736757631,0.7684746435068448,0.7684746435068448,0.8247096940475818,128560.48611362463,128560.48611362463,0.30346947276863556,54567.586361875095,54567.586361875095,0.20841788015195223,0.14953979886129218,-0.07488884670914042,-0.13835519655265413,-0.07996293717854622,0.4164850131225987,0.9294224974704554,0.9748493907489072,0.9458279925913271,21.321192861482213,0.4272446065867967,-3.4494497054724014,1.030683589812212,0.02269270767742779,0.9737916727146847,-0.033761518977205696,-0.06501442804488158,-0.1589837260090984,0.21830330113068305,div,-0.07488884670914042,-0.07502932039636276,-1.1706882016584442e-07,0.4164850131225987,14737,0.0,66474.99999999999,215000.00000000006,730399.9999999983,0.6165702817016692,0.9294224974704554,1.4224604146128161,14737,0.30346947276863556,0.20934508575603195,-0.033761518977205834,0.17734452632423695,0.090529418687813
st_louis_county,3,2020,16.05366322167172,31.31974944338088,0.512573168910344,57136,14737,OK,0.7630749187576736,0.7630749187576736,0.8202363378240952,0.8202363378240952,0.7644163498353486,0.7644163498353486,0.8223185795747052,129682.32806204307,129682.32806204307,0.30553225775920845,55093.76097669983,55093.76097669983,0.21019097414533525,0.15141917909199973,-0.07177339567619836,-0.1339767853029695,-0.07855913622448026,0.4225452874961071,0.9290008296449138,0.97558673991223,0.94736793826056,21.561556504524575,0.4331338333566665,-3.0611898210675474,1.0297865280341678,0.02549070881535495,0.9753622490282872,-0.03289602444069104,-0.06334774852416865,-0.15380430290474137,0.21598173846445362,div,-0.07177339567619836,-0.07189702299198857,-1.1383124265473245e-07,0.4225452874961071,14737,0.0,66474.99999999999,215000.00000000006,730399.9999999983,0.6144891175867105,0.9290008296449138,1.4318993379542562,14737,0.30553225775920845,0.21093427335770681,-0.03289602444069118,0.17976366217590478,0.09110527330402088
st_louis_county,3,2020,23.298448422672752,45.45389777658839,0.512573168910344,57136,14737,OK,0.7620863653688719,0.7620863653688719,0.8190367543231857,0.8190367543231857,0.7634333934742263,0.7634333934742263,0.8211328911114173,129952.59167923419,129952.59167923419,0.30654998859366567,55393.99446054502,55393.99446054502,0.2111122449686175,0.15244643141267603,-0.06604435999277762,-0.12730430731707942,-0.07487799293813893,0.42385490420454414,0.9305117246606055,0.9756444787116141,0.949597655686534,21.63722795781428,0.43445055532267635,-1.0008102173082716,1.0274293253243647,0.028499669335917223,0.9792970721612597,-0.030997721838217977,-0.059692194458629645,-0.14444452957858167,0.21375229144893348,div,-0.06604435999277762,-0.06614063744982566,-1.0506974281727511e-07,0.42385490420454414,14737,0.0,66474.99999999999,215000.00000000006,730399.9999999983,0.6150085162388376,0.9305117246606055,1.4315643284378319,14737,0.30654998859366567,0.21198643968730205,-0.030997721838218112,0.18096324567681427,0.09056823528635165
st_louis_county,3,2020,33.81270003043063,65.96658210243723,0.512573168910344,57136,14737,OK,0.758704252493734,0.758704252493734,0.8176151761483921,0.8176151761483921,0.7600704295692824,0.7600704295692824,0.8197277793870257,130873.01672369121,130873.01672369121,0.3077517030000852,55787.13782289814,55787.13782289814,0.21194533878867447,0.15320812573421896,-0.0642479010651934,-0.12484666179740284,-0.073026163626867,0.42150979119087245,0.931034301330777,0.9763332833537086,0.9511351469749636,21.754581893644414,0.4317420087765766,-0.23807380577343315,1.026492698181627,0.029860532008474477,0.9806829410203898,-0.030295133515649893,-0.05833922281142334,-0.1405364413284296,0.21052904127706154,div,-0.0642479010651934,-0.06433652132689043,-1.0164624323819064e-07,0.42150979119087245,14737,0.0,66474.99999999999,215000.00000000006,730399.9999999983,0.6140712447827398,0.931034301330777,1.4332552346637202,14737,0.3077517030000852,0.21295406195216984,-0.03029513351565003,0.18238482385160795,0.0892889606518423
st_louis_county,3,2020,49.071880779635485,95.73634313312803,0.512573168910344,57136,14737,OK,0.7548001900858784,0.7548001900858784,0.8150150680734883,0.8150150680734883,0.756188471324547,0.756188471324547,0.8171577889316906,131927.50338265725,131927.50338265725,0.3099376193460649,56477.20155281081,56477.20155281081,0.21346671180361487,0.15543031344113423,-0.061561249268389136,-0.12031301557594379,-0.07113506962007503,0.4260663781882216,0.9318922633806181,0.9760222928575555,0.9516168608510157,21.918670516995217,0.4365482609471431,-0.6551962873872116,1.0256462795170678,0.03230420464849973,0.9818905691530214,-0.02950123579274782,-0.05681041700101356,-0.13593747010820803,0.20597953895339258,div,-0.061561249268389136,-0.061639194598880044,-9.84485694014395e-08,0.4260663781882216,14737,0.0,66474.99999999999,215000.00000000006,730399.9999999983,0.6087136119796959,0.9318922633806181,1.4348363673522022,14737,0.3099376193460649,0.21477626132561642,-0.029501235792747955,0.18498493192651166,0.08877446766061373
st_louis_county,3,2020,71.21730832153513,138.94076522369045,0.512573168910344,57136,14737,OK,0.7477821620999316,0.7477821620999316,0.8100736134276674,0.8100736134276674,0.7492101782657552,0.7492101782657552,0.8122735722340052,133802.17666393062,133802.17666393062,0.31404997897528786,57505.54463008167,57505.54463008167,0.2165339302419674,0.15735171135576656,-0.057762161577015504,-0.11680042754848935,-0.07009902432460721,0.4324875964141406,0.9319978939806711,0.9765624609663122,0.9533180307800654,22.260491784931553,0.44288234288883127,0.5007855923066964,1.0243826608075657,0.03521239361693116,0.9840243551249519,-0.02898041571202098,-0.05580747576233274,-0.1317633209206227,0.20212784355663393,div,-0.057762161577015504,-0.0578265310074218,-9.376522807604803e-08,0.4324875964141406,14737,0.0,66474.99999999999,215000.00000000006,730399.9999999983,0.6051692023131091,0.9319978939806711,1.4495059636398735,14737,0.31404997897528786,0.21786608333589141,-0.028980415712021118,0.18992638657233257,0.08578812798540908
st_louis_county,3,2020,103.35664588322452,201.64271591301923,0.512573168910344,57136,14737,OK,0.7406870182846165,0.7406870182846165,0.802814887246577,0.802814887246577,0.7421552059948141,0.7421552059948141,0.8050989254632225,135671.11953675037,135671.11953675037,0.31999498892045053,59224.34680365924,59224.34680365924,0.22211523315098858,0.16251632356915377,-0.054999229860153535,-0.11195877166639029,-0.06867241232163716,0.4420081674281142,0.9308708236713746,0.9775749127862002,0.954955115253559,22.905472980489623,0.4521629585159392,1.9153653774356891,1.0236867651383126,0.03956426660559369,0.9850241837627643,-0.028177892181119574,-0.05426205926642981,-0.12568419332651895,0.1941770807013014,div,-0.054999229860153535,-0.05505478673165674,-9.124553528255954e-08,0.4420081674281142,14737,0.0,66474.99999999999,215000.00000000006,730399.9999999983,0.5997826946357117,0.9308708236713746,1.4611331808947705,14737,0.31999498892045053,0.22357545796126385,-0.028177892181119716,0.19718511275342304,0.08166859695409594
st_louis_county,3,2020,150.0,292.64114686080467,0.512573168910344,57136,14737,OK,0.7122826829729066,0.7122826829729066,0.7821280337221785,0.7821280337221785,0.7139116913861216,0.7139116913861216,0.7846516922801982,142908.57219456573,142908.57219456573,0.336361896333431,63803.201766218684,63803.201766218684,0.2360815339001037,0.17205588618182485,-0.04952543078358234,-0.10252792004846568,-0.06661936410747353,0.4682356233397945,0.9304429731941201,0.9823813923797459,0.9608042203416888,24.479259756741545,0.4766494094616468,5.177399514318569,1.0224574076395956,0.05047444559743954,0.9868765695483985,-0.027315898631493564,-0.05260212158278621,-0.11564408765219122,0.1751168209296809,div,-0.04952543078358234,-0.04956598194669208,-8.703970977880282e-08,0.4682356233397945,14737,0.0,66474.99999999999,215000.00000000006,730399.9999999983,0.5793780799312795,0.9304429731941201,1.5034134817144482,14737,0.336361896333431,0.23718271659146062,-0.027315898631493713,0.2178719662778215,0.07379070050039434
st_louis_county,4,2021,0.0,0.0,0.514942907606108,71873,17499,OK,0.5680558854221223,0.5680558854221223,0.7768457483383675,0.7768457483383675,0.5759567923338506,0.5759567923338506,0.7825690161526094,228594.4107817779,228594.4107817779,0.3594996155107418,80025.13281072081,80025.13281072081,0.22763772877003946,0.17601175444196726,-0.3078691291020892,-0.4362563050330481,-0.23137731169265144,0.4036220664203048,0.8812717821103814,0.9449116358898939,0.8089242728622175,22.485518028224853,0.427165445213866,-53.76456600988844,1.1681088917588196,-0.12640759650880823,0.7877634022011795,-0.14383787743328696,-0.24835995409899914,-0.5529297966348591,0.5229717051025506,div,-0.3078691291020892,-0.3181897076383241,-3.57263968133504e-07,0.4036220664203048,17499,0.0,65499.999999999956,225500.00000000017,824999.9999999997,0.6143847703731141,0.8812717821103814,1.4757745918680214,17499,0.3594996155107418,0.23959781693342802,-0.143837877433287,0.2231542516616325,0.1040931573095205
st_louis_county,4,2021,0.001,0.0019419628569094184,0.514942907606108,71873,17499,OK,0.5693462834964631,0.5693462834964631,0.7780224048057407,0.7780224048057407,0.577223587088409,0.577223587088409,0.7837154947495724,228252.70173566713,228252.70173566713,0.3585505709998158,79682.78130387145,79682.78130387145,0.22708548790881705,0.17430988621765622,-0.31016689695290367,-0.44002209368141537,-0.23211340447278736,0.40144087058979794,0.8826896493892099,0.946718033514289,0.8104561026714661,22.449653498325336,0.4240463657228828,-53.97164764505691,1.1681299337418394,-0.127404089710864,0.7877749492465103,-0.14414818975910607,-0.24889575980172532,-0.5546480229139189,0.5257665898801923,div,-0.31016689695290367,-0.32073006082126354,-3.5798530859468554e-07,0.40144087058979794,17499,0.0,65499.999999999956,225500.00000000017,824999.9999999997,0.6162835134903631,0.8826896493892099,1.481706957398973,17499,0.3585505709998158,0.23861840063298997,-0.14414818975910615,0.2219775951942594,0.10344005210253654
st_louis_county,4,2021,0.001451285485497223,0.0028183425076073595,0.514942907606108,71873,17499,OK,0.5683743497963147,0.5683743497963147,0.777562757640481,0.777562757640481,0.576269431516102,0.576269431516102,0.7832676362184402,228510.12603655847,228510.12603655847,0.3589216028727422,79949.12581195594,79949.12581195594,0.22774504962998474,0.1746875018900174,-0.30766769454269405,-0.43603470066487443,-0.23155370395074523,0.40413505857435267,0.8808373827028984,0.9458418561437314,0.8097707448051686,22.509722817073932,0.4272877160383212,-53.882725124451795,1.168036585924454,-0.1265096588224593,0.7880136138427986,-0.14375965003565921,-0.24822488152124142,-0.5530697008834939,0.5229017949178845,div,-0.30766769454269405,-0.31796719651366023,-3.574839904444437e-07,0.40413505857435267,17499,0.0,65499.999999999956,225500.00000000017,824999.9999999997,0.6153597200903801,0.8808373827028984,1.4824571362408772,17499,0.3589216028727422,0.23939186207578605,-0.14375965003565927,0.222437242359519,0.1050086296713041
st_louis_county,4,2021,0.00210622956041491,0.0040902195744504065,0.514942907606108,71873,17499,OK,0.567092115106488,0.567092115106488,0.776724817408161,0.776724817408161,0.5750106508254882,0.5750106508254882,0.7824511867546187,228849.2930043573,228849.2930043573,0.3595970116712057,80161.14644039694,80161.14644039694,0.22800703467942343,0.17517459238387317,-0.30993368380583936,-0.43987259637328147,-0.23310848310490306,0.40329888285976173,0.8802976723292053,0.9457260201182324,0.8089363491613454,22.534844657825833,0.42645586381028777,-54.33352570936143,1.1690981881314915,-0.128283550441844,0.7864691218253334,-0.14490464998421948,-0.250201913856133,-0.5564539007011379,0.52800110695133,div,-0.30993368380583936,-0.32047204423275805,-3.5937177953651423e-07,0.40329888285976173,17499,0.0,65499.999999999956,225500.00000000017,824999.9999999997,0.6158221671416468,0.8802976723292053,1.4852518127266214,17499,0.3595970116712057,0.23972016179236327,-0.14490464998421954,0.223275182591839,0.10285810761431911
st_louis_county,4,2021,0.003056740390155355,0.005936076300896503,0.514942907606108,71873,17499,OK,0.5691307115164332,0.5691307115164332,0.7772569530607902,0.7772569530607902,0.5770119582438209,0.5770119582438209,0.7829696746509053,228309.82272278864,228309.82272278864,0.35916823911595974,79829.28102732629,79829.28102732629,0.22751392445969507,0.17438737454995548,-0.3074366614387239,-0.43623961835517566,-0.23204016674032565,0.40479385545377494,0.8813083618422369,0.9462826897216591,0.8100921081342248,22.51277574855873,0.42778487501260765,-54.240128904563086,1.1681174032186334,-0.12669950126333931,0.7878665930350213,-0.14399126037016796,-0.24862479518149497,-0.553354544668065,0.5247136786206469,div,-0.3074366614387239,-0.317712027383038,-3.577978608970758e-07,0.40479385545377494,17499,0.0,65499.999999999956,225500.00000000017,824999.9999999997,0.6151508550708389,0.8813083618422369,1.4795289328083927,17499,0.35916823911595974,0.2390447134153821,-0.143991260370168,0.2227430469392097,0.10349502794167671
st_louis_county,4,2021,0.004436202961165585,0.00861494137629514,0.514942907606108,71873,17499,OK,0.5699671649264005,0.5699671649264005,0.7782124762984896,0.7782124762984896,0.5778331116640323,0.5778331116640323,0.7839006914525793,228088.10431716294,228088.10431716294,0.35839703109615895,79621.30008987022,79621.30008987022,0.22692829849225366,0.17359378566917646,-0.3098906716227084,-0.43969390756704574,-0.232698392426959,0.40275299844469925,0.8834464302140277,0.9476235024475178,0.8110379406755102,22.44193895955746,0.42502587344426146,-54.103785495692826,1.1684083504875815,-0.12767650910116615,0.7873442788539027,-0.14438078454957942,-0.24929737328849566,-0.555330082358203,0.5268596707193419,div,-0.3098906716227084,-0.3204244619862,-3.5883554693593254e-07,0.40275299844469925,17499,0.0,65499.999999999956,225500.00000000017,824999.9999999997,0.6169903981151869,0.8834464302140277,1.4852307436265595,17499,0.35839703109615895,0.2382430710765998,-0.14438078454957945,0.22178752370151048,0.10287926358582113
st_louis_county,4,2021,0.006438196968259414,0.012502739377826607,0.514942907606108,71873,17499,OK,0.5680772419892466,0.5680772419892466,0.7773567014706506,0.7773567014706506,0.5759777582572709,0.5759777582572709,0.7830668647995656,228588.7595272987,228588.7595272987,0.3590878090575338,79909.93501873052,79909.93501873052,0.22797418749481901,0.17448007805722476,-0.30643889346453285,-0.43557523095631695,-0.23345754594048326,0.40788767990921615,0.8824723873666933,0.9468377694752884,0.8100516651799352,22.52874731880386,0.43080171509686055,-55.481133117978416,1.168860963041128,-0.1275548385251585,0.7871570855640079,-0.14467383430130656,-0.2498033722936703,-0.5558764520592915,0.5273137788887967,div,-0.30643889346453285,-0.31661048178860407,-3.5936240925662844e-07,0.40788767990921615,17499,0.0,65499.999999999956,225500.00000000017,824999.9999999997,0.6166895626603478,0.8824723873666933,1.4815582382877945,17499,0.3590878090575338,0.23935624359086355,-0.14467383430130662,0.22264329852934933,0.10373339215505302
st_louis_county,4,2021,0.009343661812807113,0.018145044187994334,0.514942907606108,71873,17499,OK,0.5681987815224279,0.5681987815224279,0.7771225541105307,0.7771225541105307,0.5760970746497602,0.5760970746497602,0.7828387226490258,228556.59576036324,228556.59576036324,0.3592765804437465,80037.4661320858,80037.4661320858,0.22755411138071704,0.17540242354540658,-0.3059552383796032,-0.43373984200538873,-0.2308616905630392,0.4050591080668599,0.8797161276160103,0.9442439384590658,0.8086207959899402,22.456865006247774,0.4289894441924696,-54.47587973403788,1.167721561381675,-0.12610707732923168,0.7883103696269679,-0.14364917689062295,-0.24803413131190866,-0.5528966595503687,0.5233451373994301,div,-0.3059552383796032,-0.31607678949061563,-3.563070933245056e-07,0.4050591080668599,17499,0.0,65499.999999999956,225500.00000000017,824999.9999999997,0.6145124325309104,0.8797161276160103,1.480832992509649,17499,0.3592765804437465,0.23955397766428557,-0.143649176890623,0.2228774458894694,0.10372875766103831
st_louis_county,4,2021,0.013560320770321632,0.02633363926374192,0.514942907606108,71873,17499,OK,0.565035887826951,0.565035887826951,0.7765234848162736,0.7765234848162736,0.5729920350326612,0.5729920350326612,0.782255017767433,229392.14371754415,229392.14371754415,0.3597591037676499,80102.35581861698,80102.35581861698,0.2277179290134944,0.1751863498781515,-0.3082468173115271,-0.43599114396333094,-0.23143404600757278,0.4039665706313273,0.8808978265271439,0.945022235001791,0.8087518332563368,22.50598195116653,0.42748000917342194,-55.0063704498682,1.1684947052259265,-0.12640217503399265,0.787166323969499,-0.14396415480120933,-0.24857799292062654,-0.5529469852189021,0.5230349732576977,div,-0.3082468173115271,-0.3186069964434191,-3.580075632235001e-07,0.4039665706313273,17499,0.0,65499.999999999956,225500.00000000017,824999.9999999997,0.6122146608575537,0.8808978265271439,1.4801738028805462,17499,0.3597591037676499,0.23969587593190855,-0.14396415480120936,0.2234765151837264,0.10514725677824514
st_louis_county,4,2021,0.019679896712654306,0.038217628443788426,0.514942907606108,71873,17499,OK,0.5675125865877994,0.5675125865877994,0.7755611448447768,0.7755611448447768,0.5754234312515893,0.5754234312515893,0.7813173590616715,228738.1285037627,228738.1285037627,0.3605328733305244,80205.34756195269,80205.34756195269,0.2281099225385843,0.17652242416946373,-0.3044322858446355,-0.43149564445248934,-0.22916335389987924,0.40417048995554,0.8791719083163841,0.9424834334768117,0.8078314307937989,22.47466673905842,0.42884789746138213,-54.448114702923874,1.1666832925164843,-0.12434280461206228,0.7898363160587356,-0.14292141865484395,-0.24677753600295,-0.5490444748011423,0.5183428649772013,div,-0.3044322858446355,-0.3143974140397368,-3.5375572938983895e-07,0.40417048995554,17499,0.0,65499.999999999956,225500.00000000017,824999.9999999997,0.6131398887882432,0.8791719083163841,1.4767898527550163,17499,0.3605328733305244,0.24066334113738413,-0.14292141865484398,0.22443885515522322,0.10504980979166066
st_louis_county,4,2021,0.028561148455159703,0.055464689450595954,0.514942907606108,71873,17499,OK,0.5677229675626647,0.5677229675626647,0.7773556750372572,0.7773556750372572,0.5756299640422977,0.5756299640422977,0.7830658646912505,228682.48757343792,228682.48757343792,0.3590886367925163,79591.16325127684,79591.16325127684,0.22636886031061226,0.17424376470791444,-0.3055535978178906,-0.4306273756956985,-0.22827812296814962,0.4034210032598411,0.8828045009661768,0.9457297792022727,0.8108324303554699,22.38059676809544,0.42658330064140115,-53.64298913006303,1.1663689608316032,-0.12311326248946217,0.7895087146293474,-0.1422529230687754,-0.24562326748874466,-0.5469780611082805,0.5163104418643195,div,-0.3055535978178906,-0.31563372907936316,-3.5440029916522396e-07,0.4034210032598411,17499,0.0,65499.999999999956,225500.00000000017,824999.9999999997,0.6129279244879154,0.8828045009661768,1.475850789416677,17499,0.3590886367925163,0.2382740411870411,-0.14225292306877543,0.2226443249627428,0.10440003625989054
st_louis_county,4,2021,0.04145038020210471,0.08049509875726085,0.514942907606108,71873,17499,OK,0.5682545816563351,0.5682545816563351,0.7769331111249597,0.7769331111249597,0.576151854115371,0.576151854115371,0.7826541383337866,228541.82750572238,228541.82750572238,0.35942923826622825,79667.24051798965,79667.24051798965,0.2269483264643488,0.1746530137894165,-0.3060576811165196,-0.4315376695625667,-0.22874327022575325,0.40339030957593647,0.8822268939031275,0.9460091477557422,0.8108995340581042,22.446882326990814,0.42642487879004304,-53.68701133828093,1.1666169581100743,-0.12334706381977005,0.789360530155585,-0.14234230655063873,-0.24577760289641973,-0.5466770598424774,0.5156057238060553,div,-0.3060576811165196,-0.31618981602730073,-3.5495795820953774e-07,0.40339030957593647,17499,0.0,65499.999999999956,225500.00000000017,824999.9999999997,0.6157439251057278,0.8822268939031275,1.4766243700018549,17499,0.35942923826622825,0.23871898125205093,-0.14234230655063876,0.2230668888750403,0.10526825845650763
st_louis_county,4,2021,0.060156335155656014,0.11682136848007822,0.514942907606108,71873,17499,OK,0.5660420299702035,0.5660420299702035,0.7768432444860807,0.7768432444860807,0.5739797733242452,0.5739797733242452,0.7825665765169669,229126.6796007371,229126.6796007371,0.3595016323475325,79987.55276954609,79987.55276954609,0.2272559735007804,0.17523668123932815,-0.30703641389039565,-0.4334493553801589,-0.22941286786996118,0.4027868282395468,0.8809782631213029,0.9444932173534893,0.8091543141506132,22.44627326388221,0.4264703337036497,-53.75851580283096,1.16725969427098,-0.12459869171619739,0.7886378141675274,-0.14296761064268254,-0.24685729413192165,-0.5497553629902361,0.519258107923112,div,-0.30703641389039565,-0.31727006069455277,-3.555603441715038e-07,0.4027868282395468,17499,0.0,65499.999999999956,225500.00000000017,824999.9999999997,0.6150142820137412,0.8809782631213029,1.4799108794904159,17499,0.3595016323475325,0.2393648437663653,-0.1429676106426826,0.22315675551391936,0.10514649436072633
st_louis_county,4,2021,0.0873040160721099,0.1695411564710603,0.514942907606108,71873,17499,OK,0.5695154252799315,0.5695154252799315,0.7764528389962311,0.7764528389962311,0.5773896350144987,0.5773896350144987,0.7821861838104629,228207.87353715583,228207.87353715583,0.3598159631396577,79856.85888879359,79856.85888879359,0.22754786780076877,0.17639624348254515,-0.3026038443850592,-0.42833029642394255,-0.22678407835512943,0.40293001015257807,0.8782384147232332,0.9422336567613554,0.8088011750485895,22.42284988308904,0.42764501214583944,-52.810128469762205,1.1649756279159087,-0.12215323591424718,0.7922394278028165,-0.1413234100028083,-0.24401830899994129,-0.5441274992013369,0.5127026509256101,div,-0.3026038443850592,-0.3123834378258576,-3.5055182211969276e-07,0.40293001015257807,17499,0.0,65499.999999999956,225500.00000000017,824999.9999999997,0.6144890506895228,0.8782384147232332,1.475035829728144,17499,0.3598159631396577,0.24006330394218234,-0.14132341000280832,0.22354716100376898,0.10708955377297615
st_louis_county,4,2021,0.12670305135106935,0.24605261958086336,0.514942907606108,71873,17499,OK,0.5712790834654418,0.5712790834654418,0.777574741215751,0.777574741215751,0.5791210332416545,0.5791210332416545,0.7832793124493055,227739.91976297344,227739.91976297344,0.3589119344783444,79344.50814323332,79344.50814323332,0.22689717947485458,0.17441439490821456,-0.3007324947340617,-0.42564478751468,-0.2271806056797059,0.4061811652054752,0.8804131619278426,0.9452525727016252,0.8115752786694722,22.432078664411762,0.4297187685840631,-53.11778304934556,1.1647133636836606,-0.12147418696922711,0.7924457146837405,-0.14108274197514278,-0.2436027557300328,-0.5430798281369643,0.5119037131703029,div,-0.3007324947340617,-0.3103247380704026,-3.5119498938704043e-07,0.4061811652054752,17499,0.0,65499.999999999956,225500.00000000017,824999.9999999997,0.6158649684616768,0.8804131619278426,1.4781093394611224,17499,0.3589119344783444,0.23861497505270962,-0.1410827419751428,0.222425258784249,0.10666843546099607
st_louis_county,4,2021,0.18388229939401626,0.3570925954662768,0.514942907606108,71873,17499,OK,0.5733371016178542,0.5733371016178542,0.778184773824572,0.778184773824572,0.5811414071496008,0.5811414071496008,0.7838736994678241,227192.6444849408,227192.6444849408,0.35841941327129057,78961.0170330448,78961.0170330448,0.2263338152508622,0.17341283728462342,-0.29825367774466394,-0.4223214387115394,-0.22554264434342988,0.40642591004606715,0.8824119387243798,0.9459332966609754,0.8132779673352657,22.37097800833438,0.4296682702796634,-52.78289086226424,1.163111918253927,-0.11944116753247946,0.7949537646874641,-0.13998175732112567,-0.24170172310208526,-0.5392473630372913,0.5073105162551447,div,-0.29825367774466394,-0.3076016705794321,-3.485100989811434e-07,0.40642591004606715,17499,0.0,65499.999999999956,225500.00000000017,824999.9999999997,0.6163905478013,0.8824119387243798,1.4764916659392215,17499,0.35841941327129057,0.23785214808533348,-0.13998175732112575,0.22181522617542812,0.10782719906520116
st_louis_county,4,2021,0.26686571215039057,0.5182433007787389,0.514942907606108,71873,17499,OK,0.5738548780143233,0.5738548780143233,0.7780546500125037,0.7780546500125037,0.5816497126377475,0.5816497126377475,0.7837469129590784,227054.74791619348,227054.74791619348,0.35852452792735123,79089.85328257589,79089.85328257589,0.22641037367635758,0.1735112138117232,-0.30248097185699635,-0.42862751225131657,-0.22662559000148605,0.4023692203889113,0.8829946862808088,0.9460157936534109,0.8128231255017186,22.40962953053767,0.42534249480988445,-53.13835760306219,1.1638642700642634,-0.12128840105332016,0.7937491079674683,-0.14086034850097437,-0.24321875650797806,-0.5423721834215558,0.511473819902812,div,-0.30248097185699635,-0.3122481853833339,-3.499217875154923e-07,0.4023692203889113,17499,0.0,65499.999999999956,225500.00000000017,824999.9999999997,0.6135908038913352,0.8829946862808088,1.4772368433967833,17499,0.35852452792735123,0.2381791194431414,-0.1408603485009744,0.22194534998749627,0.10583335542132172
st_louis_county,4,2021,0.38729833462074176,0.7521189803763555,0.514942907606108,71873,17499,OK,0.5759079751892444,0.5759079751892444,0.7790522355089156,0.7790522355089156,0.5836652555802752,0.5836652555802752,0.7847189132429251,226507.13130484772,226507.13130484772,0.35771788415133804,78286.17104596397,78286.17104596397,0.22503676611006487,0.173059877423732,-0.2949408561126664,-0.41722189112598146,-0.22163958738552605,0.4042742621300048,0.884283002573881,0.9462363851779305,0.8157489973426979,22.279239107207395,0.42725667741298456,-50.61643572703318,1.1599602184744269,-0.11557591459259266,0.7992216065726265,-0.13765771425865903,-0.23768887726051602,-0.5311481517724419,0.4992178769703883,div,-0.2949408561126664,-0.30396930540145944,-3.428145154921716e-07,0.4042742621300048,17499,0.0,65499.999999999956,225500.00000000017,824999.9999999997,0.6160863885289973,0.884283002573881,1.470743160949364,17499,0.35771788415133804,0.23663202637101496,-0.13765771425865905,0.22094776449108447,0.10716968138537776
st_louis_county,4,2021,0.5620804515923291,1.0915393595871754,0.514942907606108,71873,17499,OK,0.5749611709305572,0.5749611709305572,0.778399759576344,0.778399759576344,0.5827357697941844,0.5827357697941844,0.7840831714504233,226759.833950415,226759.833950415,0.35824567915021976,78373.11540060096,78373.11540060096,0.22494840504718175,0.17291980103498436,-0.29210272706916873,-0.41056365122721034,-0.2179068571967071,0.4039115270291087,0.8838311176774561,0.9443572409646126,0.815241448044319,22.217298777339057,0.4277227419784661,-49.68295166086656,1.158377365662687,-0.11193938918187396,0.8007716265224533,-0.13571248589870824,-0.23433011783768234,-0.5237520658282241,0.4895332735534844,div,-0.29210272706916873,-0.3008636014306222,-3.3921108182691966e-07,0.4039115270291087,17499,0.0,65499.999999999956,225500.00000000017,824999.9999999997,0.6153058650411894,0.8838311176774561,1.468736862193598,17499,0.35824567915021976,0.2370614382075051,-0.1357124858987083,0.221600240423656,0.1096620048104638
st_louis_county,4,2021,0.8157392010776716,1.5841352294178015,0.514942907606108,71873,17499,OK,0.5804556013324715,0.5804556013324715,0.7798009730071236,0.7798009730071236,0.5881296988079021,0.5881296988079021,0.7854484477674372,225289.41674098503,225289.41674098503,0.3571112609348512,77601.86600790723,77601.86600790723,0.2238124332249442,0.17050646543063588,-0.2894736745421247,-0.40673353411630025,-0.2163757461545678,0.4048502815009736,0.887065987253278,0.9472643093867176,0.8190132304881865,22.176256648556166,0.42740114432351445,-48.6544636547345,1.1565921942702744,-0.10984302254480903,0.802868819289293,-0.13453377125855653,-0.23229487149542682,-0.5194462521106573,0.4845795756192965,div,-0.2894736745421247,-0.2979917055004867,-3.3693931807007044e-07,0.4048502815009736,17499,0.0,65499.999999999956,225500.00000000017,824999.9999999997,0.616532151486597,0.887065987253278,1.46969006273561,17499,0.3571112609348512,0.23534188084626267,-0.1345337712585566,0.22019902699287638,0.10809481110046792
st_louis_county,4,2021,1.1838704624751253,2.2990324655188688,0.514942907606108,71873,17499,OK,0.5870741672652321,0.5870741672652321,0.7798847790079555,0.7798847790079555,0.5946272012244367,0.5946272012244367,0.785530104384228,223505.31423104904,223505.31423104904,0.35704329761281056,76281.80414783454,76281.80414783454,0.22219549173053704,0.16868677339340693,-0.27564147005320144,-0.38663118641339445,-0.2077732456903912,0.40896730475398635,0.8888867761684701,0.9478759094861621,0.8245112812234582,22.066855953407675,0.431468915508597,-46.25559357980659,1.1496215164935624,-0.09998804771857416,0.8128256250936998,-0.12900538625334756,-0.22274919777834826,-0.49789428053739343,0.4612765715798764,div,-0.27564147005320144,-0.2829589839602336,-3.2410170797619176e-07,0.40896730475398635,17499,0.0,65499.999999999956,225500.00000000017,824999.9999999997,0.6157970933194039,0.8888867761684701,1.46429735418753,17499,0.35704329761281056,0.23359546515489202,-0.1290053862533476,0.2201152209920445,0.11188765475095437
st_louis_county,4,2021,1.7181340188990342,3.336552447894429,0.514942907606108,71873,17499,OK,0.5961616522970281,0.5961616522970281,0.7814267744034835,0.7814267744034835,0.6035484624997912,0.6035484624997912,0.7870325520115589,221032.22995209365,221032.22995209365,0.3557904838988472,75050.83690484823,75050.83690484823,0.2214141469133273,0.16805034946998568,-0.26538042004978607,-0.3750525461135517,-0.20306551161197595,0.41204049377623697,0.8921379101662903,0.9495697229176497,0.8299049602680754,22.002333811241257,0.4339357685848276,-44.47339629029094,1.1441909235136036,-0.09420700547449805,0.8212388213768135,-0.12536729393119783,-0.21646742792564652,-0.4848903208638395,0.44810281964203685,div,-0.26538042004978607,-0.2718876481701926,-3.143814763232071e-07,0.41204049377623697,17499,0.0,65499.999999999956,225500.00000000017,824999.9999999997,0.6181779329039812,0.8921379101662903,1.4583666527050216,17499,0.3557904838988472,0.2322661722043909,-0.1253672939311979,0.21857322559651648,0.11457592581852734
st_louis_county,4,2021,2.4935029637671793,4.842290139229413,0.514942907606108,71873,17499,OK,0.5989052038423774,0.5989052038423774,0.7805227395251254,0.7805227395251254,0.6062418303648084,0.6062418303648084,0.7861517030401854,220280.13845478042,220280.13845478042,0.356525512407236,74456.35203222555,74456.35203222555,0.2206187464391022,0.1666279731222119,-0.25613560279521413,-0.36047206629304135,-0.1960324486737226,0.41385880192588326,0.8924202422688267,0.9484735112671245,0.8324677246455,21.924890100442347,0.4363544397700048,-40.9327364575443,1.1393516927890806,-0.08694067450729379,0.8276845846952603,-0.1213339043700882,-0.20950311182104342,-0.46873458307820526,0.4305599607188295,div,-0.25613560279521413,-0.26196827440475756,-3.0476866917740987e-07,0.41385880192588326,17499,0.0,65499.999999999956,225500.00000000017,824999.9999999997,0.6162338624173944,0.8924202422688267,1.4548445198871154,17499,0.356525512407236,0.23189762496052327,-0.12133390437008822,0.2194772604748746,0.1154597554664647
st_louis_county,4,2021,3.618784659359615,7.027545395629974,0.514942907606108,71873,17499,OK,0.6038822969959874,0.6038822969959874,0.7776737400953823,0.7776737400953823,0.6111278850058642,0.6111278850058642,0.7833757722910415,218909.16935974726,218909.16935974726,0.35883205183781175,74294.8904498507,74294.8904498507,0.22068061115611656,0.16846398730823467,-0.24476620748017566,-0.34268677379633294,-0.18620961532565555,0.41352389273139556,0.8901348148626644,0.9436486119135051,0.8328818209731448,21.909186966578652,0.4382306121796971,-39.176741529807266,1.1329922062783646,-0.07766801399575848,0.835969096943957,-0.11609181214519897,-0.20045177007721066,-0.4474934950658808,0.40662359042613133,div,-0.24476620748017566,-0.24983782291362278,-2.9100485800812023e-07,0.41352389273139556,17499,0.0,65499.999999999956,225500.00000000017,824999.9999999997,0.6081077571090571,0.8901348148626644,1.4361541548349093,17499,0.35883205183781175,0.23338959222234995,-0.11609181214519901,0.22232625990461777,0.11751583561810967
st_louis_county,4,2021,5.2518896512686215,10.198974631350621,0.514942907606108,71873,17499,OK,0.610334412959,0.610334412959,0.7799994604135729,0.7799994604135729,0.617461982072712,0.617461982072712,0.7856418445400473,217119.0117905413,217119.0117905413,0.3569502746002451,73507.23058125262,73507.23058125262,0.2201531877624884,0.16602599381431016,-0.24536614110673946,-0.34552760715601016,-0.1865797747027987,0.4109392832632737,0.8940636886705372,0.9491970027715493,0.8388527292998498,21.98792857333892,0.43294597892740244,-38.39337483340408,1.131541890033306,-0.07762992414145195,0.8382073969453162,-0.11569098160809434,-0.19975966966824185,-0.4460438699407127,0.4059767225077627,div,-0.24536614110673946,-0.25047608919670183,-2.8989482642798843e-07,0.4109392832632737,17499,0.0,65499.999999999956,225500.00000000017,824999.9999999997,0.6129006864103199,0.8940636886705372,1.4451639910264824,17499,0.3569502746002451,0.231613548891091,-0.11569098160809435,0.22000053958642704,0.11549273743273468
st_louis_county,4,2021,7.621991222319222,14.801623849433545,0.514942907606108,71873,17499,OK,0.6182948816435823,0.6182948816435823,0.7816605259659062,0.7816605259659062,0.6252768418233419,0.6252768418233419,0.7872603085154792,214889.80848430615,214889.80848430615,0.35560018422089573,71982.31528539429,71982.31528539429,0.2196058056880814,0.16434793148818086,-0.23192166616988924,-0.32823129318088473,-0.18312476830344646,0.4245833426238315,0.9024565582396414,0.9568858319882277,0.8491247900677217,22.068353419323262,0.4437263679695915,-35.435876454562816,1.1269083686885548,-0.07051247648318716,0.845442059699951,-0.11195132426410269,-0.1933025309585127,-0.4305827682206912,0.3908092060937767,div,-0.23192166616988924,-0.2362194171483772,-2.8310819909704274e-07,0.4245833426238315,17499,0.0,65499.999999999956,225500.00000000017,824999.9999999997,0.616131288203743,0.9024565582396414,1.4578733252043374,17499,0.35560018422089573,0.22899663823633765,-0.11195132426410272,0.21833947403409384,0.11781708577173622
st_louis_county,4,2021,11.061685231539125,21.48138185447244,0.514942907606108,71873,17499,OK,0.6156090795944738,0.6156090795944738,0.7810761630918842,0.7810761630918842,0.6226401671295027,0.6226401671295027,0.7866909328765371,215644.50073207053,215644.50073207053,0.35607572968481116,72180.53483457376,72180.53483457376,0.21991824322412132,0.16344735581578412,-0.23710744482622922,-0.33405237808404664,-0.18504717515088914,0.42156421615071227,0.9046260370159224,0.9599119771651012,0.8505247943959775,22.170815077994796,0.4391822084481449,-36.111679414154246,1.128611397915575,-0.07206121248159836,0.8427922949843909,-0.11319538497663789,-0.19545060813383752,-0.4336916634670342,0.39221989076164204,div,-0.23710744482622922,-0.24170701267788874,-2.873803720356634e-07,0.42156421615071227,17499,0.0,65499.999999999956,225500.00000000017,824999.9999999997,0.616085020349672,0.9046260370159224,1.4670147949883727,17499,0.35607572968481116,0.228868386723084,-0.11319538497663793,0.21892383690811582,0.11571764720865337
st_louis_county,4,2021,16.05366322167172,31.17561769381927,0.514942907606108,71873,17499,OK,0.6136205572337821,0.6136205572337821,0.7800004800147765,0.7800004800147765,0.6206880178308194,0.6206880178308194,0.7856428379913984,216201.56482515295,216201.56482515295,0.35694944744920276,72286.24638795992,72286.24638795992,0.22107693540836698,0.16179175524160383,-0.23327144365596805,-0.32997327270780263,-0.18801078234676108,0.4336105495339958,0.9060614960884713,0.96330985686437,0.8526171712014865,22.384934650080208,0.4501385889035968,-35.825650663967856,1.129826948602147,-0.07206061169431148,0.8414015000451293,-0.1143207956951968,-0.1973938164138224,-0.4359036895987697,0.39354066114517394,div,-0.23327144365596805,-0.23764639611425126,-2.9081016973045985e-07,0.4336105495339958,17499,0.0,65499.999999999956,225500.00000000017,824999.9999999997,0.6178266389957487,0.9060614960884713,1.4665698280750892,17499,0.35694944744920276,0.22909094244152017,-0.11432079569519682,0.21999951998522352,0.11493777174717346
st_louis_county,4,2021,23.298448422672752,45.24472146045031,0.514942907606108,71873,17499,OK,0.6158403946722154,0.6158403946722154,0.780964224863685,0.780964224863685,0.6228672511068893,0.6228672511068893,0.7865818655434871,215579.60672909964,215579.60672909964,0.3561667508205797,72156.54922714565,72156.54922714565,0.22143346416132087,0.1624121248827791,-0.2367166926910169,-0.3373316174447703,-0.19137511614535957,0.4317419671664659,0.9093276895073906,0.9674665558620511,0.8556230793679829,22.477973031886282,0.4462731050172646,-37.42846547194545,1.1307158247492375,-0.07498288055272208,0.8407893281002717,-0.11586361332810806,-0.20005774696765502,-0.44137871315850513,0.400000004638684,div,-0.2367166926910169,-0.24129302448492754,-2.938335102062762e-07,0.4317419671664659,17499,0.0,65499.999999999956,225500.00000000017,824999.9999999997,0.617414856783674,0.9093276895073906,1.4812549144333262,17499,0.3561667508205797,0.22859941601254014,-0.1158636133281081,0.2190357751363151,0.11360498453755527
st_louis_county,4,2021,33.81270003043063,65.66300755091625,0.514942907606108,71873,17499,OK,0.6170308389535213,0.6170308389535213,0.7812424815265884,0.7812424815265884,0.624035920373482,0.624035920373482,0.7868529857194493,215245.32557048017,215245.32557048017,0.35594044699706495,71874.69456608588,71874.69456608588,0.22315321115998793,0.1609409511408547,-0.23753022767440204,-0.341020124666287,-0.19774342130310152,0.4412836965350378,0.9148453199478045,0.9757634650844087,0.8610553151937974,22.75919198526673,0.45225745961232305,-37.19425589486961,1.133218096290125,-0.07756167725303102,0.8379068324877743,-0.118096734749243,-0.20391360151408908,-0.44775166491259405,0.40664401521269805,div,-0.23753022767440204,-0.24215502785199478,-3.013595373478335e-07,0.4412836965350378,17499,0.0,65499.999999999956,225500.00000000017,824999.9999999997,0.6255274985268123,0.9148453199478045,1.5091347411674796,17499,0.35594044699706495,0.22814476406368442,-0.11809673474924302,0.2187575184734116,0.10906846878298256
st_louis_county,4,2021,49.071880779635485,95.29576979273929,0.514942907606108,71873,17499,OK,0.6152734266612859,0.6152734266612859,0.7769817715801824,0.7769817715801824,0.622310653792828,0.622310653792828,0.782701550787615,215738.63135690056,215738.63135690056,0.35939003266207986,72451.52617777314,72451.52617777314,0.2239857838215454,0.1630510130582365,-0.2310898178855444,-0.32871532589671615,-0.19047728084853946,0.4409801868558715,0.9121911984845481,0.9703476432329349,0.8588264531968577,22.858141957080594,0.45446886033605993,-35.22439864730613,1.129852998380471,-0.07050064730207646,0.8416918785835339,-0.1145017972079389,-0.19770634554869737,-0.43156397475825603,0.38733656793108845,div,-0.2310898178855444,-0.23534046124031827,-2.929868040396578e-07,0.4409801868558715,17499,0.0,65499.999999999956,225500.00000000017,824999.9999999997,0.6108178110867071,0.9121911984845481,1.4940292441215708,17499,0.35939003266207986,0.2306545305641054,-0.11450179720793893,0.2230182284198176,0.11003463509684598
st_louis_county,4,2021,71.21730832153513,138.30136752948724,0.514942907606108,71873,17499,OK,0.6136712444650014,0.6136712444650014,0.7713426365406346,0.7713426365406346,0.6207377779164152,0.6207377779164152,0.7772070434207721,216187.38314657475,216187.38314657475,0.363905352260091,72911.6126143121,72911.6126143121,0.22521361354452316,0.16472718088554342,-0.2145325409718001,-0.29979146133788126,-0.1757176331229894,0.4460586165304734,0.9101714561181053,0.9637593453152271,0.8590362145198251,22.97082531220139,0.462845174477718,-30.821106743922428,1.121907701940062,-0.05547515868581958,0.8520666697138903,-0.10637047239095733,-0.18366626449114526,-0.3978912769071324,0.348589468172176,div,-0.2145325409718001,-0.21791775602268923,-2.751270443836383e-07,0.4460586165304734,17499,0.0,65499.999999999956,225500.00000000017,824999.9999999997,0.5993245580738331,0.9101714561181053,1.4698353815996819,17499,0.363905352260091,0.2338767825098141,-0.10637047239095736,0.22865736345936533,0.11846313780370529
st_louis_county,4,2021,103.35664588322452,200.71476731996174,0.514942907606108,71873,17499,OK,0.6100120731685765,0.6100120731685765,0.7508171739608365,0.7508171739608365,0.6171455383614156,0.6171455383614156,0.7572080002055196,217208.79599469624,217208.79599469624,0.37988741017999783,75224.94410478145,75224.94410478145,0.2307432304980779,0.17460601563290776,-0.1768638619689401,-0.23596120708940968,-0.13868840673911392,0.4472963941895692,0.8914331887574949,0.9357832405509042,0.8492083385170051,23.31691124660503,0.47800511483976904,-20.988938769860916,1.1019477766611279,-0.0220789151200341,0.8774587611003797,-0.08718853250562238,-0.15054546352784448,-0.31989985391497994,0.26712859511804726,div,-0.1768638619689401,-0.17874341574531288,-2.2744828896421395e-07,0.4472963941895692,17499,0.0,65499.999999999956,225500.00000000017,824999.9999999997,0.5658665373636641,0.8914331887574949,1.4048474558952022,17499,0.37988741017999783,0.24735178516035647,-0.08718853250562245,0.2491828260391636,0.12699856896296516
st_louis_county,4,2021,150.0,291.29442853641274,0.514942907606108,71873,17499,OK,0.593180310849273,0.593180310849273,0.6392354051615687,0.6392354051615687,0.6006216542669957,0.6006216542669957,0.648487984392224,221846.61620684827,221846.61620684827,0.45709640139532526,84435.09298147612,84435.09298147612,0.2695827021037699,0.21438352465405122,-0.08089905250001247,-0.07529614796786857,-0.045955804292300416,0.464476193905218,0.8324791199512326,0.8638928043687887,0.8227717347759754,26.77125579071417,0.5376702568094767,3.028559010900169,1.0499787095919255,0.06640022545373901,0.9447164284051721,-0.030994942191684752,-0.05351790889432652,-0.10187497995051793,0.20411224415973417,div,-0.08089905250001247,-0.08107623428707228,-1.0803265957611276e-07,0.464476193905218,17499,0.0,65499.999999999956,225500.00000000017,824999.9999999997,0.451714310281747,0.8324791199512326,1.3200701638055963,17499,0.45709640139532526,0.31450258652250723,-0.030994942191684815,0.36076459483843126,0.15661721464482845
st_louis_county,5,2022,0.0,0.0,0.529915232244757,89372,15521,OK,0.7387946020767264,0.7387946020767264,0.8359543662273461,0.8359543662273461,0.7416568261928127,0.7416568261928127,0.8387273675100481,173171.75005924705,173171.75005924705,0.3066272414025874,63320.87526471794,63320.87526471794,0.21655810060666125,0.15678003105219615,-0.20883416738161373,-0.34047991404184597,-0.17822644749315517,0.39628629391751946,0.9215736515645923,0.9830001933267418,0.8940689218861629,22.1496898577085,0.4031525765280204,-32.77799913593032,1.0994680267523067,-0.06809185935857628,0.8844928092500275,-0.09230300858367861,-0.16104938137355831,-0.4068618460047889,0.39208172000301844,div,-0.20883416738161373,-0.21195204048712216,-2.442444111760661e-07,0.39628629391751946,15521,0.0,65999.99999999996,230000.0000000002,829999.9999999995,0.6336272634231574,0.9215736515645923,1.5138503063049822,15521,0.3066272414025874,0.2152309520291961,-0.09230300858367856,0.16404563377265394,0.0925248470912428
st_louis_county,5,2022,0.001,0.0018870942731046472,0.529915232244757,89372,15521,OK,0.7360778797393733,0.7360778797393733,0.8352162608720326,0.8352162608720326,0.738969873026589,0.738969873026589,0.838001738970179,174069.97537741702,174069.97537741702,0.30731628504174063,63650.1808951948,63650.1808951948,0.21707400065391347,0.15724535831325984,-0.21124293581196857,-0.3424799601445409,-0.1788407326812868,0.39532991051283134,0.9206920247848608,0.9822376722094476,0.8924977346330891,22.187895440790296,0.4024918384187206,-32.932376667300844,1.100549204882017,-0.06873813609117534,0.8828079331042771,-0.09281368532135131,-0.16194040512181995,-0.40841510939997117,0.39268924160480795,div,-0.21124293581196857,-0.2144719805221657,-2.4646536428931964e-07,0.39532991051283134,15521,0.0,65999.99999999996,230000.0000000002,829999.9999999995,0.6322346028167478,0.9206920247848608,1.5160026069733896,15521,0.30731628504174063,0.2159252264394366,-0.09281368532135124,0.16478373912796743,0.09200005453598394
st_louis_county,5,2022,0.001451285485497223,0.002738712528321707,0.529915232244757,89372,15521,OK,0.7348998514881739,0.7348998514881739,0.8350628927012138,0.8350628927012138,0.7378047533174672,0.7378047533174672,0.8378509633105087,174458.02741873983,174458.02741873983,0.30745926509245625,63681.7546469845,63681.7546469845,0.21707866668204154,0.15667952542054944,-0.21050385002092753,-0.34157121913462574,-0.17870924699668375,0.39609025087887745,0.9219726060112833,0.9820194651940805,0.8924215115608227,22.155280680356707,0.40335555999857375,-33.2642488819139,1.100398693299709,-0.0684348679788076,0.8831326203820855,-0.0927126551903475,-0.1617641287430982,-0.40785256344117765,0.39211765247984554,div,-0.21050385002092753,-0.2136984998705425,-2.4607541389260123e-07,0.39609025087887745,15521,0.0,65999.99999999996,230000.0000000002,829999.9999999995,0.6314563241576528,0.9219726060112833,1.5129780923055232,15521,0.30745926509245625,0.21599502313796234,-0.09271265519034746,0.16493710729878625,0.09244374470338419
st_louis_county,5,2022,0.00210622956041491,0.003974653741302695,0.529915232244757,89372,15521,OK,0.736925049547293,0.736925049547293,0.8351576474593225,0.8351576474593225,0.7398077597573827,0.7398077597573827,0.8379441163492682,173790.37517361637,173790.37517361637,0.30737093623135137,63573.700310869644,63573.700310869644,0.2173974524812711,0.15730145185206204,-0.21015125136595728,-0.34176493086117143,-0.179046653816592,0.39661315052608814,0.9216439845496037,0.9831212328659376,0.8935552729469007,22.220909101164196,0.4034354203189882,-33.45420373553191,1.100235500400163,-0.06854696496570029,0.8835620135093273,-0.09272160554358966,-0.1617797452313887,-0.40769651227752973,0.392803406335453,div,-0.21015125136595728,-0.21332958110109737,-2.4598754507250214e-07,0.39661315052608814,15521,0.0,65999.99999999996,230000.0000000002,829999.9999999995,0.6352420531755555,0.9216439845496037,1.515394332577359,15521,0.30737093623135137,0.21601912377331894,-0.0927216055435896,0.16484235254067747,0.09386851693811353
st_louis_county,5,2022,0.003056740390155355,0.005768357284629835,0.529915232244757,89372,15521,OK,0.7376667128576968,0.7376667128576968,0.8348794644113589,0.8348794644113589,0.7405412961047529,0.7405412961047529,0.8376706356632697,173545.22656145378,173545.22656145378,0.3076301819254963,63609.50265287011,63609.50265287011,0.21725347167277645,0.15798485851701777,-0.2119827074548193,-0.34423396170201337,-0.1795247173966883,0.394819809540996,0.9207761576013277,0.9819295914712481,0.8919915835974099,22.201358480618342,0.40209861529367136,-33.10122496496481,1.1008283144456559,-0.0694533799200658,0.8825823795641031,-0.09314410310022359,-0.1625169148120102,-0.4095363221100105,0.39447091401943374,div,-0.2119827074548193,-0.2152464321397689,-2.4700935249949275e-07,0.394819809540996,15521,0.0,65999.99999999996,230000.0000000002,829999.9999999995,0.6345468580152304,0.9207761576013277,1.5190610997534653,15521,0.3076301819254963,0.21624467326000604,-0.09314410310022352,0.1651205355886412,0.09280996695486964
st_louis_county,5,2022,0.004436202961165585,0.008371533202345453,0.529915232244757,89372,15521,OK,0.7361604788529387,0.7361604788529387,0.8351085518202371,0.8351085518202371,0.7390515670395067,0.7390515670395067,0.8378958506150516,174042.73410110606,174042.73410110606,0.30741670556448786,63643.7008205129,63643.7008205129,0.21695785719295843,0.15756940728416244,-0.20985979352750317,-0.339880464787653,-0.17798857216846375,0.39645537812459203,0.9214736455681575,0.9813357163968943,0.8919295549652488,22.135829376762402,0.40400868295835535,-32.67530816980948,1.1002390389845629,-0.06780236229176297,0.8831064524061317,-0.09237230453941818,-0.16117028827545446,-0.40661496596147606,0.39107538921464113,div,-0.20985979352750317,-0.2130246762488901,-2.4554866809674907e-07,0.39645537812459203,15521,0.0,65999.99999999996,230000.0000000002,829999.9999999995,0.6326934373351812,0.9214736455681575,1.5061910480176983,15521,0.30741670556448786,0.21596402681216798,-0.0923723045394181,0.16489144817976284,0.09192732133627413
st_louis_county,5,2022,0.006438196968259414,0.012149484627922041,0.529915232244757,89372,15521,OK,0.7364295754863273,0.7364295754863273,0.8349725988530631,0.8349725988530631,0.7393177149785737,0.7393177149785737,0.8377621957751954,173953.95615461186,173953.95615461186,0.30754341195969837,63431.6915788445,63431.6915788445,0.21727812119109854,0.15698190740603907,-0.20873283160323156,-0.33948741941092136,-0.17895454952338097,0.39906850755320633,0.9219579079393132,0.9834341489704203,0.8939219727458795,22.212647995063143,0.4058038500619892,-32.64987294630276,1.1001342163562489,-0.06794821066468426,0.8835387433204225,-0.0925444846464167,-0.16147070643237516,-0.40662294108327734,0.39206017992563763,div,-0.20873283160323156,-0.2118460860985981,-2.4583983137651923e-07,0.39906850755320633,15521,0.0,65999.99999999996,230000.0000000002,829999.9999999995,0.6336681791608298,0.9219579079393132,1.5181877286179932,15521,0.30754341195969837,0.21581125045691346,-0.09254448464641662,0.16502740114693693,0.09234227768106133
st_louis_county,5,2022,0.009343661812807113,0.01763237069677489,0.529915232244757,89372,15521,OK,0.735465164232366,0.735465164232366,0.8349180196143448,0.8349180196143448,0.7383638715044931,0.7383638715044931,0.8377085391352412,174271.9166597553,174271.9166597553,0.3075942644167797,63586.08417450212,63586.08417450212,0.21717548504936068,0.157922742838211,-0.20868167079469338,-0.3392638687530138,-0.1785818251382127,0.39849974241983105,0.9203879919539959,0.981625330798838,0.8922626385089606,22.19640675164886,0.40597218508371957,-33.806106970454856,1.1001529016604452,-0.06800412439034897,0.883502360048111,-0.09257641741152177,-0.16152642240680146,-0.4072117338394852,0.3923869918552132,div,-0.20868167079469338,-0.21179259529948116,-2.4542928270212375e-07,0.39849974241983105,15521,0.0,65999.99999999996,230000.0000000002,829999.9999999995,0.6328322626164425,0.9203879919539959,1.5173971085925821,15521,0.3075942644167797,0.21607540735043357,-0.09257641741152169,0.16508198038565522,0.09260943127658618
st_louis_county,5,2022,0.013560320770321632,0.02558960366713595,0.529915232244757,89372,15521,OK,0.7355637775959325,0.7355637775959325,0.8351367984180739,0.8351367984180739,0.7384614042872233,0.7384614042872233,0.8379236197368943,174239.4310671996,174239.4310671996,0.3073903735501321,63682.576005440336,63682.576005440336,0.21697411011610893,0.15704688577905043,-0.20978037960880092,-0.34021248081080796,-0.1789506246371682,0.3982092782522092,0.9208603426052837,0.9814475752408558,0.8916798673468515,22.156185470315254,0.4057497486353233,-32.91092601026005,1.100672574520611,-0.06853837435794154,0.8825415560669845,-0.09292234049448292,-0.16212998559903719,-0.4090447765104978,0.3939576569149843,div,-0.20978037960880092,-0.2129416051700224,-2.4654163380364975e-07,0.3982092782522092,15521,0.0,65999.99999999996,230000.0000000002,829999.9999999995,0.6339675677883783,0.9208603426052837,1.5089325075261426,15521,0.3073903735501321,0.21597048435598606,-0.09292234049448285,0.1648632015819261,0.09150330847067134
st_louis_county,5,2022,0.019679896712654306,0.03713782038174091,0.529915232244757,89372,15521,OK,0.7364459130034888,0.7364459130034888,0.8350781356564125,0.8350781356564125,0.7393338734732648,0.7393338734732648,0.837865948601219,173948.56476862676,173948.56476862676,0.30744505756764623,63473.33058857052,63473.33058857052,0.2169791930359959,0.15719826582001534,-0.20961826399005493,-0.34109780264975037,-0.1787804609918846,0.3967980498838251,0.9215101344348687,0.9824111077190751,0.8930306563747703,22.176635429564197,0.40391525503161496,-32.76513505387182,1.100086655151506,-0.0683227995744222,0.8836713987955079,-0.09259637713229847,-0.16156124793126486,-0.40725562527365206,0.3921457740385527,div,-0.20961826399005493,-0.2127720328087952,-2.454780568815691e-07,0.3967980498838251,15521,0.0,65999.99999999996,230000.0000000002,829999.9999999995,0.6320109556639908,0.9215101344348687,1.5130437438012294,15521,0.30744505756764623,0.2157943989308287,-0.09259637713229839,0.16492186434358744,0.09243387049285971
st_louis_county,5,2022,0.028561148455159703,0.053897579683023514,0.529915232244757,89372,15521,OK,0.7377151825772941,0.7377151825772941,0.8349223754832471,0.8349223754832471,0.7405892347051566,0.7405892347051566,0.8377128213732289,173529.1933749289,173529.1933749289,0.3075902062841895,63517.03784008846,63517.03784008846,0.21714436423255146,0.15724863594628247,-0.20813986244110577,-0.3382245663983011,-0.17812137257440966,0.3986936166566674,0.9215085605205083,0.9825277720081834,0.893353732564657,22.19736179216393,0.40579663223738033,-33.432174272703676,1.0998194065720461,-0.06753529348363706,0.8838383736576423,-0.09223153449152367,-0.16092467408067138,-0.4054247116624125,0.3900500999334665,div,-0.20813986244110577,-0.21122618486532824,-2.4491115895749044e-07,0.3986936166566674,15521,0.0,65999.99999999996,230000.0000000002,829999.9999999995,0.6330860381305615,0.9215085605205083,1.5094826395011633,15521,0.3075902062841895,0.21593618775207404,-0.0922315344915236,0.16507762451675292,0.09166294311880537
st_louis_county,5,2022,0.04145038020210471,0.07822077509740205,0.529915232244757,89372,15521,OK,0.7358469506306304,0.7358469506306304,0.8347720798420952,0.8347720798420952,0.7387414743818772,0.7387414743818772,0.837565066305673,174146.11343456147,174146.11343456147,0.3077301978479563,63621.92390525933,63621.92390525933,0.21716865657098838,0.15787719122254423,-0.2087146594689942,-0.339497288281187,-0.17852843521057896,0.3981067000362335,0.9219911366991816,0.982524121594476,0.8932354555567735,22.196981079909385,0.4052007647262735,-33.75490916561634,1.0999609514851232,-0.06795325241621229,0.8838527554623921,-0.09257109606076543,-0.161517137766349,-0.4067296708993591,0.3916168689901502,div,-0.2087146594689942,-0.2118270862233583,-2.4522597403374287e-07,0.3981067000362335,15521,0.0,65999.99999999996,230000.0000000002,829999.9999999995,0.6345615752723935,0.9219911366991816,1.5194265993066716,15521,0.3077301978479563,0.21599691378411856,-0.09257109606076537,0.16522792015790477,0.0926254851923578
st_louis_county,5,2022,0.060156335155656014,0.11352067556320222,0.529915232244757,89372,15521,OK,0.7368565762399731,0.7368565762399731,0.8353843151058766,0.8353843151058766,0.7397400367636209,0.7397400367636209,0.8381669524420028,173812.99083412273,173812.99083412273,0.30715953724147393,63385.39674263224,63385.39674263224,0.21648066111427325,0.15800743012418011,-0.206391176176375,-0.33556981923842816,-0.1762520110121661,0.39763040447834286,0.9216975756019011,0.981933946717023,0.8937449086881345,22.11639766595262,0.40495922954832836,-31.951687355979256,1.0986736116442164,-0.06619588509909229,0.8854556225853509,-0.09136902717984431,-0.15941977980791097,-0.40234927988937297,0.3877320880712228,div,-0.206391176176375,-0.20939900420565916,-2.4220591156106016e-07,0.39763040447834286,15521,0.0,65999.99999999996,230000.0000000002,829999.9999999995,0.6330310293627839,0.9216975756019011,1.505120107214521,15521,0.30715953724147393,0.21547263311447387,-0.09136902717984423,0.1646156848941234,0.09167809222570915
st_louis_county,5,2022,0.0873040160721099,0.16475090874871468,0.529915232244757,89372,15521,OK,0.7387491224258579,0.7387491224258579,0.835119688012878,0.835119688012878,0.7416118448967046,0.7416118448967046,0.8379067985632644,173186.8252606079,173186.8252606079,0.3074063244637822,63393.72785385697,63393.72785385697,0.21695140351357814,0.15816409649430893,-0.20646230897997528,-0.33640834895254407,-0.1765686040280928,0.3973517370464582,0.92127138855347,0.9821208560658082,0.8939632496117556,22.18246681102041,0.4045984113525648,-32.8073854626988,1.098614351867752,-0.06631093239990467,0.8857660703317942,-0.09137714069307401,-0.1594339361859799,-0.40202123051618543,0.3880170990002885,div,-0.20646230897997528,-0.2094733030308387,-2.4211958662312003e-07,0.3973517370464582,15521,0.0,65999.99999999996,230000.0000000002,829999.9999999995,0.6321187392391402,0.92127138855347,1.5102389970258887,15521,0.3074063244637822,0.21585106738042234,-0.09137714069307395,0.16488031198712205,0.09362520628376067
st_louis_county,5,2022,0.12670305135106935,0.239100602589487,0.529915232244757,89372,15521,OK,0.7406775799439086,0.7406775799439086,0.8351424442306608,0.8351424442306608,0.7435191708544626,0.7435191708544626,0.8379291701135639,172546.44070144533,172546.44070144533,0.3073851101460442,63202.11826641642,63202.11826641642,0.21670203356131923,0.1574451286953949,-0.2018761574833959,-0.33019534050707855,-0.17303154728307826,0.39671877005464046,0.922298704305882,0.9824006279009333,0.896338580636433,22.142796230101606,0.40383886112192807,-31.720013770625524,1.0960151098298068,-0.06309449095668487,0.8894204036448086,-0.08940328867958809,-0.15598997861002858,-0.39327471268380776,0.3795231317120764,div,-0.2018761574833959,-0.20468765143740617,-2.3636425880596892e-07,0.39671877005464046,15521,0.0,65999.99999999996,230000.0000000002,829999.9999999995,0.631293808271934,0.922298704305882,1.512069147022984,15521,0.3073851101460442,0.2156377700797294,-0.08940328867958802,0.1648575557693392,0.09354671400391719
st_louis_county,5,2022,0.18388229939401626,0.3470032341117622,0.529915232244757,89372,15521,OK,0.7413170873439859,0.7413170873439859,0.8356159827867509,0.8356159827867509,0.7441516706906937,0.7441516706906937,0.8383947040492733,172333.55351809776,172333.55351809776,0.30694332457845297,63048.234582306555,63048.234582306555,0.21626854769351897,0.15656277994141884,-0.1985672614167733,-0.3248079148956071,-0.17149818527137276,0.39972501115299996,0.9229928076318993,0.9831598081629677,0.8978669115086527,22.11792147593705,0.4065848556515342,-30.834987115649607,1.094995032739318,-0.06122190850929643,0.890612692096301,-0.08841727620269471,-0.1542695937399479,-0.3893066646327766,0.37532152089029164,div,-0.1985672614167733,-0.2012405622629401,-2.3425183271728828e-07,0.39972501115299996,15521,0.0,65999.99999999996,230000.0000000002,829999.9999999995,0.632499077022477,0.9229928076318993,1.507430955637087,15521,0.30694332457845297,0.21493643139553964,-0.08841727620269464,0.16438401721324922,0.09161458109146813
st_louis_county,5,2022,0.26686571215039057,0.5036007570869953,0.529915232244757,89372,15521,OK,0.7394406374833101,0.7394406374833101,0.8355014344111635,0.8355014344111635,0.7422957825032702,0.7422957825032702,0.8382820919811946,172957.46593022972,172957.46593022972,0.3070502502297737,62996.00068920509,62996.00068920509,0.216051647237789,0.15627791906306948,-0.19669470326324065,-0.32109407789763755,-0.16973713412476674,0.40019620637256564,0.9226480861234034,0.9823958678890927,0.8978077178594618,22.113845788322557,0.40738068243696157,-31.030603696060385,1.0942163320129443,-0.059800893721644495,0.8917619790531315,-0.08755188979189552,-0.15275967604336546,-0.38556218026145206,0.3724178901087948,div,-0.19669470326324065,-0.19929189228533667,-2.3231628831782162e-07,0.40019620637256564,15521,0.0,65999.99999999996,230000.0000000002,829999.9999999995,0.6303660343221766,0.9226480861234034,1.5086192425411107,15521,0.3070502502297737,0.21505702827002726,-0.08755188979189546,0.16449856558883652,0.09390590595622923
st_louis_county,5,2022,0.38729833462074176,0.7308684692457691,0.529915232244757,89372,15521,OK,0.744207333700157,0.744207333700157,0.8351179891424546,0.8351179891424546,0.7470102464424752,0.7470102464424752,0.8379051284102763,171368.1137867085,171368.1137867085,0.30740790816459235,62671.39269032295,62671.39269032295,0.21655317144137837,0.1557299632670433,-0.18980361629620895,-0.3122888971817951,-0.16583835975216724,0.4020285056537966,0.9248295412715741,0.9833955662835308,0.9013971952766641,22.131698298833165,0.4088298454647846,-29.140569308479904,1.0909680787077434,-0.05550059411295097,0.8966029235862595,-0.08493846117696467,-0.1481997915048566,-0.3733833199045479,0.36218988736456953,div,-0.18980361629620895,-0.19213343843344624,-2.252036153261398e-07,0.4020285056537966,15521,0.0,65999.99999999996,230000.0000000002,829999.9999999995,0.6300830604183139,0.9248295412715741,1.5054408438766091,15521,0.30740790816459235,0.2153092862929937,-0.08493846117696462,0.16488201085754542,0.09518561662051594
st_louis_county,5,2022,0.5620804515923291,1.0606988012239582,0.529915232244757,89372,15521,OK,0.7456112416259821,0.7456112416259821,0.8346432301914036,0.8346432301914036,0.7483987706926412,0.7483987706926412,0.8374383947089681,170897.193185137,170897.193185137,0.30785016304884716,62532.21284002333,62532.21284002333,0.21628723982073658,0.15656667348293002,-0.18138113728296987,-0.3008757693116093,-0.1608627728327739,0.4047592054760116,0.9247929175441361,0.98299381897103,0.9041018582630345,22.136255509506103,0.4117749647831244,-27.942749700175376,1.0872600360091762,-0.05058304776768399,0.901830039591513,-0.08211208501779953,-0.1432683581859755,-0.3605599064571505,0.3509786120327326,div,-0.18138113728296987,-0.18341044094402995,-2.1667204547418114e-07,0.4047592054760116,15521,0.0,65999.99999999996,230000.0000000002,829999.9999999995,0.6290296429908964,0.9247929175441361,1.4984673810432632,15521,0.30785016304884716,0.2151786838303393,-0.08211208501779947,0.16535676980859643,0.09484425983215616
st_louis_county,5,2022,0.8157392010776716,1.5393767747006344,0.529915232244757,89372,15521,OK,0.7479432791034064,0.7479432791034064,0.8347965324515556,0.8347965324515556,0.7507052542804423,0.7507052542804423,0.8375891055721151,170112.06367443598,170112.06367443598,0.30770742601627793,62261.07576574284,62261.07576574284,0.21613398057293506,0.15601404743097,-0.1738606206693445,-0.291523778399398,-0.15529528563321313,0.4032855727348894,0.9268312448903645,0.9838476552889173,0.908502070885715,22.126372912865534,0.40991972975201424,-25.919634010828723,1.0829338609319257,-0.045834285895048926,0.908128856173777,-0.07888060135978597,-0.1376300972882276,-0.3463071286064229,0.33886273294691877,div,-0.1738606206693445,-0.17564488609880627,-2.0693213533523833e-07,0.4032855727348894,15521,0.0,65999.99999999996,230000.0000000002,829999.9999999995,0.6263291884440385,0.9268312448903645,1.5043616568922598,15521,0.30770742601627793,0.2150582336750775,-0.07888060135978592,0.1652034675484444,0.09717926600764194
st_louis_county,5,2022,1.1838704624751253,2.234075169834559,0.529915232244757,89372,15521,OK,0.7497334273310787,0.7497334273310787,0.8340791728814245,0.8340791728814245,0.7524757865068017,0.7524757865068017,0.8368838721339777,169506.9053693654,169506.9053693654,0.30837477811155994,61985.566138465845,61985.566138465845,0.21579479491091919,0.1559032000484868,-0.1631707803486263,-0.2768021119325943,-0.1484437895805043,0.405995323781615,0.9283557106165335,0.98310851221749,0.9119204262362763,22.10836672423392,0.41298432296288157,-23.168634975464304,1.0780639230497606,-0.039410089223301005,0.9152374380554757,-0.07491273658522926,-0.1307070058622642,-0.32835831155148815,0.3243309494876397,div,-0.1631707803486263,-0.16464248769168033,-1.95513814899749e-07,0.405995323781615,15521,0.0,65999.99999999996,230000.0000000002,829999.9999999995,0.6249107478762248,0.9283557106165335,1.4914191629029827,15521,0.30837477811155994,0.2150356130991632,-0.07491273658522919,0.16592082711857548,0.09861968690224997
st_louis_county,5,2022,1.7181340188990342,3.242280867490639,0.529915232244757,89372,15521,OK,0.7489356821921425,0.7489356821921425,0.8329484902986268,0.8329484902986268,0.7516867828616987,0.7516867828616987,0.8357723024295928,169776.84897569977,169776.84897569977,0.3094237181222277,62057.39350316068,62057.39350316068,0.21618290913996294,0.1558263874651151,-0.1538429255328357,-0.2617619714976812,-0.1422291487523138,0.4113490094286253,0.929672113713874,0.9840184392096196,0.9160148429632068,22.185738538474908,0.4180432449709145,-21.470290466493115,1.0742385309242684,-0.03302954021840961,0.9204824239714632,-0.07130071802241966,-0.12440479140602645,-0.31129885742933633,0.3092024862769095,div,-0.1538429255328357,-0.15507415757814264,-1.8676780455295722e-07,0.4113490094286253,15521,0.0,65999.99999999996,230000.0000000002,829999.9999999995,0.6222656761680598,0.929672113713874,1.4941828487439874,15521,0.3094237181222277,0.21536995124957442,-0.0713007180224196,0.16705150970137317,0.09841027034913534
st_louis_county,5,2022,2.4935029637671793,4.705475162894508,0.529915232244757,89372,15521,OK,0.748362649187609,0.748362649187609,0.8315791922794173,0.8315791922794173,0.7511200290110339,0.7511200290110339,0.8344261508061533,169970.48917361238,169970.48917361238,0.31068928162003356,62234.50566926515,62234.50566926515,0.2165907474438846,0.15581705042013752,-0.1412307113943446,-0.24565822334931692,-0.13389713351364074,0.4126371935544108,0.9295541589686004,0.9834208484648095,0.9207967607711802,22.24473662845469,0.4196072187288639,-18.949416323483337,1.068010760204218,-0.025529042388363253,0.9295715108671329,-0.06662003461838309,-0.11623798104748669,-0.28981490523404635,0.2929206256246355,div,-0.1412307113943446,-0.1421811129631189,-1.719933064758756e-07,0.4126371935544108,15521,0.0,65999.99999999996,230000.0000000002,829999.9999999995,0.6171637165604055,0.9295541589686004,1.4860897623895801,15521,0.31068928162003356,0.2161213629530947,-0.06662003461838303,0.16842080772058274,0.09964046759140503
st_louis_county,5,2022,3.618784659359615,6.828987806276481,0.529915232244757,89372,15521,OK,0.7519978808256579,0.7519978808256579,0.8311687162463731,0.8311687162463731,0.7547154266803182,0.7547154266803182,0.8340226133946377,168738.2994910084,168738.2994910084,0.3110676579489608,61971.09311183534,61971.09311183534,0.21636727255492785,0.15549522223863654,-0.13342748306409405,-0.23352998614062345,-0.12728746565743582,0.41264005629983325,0.93262048041346,0.983933453458149,0.924769038810995,22.220429556919218,0.41939152333079893,-16.625585587429427,1.063977503748637,-0.020190404232417188,0.9348762983966624,-0.0629107891026357,-0.10976612596020417,-0.2732335011868177,0.2802950111846411,div,-0.13342748306409405,-0.1342278483209948,-1.6249152164349832e-07,0.41264005629983325,15521,0.0,65999.99999999996,230000.0000000002,829999.9999999995,0.617260702913173,0.93262048041346,1.4827054007125384,15521,0.3110676579489608,0.2160905806587913,-0.06291078910263564,0.1688312837536269,0.10009110465171404
st_louis_county,5,2022,5.2518896512686215,9.910810883886578,0.529915232244757,89372,15521,OK,0.7505868754416646,0.7505868754416646,0.8293659254732235,0.8293659254732235,0.7533198827441744,0.7533198827441744,0.8322502967097732,169217.6360311245,169217.6360311245,0.3127240476704044,62397.990410203434,62397.990410203434,0.2175186948193752,0.15643108187657445,-0.12381503298469662,-0.22118726366094818,-0.12103337025252744,0.4142603890717754,0.9333944812801619,0.9837393040850507,0.9286216555965197,22.342480761781957,0.42112146292639524,-14.725570698582626,1.0593542570931378,-0.01440413718077174,0.941760864739376,-0.059467391789887,-0.10375812020231157,-0.2569696336872931,0.2695917635528459,div,-0.12381503298469662,-0.12445361865104941,-1.5137732073791114e-07,0.4142603890717754,15521,0.0,65999.99999999996,230000.0000000002,829999.9999999995,0.6123882251570483,0.9333944812801619,1.4801068510853872,15521,0.3127240476704044,0.21745486809961917,-0.059467391789886935,0.17063407452677656,0.1010300938943624
st_louis_county,5,2022,7.621991222319222,14.383415985292494,0.529915232244757,89372,15521,OK,0.7499519220527896,0.7499519220527896,0.8274733861956325,0.8274733861956325,0.7526918870174177,0.7526918870174177,0.8303897486149017,169432.89538296792,169432.89538296792,0.3144535103223058,62579.72811061128,62579.72811061128,0.21830352929964486,0.15675028441888672,-0.11396949884009186,-0.20805166359469876,-0.11485188900491276,0.4179221098541223,0.9361638874630177,0.9861403871088944,0.9349571345500122,22.45882212118525,0.4238094079566336,-12.498942849277128,1.054743956345674,-0.008262478042619571,0.9485162139434199,-0.055717918089290934,-0.09721607537383782,-0.2390831066863444,0.2579862921862757,div,-0.11396949884009186,-0.11446683227759441,-1.4057173793667222e-07,0.4179221098541223,15521,0.0,65999.99999999996,230000.0000000002,829999.9999999995,0.6094318556486739,0.9361638874630177,1.4824806263972323,15521,0.3144535103223058,0.21795537988945488,-0.05571791808929086,0.17252661380436748,0.10191554166835703
st_louis_county,5,2022,11.061685231539125,20.874442851323735,0.529915232244757,89372,15521,OK,0.7525671269025973,0.7525671269025973,0.8261855863214229,0.8261855863214229,0.7552784350996046,0.7552784350996046,0.829123717504791,168544.53341088677,168544.53341088677,0.3156249247226088,62845.02330912674,62845.02330912674,0.21921039911964968,0.15720813275288184,-0.10822762247768059,-0.20011561163819538,-0.11063288500910731,0.4185348876525972,0.9351133478654835,0.9851331602622528,0.9364572953030861,22.548704954941297,0.4248647675721663,-11.542040851590434,1.0519787343248928,-0.004666693655327502,0.9520031462261079,-0.05335476750480724,-0.09309287348081785,-0.2282557861591582,0.24940608559521937,div,-0.10822762247768059,-0.10865318189589432,-1.3368534805421248e-07,0.4185348876525972,15521,0.0,65999.99999999996,230000.0000000002,829999.9999999995,0.6092049381205568,0.9351133478654835,1.4808916769303977,15521,0.3156249247226088,0.21920113997045587,-0.05335476750480717,0.17381441367857706,0.09986197396867683
st_louis_county,5,2022,16.05366322167172,30.2947759279674,0.529915232244757,89372,15521,OK,0.7527837675389419,0.7527837675389419,0.8250395491899414,0.8250395491899414,0.755492701841463,0.755492701841463,0.827997052802569,168470.7324029354,168470.7324029354,0.3166637442049764,63047.286539699955,63047.286539699955,0.21987919345756748,0.15726061227066349,-0.10526453758298518,-0.19536388031024712,-0.10883294076011979,0.4217397047994429,0.9353084630777657,0.9853963916080929,0.9376906698260583,22.631336196884618,0.4280036898322143,-10.775503557874517,1.0508757560645068,-0.0025416289052260592,0.9536722509257388,-0.052086952336386896,-0.09088080204671062,-0.22208270372725825,0.2452750495058456,div,-0.10526453758298518,-0.10565594198074854,-1.3102090791727532e-07,0.4217397047994429,15521,0.0,65999.99999999996,230000.0000000002,829999.9999999995,0.6075225405377884,0.9353084630777657,1.4828696513670163,15521,0.3166637442049764,0.21985164390725412,-0.052086952336386834,0.17496045081005868,0.10094585911819291
st_louis_county,5,2022,23.298448422672752,43.96636859064975,0.529915232244757,89372,15521,OK,0.746475874863186,0.746475874863186,0.8235460778099479,0.8235460778099479,0.7492539294927822,0.7492539294927822,0.8265288268250721,170606.5176750789,170606.5176750789,0.3180124012487207,63632.928862125584,63632.928862125584,0.22131151808305838,0.1599673386219257,-0.09999148787900604,-0.18835973589073676,-0.10510272238084556,0.4224295499168525,0.9381857913632158,0.9871838336259222,0.9417937256775446,22.80263298854292,0.42792754956837636,-9.274685947562903,1.0481953815478258,0.0007963886596750918,0.9574945181653555,-0.05007349623559663,-0.08736774364882403,-0.2123538722380616,0.23925974483815163,div,-0.09999148787900604,-0.100326749636454,-1.2466121319852148e-07,0.4224295499168525,15521,0.0,65999.99999999996,230000.0000000002,829999.9999999995,0.605110481323145,0.9381857913632158,1.484982921362345,15521,0.3180124012487207,0.22125503871618263,-0.05007349623559656,0.17645392219005213,0.10045889398064824
st_louis_county,5,2022,33.81270003043063,63.80775258563098,0.529915232244757,89372,15521,OK,0.7468054090752516,0.7468054090752516,0.8219961210684792,0.8219961210684792,0.7495798527504941,0.7495798527504941,0.8250050703056598,170495.60324960505,170495.60324960505,0.3194060449172098,64253.44541319138,64253.44541319138,0.2229185121483696,0.159832803443942,-0.09291512270537536,-0.1808134824020294,-0.10067996217234156,0.42154178585534924,0.9367462420230519,0.9873129915580864,0.9452237664454602,22.979841002393414,0.42697236827615115,-7.537042564245715,1.044528318697385,0.004795449988435577,0.9627244336076165,-0.047511649667278305,-0.08289785895782173,-0.20061641097735564,0.2317222297307511,div,-0.09291512270537536,-0.0931839019092115,-1.15595536170413e-07,0.42154178585534924,15521,0.0,65999.99999999996,230000.0000000002,829999.9999999995,0.603075748984379,0.9367462420230519,1.4936797196773757,15521,0.3194060449172098,0.2227888302709032,-0.04751164966727825,0.17800387893152084,0.09938246378921724
st_louis_county,5,2022,49.071880779635485,92.60326518972413,0.529915232244757,89372,15521,OK,0.7431016617057202,0.7431016617057202,0.8189067967728909,0.8189067967728909,0.7459166901281588,0.7459166901281588,0.8219679674562468,171738.0864939226,171738.0864939226,0.32216582820187345,65144.19988171465,65144.19988171465,0.22516238031902436,0.1621419871969352,-0.09154568018738717,-0.17794930144410093,-0.10016440131144332,0.42613333611030396,0.9359401281670215,0.9876095179884469,0.9456889401596172,23.246955242658597,0.4314934765711522,-5.69724307426209,1.0443280829970942,0.006680421198174825,0.9629094789295418,-0.04742210738059058,-0.08274162645685446,-0.1985251166122606,0.2274610782342444,div,-0.09154568018738717,-0.09180271013339142,-1.1513235650526199e-07,0.42613333611030396,15521,0.0,65999.99999999996,230000.0000000002,829999.9999999995,0.6007430511549131,0.9359401281670215,1.4925185667660705,15521,0.32216582820187345,0.22506268189572962,-0.04742210738059051,0.1810932032271091,0.09704591513725108
st_louis_county,5,2022,71.21730832153513,134.39377467949686,0.529915232244757,89372,15521,OK,0.743661142170449,0.743661142170449,0.8149940221456611,0.8149940221456611,0.7464700399443964,0.7464700399443964,0.8181213337485326,171550.97653479606,171550.97653479606,0.3256276527751993,65960.00207225949,65960.00207225949,0.22809246898557106,0.1660797518139721,-0.08673003644280622,-0.17411127607422533,-0.09772337068577581,0.42491292121152135,0.9363352778134646,0.9879846790670765,0.9483830217841137,23.541278832210992,0.4300943316218227,-6.992993105651866,1.0417570289359077,0.00942428187633825,0.9665184527259253,-0.04607317925363748,-0.08038802993062374,-0.19081201525305244,0.22262893307916246,div,-0.08673003644280622,-0.08694848719846984,-1.087635800994548e-07,0.42491292121152135,15521,0.0,65999.99999999996,230000.0000000002,829999.9999999995,0.5957427177341214,0.9363352778134646,1.508743323401774,15521,0.3256276527751993,0.22818330598438624,-0.046073179253637415,0.18500597785433892,0.0959156406107732
st_louis_county,5,2022,103.35664588322452,195.043734533538,0.529915232244757,89372,15521,OK,0.7286795518300475,0.7286795518300475,0.807662398179878,0.807662398179878,0.7316526141638033,0.7316526141638033,0.8109136423873171,176492.8983084101,176492.8983084101,0.3320171339721456,68040.01022582683,68040.01022582683,0.2332104514144382,0.16872158886907693,-0.09018295171061236,-0.1774213453118843,-0.10126053511509049,0.43207859105345203,0.9349738400282367,0.9885884350562815,0.946715723232872,24.109453581018286,0.4370802808980194,-6.420759956646065,1.0442294458577506,0.01003587462178711,0.9629369875899259,-0.0480935119618473,-0.0839130865654894,-0.19537222411939578,0.22010021240133276,div,-0.09018295171061236,-0.09042863664106163,-1.1500089538793167e-07,0.43207859105345203,15521,0.0,65999.99999999996,230000.0000000002,829999.9999999995,0.5874131564814545,0.9349738400282367,1.5168835109199503,15521,0.3320171339721456,0.2331996551255153,-0.048093511961847225,0.19233760182012202,0.09288597367592877
st_louis_county,5,2022,150.0,283.06414096569705,0.529915232244757,89372,15521,OK,0.7110428085621028,0.7110428085621028,0.7861830425711527,0.7861830425711527,0.7142091299644386,0.7142091299644386,0.789797370387005,182138.9069047203,182138.9069047203,0.3500656280073103,73009.60351178859,73009.60351178859,0.2492284308278601,0.1812494940210936,-0.08557128584780496,-0.16892582913610885,-0.10088476915297924,0.4521243978059792,0.9347234571406922,0.9932049091860818,0.9516301353177042,25.887585545640558,0.45523230831109107,-6.151122460968738,1.0436879543064257,0.02060021408236679,0.9641735841137431,-0.046546422957759605,-0.08121374089018261,-0.1791478219293831,0.2025427191015343,div,-0.08557128584780496,-0.08578107198747047,-1.141826266370734e-07,0.4521243978059792,15521,0.0,65999.99999999996,230000.0000000002,829999.9999999995,0.56818924784598,0.9347234571406922,1.5634407565459976,15521,0.3500656280073103,0.24846592522886787,-0.046546422957759535,0.21381695742884735,0.09161941607196475
st_louis_county,6,2023,0.0,0.0,0.5375528648377285,104893,13137,OK,0.7841111338660286,0.7841111338660286,0.8414875417917465,0.8414875417917465,0.7875768781264795,0.7875768781264795,0.844486036919978,172740.50111509865,172740.50111509865,0.3149797024862711,66534.44193315982,66534.44193315982,0.22909401890461248,0.1523765969247756,-0.2497471399270886,-0.4081120722433872,-0.20285385491592797,0.3932372872143732,0.9531611733298627,1.0289481316607936,0.9191091683878929,23.592126720005922,0.3821886086894604,-40.418812452192284,1.1195058944581708,-0.09082633392539498,0.8710984523552407,-0.11193159200498204,-0.1788343518125795,-0.4503235864249076,0.4487227519468606,div,-0.2497471399270886,-0.255143112650995,-2.6416553909054044e-07,0.3932372872143732,13137,0.0,64869.99999999999,237499.99999999994,895260.5999999989,0.6449131593198385,0.9531611733298627,1.651010632633075,13137,0.3149797024862711,0.2189885271962454,-0.11193159200498207,0.15851245820825352,0.08155098532750762
st_louis_county,6,2023,0.001,0.0018602821516017236,0.5375528648377285,104893,13137,OK,0.7815815005724709,0.7815815005724709,0.8416241267294661,0.8416241267294661,0.785087853976993,0.785087853976993,0.8446200381537101,173749.57941654933,173749.57941654933,0.31484396944965287,66403.98456253445,66403.98456253445,0.2288181831768741,0.1530296422910826,-0.2495682263591052,-0.40850586367455655,-0.20230882249720372,0.3918026738670775,0.9544974017622441,1.028873445213781,0.9195135971099268,23.539902829443115,0.38082194532605274,-40.333651786850226,1.1189322794655536,-0.09052417279164675,0.8718335127726525,-0.11170132924294303,-0.17846645843182612,-0.44958910345915387,0.44865102265706747,div,-0.2495682263591052,-0.2549523063225947,-2.6301325475403357e-07,0.3918026738670775,13137,0.0,64869.99999999999,237499.99999999994,895260.5999999989,0.6450843752844128,0.9544974017622441,1.642632758305569,13137,0.31484396944965287,0.21881215566575524,-0.11170132924294304,0.15837587327053396,0.08156943801991205
st_louis_county,6,2023,0.001451285485497223,0.002699800485549126,0.5375528648377285,104893,13137,OK,0.784491480572567,0.784491480572567,0.8414577557082774,0.8414577557082774,0.787951118985881,0.787951118985881,0.8444568142838693,172588.26944833703,172588.26944833703,0.31500929502149905,66520.63252232967,66520.63252232967,0.22892665058792538,0.15304955860081643,-0.2517484231740326,-0.41061628654500404,-0.20260257586753747,0.3903549217292433,0.9547716103792615,1.0288937287641833,0.918986152991743,23.539955993612875,0.3794072883760739,-40.11214203522325,1.119596552586389,-0.09092942422234578,0.8707745934525875,-0.11201653021608184,-0.1789700585389296,-0.4506186144742923,0.4489630715819508,div,-0.2517484231740326,-0.25727866871484883,-2.6433055392124244e-07,0.3903549217292433,13137,0.0,64869.99999999999,237499.99999999994,895260.5999999989,0.645175041686894,0.9547716103792615,1.6463094729618193,13137,0.31500929502149905,0.2189323779138338,-0.11201653021608185,0.15854224429172264,0.0809761833168601
st_louis_county,6,2023,0.00210622956041491,0.0039181812584158015,0.5375528648377285,104893,13137,OK,0.7823612450757684,0.7823612450757684,0.8414558052141226,0.8414558052141226,0.78585508095178,0.78585508095178,0.844454900686166,173439.16292060533,173439.16292060533,0.31501123274447507,66551.41376354481,66551.41376354481,0.2290343700866568,0.1528853581484662,-0.2509277324792963,-0.4096952592484483,-0.2024962705118757,0.3910271911594156,0.9535638346214661,1.0288889151491112,0.9191509682490437,23.574314296157915,0.3800624818855186,-40.841241025117014,1.1193905579070598,-0.09087613999097657,0.8711307027918788,-0.11195295922146672,-0.17886849045245437,-0.4503611366129235,0.4495092135597734,div,-0.2509277324792963,-0.25640263839588223,-2.639225921089645e-07,0.3910271911594156,13137,0.0,64869.99999999999,237499.99999999994,895260.5999999989,0.6429333252734138,0.9535638346214661,1.6377689198894103,13137,0.31501123274447507,0.21908676175591094,-0.11195295922146674,0.1585441947858774,0.08099989438081422
st_louis_county,6,2023,0.003056740390155355,0.005686399589886096,0.5375528648377285,104893,13137,OK,0.7848515333814647,0.7848515333814647,0.8418045217214072,0.8418045217214072,0.7883053917331283,0.7883053917331283,0.8447970207103727,172444.0364779647,172444.0364779647,0.31466460987754113,66395.63842527765,66395.63842527765,0.22848144832498504,0.15229115744104738,-0.25040908012511226,-0.4087356105992328,-0.20174190634990813,0.3904851401603351,0.9542181280840806,1.0284311991496855,0.9190718807805824,23.49445479265209,0.3797045474388373,-40.424174731712824,1.1189888632826221,-0.09047812351181442,0.8714899449841262,-0.11155503484186026,-0.17823272223704134,-0.4492858029321358,0.44827965018487737,div,-0.25040908012511226,-0.2558492116501411,-2.6301198072829487e-07,0.3904851401603351,13137,0.0,64869.99999999999,237499.99999999994,895260.5999999989,0.6461865429020888,0.9542181280840806,1.6426982102029308,13137,0.31466460987754113,0.21871114042429715,-0.11155503484186026,0.1581954782785928,0.08020219087012964
st_louis_county,6,2023,0.004436202961165585,0.008252589189539052,0.5375528648377285,104893,13137,OK,0.7821342919585015,0.7821342919585015,0.841623211602476,0.841623211602476,0.7856317711973119,0.7856317711973119,0.8446191403376863,173529.5703074899,173529.5703074899,0.31484487906357306,66558.29208574624,66558.29208574624,0.22896381245004632,0.15370020937413403,-0.2498390166895995,-0.4072839832877839,-0.20241250106449618,0.39317950138783486,0.9545665212330642,1.0287399216135344,0.9188766975412931,23.545408617755367,0.3822097874945223,-40.85430740534483,1.1195625314758886,-0.0905226041575945,0.8708480394927602,-0.11186691520763417,-0.17873101697275603,-0.4502693503870845,0.44953365311063626,div,-0.2498390166895995,-0.2552411037214534,-2.642238869385683e-07,0.39317950138783486,13137,0.0,64869.99999999999,237499.99999999994,895260.5999999989,0.6444523830024578,0.9545665212330642,1.6383187962881585,13137,0.31484487906357306,0.21899911515917145,-0.11186691520763421,0.15837678839752406,0.08105993057212174
st_louis_county,6,2023,0.006438196968259414,0.011976862908549315,0.5375528648377285,104893,13137,OK,0.783785150742293,0.783785150742293,0.8414607014457478,0.8414607014457478,0.7872561281310675,0.7872561281310675,0.8444597042984044,172870.86737384115,172870.86737384115,0.3150063685491309,66512.16850703878,66512.16850703878,0.22889786606946164,0.15265669240384674,-0.2506197373048671,-0.40877119038766463,-0.20265960623952037,0.39222726776398303,0.9542863528804085,1.0288333515938803,0.9188937235347356,23.54033675496719,0.3812494961900513,-40.66839511827793,1.1196434639211994,-0.09085451716793128,0.8708244506405562,-0.11194535561841361,-0.1788563420911286,-0.45034411602347585,0.44955712938142744,div,-0.2506197373048671,-0.25607397437039237,-2.6440764049730086e-07,0.39222726776398303,13137,0.0,64869.99999999999,237499.99999999994,895260.5999999989,0.6481345640273121,0.9542863528804085,1.6468469925222706,13137,0.3150063685491309,0.21892202813207856,-0.11194535561841362,0.15853929855425225,0.08090355362156801
st_louis_county,6,2023,0.009343661812807113,0.017381847300967677,0.5375528648377285,104893,13137,OK,0.7824577891950945,0.7824577891950945,0.8413060985023064,0.8413060985023064,0.7859500752124522,0.7859500752124522,0.8443080258958979,173400.69001944666,173400.69001944666,0.315159923677353,66449.18696624337,66449.18696624337,0.22902574334655612,0.15321672183163082,-0.24903294005225554,-0.4068254693843065,-0.20235135188625186,0.39350372145934615,0.9548525498605998,1.029033444141821,0.9194343789206125,23.56068592743341,0.3824158500187485,-40.462419905683255,1.1192027051999887,-0.09023019711283059,0.8715003205961922,-0.11169676027939952,-0.17845915854786018,-0.4491139139763804,0.4480369099168636,div,-0.24903294005225554,-0.25438154685174963,-2.635885780899645e-07,0.39350372145934615,13137,0.0,64869.99999999999,237499.99999999994,895260.5999999989,0.6460239202340924,0.9548525498605998,1.6422120695574496,13137,0.315159923677353,0.2189676176906529,-0.11169676027939954,0.1586939014976936,0.08134723485535283
st_louis_county,6,2023,0.013560320770321632,0.02522602269902347,0.5375528648377285,104893,13137,OK,0.7815176883159636,0.7815176883159636,0.84121359558493,0.84121359558493,0.7850250661223721,0.7850250661223721,0.8442172728065807,173774.95854667833,173774.95854667833,0.315251763896101,66543.1356802711,66543.1356802711,0.22923895561487911,0.15301191782460286,-0.24965759827253878,-0.40780452310839105,-0.20230147586285355,0.39246224214231096,0.9541254519439901,1.0290696499435241,0.9194864749754365,23.580137857360093,0.3813902978309533,-41.9904442701972,1.1191786697797976,-0.09040426817626743,0.8714959554131456,-0.11171035413782159,-0.178480877606939,-0.4490309723180354,0.44840942639172837,div,-0.24965759827253878,-0.2550476167023897,-2.6355036162144805e-07,0.39246224214231096,13137,0.0,64869.99999999999,237499.99999999994,895260.5999999989,0.64520425649529,0.9541254519439901,1.6445713314925063,13137,0.315251763896101,0.21924344348160368,-0.11171035413782163,0.15878640441507003,0.08124026873778885
st_louis_county,6,2023,0.019679896712654306,0.03661016059991624,0.5375528648377285,104893,13137,OK,0.7855455018183669,0.7855455018183669,0.841722369283995,0.841722369283995,0.7889882196366153,0.7889882196366153,0.8447164223065433,172165.69990244953,172165.69990244953,0.3147463034560248,66401.4335269146,66401.4335269146,0.22853978242002393,0.15330202914924365,-0.24963101728923592,-0.40727312918959435,-0.20145537249310616,0.3913307401520129,0.9545761142578587,1.028587585218283,0.9193319815105266,23.502366943324095,0.3804689467834527,-40.41822448711211,1.1188423832794785,-0.08989103943367713,0.8717602178594013,-0.11129461119933748,-0.177816640481453,-0.44811417602139825,0.4473165306619247,div,-0.24963101728923592,-0.2550192690273308,-2.627625442932653e-07,0.3913307401520129,13137,0.0,64869.99999999999,237499.99999999994,895260.5999999989,0.6450926394367338,0.9545761142578587,1.6350065482031841,13137,0.3147463034560248,0.2186625404463927,-0.11129461119933749,0.15827763071600495,0.0814365206890356
st_louis_county,6,2023,0.028561148455159703,0.053131794700380736,0.5375528648377285,104893,13137,OK,0.7869700526656669,0.7869700526656669,0.8414772301057869,0.8414772301057869,0.7903899016393511,0.7903899016393511,0.8444759202946495,171592.92701222384,171592.92701222384,0.31498994748212716,66326.8289928426,66326.8289928426,0.2286109102802285,0.152779341412523,-0.24804661043042223,-0.405612775867995,-0.20113365763306612,0.39230513561960456,0.9542107426420718,1.0291205116127715,0.9202880379318056,23.5287240676587,0.38121878181530516,-39.43086257522149,1.1182591419155559,-0.08938995240417222,0.8725240273318153,-0.11102081480215835,-0.1773791929267361,-0.4466190536239526,0.4457093655177005,div,-0.24804661043042223,-0.25333027812985975,-2.617449056675721e-07,0.39230513561960456,13137,0.0,64869.99999999999,237499.99999999994,895260.5999999989,0.6440057087219597,0.9542107426420718,1.6467191478299614,13137,0.31498994748212716,0.21861870752208368,-0.11102081480215836,0.15852276989421307,0.08108051385726688
st_louis_county,6,2023,0.04145038020210471,0.07710940246708084,0.5375528648377285,104893,13137,OK,0.7852580991660078,0.7852580991660078,0.8416299517095902,0.8416299517095902,0.788705430765924,0.788705430765924,0.8446257529458104,172281.02579274788,172281.02579274788,0.3148381794998022,66389.44856867356,66389.44856867356,0.22890435643714696,0.15315638943194873,-0.24908441960399968,-0.4073275506964647,-0.20153636139031206,0.3914357573116499,0.9539405997641062,1.0290407473703969,0.9199951166529712,23.560357332392513,0.38040345572292417,-40.327586845349195,1.1185284886230091,-0.08980414605146604,0.8722926039712744,-0.11115272734136666,-0.17758995106054537,-0.44737419054960803,0.44641516828685107,div,-0.24908441960399968,-0.25443643087166834,-2.622575538369436e-07,0.3914357573116499,13137,0.0,64869.99999999999,237499.99999999994,895260.5999999989,0.6448166113491659,0.9539405997641062,1.638404922705052,13137,0.3148381794998022,0.2188761596255113,-0.11115272734136669,0.1583700482904098,0.08164829193731304
st_louis_county,6,2023,0.060156335155656014,0.11190775659583818,0.5375528648377285,104893,13137,OK,0.7841173792071874,0.7841173792071874,0.8416387650721828,0.8416387650721828,0.7875830232088539,0.7875830232088539,0.8446343995907513,172738.0025351973,172738.0025351973,0.3148294189365851,66267.8728705915,66267.8728705915,0.2285654702661066,0.15289522614761844,-0.2478013953349458,-0.4054948050653461,-0.20069243884441257,0.3915584348293302,0.9552879457395337,1.028858264632404,0.9203403244694123,23.492655447495657,0.3805901668160388,-40.3706353951741,1.117910665519903,-0.08910231838994098,0.8730980608362148,-0.11077691987279184,-0.17698951928033882,-0.44588501845919015,0.44578563950934225,div,-0.2478013953349458,-0.2530690034414215,-2.6098844444596203e-07,0.3915584348293302,13137,0.0,64869.99999999999,237499.99999999994,895260.5999999989,0.6425475947305894,0.9552879457395337,1.6414422906090662,13137,0.3148294189365851,0.21864114010739216,-0.11077691987279187,0.1583612349278172,0.08192767613619095
st_louis_county,6,2023,0.0873040160721099,0.16241010286209606,0.5375528648377285,104893,13137,OK,0.7844158641436474,0.7844158641436474,0.8413107256257303,0.8413107256257303,0.7878767164556177,0.7878767164556177,0.8443125654905105,172618.54519815918,172618.54519815918,0.31515532900017423,66263.70580008459,66263.70580008459,0.22848508414306543,0.15166141900907035,-0.2446008922619406,-0.4006451128259706,-0.19915465036838284,0.39326153525244967,0.9549277828391111,1.029382273304083,0.921799999885752,23.505790055315565,0.3820509775748813,-39.07158234352852,1.116708910210094,-0.08728012321881617,0.8745858498052661,-0.10970914410018376,-0.17528352203009828,-0.44109043031390693,0.4409536033134795,div,-0.2446008922619406,-0.24966197997094783,-2.587381417969985e-07,0.39326153525244967,13137,0.0,64869.99999999999,237499.99999999994,895260.5999999989,0.6437003689602839,0.9549277828391111,1.6371695083828062,13137,0.31515532900017423,0.2184819043765946,-0.10970914410018379,0.15868927437426975,0.08155922291967288
st_louis_county,6,2023,0.12670305135106935,0.23570342498187097,0.5375528648377285,104893,13137,OK,0.7861113818080845,0.7861113818080845,0.8419815850769862,0.8419815850769862,0.7895450153443985,0.7895450153443985,0.8449707346534505,171938.40348515636,171938.40348515636,0.31448846334279934,66141.1876955632,66141.1876955632,0.22812546985815638,0.15204984802405314,-0.24343896220737204,-0.39920101421072607,-0.19795981972107574,0.39231623581872554,0.9560128949404703,1.0296221862459005,0.9228083336159867,23.448156836983408,0.3810438174708184,-38.81494351020457,1.1157486866328656,-0.08640193325711627,0.8758260083578397,-0.10902302599907984,-0.174187303494474,-0.4392238478526793,0.43883171087709766,div,-0.24343896220737204,-0.24842648106417123,-2.5689006998557583e-07,0.39231623581872554,13137,0.0,64869.99999999999,237499.99999999994,895260.5999999989,0.64547203537714,0.9560128949404703,1.6375344965938023,13137,0.31448846334279934,0.21805985962262528,-0.10902302599907986,0.15801841492301383,0.08218379097034567
st_louis_county,6,2023,0.18388229939401626,0.3420729595581729,0.5375528648377285,104893,13137,OK,0.7904075630094106,0.7904075630094106,0.8419034810147776,0.8419034810147776,0.7937722283510836,0.7937722283510836,0.8448941080438832,170202.86104100422,170202.86104100422,0.31456617514647706,66086.60837069094,66086.60837069094,0.2282543733086209,0.15261707105879022,-0.24021986804832762,-0.3950891784289158,-0.19593718749230435,0.39234904814295435,0.957761053120321,1.0295652742581798,0.9241550499092627,23.439114294365783,0.381096751981699,-38.746000169994964,1.1140611895798944,-0.08440824652087056,0.8780429345461654,-0.10778483896760585,-0.17220903827703174,-0.43413459900761026,0.43421318703177975,div,-0.24021986804832762,-0.2450074322308744,-2.535143077743915e-07,0.39234904814295435,13137,0.0,64869.99999999999,237499.99999999994,895260.5999999989,0.6447511656630022,0.957761053120321,1.641693762354794,13137,0.31456617514647706,0.21828178925108527,-0.10778483896760588,0.15809651898522234,0.08266514533605683
st_louis_county,6,2023,0.26686571215039057,0.4964455211878548,0.5375528648377285,104893,13137,OK,0.7900248133298091,0.7900248133298091,0.8418812010771342,0.8418812010771342,0.7933956230944392,0.7933956230944392,0.8448722495638665,170358.19912768278,170358.19912768278,0.3145883396694805,65818.38353181514,65818.38353181514,0.22792593452478402,0.1510900236203821,-0.23490009562618638,-0.38785992761904703,-0.19231233548358262,0.39226819575658567,0.9578582456939848,1.0301191631352131,0.9270645347084587,23.419507515374374,0.38081334718129767,-37.40100104473567,1.1111623026968267,-0.080935974401452,0.8816307296576262,-0.10554123742382138,-0.16862441108982493,-0.4250193485140179,0.4267158081427698,div,-0.23490009562618638,-0.23936946615378443,-2.478490388377991e-07,0.39226819575658567,13137,0.0,64869.99999999999,237499.99999999994,895260.5999999989,0.6423276771083279,0.9578582456939848,1.638522258822891,13137,0.3145883396694805,0.2178935721842461,-0.10554123742382142,0.15811879892286587,0.08246878218419676
st_louis_county,6,2023,0.38729833462074176,0.7204841792400378,0.5375528648377285,104893,13137,OK,0.7903833645017383,0.7903833645017383,0.8418524253648617,0.8418524253648617,0.7937484183110547,0.7937484183110547,0.8448440181863047,170212.686148305,170212.686148305,0.31461696400695377,65771.08315716402,65771.08315716402,0.22810514451699299,0.15132749462266365,-0.22836239258733107,-0.3780241041636839,-0.18962906084918643,0.39685903243964094,0.9588879503897801,1.0307328679757706,0.9293739270653205,23.437108646070605,0.38504073195106686,-36.34108524073506,1.1090615283672856,-0.07779190777605718,0.8845155686545638,-0.10367152482344977,-0.1656371504337951,-0.41740973529783765,0.41968004762572164,div,-0.22836239258733107,-0.23246107688942047,-2.437708666343639e-07,0.39685903243964094,13137,0.0,64869.99999999999,237499.99999999994,895260.5999999989,0.6433033704100171,0.9588879503897801,1.6396412935612625,13137,0.31461696400695377,0.2178747156417973,-0.10367152482344981,0.1581475746351383,0.08402391400226691
st_louis_county,6,2023,0.5620804515923291,1.0456282318614465,0.5375528648377285,104893,13137,OK,0.7961506271892752,0.7961506271892752,0.8414262775887912,0.8414262775887912,0.7994230969857345,0.7994230969857345,0.8444259316190811,167854.7912377353,167854.7912377353,0.3150405655769511,65572.29646964702,65572.29646964702,0.22776727766006705,0.15154253053230266,-0.21859926203786326,-0.36624167293898685,-0.18353149021150783,0.3964548176890626,0.9621465361091468,1.0314053059703927,0.9344785669952527,23.37316558415842,0.38439777796406455,-34.19788079767192,1.1037228058496846,-0.07198318446050372,0.891365127701611,-0.1000879151743906,-0.15991157736493106,-0.4023893744218646,0.4060542944652476,div,-0.21859926203786326,-0.22218460260077535,-2.331113066866765e-07,0.3964548176890626,13137,0.0,64869.99999999999,237499.99999999994,895260.5999999989,0.6397487706515194,0.9621465361091468,1.633424201462096,13137,0.3150405655769511,0.21762879171038754,-0.10008791517439063,0.15857372241120885,0.0845132663631344
st_louis_county,6,2023,0.8157392010776716,1.517505076126642,0.5375528648377285,104893,13137,OK,0.7953669598782735,0.7953669598782735,0.8413802860005924,0.8413802860005924,0.7986520101775344,0.7986520101775344,0.8443808100290813,168177.12760304825,168177.12760304825,0.31508624832092275,65282.74775778421,65282.74775778421,0.2274124311691934,0.15211882225845413,-0.21183422033218988,-0.35648722456981413,-0.1779892499894716,0.3950032512502948,0.9635229351371815,1.031498023829676,0.9379148006081969,23.31966931955324,0.38295593106382164,-32.25167182861017,1.0997779576149076,-0.067249287598795,0.8965700496677367,-0.09670015880899417,-0.15449892126978998,-0.3886999216994906,0.39466059872396864,div,-0.21183422033218988,-0.21509096367473984,-2.2507006507982585e-07,0.3950032512502948,13137,0.0,64869.99999999999,237499.99999999994,895260.5999999989,0.6399139122076041,0.9635229351371815,1.6336094343160417,13137,0.31508624832092275,0.21745099777863997,-0.0967001588089942,0.15861971399940758,0.08612960736616934
st_louis_county,6,2023,1.1838704624751253,2.2023330911509538,0.5375528648377285,104893,13137,OK,0.8021182645655911,0.8021182645655911,0.8416594538524047,0.8416594538524047,0.805294933659792,0.805294933659792,0.8446546970124175,165379.5887733869,165379.5887733869,0.31480885314153345,65319.40648824634,65319.40648824634,0.22707308633738754,0.15015528950788276,-0.1996422905208476,-0.3396675402044441,-0.17081902770579074,0.39786255502627965,0.9661611091680968,1.0320560612932572,0.9432205059782026,23.25893658992139,0.38551946317351,-31.212713130165582,1.094183231547669,-0.06071013897339908,0.9036806074110529,-0.0924338724146424,-0.1476826279578288,-0.3718346500636183,0.379477573523892,div,-0.1996422905208476,-0.202359967762233,-2.1365180133668157e-07,0.39786255502627965,13137,0.0,64869.99999999999,237499.99999999994,895260.5999999989,0.6378377150014348,0.9661611091680968,1.6282842787224059,13137,0.31480885314153345,0.21719739661004037,-0.0924338724146424,0.15834054614759532,0.08731610808460383
st_louis_county,6,2023,1.7181340188990342,3.1962140494176117,0.5375528648377285,104893,13137,OK,0.8052058909097818,0.8052058909097818,0.841409046512622,0.841409046512622,0.8083329931899434,0.8083329931899434,0.8444090264939351,164084.27478487478,164084.27478487478,0.3150576817183853,65187.58177694708,65187.58177694708,0.2265986371633746,0.1497200271633309,-0.18531478902791873,-0.32031420836869556,-0.1617189992821552,0.39942542854766067,0.9686228778134524,1.0327113993603778,0.9499272864061051,23.19234577068533,0.3867882469105822,-27.62467448221663,1.0871478418811116,-0.05264354947882909,0.9127907327512983,-0.0869049623347745,-0.13884902671396188,-0.34927548098133165,0.36089652942429373,div,-0.18531478902791873,-0.18748093430894483,-1.9909792641035358e-07,0.39942542854766067,13137,0.0,64869.99999999999,237499.99999999994,895260.5999999989,0.6362568363147393,0.9686228778134524,1.6210593743995705,13137,0.3150576817183853,0.2168698454288105,-0.08690496233477453,0.158590953487378,0.08838198538255877
st_louis_county,6,2023,2.4935029637671793,4.638619058462083,0.5375528648377285,104893,13137,OK,0.8004489058364774,0.8004489058364774,0.8408573808992698,0.8408573808992698,0.803652373767217,0.803652373767217,0.8438677964430159,166075.70669591383,166075.70669591383,0.3156051770179115,65554.45600347074,65554.45600347074,0.22738750335627964,0.15128976823704646,-0.17199654947433976,-0.30325422225724924,-0.15364492025439566,0.4008318451907279,0.9719203398995757,1.0352771789647504,0.958172068701479,23.235449287886674,0.38718819466200416,-25.604031649904407,1.0804710477187722,-0.045276000296410754,0.9215863113696546,-0.08197054988510594,-0.13096526095841787,-0.32873624081300595,0.34438637675108774,div,-0.17199654947433976,-0.1737233521600015,-1.8543977849395792e-07,0.4008318451907279,13137,0.0,64869.99999999999,237499.99999999994,895260.5999999989,0.6338271564560429,0.9719203398995757,1.6163908403393379,13137,0.3156051770179115,0.21732792707545553,-0.08197054988510595,0.15914261910073027,0.09078690424181318
st_louis_county,6,2023,3.618784659359615,6.731960512296816,0.5375528648377285,104893,13137,OK,0.8038085379955806,0.8038085379955806,0.8404638896154268,0.8404638896154268,0.806958072501771,0.806958072501771,0.843481748622677,164671.75126990993,164671.75126990993,0.31599511409428227,65838.62315284961,65838.62315284961,0.22750854358588668,0.15178578014566052,-0.16019997108906728,-0.2863153294412135,-0.1449245055779302,0.40044981225323917,0.9733124226926505,1.0351821092156215,0.9634337889562739,23.23077630372255,0.3868546904495039,-22.272094958892055,1.0744714593590032,-0.03815793604585059,0.929286270302095,-0.07686161881583918,-0.12280266485966139,-0.30787221106272933,0.32707371803128804,div,-0.16019997108906728,-0.16159192771848807,-1.7255656039888464e-07,0.40044981225323917,13137,0.0,64869.99999999999,237499.99999999994,895260.5999999989,0.6299943546978304,0.9733124226926505,1.6140123569370346,13137,0.31599511409428227,0.21776337445730762,-0.0768616188158392,0.15953611038457324,0.09169710556503628
st_louis_county,6,2023,5.2518896512686215,9.769996580436818,0.5375528648377285,104893,13137,OK,0.7978750435377673,0.7978750435377673,0.8388693341612999,0.8388693341612999,0.8011198306372471,0.8011198306372471,0.8419173565185791,167143.3191294958,167143.3191294958,0.3175703654315807,66504.77853904356,66504.77853904356,0.22862823037716087,0.1526684848336234,-0.1490676709432556,-0.27197147006712646,-0.13884574809955655,0.4038872132756336,0.976389493945911,1.0362506345390896,0.9689150274090588,23.301979181851586,0.38977306533373896,-20.190089922816394,1.0694958848043574,-0.032323336461678474,0.935819527375155,-0.07326983564911288,-0.11706403287054216,-0.2919999889449576,0.3146974560870411,div,-0.1490676709432556,-0.1501867827685921,-1.6194387153217007e-07,0.4038872132756336,13137,0.0,64869.99999999999,237499.99999999994,895260.5999999989,0.6265947600417651,0.976389493945911,1.6144620808061978,13137,0.3175703654315807,0.21881081881378084,-0.07326983564911291,0.16113066583870006,0.0935372381943723
st_louis_county,6,2023,7.621991222319222,14.179054230545454,0.5375528648377285,104893,13137,OK,0.7947546869768563,0.7947546869768563,0.8381582857724905,0.8381582857724905,0.7980495663207173,0.7980495663207173,0.8412197586506555,168428.5371253689,168428.5371253689,0.3182702921914055,67239.43210118935,67239.43210118935,0.22938836538698404,0.15393300068325275,-0.1354219282730433,-0.2550071613297774,-0.13033311415306992,0.40434610447328817,0.97810407433023,1.0374592107342497,0.9762180424433796,23.359683538353366,0.3897613426713938,-17.282248546684475,1.0627330838278601,-0.02526040669775911,0.9446755523601071,-0.06827191144544136,-0.10907879367790907,-0.27144131710183717,0.29864343305273555,div,-0.1354219282730433,-0.13625899711453346,-1.472865889665911e-07,0.40434610447328817,13137,0.0,64869.99999999999,237499.99999999994,895260.5999999989,0.6250091010100545,0.97810407433023,1.6151328176795579,13137,0.3182702921914055,0.21955015116018314,-0.06827191144544137,0.1618417142275095,0.09424661841523571
st_louis_county,6,2023,11.061685231539125,20.577855602868613,0.5375528648377285,104893,13137,OK,0.7955966952815682,0.7955966952815682,0.8364749470777715,0.8364749470777715,0.7988780575529578,0.7988780575529578,0.8395682627708945,168082.69737261854,168082.69737261854,0.31992119776488587,67853.6151900375,67853.6151900375,0.23093405225743316,0.15514543753914847,-0.12948123360434766,-0.24624985793276605,-0.12731494918495895,0.4090291694671966,0.9811763153303067,1.0394125487597514,0.9801797410823757,23.469911754629862,0.3935345389799896,-16.047608945399183,1.0604305569629169,-0.02162078629816998,0.9477369793718482,-0.0661209253267202,-0.10564213918734995,-0.2614838944206073,0.29008748622923297,div,-0.12948123360434766,-0.13021220191637534,-1.4245642990150742e-07,0.4090291694671966,13137,0.0,64869.99999999999,237499.99999999994,895260.5999999989,0.6228636577467935,0.9811763153303067,1.6163754200516494,13137,0.31992119776488587,0.2206450102520704,-0.0661209253267202,0.16352505292222858,0.09386165582936552
st_louis_county,6,2023,16.05366322167172,29.864343159100923,0.5375528648377285,104893,13137,OK,0.7871133747564502,0.7871133747564502,0.8351025446492688,0.8351025446492688,0.7905309229273073,0.7905309229273073,0.8382218213428227,171535.19523510427,171535.19523510427,0.32126088012551723,68385.28841729565,68385.28841729565,0.23226628975901126,0.1557272347571222,-0.12282406886115817,-0.23543997377059395,-0.12353019942240086,0.4150914708480131,0.9821218488431723,1.0396659647887834,0.98264579575867,23.591746908685277,0.39926984663614057,-15.042774310089289,1.0580271846439744,-0.0177751289907238,0.9507957102016921,-0.06385417907499664,-0.1020205334423648,-0.2514723292428461,0.2832956049259623,div,-0.12282406886115817,-0.12344735141816705,-1.371349768974926e-07,0.4150914708480131,13137,0.0,64869.99999999999,237499.99999999994,895260.5999999989,0.6220299851452337,0.9821218488431723,1.6082723524773765,13137,0.32126088012551723,0.22199378003072084,-0.06385417907499664,0.1648974553507312,0.0937973044155808
st_louis_county,6,2023,23.298448422672752,43.34168776071145,0.5375528648377285,104893,13137,OK,0.7887675791802683,0.7887675791802683,0.8342852474738579,0.8342852474738579,0.7921585717922858,0.7921585717922858,0.83741998453959,170867.4509644093,170867.4509644093,0.3220560442118866,68828.83101353738,68828.83101353738,0.23277014850634728,0.1575758774336782,-0.11584295462708448,-0.22956936053713617,-0.119339949221803,0.41126598574339945,0.9838832679045652,1.0396764558278888,0.9863928473781108,23.608844249333828,0.39558618192806777,-13.441680502368031,1.0540186484435778,-0.01487137645185412,0.9560481578167936,-0.061505846261485225,-0.09826857593848302,-0.24162750709437553,0.2761405519193528,div,-0.11584295462708448,-0.11636535569136999,-1.2814845234703222e-07,0.41126598574339945,13137,0.0,64869.99999999999,237499.99999999994,895260.5999999989,0.6194978558879467,0.9838832679045652,1.6197197370150467,13137,0.3220560442118866,0.22275012886874904,-0.06150584626148524,0.16571475252614212,0.09321593971874739
st_louis_county,6,2023,33.81270003043063,62.901162364073166,0.5375528648377285,104893,13137,OK,0.7877737030935408,0.7877737030935408,0.8320901423950126,0.8320901423950126,0.7911806507680164,0.7911806507680164,0.835266403085823,171268.95605497813,171268.95605497813,0.3241820502575776,69608.97683867025,69608.97683867025,0.23452552671904978,0.15934794296522717,-0.11264631818432062,-0.2225970957865936,-0.1167656129392503,0.41499831896600503,0.984829016553082,1.0398528765168606,0.9875693889740792,23.76808688153218,0.3991084933828053,-13.357790679243394,1.0529415837778198,-0.011837373956256458,0.9573150650636749,-0.06002336602499462,-0.09590000074519928,-0.23427175917834528,0.2696258390743827,div,-0.11264631818432062,-0.11312644257881085,-1.2574313577557069e-07,0.41499831896600503,13137,0.0,64869.99999999999,237499.99999999994,895260.5999999989,0.6159436769006361,0.984829016553082,1.6168172247869446,13137,0.3241820502575776,0.22450659429250058,-0.06002336602499464,0.16790985760498744,0.09192459345409784
st_louis_county,6,2023,49.071880779635485,91.28754395988356,0.5375528648377285,104893,13137,OK,0.7795324296272022,0.7795324296272022,0.8294120025570669,0.8294120025570669,0.7830716775296896,0.7830716775296896,0.83263892418234,174562.68386102657,174562.68386102657,0.3267571529777684,70700.4068473483,70700.4068473483,0.2374635904166232,0.16161887406051137,-0.10856678166026142,-0.21825255650191422,-0.11682120659563196,0.42346080226553734,0.9850206987084132,1.0423090587648882,0.9908915074607836,24.065626032280566,0.4062872875651585,-12.462498342908122,1.0518901927375128,-0.009823753876681642,0.9588713398466074,-0.05968056335792987,-0.09535230110414156,-0.23105432168844953,0.26551254674375535,div,-0.10856678166026142,-0.10899637356808245,-1.236605367916404e-07,0.42346080226553734,13137,0.0,64869.99999999999,237499.99999999994,895260.5999999989,0.617408735115924,0.9850206987084132,1.6250232535450388,13137,0.3267571529777684,0.2266262742714418,-0.05968056335792988,0.1705879974429331,0.09078353881514042
st_louis_county,6,2023,71.21730832153513,132.48428755566871,0.5375528648377285,104893,13137,OK,0.7884205878519619,0.7884205878519619,0.8251557968011928,0.8251557968011928,0.7918171508448242,0.7918171508448242,0.828463230787248,171007.73528915804,171007.73528915804,0.3308083682128812,71784.83735931561,71784.83735931561,0.24139299534075198,0.16282291992868167,-0.10682080099283979,-0.21230304541891254,-0.1151939355836849,0.42926379431574746,0.9832423133707412,1.0437598042020435,0.992475873995031,24.499171362560286,0.4112824919001515,-11.488516703091488,1.0516727222804705,-0.006567040369197399,0.9590441440697465,-0.05837568465651724,-0.09326748186248562,-0.22322934628488342,0.25730474983716317,div,-0.10682080099283979,-0.10722990501210805,-1.2333917460744355e-07,0.42926379431574746,13137,0.0,64869.99999999999,237499.99999999994,895260.5999999989,0.6111972298567664,0.9832423133707412,1.6356468233727963,13137,0.3308083682128812,0.2302381107566996,-0.05837568465651724,0.17484420319880728,0.08873982421926965
st_louis_county,6,2023,103.35664588322452,192.27252358598233,0.5375528648377285,104893,13137,OK,0.7765322667627197,0.7765322667627197,0.8174693383559565,0.8174693383559565,0.7801196773954777,0.7801196773954777,0.82092217295255,175746.41077878085,175746.41077878085,0.3380016201118305,73932.34580828922,73932.34580828922,0.24778207158542243,0.16729565331545748,-0.09868825101188755,-0.20280518290375507,-0.11302694264075727,0.4409139081875808,0.9831647015956706,1.045863117505553,0.9971976991688138,25.151153567113994,0.4215950282047294,-10.560327043056722,1.0488021767171172,-0.0004774149791671703,0.9626437760020928,-0.05668037832719574,-0.09055887204914106,-0.21214446573722803,0.245286497548223,div,-0.09868825101188755,-0.09901052351706255,-1.1704158603582665e-07,0.4409139081875808,13137,0.0,64869.99999999999,237499.99999999994,895260.5999999989,0.6021372609969243,0.9831647015956706,1.6453826498188118,13137,0.3380016201118305,0.2355468765468951,-0.05668037832719574,0.18253066164404352,0.08233312965364663
st_louis_county,6,2023,150.0,279.04232274025856,0.5375528648377285,104893,13137,OK,0.7529129928113197,0.7529129928113197,0.7970163441685895,0.7970163441685895,0.7568795724331921,0.7568795724331921,0.8008560770829669,184800.86810220632,184800.86810220632,0.3564358700695173,79688.05349698068,79688.05349698068,0.26614419541632445,0.18009743436152081,-0.09087465055972321,-0.18531609350714112,-0.11429284469447282,0.48792915999222364,0.9819057437195742,1.0525688751258155,1.0029781181447939,27.04844218855913,0.4635779599626603,-6.73921546443862,1.0494435083715978,0.013118620450166383,0.9619519622271282,-0.05508897489716574,-0.08801626905579614,-0.1955429568818996,0.22289613751701515,div,-0.09087465055972321,-0.09112605115431927,-1.1926704933705098e-07,0.48792915999222364,13137,0.0,64869.99999999999,237499.99999999994,895260.5999999989,0.5860117081998052,0.9819057437195742,1.6913935565741256,13137,0.3564358700695173,0.25012130999547005,-0.05508897489716576,0.20298365583141056,0.07319131308363147
st_louis_county,7,2024,0.0,0.0,0.5485792761044035,118030,13291,OK,0.6062375213736019,0.6062375213736019,0.8470608909215291,0.8470608909215291,0.6119917410215993,0.6119917410215993,0.8503627954066701,280295.6500207102,280295.6500207102,0.3134743538595864,69857.77955864945,69857.77955864945,0.2217514213511096,0.15259056239138152,-0.17328502882133795,-0.301321072314816,-0.16122616134146936,0.42889279201208985,0.944706037522302,1.0074970257276439,0.9111620596348335,22.814098344360705,0.4257173139744415,-25.611082097296684,1.105727587177432,-0.05224580022458207,0.890699226067009,-0.09048978473073509,-0.14083612888447883,-0.3636599333028549,0.3562652043577721,div,-0.17328502882133795,-0.17505141439860328,-1.6638363097180243e-07,0.42889279201208985,13291,0.0,67512.00000000004,243000.00000000012,916162.0,0.6291348487571019,0.944706037522302,1.5583843402518402,13291,0.3134743538595864,0.21501256608792482,-0.09048978473073511,0.1529391090784709,0.08060324766837018
st_louis_county,7,2024,0.001,0.0018228905894900848,0.5485792761044035,118030,13291,OK,0.6069671100775336,0.6069671100775336,0.8479094274499657,0.8479094274499657,0.6127106679335039,0.6127106679335039,0.8511930123137493,280035.8546276059,280035.8546276059,0.31260353534845514,69663.8468662982,69663.8468662982,0.2210299011402861,0.15254268025648077,-0.17259884252097069,-0.2996514140639508,-0.16058950387486481,0.4295795144698704,0.9452055418510804,1.0074113936518176,0.9113042654594224,22.74434607570305,0.4264351968127954,-26.208868181438525,1.1054610757735717,-0.05194666409745312,0.8909842502799727,-0.0902383118208021,-0.14044474248368602,-0.36365190573334155,0.3569851725529198,div,-0.17259884252097069,-0.17434407223164558,-1.6599012383019562e-07,0.4295795144698704,13291,0.0,67512.00000000004,243000.00000000012,916162.0,0.6298292501376437,0.9452055418510804,1.5557442649037472,13291,0.31260353534845514,0.2143457358491818,-0.09023831182080214,0.15209057255003436,0.08031224272229055
st_louis_county,7,2024,0.001451285485497223,0.0026455346541764367,0.5485792761044035,118030,13291,OK,0.6067645646486042,0.6067645646486042,0.8472702945080698,0.8472702945080698,0.6125110823876259,0.6125110823876259,0.8505676780394419,280108.0021222733,280108.0021222733,0.31325967646545977,69719.26579365191,69719.26579365191,0.22138583566057207,0.15193686102366863,-0.17488870454330965,-0.3029251109192988,-0.16223420832642457,0.4292891342409323,0.944949238895186,1.007483863274791,0.9101675124441757,22.780588316651013,0.4261162887258828,-26.785621317717276,1.1069213628261467,-0.0532406593994733,0.8892702350512294,-0.0912217829617447,-0.14197539336071163,-0.3668459595637278,0.3599057874665024,div,-0.17488870454330965,-0.17670521086729696,-1.6807861632010298e-07,0.4292891342409323,13291,0.0,67512.00000000004,243000.00000000012,916162.0,0.6313366827088269,0.944949238895186,1.554232690792618,13291,0.31325967646545977,0.214694594442192,-0.09122178296174474,0.15272970549193024,0.08150332643734698
st_louis_county,7,2024,0.00210622956041491,0.0038394260449861775,0.5485792761044035,118030,13291,OK,0.606616074365933,0.606616074365933,0.8474434853604039,0.8474434853604039,0.6123647620570158,0.6123647620570158,0.8507371297588914,280160.883153439,280160.883153439,0.31308201260027957,69673.01270175642,69673.01270175642,0.22118105021043438,0.15191827962454274,-0.17218004978314225,-0.29906858432335565,-0.16026001234956405,0.42953357321744434,0.944660029196238,1.0072924523107378,0.9114287710543975,22.75201976876648,0.4264399400165925,-25.222593803229366,1.105179564548351,-0.05160994263474175,0.8914280091171397,-0.09004594910723983,-0.14014535377367374,-0.3623468086253179,0.35563199693915243,div,-0.17218004978314225,-0.17391245256107757,-1.655696577542461e-07,0.42953357321744434,13291,0.0,67512.00000000004,243000.00000000012,916162.0,0.6302494648377246,0.944660029196238,1.5552018990256198,13291,0.31308201260027957,0.2145743847960626,-0.09004594910723986,0.15255651463959607,0.08103055347227395
st_louis_county,7,2024,0.003056740390155355,0.005572103291728447,0.5485792761044035,118030,13291,OK,0.606043939883649,0.606043939883649,0.8474365607543196,0.8474365607543196,0.6118009884208204,0.6118009884208204,0.8507303546527487,280364.54102139117,280364.54102139117,0.31308911798353295,69633.46112870594,69633.46112870594,0.2212944283897409,0.15226830973064803,-0.17267479602939836,-0.2993904461792846,-0.16019437388314536,0.42889606304809286,0.9439977590711337,1.0073816206113082,0.9113851712875661,22.780366687943303,0.4257693311188263,-25.951230489732705,1.1053302734650843,-0.05160315541997051,0.8911155290334319,-0.08998071442929946,-0.14004382408678714,-0.3620620496281261,0.3555308787656532,div,-0.17267479602939836,-0.1744223589562715,-1.6579896632233222e-07,0.42889606304809286,13291,0.0,67512.00000000004,243000.00000000012,916162.0,0.6283438416424292,0.9439977590711337,1.5534100067114687,13291,0.31308911798353295,0.214670514551572,-0.0899807144292995,0.1525634392456804,0.0811073753112933
st_louis_county,7,2024,0.004436202961165585,0.008086712630976793,0.5485792761044035,118030,13291,OK,0.6074325627692054,0.6074325627692054,0.8473588204739014,0.8473588204739014,0.6131693187657581,0.6131693187657581,0.8506542927591221,279869.9880314427,279869.9880314427,0.3131688767255671,69667.52977973154,69667.52977973154,0.22149609096708056,0.15285052951526368,-0.17311459415458652,-0.30047717048624145,-0.1610250161995827,0.42956076629891893,0.9449953826330814,1.007295938878288,0.9109058348908918,22.774246032297487,0.42646546110912525,-26.10294494860456,1.105817857670153,-0.05215039648839331,0.8905287936132275,-0.09044069703017524,-0.1407597299656035,-0.36384164306109634,0.3563933113260596,div,-0.17311459415458652,-0.17487570888673315,-1.6647886163910313e-07,0.42956076629891893,13291,0.0,67512.00000000004,243000.00000000012,916162.0,0.6294634977953149,0.9449953826330814,1.5610859457809205,13291,0.3131688767255671,0.21481793013379644,-0.09044069703017528,0.1526411795260986,0.08030981490128228
st_louis_county,7,2024,0.006438196968259414,0.011736128666723678,0.5485792761044035,118030,13291,OK,0.6073321774003673,0.6073321774003673,0.8472954931965155,0.8472954931965155,0.613070400371284,0.613070400371284,0.8505923326965873,279905.7692163705,279905.7692163705,0.31323383323284937,69705.94443602247,69705.94443602247,0.2216063547250685,0.1517100737430884,-0.1726447092477999,-0.3006243185536838,-0.1614530458566745,0.430491787816819,0.9451942456268595,1.0086589887492432,0.9123221694492593,22.821068667244152,0.42681222136859454,-26.010683738276384,1.105595175176045,-0.05214725272007374,0.8910001634441528,-0.09052029507039695,-0.14088361444477399,-0.36388309014030923,0.3572205957243774,div,-0.1726447092477999,-0.17439134768557982,-1.6638683171345473e-07,0.430491787816819,13291,0.0,67512.00000000004,243000.00000000012,916162.0,0.6297341256437927,0.9451942456268595,1.5613472752758009,13291,0.31323383323284937,0.21457259197543202,-0.09052029507039702,0.1527045068034844,0.08098483155232862
st_louis_county,7,2024,0.009343661812807113,0.017032473189943952,0.5485792761044035,118030,13291,OK,0.6065177923563878,0.6065177923563878,0.8475578407328503,0.8475578407328503,0.6122679162845452,0.6122679162845452,0.8508490162368905,280195.8782983966,280195.8782983966,0.312964648480797,69659.79391045916,69659.79391045916,0.22131835019722362,0.1515651373017314,-0.17295495974200503,-0.2995278526254857,-0.16084236822088802,0.43043342015253366,0.9452223383121083,1.007965043433125,0.911468187605507,22.765199246974174,0.4270481566158155,-24.97216902136632,1.1058696914931527,-0.051879775492919826,0.8905247643909401,-0.09028467055408201,-0.1405168941033916,-0.36334324751667474,0.35603361761174723,div,-0.17295495974200503,-0.17471114733060644,-1.666632366330385e-07,0.43043342015253366,13291,0.0,67512.00000000004,243000.00000000012,916162.0,0.6294523200111768,0.9452223383121083,1.5538611767635877,13291,0.312964648480797,0.21450962815765817,-0.09028467055408207,0.15244215926714966,0.0816593718649908
st_louis_county,7,2024,0.013560320770321632,0.024718981122686237,0.5485792761044035,118030,13291,OK,0.6079626107509566,0.6079626107509566,0.8476670430844712,0.8476670430844712,0.6136916209294677,0.6136916209294677,0.8509558609460692,279680.9827598814,279680.9827598814,0.3128525318637521,69630.63031645665,69630.63031645665,0.22127475593027013,0.15076895033571228,-0.17239275213551758,-0.299525841816358,-0.16077356103685836,0.430252172291957,0.9451304200895395,1.0085095871956509,0.9123669051955167,22.77977960303985,0.4266378470911052,-26.117502414720185,1.1053772133257411,-0.0518341040738069,0.891141460586623,-0.09019810896401466,-0.14038217172239084,-0.36303595103308856,0.35629476038232405,div,-0.17239275213551758,-0.17413166160975585,-1.6605153010733885e-07,0.430252172291957,13291,0.0,67512.00000000004,243000.00000000012,916162.0,0.6308493393986965,0.9451304200895395,1.559475319847704,13291,0.3128525318637521,0.21431792122038812,-0.0901981089640147,0.15233295691552887,0.08019193472773534
st_louis_county,7,2024,0.019679896712654306,0.03587429851963439,0.5485792761044035,118030,13291,OK,0.6070732752301953,0.6070732752301953,0.8471452862229365,0.8471452862229365,0.6128152816493464,0.6128152816493464,0.8504453686415969,279998.0307483018,279998.0307483018,0.31338785076215075,69711.93375228779,69711.93375228779,0.22141054819588754,0.15195983434351285,-0.1723704364570099,-0.29950766378126636,-0.160534359306141,0.42963811001250735,0.9440566668302803,1.0073870782643688,0.9113940401193121,22.802351532684177,0.4265036577704683,-25.414413994707388,1.1053255056753388,-0.05166938430518683,0.8911759716004242,-0.09018891527376909,-0.14036786288357325,-0.36256374716797407,0.3558826994101658,div,-0.1723704364570099,-0.1741086625032752,-1.657930747513004e-07,0.42963811001250735,13291,0.0,67512.00000000004,243000.00000000012,916162.0,0.6294610926070145,0.9440566668302803,1.5567082506346464,13291,0.31338785076215075,0.21472726376833423,-0.09018891527376914,0.15285471377706347,0.08038128828504368
st_louis_county,7,2024,0.028561148455159703,0.05206384874393989,0.5485792761044035,118030,13291,OK,0.6086503972078037,0.6086503972078037,0.8471793142087906,0.8471793142087906,0.6143693564684178,0.6143693564684178,0.8504786619745568,279435.5403091012,279435.5403091012,0.3133529661627543,69672.08674880622,69672.08674880622,0.22162343052983613,0.1518169539703495,-0.17210939290261626,-0.29918617929237634,-0.1603198634251473,0.42952509682714374,0.9444420544905465,1.0079517983255097,0.9121293472800331,22.824048155274856,0.42615257688606745,-26.03582524044587,1.1050535774681725,-0.05142649753265408,0.8914153413583447,-0.08988765263182276,-0.13989898493900213,-0.36130442590105927,0.35443170244937117,div,-0.17210939290261626,-0.17383963790519782,-1.6549844755438314e-07,0.42952509682714374,13291,0.0,67512.00000000004,243000.00000000012,916162.0,0.629688777426985,0.9444420544905465,1.555996464969183,13291,0.3133529661627543,0.21483604005720366,-0.08988765263182279,0.15282068579120944,0.08023189428094347
st_louis_county,7,2024,0.04145038020210471,0.07555950800120279,0.5485792761044035,118030,13291,OK,0.6092302495462587,0.6092302495462587,0.8472831445470881,0.8472831445470881,0.6149407351764484,0.6149407351764484,0.8505802506503928,279228.4474511614,279228.4474511614,0.3132464980083742,69721.72591508305,69721.72591508305,0.22137719406219328,0.15238348218301703,-0.1705565384121004,-0.2958943129205897,-0.15894935831193288,0.4305909510148922,0.944451265398534,1.007056008194332,0.9118624785308563,22.78549717814537,0.42759007147209044,-26.399560185500057,1.104394612021811,-0.050281836822652956,0.8922872256137624,-0.08911830955493344,-0.13870159784104868,-0.35847245309597353,0.35215343019044293,div,-0.1705565384121004,-0.17223982043631964,-1.6441221451380424e-07,0.4305909510148922,13291,0.0,67512.00000000004,243000.00000000012,916162.0,0.6283946173928068,0.944451265398534,1.5517784617463337,13291,0.3132464980083742,0.21483501410314043,-0.08911830955493348,0.15271685545291197,0.08168601555781921
st_louis_county,7,2024,0.060156335155656014,0.1096584172534569,0.5485792761044035,118030,13291,OK,0.6095538570794409,0.6095538570794409,0.8471493456500135,0.8471493456500135,0.6152596136942299,0.6152596136942299,0.8504493404269937,279112.80499901564,279112.80499901564,0.31338368934788324,69520.04344715524,69520.04344715524,0.22123402885618804,0.151460222643994,-0.16894308151020312,-0.29379149596528115,-0.15799014759496038,0.43105582882197035,0.9446556821954685,1.0075805351572218,0.9131857305323827,22.780545742928403,0.42782887399611896,-24.804309438329206,1.1033686811661056,-0.04923490016484487,0.8936253365469319,-0.08842848549194235,-0.1376279722275928,-0.3554670545847581,0.3495779387871163,div,-0.16894308151020312,-0.17057849195439226,-1.6303270738916886e-07,0.43105582882197035,13291,0.0,67512.00000000004,243000.00000000012,916162.0,0.6293746704818313,0.9446556821954685,1.553758729621127,13291,0.31338368934788324,0.21451667075651767,-0.08842848549194239,0.15285065434998646,0.08098030534996507
st_louis_county,7,2024,0.0873040160721099,0.15914566932254023,0.5485792761044035,118030,13291,OK,0.6077492978434424,0.6077492978434424,0.8475418252400284,0.8475418252400284,0.6134814252547784,0.6134814252547784,0.8508333465132305,279757.06153713027,279757.06153713027,0.312981087999449,69570.38826370318,69570.38826370318,0.22079349231495005,0.15097704350477756,-0.16911332405402354,-0.29306093823434226,-0.15660659468341062,0.42834613089800694,0.9467052328989537,1.0074453340789404,0.91354939001516,22.70673110331157,0.42519651584005136,-24.83667028262179,1.1027814643521596,-0.04863047648058859,0.8941120125005867,-0.08785105310094643,-0.13672927031463805,-0.35359164030121687,0.34725726568222587,div,-0.16911332405402354,-0.1707537414708374,-1.6217110713264639e-07,0.42834613089800694,13291,0.0,67512.00000000004,243000.00000000012,916162.0,0.6270781788345365,0.9467052328989537,1.5534159721076486,13291,0.312981087999449,0.2143255463076913,-0.08785105310094649,0.15245817475997164,0.08101446958135818
st_louis_county,7,2024,0.12670305135106935,0.23096579996754327,0.5485792761044035,118030,13291,OK,0.6113428677465254,0.6113428677465254,0.8471136132397299,0.8471136132397299,0.6170224807826601,0.6170224807826601,0.8504143794675607,278472.62825056235,278472.62825056235,0.3134203175855648,69528.74611239428,69528.74611239428,0.2216049209215388,0.15164784913157853,-0.16597929526237845,-0.28938272611128946,-0.15595752061234067,0.4319927483215392,0.9458139950357017,1.0082561650702886,0.9153157663626471,22.80000305213227,0.4284714693855118,-24.363514326104518,1.1015391650872302,-0.047286423944419474,0.8959988190476815,-0.08701178289511872,-0.13542305031169988,-0.34963217180445616,0.3440633445390122,div,-0.16597929526237845,-0.16752919090642313,-1.6052074992216694e-07,0.4319927483215392,13291,0.0,67512.00000000004,243000.00000000012,916162.0,0.6273698825831797,0.9458139950357017,1.5568712022431268,13291,0.3134203175855648,0.21483170207897662,-0.08701178289511875,0.15288638676027014,0.08196604034997516
st_louis_county,7,2024,0.18388229939401626,0.3351973131391505,0.5485792761044035,118030,13291,OK,0.6105381164554256,0.6105381164554256,0.8473155279514847,0.8473155279514847,0.6162294896666465,0.6162294896666465,0.8506119349078618,278760.78110149497,278760.78110149497,0.31321328449765024,69357.17851615633,69357.17851615633,0.22119250946145586,0.15179423545857956,-0.16381807876985646,-0.2863873769015864,-0.1538319250873779,0.43056164648181533,0.9474800714440846,1.008662911487033,0.91723657284578,22.74269036508769,0.4268798227644445,-24.345547047690136,1.0996758539158522,-0.04568982758150454,0.8982937868214294,-0.08578758793779388,-0.13351774266506813,-0.34486593625621786,0.3410952550119245,div,-0.16381807876985646,-0.16530756391100937,-1.5790576159993826e-07,0.43056164648181533,13291,0.0,67512.00000000004,243000.00000000012,916162.0,0.6274745577454363,0.9474800714440846,1.5550135142335542,13291,0.31321328449765024,0.21443561708272996,-0.08578758793779392,0.15268447204851535,0.08232058967062657
st_louis_county,7,2024,0.26686571215039057,0.4864669953365167,0.5485792761044035,118030,13291,OK,0.6112081553220796,0.6112081553220796,0.8472377562218184,0.8472377562218184,0.6168897369685358,0.6168897369685358,0.8505358422439658,278520.8847595602,278520.8847595602,0.3132930438780424,69442.80398015585,69442.80398015585,0.22114252360495612,0.15140342823128788,-0.15892284817218638,-0.27819924635453047,-0.14996176508002124,0.4320831518498115,0.9471225879756663,1.0080054191683574,0.9189976675982304,22.74702096203599,0.42866774253114676,-23.185831470671626,1.096853076681626,-0.042253327369153715,0.9017169329399428,-0.08323847211728289,-0.12955035998969514,-0.33463415321368295,0.33122623860447614,div,-0.15892284817218638,-0.1602814397873094,-1.5372853172135124e-07,0.4320831518498115,13291,0.0,67512.00000000004,243000.00000000012,916162.0,0.628190528868463,0.9471225879756663,1.5488100886744673,13291,0.3132930438780424,0.21457205163102785,-0.08323847211728291,0.15276224377818162,0.08283042663537021
st_louis_county,7,2024,0.38729833462074176,0.7060024895053321,0.5485792761044035,118030,13291,OK,0.6126784104921117,0.6126784104921117,0.8473033335770712,0.8473033335770712,0.6183385066704337,0.6183385066704337,0.8506000038059351,277993.7586786576,277993.7586786576,0.3132257918723455,69265.5515276487,69265.5515276487,0.2210252658164959,0.15078894990665884,-0.15544895790370603,-0.2728685061839225,-0.14779961309393985,0.4341728093710235,0.9492359797851097,1.009774491157091,0.9222913043252542,22.738457261564555,0.42998624686381853,-21.879480459406714,1.0948541815601733,-0.04003269391504626,0.9042544442945631,-0.08171511495712114,-0.12717944347150428,-0.3283371046146106,0.32519429072022665,div,-0.15544895790370603,-0.15671954026871865,-1.510954003974269e-07,0.4341728093710235,13291,0.0,67512.00000000004,243000.00000000012,916162.0,0.6282081586369086,0.9492359797851097,1.5547484023710283,13291,0.3132257918723455,0.21411194760960314,-0.0817151149571212,0.15269666642292873,0.08245454896253195
st_louis_county,7,2024,0.5620804515923291,1.0246111657439938,0.5485792761044035,118030,13291,OK,0.6169677483523268,0.6169677483523268,0.8468476888902087,0.8468476888902087,0.6225651626004702,0.6225651626004702,0.8501541963362778,276450.1720504553,276450.1720504553,0.31369277442469606,69158.49977393585,69158.49977393585,0.22122348460971428,0.15093646254351148,-0.14695299324464353,-0.2604893895179403,-0.1415690884925327,0.4356333659790226,0.9501544287432956,1.0108230393991378,0.9278429820346915,22.793611543368588,0.4309851855442931,-20.404288420752113,1.0894332974125396,-0.03436935723688473,0.9110109461909801,-0.07762587297186314,-0.12081504540171856,-0.311321062159128,0.31180313950075184,div,-0.14695299324464353,-0.14802474019925643,-1.4331788137283013e-07,0.4356333659790226,13291,0.0,67512.00000000004,243000.00000000012,916162.0,0.6269852491440437,0.9501544287432956,1.5456565460235252,13291,0.31369277442469606,0.2142183630474545,-0.0776258729718632,0.1531523111097913,0.08293521551923765
st_louis_county,7,2024,0.8157392010776716,1.4870033131226474,0.5485792761044035,118030,13291,OK,0.617182091977908,0.617182091977908,0.8460758136082609,0.8460758136082609,0.6227763739309022,0.6227763739309022,0.8493989855848794,276372.81090918207,276372.81090918207,0.3144822740485599,69143.05887183569,69143.05887183569,0.2215648321705923,0.15146348912196025,-0.13877019849261685,-0.24633930175548494,-0.1352685131417375,0.4401551099581433,0.9522763613947635,1.0110645600723067,0.931891739706872,22.80234289880924,0.4353546614774124,-18.638970838708037,1.0849592468652407,-0.028441342107742042,0.9165342107417533,-0.0734616034767925,-0.11433387631658232,-0.29387617021211543,0.2973108005394701,div,-0.13877019849261685,-0.13967140816012963,-1.3674226359293293e-07,0.4401551099581433,13291,0.0,67512.00000000004,243000.00000000012,916162.0,0.6239904926109308,0.9522763613947635,1.5503075920196736,13291,0.3144822740485599,0.21463772157054017,-0.07346160347679252,0.15392418639173908,0.08476777473739107
st_louis_county,7,2024,1.1838704624751253,2.1580663252211805,0.5485792761044035,118030,13291,OK,0.6170580310800224,0.6170580310800224,0.8453957742830471,0.8453957742830471,0.6226541259880211,0.6226541259880211,0.8487336280824611,276417.58974649315,276417.58974649315,0.315176202109156,69513.49004996098,69513.49004996098,0.22201899217350626,0.15092695937161038,-0.12827812437051173,-0.23032374252787943,-0.12751556485104878,0.44377949144885637,0.9552455463312446,1.0123502767391797,0.9385608752472641,22.822905183396106,0.43838204752330284,-16.023910929558703,1.0786197288188428,-0.02148530061436192,0.9246262135830904,-0.06853788128918019,-0.10667071329028764,-0.273454154020691,0.2802963060156287,div,-0.12827812437051173,-0.12898877137843745,-1.2744436465190494e-07,0.44377949144885637,13291,0.0,67512.00000000004,243000.00000000012,916162.0,0.6223490373951903,0.9552455463312446,1.5465660239462258,13291,0.315176202109156,0.21494947193937575,-0.06853788128918022,0.1546042257169529,0.08632636660604966
st_louis_county,7,2024,1.7181340188990342,3.1319703345338286,0.5485792761044035,118030,13291,OK,0.6209183826966136,0.6209183826966136,0.8439959024007074,0.8439959024007074,0.626458064634037,0.626458064634037,0.847363978968351,275020.80898376426,275020.80898376426,0.31659987622320296,69721.39076020499,69721.39076020499,0.22290516211460182,0.15037299526030146,-0.11642144732127872,-0.21225449442592717,-0.11900638776180175,0.4494238501423441,0.95540136308819,1.0129750064413643,0.9451541502134413,22.94173047190761,0.44368395598397525,-13.007465686384673,1.0717563967873465,-0.01364947276480207,0.9333280786662611,-0.06296862946652339,-0.09800286343497237,-0.2500768273293001,0.26407513708937175,div,-0.11642144732127872,-0.11695175701456108,-1.1713587259632279e-07,0.4494238501423441,13291,0.0,67512.00000000004,243000.00000000012,916162.0,0.6171246395288708,0.95540136308819,1.5449938798007827,13291,0.31659987622320296,0.2158428190552721,-0.06296862946652343,0.15600409759929257,0.0871874884142462
st_louis_county,7,2024,2.4935029637671793,4.545383087516827,0.5485792761044035,118030,13291,OK,0.6207504527459728,0.6207504527459728,0.8431383503298358,0.8431383503298358,0.6262925887156465,0.6262925887156465,0.8465249411613986,275081.71818523516,275081.71818523516,0.3174688559379241,69951.33227018038,69951.33227018038,0.22378698600715108,0.1525604957266516,-0.10465712680648699,-0.1938464718522643,-0.11007329656026546,0.4551628522311452,0.9590087693684465,1.0151241391731787,0.9533780044253468,22.996047628685766,0.44839833731131856,-10.73930683298486,1.0647656380378208,-0.005715508880023278,0.9417555963844899,-0.05704889779276875,-0.08878953515214723,-0.22578715013589323,0.2467353833546905,div,-0.10465712680648699,-0.10504176493338939,-1.0664399972820636e-07,0.4551628522311452,13291,0.0,67512.00000000004,243000.00000000012,916162.0,0.6182216253901494,0.9590087693684465,1.5425114706914376,13291,0.3174688559379241,0.2163621230241353,-0.05704889779276878,0.15686164967016422,0.08616798106362175
st_louis_county,7,2024,3.618784659359615,6.596648500937724,0.5485792761044035,118030,13291,OK,0.61843131323517,0.61843131323517,0.8416832051408081,0.8416832051408081,0.6240073397832097,0.6240073397832097,0.8451012120729036,275921.5089959356,275921.5089959356,0.3189379749231313,70639.33443544945,70639.33443544945,0.22488533443417089,0.1528857162898486,-0.09559493091569604,-0.17990286439195427,-0.10288214335080428,0.4584000571208005,0.9602072557521789,1.0159000814010157,0.9590993817581029,23.114900473785386,0.4512425102043573,-7.7370187965493225,1.059222955121494,0.0005134803659368983,0.9489887008560352,-0.05248628992402153,-0.08168840178373105,-0.20673721940946177,0.23488265145738735,div,-0.09559493091569604,-0.0958877326552505,-9.81025585167261e-08,0.4584000571208005,13291,0.0,67512.00000000004,243000.00000000012,916162.0,0.613067145082049,0.9602072557521789,1.5408807326236795,13291,0.3189379749231313,0.21747794034935272,-0.05248628992402157,0.15831679485919192,0.08845424319234596
st_louis_county,7,2024,5.2518896512686215,9.573620222337933,0.5485792761044035,118030,13291,OK,0.6216185536453938,0.6216185536453938,0.8399874647719325,0.8399874647719325,0.6271480036850383,0.6271480036850383,0.8434420821744522,274766.70726740407,274766.70726740407,0.3206415069861619,71170.4101256988,71170.4101256988,0.22595155189318597,0.15379010263194712,-0.0872507398674597,-0.16590706567484495,-0.09522008656727637,0.46005147520444695,0.9639621886489389,1.0168576682419666,0.9648281620052114,23.175163229483932,0.45244167146439634,-4.580851779974144,1.053926189435248,0.006733171072581344,0.9553625345030888,-0.0475873251076119,-0.07406377053571295,-0.18640004520173187,0.22431265153737576,div,-0.0872507398674597,-0.08747316101400128,-8.986205649360243e-08,0.46005147520444695,13291,0.0,67512.00000000004,243000.00000000012,916162.0,0.6105636355005176,0.9639621886489389,1.5438287098282428,13291,0.3206415069861619,0.21861429220786113,-0.04758732510761193,0.16001253522806752,0.08822984976669836
st_louis_county,7,2024,7.621991222319222,13.894056072341737,0.5485792761044035,118030,13291,OK,0.6158245241387554,0.6158245241387554,0.838086821448939,0.838086821448939,0.6214386448116824,0.6214386448116824,0.8415824731084951,276862.4207037005,276862.4207037005,0.322540189816037,72348.71226362561,72348.71226362561,0.227978525683218,0.1563920411019417,-0.0773083890229301,-0.15172128774706725,-0.08876526051627416,0.46896372395514835,0.9665524410541902,1.0184614566464134,0.9714677142858885,23.353674433507994,0.46048023127795984,-3.3155799954447764,1.0483739620673542,0.013027618724725945,0.9627292876574008,-0.04337968462649905,-0.06751509988895556,-0.16885894597141873,0.21583595251322893,div,-0.0773083890229301,-0.07746295711442204,-8.116460516905773e-08,0.46896372395514835,13291,0.0,67512.00000000004,243000.00000000012,916162.0,0.6072458348777243,0.9665524410541902,1.5495352053437967,13291,0.322540189816037,0.2202693453924478,-0.04337968462649909,0.16191317855106102,0.08957684095232715
st_louis_county,7,2024,11.061685231539125,20.164241912474118,0.5485792761044035,118030,13291,OK,0.6171130842178243,0.6171130842178243,0.8368245461499094,0.8368245461499094,0.6227083746107551,0.6227083746107551,0.8403474499132373,276397.7196305616,276397.7196305616,0.3237950107361474,72848.27802666627,72848.27802666627,0.22950594692117693,0.15630474592058044,-0.07152356792254543,-0.1427009551972272,-0.084252404067992,0.47325821316488603,0.9672762621468699,1.0199662850873839,0.9760908446596926,23.501887608102162,0.46401143331793815,-2.001901800929354,1.0449501608049485,0.017157109145838616,0.9671302816711176,-0.040440597572608226,-0.0629407753466199,-0.15674679359068283,0.21091223556234243,div,-0.07152356792254543,-0.07164590612733632,-7.577887225094404e-08,0.47325821316488603,13291,0.0,67512.00000000004,243000.00000000012,916162.0,0.6049268892191212,0.9672762621468699,1.5490521348867439,13291,0.3237950107361474,0.22148811254446116,-0.04044059757260826,0.16317545385009055,0.08959168993506438
st_louis_county,7,2024,16.05366322167172,29.264071613628452,0.5485792761044035,118030,13291,OK,0.6142707921846107,0.6142707921846107,0.835158234755426,0.835158234755426,0.61990761820765,0.61990761820765,0.8387171136274114,277421.71711513866,277421.71711513866,0.32544407273514364,73573.15041234736,73573.15041234736,0.23098804033914203,0.15796743181800976,-0.06440423623827764,-0.13174307487849624,-0.07855388205103965,0.47795014153140886,0.9684953799743309,1.0215073509025614,0.9816075078560252,23.654337410282935,0.46790473151394,0.5372818637185603,1.040647450969159,0.02226654777763876,0.9722865022165694,-0.036835885942078976,-0.05733048869051557,-0.14200042335379612,0.20501296507719496,div,-0.06440423623827764,-0.06449350607857254,-6.891247311897106e-08,0.47795014153140886,13291,0.0,67512.00000000004,243000.00000000012,916162.0,0.6000452397057863,0.9684953799743309,1.552928723306313,13291,0.32544407273514364,0.2227006168545818,-0.03683588594207901,0.16484176524457392,0.0876747733354772
st_louis_county,7,2024,23.298448422672752,42.47052237941027,0.5485792761044035,118030,13291,OK,0.6145546630412905,0.6145546630412905,0.8334127564596439,0.8334127564596439,0.6201873407379919,0.6201873407379919,0.8370093196273485,277319.61642730475,277319.61642730475,0.3271625683953903,74369.47995649024,74369.47995649024,0.23238139343465047,0.15969134337432647,-0.06074131916597059,-0.1265024490710697,-0.0755157723163898,0.47849948291863553,0.9674625844859627,1.0207002039356732,0.9830263672495864,23.80903789294529,0.4688129609191746,1.893066140897564,1.0383243399579347,0.024750023082492578,0.9752101099039764,-0.03509099508855889,-0.054614782449563096,-0.1346091188269583,0.2007025057526856,div,-0.06074131916597059,-0.0608161868289266,-6.506785640460882e-08,0.47849948291863553,13291,0.0,67512.00000000004,243000.00000000012,916162.0,0.5990904418010087,0.9674625844859627,1.5519708641297596,13291,0.3271625683953903,0.22451720190883073,-0.035090995088558924,0.16658724354035617,0.0865706869144434
st_louis_county,7,2024,33.81270003043063,61.6368526907231,0.5485792761044035,118030,13291,OK,0.6077068925650306,0.6077068925650306,0.8322362804868733,0.8322362804868733,0.6134396396628514,0.6134396396628514,0.8358582433794394,279772.1830594238,279772.1830594238,0.3283157831359205,75109.62691333033,75109.62691333033,0.23405025495360723,0.1614234861185978,-0.05921732016424529,-0.12334489305989364,-0.07401310270838789,0.48098349724950873,0.9679594657872248,1.021632975237081,0.9847137070354377,23.98271359497098,0.4708164323784143,3.1814578487003398,1.0374923878258908,0.02659635801742075,0.9762561151378388,-0.034068123228259105,-0.05302280923868465,-0.13020294646840916,0.19835500677569917,div,-0.05921732016424529,-0.059286685115745676,-6.376461367405451e-08,0.48098349724950873,13291,0.0,67512.00000000004,243000.00000000012,916162.0,0.5972751737384945,0.9679594657872248,1.5540364392328905,13291,0.3283157831359205,0.22594525921982722,-0.03406812322825913,0.1677637195131267,0.08738951991220116
st_louis_county,7,2024,49.071880779635485,89.45266968177688,0.5485792761044035,118030,13291,OK,0.6033145903445907,0.6033145903445907,0.8303931528169791,0.8303931528169791,0.6091115240348592,0.6091115240348592,0.8340549082227655,281334.05528980127,281334.05528980127,0.3301143690342862,75936.33441268821,75936.33441268821,0.23577554076998242,0.1608465029200752,-0.058662581343053175,-0.12152228356214247,-0.07327829643077528,0.4833505090735441,0.9690071610027305,1.023311813577073,0.9865584146785015,24.15675925326951,0.472357190704498,3.312710232058462,1.0372541537852562,0.027994248419127704,0.9762432741478957,-0.03360104035789908,-0.052295852670874256,-0.12766892932394608,0.19482367633389827,div,-0.058662581343053175,-0.05873001244498199,-6.347813475543163e-08,0.4833505090735441,13291,0.0,67512.00000000004,243000.00000000012,916162.0,0.5949277991367192,0.9690071610027305,1.5696628955186567,13291,0.3301143690342862,0.22737601712129735,-0.033601040357899105,0.16960684718302088,0.08531615014594741
st_louis_county,7,2024,71.21730832153513,129.82136114814028,0.5485792761044035,118030,13291,OK,0.6010244482954672,0.6010244482954672,0.8268522078608012,0.8268522078608012,0.606854848811782,0.606854848811782,0.830590411090188,282144.9846797085,282144.9846797085,0.3335425286845877,77459.64344410406,77459.64344410406,0.2392978231113305,0.16443669465287505,-0.05826715500105257,-0.11977926162285782,-0.07368872798717149,0.4931308426683647,0.9688299038046309,1.0244626510923482,0.9872183234987028,24.517909895329694,0.48137371772063836,4.01421048969192,1.0377265359719536,0.02993741933581997,0.9757630282721608,-0.03356644734124684,-0.052242012930109764,-0.1262206594543665,0.19054542563695273,div,-0.05826715500105257,-0.05833322983892169,-6.432603559712596e-08,0.4931308426683647,13291,0.0,67512.00000000004,243000.00000000012,916162.0,0.5940867130963857,0.9688299038046309,1.5705723001860914,13291,0.3335425286845877,0.23045758558448887,-0.03356644734124686,0.1731477921391989,0.08372973549162634
st_louis_county,7,2024,103.35664588322452,188.40785714178907,0.5485792761044035,118030,13291,OK,0.5948817454193296,0.5948817454193296,0.821114876479158,0.821114876479158,0.6008019118821233,0.6008019118821233,0.8249769467843762,284308.6670857764,284308.6670857764,0.33902353698240983,79748.33701738417,79748.33701738417,0.24566782619165894,0.1702688599427801,-0.05494798059774671,-0.11616019748380925,-0.07267994958017569,0.5015335767614516,0.9663701176265788,1.0278428681359018,0.9921216789716036,25.234452889644228,0.48796607028949157,2.9740776976935384,1.0360048469068082,0.03397237280873776,0.9780862994783032,-0.0326398526164849,-0.050799883141995385,-0.12068883651781209,0.1861571805327374,div,-0.05494798059774671,-0.055003382119500364,-6.169536770335875e-08,0.5015335767614516,13291,0.0,67512.00000000004,243000.00000000012,916162.0,0.5921754683841115,0.9663701176265788,1.5859727886548827,13291,0.33902353698240983,0.23567602599233037,-0.032639852616484936,0.17888512352084202,0.08233962788067226
st_louis_county,7,2024,150.0,273.4335884235127,0.5485792761044035,118030,13291,OK,0.5831581360086299,0.5831581360086299,0.8049217170547791,0.8049217170547791,0.5892496245939676,0.5892496245939676,0.8091333922848208,288393.0947339326,288393.0947339326,0.35403581637259257,83659.04255028508,83659.04255028508,0.25902410981261975,0.17974643837909085,-0.052223947530420096,-0.10871474545831483,-0.07366559413295591,0.5431489952078447,0.965174993774919,1.0305955895376453,0.9938281967025847,26.64491291352699,0.5270442012725747,5.36705161588586,1.0369957231612574,0.043100945552791245,0.976971232541047,-0.03149368645466691,-0.04901601763972726,-0.11157174595368122,0.17575164084274905,div,-0.052223947530420096,-0.052271502873613,-6.35023041931656e-08,0.5431489952078447,13291,0.0,67512.00000000004,243000.00000000012,916162.0,0.5758357899795423,0.965174993774919,1.6302074887234128,13291,0.35403581637259257,0.24774213758686278,-0.03149368645466694,0.19507828294522087,0.07944480488722654
