realization_key,display_kind,reference_cell,family,role_label,j,ext_target,target,rho,b,attained,match_mode,match_gap,max_achieved_dev_correction,evaluation,evaluation_role,weighting,n,n_unique,PRB,PRB_se_classical,PRB_se_hc1,PRB_se_cluster_rowid,n_clusters,PRB_t,PRB_df,PRB_p,PRB_ci_lo,PRB_ci_hi,iaao_2013_class,canonical_prb_fn,ols_minus_canonical,frozen_PRB_value,frozen_minus_recomputed,source
fit:LGBCovPenalty:1fb838f7d6bfda88,reference_cell,C,Direct,REFERENCE,,,,0.0,,True,exact_anchor,0.0,,fold_1,descriptive,none,5209.0,5209.0,-0.08356747768548556,0.004461269269433384,0.0057797305669463625,,,-18.731771753400412,5207.0,8.075436551792261e-76,-0.09231343776516497,-0.07482151760580615,outside_pm005_but_not_pm010,-0.08356747768542126,-6.429579091360438e-14,-0.0835674776854212,6.938893903907228e-17,output/paper_v6_preselection_994/predictions/data_id=d4929d43ec19badf/split_id=3d464d4a611b131b/fold_id=0/9d3e01b9e2dc2c03.parquet
fit:LGBCovPenalty:1fb838f7d6bfda88,matched_beta_core,,Direct,PRIMARY,0.0,,-0.1382712285432577,0.0,,True,exact_anchor,0.0,,fold_1,descriptive,none,5209.0,5209.0,-0.08356747768548556,0.004461269269433384,0.0057797305669463625,,,-18.731771753400412,5207.0,8.075436551792261e-76,-0.09231343776516497,-0.07482151760580615,outside_pm005_but_not_pm010,-0.08356747768542126,-6.429579091360438e-14,-0.0835674776854212,6.938893903907228e-17,output/paper_v6_preselection_994/predictions/data_id=d4929d43ec19badf/split_id=3d464d4a611b131b/fold_id=0/9d3e01b9e2dc2c03.parquet
fit:LGBCovPenalty:1fb838f7d6bfda88,reference_cell,C,Direct,REFERENCE,,,,0.0,,True,exact_anchor,0.0,,fold_2,descriptive,none,11197.0,11197.0,-0.08101261751388955,0.0032095463063864034,0.0045465593716274184,,,-25.241143071433314,11195.0,9.053234811946197e-137,-0.08730389287081457,-0.07472134215696453,outside_pm005_but_not_pm010,-0.08101261751381583,-7.37188088351104e-14,-0.0810126175138157,1.3877787807814457e-16,output/paper_v6_preselection_994/predictions/data_id=d4929d43ec19badf/split_id=3d464d4a611b131b/fold_id=1/f6d5990c8c05e8f7.parquet
fit:LGBCovPenalty:1fb838f7d6bfda88,matched_beta_core,,Direct,PRIMARY,0.0,,-0.1382712285432577,0.0,,True,exact_anchor,0.0,,fold_2,descriptive,none,11197.0,11197.0,-0.08101261751388955,0.0032095463063864034,0.0045465593716274184,,,-25.241143071433314,11195.0,9.053234811946197e-137,-0.08730389287081457,-0.07472134215696453,outside_pm005_but_not_pm010,-0.08101261751381583,-7.37188088351104e-14,-0.0810126175138157,1.3877787807814457e-16,output/paper_v6_preselection_994/predictions/data_id=d4929d43ec19badf/split_id=3d464d4a611b131b/fold_id=1/f6d5990c8c05e8f7.parquet
fit:LGBCovPenalty:1fb838f7d6bfda88,reference_cell,C,Direct,REFERENCE,,,,0.0,,True,exact_anchor,0.0,,fold_3,descriptive,none,16798.0,16798.0,-0.07963761736694197,0.002543619319661596,0.00372733402562229,,,-31.308779875731165,16796.0,3.4797167477111705e-209,-0.08462337891073685,-0.0746518558231471,outside_pm005_but_not_pm010,-0.07963761736713629,1.9431678488501802e-13,-0.0796376173671363,-1.3877787807814457e-17,output/paper_v6_preselection_994/predictions/data_id=d4929d43ec19badf/split_id=3d464d4a611b131b/fold_id=2/d86ad432fcd86ed4.parquet
fit:LGBCovPenalty:1fb838f7d6bfda88,matched_beta_core,,Direct,PRIMARY,0.0,,-0.1382712285432577,0.0,,True,exact_anchor,0.0,,fold_3,descriptive,none,16798.0,16798.0,-0.07963761736694197,0.002543619319661596,0.00372733402562229,,,-31.308779875731165,16796.0,3.4797167477111705e-209,-0.08462337891073685,-0.0746518558231471,outside_pm005_but_not_pm010,-0.07963761736713629,1.9431678488501802e-13,-0.0796376173671363,-1.3877787807814457e-17,output/paper_v6_preselection_994/predictions/data_id=d4929d43ec19badf/split_id=3d464d4a611b131b/fold_id=2/d86ad432fcd86ed4.parquet
fit:LGBCovPenalty:1fb838f7d6bfda88,reference_cell,C,Direct,REFERENCE,,,,0.0,,True,exact_anchor,0.0,,fold_4,descriptive,none,22323.0,22323.0,-0.07170692151158486,0.002502039042214222,0.0035807393437017913,,,-28.65939351934597,22321.0,1.990452471198553e-177,-0.07661109385260087,-0.06680274917056886,outside_pm005_but_not_pm010,-0.07170692151163814,5.32768273941997e-14,-0.0717069215116381,4.163336342344337e-17,output/paper_v6_preselection_994/predictions/data_id=d4929d43ec19badf/split_id=3d464d4a611b131b/fold_id=3/14ac898e55a1912f.parquet
fit:LGBCovPenalty:1fb838f7d6bfda88,matched_beta_core,,Direct,PRIMARY,0.0,,-0.1382712285432577,0.0,,True,exact_anchor,0.0,,fold_4,descriptive,none,22323.0,22323.0,-0.07170692151158486,0.002502039042214222,0.0035807393437017913,,,-28.65939351934597,22321.0,1.990452471198553e-177,-0.07661109385260087,-0.06680274917056886,outside_pm005_but_not_pm010,-0.07170692151163814,5.32768273941997e-14,-0.0717069215116381,4.163336342344337e-17,output/paper_v6_preselection_994/predictions/data_id=d4929d43ec19badf/split_id=3d464d4a611b131b/fold_id=3/14ac898e55a1912f.parquet
fit:LGBCovPenalty:1fb838f7d6bfda88,reference_cell,C,Direct,REFERENCE,,,,0.0,,True,exact_anchor,0.0,,fold_5,descriptive,none,28053.0,28053.0,-0.07960390521557192,0.002089178294239928,0.003066442110250987,,,-38.1029735159741,28051.0,9.0538672629374e-310,-0.08369879611873056,-0.07550901431241329,outside_pm005_but_not_pm010,-0.0796039052150491,-5.22817900083794e-13,-0.0796039052150491,0.0,output/paper_v6_preselection_994/predictions/data_id=d4929d43ec19badf/split_id=3d464d4a611b131b/fold_id=4/7ecaa45076f922f6.parquet
fit:LGBCovPenalty:1fb838f7d6bfda88,matched_beta_core,,Direct,PRIMARY,0.0,,-0.1382712285432577,0.0,,True,exact_anchor,0.0,,fold_5,descriptive,none,28053.0,28053.0,-0.07960390521557192,0.002089178294239928,0.003066442110250987,,,-38.1029735159741,28051.0,9.0538672629374e-310,-0.08369879611873056,-0.07550901431241329,outside_pm005_but_not_pm010,-0.0796039052150491,-5.22817900083794e-13,-0.0796039052150491,0.0,output/paper_v6_preselection_994/predictions/data_id=d4929d43ec19badf/split_id=3d464d4a611b131b/fold_id=4/7ecaa45076f922f6.parquet
fit:LGBCovPenalty:1fb838f7d6bfda88,reference_cell,C,Direct,REFERENCE,,,,0.0,,True,exact_anchor,0.0,,fold_6,descriptive,none,33113.0,33113.0,-0.10569130885183076,0.0020129046113831523,0.0028380464208480755,,,-52.50686408791412,33111.0,0.0,-0.1096366736162343,-0.10174594408742721,outside_pm010,-0.10569130885259873,7.679690217088364e-13,-0.1056913088525988,-6.938893903907228e-17,output/paper_v6_preselection_994/predictions/data_id=d4929d43ec19badf/split_id=3d464d4a611b131b/fold_id=5/acebdcec841654f9.parquet
fit:LGBCovPenalty:1fb838f7d6bfda88,matched_beta_core,,Direct,PRIMARY,0.0,,-0.1382712285432577,0.0,,True,exact_anchor,0.0,,fold_6,descriptive,none,33113.0,33113.0,-0.10569130885183076,0.0020129046113831523,0.0028380464208480755,,,-52.50686408791412,33111.0,0.0,-0.1096366736162343,-0.10174594408742721,outside_pm010,-0.10569130885259873,7.679690217088364e-13,-0.1056913088525988,-6.938893903907228e-17,output/paper_v6_preselection_994/predictions/data_id=d4929d43ec19badf/split_id=3d464d4a611b131b/fold_id=5/acebdcec841654f9.parquet
fit:LGBCovPenalty:1fb838f7d6bfda88,reference_cell,C,Direct,REFERENCE,,,,0.0,,True,exact_anchor,0.0,,fold_7,descriptive,none,34460.0,34460.0,-0.1064099731642596,0.0020173361913299434,0.002788941264681766,,,-52.74776391837201,34458.0,0.0,-0.11036401833287952,-0.10245592799563967,outside_pm010,-0.10640997316475023,4.906353101574723e-13,-0.1064099731647502,2.7755575615628914e-17,output/paper_v6_preselection_994/predictions/data_id=d4929d43ec19badf/split_id=3d464d4a611b131b/fold_id=6/beb6c55f24e1f372.parquet
fit:LGBCovPenalty:1fb838f7d6bfda88,matched_beta_core,,Direct,PRIMARY,0.0,,-0.1382712285432577,0.0,,True,exact_anchor,0.0,,fold_7,descriptive,none,34460.0,34460.0,-0.1064099731642596,0.0020173361913299434,0.002788941264681766,,,-52.74776391837201,34458.0,0.0,-0.11036401833287952,-0.10245592799563967,outside_pm010,-0.10640997316475023,4.906353101574723e-13,-0.1064099731647502,2.7755575615628914e-17,output/paper_v6_preselection_994/predictions/data_id=d4929d43ec19badf/split_id=3d464d4a611b131b/fold_id=6/beb6c55f24e1f372.parquet
fit:LGBCovPenalty:1fb838f7d6bfda88,reference_cell,C,Direct,REFERENCE,,,,0.0,,True,exact_anchor,0.0,,pooled_oof,sensitivity,D3_row_balanced,151153.0,130165.0,-0.0850626586552723,0.0009019715605247665,0.001346607437459024,0.001393089488061862,130165.0,-94.30747307130493,151151.0,0.0,-0.08683050458527444,-0.08329481272527015,outside_pm005_but_not_pm010,-0.08744183595858873,0.0023791773033164376,,,concatenated fold_1..fold_7 (D3 row-balanced)
fit:LGBCovPenalty:1fb838f7d6bfda88,matched_beta_core,,Direct,PRIMARY,0.0,,-0.1382712285432577,0.0,,True,exact_anchor,0.0,,pooled_oof,sensitivity,D3_row_balanced,151153.0,130165.0,-0.0850626586552723,0.0009019715605247665,0.001346607437459024,0.001393089488061862,130165.0,-94.30747307130493,151151.0,0.0,-0.08683050458527444,-0.08329481272527015,outside_pm005_but_not_pm010,-0.08744183595858873,0.0023791773033164376,,,concatenated fold_1..fold_7 (D3 row-balanced)
fit:LGBCovPenalty:1fb838f7d6bfda88,reference_cell,C,Direct,REFERENCE,,,,0.0,,True,exact_anchor,0.0,,heldout,standards_facing,none,38290.0,38290.0,-0.08844853462143876,0.0022231797844195376,0.002856431891927831,,,-39.78469723470083,38288.0,0.0,-0.09280602467946658,-0.08409104456341093,outside_pm005_but_not_pm010,-0.08844853462167883,2.400718512873823e-13,-0.0884485346216789,-6.938893903907228e-17,output/paper_v6_preselection_994/reporting_preview/heldout/LGBCovPenalty/chunk_00/analysis/data_id=d4929d43ec19badf/split_id=3d464d4a611b131b/test_run_predictions/1fb838f7d6bfda88.parquet
fit:LGBCovPenalty:1fb838f7d6bfda88,matched_beta_core,,Direct,PRIMARY,0.0,,-0.1382712285432577,0.0,,True,exact_anchor,0.0,,heldout,standards_facing,none,38290.0,38290.0,-0.08844853462143876,0.0022231797844195376,0.002856431891927831,,,-39.78469723470083,38288.0,0.0,-0.09280602467946658,-0.08409104456341093,outside_pm005_but_not_pm010,-0.08844853462167883,2.400718512873823e-13,-0.0884485346216789,-6.938893903907228e-17,output/paper_v6_preselection_994/reporting_preview/heldout/LGBCovPenalty/chunk_00/analysis/data_id=d4929d43ec19badf/split_id=3d464d4a611b131b/test_run_predictions/1fb838f7d6bfda88.parquet
fit:LGBCovPenalty:1fb838f7d6bfda88,reference_cell,C,Direct,REFERENCE,,,,0.0,,True,exact_anchor,0.0,,forward_2025,standards_facing,none,26641.0,26641.0,-0.10284065713713675,0.0024803994322560195,0.0031832499056674165,,,-41.461329090693745,26639.0,0.0,-0.10770237158742511,-0.09797894268684838,outside_pm005_but_not_pm010,-0.1028406571371094,-2.7353119769202294e-14,-0.102840657137109,3.885780586188048e-16,output/paper_v6_preselection_994/reporting_preview/forward_2025/LGBCovPenalty/chunk_00/analysis/data_id=d4929d43ec19badf/split_id=3d464d4a611b131b/assess_run_predictions/1fb838f7d6bfda88.parquet
fit:LGBCovPenalty:1fb838f7d6bfda88,matched_beta_core,,Direct,PRIMARY,0.0,,-0.1382712285432577,0.0,,True,exact_anchor,0.0,,forward_2025,standards_facing,none,26641.0,26641.0,-0.10284065713713675,0.0024803994322560195,0.0031832499056674165,,,-41.461329090693745,26639.0,0.0,-0.10770237158742511,-0.09797894268684838,outside_pm005_but_not_pm010,-0.1028406571371094,-2.7353119769202294e-14,-0.102840657137109,3.885780586188048e-16,output/paper_v6_preselection_994/reporting_preview/forward_2025/LGBCovPenalty/chunk_00/analysis/data_id=d4929d43ec19badf/split_id=3d464d4a611b131b/assess_run_predictions/1fb838f7d6bfda88.parquet
fit:LGBMRegressor:252a25d9c0ce796b,reference_cell,A,A-native,REFERENCE,,,,,,True,native_baseline,,,fold_1,descriptive,none,5209.0,5209.0,-0.08491012901241435,0.004470067781245446,0.005795437581292906,,,-18.99526655248095,5207.0,7.602770482717243e-78,-0.09367333786781687,-0.07614692015701183,outside_pm005_but_not_pm010,-0.08491012901249288,7.853440120442201e-14,-0.0849101290124928,8.326672684688674e-17,output/p0_major_revision_validation/zero_reference_fits/cell=A/block=fold_1_train/eval_predictions.parquet
fit:LGBMRegressor:252a25d9c0ce796b,reference_cell,A,A-native,REFERENCE,,,,,,True,native_baseline,,,fold_2,descriptive,none,11197.0,11197.0,-0.07760672815978675,0.003138991895773942,0.00445453804650123,,,-24.723456044684127,11195.0,1.9293572087417747e-131,-0.08375970446057249,-0.07145375185900102,outside_pm005_but_not_pm010,-0.077606728159799,1.2240208846492351e-14,-0.0776067281597991,-1.1102230246251565e-16,output/p0_major_revision_validation/zero_reference_fits/cell=A/block=fold_2_train/eval_predictions.parquet
fit:LGBMRegressor:252a25d9c0ce796b,reference_cell,A,A-native,REFERENCE,,,,,,True,native_baseline,,,fold_3,descriptive,none,16798.0,16798.0,-0.0783542156209428,0.0025172552641468077,0.003677725694020575,,,-31.1268454721059,16796.0,7.503692841240168e-207,-0.0832883008415127,-0.0734201304003729,outside_pm005_but_not_pm010,-0.07835421562092916,-1.3641865415081611e-14,-0.0783542156209292,-4.163336342344337e-17,output/p0_major_revision_validation/zero_reference_fits/cell=A/block=fold_3_train/eval_predictions.parquet
fit:LGBMRegressor:252a25d9c0ce796b,reference_cell,A,A-native,REFERENCE,,,,,,True,native_baseline,,,fold_4,descriptive,none,22323.0,22323.0,-0.07093137486299317,0.002473396437499849,0.003575338377636217,,,-28.677721770591617,22321.0,1.1983705976303193e-177,-0.07577940568605326,-0.06608334403993307,outside_pm005_but_not_pm010,-0.07093137486308398,9.08162434143378e-14,-0.0709313748630841,-1.1102230246251565e-16,output/p0_major_revision_validation/zero_reference_fits/cell=A/block=fold_4_train/eval_predictions.parquet
fit:LGBMRegressor:252a25d9c0ce796b,reference_cell,A,A-native,REFERENCE,,,,,,True,native_baseline,,,fold_5,descriptive,none,28053.0,28053.0,-0.08205326852981787,0.0020917354028497067,0.003082304885354885,,,-39.22736519066005,28051.0,0.0,-0.0861531714900199,-0.07795336556961584,outside_pm005_but_not_pm010,-0.08205326852975604,-6.18255446838134e-14,-0.0820532685297557,3.469446951953614e-16,output/p0_major_revision_validation/zero_reference_fits/cell=A/block=fold_5_train/eval_predictions.parquet
fit:LGBMRegressor:252a25d9c0ce796b,reference_cell,A,A-native,REFERENCE,,,,,,True,native_baseline,,,fold_6,descriptive,none,33113.0,33113.0,-0.1058349090424009,0.002011290666741901,0.0028461967428594836,,,-52.620394850160245,33111.0,0.0,-0.1097771104177977,-0.10189270766700409,outside_pm010,-0.10583490904249739,9.649225862773392e-14,-0.1058349090424971,2.914335439641036e-16,output/p0_major_revision_validation/zero_reference_fits/cell=A/block=fold_6_train/eval_predictions.parquet
fit:LGBMRegressor:252a25d9c0ce796b,reference_cell,A,A-native,REFERENCE,,,,,,True,native_baseline,,,fold_7,descriptive,none,34460.0,34460.0,-0.10755519863306162,0.0020221774817930347,0.002806196942117887,,,-53.1878134345033,34458.0,0.0,-0.11151873288993949,-0.10359166437618375,outside_pm010,-0.1075551986320177,-1.043914954479419e-12,-0.1075551986320181,-3.885780586188048e-16,output/p0_major_revision_validation/zero_reference_fits/cell=A/block=fold_7_train/eval_predictions.parquet
fit:LGBMRegressor:252a25d9c0ce796b,reference_cell,A,A-native,REFERENCE,,,,,,True,native_baseline,,,pooled_oof,sensitivity,D3_row_balanced,151153.0,130165.0,-0.0851688493318763,0.0008975471327339528,0.0013415972985322828,0.0013886415058188407,130165.0,-94.89067061297347,151151.0,0.0,-0.08692802347331559,-0.083409675190437,outside_pm005_but_not_pm010,-0.0876267088034166,0.0024578594715402996,,,concatenated fold_1..fold_7 (D3 row-balanced)
fit:LGBMRegressor:252a25d9c0ce796b,reference_cell,A,A-native,REFERENCE,,,,,,True,native_baseline,,,heldout,standards_facing,none,38290.0,38290.0,-0.09075887661004423,0.002236987937309529,0.0028670844528540743,,,-40.57191149595637,38288.0,0.0,-0.09514343100598999,-0.08637432221409846,outside_pm005_but_not_pm010,-0.09075887661084052,7.962935866245857e-13,-0.0907588766108409,-3.7470027081099033e-16,output/paper_v6_preselection_994/baseline_reporting/analysis/data_id=d4929d43ec19badf/split_id=3d464d4a611b131b/test_run_predictions/252a25d9c0ce796b.parquet
fit:LGBMRegressor:252a25d9c0ce796b,reference_cell,A,A-native,REFERENCE,,,,,,True,native_baseline,,,forward_2025,standards_facing,none,26641.0,26641.0,-0.10604403342505853,0.0024907307711830987,0.0031899005189347353,,,-42.57547007968571,26639.0,0.0,-0.11092599784762935,-0.1011620690024877,outside_pm010,-0.10604403342499173,-6.679379271901098e-14,-0.1060440334249918,-6.938893903907228e-17,output/paper_v6_preselection_994/baseline_reporting/analysis/data_id=d4929d43ec19badf/split_id=3d464d4a611b131b/assess_run_predictions/252a25d9c0ce796b.parquet
fit:LGBSmoothPenalty:5b7875e55e58ac62,matched_beta_core,,Surrogate,PRIMARY,0.0,,-0.1382712285432577,0.0,,True,nearest_fitted,0.0,,fold_1,descriptive,none,5209.0,5209.0,-0.08356747768548556,0.004461269269433384,0.0057797305669463625,,,-18.731771753400412,5207.0,8.075436551792261e-76,-0.09231343776516497,-0.07482151760580615,outside_pm005_but_not_pm010,-0.08356747768542126,-6.429579091360438e-14,-0.0835674776854212,6.938893903907228e-17,output/paper_v6_preselection_994/predictions/data_id=d4929d43ec19badf/split_id=3d464d4a611b131b/fold_id=0/68ad5546505ffc75.parquet
fit:LGBSmoothPenalty:5b7875e55e58ac62,matched_beta_core,,Surrogate,PRIMARY,0.0,,-0.1382712285432577,0.0,,True,nearest_fitted,0.0,,fold_2,descriptive,none,11197.0,11197.0,-0.08101261751388955,0.0032095463063864034,0.0045465593716274184,,,-25.241143071433314,11195.0,9.053234811946197e-137,-0.08730389287081457,-0.07472134215696453,outside_pm005_but_not_pm010,-0.08101261751381583,-7.37188088351104e-14,-0.0810126175138157,1.3877787807814457e-16,output/paper_v6_preselection_994/predictions/data_id=d4929d43ec19badf/split_id=3d464d4a611b131b/fold_id=1/0ddf4e1351f7857e.parquet
fit:LGBSmoothPenalty:5b7875e55e58ac62,matched_beta_core,,Surrogate,PRIMARY,0.0,,-0.1382712285432577,0.0,,True,nearest_fitted,0.0,,fold_3,descriptive,none,16798.0,16798.0,-0.07963761736694197,0.002543619319661596,0.00372733402562229,,,-31.308779875731165,16796.0,3.4797167477111705e-209,-0.08462337891073685,-0.0746518558231471,outside_pm005_but_not_pm010,-0.07963761736713629,1.9431678488501802e-13,-0.0796376173671363,-1.3877787807814457e-17,output/paper_v6_preselection_994/predictions/data_id=d4929d43ec19badf/split_id=3d464d4a611b131b/fold_id=2/4c935ab0fdbf248a.parquet
fit:LGBSmoothPenalty:5b7875e55e58ac62,matched_beta_core,,Surrogate,PRIMARY,0.0,,-0.1382712285432577,0.0,,True,nearest_fitted,0.0,,fold_4,descriptive,none,22323.0,22323.0,-0.07170692151158486,0.002502039042214222,0.0035807393437017913,,,-28.65939351934597,22321.0,1.990452471198553e-177,-0.07661109385260087,-0.06680274917056886,outside_pm005_but_not_pm010,-0.07170692151163814,5.32768273941997e-14,-0.0717069215116381,4.163336342344337e-17,output/paper_v6_preselection_994/predictions/data_id=d4929d43ec19badf/split_id=3d464d4a611b131b/fold_id=3/835dea447a3113f3.parquet
fit:LGBSmoothPenalty:5b7875e55e58ac62,matched_beta_core,,Surrogate,PRIMARY,0.0,,-0.1382712285432577,0.0,,True,nearest_fitted,0.0,,fold_5,descriptive,none,28053.0,28053.0,-0.07960390521557192,0.002089178294239928,0.003066442110250987,,,-38.1029735159741,28051.0,9.0538672629374e-310,-0.08369879611873056,-0.07550901431241329,outside_pm005_but_not_pm010,-0.0796039052150491,-5.22817900083794e-13,-0.0796039052150491,0.0,output/paper_v6_preselection_994/predictions/data_id=d4929d43ec19badf/split_id=3d464d4a611b131b/fold_id=4/58b141aef8294b64.parquet
fit:LGBSmoothPenalty:5b7875e55e58ac62,matched_beta_core,,Surrogate,PRIMARY,0.0,,-0.1382712285432577,0.0,,True,nearest_fitted,0.0,,fold_6,descriptive,none,33113.0,33113.0,-0.10569130885183076,0.0020129046113831523,0.0028380464208480755,,,-52.50686408791412,33111.0,0.0,-0.1096366736162343,-0.10174594408742721,outside_pm010,-0.10569130885259873,7.679690217088364e-13,-0.1056913088525988,-6.938893903907228e-17,output/paper_v6_preselection_994/predictions/data_id=d4929d43ec19badf/split_id=3d464d4a611b131b/fold_id=5/936d090e3385518f.parquet
fit:LGBSmoothPenalty:5b7875e55e58ac62,matched_beta_core,,Surrogate,PRIMARY,0.0,,-0.1382712285432577,0.0,,True,nearest_fitted,0.0,,fold_7,descriptive,none,34460.0,34460.0,-0.1064099731642596,0.0020173361913299434,0.002788941264681766,,,-52.74776391837201,34458.0,0.0,-0.11036401833287952,-0.10245592799563967,outside_pm010,-0.10640997316475023,4.906353101574723e-13,-0.1064099731647502,2.7755575615628914e-17,output/paper_v6_preselection_994/predictions/data_id=d4929d43ec19badf/split_id=3d464d4a611b131b/fold_id=6/15f5ac8f8783340e.parquet
fit:LGBSmoothPenalty:5b7875e55e58ac62,matched_beta_core,,Surrogate,PRIMARY,0.0,,-0.1382712285432577,0.0,,True,nearest_fitted,0.0,,pooled_oof,sensitivity,D3_row_balanced,151153.0,130165.0,-0.0850626586552723,0.0009019715605247665,0.001346607437459024,0.001393089488061862,130165.0,-94.30747307130493,151151.0,0.0,-0.08683050458527444,-0.08329481272527015,outside_pm005_but_not_pm010,-0.08744183595858873,0.0023791773033164376,,,concatenated fold_1..fold_7 (D3 row-balanced)
fit:LGBSmoothPenalty:5b7875e55e58ac62,matched_beta_core,,Surrogate,PRIMARY,0.0,,-0.1382712285432577,0.0,,True,nearest_fitted,0.0,,heldout,standards_facing,none,38290.0,38290.0,-0.08844853462143876,0.0022231797844195376,0.002856431891927831,,,-39.78469723470083,38288.0,0.0,-0.09280602467946658,-0.08409104456341093,outside_pm005_but_not_pm010,-0.08844853462167883,2.400718512873823e-13,-0.0884485346216789,-6.938893903907228e-17,output/paper_v6_preselection_994/reporting_preview/heldout/LGBSmoothPenalty/chunk_00/analysis/data_id=d4929d43ec19badf/split_id=3d464d4a611b131b/test_run_predictions/5b7875e55e58ac62.parquet
fit:LGBSmoothPenalty:5b7875e55e58ac62,matched_beta_core,,Surrogate,PRIMARY,0.0,,-0.1382712285432577,0.0,,True,nearest_fitted,0.0,,forward_2025,standards_facing,none,26641.0,26641.0,-0.10284065713713675,0.0024803994322560195,0.0031832499056674165,,,-41.461329090693745,26639.0,0.0,-0.10770237158742511,-0.09797894268684838,outside_pm005_but_not_pm010,-0.1028406571371094,-2.7353119769202294e-14,-0.102840657137109,3.885780586188048e-16,output/paper_v6_preselection_994/reporting_preview/forward_2025/LGBSmoothPenalty/chunk_00/analysis/data_id=d4929d43ec19badf/split_id=3d464d4a611b131b/assess_run_predictions/5b7875e55e58ac62.parquet
posthoc:C:b=1.0000000000000002,matched_beta_core,,C-posthoc,PRIMARY,0.0,,-0.1382712285432577,,1.0000000000000002,True,exact_posthoc_solve,1.3877787807814457e-16,,fold_1,descriptive,none,5209.0,5209.0,-0.08356747768548556,0.004461269269433384,0.0057797305669463625,,,-18.731771753400412,5207.0,8.075436551792261e-76,-0.09231343776516497,-0.07482151760580615,outside_pm005_but_not_pm010,-0.08356747768542126,-6.429579091360438e-14,,,output/p0_major_revision_validation/zero_reference_fits/cell=C/block=fold_1_train/eval_predictions.parquet
posthoc:C:b=1.0000000000000002,matched_beta_core,,C-posthoc,PRIMARY,0.0,,-0.1382712285432577,,1.0000000000000002,True,exact_posthoc_solve,1.3877787807814457e-16,,fold_2,descriptive,none,11197.0,11197.0,-0.08101261751388955,0.0032095463063864034,0.0045465593716274184,,,-25.241143071433314,11195.0,9.053234811946197e-137,-0.08730389287081457,-0.07472134215696453,outside_pm005_but_not_pm010,-0.08101261751381583,-7.37188088351104e-14,,,output/p0_major_revision_validation/zero_reference_fits/cell=C/block=fold_2_train/eval_predictions.parquet
posthoc:C:b=1.0000000000000002,matched_beta_core,,C-posthoc,PRIMARY,0.0,,-0.1382712285432577,,1.0000000000000002,True,exact_posthoc_solve,1.3877787807814457e-16,,fold_3,descriptive,none,16798.0,16798.0,-0.07963761736694197,0.002543619319661596,0.00372733402562229,,,-31.308779875731165,16796.0,3.4797167477111705e-209,-0.08462337891073685,-0.0746518558231471,outside_pm005_but_not_pm010,-0.07963761736713629,1.9431678488501802e-13,,,output/p0_major_revision_validation/zero_reference_fits/cell=C/block=fold_3_train/eval_predictions.parquet
posthoc:C:b=1.0000000000000002,matched_beta_core,,C-posthoc,PRIMARY,0.0,,-0.1382712285432577,,1.0000000000000002,True,exact_posthoc_solve,1.3877787807814457e-16,,fold_4,descriptive,none,22323.0,22323.0,-0.07170692151158486,0.002502039042214222,0.0035807393437017913,,,-28.65939351934597,22321.0,1.990452471198553e-177,-0.07661109385260087,-0.06680274917056886,outside_pm005_but_not_pm010,-0.07170692151163814,5.32768273941997e-14,,,output/p0_major_revision_validation/zero_reference_fits/cell=C/block=fold_4_train/eval_predictions.parquet
posthoc:C:b=1.0000000000000002,matched_beta_core,,C-posthoc,PRIMARY,0.0,,-0.1382712285432577,,1.0000000000000002,True,exact_posthoc_solve,1.3877787807814457e-16,,fold_5,descriptive,none,28053.0,28053.0,-0.07960390521557192,0.002089178294239928,0.003066442110250987,,,-38.1029735159741,28051.0,9.0538672629374e-310,-0.08369879611873056,-0.07550901431241329,outside_pm005_but_not_pm010,-0.0796039052150491,-5.22817900083794e-13,,,output/p0_major_revision_validation/zero_reference_fits/cell=C/block=fold_5_train/eval_predictions.parquet
posthoc:C:b=1.0000000000000002,matched_beta_core,,C-posthoc,PRIMARY,0.0,,-0.1382712285432577,,1.0000000000000002,True,exact_posthoc_solve,1.3877787807814457e-16,,fold_6,descriptive,none,33113.0,33113.0,-0.10569130885183076,0.0020129046113831523,0.0028380464208480755,,,-52.50686408791412,33111.0,0.0,-0.1096366736162343,-0.10174594408742721,outside_pm010,-0.10569130885259873,7.679690217088364e-13,,,output/p0_major_revision_validation/zero_reference_fits/cell=C/block=fold_6_train/eval_predictions.parquet
posthoc:C:b=1.0000000000000002,matched_beta_core,,C-posthoc,PRIMARY,0.0,,-0.1382712285432577,,1.0000000000000002,True,exact_posthoc_solve,1.3877787807814457e-16,,fold_7,descriptive,none,34460.0,34460.0,-0.1064099731642596,0.0020173361913299434,0.002788941264681766,,,-52.74776391837201,34458.0,0.0,-0.11036401833287952,-0.10245592799563967,outside_pm010,-0.10640997316475023,4.906353101574723e-13,,,output/p0_major_revision_validation/zero_reference_fits/cell=C/block=fold_7_train/eval_predictions.parquet
posthoc:C:b=1.0000000000000002,matched_beta_core,,C-posthoc,PRIMARY,0.0,,-0.1382712285432577,,1.0000000000000002,True,exact_posthoc_solve,1.3877787807814457e-16,,pooled_oof,sensitivity,D3_row_balanced,151153.0,130165.0,-0.0850626586552723,0.0009019715605247665,0.001346607437459024,0.001393089488061862,130165.0,-94.30747307130493,151151.0,0.0,-0.08683050458527444,-0.08329481272527015,outside_pm005_but_not_pm010,-0.08744183595858873,0.0023791773033164376,,,concatenated fold_1..fold_7 (D3 row-balanced)
posthoc:C:b=1.0000000000000002,matched_beta_core,,C-posthoc,PRIMARY,0.0,,-0.1382712285432577,,1.0000000000000002,True,exact_posthoc_solve,1.3877787807814457e-16,,heldout,standards_facing,none,38290.0,38290.0,-0.08844853462143876,0.0022231797844195376,0.002856431891927831,,,-39.78469723470083,38288.0,0.0,-0.09280602467946658,-0.08409104456341093,outside_pm005_but_not_pm010,-0.08844853462167883,2.400718512873823e-13,,,output/p0_major_revision_validation/zero_reference_fits/cell=C/block=development_pool/eval_predictions.parquet
posthoc:C:b=1.0000000000000002,matched_beta_core,,C-posthoc,PRIMARY,0.0,,-0.1382712285432577,,1.0000000000000002,True,exact_posthoc_solve,1.3877787807814457e-16,,forward_2025,standards_facing,none,26641.0,26641.0,-0.10284065713713675,0.0024803994322560195,0.0031832499056674165,,,-41.461329090693745,26639.0,0.0,-0.10770237158742511,-0.09797894268684838,outside_pm005_but_not_pm010,-0.1028406571371094,-2.7353119769202294e-14,,,output/p0_major_revision_validation/zero_reference_fits/cell=C/block=production_2016_2024/eval_predictions.parquet
posthoc:A:b=0.9999219431164414,matched_beta_core,,A-posthoc,SECONDARY,0.0,,-0.1382712285432577,,0.9999219431164414,True,exact_posthoc_solve,2.7755575615628914e-17,,fold_1,descriptive,none,5209.0,5209.0,-0.08497863453062049,0.0044705251471004286,0.005796254136444189,,,-19.00864702343469,5207.0,5.989995635838912e-78,-0.0937427400150467,-0.07621452904619427,outside_pm005_but_not_pm010,-0.08497863453065459,3.409772464380012e-14,,,output/p0_major_revision_validation/zero_reference_fits/cell=A/block=fold_1_train/eval_predictions.parquet
posthoc:A:b=0.9999219431164414,matched_beta_core,,A-posthoc,SECONDARY,0.0,,-0.1382712285432577,,0.9999219431164414,True,exact_posthoc_solve,2.7755575615628914e-17,,fold_2,descriptive,none,11197.0,11197.0,-0.07767161321132121,0.0031391970112349,0.004455014244434765,,,-24.742509926373398,11195.0,1.2332045550109776e-131,-0.08382499157449262,-0.0715182348481498,outside_pm005_but_not_pm010,-0.07767161321154631,2.250977182427505e-13,,,output/p0_major_revision_validation/zero_reference_fits/cell=A/block=fold_2_train/eval_predictions.parquet
posthoc:A:b=0.9999219431164414,matched_beta_core,,A-posthoc,SECONDARY,0.0,,-0.1382712285432577,,0.9999219431164414,True,exact_posthoc_solve,2.7755575615628914e-17,,fold_3,descriptive,none,16798.0,16798.0,-0.07841751130127239,0.0025173485611448237,0.0036780138005648748,,,-31.150835649716374,16796.0,3.70030039265023e-207,-0.0833517793937765,-0.07348324320876828,outside_pm005_but_not_pm010,-0.07841751130147705,2.046557368018398e-13,,,output/p0_major_revision_validation/zero_reference_fits/cell=A/block=fold_3_train/eval_predictions.parquet
posthoc:A:b=0.9999219431164414,matched_beta_core,,A-posthoc,SECONDARY,0.0,,-0.1382712285432577,,0.9999219431164414,True,exact_posthoc_solve,2.7755575615628914e-17,,fold_4,descriptive,none,22323.0,22323.0,-0.07099457972538481,0.0024735159926152226,0.003575661432056591,,,-28.701888298819117,22321.0,6.135321606027929e-178,-0.07584284488487217,-0.06614631456589745,outside_pm005_but_not_pm010,-0.07099457972513633,-2.4848179069891785e-13,,,output/p0_major_revision_validation/zero_reference_fits/cell=A/block=fold_4_train/eval_predictions.parquet
posthoc:A:b=0.9999219431164414,matched_beta_core,,A-posthoc,SECONDARY,0.0,,-0.1382712285432577,,0.9999219431164414,True,exact_posthoc_solve,2.7755575615628914e-17,,fold_5,descriptive,none,28053.0,28053.0,-0.082116892737369,0.002091856750978662,0.003082583962689248,,,-39.25550480402213,28051.0,0.0,-0.08621703354579621,-0.07801675192894178,outside_pm005_but_not_pm010,-0.08211689273775959,3.905903378509379e-13,,,output/p0_major_revision_validation/zero_reference_fits/cell=A/block=fold_5_train/eval_predictions.parquet
posthoc:A:b=0.9999219431164414,matched_beta_core,,A-posthoc,SECONDARY,0.0,,-0.1382712285432577,,0.9999219431164414,True,exact_posthoc_solve,2.7755575615628914e-17,,fold_6,descriptive,none,33113.0,33113.0,-0.1059007466924542,0.0020114202141531153,0.0028464458845539145,,,-52.64973770637105,33111.0,0.0,-0.10984320198539316,-0.10195829139951523,outside_pm010,-0.10590074669307045,6.162570453938088e-13,,,output/p0_major_revision_validation/zero_reference_fits/cell=A/block=fold_6_train/eval_predictions.parquet
posthoc:A:b=0.9999219431164414,matched_beta_core,,A-posthoc,SECONDARY,0.0,,-0.1382712285432577,,0.9999219431164414,True,exact_posthoc_solve,2.7755575615628914e-17,,fold_7,descriptive,none,34460.0,34460.0,-0.10762087962874078,0.002022286514029868,0.0028064165166829876,,,-53.217424376866155,34458.0,0.0,-0.11158462759238262,-0.10365713166509895,outside_pm010,-0.10762087962833337,-4.07410216674009e-13,,,output/p0_major_revision_validation/zero_reference_fits/cell=A/block=fold_7_train/eval_predictions.parquet
posthoc:A:b=0.9999219431164414,matched_beta_core,,A-posthoc,SECONDARY,0.0,,-0.1382712285432577,,0.9999219431164414,True,exact_posthoc_solve,2.7755575615628914e-17,,pooled_oof,sensitivity,D3_row_balanced,151153.0,130165.0,-0.08523283577213014,0.0008976072295525001,0.0013417387202089657,0.0013887849624230062,130165.0,-94.95560303655617,151151.0,0.0,-0.08699212770211258,-0.08347354384214771,outside_pm005_but_not_pm010,-0.08769080651169611,0.002457970739565968,,,concatenated fold_1..fold_7 (D3 row-balanced)
posthoc:A:b=0.9999219431164414,matched_beta_core,,A-posthoc,SECONDARY,0.0,,-0.1382712285432577,,0.9999219431164414,True,exact_posthoc_solve,2.7755575615628914e-17,,heldout,standards_facing,none,38290.0,38290.0,-0.09082352790214143,0.0022370829335389307,0.0028673083247925633,,,-40.59908845599393,38288.0,0.0,-0.0952082684931615,-0.08643878731112137,outside_pm005_but_not_pm010,-0.09082352790183298,-3.084477118164841e-13,,,output/p0_major_revision_validation/zero_reference_fits/cell=A/block=development_pool/eval_predictions.parquet
posthoc:A:b=0.9999219431164414,matched_beta_core,,A-posthoc,SECONDARY,0.0,,-0.1382712285432577,,0.9999219431164414,True,exact_posthoc_solve,2.7755575615628914e-17,,forward_2025,standards_facing,none,26641.0,26641.0,-0.10610859819500718,0.0024908434244099555,0.003190170657365667,,,-42.59946536789752,26639.0,0.0,-0.11099078342387789,-0.10122641296613646,outside_pm010,-0.10610859819511523,1.0805245587164336e-13,,,output/p0_major_revision_validation/zero_reference_fits/cell=A/block=production_2016_2024/eval_predictions.parquet
fit:LGBCovPenalty:2c281c6754e7623b,matched_beta_core,,Direct,PRIMARY,1.0,,-0.1264903880813394,0.7196856730011519,,True,exact_anchor,0.0,,fold_1,descriptive,none,5209.0,5209.0,-0.07425771123327574,0.004401669118735776,0.0056756531918339065,,,-16.870352866188096,5207.0,3.2561741911905267e-62,-0.08288683000451506,-0.06562859246203641,outside_pm005_but_not_pm010,-0.07425771123327334,-2.400857290751901e-15,-0.0742577112332731,2.3592239273284576e-16,output/paper_v6_preselection_994/predictions/data_id=d4929d43ec19badf/split_id=3d464d4a611b131b/fold_id=0/8734d0e22469beaa.parquet
fit:LGBCovPenalty:2c281c6754e7623b,matched_beta_core,,Direct,PRIMARY,1.0,,-0.1264903880813394,0.7196856730011519,,True,exact_anchor,0.0,,fold_2,descriptive,none,11197.0,11197.0,-0.06534480390784947,0.003138622238191471,0.004378963336079724,,,-20.819582271711134,11195.0,1.7523075342550772e-94,-0.07149705561474651,-0.059192552200952424,outside_pm005_but_not_pm010,-0.0653448039078525,3.0253577421035516e-15,-0.0653448039078525,0.0,output/paper_v6_preselection_994/predictions/data_id=d4929d43ec19badf/split_id=3d464d4a611b131b/fold_id=1/742cac9a01703bf9.parquet
fit:LGBCovPenalty:2c281c6754e7623b,matched_beta_core,,Direct,PRIMARY,1.0,,-0.1264903880813394,0.7196856730011519,,True,exact_anchor,0.0,,fold_3,descriptive,none,16798.0,16798.0,-0.06778140775176345,0.002508525663130985,0.003638168455896858,,,-27.02041631384505,16796.0,1.941429082366886e-157,-0.07269838203568456,-0.06286443346784233,outside_pm005_but_not_pm010,-0.06778140775153485,-2.2859492077031973e-13,-0.0677814077515348,5.551115123125783e-17,output/paper_v6_preselection_994/predictions/data_id=d4929d43ec19badf/split_id=3d464d4a611b131b/fold_id=2/4050b3cc0ecd1c07.parquet
fit:LGBCovPenalty:2c281c6754e7623b,matched_beta_core,,Direct,PRIMARY,1.0,,-0.1264903880813394,0.7196856730011519,,True,exact_anchor,0.0,,fold_4,descriptive,none,22323.0,22323.0,-0.058761056534793576,0.0024558602136315302,0.0035048445203019595,,,-23.92687344688174,22321.0,6.018956838046088e-125,-0.06357471512680136,-0.05394739794278579,outside_pm005_but_not_pm010,-0.058761056534494545,-2.99031632788882e-13,-0.0587610565344943,2.42861286636753e-16,output/paper_v6_preselection_994/predictions/data_id=d4929d43ec19badf/split_id=3d464d4a611b131b/fold_id=3/068ea5fc0bfb799b.parquet
fit:LGBCovPenalty:2c281c6754e7623b,matched_beta_core,,Direct,PRIMARY,1.0,,-0.1264903880813394,0.7196856730011519,,True,exact_anchor,0.0,,fold_5,descriptive,none,28053.0,28053.0,-0.06885551479954433,0.0020712331351709066,0.003034502087923173,,,-33.24372984881914,28051.0,1.0366341474903679e-237,-0.07291523231954554,-0.06479579727954311,outside_pm005_but_not_pm010,-0.06885551479955522,1.0894063429134349e-14,-0.068855514799555,2.220446049250313e-16,output/paper_v6_preselection_994/predictions/data_id=d4929d43ec19badf/split_id=3d464d4a611b131b/fold_id=4/7682a049f19a7db4.parquet
fit:LGBCovPenalty:2c281c6754e7623b,matched_beta_core,,Direct,PRIMARY,1.0,,-0.1264903880813394,0.7196856730011519,,True,exact_anchor,0.0,,fold_6,descriptive,none,33113.0,33113.0,-0.09623184575047117,0.001996766724279585,0.002806255747306271,,,-48.193834853287996,33111.0,0.0,-0.1001455796811083,-0.09231811181983404,outside_pm005_but_not_pm010,-0.09623184575045979,-1.1379786002407855e-14,-0.0962318457504602,-4.163336342344337e-16,output/paper_v6_preselection_994/predictions/data_id=d4929d43ec19badf/split_id=3d464d4a611b131b/fold_id=5/caa1e75a575ce7c0.parquet
fit:LGBCovPenalty:2c281c6754e7623b,matched_beta_core,,Direct,PRIMARY,1.0,,-0.1264903880813394,0.7196856730011519,,True,exact_anchor,0.0,,fold_7,descriptive,none,34460.0,34460.0,-0.09767396132847206,0.002010953498353647,0.0027830305292159577,,,-48.57096964620863,34458.0,0.0,-0.10161549620930051,-0.09373242644764361,outside_pm005_but_not_pm010,-0.09767396132894693,4.748701432077951e-13,-0.0976739613289468,1.249000902703301e-16,output/paper_v6_preselection_994/predictions/data_id=d4929d43ec19badf/split_id=3d464d4a611b131b/fold_id=6/cf6ab17b21390ca9.parquet
fit:LGBCovPenalty:2c281c6754e7623b,matched_beta_core,,Direct,PRIMARY,1.0,,-0.1264903880813394,0.7196856730011519,,True,exact_anchor,0.0,,pooled_oof,sensitivity,D3_row_balanced,151153.0,130165.0,-0.07386895163459528,0.000891443734160046,0.001320453411116535,0.0013672284319145881,130165.0,-82.864401648633,151151.0,0.0,-0.07561616323885459,-0.07212174003033597,outside_pm005_but_not_pm010,-0.07653759390934552,0.0026686422747502353,,,concatenated fold_1..fold_7 (D3 row-balanced)
fit:LGBCovPenalty:2c281c6754e7623b,matched_beta_core,,Direct,PRIMARY,1.0,,-0.1264903880813394,0.7196856730011519,,True,exact_anchor,0.0,,heldout,standards_facing,none,38290.0,38290.0,-0.07779473514691815,0.002222855472572897,0.0028262013749120133,,,-34.99765779053227,38288.0,3.632488407888041e-264,-0.08215158954531225,-0.07343788074852405,outside_pm005_but_not_pm010,-0.0777947351463415,-5.766498389903063e-13,-0.0777947351463418,-3.0531133177191805e-16,output/paper_v6_preselection_994/reporting_preview/heldout/LGBCovPenalty/chunk_02/analysis/data_id=d4929d43ec19badf/split_id=3d464d4a611b131b/test_run_predictions/2c281c6754e7623b.parquet
fit:LGBCovPenalty:2c281c6754e7623b,matched_beta_core,,Direct,PRIMARY,1.0,,-0.1264903880813394,0.7196856730011519,,True,exact_anchor,0.0,,forward_2025,standards_facing,none,26641.0,26641.0,-0.09129944732928164,0.0024609256955442265,0.0031214674553603733,,,-37.099635919357176,26639.0,8.522457436788216e-294,-0.09612299222270684,-0.08647590243585643,outside_pm005_but_not_pm010,-0.0912994473293169,3.5263458819656535e-14,-0.0912994473293166,3.0531133177191805e-16,output/paper_v6_preselection_994/reporting_preview/forward_2025/LGBCovPenalty/chunk_02/analysis/data_id=d4929d43ec19badf/split_id=3d464d4a611b131b/assess_run_predictions/2c281c6754e7623b.parquet
fit:LGBSmoothPenalty:17a81001ec5284a3,matched_beta_core,,Surrogate,PRIMARY,1.0,,-0.1264903880813394,0.1325711365590109,,True,nearest_fitted,0.0005563153547405997,,fold_1,descriptive,none,5209.0,5209.0,-0.074370812574994,0.00433265683029175,0.005479186733862562,,,-17.165174969554666,5207.0,2.763725007614382e-64,-0.08286463829771142,-0.0658769868522766,outside_pm005_but_not_pm010,-0.07437081257506128,6.727951529228449e-14,-0.0743708125750613,-1.3877787807814457e-17,output/paper_v6_preselection_994/predictions/data_id=d4929d43ec19badf/split_id=3d464d4a611b131b/fold_id=0/11568738f1e24d1b.parquet
fit:LGBSmoothPenalty:17a81001ec5284a3,matched_beta_core,,Surrogate,PRIMARY,1.0,,-0.1264903880813394,0.1325711365590109,,True,nearest_fitted,0.0005563153547405997,,fold_2,descriptive,none,11197.0,11197.0,-0.0674277482383211,0.0030689542464396027,0.004290308803762569,,,-21.970920001999474,11195.0,8.784915046696024e-105,-0.07344343842597698,-0.061412058050665214,outside_pm005_but_not_pm010,-0.06742774823825379,-6.730727086790012e-14,-0.0674277482382538,-1.3877787807814457e-17,output/paper_v6_preselection_994/predictions/data_id=d4929d43ec19badf/split_id=3d464d4a611b131b/fold_id=1/e2dec2e58ceb7a42.parquet
fit:LGBSmoothPenalty:17a81001ec5284a3,matched_beta_core,,Surrogate,PRIMARY,1.0,,-0.1264903880813394,0.1325711365590109,,True,nearest_fitted,0.0005563153547405997,,fold_3,descriptive,none,16798.0,16798.0,-0.06842658212870067,0.0024839357810193096,0.00361429496204681,,,-27.547645414818692,16796.0,1.9859507389691094e-163,-0.0732953576559717,-0.06355780660142965,outside_pm005_but_not_pm010,-0.0684265821287017,1.0269562977782698e-15,-0.0684265821287019,-1.942890293094024e-16,output/paper_v6_preselection_994/predictions/data_id=d4929d43ec19badf/split_id=3d464d4a611b131b/fold_id=2/0a851574a8a7523d.parquet
fit:LGBSmoothPenalty:17a81001ec5284a3,matched_beta_core,,Surrogate,PRIMARY,1.0,,-0.1264903880813394,0.1325711365590109,,True,nearest_fitted,0.0005563153547405997,,fold_4,descriptive,none,22323.0,22323.0,-0.05798641571220542,0.00244774270813083,0.003447200896853239,,,-23.68975118160421,22321.0,1.4955584743729617e-122,-0.06278416342301474,-0.05318866800139609,outside_pm005_but_not_pm010,-0.05798641571215631,-4.9106552157951455e-14,-0.0579864157121563,1.3877787807814457e-17,output/paper_v6_preselection_994/predictions/data_id=d4929d43ec19badf/split_id=3d464d4a611b131b/fold_id=3/50f9e81e7ac04931.parquet
fit:LGBSmoothPenalty:17a81001ec5284a3,matched_beta_core,,Surrogate,PRIMARY,1.0,,-0.1264903880813394,0.1325711365590109,,True,nearest_fitted,0.0005563153547405997,,fold_5,descriptive,none,28053.0,28053.0,-0.07128319738347866,0.0020721079841167886,0.003007604234794328,,,-34.401294686320256,28051.0,4.617535414301281e-254,-0.07534462964989476,-0.06722176511706256,outside_pm005_but_not_pm010,-0.07128319738334175,-1.3690437672408962e-13,-0.0712831973833416,1.5265566588595902e-16,output/paper_v6_preselection_994/predictions/data_id=d4929d43ec19badf/split_id=3d464d4a611b131b/fold_id=4/97f7d0e3ae9ea452.parquet
fit:LGBSmoothPenalty:17a81001ec5284a3,matched_beta_core,,Surrogate,PRIMARY,1.0,,-0.1264903880813394,0.1325711365590109,,True,nearest_fitted,0.0005563153547405997,,fold_6,descriptive,none,33113.0,33113.0,-0.09763368547323026,0.0020063269234028556,0.002862290118592703,,,-48.66289951771042,33111.0,0.0,-0.10156615773480882,-0.0937012132116517,outside_pm005_but_not_pm010,-0.09763368547363795,4.076877724301653e-13,-0.0976336854736379,4.163336342344337e-17,output/paper_v6_preselection_994/predictions/data_id=d4929d43ec19badf/split_id=3d464d4a611b131b/fold_id=5/9e5a7220dc093dd5.parquet
fit:LGBSmoothPenalty:17a81001ec5284a3,matched_beta_core,,Surrogate,PRIMARY,1.0,,-0.1264903880813394,0.1325711365590109,,True,nearest_fitted,0.0005563153547405997,,fold_7,descriptive,none,34460.0,34460.0,-0.09306928821526994,0.0019877172020191358,0.0027343221405821848,,,-46.82219790658831,34458.0,0.0,-0.0969652791923837,-0.08917329723815619,outside_pm005_but_not_pm010,-0.0930692882148824,-3.875372245332187e-13,-0.0930692882148825,-9.71445146547012e-17,output/paper_v6_preselection_994/predictions/data_id=d4929d43ec19badf/split_id=3d464d4a611b131b/fold_id=6/b6362e0ebfa0fc42.parquet
fit:LGBSmoothPenalty:17a81001ec5284a3,matched_beta_core,,Surrogate,PRIMARY,1.0,,-0.1264903880813394,0.1325711365590109,,True,nearest_fitted,0.0005563153547405997,,pooled_oof,sensitivity,D3_row_balanced,151153.0,130165.0,-0.07399153480784437,0.0008860124965133592,0.001304493600375948,0.0013527952990223823,130165.0,-83.51071243240499,151151.0,0.0,-0.07572810129668232,-0.07225496831900642,outside_pm005_but_not_pm010,-0.07642411496518506,0.0024325801573406858,,,concatenated fold_1..fold_7 (D3 row-balanced)
fit:LGBSmoothPenalty:17a81001ec5284a3,matched_beta_core,,Surrogate,PRIMARY,1.0,,-0.1264903880813394,0.1325711365590109,,True,nearest_fitted,0.0005563153547405997,,heldout,standards_facing,none,38290.0,38290.0,-0.07830602656833219,0.0021981739004449073,0.0027865503584234793,,,-35.623217322561764,38288.0,1.829326216954044e-273,-0.0826145044449902,-0.07399754869167417,outside_pm005_but_not_pm010,-0.07830602656807387,-2.583211422546583e-13,-0.0783060265680737,1.6653345369377348e-16,output/paper_v6_preselection_994/reporting_preview/heldout/LGBSmoothPenalty/chunk_00/analysis/data_id=d4929d43ec19badf/split_id=3d464d4a611b131b/test_run_predictions/17a81001ec5284a3.parquet
fit:LGBSmoothPenalty:17a81001ec5284a3,matched_beta_core,,Surrogate,PRIMARY,1.0,,-0.1264903880813394,0.1325711365590109,,True,nearest_fitted,0.0005563153547405997,,forward_2025,standards_facing,none,26641.0,26641.0,-0.09538769548627868,0.0024467434287076986,0.00307364142017543,,,-38.985573381782736,26639.0,0.0,-0.10018344238446154,-0.09059194858809581,outside_pm005_but_not_pm010,-0.09538769548628356,4.884981308350689e-15,-0.0953876954862837,-1.3877787807814457e-16,output/paper_v6_preselection_994/reporting_preview/forward_2025/LGBSmoothPenalty/chunk_00/analysis/data_id=d4929d43ec19badf/split_id=3d464d4a611b131b/assess_run_predictions/17a81001ec5284a3.parquet
posthoc:C:b=1.0136711699227623,matched_beta_core,,C-posthoc,PRIMARY,1.0,,-0.1264903880813394,,1.0136711699227623,True,exact_posthoc_solve,1.1102230246251565e-16,,fold_1,descriptive,none,5209.0,5209.0,-0.0719686863642286,0.004401058137529228,0.005663402938149894,,,-16.35258706321751,5207.0,1.1823394751470964e-58,-0.08059660735588565,-0.06334076537257154,outside_pm005_but_not_pm010,-0.07196868636417741,-5.1181281435219717e-14,,,output/p0_major_revision_validation/zero_reference_fits/cell=C/block=fold_1_train/eval_predictions.parquet
posthoc:C:b=1.0136711699227623,matched_beta_core,,C-posthoc,PRIMARY,1.0,,-0.1264903880813394,,1.0136711699227623,True,exact_posthoc_solve,1.1102230246251565e-16,,fold_2,descriptive,none,11197.0,11197.0,-0.06965655018493055,0.0031683093590409057,0.004456417107176603,,,-21.98540050584474,11195.0,6.47090715289231e-105,-0.07586699387100125,-0.06344610649885986,outside_pm005_but_not_pm010,-0.06965655018493427,3.7192471324942744e-15,,,output/p0_major_revision_validation/zero_reference_fits/cell=C/block=fold_2_train/eval_predictions.parquet
posthoc:C:b=1.0136711699227623,matched_beta_core,,C-posthoc,PRIMARY,1.0,,-0.1264903880813394,,1.0136711699227623,True,exact_posthoc_solve,1.1102230246251565e-16,,fold_3,descriptive,none,16798.0,16798.0,-0.06838909728630682,0.002515026901481794,0.003660230264856631,,,-27.19219315149814,16796.0,2.228791375866859e-159,-0.073318814681552,-0.06345937989106164,outside_pm005_but_not_pm010,-0.06838909728594063,-3.6619318688480007e-13,,,output/p0_major_revision_validation/zero_reference_fits/cell=C/block=fold_3_train/eval_predictions.parquet
posthoc:C:b=1.0136711699227623,matched_beta_core,,C-posthoc,PRIMARY,1.0,,-0.1264903880813394,,1.0136711699227623,True,exact_posthoc_solve,1.1102230246251565e-16,,fold_4,descriptive,none,22323.0,22323.0,-0.06063639203338356,0.002478815168542873,0.00352157338723408,,,-24.461844837357347,22321.0,1.9618306219339857e-130,-0.06549504395006218,-0.05577774011670492,outside_pm005_but_not_pm010,-0.06063639203315543,-2.2813001487875795e-13,,,output/p0_major_revision_validation/zero_reference_fits/cell=C/block=fold_4_train/eval_predictions.parquet
posthoc:C:b=1.0136711699227623,matched_beta_core,,C-posthoc,PRIMARY,1.0,,-0.1264903880813394,,1.0136711699227623,True,exact_posthoc_solve,1.1102230246251565e-16,,fold_5,descriptive,none,28053.0,28053.0,-0.06857641459429631,0.0020682827801247997,0.0030189652790823295,,,-33.156208258020904,28051.0,1.701957746338449e-236,-0.07263034927514363,-0.06452247991344899,outside_pm005_but_not_pm010,-0.068576414594235,-6.131206653492427e-14,,,output/p0_major_revision_validation/zero_reference_fits/cell=C/block=fold_5_train/eval_predictions.parquet
posthoc:C:b=1.0136711699227623,matched_beta_core,,C-posthoc,PRIMARY,1.0,,-0.1264903880813394,,1.0136711699227623,True,exact_posthoc_solve,1.1102230246251565e-16,,fold_6,descriptive,none,33113.0,33113.0,-0.0943984815516774,0.0019942959007311373,0.0027994963607308374,,,-47.334240378807166,33111.0,0.0,-0.09830737258011639,-0.09048959052323842,outside_pm005_but_not_pm010,-0.09439848155177732,9.992007221626409e-14,,,output/p0_major_revision_validation/zero_reference_fits/cell=C/block=fold_6_train/eval_predictions.parquet
posthoc:C:b=1.0136711699227623,matched_beta_core,,C-posthoc,PRIMARY,1.0,,-0.1264903880813394,,1.0136711699227623,True,exact_posthoc_solve,1.1102230246251565e-16,,fold_7,descriptive,none,34460.0,34460.0,-0.0950119703474821,0.0019991431428699807,0.0027528202841795033,,,-47.52634681830857,34458.0,0.0,-0.09893035654380244,-0.09109358415116176,outside_pm005_but_not_pm010,-0.09501197034745905,-2.3051005548779813e-14,,,output/p0_major_revision_validation/zero_reference_fits/cell=C/block=fold_7_train/eval_predictions.parquet
posthoc:C:b=1.0136711699227623,matched_beta_core,,C-posthoc,PRIMARY,1.0,,-0.1264903880813394,,1.0136711699227623,True,exact_posthoc_solve,1.1102230246251565e-16,,pooled_oof,sensitivity,D3_row_balanced,151153.0,130165.0,-0.07401067303663755,0.000892629058973818,0.0013236451983227638,0.0013698350976674369,130165.0,-82.9131342886389,151151.0,0.0,-0.07576020785344531,-0.0722611382198298,outside_pm005_but_not_pm010,-0.0763707099326639,0.0023600368960263463,,,concatenated fold_1..fold_7 (D3 row-balanced)
posthoc:C:b=1.0136711699227623,matched_beta_core,,C-posthoc,PRIMARY,1.0,,-0.1264903880813394,,1.0136711699227623,True,exact_posthoc_solve,1.1102230246251565e-16,,heldout,standards_facing,none,38290.0,38290.0,-0.07728970613419794,0.0022083771375851916,0.0028199392299021325,,,-34.99841798702572,38288.0,3.5399629810191076e-264,-0.08161818262037467,-0.07296122964802122,outside_pm005_but_not_pm010,-0.07728970613428182,8.387734951043058e-14,,,output/p0_major_revision_validation/zero_reference_fits/cell=C/block=development_pool/eval_predictions.parquet
posthoc:C:b=1.0136711699227623,matched_beta_core,,C-posthoc,PRIMARY,1.0,,-0.1264903880813394,,1.0136711699227623,True,exact_posthoc_solve,1.1102230246251565e-16,,forward_2025,standards_facing,none,26641.0,26641.0,-0.09166128970534948,0.0024621913280976635,0.0031399293816318937,,,-37.227525196495904,26639.0,9.263253836414643e-296,-0.09648731530570995,-0.08683526410498901,outside_pm005_but_not_pm010,-0.09166128970490905,-4.404254738687996e-13,,,output/p0_major_revision_validation/zero_reference_fits/cell=C/block=production_2016_2024/eval_predictions.parquet
posthoc:A:b=1.013592045910285,matched_beta_core,,A-posthoc,SECONDARY,1.0,,-0.1264903880813394,,1.013592045910285,True,exact_posthoc_solve,0.0,,fold_1,descriptive,none,5209.0,5209.0,-0.07339949209240437,0.004414833925676113,0.005684059522727143,,,-16.62565191082778,5207.0,1.6126891425929192e-60,-0.08205441941027095,-0.0647445647745378,outside_pm005_but_not_pm010,-0.07339949209231636,-8.801293027715928e-14,,,output/p0_major_revision_validation/zero_reference_fits/cell=A/block=fold_1_train/eval_predictions.parquet
posthoc:A:b=1.013592045910285,matched_beta_core,,A-posthoc,SECONDARY,1.0,,-0.1264903880813394,,1.013592045910285,True,exact_posthoc_solve,0.0,,fold_2,descriptive,none,11197.0,11197.0,-0.06634741535891497,0.0030984523856881097,0.004366529191144731,,,-21.413082113308132,11195.0,9.945671040220795e-100,-0.07242092708856263,-0.060273903629267316,outside_pm005_but_not_pm010,-0.06634741535899082,7.5842110369706e-14,,,output/p0_major_revision_validation/zero_reference_fits/cell=A/block=fold_2_train/eval_predictions.parquet
posthoc:A:b=1.013592045910285,matched_beta_core,,A-posthoc,SECONDARY,1.0,,-0.1264903880813394,,1.013592045910285,True,exact_posthoc_solve,0.0,,fold_3,descriptive,none,16798.0,16798.0,-0.06720684962546342,0.0024894805679256888,0.003612723054914584,,,-26.996334292121915,16796.0,3.6241537255608446e-157,-0.07208649351857546,-0.06232720573235138,outside_pm005_but_not_pm010,-0.06720684962591332,4.4990400294153687e-13,,,output/p0_major_revision_validation/zero_reference_fits/cell=A/block=fold_3_train/eval_predictions.parquet
posthoc:A:b=1.013592045910285,matched_beta_core,,A-posthoc,SECONDARY,1.0,,-0.1264903880813394,,1.013592045910285,True,exact_posthoc_solve,0.0,,fold_4,descriptive,none,22323.0,22323.0,-0.059972318961279525,0.0024498982528777685,0.003516322735097731,,,-24.479514155672852,22321.0,1.2867164357506e-130,-0.06477429169126298,-0.055170346231296075,outside_pm005_but_not_pm010,-0.05997231896098405,-2.954719802161776e-13,,,output/p0_major_revision_validation/zero_reference_fits/cell=A/block=fold_4_train/eval_predictions.parquet
posthoc:A:b=1.013592045910285,matched_beta_core,,A-posthoc,SECONDARY,1.0,,-0.1264903880813394,,1.013592045910285,True,exact_posthoc_solve,0.0,,fold_5,descriptive,none,28053.0,28053.0,-0.07106275619341285,0.002070668722982788,0.0030344176269567614,,,-34.318747081400495,28051.0,7.03825439611726e-253,-0.07512136743811858,-0.06700414494870711,outside_pm005_but_not_pm010,-0.07106275619293154,-4.81309436750621e-13,,,output/p0_major_revision_validation/zero_reference_fits/cell=A/block=fold_5_train/eval_predictions.parquet
posthoc:A:b=1.013592045910285,matched_beta_core,,A-posthoc,SECONDARY,1.0,,-0.1264903880813394,,1.013592045910285,True,exact_posthoc_solve,0.0,,fold_6,descriptive,none,33113.0,33113.0,-0.09459289756098799,0.001992867977355435,0.0028089174058388558,,,-47.46571204707406,33111.0,0.0,-0.09849898980872922,-0.09068680531324676,outside_pm005_but_not_pm010,-0.09459289756139479,4.0679959401046517e-13,,,output/p0_major_revision_validation/zero_reference_fits/cell=A/block=fold_6_train/eval_predictions.parquet
posthoc:A:b=1.013592045910285,matched_beta_core,,A-posthoc,SECONDARY,1.0,,-0.1264903880813394,,1.013592045910285,True,exact_posthoc_solve,0.0,,fold_7,descriptive,none,34460.0,34460.0,-0.09620676714364906,0.0020033704390614243,0.002768796181811309,,,-48.02245519242151,34458.0,0.0,-0.10013343897929614,-0.09228009530800199,outside_pm005_but_not_pm010,-0.09620676714482808,1.1790152187884928e-12,,,output/p0_major_revision_validation/zero_reference_fits/cell=A/block=fold_7_train/eval_predictions.parquet
posthoc:A:b=1.013592045910285,matched_beta_core,,A-posthoc,SECONDARY,1.0,,-0.1264903880813394,,1.013592045910285,True,exact_posthoc_solve,0.0,,pooled_oof,sensitivity,D3_row_balanced,151153.0,130165.0,-0.07419227985210586,0.0008883720756032019,0.0013190488343965724,0.0013658148034762238,130165.0,-83.51487162823024,151151.0,0.0,-0.07593347106801178,-0.07245108863619994,outside_pm005_but_not_pm010,-0.07663128271099298,0.0024390028588871238,,,concatenated fold_1..fold_7 (D3 row-balanced)
posthoc:A:b=1.013592045910285,matched_beta_core,,A-posthoc,SECONDARY,1.0,,-0.1264903880813394,,1.013592045910285,True,exact_posthoc_solve,0.0,,heldout,standards_facing,none,38290.0,38290.0,-0.0796182768337792,0.002221855972882485,0.0028304020792023757,,,-35.83413047718294,38288.0,1.2379905423399605e-276,-0.08397317218684801,-0.07526338148071039,outside_pm005_but_not_pm010,-0.07961827683311859,-6.606104552275838e-13,,,output/p0_major_revision_validation/zero_reference_fits/cell=A/block=development_pool/eval_predictions.parquet
posthoc:A:b=1.013592045910285,matched_beta_core,,A-posthoc,SECONDARY,1.0,,-0.1264903880813394,,1.013592045910285,True,exact_posthoc_solve,0.0,,forward_2025,standards_facing,none,26641.0,26641.0,-0.09489253294007449,0.0024714646674866446,0.003143945098073421,,,-38.39526180100136,26639.0,0.0,-0.0997367347775053,-0.09004833110264368,outside_pm005_but_not_pm010,-0.09489253294025606,1.8156309788963654e-13,,,output/p0_major_revision_validation/zero_reference_fits/cell=A/block=production_2016_2024/eval_predictions.parquet
fit:LGBCovPenalty:66c49831fa352361,matched_beta_core,,Direct,PRIMARY,2.0,,-0.1147325732441951,1.6768329368110082,,True,exact_anchor,0.0,,fold_1,descriptive,none,5209.0,5209.0,-0.065729980072326,0.004359860738289906,0.005541365793896976,,,-15.076165046984427,5207.0,2.6442993461281767e-50,-0.07427713687169311,-0.05718282327295888,outside_pm005_but_not_pm010,-0.06572998007224283,-8.316958233223204e-14,-0.0657299800722428,2.7755575615628914e-17,output/paper_v6_preselection_994/predictions/data_id=d4929d43ec19badf/split_id=3d464d4a611b131b/fold_id=0/fe2789574ff11f7a.parquet
fit:LGBCovPenalty:66c49831fa352361,matched_beta_core,,Direct,PRIMARY,2.0,,-0.1147325732441951,1.6768329368110082,,True,exact_anchor,0.0,,fold_2,descriptive,none,11197.0,11197.0,-0.05423919289837986,0.0030487770026087794,0.004267781873061688,,,-17.79047560774974,11195.0,7.633040823680391e-70,-0.0602153321387162,-0.04826305365804352,overlaps_pm005,-0.05423919289832531,-5.455358387251863e-14,-0.0542391928983252,1.1102230246251565e-16,output/paper_v6_preselection_994/predictions/data_id=d4929d43ec19badf/split_id=3d464d4a611b131b/fold_id=1/1b7d8f3442319495.parquet
fit:LGBCovPenalty:66c49831fa352361,matched_beta_core,,Direct,PRIMARY,2.0,,-0.1147325732441951,1.6768329368110082,,True,exact_anchor,0.0,,fold_3,descriptive,none,16798.0,16798.0,-0.056132161936116476,0.002485871512387523,0.0035833248896816722,,,-22.580475964425478,16796.0,3.0378154319110483e-111,-0.06100473170057549,-0.05125959217165746,outside_pm005_but_not_pm010,-0.056132161936235554,1.1907835828495195e-13,-0.0561321619362353,2.5673907444456745e-16,output/paper_v6_preselection_994/predictions/data_id=d4929d43ec19badf/split_id=3d464d4a611b131b/fold_id=2/31c03c08537a5157.parquet
fit:LGBCovPenalty:66c49831fa352361,matched_beta_core,,Direct,PRIMARY,2.0,,-0.1147325732441951,1.6768329368110082,,True,exact_anchor,0.0,,fold_4,descriptive,none,22323.0,22323.0,-0.0490140879533536,0.002440887710405673,0.003465916553819775,,,-20.080435386029087,22321.0,6.675662627105894e-89,-0.05379839938692095,-0.044229776519786254,overlaps_pm005,-0.04901408795342467,7.106815136381783e-14,-0.0490140879534247,-2.7755575615628914e-17,output/paper_v6_preselection_994/predictions/data_id=d4929d43ec19badf/split_id=3d464d4a611b131b/fold_id=3/db55090d1a5218b9.parquet
fit:LGBCovPenalty:66c49831fa352361,matched_beta_core,,Direct,PRIMARY,2.0,,-0.1147325732441951,1.6768329368110082,,True,exact_anchor,0.0,,fold_5,descriptive,none,28053.0,28053.0,-0.05732271247363385,0.002045043948537251,0.0029639490132571263,,,-28.030063859818167,28051.0,1.5709170063450616e-170,-0.06133109791613696,-0.053314327031130745,outside_pm005_but_not_pm010,-0.05732271247376836,1.3451045832724162e-13,-0.0573227124737683,6.245004513516506e-17,output/paper_v6_preselection_994/predictions/data_id=d4929d43ec19badf/split_id=3d464d4a611b131b/fold_id=4/88a87d95e31242ff.parquet
fit:LGBCovPenalty:66c49831fa352361,matched_beta_core,,Direct,PRIMARY,2.0,,-0.1147325732441951,1.6768329368110082,,True,exact_anchor,0.0,,fold_6,descriptive,none,33113.0,33113.0,-0.08338892018262212,0.0019831677531291763,0.0027804564288491135,,,-42.04834414589761,33111.0,0.0,-0.08727599964523053,-0.0795018407200137,outside_pm005_but_not_pm010,-0.08338892018327808,6.559613963119659e-13,-0.0833889201832786,-5.273559366969494e-16,output/paper_v6_preselection_994/predictions/data_id=d4929d43ec19badf/split_id=3d464d4a611b131b/fold_id=5/bf0b4acb337d1a2a.parquet
fit:LGBCovPenalty:66c49831fa352361,matched_beta_core,,Direct,PRIMARY,2.0,,-0.1147325732441951,1.6768329368110082,,True,exact_anchor,0.0,,fold_7,descriptive,none,34460.0,34460.0,-0.08377108154447188,0.0019877410849858624,0.002719457586491644,,,-42.143859769879285,34458.0,0.0,-0.08766711933298456,-0.0798750437559592,outside_pm005_but_not_pm010,-0.08377108154489786,4.2597869676086475e-13,-0.0837710815448982,-3.3306690738754696e-16,output/paper_v6_preselection_994/predictions/data_id=d4929d43ec19badf/split_id=3d464d4a611b131b/fold_id=6/26eb5812b0cc474b.parquet
fit:LGBCovPenalty:66c49831fa352361,matched_beta_core,,Direct,PRIMARY,2.0,,-0.1147325732441951,1.6768329368110082,,True,exact_anchor,0.0,,pooled_oof,sensitivity,D3_row_balanced,151153.0,130165.0,-0.06251291451358587,0.0008814301264056585,0.0012952845266794189,0.0013416377572068848,130165.0,-70.92214418459268,151151.0,0.0,-0.06424049965012936,-0.06078532937704239,outside_pm005_but_not_pm010,-0.06498902658028023,0.002476112066694361,,,concatenated fold_1..fold_7 (D3 row-balanced)
fit:LGBCovPenalty:66c49831fa352361,matched_beta_core,,Direct,PRIMARY,2.0,,-0.1147325732441951,1.6768329368110082,,True,exact_anchor,0.0,,heldout,standards_facing,none,38290.0,38290.0,-0.06545105360368408,0.002217751734271863,0.0027713434850326966,,,-29.51234468323981,38288.0,2.6597869388562175e-189,-0.0697979045425913,-0.061104202664776876,outside_pm005_but_not_pm010,-0.06545105360391872,2.34631758466719e-13,-0.0654510536039188,-8.326672684688674e-17,output/paper_v6_preselection_994/reporting_preview/heldout/LGBCovPenalty/chunk_03/analysis/data_id=d4929d43ec19badf/split_id=3d464d4a611b131b/test_run_predictions/66c49831fa352361.parquet
fit:LGBCovPenalty:66c49831fa352361,matched_beta_core,,Direct,PRIMARY,2.0,,-0.1147325732441951,1.6768329368110082,,True,exact_anchor,0.0,,forward_2025,standards_facing,none,26641.0,26641.0,-0.07852039861806559,0.0024432451897146673,0.0030711843729513315,,,-32.13774816731985,26639.0,2.3125818477631715e-222,-0.08330928878227173,-0.07373150845385945,outside_pm005_but_not_pm010,-0.07852039861767648,-3.8910541455550174e-13,-0.0785203986176765,-1.3877787807814457e-17,output/paper_v6_preselection_994/reporting_preview/forward_2025/LGBCovPenalty/chunk_03/analysis/data_id=d4929d43ec19badf/split_id=3d464d4a611b131b/assess_run_predictions/66c49831fa352361.parquet
fit:LGBSmoothPenalty:40412032702e9593,matched_beta_core,,Surrogate,PRIMARY,2.0,,-0.1147325732441951,0.4094915062380425,,True,nearest_fitted,0.00014843754757690175,,fold_1,descriptive,none,5209.0,5209.0,-0.06202737750675891,0.004276975233452324,0.00530798964513142,,,-14.502627235624916,5207.0,9.40971428146954e-47,-0.07041204393114231,-0.053642711082375505,outside_pm005_but_not_pm010,-0.06202737750666549,-9.341832862830302e-14,-0.0620273775066655,-1.3877787807814457e-17,output/paper_v6_preselection_994/predictions/data_id=d4929d43ec19badf/split_id=3d464d4a611b131b/fold_id=0/ddf7592f5779c5ad.parquet
fit:LGBSmoothPenalty:40412032702e9593,matched_beta_core,,Surrogate,PRIMARY,2.0,,-0.1147325732441951,0.4094915062380425,,True,nearest_fitted,0.00014843754757690175,,fold_2,descriptive,none,11197.0,11197.0,-0.06044164920617301,0.003092969532879838,0.00422177332361528,,,-19.541624501517898,11195.0,1.1938361812936584e-83,-0.06650441357981908,-0.05437888483252694,outside_pm005_but_not_pm010,-0.06044164920634731,1.7429807597224567e-13,-0.0604416492063472,1.0408340855860843e-16,output/paper_v6_preselection_994/predictions/data_id=d4929d43ec19badf/split_id=3d464d4a611b131b/fold_id=1/27c31bafac720c8a.parquet
fit:LGBSmoothPenalty:40412032702e9593,matched_beta_core,,Surrogate,PRIMARY,2.0,,-0.1147325732441951,0.4094915062380425,,True,nearest_fitted,0.00014843754757690175,,fold_3,descriptive,none,16798.0,16798.0,-0.054928245023137534,0.0024198632603977884,0.0034704832576768797,,,-22.698904488556998,16796.0,2.2409071460958575e-112,-0.05967143166733179,-0.05018505837894328,outside_pm005_but_not_pm010,-0.05492824502309167,-4.586608870482678e-14,-0.0549282450230919,-2.2898349882893854e-16,output/paper_v6_preselection_994/predictions/data_id=d4929d43ec19badf/split_id=3d464d4a611b131b/fold_id=2/c6071f6f8ff207ec.parquet
fit:LGBSmoothPenalty:40412032702e9593,matched_beta_core,,Surrogate,PRIMARY,2.0,,-0.1147325732441951,0.4094915062380425,,True,nearest_fitted,0.00014843754757690175,,fold_4,descriptive,none,22323.0,22323.0,-0.0450116399151419,0.00246409454942607,0.0033242077376372807,,,-18.267010056747164,22321.0,5.24779922071036e-74,-0.049841438383933734,-0.040181841446350064,within_pm005,-0.04501163991503644,-1.0545730955158206e-13,-0.0450116399150362,2.42861286636753e-16,output/paper_v6_preselection_994/predictions/data_id=d4929d43ec19badf/split_id=3d464d4a611b131b/fold_id=3/9b041b5ada701eed.parquet
fit:LGBSmoothPenalty:40412032702e9593,matched_beta_core,,Surrogate,PRIMARY,2.0,,-0.1147325732441951,0.4094915062380425,,True,nearest_fitted,0.00014843754757690175,,fold_5,descriptive,none,28053.0,28053.0,-0.05929493646094164,0.0020460311923906206,0.002934207617502548,,,-28.98046553809394,28051.0,5.594401359985122e-182,-0.063305256949336,-0.05528461597254728,outside_pm005_but_not_pm010,-0.05929493646084127,-1.0037110032001806e-13,-0.0592949364608413,-3.469446951953614e-17,output/paper_v6_preselection_994/predictions/data_id=d4929d43ec19badf/split_id=3d464d4a611b131b/fold_id=4/8c776a065684b3c8.parquet
fit:LGBSmoothPenalty:40412032702e9593,matched_beta_core,,Surrogate,PRIMARY,2.0,,-0.1147325732441951,0.4094915062380425,,True,nearest_fitted,0.00014843754757690175,,fold_6,descriptive,none,33113.0,33113.0,-0.08475586829575898,0.0019828527022086153,0.0027954457536020737,,,-42.74440970897789,33111.0,0.0,-0.08864233024733685,-0.08086940634418112,outside_pm005_but_not_pm010,-0.08475586829598693,2.2794266474335245e-13,-0.0847558682959872,-2.7755575615628914e-16,output/paper_v6_preselection_994/predictions/data_id=d4929d43ec19badf/split_id=3d464d4a611b131b/fold_id=5/98ebb8e59fabdfaf.parquet
fit:LGBSmoothPenalty:40412032702e9593,matched_beta_core,,Surrogate,PRIMARY,2.0,,-0.1147325732441951,0.4094915062380425,,True,nearest_fitted,0.00014843754757690175,,fold_7,descriptive,none,34460.0,34460.0,-0.0815163720213441,0.001980100899450845,0.00271009807019784,,,-41.16778697689173,34458.0,0.0,-0.08539743479536394,-0.07763530924732426,outside_pm005_but_not_pm010,-0.08151637202239911,1.0550171847256706e-12,-0.0815163720223989,2.0816681711721685e-16,output/paper_v6_preselection_994/predictions/data_id=d4929d43ec19badf/split_id=3d464d4a611b131b/fold_id=6/4d952234f2ed1b54.parquet
fit:LGBSmoothPenalty:40412032702e9593,matched_beta_core,,Surrogate,PRIMARY,2.0,,-0.1147325732441951,0.4094915062380425,,True,nearest_fitted,0.00014843754757690175,,pooled_oof,sensitivity,D3_row_balanced,151153.0,130165.0,-0.062034176109129535,0.0008787065386620253,0.001266891695337504,0.0013159593647484168,130165.0,-70.597148626647,151151.0,0.0,-0.0637564230690405,-0.06031192914921856,outside_pm005_but_not_pm010,-0.06438727012742013,0.0023530940182905913,,,concatenated fold_1..fold_7 (D3 row-balanced)
fit:LGBSmoothPenalty:40412032702e9593,matched_beta_core,,Surrogate,PRIMARY,2.0,,-0.1147325732441951,0.4094915062380425,,True,nearest_fitted,0.00014843754757690175,,heldout,standards_facing,none,38290.0,38290.0,-0.06086035336347839,0.002155969325516825,0.0026823759196496215,,,-28.228765893452152,38288.0,1.5652146056052417e-173,-0.06508610917827652,-0.05663459754868026,outside_pm005_but_not_pm010,-0.06086035336334651,-1.3188061753766078e-13,-0.0608603533633467,-1.8735013540549517e-16,output/paper_v6_preselection_994/reporting_preview/heldout/LGBSmoothPenalty/chunk_01/analysis/data_id=d4929d43ec19badf/split_id=3d464d4a611b131b/test_run_predictions/40412032702e9593.parquet
fit:LGBSmoothPenalty:40412032702e9593,matched_beta_core,,Surrogate,PRIMARY,2.0,,-0.1147325732441951,0.4094915062380425,,True,nearest_fitted,0.00014843754757690175,,forward_2025,standards_facing,none,26641.0,26641.0,-0.08025132009254277,0.0024147949320128567,0.0029846694045885147,,,-33.23318225852376,26639.0,2.5121006005967204e-237,-0.08498444624262094,-0.07551819394246459,outside_pm005_but_not_pm010,-0.0802513200922846,-2.5816848658877234e-13,-0.0802513200922847,-9.71445146547012e-17,output/paper_v6_preselection_994/reporting_preview/forward_2025/LGBSmoothPenalty/chunk_01/analysis/data_id=d4929d43ec19badf/split_id=3d464d4a611b131b/assess_run_predictions/40412032702e9593.parquet
posthoc:C:b=1.0273156195762976,matched_beta_core,,C-posthoc,PRIMARY,2.0,,-0.1147325732441951,,1.0273156195762976,True,exact_posthoc_solve,6.938893903907228e-17,,fold_1,descriptive,none,5209.0,5209.0,-0.06070590078067306,0.004349589640917883,0.005560362258989388,,,-13.95669610061478,5207.0,1.7254763789884204e-43,-0.06923292191860282,-0.0521788796427433,outside_pm005_but_not_pm010,-0.06070590078068739,1.4328815911568427e-14,,,output/p0_major_revision_validation/zero_reference_fits/cell=C/block=fold_1_train/eval_predictions.parquet
posthoc:C:b=1.0273156195762976,matched_beta_core,,C-posthoc,PRIMARY,2.0,,-0.1147325732441951,,1.0273156195762976,True,exact_posthoc_solve,6.938893903907228e-17,,fold_2,descriptive,none,11197.0,11197.0,-0.058592021209639245,0.0031306822280418693,0.004373243264984856,,,-18.715416302818596,11195.0,5.512323972596351e-77,-0.06472870909990322,-0.05245533331937526,outside_pm005_but_not_pm010,-0.0585920212096377,-1.547373340571312e-15,,,output/p0_major_revision_validation/zero_reference_fits/cell=C/block=fold_2_train/eval_predictions.parquet
posthoc:C:b=1.0273156195762976,matched_beta_core,,C-posthoc,PRIMARY,2.0,,-0.1147325732441951,,1.0273156195762976,True,exact_posthoc_solve,6.938893903907228e-17,,fold_3,descriptive,none,16798.0,16798.0,-0.05737452590282266,0.00248745912292516,0.0035963010410874066,,,-23.06551507682761,16796.0,6.465664750032254e-116,-0.06225020755100731,-0.05249884425463801,outside_pm005_but_not_pm010,-0.057374525902685,-1.376607161596155e-13,,,output/p0_major_revision_validation/zero_reference_fits/cell=C/block=fold_3_train/eval_predictions.parquet
posthoc:C:b=1.0273156195762976,matched_beta_core,,C-posthoc,PRIMARY,2.0,,-0.1147325732441951,,1.0273156195762976,True,exact_posthoc_solve,6.938893903907228e-17,,fold_4,descriptive,none,22323.0,22323.0,-0.049763203218427754,0.0024553241177340136,0.003463592906876629,,,-20.267468094743258,22321.0,1.6264053472281556e-90,-0.05457581102480495,-0.044950595412050556,overlaps_pm005,-0.049763203218329,-9.875433804040767e-14,,,output/p0_major_revision_validation/zero_reference_fits/cell=C/block=fold_4_train/eval_predictions.parquet
posthoc:C:b=1.0273156195762976,matched_beta_core,,C-posthoc,PRIMARY,2.0,,-0.1147325732441951,,1.0273156195762976,True,exact_posthoc_solve,6.938893903907228e-17,,fold_5,descriptive,none,28053.0,28053.0,-0.05776298274159897,0.0020488101158522612,0.0029746478456638384,,,-28.193429100466346,28051.0,1.7941800986445665e-172,-0.06177875005491728,-0.053747215428280655,outside_pm005_but_not_pm010,-0.057762982741739625,1.4065831832610343e-13,,,output/p0_major_revision_validation/zero_reference_fits/cell=C/block=fold_5_train/eval_predictions.parquet
posthoc:C:b=1.0273156195762976,matched_beta_core,,C-posthoc,PRIMARY,2.0,,-0.1147325732441951,,1.0273156195762976,True,exact_posthoc_solve,6.938893903907228e-17,,fold_6,descriptive,none,33113.0,33113.0,-0.08331449407864433,0.0019767170914403607,0.002763550823942761,,,-42.147910006654584,33111.0,0.0,-0.0871889300144854,-0.07944005814280326,outside_pm005_but_not_pm010,-0.08331449407806758,-5.76746983504961e-13,,,output/p0_major_revision_validation/zero_reference_fits/cell=C/block=fold_6_train/eval_predictions.parquet
posthoc:C:b=1.0273156195762976,matched_beta_core,,C-posthoc,PRIMARY,2.0,,-0.1147325732441951,,1.0273156195762976,True,exact_posthoc_solve,6.938893903907228e-17,,fold_7,descriptive,none,34460.0,34460.0,-0.08382068890043382,0.0019818473627155986,0.0027191113610448244,,,-42.294220270111865,34458.0,0.0,-0.08770517479979283,-0.0799362030010748,outside_pm005_but_not_pm010,-0.0838206889007691,3.352873534367973e-13,,,output/p0_major_revision_validation/zero_reference_fits/cell=C/block=fold_7_train/eval_predictions.parquet
posthoc:C:b=1.0273156195762976,matched_beta_core,,C-posthoc,PRIMARY,2.0,,-0.1147325732441951,,1.0273156195762976,True,exact_posthoc_solve,6.938893903907228e-17,,pooled_oof,sensitivity,D3_row_balanced,151153.0,130165.0,-0.06318251005120457,0.0008837664015847544,0.0013019602932125346,0.0013479072652916701,130165.0,-71.49231961964927,151151.0,0.0,-0.0649146742396245,-0.061450345862784625,outside_pm005_but_not_pm010,-0.06552006368391601,0.002337553632711445,,,concatenated fold_1..fold_7 (D3 row-balanced)
posthoc:C:b=1.0273156195762976,matched_beta_core,,C-posthoc,PRIMARY,2.0,,-0.1147325732441951,,1.0273156195762976,True,exact_posthoc_solve,6.938893903907228e-17,,heldout,standards_facing,none,38290.0,38290.0,-0.0663294158904637,0.002194132806986334,0.0027853977201481904,,,-30.23035601093258,38288.0,2.051626444817726e-198,-0.07062997311909644,-0.062028858661830964,outside_pm005_but_not_pm010,-0.06632941589014588,-3.178290963745667e-13,,,output/p0_major_revision_validation/zero_reference_fits/cell=C/block=development_pool/eval_predictions.parquet
posthoc:C:b=1.0273156195762976,matched_beta_core,,C-posthoc,PRIMARY,2.0,,-0.1147325732441951,,1.0273156195762976,True,exact_posthoc_solve,6.938893903907228e-17,,forward_2025,standards_facing,none,26641.0,26641.0,-0.08072503237716044,0.0024470913166437227,0.003101754790338265,,,-32.9881569306853,26639.0,6.127088522746965e-234,-0.08552146115415027,-0.07592860360017062,outside_pm005_but_not_pm010,-0.08072503237667376,-4.866801406322452e-13,,,output/p0_major_revision_validation/zero_reference_fits/cell=C/block=production_2016_2024/eval_predictions.parquet
posthoc:A:b=1.0272354305206024,matched_beta_core,,A-posthoc,SECONDARY,2.0,,-0.1147325732441951,,1.0272354305206024,True,exact_posthoc_solve,4.163336342344337e-17,,fold_1,descriptive,none,5209.0,5209.0,-0.062016572304208206,0.004352836018846035,0.00556721126160312,,,-14.247394580384217,5207.0,3.262189432961177e-45,-0.07054995770532146,-0.05348318690309494,outside_pm005_but_not_pm010,-0.062016572304095074,-1.1313172620930345e-13,,,output/p0_major_revision_validation/zero_reference_fits/cell=A/block=fold_1_train/eval_predictions.parquet
posthoc:A:b=1.0272354305206024,matched_beta_core,,A-posthoc,SECONDARY,2.0,,-0.1147325732441951,,1.0272354305206024,True,exact_posthoc_solve,4.163336342344337e-17,,fold_2,descriptive,none,11197.0,11197.0,-0.055304764076470225,0.003060190167073897,0.004283585209121256,,,-18.072329187748394,11195.0,5.526511204461328e-72,-0.06130327512686615,-0.049306253026074304,overlaps_pm005,-0.05530476407651236,4.213296378452469e-14,,,output/p0_major_revision_validation/zero_reference_fits/cell=A/block=fold_2_train/eval_predictions.parquet
posthoc:A:b=1.0272354305206024,matched_beta_core,,A-posthoc,SECONDARY,2.0,,-0.1147325732441951,,1.0272354305206024,True,exact_posthoc_solve,4.163336342344337e-17,,fold_3,descriptive,none,16798.0,16798.0,-0.05624361014011503,0.002463973788581668,0.003552403916066878,,,-22.826383300323347,16796.0,1.335275202828695e-113,-0.06107325806151209,-0.05141396221871797,outside_pm005_but_not_pm010,-0.05624361014021016,9.51322354225681e-14,,,output/p0_major_revision_validation/zero_reference_fits/cell=A/block=fold_3_train/eval_predictions.parquet
posthoc:A:b=1.0272354305206024,matched_beta_core,,A-posthoc,SECONDARY,2.0,,-0.1147325732441951,,1.0272354305206024,True,exact_posthoc_solve,4.163336342344337e-17,,fold_4,descriptive,none,22323.0,22323.0,-0.04914562687237756,0.002425703046488926,0.00345772286335622,,,-20.2603640802254,22321.0,1.873989461250368e-90,-0.053900175297641795,-0.04439107844711332,overlaps_pm005,-0.04914562687222893,-1.4862416852778892e-13,,,output/p0_major_revision_validation/zero_reference_fits/cell=A/block=fold_4_train/eval_predictions.parquet
posthoc:A:b=1.0272354305206024,matched_beta_core,,A-posthoc,SECONDARY,2.0,,-0.1147325732441951,,1.0272354305206024,True,exact_posthoc_solve,4.163336342344337e-17,,fold_5,descriptive,none,28053.0,28053.0,-0.06022139404475002,0.002050578256033174,0.002989006142994296,,,-29.368005764992255,28051.0,9.474545655758004e-187,-0.06424062699868038,-0.05620216109081966,outside_pm005_but_not_pm010,-0.060221394044731,-1.9019508190609713e-14,,,output/p0_major_revision_validation/zero_reference_fits/cell=A/block=fold_5_train/eval_predictions.parquet
posthoc:A:b=1.0272354305206024,matched_beta_core,,A-posthoc,SECONDARY,2.0,,-0.1147325732441951,,1.0272354305206024,True,exact_posthoc_solve,4.163336342344337e-17,,fold_6,descriptive,none,33113.0,33113.0,-0.08351737820202332,0.0019762865613350993,0.0027753014191265976,,,-42.25975110896992,33111.0,0.0,-0.08739097028351693,-0.0796437861205297,outside_pm005_but_not_pm010,-0.08351737820185415,-1.6917023337725823e-13,,,output/p0_major_revision_validation/zero_reference_fits/cell=A/block=fold_6_train/eval_predictions.parquet
posthoc:A:b=1.0272354305206024,matched_beta_core,,A-posthoc,SECONDARY,2.0,,-0.1147325732441951,,1.0272354305206024,True,exact_posthoc_solve,4.163336342344337e-17,,fold_7,descriptive,none,34460.0,34460.0,-0.08498570276858985,0.001984587198568022,0.002732579544345095,,,-42.82286151493431,34458.0,0.0,-0.08887555883617448,-0.08109584670100523,outside_pm005_but_not_pm010,-0.0849857027689229,3.3303915181193133e-13,,,output/p0_major_revision_validation/zero_reference_fits/cell=A/block=fold_7_train/eval_predictions.parquet
posthoc:A:b=1.0272354305206024,matched_beta_core,,A-posthoc,SECONDARY,2.0,,-0.1147325732441951,,1.0272354305206024,True,exact_posthoc_solve,4.163336342344337e-17,,pooled_oof,sensitivity,D3_row_balanced,151153.0,130165.0,-0.06336421726018793,0.0008793614655103897,0.001297285584976851,0.0013438094761988586,130165.0,-72.05707748793692,151151.0,0.0,-0.06508774786341318,-0.061640686656962686,outside_pm005_but_not_pm010,-0.06578035570422035,0.00241613844403242,,,concatenated fold_1..fold_7 (D3 row-balanced)
posthoc:A:b=1.0272354305206024,matched_beta_core,,A-posthoc,SECONDARY,2.0,,-0.1147325732441951,,1.0272354305206024,True,exact_posthoc_solve,4.163336342344337e-17,,heldout,standards_facing,none,38290.0,38290.0,-0.06862007191245079,0.0022077644387072954,0.0027961225485864287,,,-31.081247034049365,38288.0,1.7512206969830173e-209,-0.07294734749293032,-0.06429279633197126,outside_pm005_but_not_pm010,-0.06862007191229898,-1.5180912082968234e-13,,,output/p0_major_revision_validation/zero_reference_fits/cell=A/block=development_pool/eval_predictions.parquet
posthoc:A:b=1.0272354305206024,matched_beta_core,,A-posthoc,SECONDARY,2.0,,-0.1147325732441951,,1.0272354305206024,True,exact_posthoc_solve,4.163336342344337e-17,,forward_2025,standards_facing,none,26641.0,26641.0,-0.08388298333054012,0.00245306577257195,0.003100255586474101,,,-34.19516275040268,26639.0,7.576652756323936e-251,-0.08869112235804086,-0.07907484430303938,outside_pm005_but_not_pm010,-0.08388298333074765,2.0752843887805739e-13,,,output/p0_major_revision_validation/zero_reference_fits/cell=A/block=production_2016_2024/eval_predictions.parquet
fit:LGBCovPenalty:30e55d9aa9ad73af,matched_beta_core,,Direct,PRIMARY,3.0,,-0.1020327443752032,3.906939937054617,,True,exact_anchor,0.0,,fold_1,descriptive,none,5209.0,5209.0,-0.053280673070221884,0.004345258481377162,0.005434573099610241,,,-12.26179600099081,5207.0,4.27307204821504e-34,-0.06179920331774487,-0.0447621428226989,overlaps_pm005,-0.05328067307023161,9.728329253277934e-15,-0.0532806730702316,1.3877787807814457e-17,output/paper_v6_preselection_994/predictions/data_id=d4929d43ec19badf/split_id=3d464d4a611b131b/fold_id=0/3fc19befe126ea5e.parquet
fit:LGBCovPenalty:30e55d9aa9ad73af,matched_beta_core,,Direct,PRIMARY,3.0,,-0.1020327443752032,3.906939937054617,,True,exact_anchor,0.0,,fold_2,descriptive,none,11197.0,11197.0,-0.04949582787186546,0.0031674314680173697,0.004318266575771892,,,-15.62648738311835,11195.0,1.804901213532058e-54,-0.05570455073709881,-0.04328710500663211,overlaps_pm005,-0.049495827871849196,-1.6264767310758543e-14,-0.0494958278718492,-6.938893903907228e-18,output/paper_v6_preselection_994/predictions/data_id=d4929d43ec19badf/split_id=3d464d4a611b131b/fold_id=1/aab3bb087d5cfcba.parquet
fit:LGBCovPenalty:30e55d9aa9ad73af,matched_beta_core,,Direct,PRIMARY,3.0,,-0.1020327443752032,3.906939937054617,,True,exact_anchor,0.0,,fold_3,descriptive,none,16798.0,16798.0,-0.04500741835768296,0.002463258606515677,0.0035197609489971407,,,-18.271495424244858,16796.0,7.246532222008035e-74,-0.04983566444696864,-0.04017917226839728,within_pm005,-0.045007418357681454,-1.5057399771478686e-15,-0.0450074183576814,5.551115123125783e-17,output/paper_v6_preselection_994/predictions/data_id=d4929d43ec19badf/split_id=3d464d4a611b131b/fold_id=2/2da99884414370d5.parquet
fit:LGBCovPenalty:30e55d9aa9ad73af,matched_beta_core,,Direct,PRIMARY,3.0,,-0.1020327443752032,3.906939937054617,,True,exact_anchor,0.0,,fold_4,descriptive,none,22323.0,22323.0,-0.03296919856739511,0.0024146151697301927,0.0034084261374514925,,,-13.654017824744745,22321.0,2.8253521196899153e-42,-0.03770201397506716,-0.028236383159723058,within_pm005,-0.03296919856720456,-1.905489654951964e-13,-0.0329691985672044,1.5959455978986625e-16,output/paper_v6_preselection_994/predictions/data_id=d4929d43ec19badf/split_id=3d464d4a611b131b/fold_id=3/0531992b43cfcb37.parquet
fit:LGBCovPenalty:30e55d9aa9ad73af,matched_beta_core,,Direct,PRIMARY,3.0,,-0.1020327443752032,3.906939937054617,,True,exact_anchor,0.0,,fold_5,descriptive,none,28053.0,28053.0,-0.04809153173303893,0.0020529375155351657,0.0029678707323606383,,,-23.425716257370983,28051.0,3.339233947595529e-120,-0.05211538895015426,-0.0440676745159236,overlaps_pm005,-0.048091531733229734,1.9080570456964097e-13,-0.0480915317332297,3.469446951953614e-17,output/paper_v6_preselection_994/predictions/data_id=d4929d43ec19badf/split_id=3d464d4a611b131b/fold_id=4/16a6da67ce6b6164.parquet
fit:LGBCovPenalty:30e55d9aa9ad73af,matched_beta_core,,Direct,PRIMARY,3.0,,-0.1020327443752032,3.906939937054617,,True,exact_anchor,0.0,,fold_6,descriptive,none,33113.0,33113.0,-0.06725302838943081,0.001970876797751454,0.0027352469190802683,,,-34.12340561630177,33111.0,7.458494982315416e-251,-0.07111601714153368,-0.06339003963732795,outside_pm005_but_not_pm010,-0.06725302838937448,-5.632994071191888e-14,-0.0672530283893745,-1.3877787807814457e-17,output/paper_v6_preselection_994/predictions/data_id=d4929d43ec19badf/split_id=3d464d4a611b131b/fold_id=5/1bbf25728721dc45.parquet
fit:LGBCovPenalty:30e55d9aa9ad73af,matched_beta_core,,Direct,PRIMARY,3.0,,-0.1020327443752032,3.906939937054617,,True,exact_anchor,0.0,,fold_7,descriptive,none,34460.0,34460.0,-0.06910993505564877,0.001966380830247346,0.002687569557701567,,,-35.14575304670541,34458.0,6.816605591058074e-266,-0.07296410604356951,-0.06525576406772804,outside_pm005_but_not_pm010,-0.06910993505562038,-2.839395385478838e-14,-0.0691099350556203,8.326672684688674e-17,output/paper_v6_preselection_994/predictions/data_id=d4929d43ec19badf/split_id=3d464d4a611b131b/fold_id=6/7d734fd7ee462a6c.parquet
fit:LGBCovPenalty:30e55d9aa9ad73af,matched_beta_core,,Direct,PRIMARY,3.0,,-0.1020327443752032,3.906939937054617,,True,exact_anchor,0.0,,pooled_oof,sensitivity,D3_row_balanced,151153.0,130165.0,-0.050521732897197746,0.0008797882993705858,0.0012845430050184147,0.0013305293033208934,130165.0,-57.42487474923431,151151.0,0.0,-0.05224610008611544,-0.048797365708280055,overlaps_pm005,-0.05264005546508153,0.0021183225678837805,,,concatenated fold_1..fold_7 (D3 row-balanced)
fit:LGBCovPenalty:30e55d9aa9ad73af,matched_beta_core,,Direct,PRIMARY,3.0,,-0.1020327443752032,3.906939937054617,,True,exact_anchor,0.0,,heldout,standards_facing,none,38290.0,38290.0,-0.053558845769952734,0.00218436872625127,0.002756473966072412,,,-24.51914144635662,38288.0,9.616448344556188e-132,-0.057840265147014944,-0.049277426392890525,overlaps_pm005,-0.053558845770413976,4.612421555805213e-13,-0.0535588457704142,-2.220446049250313e-16,output/paper_v6_preselection_994/reporting_preview/heldout/LGBCovPenalty/chunk_04/analysis/data_id=d4929d43ec19badf/split_id=3d464d4a611b131b/test_run_predictions/30e55d9aa9ad73af.parquet
fit:LGBCovPenalty:30e55d9aa9ad73af,matched_beta_core,,Direct,PRIMARY,3.0,,-0.1020327443752032,3.906939937054617,,True,exact_anchor,0.0,,forward_2025,standards_facing,none,26641.0,26641.0,-0.0661139645805604,0.0024258963865111016,0.00303982354513191,,,-27.25341648892301,26639.0,2.4752381967231844e-161,-0.07086885017028828,-0.061359078990832525,outside_pm005_but_not_pm010,-0.0661139645808863,3.258920910909069e-13,-0.0661139645808862,9.71445146547012e-17,output/paper_v6_preselection_994/reporting_preview/forward_2025/LGBCovPenalty/chunk_04/analysis/data_id=d4929d43ec19badf/split_id=3d464d4a611b131b/assess_run_predictions/30e55d9aa9ad73af.parquet
fit:LGBSmoothPenalty:727cdd078038bd83,matched_beta_core,,Surrogate,PRIMARY,3.0,,-0.1020327443752032,0.8286427728546845,,True,nearest_fitted,4.0257131205589936e-05,,fold_1,descriptive,none,5209.0,5209.0,-0.055382588415759715,0.004199303129931317,0.0051206440685865615,,,-13.188518833282117,5207.0,4.301182857645727e-39,-0.06361498491970728,-0.04715019191181215,overlaps_pm005,-0.05538258841574315,-1.6563139748626554e-14,-0.0553825884157431,4.85722573273506e-17,output/paper_v6_preselection_994/predictions/data_id=d4929d43ec19badf/split_id=3d464d4a611b131b/fold_id=0/c238128833c7e973.parquet
fit:LGBSmoothPenalty:727cdd078038bd83,matched_beta_core,,Surrogate,PRIMARY,3.0,,-0.1020327443752032,0.8286427728546845,,True,nearest_fitted,4.0257131205589936e-05,,fold_2,descriptive,none,11197.0,11197.0,-0.05086856596558764,0.0030059050904665194,0.0041159749652538696,,,-16.922878279464502,11195.0,1.871090790248423e-63,-0.05676066871645873,-0.04497646321471655,overlaps_pm005,-0.050868565965588836,1.1934897514720433e-15,-0.0508685659655888,3.469446951953614e-17,output/paper_v6_preselection_994/predictions/data_id=d4929d43ec19badf/split_id=3d464d4a611b131b/fold_id=1/e13cdec6960f0fab.parquet
fit:LGBSmoothPenalty:727cdd078038bd83,matched_beta_core,,Surrogate,PRIMARY,3.0,,-0.1020327443752032,0.8286427728546845,,True,nearest_fitted,4.0257131205589936e-05,,fold_3,descriptive,none,16798.0,16798.0,-0.043391770817451714,0.0023926852195718076,0.003403323547629684,,,-18.135177357436536,16796.0,8.320080492711397e-73,-0.04808168564155149,-0.038701855993351936,within_pm005,-0.0433917708174911,3.938516179857743e-14,-0.043391770817491,9.71445146547012e-17,output/paper_v6_preselection_994/predictions/data_id=d4929d43ec19badf/split_id=3d464d4a611b131b/fold_id=2/ffb57dd4251f87e3.parquet
fit:LGBSmoothPenalty:727cdd078038bd83,matched_beta_core,,Surrogate,PRIMARY,3.0,,-0.1020327443752032,0.8286427728546845,,True,nearest_fitted,4.0257131205589936e-05,,fold_4,descriptive,none,22323.0,22323.0,-0.03269238313643352,0.0023890906407004705,0.0032052666803888195,,,-13.684027964233398,22321.0,1.8769996759846608e-42,-0.03737516867359874,-0.028009597599268306,within_pm005,-0.03269238313650335,6.982608935501844e-14,-0.0326923831365033,4.85722573273506e-17,output/paper_v6_preselection_994/predictions/data_id=d4929d43ec19badf/split_id=3d464d4a611b131b/fold_id=3/4a276644d0fd1120.parquet
fit:LGBSmoothPenalty:727cdd078038bd83,matched_beta_core,,Surrogate,PRIMARY,3.0,,-0.1020327443752032,0.8286427728546845,,True,nearest_fitted,4.0257131205589936e-05,,fold_5,descriptive,none,28053.0,28053.0,-0.04604390867532282,0.0019985893857267035,0.002803012197126017,,,-23.038203346897532,28051.0,2.3266501846312673e-116,-0.04996124091897373,-0.04212657643167191,within_pm005,-0.04604390867556962,2.468025783741723e-13,-0.0460439086755697,-7.632783294297951e-17,output/paper_v6_preselection_994/predictions/data_id=d4929d43ec19badf/split_id=3d464d4a611b131b/fold_id=4/2ca8cb54261188a6.parquet
fit:LGBSmoothPenalty:727cdd078038bd83,matched_beta_core,,Surrogate,PRIMARY,3.0,,-0.1020327443752032,0.8286427728546845,,True,nearest_fitted,4.0257131205589936e-05,,fold_6,descriptive,none,33113.0,33113.0,-0.0673851958518259,0.00194451101823125,0.002695621810362804,,,-34.65405709715148,33111.0,1.637975310616059e-258,-0.07119650673657389,-0.0635738849670779,outside_pm005_but_not_pm010,-0.06738519585166688,-1.5901169270193805e-13,-0.0673851958516672,-3.191891195797325e-16,output/paper_v6_preselection_994/predictions/data_id=d4929d43ec19badf/split_id=3d464d4a611b131b/fold_id=5/d0ed8a081cc88a0b.parquet
fit:LGBSmoothPenalty:727cdd078038bd83,matched_beta_core,,Surrogate,PRIMARY,3.0,,-0.1020327443752032,0.8286427728546845,,True,nearest_fitted,4.0257131205589936e-05,,fold_7,descriptive,none,34460.0,34460.0,-0.06822464180182797,0.0019446196930351489,0.00263699971527004,,,-35.083796613899054,34458.0,5.578397424237069e-265,-0.07203616024634649,-0.06441312335730945,outside_pm005_but_not_pm010,-0.06822464180170285,-1.2512213487525514e-13,-0.0682246418017032,-3.608224830031759e-16,output/paper_v6_preselection_994/predictions/data_id=d4929d43ec19badf/split_id=3d464d4a611b131b/fold_id=6/695394c3f3f4790d.parquet
fit:LGBSmoothPenalty:727cdd078038bd83,matched_beta_core,,Surrogate,PRIMARY,3.0,,-0.1020327443752032,0.8286427728546845,,True,nearest_fitted,4.0257131205589936e-05,,pooled_oof,sensitivity,D3_row_balanced,151153.0,130165.0,-0.04963497937396588,0.0008601804816782002,0.0012268039798859313,0.001275065439388525,130165.0,-57.70298260793912,151151.0,0.0,-0.05132091563864962,-0.04794904310928214,overlaps_pm005,-0.051617347377983215,0.0019823680040173333,,,concatenated fold_1..fold_7 (D3 row-balanced)
fit:LGBSmoothPenalty:727cdd078038bd83,matched_beta_core,,Surrogate,PRIMARY,3.0,,-0.1020327443752032,0.8286427728546845,,True,nearest_fitted,4.0257131205589936e-05,,heldout,standards_facing,none,38290.0,38290.0,-0.04800026074901287,0.002115415750514207,0.0025886206683864836,,,-22.690698382738784,38288.0,3.097938813194042e-113,-0.05214653050464033,-0.043853990993385404,overlaps_pm005,-0.04800026074891482,-9.804657086220914e-14,-0.0480002607489146,2.220446049250313e-16,output/paper_v6_preselection_994/reporting_preview/heldout/LGBSmoothPenalty/chunk_02/analysis/data_id=d4929d43ec19badf/split_id=3d464d4a611b131b/test_run_predictions/727cdd078038bd83.parquet
fit:LGBSmoothPenalty:727cdd078038bd83,matched_beta_core,,Surrogate,PRIMARY,3.0,,-0.1020327443752032,0.8286427728546845,,True,nearest_fitted,4.0257131205589936e-05,,forward_2025,standards_facing,none,26641.0,26641.0,-0.06473860067178294,0.002392833558740681,0.002865124073359799,,,-27.055204251587845,26639.0,4.690770333376817e-159,-0.06942868136539268,-0.060048519978173204,outside_pm005_but_not_pm010,-0.0647386006718043,2.135791543622645e-14,-0.0647386006718041,1.942890293094024e-16,output/paper_v6_preselection_994/reporting_preview/forward_2025/LGBSmoothPenalty/chunk_02/analysis/data_id=d4929d43ec19badf/split_id=3d464d4a611b131b/assess_run_predictions/727cdd078038bd83.parquet
posthoc:C:b=1.0420532368981876,matched_beta_core,,C-posthoc,PRIMARY,3.0,,-0.1020327443752032,,1.0420532368981876,True,exact_posthoc_solve,6.938893903907228e-17,,fold_1,descriptive,none,5209.0,5209.0,-0.04876479234289555,0.004291149754702023,0.005448733300666654,,,-11.364038807888624,5207.0,1.405461237113264e-29,-0.05717724677771083,-0.040352337908080266,overlaps_pm005,-0.04876479234290435,8.805456364058273e-15,,,output/p0_major_revision_validation/zero_reference_fits/cell=C/block=fold_1_train/eval_predictions.parquet
posthoc:C:b=1.0420532368981876,matched_beta_core,,C-posthoc,PRIMARY,3.0,,-0.1020327443752032,,1.0420532368981876,True,exact_posthoc_solve,6.938893903907228e-17,,fold_2,descriptive,none,11197.0,11197.0,-0.046890200002958404,0.0030908909248315714,0.004287000978189404,,,-15.170447985159342,11195.0,1.800632253604715e-51,-0.052948889939178616,-0.04083151006673819,overlaps_pm005,-0.046890200002903705,-5.469930064450068e-14,,,output/p0_major_revision_validation/zero_reference_fits/cell=C/block=fold_2_train/eval_predictions.parquet
posthoc:C:b=1.0420532368981876,matched_beta_core,,C-posthoc,PRIMARY,3.0,,-0.1020327443752032,,1.0420532368981876,True,exact_posthoc_solve,6.938893903907228e-17,,fold_3,descriptive,none,16798.0,16798.0,-0.045721644965089014,0.0024606511103684088,0.003533154180723567,,,-18.58111650710351,16796.0,2.657003582911593e-76,-0.050544780087526726,-0.0408985098426513,overlaps_pm005,-0.0457216449650084,-8.061606937559418e-14,,,output/p0_major_revision_validation/zero_reference_fits/cell=C/block=fold_3_train/eval_predictions.parquet
posthoc:C:b=1.0420532368981876,matched_beta_core,,C-posthoc,PRIMARY,3.0,,-0.1020327443752032,,1.0420532368981876,True,exact_posthoc_solve,6.938893903907228e-17,,fold_4,descriptive,none,22323.0,22323.0,-0.038227775156316146,0.0024307431057928267,0.0034036165556043914,,,-15.726785387239648,22321.0,1.9674953074574503e-55,-0.04299220245198098,-0.03346334786065131,within_pm005,-0.03822777515637722,6.107614414219142e-14,,,output/p0_major_revision_validation/zero_reference_fits/cell=C/block=fold_4_train/eval_predictions.parquet
posthoc:C:b=1.0420532368981876,matched_beta_core,,C-posthoc,PRIMARY,3.0,,-0.1020327443752032,,1.0420532368981876,True,exact_posthoc_solve,6.938893903907228e-17,,fold_5,descriptive,none,28053.0,28053.0,-0.046274611582036496,0.0020283761053464847,0.0029289186286696697,,,-22.813624879559466,28051.0,3.679604812979248e-114,-0.050250327242527544,-0.04229889592154545,overlaps_pm005,-0.04627461158211155,7.505107646466058e-14,,,output/p0_major_revision_validation/zero_reference_fits/cell=C/block=fold_5_train/eval_predictions.parquet
posthoc:C:b=1.0420532368981876,matched_beta_core,,C-posthoc,PRIMARY,3.0,,-0.1020327443752032,,1.0420532368981876,True,exact_posthoc_solve,6.938893903907228e-17,,fold_6,descriptive,none,33113.0,33113.0,-0.07154926919330085,0.0019593448713472804,0.0027281963118402862,,,-36.516934940658146,33111.0,2.908136600601781e-286,-0.07538965495873289,-0.06770888342786881,outside_pm005_but_not_pm010,-0.0715492691933697,6.884770531456752e-14,,,output/p0_major_revision_validation/zero_reference_fits/cell=C/block=fold_6_train/eval_predictions.parquet
posthoc:C:b=1.0420532368981876,matched_beta_core,,C-posthoc,PRIMARY,3.0,,-0.1020327443752032,,1.0420532368981876,True,exact_posthoc_solve,6.938893903907228e-17,,fold_7,descriptive,none,34460.0,34460.0,-0.07190203472404888,0.0019626281249984522,0.002683395105006698,,,-36.63558766340699,34458.0,2.698649204664881e-288,-0.07574885028647216,-0.0680552191616256,outside_pm005_but_not_pm010,-0.07190203472434312,2.942368571012821e-13,,,output/p0_major_revision_validation/zero_reference_fits/cell=C/block=fold_7_train/eval_predictions.parquet
posthoc:C:b=1.0420532368981876,matched_beta_core,,C-posthoc,PRIMARY,3.0,,-0.1020327443752032,,1.0420532368981876,True,exact_posthoc_solve,6.938893903907228e-17,,pooled_oof,sensitivity,D3_row_balanced,151153.0,130165.0,-0.05169820462065744,0.0008745776988427299,0.0012797263637475487,0.0013254594020181314,130165.0,-59.11219173444076,151151.0,0.0,-0.053412359138423196,-0.04998405010289168,overlaps_pm005,-0.0540076438356171,0.0023094392149596576,,,concatenated fold_1..fold_7 (D3 row-balanced)
posthoc:C:b=1.0420532368981876,matched_beta_core,,C-posthoc,PRIMARY,3.0,,-0.1020327443752032,,1.0420532368981876,True,exact_posthoc_solve,6.938893903907228e-17,,heldout,standards_facing,none,38290.0,38290.0,-0.054680932041979435,0.002178913586249561,0.0027496691093518355,,,-25.095502817116575,38288.0,7.274803976302885e-138,-0.05895165920310428,-0.05041020488085459,outside_pm005_but_not_pm010,-0.05468093204154094,-4.384964613635134e-13,,,output/p0_major_revision_validation/zero_reference_fits/cell=C/block=development_pool/eval_predictions.parquet
posthoc:C:b=1.0420532368981876,matched_beta_core,,C-posthoc,PRIMARY,3.0,,-0.1020327443752032,,1.0420532368981876,True,exact_posthoc_solve,6.938893903907228e-17,,forward_2025,standards_facing,none,26641.0,26641.0,-0.06905584962687539,0.0024297485698975513,0.0030607980669862846,,,-28.42098580997913,26639.0,4.568199249201148e-175,-0.07381828570036468,-0.0642934135533861,outside_pm005_but_not_pm010,-0.06905584962672635,-1.4903356326811945e-13,,,output/p0_major_revision_validation/zero_reference_fits/cell=C/block=production_2016_2024/eval_predictions.parquet
posthoc:A:b=1.0419718974700132,matched_beta_core,,A-posthoc,SECONDARY,3.0,,-0.1020327443752032,,1.0419718974700132,True,exact_posthoc_solve,4.163336342344337e-17,,fold_1,descriptive,none,5209.0,5209.0,-0.050050809828921516,0.004292391287675913,0.0054519219192228465,,,-11.660355842354065,5207.0,4.924541016346969e-31,-0.05846569818941388,-0.041635921468429156,overlaps_pm005,-0.05005080982885764,-6.387945727936994e-14,,,output/p0_major_revision_validation/zero_reference_fits/cell=A/block=fold_1_train/eval_predictions.parquet
posthoc:A:b=1.0419718974700132,matched_beta_core,,A-posthoc,SECONDARY,3.0,,-0.1020327443752032,,1.0419718974700132,True,exact_posthoc_solve,4.163336342344337e-17,,fold_2,descriptive,none,11197.0,11197.0,-0.04363269904821876,0.003018910090733387,0.004196583534981586,,,-14.45312968483239,11195.0,6.330083151849414e-47,-0.04955029388734324,-0.037715104209094276,within_pm005,-0.04363269904814937,-6.938893903907228e-14,,,output/p0_major_revision_validation/zero_reference_fits/cell=A/block=fold_2_train/eval_predictions.parquet
posthoc:A:b=1.0419718974700132,matched_beta_core,,A-posthoc,SECONDARY,3.0,,-0.1020327443752032,,1.0419718974700132,True,exact_posthoc_solve,4.163336342344337e-17,,fold_3,descriptive,none,16798.0,16798.0,-0.04460604529023915,0.002435634113299043,0.0034881109642610547,,,-18.313935187014064,16796.0,3.3773393410377215e-74,-0.04938014446576234,-0.03983194611471596,within_pm005,-0.04460604529018907,-5.007799730449847e-14,,,output/p0_major_revision_validation/zero_reference_fits/cell=A/block=fold_3_train/eval_predictions.parquet
posthoc:A:b=1.0419718974700132,matched_beta_core,,A-posthoc,SECONDARY,3.0,,-0.1020327443752032,,1.0419718974700132,True,exact_posthoc_solve,4.163336342344337e-17,,fold_4,descriptive,none,22323.0,22323.0,-0.03766610918120028,0.00240138060966478,0.0033983280072887355,,,-15.685189190587439,22321.0,3.7641723774325314e-55,-0.04237298392115162,-0.03295923444124894,within_pm005,-0.03766610918111701,-8.326672684688674e-14,,,output/p0_major_revision_validation/zero_reference_fits/cell=A/block=fold_4_train/eval_predictions.parquet
posthoc:A:b=1.0419718974700132,matched_beta_core,,A-posthoc,SECONDARY,3.0,,-0.1020327443752032,,1.0419718974700132,True,exact_posthoc_solve,4.163336342344337e-17,,fold_5,descriptive,none,28053.0,28053.0,-0.04870463730476848,0.0020289127318912936,0.0029413720761267085,,,-24.005289404127023,28051.0,4.5846673908139175e-126,-0.0526814047793449,-0.044727869830192064,overlaps_pm005,-0.04870463730431941,-4.49071335673068e-13,,,output/p0_major_revision_validation/zero_reference_fits/cell=A/block=fold_5_train/eval_predictions.parquet
posthoc:A:b=1.0419718974700132,matched_beta_core,,A-posthoc,SECONDARY,3.0,,-0.1020327443752032,,1.0419718974700132,True,exact_posthoc_solve,4.163336342344337e-17,,fold_6,descriptive,none,33113.0,33113.0,-0.07170130297421551,0.0019573443366705827,0.0027390803921362615,,,-36.63193114818954,33111.0,5.0889229002138e-288,-0.07553776762039591,-0.06786483832803511,outside_pm005_but_not_pm010,-0.07170130297400433,-2.111782970715126e-13,,,output/p0_major_revision_validation/zero_reference_fits/cell=A/block=fold_6_train/eval_predictions.parquet
posthoc:A:b=1.0419718974700132,matched_beta_core,,A-posthoc,SECONDARY,3.0,,-0.1020327443752032,,1.0419718974700132,True,exact_posthoc_solve,4.163336342344337e-17,,fold_7,descriptive,none,34460.0,34460.0,-0.07309005884573994,0.001965962046364428,0.0026969377434548957,,,-37.17775680405548,34458.0,1.1625219175004617e-296,-0.07694340900350055,-0.06923670868797932,outside_pm005_but_not_pm010,-0.07309005884580026,6.032674360056944e-14,,,output/p0_major_revision_validation/zero_reference_fits/cell=A/block=fold_7_train/eval_predictions.parquet
posthoc:A:b=1.0419718974700132,matched_beta_core,,A-posthoc,SECONDARY,3.0,,-0.1020327443752032,,1.0419718974700132,True,exact_posthoc_solve,4.163336342344337e-17,,pooled_oof,sensitivity,D3_row_balanced,151153.0,130165.0,-0.05188442588759967,0.0008700270108681163,0.001274987120772652,0.0013213001575790215,130165.0,-59.635419635798655,151151.0,0.0,-0.05358966114940802,-0.05017919062579133,outside_pm005_but_not_pm010,-0.0542720546272575,0.002387628739657831,,,concatenated fold_1..fold_7 (D3 row-balanced)
posthoc:A:b=1.0419718974700132,matched_beta_core,,A-posthoc,SECONDARY,3.0,,-0.1020327443752032,,1.0419718974700132,True,exact_posthoc_solve,4.163336342344337e-17,,heldout,standards_facing,none,38290.0,38290.0,-0.05692453469887626,0.0021927731363321,0.002760746772725887,,,-25.960065706612582,38288.0,2.647361781675569e-147,-0.061222426937749944,-0.05262664246000258,outside_pm005_but_not_pm010,-0.056924534699181836,3.055750097402665e-13,,,output/p0_major_revision_validation/zero_reference_fits/cell=A/block=development_pool/eval_predictions.parquet
posthoc:A:b=1.0419718974700132,matched_beta_core,,A-posthoc,SECONDARY,3.0,,-0.1020327443752032,,1.0419718974700132,True,exact_posthoc_solve,4.163336342344337e-17,,forward_2025,standards_facing,none,26641.0,26641.0,-0.0722248522331701,0.002436486892249719,0.0030584199616183814,,,-29.643029257785834,26639.0,5.090456663827708e-190,-0.07700049577587754,-0.06744920869046266,outside_pm005_but_not_pm010,-0.07222485223302036,-1.49741330446318e-13,,,output/p0_major_revision_validation/zero_reference_fits/cell=A/block=production_2016_2024/eval_predictions.parquet
fit:LGBCovPenalty:e357aea05abcaac0,matched_beta_core,,Direct,PRIMARY,4.0,,-0.0909015214774399,9.102981779915218,,True,exact_anchor,0.0,,fold_1,descriptive,none,5209.0,5209.0,-0.044725717825113365,0.0043709029486730675,0.005443471813534808,,,-10.232603732071274,5207.0,2.4050846125546084e-24,-0.05329452199104144,-0.03615691365918529,overlaps_pm005,-0.044725717825128346,1.4981071938535706e-14,-0.0447257178251283,4.85722573273506e-17,output/paper_v6_preselection_994/predictions/data_id=d4929d43ec19badf/split_id=3d464d4a611b131b/fold_id=0/e0f8bf7711971f10.parquet
fit:LGBCovPenalty:e357aea05abcaac0,matched_beta_core,,Direct,PRIMARY,4.0,,-0.0909015214774399,9.102981779915218,,True,exact_anchor,0.0,,fold_2,descriptive,none,11197.0,11197.0,-0.03766444753424236,0.003084604221961766,0.004235099305633406,,,-12.210463587541966,11195.0,4.500301221568207e-34,-0.04371081442693383,-0.031618080641550896,within_pm005,-0.03766444753420494,-3.742145482377168e-14,-0.0376644475342049,4.163336342344337e-17,output/paper_v6_preselection_994/predictions/data_id=d4929d43ec19badf/split_id=3d464d4a611b131b/fold_id=1/a611235bc6617dbf.parquet
fit:LGBCovPenalty:e357aea05abcaac0,matched_beta_core,,Direct,PRIMARY,4.0,,-0.0909015214774399,9.102981779915218,,True,exact_anchor,0.0,,fold_3,descriptive,none,16798.0,16798.0,-0.033246375262556915,0.002455880906848344,0.0034988260954004493,,,-13.537454185928874,16796.0,1.5522786822508323e-41,-0.03806016028410391,-0.02843259024100992,within_pm005,-0.03324637526246371,-9.320322291728189e-14,-0.0332463752624635,2.1510571102112408e-16,output/paper_v6_preselection_994/predictions/data_id=d4929d43ec19badf/split_id=3d464d4a611b131b/fold_id=2/1c74a10b8241d08e.parquet
fit:LGBCovPenalty:e357aea05abcaac0,matched_beta_core,,Direct,PRIMARY,4.0,,-0.0909015214774399,9.102981779915218,,True,exact_anchor,0.0,,fold_4,descriptive,none,22323.0,22323.0,-0.02277375001843196,0.002374935911720988,0.003365273302355351,,,-9.589206136484352,22321.0,9.775690197844666e-22,-0.027428791292144625,-0.018118708744719294,within_pm005,-0.022773750018402546,-2.941397125866274e-14,-0.0227737500184025,4.5102810375396984e-17,output/paper_v6_preselection_994/predictions/data_id=d4929d43ec19badf/split_id=3d464d4a611b131b/fold_id=3/78ca0a633e4fce49.parquet
fit:LGBCovPenalty:e357aea05abcaac0,matched_beta_core,,Direct,PRIMARY,4.0,,-0.0909015214774399,9.102981779915218,,True,exact_anchor,0.0,,fold_5,descriptive,none,28053.0,28053.0,-0.03646349764474177,0.0020512357560689503,0.002960259493796299,,,-17.776356294910496,28051.0,2.6212285619643862e-70,-0.04048401933066918,-0.03244297595881436,within_pm005,-0.036463497644936525,1.9475393520096418e-13,-0.0364634976449365,2.7755575615628914e-17,output/paper_v6_preselection_994/predictions/data_id=d4929d43ec19badf/split_id=3d464d4a611b131b/fold_id=4/bc0d974c4677514a.parquet
fit:LGBCovPenalty:e357aea05abcaac0,matched_beta_core,,Direct,PRIMARY,4.0,,-0.0909015214774399,9.102981779915218,,True,exact_anchor,0.0,,fold_6,descriptive,none,33113.0,33113.0,-0.05984027423289762,0.0019697281687213616,0.002708388523461973,,,-30.37996571463087,33111.0,5.660084830458543e-200,-0.06370101163117224,-0.055979536834622985,outside_pm005_but_not_pm010,-0.05984027423290523,7.61196661258623e-15,-0.0598402742329051,1.3183898417423734e-16,output/paper_v6_preselection_994/predictions/data_id=d4929d43ec19badf/split_id=3d464d4a611b131b/fold_id=5/9df54236587b0878.parquet
fit:LGBCovPenalty:e357aea05abcaac0,matched_beta_core,,Direct,PRIMARY,4.0,,-0.0909015214774399,9.102981779915218,,True,exact_anchor,0.0,,fold_7,descriptive,none,34460.0,34460.0,-0.05664445124713935,0.0019619883145554754,0.0026615875920471504,,,-28.8709422104653,34458.0,3.9958711148690575e-181,-0.060490012760087995,-0.0527988897341907,outside_pm005_but_not_pm010,-0.056644451247212485,7.313594174718219e-14,-0.0566444512472124,8.326672684688674e-17,output/paper_v6_preselection_994/predictions/data_id=d4929d43ec19badf/split_id=3d464d4a611b131b/fold_id=6/0dd67df93f685e2b.parquet
fit:LGBCovPenalty:e357aea05abcaac0,matched_beta_core,,Direct,PRIMARY,4.0,,-0.0909015214774399,9.102981779915218,,True,exact_anchor,0.0,,pooled_oof,sensitivity,D3_row_balanced,151153.0,130165.0,-0.039526065373728936,0.0008735576505775347,0.0012710145084745775,0.0013165351689666755,130165.0,-45.247231648188404,151151.0,0.0,-0.04123822061762293,-0.03781391012983494,within_pm005,-0.04177130136519843,0.002245235991469495,,,concatenated fold_1..fold_7 (D3 row-balanced)
fit:LGBCovPenalty:e357aea05abcaac0,matched_beta_core,,Direct,PRIMARY,4.0,,-0.0909015214774399,9.102981779915218,,True,exact_anchor,0.0,,heldout,standards_facing,none,38290.0,38290.0,-0.04004311729166177,0.0021692631850302254,0.0027256873784803964,,,-18.459317231764953,38288.0,9.36590074886557e-76,-0.044294929416016336,-0.0357913051673072,within_pm005,-0.04004311729156683,-9.49379463932587e-14,-0.0400431172915664,4.3021142204224816e-16,output/paper_v6_preselection_994/reporting_preview/heldout/LGBCovPenalty/chunk_05/analysis/data_id=d4929d43ec19badf/split_id=3d464d4a611b131b/test_run_predictions/e357aea05abcaac0.parquet
fit:LGBCovPenalty:e357aea05abcaac0,matched_beta_core,,Direct,PRIMARY,4.0,,-0.0909015214774399,9.102981779915218,,True,exact_anchor,0.0,,forward_2025,standards_facing,none,26641.0,26641.0,-0.0535239591235821,0.0024338719736795053,0.0030093352997976252,,,-21.991279616349363,26639.0,3.0804040592941613e-106,-0.058294477287193815,-0.04875344095997038,overlaps_pm005,-0.05352395912349017,-9.192646643896296e-14,-0.0535239591234901,6.938893903907228e-17,output/paper_v6_preselection_994/reporting_preview/forward_2025/LGBCovPenalty/chunk_05/analysis/data_id=d4929d43ec19badf/split_id=3d464d4a611b131b/assess_run_predictions/e357aea05abcaac0.parquet
fit:LGBSmoothPenalty:b7cb281c3ae8ad29,matched_beta_core,,Surrogate,PRIMARY,4.0,,-0.0909015214774399,1.4563484775012436,,True,nearest_fitted,0.001056916119073395,,fold_1,descriptive,none,5209.0,5209.0,-0.04836541154255214,0.004185492057656587,0.005142024043679724,,,-11.555489982134006,5207.0,1.6272503143649207e-30,-0.05657073254859153,-0.040160090536512746,overlaps_pm005,-0.048365411542489134,-6.300515664747763e-14,-0.0483654115424892,-6.938893903907228e-17,output/paper_v6_preselection_994/predictions/data_id=d4929d43ec19badf/split_id=3d464d4a611b131b/fold_id=0/bf81812bb154968e.parquet
fit:LGBSmoothPenalty:b7cb281c3ae8ad29,matched_beta_core,,Surrogate,PRIMARY,4.0,,-0.0909015214774399,1.4563484775012436,,True,nearest_fitted,0.001056916119073395,,fold_2,descriptive,none,11197.0,11197.0,-0.048425690016098866,0.0029697825903870355,0.004107550476283809,,,-16.306139773614813,11195.0,4.272905033541693e-59,-0.05424698631244759,-0.04260439371975014,overlaps_pm005,-0.04842569001625409,1.552230566304047e-13,-0.048425690016254,9.020562075079397e-17,output/paper_v6_preselection_994/predictions/data_id=d4929d43ec19badf/split_id=3d464d4a611b131b/fold_id=1/92fcedb79ac475a2.parquet
fit:LGBSmoothPenalty:b7cb281c3ae8ad29,matched_beta_core,,Surrogate,PRIMARY,4.0,,-0.0909015214774399,1.4563484775012436,,True,nearest_fitted,0.001056916119073395,,fold_3,descriptive,none,16798.0,16798.0,-0.030865505273313,0.002346404345238725,0.0032687503370101706,,,-13.154384637901238,16796.0,2.5128126111540593e-39,-0.0354647047133616,-0.0262663058332644,within_pm005,-0.030865505273134114,-1.7888468484272835e-13,-0.0308655052731342,-8.673617379884035e-17,output/paper_v6_preselection_994/predictions/data_id=d4929d43ec19badf/split_id=3d464d4a611b131b/fold_id=2/bcdeb110e79d322e.parquet
fit:LGBSmoothPenalty:b7cb281c3ae8ad29,matched_beta_core,,Surrogate,PRIMARY,4.0,,-0.0909015214774399,1.4563484775012436,,True,nearest_fitted,0.001056916119073395,,fold_4,descriptive,none,22323.0,22323.0,-0.019401287839220127,0.0023455845778171834,0.0030988825250819227,,,-8.271408340037388,22321.0,1.397086649681238e-16,-0.02399879843596319,-0.014803777242477065,within_pm005,-0.01940128783926795,4.782285678572862e-14,-0.0194012878392679,4.85722573273506e-17,output/paper_v6_preselection_994/predictions/data_id=d4929d43ec19badf/split_id=3d464d4a611b131b/fold_id=3/be592bd55971f658.parquet
fit:LGBSmoothPenalty:b7cb281c3ae8ad29,matched_beta_core,,Surrogate,PRIMARY,4.0,,-0.0909015214774399,1.4563484775012436,,True,nearest_fitted,0.001056916119073395,,fold_5,descriptive,none,28053.0,28053.0,-0.03526935547266552,0.0019766239232018178,0.00275387048494103,,,-17.84323009484513,28051.0,8.043360364942935e-71,-0.039143634343167366,-0.031395076602163674,within_pm005,-0.0352693554728096,1.440791930207297e-13,-0.0352693554728096,0.0,output/paper_v6_preselection_994/predictions/data_id=d4929d43ec19badf/split_id=3d464d4a611b131b/fold_id=4/108d7404061b47c0.parquet
fit:LGBSmoothPenalty:b7cb281c3ae8ad29,matched_beta_core,,Surrogate,PRIMARY,4.0,,-0.0909015214774399,1.4563484775012436,,True,nearest_fitted,0.001056916119073395,,fold_6,descriptive,none,33113.0,33113.0,-0.05904330654023493,0.0019380979709732009,0.0026504451084032525,,,-30.464562382564587,33111.0,4.616718604784172e-201,-0.0628420476238402,-0.05524456545662966,outside_pm005_but_not_pm010,-0.05904330654009563,-1.392982951209376e-13,-0.0590433065400956,3.469446951953614e-17,output/paper_v6_preselection_994/predictions/data_id=d4929d43ec19badf/split_id=3d464d4a611b131b/fold_id=5/e8bad98e66b6956c.parquet
fit:LGBSmoothPenalty:b7cb281c3ae8ad29,matched_beta_core,,Surrogate,PRIMARY,4.0,,-0.0909015214774399,1.4563484775012436,,True,nearest_fitted,0.001056916119073395,,fold_7,descriptive,none,34460.0,34460.0,-0.05702385739679672,0.0019198992940744478,0.0025606885815766317,,,-29.701483600100488,34458.0,1.9173194590835883e-191,-0.06078692304772683,-0.053260791745866606,outside_pm005_but_not_pm010,-0.05702385739717251,3.7578967715390377e-13,-0.0570238573971725,6.938893903907228e-18,output/paper_v6_preselection_994/predictions/data_id=d4929d43ec19badf/split_id=3d464d4a611b131b/fold_id=6/2f9f59be264aecf7.parquet
fit:LGBSmoothPenalty:b7cb281c3ae8ad29,matched_beta_core,,Surrogate,PRIMARY,4.0,,-0.0909015214774399,1.4563484775012436,,True,nearest_fitted,0.001056916119073395,,pooled_oof,sensitivity,D3_row_balanced,151153.0,130165.0,-0.040034605778179966,0.0008506379643489678,0.0012028443611896541,0.0012493311505773297,130165.0,-47.06421233952365,151151.0,0.0,-0.04170183890280833,-0.0383673726535516,within_pm005,-0.042063908031253996,0.0020293022530740307,,,concatenated fold_1..fold_7 (D3 row-balanced)
fit:LGBSmoothPenalty:b7cb281c3ae8ad29,matched_beta_core,,Surrogate,PRIMARY,4.0,,-0.0909015214774399,1.4563484775012436,,True,nearest_fitted,0.001056916119073395,,heldout,standards_facing,none,38290.0,38290.0,-0.03539901347674723,0.0021636173153660935,0.002571812288804947,,,-16.361032621315275,38288.0,5.801917785433214e-60,-0.03963975955007759,-0.031158267403416873,within_pm005,-0.035399013476374176,-3.730557529557643e-13,-0.0353990134763742,-2.0816681711721685e-17,output/paper_v6_preselection_994/reporting_preview/heldout/LGBSmoothPenalty/chunk_03/analysis/data_id=d4929d43ec19badf/split_id=3d464d4a611b131b/test_run_predictions/b7cb281c3ae8ad29.parquet
fit:LGBSmoothPenalty:b7cb281c3ae8ad29,matched_beta_core,,Surrogate,PRIMARY,4.0,,-0.0909015214774399,1.4563484775012436,,True,nearest_fitted,0.001056916119073395,,forward_2025,standards_facing,none,26641.0,26641.0,-0.05146152826818873,0.0023196785840201473,0.002732996791606289,,,-22.18476672703625,26639.0,4.5941408481818375e-108,-0.056008221331127296,-0.04691483520525016,overlaps_pm005,-0.05146152826859931,4.105812911880946e-13,-0.0514615282685993,6.938893903907228e-18,output/paper_v6_preselection_994/reporting_preview/forward_2025/LGBSmoothPenalty/chunk_03/analysis/data_id=d4929d43ec19badf/split_id=3d464d4a611b131b/assess_run_predictions/b7cb281c3ae8ad29.parquet
posthoc:C:b=1.054970552956866,matched_beta_core,,C-posthoc,PRIMARY,4.0,,-0.0909015214774399,,1.054970552956866,True,exact_posthoc_solve,1.1102230246251565e-16,,fold_1,descriptive,none,5209.0,5209.0,-0.038517521641599606,0.0042389915972850765,0.005352429742782995,,,-9.086482187477962,5207.0,1.4253084506526828e-19,-0.04682772419807081,-0.030207319085128397,within_pm005,-0.038517521641529696,-6.990935608186533e-14,,,output/p0_major_revision_validation/zero_reference_fits/cell=C/block=fold_1_train/eval_predictions.parquet
posthoc:C:b=1.054970552956866,matched_beta_core,,C-posthoc,PRIMARY,4.0,,-0.0909015214774399,,1.054970552956866,True,exact_posthoc_solve,1.1102230246251565e-16,,fold_2,descriptive,none,11197.0,11197.0,-0.03685014514312979,0.0030583244846763735,0.00421643791505005,,,-12.049128641439498,11195.0,3.145854622813297e-33,-0.0428449991278314,-0.030855291158428173,within_pm005,-0.03685014514323387,1.0408340855860843e-13,,,output/p0_major_revision_validation/zero_reference_fits/cell=C/block=fold_2_train/eval_predictions.parquet
posthoc:C:b=1.054970552956866,matched_beta_core,,C-posthoc,PRIMARY,4.0,,-0.0909015214774399,,1.054970552956866,True,exact_posthoc_solve,1.1102230246251565e-16,,fold_3,descriptive,none,16798.0,16798.0,-0.03568153336325808,0.0024368616910416152,0.0034790358367724895,,,-14.6424122035446,16796.0,2.987405109255543e-48,-0.0404580387203406,-0.030905028006175554,within_pm005,-0.03568153336311536,-1.4271916981556387e-13,,,output/p0_major_revision_validation/zero_reference_fits/cell=C/block=fold_3_train/eval_predictions.parquet
posthoc:C:b=1.054970552956866,matched_beta_core,,C-posthoc,PRIMARY,4.0,,-0.0909015214774399,,1.054970552956866,True,exact_posthoc_solve,1.1102230246251565e-16,,fold_4,descriptive,none,22323.0,22323.0,-0.028289794128059764,0.002410300578775533,0.0033538284109279207,,,-11.737039926543677,22321.0,1.0203615042601846e-31,-0.03301415263427439,-0.02356543562184514,within_pm005,-0.02828979412813303,7.326431128440447e-14,,,output/p0_major_revision_validation/zero_reference_fits/cell=C/block=fold_4_train/eval_predictions.parquet
posthoc:C:b=1.054970552956866,matched_beta_core,,C-posthoc,PRIMARY,4.0,,-0.0909015214774399,,1.054970552956866,True,exact_posthoc_solve,1.1102230246251565e-16,,fold_5,descriptive,none,28053.0,28053.0,-0.03636311628830069,0.002009885072307375,0.0028892029320112126,,,-18.092137102424143,28051.0,9.535404769403917e-73,-0.04030258862614636,-0.03242364395045502,within_pm005,-0.036363116288247774,-5.2916004911196524e-14,,,output/p0_major_revision_validation/zero_reference_fits/cell=C/block=fold_5_train/eval_predictions.parquet
posthoc:C:b=1.054970552956866,matched_beta_core,,C-posthoc,PRIMARY,4.0,,-0.0909015214774399,,1.054970552956866,True,exact_posthoc_solve,1.1102230246251565e-16,,fold_6,descriptive,none,33113.0,33113.0,-0.06136904005629873,0.0019435111759445551,0.0026975803507893483,,,-31.5763762081137,33111.0,1.2416392081494945e-215,-0.06517839121453729,-0.057559688898060166,outside_pm005_but_not_pm010,-0.06136904005589877,-3.9995784462121264e-13,,,output/p0_major_revision_validation/zero_reference_fits/cell=C/block=fold_6_train/eval_predictions.parquet
posthoc:C:b=1.054970552956866,matched_beta_core,,C-posthoc,PRIMARY,4.0,,-0.0909015214774399,,1.054970552956866,True,exact_posthoc_solve,1.1102230246251565e-16,,fold_7,descriptive,none,34460.0,34460.0,-0.06163549151786807,0.0019471234429209257,0.0026549817138760267,,,-31.65463994691945,34458.0,8.429940356797887e-217,-0.06545191739436636,-0.05781906564136978,outside_pm005_but_not_pm010,-0.0616354915184503,5.822287096890477e-13,,,output/p0_major_revision_validation/zero_reference_fits/cell=C/block=fold_7_train/eval_predictions.parquet
posthoc:C:b=1.054970552956866,matched_beta_core,,C-posthoc,PRIMARY,4.0,,-0.0909015214774399,,1.054970552956866,True,exact_posthoc_solve,1.1102230246251565e-16,,pooled_oof,sensitivity,D3_row_balanced,151153.0,130165.0,-0.0418053396291157,0.0008667950370956866,0.0012611698862326668,0.0013067542168927664,130165.0,-48.22978655852728,151151.0,0.0,-0.04350424028800581,-0.04010643897022559,within_pm005,-0.044086941655149585,0.002281602026033884,,,concatenated fold_1..fold_7 (D3 row-balanced)
posthoc:C:b=1.054970552956866,matched_beta_core,,C-posthoc,PRIMARY,4.0,,-0.0909015214774399,,1.054970552956866,True,exact_posthoc_solve,1.1102230246251565e-16,,heldout,standards_facing,none,38290.0,38290.0,-0.044640748621771364,0.002167059632688305,0.0027212960715432607,,,-20.599686297692294,38288.0,8.923628843811135e-94,-0.04888824172636444,-0.04039325551717829,within_pm005,-0.04464074862183528,6.391415174888948e-14,,,output/p0_major_revision_validation/zero_reference_fits/cell=C/block=development_pool/eval_predictions.parquet
posthoc:C:b=1.054970552956866,matched_beta_core,,C-posthoc,PRIMARY,4.0,,-0.0909015214774399,,1.054970552956866,True,exact_posthoc_solve,1.1102230246251565e-16,,forward_2025,standards_facing,none,26641.0,26641.0,-0.05897979856793434,0.002415059994690643,0.0030268064775855687,,,-24.421670143846406,26639.0,2.7305046934241766e-130,-0.06371344425492019,-0.054246152880948494,outside_pm005_but_not_pm010,-0.05897979856787927,-5.5067062021407764e-14,,,output/p0_major_revision_validation/zero_reference_fits/cell=C/block=production_2016_2024/eval_predictions.parquet
posthoc:A:b=1.054888205243256,matched_beta_core,,A-posthoc,SECONDARY,4.0,,-0.0909015214774399,,1.054888205243256,True,exact_posthoc_solve,0.0,,fold_1,descriptive,none,5209.0,5209.0,-0.039815746130595575,0.004246699388499796,0.005362101969236857,,,-9.37569215245561,5207.0,1.0001153828336131e-20,-0.048141059192663996,-0.031490433068527154,within_pm005,-0.03981574613059175,-3.823330541052883e-15,,,output/p0_major_revision_validation/zero_reference_fits/cell=A/block=fold_1_train/eval_predictions.parquet
posthoc:A:b=1.054888205243256,matched_beta_core,,A-posthoc,SECONDARY,4.0,,-0.0909015214774399,,1.054888205243256,True,exact_posthoc_solve,0.0,,fold_2,descriptive,none,11197.0,11197.0,-0.03363430658754463,0.002986135637174558,0.004126768927434571,,,-11.263489229634915,11195.0,2.8551593497305095e-29,-0.03948765773228743,-0.027780955442801826,within_pm005,-0.03363430658759482,5.019595850086489e-14,,,output/p0_major_revision_validation/zero_reference_fits/cell=A/block=fold_2_train/eval_predictions.parquet
posthoc:A:b=1.054888205243256,matched_beta_core,,A-posthoc,SECONDARY,4.0,,-0.0909015214774399,,1.054888205243256,True,exact_posthoc_solve,0.0,,fold_3,descriptive,none,16798.0,16798.0,-0.03460050568915174,0.0024125142235684595,0.003435698953783378,,,-14.342093966174657,16796.0,2.243508495182344e-46,-0.039329287447786125,-0.029871723930517353,within_pm005,-0.034600505689251014,9.927475508320072e-14,,,output/p0_major_revision_validation/zero_reference_fits/cell=A/block=fold_3_train/eval_predictions.parquet
posthoc:A:b=1.054888205243256,matched_beta_core,,A-posthoc,SECONDARY,4.0,,-0.0909015214774399,,1.054888205243256,True,exact_posthoc_solve,0.0,,fold_4,descriptive,none,22323.0,22323.0,-0.02777310745180006,0.0023806025725085452,0.0033482940302485206,,,-11.666419154766485,22321.0,2.333610590196811e-31,-0.03243925577885258,-0.023106959124747545,within_pm005,-0.027773107451791908,-8.153200337090993e-15,,,output/p0_major_revision_validation/zero_reference_fits/cell=A/block=fold_4_train/eval_predictions.parquet
posthoc:A:b=1.054888205243256,matched_beta_core,,A-posthoc,SECONDARY,4.0,,-0.0909015214774399,,1.054888205243256,True,exact_posthoc_solve,0.0,,fold_5,descriptive,none,28053.0,28053.0,-0.03878569478251093,0.002012237744026999,0.0029038714430626882,,,-19.27490670406117,28051.0,2.973283423081097e-82,-0.04272977847116824,-0.034841611093853614,within_pm005,-0.038785694782398336,-1.1259049248479869e-13,,,output/p0_major_revision_validation/zero_reference_fits/cell=A/block=fold_5_train/eval_predictions.parquet
posthoc:A:b=1.054888205243256,matched_beta_core,,A-posthoc,SECONDARY,4.0,,-0.0909015214774399,,1.054888205243256,True,exact_posthoc_solve,0.0,,fold_6,descriptive,none,33113.0,33113.0,-0.061518690198138826,0.0019420472747912467,0.0027102765673480134,,,-31.67723618095319,33111.0,5.59667479566731e-217,-0.06532517205795353,-0.05771220833832413,outside_pm005_but_not_pm010,-0.0615186901982512,1.1237538677377756e-13,,,output/p0_major_revision_validation/zero_reference_fits/cell=A/block=fold_6_train/eval_predictions.parquet
posthoc:A:b=1.054888205243256,matched_beta_core,,A-posthoc,SECONDARY,4.0,,-0.0909015214774399,,1.054888205243256,True,exact_posthoc_solve,0.0,,fold_7,descriptive,none,34460.0,34460.0,-0.06281768157750145,0.001949644332523281,0.002666850741681095,,,-32.22007241505488,34458.0,2.000755002039038e-224,-0.06663904848038674,-0.05899631467461616,outside_pm005_but_not_pm010,-0.06281768157756248,6.103451077876798e-14,,,output/p0_major_revision_validation/zero_reference_fits/cell=A/block=fold_7_train/eval_predictions.parquet
posthoc:A:b=1.054888205243256,matched_beta_core,,A-posthoc,SECONDARY,4.0,,-0.0909015214774399,,1.054888205243256,True,exact_posthoc_solve,0.0,,pooled_oof,sensitivity,D3_row_balanced,151153.0,130165.0,-0.04200107332499925,0.0008622981843254235,0.0012566190596646307,0.0013027965455550212,130165.0,-48.7082938228111,151151.0,0.0,-0.043691160243838505,-0.040310986406159995,within_pm005,-0.04436088729638509,0.002359813971385842,,,concatenated fold_1..fold_7 (D3 row-balanced)
posthoc:A:b=1.054888205243256,matched_beta_core,,A-posthoc,SECONDARY,4.0,,-0.0909015214774399,,1.054888205243256,True,exact_posthoc_solve,0.0,,heldout,standards_facing,none,38290.0,38290.0,-0.04683372897241256,0.0021803389787868445,0.002731739124120418,,,-21.480021881033913,38288.0,9.562598736524933e-102,-0.051107249939892394,-0.04256020800493272,overlaps_pm005,-0.0468337289722026,-2.0995705174442492e-13,,,output/p0_major_revision_validation/zero_reference_fits/cell=A/block=development_pool/eval_predictions.parquet
posthoc:A:b=1.054888205243256,matched_beta_core,,A-posthoc,SECONDARY,4.0,,-0.0909015214774399,,1.054888205243256,True,exact_posthoc_solve,0.0,,forward_2025,standards_facing,none,26641.0,26641.0,-0.06213744495931528,0.0024216764980307835,0.0030226660694124964,,,-25.658854520759945,26639.0,1.865197400122847e-143,-0.0668840593437943,-0.057390830574836266,outside_pm005_but_not_pm010,-0.06213744495951232,1.9703683129534966e-13,,,output/p0_major_revision_validation/zero_reference_fits/cell=A/block=production_2016_2024/eval_predictions.parquet
fit:LGBCovPenalty:3edb8b904025b2c0,matched_beta_core,,Direct,PRIMARY,5.0,,-0.0786514918143895,86.85113737513521,,True,exact_anchor,0.0,,fold_1,descriptive,none,5209.0,5209.0,-0.028381139770475183,0.005453352924471375,0.005911694436443725,,,-5.204346786931332,5207.0,2.021511709102575e-07,-0.039072000173054566,-0.0176902793678958,within_pm005,-0.028381139770466118,-9.065664885454794e-15,-0.0283811397704661,1.734723475976807e-17,output/paper_v6_preselection_994/predictions/data_id=d4929d43ec19badf/split_id=3d464d4a611b131b/fold_id=0/aeba03116a7238d7.parquet
fit:LGBCovPenalty:3edb8b904025b2c0,matched_beta_core,,Direct,PRIMARY,5.0,,-0.0786514918143895,86.85113737513521,,True,exact_anchor,0.0,,fold_2,descriptive,none,11197.0,11197.0,-0.009805547118529767,0.0033571400521257397,0.004276566269320311,,,-2.9208037097889017,11195.0,0.0034982669828369332,-0.016386132180555006,-0.00322496205650453,within_pm005,-0.009805547118533448,3.681083216022785e-15,-0.0098055471185335,-5.204170427930421e-17,output/paper_v6_preselection_994/predictions/data_id=d4929d43ec19badf/split_id=3d464d4a611b131b/fold_id=1/2f9452bce7e8fba9.parquet
fit:LGBCovPenalty:3edb8b904025b2c0,matched_beta_core,,Direct,PRIMARY,5.0,,-0.0786514918143895,86.85113737513521,,True,exact_anchor,0.0,,fold_3,descriptive,none,16798.0,16798.0,-0.017418081108140693,0.0026717167998196547,0.0036042179810963685,,,-6.519433912051023,16796.0,7.258408231927353e-11,-0.022654927193357446,-0.012181235022923939,within_pm005,-0.017418081108163862,2.3168966745146236e-14,-0.017418081108164,-1.3877787807814457e-16,output/paper_v6_preselection_994/predictions/data_id=d4929d43ec19badf/split_id=3d464d4a611b131b/fold_id=2/a47143b9d27a74e4.parquet
fit:LGBCovPenalty:3edb8b904025b2c0,matched_beta_core,,Direct,PRIMARY,5.0,,-0.0786514918143895,86.85113737513521,,True,exact_anchor,0.0,,fold_4,descriptive,none,22323.0,22323.0,-0.003027285373116251,0.0026426956064001445,0.003543698622772342,,,-1.1455293473015573,22321.0,0.2520022271948868,-0.008207154463873021,0.0021525837176405195,within_pm005,-0.00302728537310223,-1.4020902494582543e-14,-0.0030272853731021,1.2967057982926633e-16,output/paper_v6_preselection_994/predictions/data_id=d4929d43ec19badf/split_id=3d464d4a611b131b/fold_id=3/fca20dbc9b4f7b81.parquet
fit:LGBCovPenalty:3edb8b904025b2c0,matched_beta_core,,Direct,PRIMARY,5.0,,-0.0786514918143895,86.85113737513521,,True,exact_anchor,0.0,,fold_5,descriptive,none,28053.0,28053.0,-0.014691325554407997,0.0023364134975698368,0.003109352376658256,,,-6.287981801889442,28051.0,3.2635508974521136e-10,-0.01927080946135549,-0.010111841647460503,within_pm005,-0.014691325554386056,-2.1940782524154656e-14,-0.014691325554386,5.551115123125783e-17,output/paper_v6_preselection_994/predictions/data_id=d4929d43ec19badf/split_id=3d464d4a611b131b/fold_id=4/7f40970c0bce21e0.parquet
fit:LGBCovPenalty:3edb8b904025b2c0,matched_beta_core,,Direct,PRIMARY,5.0,,-0.0786514918143895,86.85113737513521,,True,exact_anchor,0.0,,fold_6,descriptive,none,33113.0,33113.0,-0.040507567552931834,0.0021249241791173545,0.0028543378157031237,,,-19.063064908865485,33111.0,1.3848924333045414e-80,-0.04467249466170229,-0.03634264044416138,within_pm005,-0.040507567552869765,-6.206840597045016e-14,-0.04050756755287,-2.3592239273284576e-16,output/paper_v6_preselection_994/predictions/data_id=d4929d43ec19badf/split_id=3d464d4a611b131b/fold_id=5/90da9117ff77e1fe.parquet
fit:LGBCovPenalty:3edb8b904025b2c0,matched_beta_core,,Direct,PRIMARY,5.0,,-0.0786514918143895,86.85113737513521,,True,exact_anchor,0.0,,fold_7,descriptive,none,34460.0,34460.0,-0.03961915501860891,0.0021388178879429773,0.002791377075546743,,,-18.523856211392033,34458.0,3.113190879734857e-76,-0.04381130830110343,-0.03542700173611439,within_pm005,-0.039619155018836345,2.274361254883672e-13,-0.0396191550188363,4.85722573273506e-17,output/paper_v6_preselection_994/predictions/data_id=d4929d43ec19badf/split_id=3d464d4a611b131b/fold_id=6/6373c811294e93ad.parquet
fit:LGBCovPenalty:3edb8b904025b2c0,matched_beta_core,,Direct,PRIMARY,5.0,,-0.0786514918143895,86.85113737513521,,True,exact_anchor,0.0,,pooled_oof,sensitivity,D3_row_balanced,151153.0,130165.0,-0.020103241965697682,0.0009682721134324564,0.0013279431740455463,0.0013750925917364169,130165.0,-20.76197557154993,151151.0,1.300457600102461e-95,-0.022001035632130184,-0.01820544829926518,within_pm005,-0.022490250886099638,0.0023870089204019555,,,concatenated fold_1..fold_7 (D3 row-balanced)
fit:LGBCovPenalty:3edb8b904025b2c0,matched_beta_core,,Direct,PRIMARY,5.0,,-0.0786514918143895,86.85113737513521,,True,exact_anchor,0.0,,heldout,standards_facing,none,38290.0,38290.0,-0.021427480183977332,0.0022414848258191966,0.002749988060683062,,,-9.559502673031131,38288.0,1.2509246046366443e-21,-0.02582084859807415,-0.017034111769880515,within_pm005,-0.02142748018386075,-1.165838259264973e-13,-0.0214274801838607,4.85722573273506e-17,output/paper_v6_preselection_994/reporting_preview/heldout/LGBCovPenalty/chunk_07/analysis/data_id=d4929d43ec19badf/split_id=3d464d4a611b131b/test_run_predictions/3edb8b904025b2c0.parquet
fit:LGBCovPenalty:3edb8b904025b2c0,matched_beta_core,,Direct,PRIMARY,5.0,,-0.0786514918143895,86.85113737513521,,True,exact_anchor,0.0,,forward_2025,standards_facing,none,26641.0,26641.0,-0.028376864990570683,0.0025482776322539834,0.0030446408404475574,,,-11.13570383046175,26639.0,9.731206786333067e-29,-0.033371624313188145,-0.023382105667953217,within_pm005,-0.0283768649905379,-3.27828042490097e-14,-0.0283768649905378,1.0061396160665481e-16,output/paper_v6_preselection_994/reporting_preview/forward_2025/LGBCovPenalty/chunk_07/analysis/data_id=d4929d43ec19badf/split_id=3d464d4a611b131b/assess_run_predictions/3edb8b904025b2c0.parquet
fit:LGBSmoothPenalty:668324412c04438f,matched_beta_core,,Surrogate,PRIMARY,5.0,,-0.0786514918143895,2.559547922699536,,True,nearest_fitted,0.00030630349905610976,,fold_1,descriptive,none,5209.0,5209.0,-0.04097076058717697,0.0041376469133028405,0.00498579175979681,,,-9.901947035512611,5207.0,6.500260339832632e-23,-0.049082285030567385,-0.03285923614378655,within_pm005,-0.04097076058717365,-3.316791286067655e-15,-0.0409707605871737,-4.85722573273506e-17,output/paper_v6_preselection_994/predictions/data_id=d4929d43ec19badf/split_id=3d464d4a611b131b/fold_id=0/4e2a2260b66cf821.parquet
fit:LGBSmoothPenalty:668324412c04438f,matched_beta_core,,Surrogate,PRIMARY,5.0,,-0.0786514918143895,2.559547922699536,,True,nearest_fitted,0.00030630349905610976,,fold_2,descriptive,none,11197.0,11197.0,-0.03723652494938512,0.0029650456179213507,0.003999261134874321,,,-12.558499850498029,11195.0,6.233644843136855e-36,-0.043048535946412725,-0.03142451395235751,within_pm005,-0.0372365249493336,-5.152128723651117e-14,-0.0372365249493336,0.0,output/paper_v6_preselection_994/predictions/data_id=d4929d43ec19badf/split_id=3d464d4a611b131b/fold_id=1/b97cafc4d575225a.parquet
fit:LGBSmoothPenalty:668324412c04438f,matched_beta_core,,Surrogate,PRIMARY,5.0,,-0.0786514918143895,2.559547922699536,,True,nearest_fitted,0.00030630349905610976,,fold_3,descriptive,none,16798.0,16798.0,-0.021703546815799002,0.0023125122579686673,0.0032009401957122673,,,-9.38526779307263,16796.0,7.059430945731907e-21,-0.026236314198171427,-0.017170779433426576,within_pm005,-0.021703546815812075,1.3072876114961218e-14,-0.0217035468158118,2.740863092043355e-16,output/paper_v6_preselection_994/predictions/data_id=d4929d43ec19badf/split_id=3d464d4a611b131b/fold_id=2/68332b9fbab39c6c.parquet
fit:LGBSmoothPenalty:668324412c04438f,matched_beta_core,,Surrogate,PRIMARY,5.0,,-0.0786514918143895,2.559547922699536,,True,nearest_fitted,0.00030630349905610976,,fold_4,descriptive,none,22323.0,22323.0,-0.0071129716569932055,0.002327496864511585,0.0030194442473365345,,,-3.0560606828081944,22321.0,0.0022453066315716056,-0.011675029064633732,-0.002550914249352678,within_pm005,-0.00711297165695067,-4.253541963095131e-14,-0.0071129716569506,7.025630077706069e-17,output/paper_v6_preselection_994/predictions/data_id=d4929d43ec19badf/split_id=3d464d4a611b131b/fold_id=3/b3999b38783cdfa1.parquet
fit:LGBSmoothPenalty:668324412c04438f,matched_beta_core,,Surrogate,PRIMARY,5.0,,-0.0786514918143895,2.559547922699536,,True,nearest_fitted,0.00030630349905610976,,fold_5,descriptive,none,28053.0,28053.0,-0.020195761366226472,0.001934518845676642,0.0026411015512384176,,,-10.439681893697212,28051.0,1.8190025211270333e-25,-0.023987512240238026,-0.016404010492214918,within_pm005,-0.020195761366251,2.4528989950312052e-14,-0.020195761366251,0.0,output/paper_v6_preselection_994/predictions/data_id=d4929d43ec19badf/split_id=3d464d4a611b131b/fold_id=4/95bee48accea16af.parquet
fit:LGBSmoothPenalty:668324412c04438f,matched_beta_core,,Surrogate,PRIMARY,5.0,,-0.0786514918143895,2.559547922699536,,True,nearest_fitted,0.00030630349905610976,,fold_6,descriptive,none,33113.0,33113.0,-0.04299230074495586,0.0019052570298168578,0.002576131559142625,,,-22.565092306253543,33111.0,6.6794306367039705e-112,-0.04672667241366916,-0.03925792907624256,within_pm005,-0.04299230074497271,1.6854573292590658e-14,-0.0429923007449727,1.3877787807814457e-17,output/paper_v6_preselection_994/predictions/data_id=d4929d43ec19badf/split_id=3d464d4a611b131b/fold_id=5/9a24f73805b20277.parquet
fit:LGBSmoothPenalty:668324412c04438f,matched_beta_core,,Surrogate,PRIMARY,5.0,,-0.0786514918143895,2.559547922699536,,True,nearest_fitted,0.00030630349905610976,,fold_7,descriptive,none,34460.0,34460.0,-0.04177988150266321,0.0018919151190596398,0.0024550187680094674,,,-22.083380528947586,34458.0,2.540852017318766e-107,-0.04548809725178188,-0.03807166575354454,within_pm005,-0.041779881502360956,-3.0225127956029496e-13,-0.041779881502361,-4.163336342344337e-17,output/paper_v6_preselection_994/predictions/data_id=d4929d43ec19badf/split_id=3d464d4a611b131b/fold_id=6/ca6ef97da68d5ecb.parquet
fit:LGBSmoothPenalty:668324412c04438f,matched_beta_core,,Surrogate,PRIMARY,5.0,,-0.0786514918143895,2.559547922699536,,True,nearest_fitted,0.00030630349905610976,,pooled_oof,sensitivity,D3_row_balanced,151153.0,130165.0,-0.027322026578817105,0.0008386943420307683,0.0011656841896280482,0.0012106252086791424,130165.0,-32.576858110978854,151151.0,5.591160298742328e-232,-0.02896585044640368,-0.02567820271123053,within_pm005,-0.029031299470207224,0.0017092728913901192,,,concatenated fold_1..fold_7 (D3 row-balanced)
fit:LGBSmoothPenalty:668324412c04438f,matched_beta_core,,Surrogate,PRIMARY,5.0,,-0.0786514918143895,2.559547922699536,,True,nearest_fitted,0.00030630349905610976,,heldout,standards_facing,none,38290.0,38290.0,-0.019969064908756717,0.0020709935941908195,0.002445361736119454,,,-9.642263001088155,38288.0,5.614667586122414e-22,-0.024028266085454178,-0.015909863732059257,within_pm005,-0.019969064908525905,-2.308118973726181e-13,-0.0199690649085258,1.0408340855860843e-16,output/paper_v6_preselection_994/reporting_preview/heldout/LGBSmoothPenalty/chunk_03/analysis/data_id=d4929d43ec19badf/split_id=3d464d4a611b131b/test_run_predictions/668324412c04438f.parquet
fit:LGBSmoothPenalty:668324412c04438f,matched_beta_core,,Surrogate,PRIMARY,5.0,,-0.0786514918143895,2.559547922699536,,True,nearest_fitted,0.00030630349905610976,,forward_2025,standards_facing,none,26641.0,26641.0,-0.03817695213476702,0.0023181521571637447,0.002653781969424746,,,-16.468699872348523,26639.0,1.2286315032911794e-60,-0.04272065332010371,-0.03363325094943032,within_pm005,-0.03817695213478043,1.3412881916252672e-14,-0.0381769521347804,2.7755575615628914e-17,output/paper_v6_preselection_994/reporting_preview/forward_2025/LGBSmoothPenalty/chunk_03/analysis/data_id=d4929d43ec19badf/split_id=3d464d4a611b131b/assess_run_predictions/668324412c04438f.parquet
posthoc:C:b=1.0691861972161865,matched_beta_core,,C-posthoc,PRIMARY,5.0,,-0.0786514918143895,,1.0691861972161865,True,exact_posthoc_solve,6.938893903907228e-17,,fold_1,descriptive,none,5209.0,5209.0,-0.027493642779178873,0.0041892451330570405,0.005258254313506819,,,-6.562910955539092,5207.0,5.789057557127363e-11,-0.03570632138809897,-0.019280964170258777,within_pm005,-0.027493642779164648,-1.4224732503009818e-14,,,output/p0_major_revision_validation/zero_reference_fits/cell=C/block=fold_1_train/eval_predictions.parquet
posthoc:C:b=1.0691861972161865,matched_beta_core,,C-posthoc,PRIMARY,5.0,,-0.0786514918143895,,1.0691861972161865,True,exact_posthoc_solve,6.938893903907228e-17,,fold_2,descriptive,none,11197.0,11197.0,-0.026014960712195778,0.0030238195021192005,0.004142710379936155,,,-8.603344443662582,11195.0,8.774261472785118e-18,-0.031942178861258844,-0.020087742563132716,within_pm005,-0.026014960712124294,-7.148448499805227e-14,,,output/p0_major_revision_validation/zero_reference_fits/cell=C/block=fold_2_train/eval_predictions.parquet
posthoc:C:b=1.0691861972161865,matched_beta_core,,C-posthoc,PRIMARY,5.0,,-0.0786514918143895,,1.0691861972161865,True,exact_posthoc_solve,6.938893903907228e-17,,fold_3,descriptive,none,16798.0,16798.0,-0.02482603307327569,0.0024128308321585256,0.0034240810494913505,,,-10.289172677334468,16796.0,9.339262379273476e-25,-0.029555435418064845,-0.020096630728486532,within_pm005,-0.024826033073248585,-2.7103319588661634e-14,,,output/p0_major_revision_validation/zero_reference_fits/cell=C/block=fold_3_train/eval_predictions.parquet
posthoc:C:b=1.0691861972161865,matched_beta_core,,C-posthoc,PRIMARY,5.0,,-0.0786514918143895,,1.0691861972161865,True,exact_posthoc_solve,6.938893903907228e-17,,fold_4,descriptive,none,22323.0,22323.0,-0.01752058173010329,0.0023901606374131593,0.00330346420391134,,,-7.330294648758669,22321.0,2.3746567134169683e-13,-0.022205464536014043,-0.012835698924192538,within_pm005,-0.017520581730080986,-2.2305074454109786e-14,,,output/p0_major_revision_validation/zero_reference_fits/cell=C/block=fold_4_train/eval_predictions.parquet
posthoc:C:b=1.0691861972161865,matched_beta_core,,C-posthoc,PRIMARY,5.0,,-0.0786514918143895,,1.0691861972161865,True,exact_posthoc_solve,6.938893903907228e-17,,fold_5,descriptive,none,28053.0,28053.0,-0.025632035175957357,0.0019911341610705773,0.002848831642697522,,,-12.873082927860434,28051.0,8.165779281388608e-38,-0.029534754817271,-0.021729315534643714,within_pm005,-0.025632035176026614,6.925710005489805e-14,,,output/p0_major_revision_validation/zero_reference_fits/cell=C/block=fold_5_train/eval_predictions.parquet
posthoc:C:b=1.0691861972161865,matched_beta_core,,C-posthoc,PRIMARY,5.0,,-0.0786514918143895,,1.0691861972161865,True,exact_posthoc_solve,6.938893903907228e-17,,fold_6,descriptive,none,33113.0,33113.0,-0.05033585264607621,0.0019269785667267315,0.002666296598726519,,,-26.12164635104342,33111.0,6.705647029898201e-149,-0.054112799301139214,-0.0465589059910132,overlaps_pm005,-0.0503358526461515,7.529393775129734e-14,,,output/p0_major_revision_validation/zero_reference_fits/cell=C/block=fold_6_train/eval_predictions.parquet
posthoc:C:b=1.0691861972161865,matched_beta_core,,C-posthoc,PRIMARY,5.0,,-0.0786514918143895,,1.0691861972161865,True,exact_posthoc_solve,6.938893903907228e-17,,fold_7,descriptive,none,34460.0,34460.0,-0.05050804481653515,0.0019309264464569178,0.0026260860632118066,,,-26.157415218592618,34458.0,2.3410890197029383e-149,-0.054292724048180724,-0.04672336558488957,overlaps_pm005,-0.05050804481634845,-1.8669787937852789e-13,,,output/p0_major_revision_validation/zero_reference_fits/cell=C/block=fold_7_train/eval_predictions.parquet
posthoc:C:b=1.0691861972161865,matched_beta_core,,C-posthoc,PRIMARY,5.0,,-0.0786514918143895,,1.0691861972161865,True,exact_posthoc_solve,6.938893903907228e-17,,pooled_oof,sensitivity,D3_row_balanced,151153.0,130165.0,-0.031099374993634465,0.0008587215217137975,0.0012420141505705587,0.0012874868736571657,130165.0,-36.21590260317191,151151.0,5.816730135158209e-286,-0.03278245172643496,-0.029416298260833973,within_pm005,-0.03334748695288885,0.0022481119592543813,,,concatenated fold_1..fold_7 (D3 row-balanced)
posthoc:C:b=1.0691861972161865,matched_beta_core,,C-posthoc,PRIMARY,5.0,,-0.0786514918143895,,1.0691861972161865,True,exact_posthoc_solve,6.938893903907228e-17,,heldout,standards_facing,none,38290.0,38290.0,-0.0337549077189635,0.002154768452807357,0.002692219284075166,,,-15.665213436267665,38288.0,3.881338807988098e-55,-0.037978309792094336,-0.029531505645832665,within_pm005,-0.033754907719029156,6.56558141187702e-14,,,output/p0_major_revision_validation/zero_reference_fits/cell=C/block=development_pool/eval_predictions.parquet
posthoc:C:b=1.0691861972161865,matched_beta_core,,C-posthoc,PRIMARY,5.0,,-0.0786514918143895,,1.0691861972161865,True,exact_posthoc_solve,6.938893903907228e-17,,forward_2025,standards_facing,none,26641.0,26641.0,-0.04806645258002051,0.002401817191128694,0.002994278303765319,,,-20.01253582394107,26639.0,1.9153873407137673e-88,-0.05277414166961233,-0.0433587634904287,overlaps_pm005,-0.04806645257984883,-1.7168211297047264e-13,,,output/p0_major_revision_validation/zero_reference_fits/cell=C/block=production_2016_2024/eval_predictions.parquet
posthoc:A:b=1.0691027398736879,matched_beta_core,,A-posthoc,SECONDARY,5.0,,-0.0786514918143895,,1.0691027398736879,True,exact_posthoc_solve,4.163336342344337e-17,,fold_1,descriptive,none,5209.0,5209.0,-0.028769918363969915,0.004199237890979124,0.005269336125918215,,,-6.8512237484268175,5207.0,8.170217269886393e-12,-0.03700218697219161,-0.02053764975574822,within_pm005,-0.02876991836396493,-4.9855952699573436e-15,,,output/p0_major_revision_validation/zero_reference_fits/cell=A/block=fold_1_train/eval_predictions.parquet
posthoc:A:b=1.0691027398736879,matched_beta_core,,A-posthoc,SECONDARY,5.0,,-0.0786514918143895,,1.0691027398736879,True,exact_posthoc_solve,4.163336342344337e-17,,fold_2,descriptive,none,11197.0,11197.0,-0.022848925686738797,0.0029540749711200877,0.004057214308171726,,,-7.734714220226861,11195.0,1.1252435953289865e-14,-0.028639432286171957,-0.017058419087305637,within_pm005,-0.02284892568679013,5.1333937101105676e-14,,,output/p0_major_revision_validation/zero_reference_fits/cell=A/block=fold_2_train/eval_predictions.parquet
posthoc:A:b=1.0691027398736879,matched_beta_core,,A-posthoc,SECONDARY,5.0,,-0.0786514918143895,,1.0691027398736879,True,exact_posthoc_solve,4.163336342344337e-17,,fold_3,descriptive,none,16798.0,16798.0,-0.02378247964117286,0.002388076699296607,0.0033811166327273982,,,-9.958842464388955,16796.0,2.677433372558105e-23,-0.028463361280556553,-0.019101598001789167,within_pm005,-0.023782479641157987,-1.4873519083025144e-14,,,output/p0_major_revision_validation/zero_reference_fits/cell=A/block=fold_3_train/eval_predictions.parquet
posthoc:A:b=1.0691027398736879,matched_beta_core,,A-posthoc,SECONDARY,5.0,,-0.0786514918143895,,1.0691027398736879,True,exact_posthoc_solve,4.163336342344337e-17,,fold_4,descriptive,none,22323.0,22323.0,-0.017054200377713546,0.002359874144260004,0.003297352857075411,,,-7.226741485004618,22321.0,5.106340818632607e-13,-0.021679719528812327,-0.012428681226614764,within_pm005,-0.017054200377768558,5.5011550870176507e-14,,,output/p0_major_revision_validation/zero_reference_fits/cell=A/block=fold_4_train/eval_predictions.parquet
posthoc:A:b=1.0691027398736879,matched_beta_core,,A-posthoc,SECONDARY,5.0,,-0.0786514918143895,,1.0691027398736879,True,exact_posthoc_solve,4.163336342344337e-17,,fold_5,descriptive,none,28053.0,28053.0,-0.028030485934231852,0.0019941372884481235,0.00286416101698011,,,-14.056447415436338,28051.0,9.978256752189034e-45,-0.03193909185103153,-0.024121880017432176,within_pm005,-0.02803048593422201,-9.842821002692403e-15,,,output/p0_major_revision_validation/zero_reference_fits/cell=A/block=fold_5_train/eval_predictions.parquet
posthoc:A:b=1.0691027398736879,matched_beta_core,,A-posthoc,SECONDARY,5.0,,-0.0786514918143895,,1.0691027398736879,True,exact_posthoc_solve,4.163336342344337e-17,,fold_6,descriptive,none,33113.0,33113.0,-0.05047256370086339,0.0019254317371124314,0.0026801904361466516,,,-26.21363444260925,33111.0,6.320265424425948e-150,-0.054246478514763996,-0.04669864888696279,overlaps_pm005,-0.05047256370055959,-3.038055917947702e-13,,,output/p0_major_revision_validation/zero_reference_fits/cell=A/block=fold_6_train/eval_predictions.parquet
posthoc:A:b=1.0691027398736879,matched_beta_core,,A-posthoc,SECONDARY,5.0,,-0.0786514918143895,,1.0691027398736879,True,exact_posthoc_solve,4.163336342344337e-17,,fold_7,descriptive,none,34460.0,34460.0,-0.051699111996017955,0.0019335418227036045,0.002637341248686829,,,-26.73803658600406,34458.0,6.663849549322373e-156,-0.05548891745097563,-0.04790930654106028,overlaps_pm005,-0.05169911199603831,2.0358714714063808e-14,,,output/p0_major_revision_validation/zero_reference_fits/cell=A/block=fold_7_train/eval_predictions.parquet
posthoc:A:b=1.0691027398736879,matched_beta_core,,A-posthoc,SECONDARY,5.0,,-0.0786514918143895,,1.0691027398736879,True,exact_posthoc_solve,4.163336342344337e-17,,pooled_oof,sensitivity,D3_row_balanced,151153.0,130165.0,-0.03130434292636153,0.0008540910978274597,0.0012374111737293594,0.0012834836157749813,130165.0,-36.652229494008274,151151.0,8.233566327267051e-293,-0.03297834412243791,-0.02963034173028515,within_pm005,-0.0336302875632802,0.002325944636918674,,,concatenated fold_1..fold_7 (D3 row-balanced)
posthoc:A:b=1.0691027398736879,matched_beta_core,,A-posthoc,SECONDARY,5.0,,-0.0786514918143895,,1.0691027398736879,True,exact_posthoc_solve,4.163336342344337e-17,,heldout,standards_facing,none,38290.0,38290.0,-0.03589407016292678,0.0021676433927036395,0.0027022280640046155,,,-16.55902916676582,38288.0,2.2541821879023285e-61,-0.04014270745229561,-0.031645432873557956,within_pm005,-0.03589407016299792,7.11375403028569e-14,,,output/p0_major_revision_validation/zero_reference_fits/cell=A/block=development_pool/eval_predictions.parquet
posthoc:A:b=1.0691027398736879,matched_beta_core,,A-posthoc,SECONDARY,5.0,,-0.0786514918143895,,1.0691027398736879,True,exact_posthoc_solve,4.163336342344337e-17,,forward_2025,standards_facing,none,26641.0,26641.0,-0.05118915919177813,0.0024056746573404594,0.002985009174813564,,,-21.278504570675896,26639.0,1.2136957299909617e-99,-0.055904409119749185,-0.04647390926380708,overlaps_pm005,-0.05118915919185964,8.15042477952943e-14,,,output/p0_major_revision_validation/zero_reference_fits/cell=A/block=production_2016_2024/eval_predictions.parquet
fit:LGBSmoothPenalty:5625c32dd0094442,matched_beta_ext,,Surrogate,PRIMARY,,-0.06,-0.06,5.963623316594643,,True,nearest_fitted,0.0008994007164188009,-0.0186094650282942,fold_1,descriptive,none,5209.0,5209.0,-0.02517838345097706,0.0040590142198520945,0.004868352975109748,,,-6.203078404562605,5207.0,5.964456448675033e-10,-0.03313575481452766,-0.017221012087426463,within_pm005,-0.025178383450947837,-2.922315167630529e-14,-0.0251783834509478,3.8163916471489756e-17,output/paper_v6_preselection_994/predictions/data_id=d4929d43ec19badf/split_id=3d464d4a611b131b/fold_id=0/c5f21827462f47a4.parquet
fit:LGBSmoothPenalty:5625c32dd0094442,matched_beta_ext,,Surrogate,PRIMARY,,-0.06,-0.06,5.963623316594643,,True,nearest_fitted,0.0008994007164188009,-0.0186094650282942,fold_2,descriptive,none,11197.0,11197.0,-0.024149866742933623,0.002849281955980779,0.003908155429016949,,,-8.475772884547947,11195.0,2.627544759870552e-17,-0.029734960598387376,-0.01856477288747987,within_pm005,-0.02414986674295791,2.42861286636753e-14,-0.0241498667429578,1.1102230246251565e-16,output/paper_v6_preselection_994/predictions/data_id=d4929d43ec19badf/split_id=3d464d4a611b131b/fold_id=1/81e34a07af1ab0ec.parquet
fit:LGBSmoothPenalty:5625c32dd0094442,matched_beta_ext,,Surrogate,PRIMARY,,-0.06,-0.06,5.963623316594643,,True,nearest_fitted,0.0008994007164188009,-0.0186094650282942,fold_3,descriptive,none,16798.0,16798.0,-0.0068231120135075485,0.0022840082845731837,0.0031300871618211573,,,-2.9873411841772692,16796.0,0.0028182186658261624,-0.011300008608415023,-0.0023462154186000726,within_pm005,-0.006823112013544343,3.679435228720607e-14,-0.0068231120135442,1.4311468676808659e-16,output/paper_v6_preselection_994/predictions/data_id=d4929d43ec19badf/split_id=3d464d4a611b131b/fold_id=2/1015bae36700b884.parquet
fit:LGBSmoothPenalty:5625c32dd0094442,matched_beta_ext,,Surrogate,PRIMARY,,-0.06,-0.06,5.963623316594643,,True,nearest_fitted,0.0008994007164188009,-0.0186094650282942,fold_4,descriptive,none,22323.0,22323.0,0.008370056011332505,0.0022840304961634313,0.002921003314169431,,,3.66459906091096,22321.0,0.0002482999853943316,0.003893195740035934,0.012846916282629076,within_pm005,0.00837005601131068,2.182455605126421e-14,0.0083700560113106,-7.979727989493313e-17,output/paper_v6_preselection_994/predictions/data_id=d4929d43ec19badf/split_id=3d464d4a611b131b/fold_id=3/9b3114699a2ac25e.parquet
fit:LGBSmoothPenalty:5625c32dd0094442,matched_beta_ext,,Surrogate,PRIMARY,,-0.06,-0.06,5.963623316594643,,True,nearest_fitted,0.0008994007164188009,-0.0186094650282942,fold_5,descriptive,none,28053.0,28053.0,-0.0034772957683580907,0.0019226918331551586,0.0025869743790136253,,,-1.808555957015644,28051.0,0.07053071947031721,-0.007245865123530736,0.0002912735868145543,within_pm005,-0.003477295768378846,2.075509902832451e-14,-0.0034772957683789,-5.421010862427522e-17,output/paper_v6_preselection_994/predictions/data_id=d4929d43ec19badf/split_id=3d464d4a611b131b/fold_id=4/73558af4bc9c53ab.parquet
fit:LGBSmoothPenalty:5625c32dd0094442,matched_beta_ext,,Surrogate,PRIMARY,,-0.06,-0.06,5.963623316594643,,True,nearest_fitted,0.0008994007164188009,-0.0186094650282942,fold_6,descriptive,none,33113.0,33113.0,-0.02070436587257829,0.0018635043677022022,0.0024511051876210965,,,-11.110446657073227,33111.0,1.2540397341103959e-28,-0.02435690083576881,-0.01705183090938777,within_pm005,-0.020704365872660797,8.25069179644089e-14,-0.0207043658726608,-3.469446951953614e-18,output/paper_v6_preselection_994/predictions/data_id=d4929d43ec19badf/split_id=3d464d4a611b131b/fold_id=5/83209ec72d89df4f.parquet
fit:LGBSmoothPenalty:5625c32dd0094442,matched_beta_ext,,Surrogate,PRIMARY,,-0.06,-0.06,5.963623316594643,,True,nearest_fitted,0.0008994007164188009,-0.0186094650282942,fold_7,descriptive,none,34460.0,34460.0,-0.019053491897500274,0.0018558612614200162,0.0023654044617708245,,,-10.266657477898674,34458.0,1.0810270089536981e-24,-0.02269104090191732,-0.015415942893083229,within_pm005,-0.019053491897549263,4.898859096158503e-14,-0.0190534918975492,6.245004513516506e-17,output/paper_v6_preselection_994/predictions/data_id=d4929d43ec19badf/split_id=3d464d4a611b131b/fold_id=6/88bf17fc481ad2b6.parquet
fit:LGBSmoothPenalty:5625c32dd0094442,matched_beta_ext,,Surrogate,PRIMARY,,-0.06,-0.06,5.963623316594643,,True,nearest_fitted,0.0008994007164188009,-0.0186094650282942,pooled_oof,sensitivity,D3_row_balanced,151153.0,130165.0,-0.009947079878467768,0.0008236424868843506,0.001131215587029044,0.001175356127821934,130165.0,-12.076938765137378,151151.0,1.4490301191201267e-33,-0.011561402415830478,-0.008332757341105059,within_pm005,-0.010964383913588982,0.0010173040351212134,,,concatenated fold_1..fold_7 (D3 row-balanced)
fit:LGBSmoothPenalty:5625c32dd0094442,matched_beta_ext,,Surrogate,PRIMARY,,-0.06,-0.06,5.963623316594643,,True,nearest_fitted,0.0008994007164188009,-0.0186094650282942,heldout,standards_facing,none,38290.0,38290.0,0.0027353230778064397,0.0020057376875267977,0.0023172501486851444,,,1.3637491556432124,38288.0,0.17265454488279286,-0.001195974828760167,0.0066666209843730465,within_pm005,0.002735323077802078,4.361528499474687e-15,0.002735323077802,-7.806255641895632e-17,output/paper_v6_preselection_994/reporting_preview/heldout/LGBSmoothPenalty/chunk_04/analysis/data_id=d4929d43ec19badf/split_id=3d464d4a611b131b/test_run_predictions/5625c32dd0094442.parquet
fit:LGBSmoothPenalty:5625c32dd0094442,matched_beta_ext,,Surrogate,PRIMARY,,-0.06,-0.06,5.963623316594643,,True,nearest_fitted,0.0008994007164188009,-0.0186094650282942,forward_2025,standards_facing,none,26641.0,26641.0,-0.01362701334019012,0.002240946292778446,0.002495609112240041,,,-6.080919201010665,26639.0,1.211203729317777e-09,-0.01801938693624914,-0.0092346397441311,within_pm005,-0.01362701334013154,-5.85798770602608e-14,-0.0136270133401315,3.9898639947466563e-17,output/paper_v6_preselection_994/reporting_preview/forward_2025/LGBSmoothPenalty/chunk_04/analysis/data_id=d4929d43ec19badf/split_id=3d464d4a611b131b/assess_run_predictions/5625c32dd0094442.parquet
NOT_ATTAINED,matched_beta_ext,,Direct,PRIMARY,,-0.06,-0.06,,,False,NOT_ATTAINED,0.018651491814389506,-0.0786514918143895,fold_1,descriptive,,,,,,,,,,,,,,,,,,,NOT_ATTAINED within the frozen design
NOT_ATTAINED,matched_beta_ext,,Direct,PRIMARY,,-0.06,-0.06,,,False,NOT_ATTAINED,0.018651491814389506,-0.0786514918143895,fold_2,descriptive,,,,,,,,,,,,,,,,,,,NOT_ATTAINED within the frozen design
NOT_ATTAINED,matched_beta_ext,,Direct,PRIMARY,,-0.06,-0.06,,,False,NOT_ATTAINED,0.018651491814389506,-0.0786514918143895,fold_3,descriptive,,,,,,,,,,,,,,,,,,,NOT_ATTAINED within the frozen design
NOT_ATTAINED,matched_beta_ext,,Direct,PRIMARY,,-0.06,-0.06,,,False,NOT_ATTAINED,0.018651491814389506,-0.0786514918143895,fold_4,descriptive,,,,,,,,,,,,,,,,,,,NOT_ATTAINED within the frozen design
NOT_ATTAINED,matched_beta_ext,,Direct,PRIMARY,,-0.06,-0.06,,,False,NOT_ATTAINED,0.018651491814389506,-0.0786514918143895,fold_5,descriptive,,,,,,,,,,,,,,,,,,,NOT_ATTAINED within the frozen design
NOT_ATTAINED,matched_beta_ext,,Direct,PRIMARY,,-0.06,-0.06,,,False,NOT_ATTAINED,0.018651491814389506,-0.0786514918143895,fold_6,descriptive,,,,,,,,,,,,,,,,,,,NOT_ATTAINED within the frozen design
NOT_ATTAINED,matched_beta_ext,,Direct,PRIMARY,,-0.06,-0.06,,,False,NOT_ATTAINED,0.018651491814389506,-0.0786514918143895,fold_7,descriptive,,,,,,,,,,,,,,,,,,,NOT_ATTAINED within the frozen design
NOT_ATTAINED,matched_beta_ext,,Direct,PRIMARY,,-0.06,-0.06,,,False,NOT_ATTAINED,0.018651491814389506,-0.0786514918143895,pooled_oof,sensitivity,,,,,,,,,,,,,,,,,,,NOT_ATTAINED within the frozen design
NOT_ATTAINED,matched_beta_ext,,Direct,PRIMARY,,-0.06,-0.06,,,False,NOT_ATTAINED,0.018651491814389506,-0.0786514918143895,heldout,standards_facing,,,,,,,,,,,,,,,,,,,NOT_ATTAINED within the frozen design
NOT_ATTAINED,matched_beta_ext,,Direct,PRIMARY,,-0.06,-0.06,,,False,NOT_ATTAINED,0.018651491814389506,-0.0786514918143895,forward_2025,standards_facing,,,,,,,,,,,,,,,,,,,NOT_ATTAINED within the frozen design
NOT_ATTAINED,matched_beta_ext,,Direct,PRIMARY,,-0.03,-0.03,,,False,NOT_ATTAINED,0.048651491814389505,-0.0786514918143895,fold_1,descriptive,,,,,,,,,,,,,,,,,,,NOT_ATTAINED within the frozen design
NOT_ATTAINED,matched_beta_ext,,Direct,PRIMARY,,-0.03,-0.03,,,False,NOT_ATTAINED,0.048651491814389505,-0.0786514918143895,fold_2,descriptive,,,,,,,,,,,,,,,,,,,NOT_ATTAINED within the frozen design
NOT_ATTAINED,matched_beta_ext,,Direct,PRIMARY,,-0.03,-0.03,,,False,NOT_ATTAINED,0.048651491814389505,-0.0786514918143895,fold_3,descriptive,,,,,,,,,,,,,,,,,,,NOT_ATTAINED within the frozen design
NOT_ATTAINED,matched_beta_ext,,Direct,PRIMARY,,-0.03,-0.03,,,False,NOT_ATTAINED,0.048651491814389505,-0.0786514918143895,fold_4,descriptive,,,,,,,,,,,,,,,,,,,NOT_ATTAINED within the frozen design
NOT_ATTAINED,matched_beta_ext,,Direct,PRIMARY,,-0.03,-0.03,,,False,NOT_ATTAINED,0.048651491814389505,-0.0786514918143895,fold_5,descriptive,,,,,,,,,,,,,,,,,,,NOT_ATTAINED within the frozen design
NOT_ATTAINED,matched_beta_ext,,Direct,PRIMARY,,-0.03,-0.03,,,False,NOT_ATTAINED,0.048651491814389505,-0.0786514918143895,fold_6,descriptive,,,,,,,,,,,,,,,,,,,NOT_ATTAINED within the frozen design
NOT_ATTAINED,matched_beta_ext,,Direct,PRIMARY,,-0.03,-0.03,,,False,NOT_ATTAINED,0.048651491814389505,-0.0786514918143895,fold_7,descriptive,,,,,,,,,,,,,,,,,,,NOT_ATTAINED within the frozen design
NOT_ATTAINED,matched_beta_ext,,Direct,PRIMARY,,-0.03,-0.03,,,False,NOT_ATTAINED,0.048651491814389505,-0.0786514918143895,pooled_oof,sensitivity,,,,,,,,,,,,,,,,,,,NOT_ATTAINED within the frozen design
NOT_ATTAINED,matched_beta_ext,,Direct,PRIMARY,,-0.03,-0.03,,,False,NOT_ATTAINED,0.048651491814389505,-0.0786514918143895,heldout,standards_facing,,,,,,,,,,,,,,,,,,,NOT_ATTAINED within the frozen design
NOT_ATTAINED,matched_beta_ext,,Direct,PRIMARY,,-0.03,-0.03,,,False,NOT_ATTAINED,0.048651491814389505,-0.0786514918143895,forward_2025,standards_facing,,,,,,,,,,,,,,,,,,,NOT_ATTAINED within the frozen design
NOT_ATTAINED,matched_beta_ext,,Surrogate,PRIMARY,,0.0,0.0,,,False,NOT_ATTAINED,0.0186094650282942,-0.0186094650282942,fold_1,descriptive,,,,,,,,,,,,,,,,,,,NOT_ATTAINED within the frozen design
NOT_ATTAINED,matched_beta_ext,,Surrogate,PRIMARY,,0.0,0.0,,,False,NOT_ATTAINED,0.0186094650282942,-0.0186094650282942,fold_2,descriptive,,,,,,,,,,,,,,,,,,,NOT_ATTAINED within the frozen design
NOT_ATTAINED,matched_beta_ext,,Surrogate,PRIMARY,,0.0,0.0,,,False,NOT_ATTAINED,0.0186094650282942,-0.0186094650282942,fold_3,descriptive,,,,,,,,,,,,,,,,,,,NOT_ATTAINED within the frozen design
NOT_ATTAINED,matched_beta_ext,,Surrogate,PRIMARY,,0.0,0.0,,,False,NOT_ATTAINED,0.0186094650282942,-0.0186094650282942,fold_4,descriptive,,,,,,,,,,,,,,,,,,,NOT_ATTAINED within the frozen design
NOT_ATTAINED,matched_beta_ext,,Surrogate,PRIMARY,,0.0,0.0,,,False,NOT_ATTAINED,0.0186094650282942,-0.0186094650282942,fold_5,descriptive,,,,,,,,,,,,,,,,,,,NOT_ATTAINED within the frozen design
NOT_ATTAINED,matched_beta_ext,,Surrogate,PRIMARY,,0.0,0.0,,,False,NOT_ATTAINED,0.0186094650282942,-0.0186094650282942,fold_6,descriptive,,,,,,,,,,,,,,,,,,,NOT_ATTAINED within the frozen design
NOT_ATTAINED,matched_beta_ext,,Surrogate,PRIMARY,,0.0,0.0,,,False,NOT_ATTAINED,0.0186094650282942,-0.0186094650282942,fold_7,descriptive,,,,,,,,,,,,,,,,,,,NOT_ATTAINED within the frozen design
NOT_ATTAINED,matched_beta_ext,,Surrogate,PRIMARY,,0.0,0.0,,,False,NOT_ATTAINED,0.0186094650282942,-0.0186094650282942,pooled_oof,sensitivity,,,,,,,,,,,,,,,,,,,NOT_ATTAINED within the frozen design
NOT_ATTAINED,matched_beta_ext,,Surrogate,PRIMARY,,0.0,0.0,,,False,NOT_ATTAINED,0.0186094650282942,-0.0186094650282942,heldout,standards_facing,,,,,,,,,,,,,,,,,,,NOT_ATTAINED within the frozen design
NOT_ATTAINED,matched_beta_ext,,Surrogate,PRIMARY,,0.0,0.0,,,False,NOT_ATTAINED,0.0186094650282942,-0.0186094650282942,forward_2025,standards_facing,,,,,,,,,,,,,,,,,,,NOT_ATTAINED within the frozen design
NOT_ATTAINED,matched_beta_ext,,Direct,PRIMARY,,0.0,0.0,,,False,NOT_ATTAINED,0.0786514918143895,-0.0786514918143895,fold_1,descriptive,,,,,,,,,,,,,,,,,,,NOT_ATTAINED within the frozen design
NOT_ATTAINED,matched_beta_ext,,Direct,PRIMARY,,0.0,0.0,,,False,NOT_ATTAINED,0.0786514918143895,-0.0786514918143895,fold_2,descriptive,,,,,,,,,,,,,,,,,,,NOT_ATTAINED within the frozen design
NOT_ATTAINED,matched_beta_ext,,Direct,PRIMARY,,0.0,0.0,,,False,NOT_ATTAINED,0.0786514918143895,-0.0786514918143895,fold_3,descriptive,,,,,,,,,,,,,,,,,,,NOT_ATTAINED within the frozen design
NOT_ATTAINED,matched_beta_ext,,Direct,PRIMARY,,0.0,0.0,,,False,NOT_ATTAINED,0.0786514918143895,-0.0786514918143895,fold_4,descriptive,,,,,,,,,,,,,,,,,,,NOT_ATTAINED within the frozen design
NOT_ATTAINED,matched_beta_ext,,Direct,PRIMARY,,0.0,0.0,,,False,NOT_ATTAINED,0.0786514918143895,-0.0786514918143895,fold_5,descriptive,,,,,,,,,,,,,,,,,,,NOT_ATTAINED within the frozen design
NOT_ATTAINED,matched_beta_ext,,Direct,PRIMARY,,0.0,0.0,,,False,NOT_ATTAINED,0.0786514918143895,-0.0786514918143895,fold_6,descriptive,,,,,,,,,,,,,,,,,,,NOT_ATTAINED within the frozen design
NOT_ATTAINED,matched_beta_ext,,Direct,PRIMARY,,0.0,0.0,,,False,NOT_ATTAINED,0.0786514918143895,-0.0786514918143895,fold_7,descriptive,,,,,,,,,,,,,,,,,,,NOT_ATTAINED within the frozen design
NOT_ATTAINED,matched_beta_ext,,Direct,PRIMARY,,0.0,0.0,,,False,NOT_ATTAINED,0.0786514918143895,-0.0786514918143895,pooled_oof,sensitivity,,,,,,,,,,,,,,,,,,,NOT_ATTAINED within the frozen design
NOT_ATTAINED,matched_beta_ext,,Direct,PRIMARY,,0.0,0.0,,,False,NOT_ATTAINED,0.0786514918143895,-0.0786514918143895,heldout,standards_facing,,,,,,,,,,,,,,,,,,,NOT_ATTAINED within the frozen design
NOT_ATTAINED,matched_beta_ext,,Direct,PRIMARY,,0.0,0.0,,,False,NOT_ATTAINED,0.0786514918143895,-0.0786514918143895,forward_2025,standards_facing,,,,,,,,,,,,,,,,,,,NOT_ATTAINED within the frozen design
posthoc:C:b=1.090830469094053,matched_beta_ext,,C-posthoc,PRIMARY,,-0.06,-0.06,,1.090830469094053,True,exact_posthoc_solve,5.551115123125783e-17,,fold_1,descriptive,none,5209.0,5209.0,-0.011143888769996169,0.004116177069619104,0.005123623613931858,,,-2.707339500102551,5207.0,0.006804624950501242,-0.01921332330927309,-0.0030744542307192466,within_pm005,-0.011143888770001473,5.304784389537076e-15,,,output/p0_major_revision_validation/zero_reference_fits/cell=C/block=fold_1_train/eval_predictions.parquet
posthoc:C:b=1.090830469094053,matched_beta_ext,,C-posthoc,PRIMARY,,-0.06,-0.06,,1.090830469094053,True,exact_posthoc_solve,5.551115123125783e-17,,fold_2,descriptive,none,11197.0,11197.0,-0.009942864168438259,0.002971271599788312,0.0040349836568298915,,,-3.34633298724581,11195.0,0.0008215748323180321,-0.015767079185147505,-0.004118649151729013,within_pm005,-0.009942864168431426,-6.833075771872643e-15,,,output/p0_major_revision_validation/zero_reference_fits/cell=C/block=fold_2_train/eval_predictions.parquet
posthoc:C:b=1.090830469094053,matched_beta_ext,,C-posthoc,PRIMARY,,-0.06,-0.06,,1.090830469094053,True,exact_posthoc_solve,5.551115123125783e-17,,fold_3,descriptive,none,16798.0,16798.0,-0.008678343604863303,0.002375148762752319,0.0033424818365957497,,,-3.6538105490314012,16796.0,0.00025916350291354715,-0.013333885128151438,-0.004022802081575168,within_pm005,-0.008678343604851098,-1.2205514376972815e-14,,,output/p0_major_revision_validation/zero_reference_fits/cell=C/block=fold_3_train/eval_predictions.parquet
posthoc:C:b=1.090830469094053,matched_beta_ext,,C-posthoc,PRIMARY,,-0.06,-0.06,,1.090830469094053,True,exact_posthoc_solve,5.551115123125783e-17,,fold_4,descriptive,none,22323.0,22323.0,-0.0014495635876939916,0.002360099863438293,0.0032304864023789672,,,-0.6141958694841863,22321.0,0.5390921623613718,-0.006075525164243507,0.0031763979888555236,within_pm005,-0.0014495635876805952,-1.3396402043230893e-14,,,output/p0_major_revision_validation/zero_reference_fits/cell=C/block=fold_4_train/eval_predictions.parquet
posthoc:C:b=1.090830469094053,matched_beta_ext,,C-posthoc,PRIMARY,,-0.06,-0.06,,1.090830469094053,True,exact_posthoc_solve,5.551115123125783e-17,,fold_5,descriptive,none,28053.0,28053.0,-0.009597758600746187,0.0019660103478867843,0.002794294938857387,,,-4.8818454140196055,28051.0,1.0567485101559955e-06,-0.013451234348255927,-0.005744282853236447,within_pm005,-0.00959775860077548,2.9292540615344365e-14,,,output/p0_major_revision_validation/zero_reference_fits/cell=C/block=fold_5_train/eval_predictions.parquet
posthoc:C:b=1.090830469094053,matched_beta_ext,,C-posthoc,PRIMARY,,-0.06,-0.06,,1.090830469094053,True,exact_posthoc_solve,5.551115123125783e-17,,fold_6,descriptive,none,33113.0,33113.0,-0.03385625850022622,0.001902978658570108,0.00262269339355884,,,-17.791191902102415,33111.0,1.762086606803998e-70,-0.037586164480110394,-0.030126352520342053,within_pm005,-0.03385625850012994,-9.62840918106167e-14,,,output/p0_major_revision_validation/zero_reference_fits/cell=C/block=fold_6_train/eval_predictions.parquet
posthoc:C:b=1.090830469094053,matched_beta_ext,,C-posthoc,PRIMARY,,-0.06,-0.06,,1.090830469094053,True,exact_posthoc_solve,5.551115123125783e-17,,fold_7,descriptive,none,34460.0,34460.0,-0.033886805236432505,0.0019084813302849553,0.002587471997230789,,,-17.755900829992854,34458.0,3.191889683664371e-70,-0.03762749130345818,-0.030146119169406824,within_pm005,-0.03388680523654279,1.1028677970870149e-13,,,output/p0_major_revision_validation/zero_reference_fits/cell=C/block=fold_7_train/eval_predictions.parquet
posthoc:C:b=1.090830469094053,matched_beta_ext,,C-posthoc,PRIMARY,,-0.06,-0.06,,1.090830469094053,True,exact_posthoc_solve,5.551115123125783e-17,,pooled_oof,sensitivity,D3_row_balanced,151153.0,130165.0,-0.015137509349383182,0.0008471668898371794,0.0012150469368691233,0.0012604431575647767,130165.0,-17.86839114108027,151151.0,2.4628755221153626e-71,-0.01679793923850285,-0.013477079460263514,within_pm005,-0.017328798166086193,0.0021912888167030103,,,concatenated fold_1..fold_7 (D3 row-balanced)
posthoc:C:b=1.090830469094053,matched_beta_ext,,C-posthoc,PRIMARY,,-0.06,-0.06,,1.090830469094053,True,exact_posthoc_solve,5.551115123125783e-17,,heldout,standards_facing,none,38290.0,38290.0,-0.017496961327505223,0.00213683441745523,0.0026513682081877737,,,-8.188262592822923,38288.0,2.7314640389121805e-16,-0.021685212226046004,-0.013308710428964442,within_pm005,-0.01749696132740652,-9.870229633612837e-14,,,output/p0_major_revision_validation/zero_reference_fits/cell=C/block=development_pool/eval_predictions.parquet
posthoc:C:b=1.090830469094053,matched_beta_ext,,C-posthoc,PRIMARY,,-0.06,-0.06,,1.090830469094053,True,exact_posthoc_solve,5.551115123125783e-17,,forward_2025,standards_facing,none,26641.0,26641.0,-0.03172558875800702,0.002380561925047961,0.002946232148698371,,,-13.326932781791779,26639.0,2.1743778764657427e-40,-0.036391616398678314,-0.027059561117335724,within_pm005,-0.03172558875798443,-2.2586099657218028e-14,,,output/p0_major_revision_validation/zero_reference_fits/cell=C/block=production_2016_2024/eval_predictions.parquet
posthoc:A:b=1.0907453222671446,matched_beta_ext,,A-posthoc,SECONDARY,,-0.06,-0.06,,1.0907453222671446,True,exact_posthoc_solve,5.551115123125783e-17,,fold_1,descriptive,none,5209.0,5209.0,-0.012357521075821665,0.004131873987705057,0.0051393643713412976,,,-2.9907787876864393,5207.0,0.002795697976820721,-0.02045772816225111,-0.00425731398939222,within_pm005,-0.01235752107580412,-1.7544993236029427e-14,,,output/p0_major_revision_validation/zero_reference_fits/cell=A/block=fold_1_train/eval_predictions.parquet
posthoc:A:b=1.0907453222671446,matched_beta_ext,,A-posthoc,SECONDARY,,-0.06,-0.06,,1.0907453222671446,True,exact_posthoc_solve,5.551115123125783e-17,,fold_2,descriptive,none,11197.0,11197.0,-0.006842315875277949,0.002903547870457315,0.00395364168184616,,,-2.356536272364013,11195.0,0.018463396851477725,-0.012533780469109244,-0.0011508512814466538,within_pm005,-0.0068423158752408,-3.7149103238043324e-14,,,output/p0_major_revision_validation/zero_reference_fits/cell=A/block=fold_2_train/eval_predictions.parquet
posthoc:A:b=1.0907453222671446,matched_beta_ext,,A-posthoc,SECONDARY,,-0.06,-0.06,,1.0907453222671446,True,exact_posthoc_solve,5.551115123125783e-17,,fold_3,descriptive,none,16798.0,16798.0,-0.007680029290763168,0.002353105229160275,0.0033045086350768035,,,-3.2637848896812196,16796.0,0.0011015435714178048,-0.012292363168464155,-0.003067695413062182,within_pm005,-0.007680029290746194,-1.6974269212433057e-14,,,output/p0_major_revision_validation/zero_reference_fits/cell=A/block=fold_3_train/eval_predictions.parquet
posthoc:A:b=1.0907453222671446,matched_beta_ext,,A-posthoc,SECONDARY,,-0.06,-0.06,,1.0907453222671446,True,exact_posthoc_solve,5.551115123125783e-17,,fold_4,descriptive,none,22323.0,22323.0,-0.0010739193956769144,0.0023280655033127698,0.0032223467814981397,,,-0.4612926028708205,22321.0,0.6445931861875445,-0.005637091375326012,0.003489252583972183,within_pm005,-0.001073919395676177,-7.374743177246401e-16,,,output/p0_major_revision_validation/zero_reference_fits/cell=A/block=fold_4_train/eval_predictions.parquet
posthoc:A:b=1.0907453222671446,matched_beta_ext,,A-posthoc,SECONDARY,,-0.06,-0.06,,1.0907453222671446,True,exact_posthoc_solve,5.551115123125783e-17,,fold_5,descriptive,none,28053.0,28053.0,-0.011958533288278894,0.0019690329777402073,0.0028094075479738237,,,-6.073302693997182,28051.0,1.2691563911435553e-09,-0.01581793353707439,-0.008099133039483399,within_pm005,-0.011958533288291351,1.2457049280989452e-14,,,output/p0_major_revision_validation/zero_reference_fits/cell=A/block=fold_5_train/eval_predictions.parquet
posthoc:A:b=1.0907453222671446,matched_beta_ext,,A-posthoc,SECONDARY,,-0.06,-0.06,,1.0907453222671446,True,exact_posthoc_solve,5.551115123125783e-17,,fold_6,descriptive,none,33113.0,33113.0,-0.033978624687501124,0.0019021115183311698,0.0026396418311550114,,,-17.863634366355395,33111.0,4.883687719791489e-71,-0.03770683104161805,-0.030250418333384193,within_pm005,-0.03397862468748694,-1.4183099139586375e-14,,,output/p0_major_revision_validation/zero_reference_fits/cell=A/block=fold_6_train/eval_predictions.parquet
posthoc:A:b=1.0907453222671446,matched_beta_ext,,A-posthoc,SECONDARY,,-0.06,-0.06,,1.0907453222671446,True,exact_posthoc_solve,5.551115123125783e-17,,fold_7,descriptive,none,34460.0,34460.0,-0.0350847188123764,0.0019101628180712609,0.0025963419255095473,,,-18.367396999069598,34458.0,5.469477688932937e-75,-0.038828700650670206,-0.0313407369740826,within_pm005,-0.03508471881246779,9.13852327144582e-14,,,output/p0_major_revision_validation/zero_reference_fits/cell=A/block=fold_7_train/eval_predictions.parquet
posthoc:A:b=1.0907453222671446,matched_beta_ext,,A-posthoc,SECONDARY,,-0.06,-0.06,,1.0907453222671446,True,exact_posthoc_solve,5.551115123125783e-17,,pooled_oof,sensitivity,D3_row_balanced,151153.0,130165.0,-0.015361301712761732,0.0008424445930437196,0.001210514840592109,0.001256530038519523,130165.0,-18.23419823642282,151151.0,3.3197844776030846e-74,-0.017012475996126247,-0.01371012742939722,within_pm005,-0.0176300683518263,0.002268766639064567,,,concatenated fold_1..fold_7 (D3 row-balanced)
posthoc:A:b=1.0907453222671446,matched_beta_ext,,A-posthoc,SECONDARY,,-0.06,-0.06,,1.0907453222671446,True,exact_posthoc_solve,5.551115123125783e-17,,heldout,standards_facing,none,38290.0,38290.0,-0.019549793605282417,0.002149502069600241,0.002661182674989117,,,-9.095033627447606,38288.0,9.897743977566214e-20,-0.0237628734306906,-0.015336713779874233,within_pm005,-0.019549793605346595,6.417782971723796e-14,,,output/p0_major_revision_validation/zero_reference_fits/cell=A/block=development_pool/eval_predictions.parquet
posthoc:A:b=1.0907453222671446,matched_beta_ext,,A-posthoc,SECONDARY,,-0.06,-0.06,,1.0907453222671446,True,exact_posthoc_solve,5.551115123125783e-17,,forward_2025,standards_facing,none,26641.0,26641.0,-0.034826419739564796,0.00238207954141874,0.002931272773097345,,,-14.620174991647241,26639.0,3.212316302141348e-48,-0.03949542198881883,-0.030157417490310763,within_pm005,-0.03482641973966552,1.0072498390911733e-13,,,output/p0_major_revision_validation/zero_reference_fits/cell=A/block=production_2016_2024/eval_predictions.parquet
fit:LGBSmoothPenalty:6443da161c33cd6d,matched_beta_ext,,Surrogate,PRIMARY,,-0.03,-0.03,28.11768697974231,,True,nearest_fitted,0.0003139719656482,-0.0186094650282942,fold_1,descriptive,none,5209.0,5209.0,-0.009722779781357771,0.003988875513102219,0.004809937469423155,,,-2.4374738568354553,5207.0,0.014823527741014787,-0.017542649843770214,-0.0019029097189453299,within_pm005,-0.009722779781348972,-8.798517470154366e-15,-0.0097227797813488,1.717376241217039e-16,output/paper_v6_preselection_994/predictions/data_id=d4929d43ec19badf/split_id=3d464d4a611b131b/fold_id=0/026d018ec065206d.parquet
fit:LGBSmoothPenalty:6443da161c33cd6d,matched_beta_ext,,Surrogate,PRIMARY,,-0.03,-0.03,28.11768697974231,,True,nearest_fitted,0.0003139719656482,-0.0186094650282942,fold_2,descriptive,none,11197.0,11197.0,-0.005252208892288446,0.0028589516044443095,0.0038752946679415693,,,-1.8371101085180175,11195.0,0.06622013367214812,-0.010856256959733995,0.0003518391751571046,within_pm005,-0.005252208892295118,6.6726138503447885e-15,-0.005252208892295,1.1882855810441129e-16,output/paper_v6_preselection_994/predictions/data_id=d4929d43ec19badf/split_id=3d464d4a611b131b/fold_id=1/4ad63f3c5577b223.parquet
fit:LGBSmoothPenalty:6443da161c33cd6d,matched_beta_ext,,Surrogate,PRIMARY,,-0.03,-0.03,28.11768697974231,,True,nearest_fitted,0.0003139719656482,-0.0186094650282942,fold_3,descriptive,none,16798.0,16798.0,0.017807374827206235,0.0022723878627843174,0.00306106367283354,,,7.836415217157149,16796.0,4.9117930851994646e-15,0.013353255481877643,0.022261494172534826,within_pm005,0.017807374827248,-4.176520240761761e-14,0.0178073748272479,-1.0061396160665481e-16,output/paper_v6_preselection_994/predictions/data_id=d4929d43ec19badf/split_id=3d464d4a611b131b/fold_id=2/2e63e75e12775ad4.parquet
fit:LGBSmoothPenalty:6443da161c33cd6d,matched_beta_ext,,Surrogate,PRIMARY,,-0.03,-0.03,28.11768697974231,,True,nearest_fitted,0.0003139719656482,-0.0186094650282942,fold_4,descriptive,none,22323.0,22323.0,0.04029682749284344,0.0022709800367390854,0.0027739770792899205,,,17.74424558601841,22321.0,5.7766777932385844e-70,0.03584554703907433,0.04474810794661255,within_pm005,0.04029682749295734,-1.1390194343263715e-13,0.0402968274929575,1.5959455978986625e-16,output/paper_v6_preselection_994/predictions/data_id=d4929d43ec19badf/split_id=3d464d4a611b131b/fold_id=3/37a067ba49bf63f1.parquet
fit:LGBSmoothPenalty:6443da161c33cd6d,matched_beta_ext,,Surrogate,PRIMARY,,-0.03,-0.03,28.11768697974231,,True,nearest_fitted,0.0003139719656482,-0.0186094650282942,fold_5,descriptive,none,28053.0,28053.0,0.03045845261973179,0.0018785758905515567,0.002461724898930638,,,16.213586458191518,28051.0,7.490602833937894e-59,0.026776352654246865,0.03414055258521671,within_pm005,0.0304584526198602,-1.2840770113875521e-13,0.0304584526198603,1.0061396160665481e-16,output/paper_v6_preselection_994/predictions/data_id=d4929d43ec19badf/split_id=3d464d4a611b131b/fold_id=4/9787974a071dd27f.parquet
fit:LGBSmoothPenalty:6443da161c33cd6d,matched_beta_ext,,Surrogate,PRIMARY,,-0.03,-0.03,28.11768697974231,,True,nearest_fitted,0.0003139719656482,-0.0186094650282942,fold_6,descriptive,none,33113.0,33113.0,0.008780997589997175,0.001836610962795192,0.002372417346502915,,,4.781087431076377,33111.0,1.7509783867074036e-06,0.005181174658720601,0.012380820521273749,within_pm005,0.008780997590019527,-2.235191198796116e-14,0.0087809975900194,-1.2663481374630692e-16,output/paper_v6_preselection_994/predictions/data_id=d4929d43ec19badf/split_id=3d464d4a611b131b/fold_id=5/8dcad97a73a8f5e9.parquet
fit:LGBSmoothPenalty:6443da161c33cd6d,matched_beta_ext,,Surrogate,PRIMARY,,-0.03,-0.03,28.11768697974231,,True,nearest_fitted,0.0003139719656482,-0.0186094650282942,fold_7,descriptive,none,34460.0,34460.0,0.009889086193527907,0.0018408883636841086,0.002321996986146395,,,5.371909773896994,34458.0,7.841131727335065e-08,0.006280884560266622,0.013497287826789193,within_pm005,0.00988908619359257,-6.466355229051146e-14,0.0098890861935925,-7.112366251504909e-17,output/paper_v6_preselection_994/predictions/data_id=d4929d43ec19badf/split_id=3d464d4a611b131b/fold_id=6/2048249e69ed61c8.parquet
fit:LGBSmoothPenalty:6443da161c33cd6d,matched_beta_ext,,Surrogate,PRIMARY,,-0.03,-0.03,28.11768697974231,,True,nearest_fitted,0.0003139719656482,-0.0186094650282942,pooled_oof,sensitivity,D3_row_balanced,151153.0,130165.0,0.01732968750671854,0.0008147835403394633,0.0010980073914571564,0.0011426039656309982,130165.0,21.269069205176223,151151.0,3.0830028007122335e-100,0.015732728324564474,0.018926646688872603,within_pm005,0.01660334488102726,0.0007263426256912779,,,concatenated fold_1..fold_7 (D3 row-balanced)
fit:LGBSmoothPenalty:6443da161c33cd6d,matched_beta_ext,,Surrogate,PRIMARY,,-0.03,-0.03,28.11768697974231,,True,nearest_fitted,0.0003139719656482,-0.0186094650282942,heldout,standards_facing,none,38290.0,38290.0,0.03085375493849951,0.001985331335600849,0.002242669636631632,,,15.540859293978654,38288.0,2.6898702817732024e-54,0.02696245401115209,0.03474505586584693,within_pm005,0.030853754938410336,8.917519500606375e-14,0.0308537549384103,-3.469446951953614e-17,output/paper_v6_preselection_994/reporting_preview/heldout/LGBSmoothPenalty/chunk_06/analysis/data_id=d4929d43ec19badf/split_id=3d464d4a611b131b/test_run_predictions/6443da161c33cd6d.parquet
fit:LGBSmoothPenalty:6443da161c33cd6d,matched_beta_ext,,Surrogate,PRIMARY,,-0.03,-0.03,28.11768697974231,,True,nearest_fitted,0.0003139719656482,-0.0186094650282942,forward_2025,standards_facing,none,26641.0,26641.0,0.015629028286974378,0.002221314956327303,0.0023987227923156166,,,7.035935287995015,26639.0,2.0271440495159205e-12,0.011275133151626902,0.019982923422321854,within_pm005,0.015629028287027308,-5.292988269900434e-14,0.0156290282870273,-6.938893903907228e-18,output/paper_v6_preselection_994/reporting_preview/forward_2025/LGBSmoothPenalty/chunk_06/analysis/data_id=d4929d43ec19badf/split_id=3d464d4a611b131b/assess_run_predictions/6443da161c33cd6d.parquet
posthoc:C:b=1.125644207469395,matched_beta_ext,,C-posthoc,PRIMARY,,-0.03,-0.03,,1.125644207469395,True,exact_posthoc_solve,8.326672684688674e-17,,fold_1,descriptive,none,5209.0,5209.0,0.014156828278033384,0.00401229917749984,0.004937267234738864,,,3.5283580938884134,5207.0,0.0004217554291351515,0.006291038002926089,0.02202261855314068,within_pm005,0.01415682827802827,5.113964807179627e-15,,,output/p0_major_revision_validation/zero_reference_fits/cell=C/block=fold_1_train/eval_predictions.parquet
posthoc:C:b=1.125644207469395,matched_beta_ext,,C-posthoc,PRIMARY,,-0.03,-0.03,,1.125644207469395,True,exact_posthoc_solve,8.326672684688674e-17,,fold_2,descriptive,none,11197.0,11197.0,0.014969150959128208,0.002899773427287772,0.003889102335677592,,,5.162179506255154,11195.0,2.4827719420025403e-07,0.009285084937877532,0.020653216980378884,within_pm005,0.014969150959136044,-7.835745940987238e-15,,,output/p0_major_revision_validation/zero_reference_fits/cell=C/block=fold_2_train/eval_predictions.parquet
posthoc:C:b=1.125644207469395,matched_beta_ext,,C-posthoc,PRIMARY,,-0.03,-0.03,,1.125644207469395,True,exact_posthoc_solve,8.326672684688674e-17,,fold_3,descriptive,none,16798.0,16798.0,0.016419587249032475,0.002322076901545251,0.0032300866618308853,,,7.071078153400468,16796.0,1.597864784470505e-12,0.011868072158716637,0.020971102339348312,within_pm005,0.01641958724900389,2.858477343714583e-14,,,output/p0_major_revision_validation/zero_reference_fits/cell=C/block=fold_3_train/eval_predictions.parquet
posthoc:C:b=1.125644207469395,matched_beta_ext,,C-posthoc,PRIMARY,,-0.03,-0.03,,1.125644207469395,True,exact_posthoc_solve,8.326672684688674e-17,,fold_4,descriptive,none,22323.0,22323.0,0.02364065213098332,0.002315775240173794,0.00312558369964597,,,10.20852616474522,22321.0,2.0549070820508288e-24,0.01910156993072337,0.02817973433124327,within_pm005,0.02364065213092859,5.4730525667068264e-14,,,output/p0_major_revision_validation/zero_reference_fits/cell=C/block=fold_4_train/eval_predictions.parquet
posthoc:C:b=1.125644207469395,matched_beta_ext,,C-posthoc,PRIMARY,,-0.03,-0.03,,1.125644207469395,True,exact_posthoc_solve,8.326672684688674e-17,,fold_5,descriptive,none,28053.0,28053.0,0.015455554215972334,0.0019276725256094352,0.002715367711045575,,,8.017728120644376,28051.0,1.1188092595612648e-15,0.011677222461736535,0.019233885970208132,within_pm005,0.015455554215870535,1.0179877774074697e-13,,,output/p0_major_revision_validation/zero_reference_fits/cell=C/block=fold_5_train/eval_predictions.parquet
posthoc:C:b=1.125644207469395,matched_beta_ext,,C-posthoc,PRIMARY,,-0.03,-0.03,,1.125644207469395,True,exact_posthoc_solve,8.326672684688674e-17,,fold_6,descriptive,none,33113.0,33113.0,-0.008078827171119296,0.0018698803443242245,0.0025660473783081323,,,-4.320504889867157,33111.0,1.5612572397327072e-05,-0.011743859275684986,-0.004413795066553606,within_pm005,-0.008078827171101604,-1.7692444731487456e-14,,,output/p0_major_revision_validation/zero_reference_fits/cell=C/block=fold_6_train/eval_predictions.parquet
posthoc:C:b=1.125644207469395,matched_beta_ext,,C-posthoc,PRIMARY,,-0.03,-0.03,,1.125644207469395,True,exact_posthoc_solve,8.326672684688674e-17,,fold_7,descriptive,none,34460.0,34460.0,-0.0078651137432586,0.001876620127646573,0.0025372976794502573,,,-4.191105928892526,34458.0,2.7828943618186486e-05,-0.011543350807039231,-0.004186876679477969,within_pm005,-0.00786511374333856,7.996034390167495e-14,,,output/p0_major_revision_validation/zero_reference_fits/cell=C/block=fold_7_train/eval_predictions.parquet
posthoc:C:b=1.125644207469395,matched_beta_ext,,C-posthoc,PRIMARY,,-0.03,-0.03,,1.125644207469395,True,exact_posthoc_solve,8.326672684688674e-17,,pooled_oof,sensitivity,D3_row_balanced,151153.0,130165.0,0.00974944527041044,0.0008303261051238487,0.0011770644818012038,0.0012225719875482446,130165.0,11.741706313034978,151151.0,8.042160220422149e-32,0.008122022977113619,0.01137686756370726,within_pm005,0.007663159447335421,0.002086285823075018,,,concatenated fold_1..fold_7 (D3 row-balanced)
posthoc:C:b=1.125644207469395,matched_beta_ext,,C-posthoc,PRIMARY,,-0.03,-0.03,,1.125644207469395,True,exact_posthoc_solve,8.326672684688674e-17,,heldout,standards_facing,none,38290.0,38290.0,0.007952292570143404,0.0021138894099370633,0.0025989746724515467,,,3.761924598685684,38288.0,0.00016886197694233312,0.0038090144816481626,0.012095570658638647,within_pm005,0.007952292570164325,-2.0920765120280294e-14,,,output/p0_major_revision_validation/zero_reference_fits/cell=C/block=development_pool/eval_predictions.parquet
posthoc:C:b=1.125644207469395,matched_beta_ext,,C-posthoc,PRIMARY,,-0.03,-0.03,,1.125644207469395,True,exact_posthoc_solve,8.326672684688674e-17,,forward_2025,standards_facing,none,26641.0,26641.0,-0.0061246788085637105,0.0023528742724512495,0.0028837685351916433,,,-2.6030625096609836,26639.0,0.009244630624053807,-0.010736437181562433,-0.0015129204355649887,within_pm005,-0.00612467880856912,5.409735159833673e-15,,,output/p0_major_revision_validation/zero_reference_fits/cell=C/block=production_2016_2024/eval_predictions.parquet
posthoc:A:b=1.125556343190564,matched_beta_ext,,A-posthoc,SECONDARY,,-0.03,-0.03,,1.125556343190564,True,exact_posthoc_solve,2.7755575615628914e-17,,fold_1,descriptive,none,5209.0,5209.0,0.01301839289739426,0.004024973905052002,0.004946266317812044,,,3.234404297889743,5207.0,0.0012265789273692847,0.0051277548369377274,0.020909030957850794,within_pm005,0.013018392897394458,-1.97758476261356e-16,,,output/p0_major_revision_validation/zero_reference_fits/cell=A/block=fold_1_train/eval_predictions.parquet
posthoc:A:b=1.125556343190564,matched_beta_ext,,A-posthoc,SECONDARY,,-0.03,-0.03,,1.125556343190564,True,exact_posthoc_solve,2.7755575615628914e-17,,fold_2,descriptive,none,11197.0,11197.0,0.018009508262713858,0.0028362767344515334,0.003815652201543493,,,6.34970066353432,11195.0,2.24088567330615e-10,0.012449906929226678,0.023569109596201038,within_pm005,0.018009508262703006,1.0852430065710905e-14,,,output/p0_major_revision_validation/zero_reference_fits/cell=A/block=fold_2_train/eval_predictions.parquet
posthoc:A:b=1.125556343190564,matched_beta_ext,,A-posthoc,SECONDARY,,-0.03,-0.03,,1.125556343190564,True,exact_posthoc_solve,2.7755575615628914e-17,,fold_3,descriptive,none,16798.0,16798.0,0.017373597405243246,0.002302808359924239,0.0031981193418119383,,,7.544525939542285,16796.0,4.77111031979485e-14,0.012859850684225623,0.02188734412626087,within_pm005,0.017373597405238382,4.864164626638967e-15,,,output/p0_major_revision_validation/zero_reference_fits/cell=A/block=fold_3_train/eval_predictions.parquet
posthoc:A:b=1.125556343190564,matched_beta_ext,,A-posthoc,SECONDARY,,-0.03,-0.03,,1.125556343190564,True,exact_posthoc_solve,2.7755575615628914e-17,,fold_4,descriptive,none,22323.0,22323.0,0.0238964931430089,0.0022833044738131093,0.003116893810217255,,,10.465749713660331,22321.0,1.422207262725527e-25,0.01942105592653655,0.028371930359481254,within_pm005,0.023896493143000918,7.983197436445266e-15,,,output/p0_major_revision_validation/zero_reference_fits/cell=A/block=fold_4_train/eval_predictions.parquet
posthoc:A:b=1.125556343190564,matched_beta_ext,,A-posthoc,SECONDARY,,-0.03,-0.03,,1.125556343190564,True,exact_posthoc_solve,2.7755575615628914e-17,,fold_5,descriptive,none,28053.0,28053.0,0.01314960944511434,0.0019304134110618096,0.0027298454889070306,,,6.8118100349714705,28051.0,9.832393579245384e-12,0.009365905422299804,0.016933313467928878,within_pm005,0.013149609445096402,1.7938775465076162e-14,,,output/p0_major_revision_validation/zero_reference_fits/cell=A/block=fold_5_train/eval_predictions.parquet
posthoc:A:b=1.125556343190564,matched_beta_ext,,A-posthoc,SECONDARY,,-0.03,-0.03,,1.125556343190564,True,exact_posthoc_solve,2.7755575615628914e-17,,fold_6,descriptive,none,33113.0,33113.0,-0.008174174935935752,0.001869381194867815,0.00258748335396984,,,-4.372663509388598,33111.0,1.2311384051003679e-05,-0.01183822868978062,-0.004510121182090882,within_pm005,-0.00817417493600176,6.600796298439349e-14,,,output/p0_major_revision_validation/zero_reference_fits/cell=A/block=fold_6_train/eval_predictions.parquet
posthoc:A:b=1.125556343190564,matched_beta_ext,,A-posthoc,SECONDARY,,-0.03,-0.03,,1.125556343190564,True,exact_posthoc_solve,2.7755575615628914e-17,,fold_7,descriptive,none,34460.0,34460.0,-0.009090270300439851,0.0018771540145748912,0.002542582018592747,,,-4.842580965578615,34458.0,1.2871861214211633e-06,-0.012769553800128676,-0.005410986800751026,within_pm005,-0.009090270300460201,2.0350041096683924e-14,,,output/p0_major_revision_validation/zero_reference_fits/cell=A/block=fold_7_train/eval_predictions.parquet
posthoc:A:b=1.125556343190564,matched_beta_ext,,A-posthoc,SECONDARY,,-0.03,-0.03,,1.125556343190564,True,exact_posthoc_solve,2.7755575615628914e-17,,pooled_oof,sensitivity,D3_row_balanced,151153.0,130165.0,0.0095020922085568,0.0008257726564926127,0.0011730650683651706,0.0012192497959554946,130165.0,11.506910690063284,151151.0,1.2539757277803508e-30,0.007883594582048277,0.011120589835065324,within_pm005,0.0073383126060030815,0.002163779602553719,,,concatenated fold_1..fold_7 (D3 row-balanced)
posthoc:A:b=1.125556343190564,matched_beta_ext,,A-posthoc,SECONDARY,,-0.03,-0.03,,1.125556343190564,True,exact_posthoc_solve,2.7755575615628914e-17,,heldout,standards_facing,none,38290.0,38290.0,0.006022564458392221,0.002124680208972088,0.0026065506543954827,,,2.834574555248441,38288.0,0.004591076779944742,0.0018581361238202438,0.010186992792964198,within_pm005,0.006022564458414735,-2.251410863296499e-14,,,output/p0_major_revision_validation/zero_reference_fits/cell=A/block=development_pool/eval_predictions.parquet
posthoc:A:b=1.125556343190564,matched_beta_ext,,A-posthoc,SECONDARY,,-0.03,-0.03,,1.125556343190564,True,exact_posthoc_solve,2.7755575615628914e-17,,forward_2025,standards_facing,none,26641.0,26641.0,-0.00920196602170198,0.0023528900208638764,0.002861873805204218,,,-3.9109205870674004,26639.0,9.217290328866096e-05,-0.013813755262424763,-0.004590176780979196,within_pm005,-0.009201966021562173,-1.3980656909939881e-13,,,output/p0_major_revision_validation/zero_reference_fits/cell=A/block=production_2016_2024/eval_predictions.parquet
posthoc:C:b=1.160457945844737,matched_beta_ext,,C-posthoc,PRIMARY,,0.0,0.0,,1.160457945844737,True,exact_posthoc_solve,1.1102230246251565e-16,,fold_1,descriptive,none,5209.0,5209.0,0.038527223913340625,0.0039311937519416916,0.0047950989401658135,,,9.80038795958894,5207.0,1.753029656787074e-22,0.03082043431076325,0.046234013515918,within_pm005,0.03852722391336379,-2.3162027851242328e-14,,,output/p0_major_revision_validation/zero_reference_fits/cell=C/block=fold_1_train/eval_predictions.parquet
posthoc:C:b=1.160457945844737,matched_beta_ext,,C-posthoc,PRIMARY,,0.0,0.0,,1.160457945844737,True,exact_posthoc_solve,1.1102230246251565e-16,,fold_2,descriptive,none,11197.0,11197.0,0.038847144131608335,0.0028365841018824756,0.0037673475864922062,,,13.695044016437851,11195.0,2.3834145044877383e-42,0.033286940303887014,0.04440734795932966,within_pm005,0.03884714413153113,7.720213357487182e-14,,,output/p0_major_revision_validation/zero_reference_fits/cell=C/block=fold_2_train/eval_predictions.parquet
posthoc:C:b=1.160457945844737,matched_beta_ext,,C-posthoc,PRIMARY,,0.0,0.0,,1.160457945844737,True,exact_posthoc_solve,1.1102230246251565e-16,,fold_3,descriptive,none,16798.0,16798.0,0.04062002518302299,0.002277736091818177,0.0031402127898949653,,,17.833508161429936,16796.0,1.7334037728086207e-70,0.036155422745968245,0.045084627620077734,within_pm005,0.040620025183047206,-2.4216739724636227e-14,,,output/p0_major_revision_validation/zero_reference_fits/cell=C/block=fold_3_train/eval_predictions.parquet
posthoc:C:b=1.160457945844737,matched_beta_ext,,C-posthoc,PRIMARY,,0.0,0.0,,1.160457945844737,True,exact_posthoc_solve,1.1102230246251565e-16,,fold_4,descriptive,none,22323.0,22323.0,0.047965304962584,0.0022783880482448475,0.0030384946292674664,,,21.05229835608293,22321.0,1.9294011160645767e-97,0.04349950428570265,0.05243110563946535,overlaps_pm005,0.04796530496278621,-2.0221324614766445e-13,,,output/p0_major_revision_validation/zero_reference_fits/cell=C/block=fold_4_train/eval_predictions.parquet
posthoc:C:b=1.160457945844737,matched_beta_ext,,C-posthoc,PRIMARY,,0.0,0.0,,1.160457945844737,True,exact_posthoc_solve,1.1102230246251565e-16,,fold_5,descriptive,none,28053.0,28053.0,0.03976512128037235,0.001895230965759216,0.0026516773474030827,,,20.981675584032434,28051.0,5.370138780190983e-97,0.03605037655874224,0.04347986600200246,within_pm005,0.039765121280518054,-1.4570289419424398e-13,,,output/p0_major_revision_validation/zero_reference_fits/cell=C/block=fold_5_train/eval_predictions.parquet
posthoc:C:b=1.160457945844737,matched_beta_ext,,C-posthoc,PRIMARY,,0.0,0.0,,1.160457945844737,True,exact_posthoc_solve,1.1102230246251565e-16,,fold_6,descriptive,none,33113.0,33113.0,0.016895004478780895,0.0018401891995138435,0.0025217426999659866,,,9.18112359492402,33111.0,4.5065699879582e-20,0.013288168076031988,0.0205018408815298,within_pm005,0.01689500447868563,9.526407440674234e-14,,,output/p0_major_revision_validation/zero_reference_fits/cell=C/block=fold_6_train/eval_predictions.parquet
posthoc:C:b=1.160457945844737,matched_beta_ext,,C-posthoc,PRIMARY,,0.0,0.0,,1.160457945844737,True,exact_posthoc_solve,1.1102230246251565e-16,,fold_7,descriptive,none,34460.0,34460.0,0.01734400685623627,0.001847579607061741,0.0024989265184822097,,,9.387420596084054,34458.0,6.5127824171829624e-21,0.013722690166266493,0.02096532354620605,within_pm005,0.01734400685625907,-2.27977359212872e-14,,,output/p0_major_revision_validation/zero_reference_fits/cell=C/block=fold_7_train/eval_predictions.parquet
posthoc:C:b=1.160457945844737,matched_beta_ext,,C-posthoc,PRIMARY,,0.0,0.0,,1.160457945844737,True,exact_posthoc_solve,1.1102230246251565e-16,,pooled_oof,sensitivity,D3_row_balanced,151153.0,130165.0,0.03382721312969661,0.0008162425853750684,0.0011465575181541256,0.0011925062502731736,130165.0,41.44259774703227,151151.0,0.0,0.032227394248921466,0.03542703201047175,within_pm005,0.031859697374269025,0.0019675157554275846,,,concatenated fold_1..fold_7 (D3 row-balanced)
posthoc:C:b=1.160457945844737,matched_beta_ext,,C-posthoc,PRIMARY,,0.0,0.0,,1.160457945844737,True,exact_posthoc_solve,1.1102230246251565e-16,,heldout,standards_facing,none,38290.0,38290.0,0.032596752170303556,0.002094078789870738,0.0025580472343719796,,,15.566153636614441,38288.0,1.816559690089326e-54,0.028492303411126328,0.03670120092948078,within_pm005,0.03259675217032592,-2.2364055052292997e-14,,,output/p0_major_revision_validation/zero_reference_fits/cell=C/block=development_pool/eval_predictions.parquet
posthoc:C:b=1.160457945844737,matched_beta_ext,,C-posthoc,PRIMARY,,0.0,0.0,,1.160457945844737,True,exact_posthoc_solve,1.1102230246251565e-16,,forward_2025,standards_facing,none,26641.0,26641.0,0.018716322874537172,0.0023284832096319833,0.002834036729272149,,,8.037989192756639,26639.0,9.5081649117126e-16,0.014152372278392545,0.0232802734706818,within_pm005,0.018716322874565306,-2.8133745333391857e-14,,,output/p0_major_revision_validation/zero_reference_fits/cell=C/block=production_2016_2024/eval_predictions.parquet
posthoc:A:b=1.1603673641139836,matched_beta_ext,,A-posthoc,SECONDARY,,0.0,0.0,,1.1603673641139836,True,exact_posthoc_solve,0.0,,fold_1,descriptive,none,5209.0,5209.0,0.03733997227784286,0.00393587791904153,0.004791576424727207,,,9.487075830577574,5207.0,3.5200777892606536e-21,0.029623999741892143,0.045055944813793575,within_pm005,0.03733997227787713,-3.42711969913978e-14,,,output/p0_major_revision_validation/zero_reference_fits/cell=A/block=fold_1_train/eval_predictions.parquet
posthoc:A:b=1.1603673641139836,matched_beta_ext,,A-posthoc,SECONDARY,,0.0,0.0,,1.1603673641139836,True,exact_posthoc_solve,0.0,,fold_2,descriptive,none,11197.0,11197.0,0.04183105485581279,0.002775381196385196,0.003699410712327573,,,15.072183565376815,11195.0,7.772534499398509e-51,0.036390819489166816,0.04727129022245876,within_pm005,0.041831054855911085,-9.82963710427498e-14,,,output/p0_major_revision_validation/zero_reference_fits/cell=A/block=fold_2_train/eval_predictions.parquet
posthoc:A:b=1.1603673641139836,matched_beta_ext,,A-posthoc,SECONDARY,,0.0,0.0,,1.1603673641139836,True,exact_posthoc_solve,0.0,,fold_3,descriptive,none,16798.0,16798.0,0.041562487430702566,0.0022609794840461983,0.0031140828973615425,,,18.382514182005433,16796.0,9.800701538851442e-75,0.03713072970825909,0.04599424515314604,within_pm005,0.04156248743066615,3.6415315207705135e-14,,,output/p0_major_revision_validation/zero_reference_fits/cell=A/block=fold_3_train/eval_predictions.parquet
posthoc:A:b=1.1603673641139836,matched_beta_ext,,A-posthoc,SECONDARY,,0.0,0.0,,1.1603673641139836,True,exact_posthoc_solve,0.0,,fold_4,descriptive,none,22323.0,22323.0,0.04809216614259304,0.002244745051897082,0.003028043106316494,,,21.424333289853706,22321.0,8.211881350948822e-101,0.043692308102646564,0.052492024182539516,overlaps_pm005,0.04809216614264189,-4.884981308350689e-14,,,output/p0_major_revision_validation/zero_reference_fits/cell=A/block=fold_4_train/eval_predictions.parquet
posthoc:A:b=1.1603673641139836,matched_beta_ext,,A-posthoc,SECONDARY,,0.0,0.0,,1.1603673641139836,True,exact_posthoc_solve,0.0,,fold_5,descriptive,none,28053.0,28053.0,0.03746546693314745,0.0018966982718942437,0.002664414180861384,,,19.752992602102427,28051.0,2.9200063568888595e-86,0.03374784622024315,0.041183087646051754,within_pm005,0.03746546693329326,-1.458069776028026e-13,,,output/p0_major_revision_validation/zero_reference_fits/cell=A/block=fold_5_train/eval_predictions.parquet
posthoc:A:b=1.1603673641139836,matched_beta_ext,,A-posthoc,SECONDARY,,0.0,0.0,,1.1603673641139836,True,exact_posthoc_solve,0.0,,fold_6,descriptive,none,33113.0,33113.0,0.016814859981980734,0.0018398142395755098,0.0025479967154523274,,,9.139433547302218,33111.0,6.62533262632543e-20,0.013208758514071958,0.020420961449889512,within_pm005,0.016814859982063925,-8.319039901394376e-14,,,output/p0_major_revision_validation/zero_reference_fits/cell=A/block=fold_6_train/eval_predictions.parquet
posthoc:A:b=1.1603673641139836,matched_beta_ext,,A-posthoc,SECONDARY,,0.0,0.0,,1.1603673641139836,True,exact_posthoc_solve,0.0,,fold_7,descriptive,none,34460.0,34460.0,0.016103097327102134,0.0018479419570554955,0.002501617658184274,,,8.714070950994994,34458.0,3.0599261735725513e-18,0.012481070419247843,0.019725124234956423,within_pm005,0.0161030973271426,-4.0467629247586956e-14,,,output/p0_major_revision_validation/zero_reference_fits/cell=A/block=fold_7_train/eval_predictions.parquet
posthoc:A:b=1.1603673641139836,matched_beta_ext,,A-posthoc,SECONDARY,,0.0,0.0,,1.1603673641139836,True,exact_posthoc_solve,0.0,,pooled_oof,sensitivity,D3_row_balanced,151153.0,130165.0,0.03354980123344031,0.0008116610468635884,0.0011428356358336896,0.0011895250546051506,130165.0,41.33474356454961,151151.0,0.0,0.03195896207504794,0.035140640391832685,within_pm005,0.03150517004789566,0.002044631185544654,,,concatenated fold_1..fold_7 (D3 row-balanced)
posthoc:A:b=1.1603673641139836,matched_beta_ext,,A-posthoc,SECONDARY,,0.0,0.0,,1.1603673641139836,True,exact_posthoc_solve,0.0,,heldout,standards_facing,none,38290.0,38290.0,0.030810042184172493,0.002104174846105379,0.002564713478414355,,,14.642339366996454,38288.0,2.0391242587991897e-48,0.026685804892832437,0.034934279475512545,within_pm005,0.030810042184243578,-7.10854985985776e-14,,,output/p0_major_revision_validation/zero_reference_fits/cell=A/block=development_pool/eval_predictions.parquet
posthoc:A:b=1.1603673641139836,matched_beta_ext,,A-posthoc,SECONDARY,,0.0,0.0,,1.1603673641139836,True,exact_posthoc_solve,0.0,,forward_2025,standards_facing,none,26641.0,26641.0,0.015675067097884243,0.002326851472280318,0.0028046520703105425,,,6.736599772104341,26639.0,1.6543600200299477e-11,0.011114314793497993,0.020235819402270493,within_pm005,0.01567506709782022,6.402170460440004e-14,,,output/p0_major_revision_validation/zero_reference_fits/cell=A/block=production_2016_2024/eval_predictions.parquet
fit:LGBCovPenalty:fb9e0c7172609cb1,plan_display_anchor,,Direct,DISPLAY_ANCHOR,,,,0.0104811313415468,,True,exact_anchor,0.0,,fold_1,descriptive,none,5209.0,5209.0,-0.08406034323935174,0.004475968671055711,0.005800084447550873,,,-18.780368992065597,5207.0,3.43015504321962e-76,-0.0928351203152759,-0.07528556616342759,outside_pm005_but_not_pm010,-0.08406034323929833,-5.3415605272277844e-14,-0.0840603432392983,2.7755575615628914e-17,output/paper_v12_lower_rho_extension_994_v2/predictions/data_id=d4929d43ec19badf/split_id=3d464d4a611b131b/fold_id=0/ddb48ece0c136dd6.parquet
fit:LGBCovPenalty:fb9e0c7172609cb1,plan_display_anchor,,Direct,DISPLAY_ANCHOR,,,,0.0104811313415468,,True,exact_anchor,0.0,,fold_2,descriptive,none,11197.0,11197.0,-0.08305386974160711,0.0032319105236142363,0.004560482882590588,,,-25.698072126306332,11195.0,1.486202360331955e-141,-0.08938898289842379,-0.07671875658479044,outside_pm005_but_not_pm010,-0.08305386974143457,-1.7254253581455714e-13,-0.0830538697414344,1.6653345369377348e-16,output/paper_v12_lower_rho_extension_994_v2/predictions/data_id=d4929d43ec19badf/split_id=3d464d4a611b131b/fold_id=1/185ba764255f2179.parquet
fit:LGBCovPenalty:fb9e0c7172609cb1,plan_display_anchor,,Direct,DISPLAY_ANCHOR,,,,0.0104811313415468,,True,exact_anchor,0.0,,fold_3,descriptive,none,16798.0,16798.0,-0.07922753795879123,0.002532261698331816,0.003719857400429963,,,-31.287263086190553,16796.0,6.579250674450727e-209,-0.08419103736956278,-0.07426403854801968,outside_pm005_but_not_pm010,-0.07922753795923261,4.413830412275388e-13,-0.0792275379592322,4.163336342344337e-16,output/paper_v12_lower_rho_extension_994_v2/predictions/data_id=d4929d43ec19badf/split_id=3d464d4a611b131b/fold_id=2/66aaadd619b1d8aa.parquet
fit:LGBCovPenalty:fb9e0c7172609cb1,plan_display_anchor,,Direct,DISPLAY_ANCHOR,,,,0.0104811313415468,,True,exact_anchor,0.0,,fold_4,descriptive,none,22323.0,22323.0,-0.06790535515409957,0.002479149729755558,0.0035671325683292866,,,-27.39058248038733,22321.0,1.7201403242398946e-162,-0.07276466283426468,-0.06304604747393446,outside_pm005_but_not_pm010,-0.06790535515431338,2.1381507675499734e-13,-0.0679053551543135,-1.1102230246251565e-16,output/paper_v12_lower_rho_extension_994_v2/predictions/data_id=d4929d43ec19badf/split_id=3d464d4a611b131b/fold_id=3/4c465c7966e34605.parquet
fit:LGBCovPenalty:fb9e0c7172609cb1,plan_display_anchor,,Direct,DISPLAY_ANCHOR,,,,0.0104811313415468,,True,exact_anchor,0.0,,fold_5,descriptive,none,28053.0,28053.0,-0.08318127311931978,0.0020990941722358707,0.003083457888873913,,,-39.62722312297139,28051.0,0.0,-0.08729559962484627,-0.07906694661379328,outside_pm005_but_not_pm010,-0.08318127311908417,-2.3560320361326603e-13,-0.0831812731190842,-2.7755575615628914e-17,output/paper_v12_lower_rho_extension_994_v2/predictions/data_id=d4929d43ec19badf/split_id=3d464d4a611b131b/fold_id=4/bd218999cb8911cc.parquet
fit:LGBCovPenalty:fb9e0c7172609cb1,plan_display_anchor,,Direct,DISPLAY_ANCHOR,,,,0.0104811313415468,,True,exact_anchor,0.0,,fold_6,descriptive,none,33113.0,33113.0,-0.10677344330353056,0.002005919645468317,0.0028324036781793125,,,-53.22917273618028,33111.0,0.0,-0.11070511728584483,-0.10284176932121629,outside_pm010,-0.10677344330282924,-7.013140068679036e-13,-0.1067734433028293,-5.551115123125783e-17,output/paper_v12_lower_rho_extension_994_v2/predictions/data_id=d4929d43ec19badf/split_id=3d464d4a611b131b/fold_id=5/b0a81b1c428dd77d.parquet
fit:LGBCovPenalty:fb9e0c7172609cb1,plan_display_anchor,,Direct,DISPLAY_ANCHOR,,,,0.0104811313415468,,True,exact_anchor,0.0,,fold_7,descriptive,none,34460.0,34460.0,-0.10940058998387836,0.002032368521899632,0.002821204278264016,,,-53.82911061898501,34458.0,0.0,-0.11338409901395957,-0.10541708095379715,outside_pm010,-0.10940058998376875,-1.0960676810611858e-13,-0.1094005899837686,1.5265566588595902e-16,output/paper_v12_lower_rho_extension_994_v2/predictions/data_id=d4929d43ec19badf/split_id=3d464d4a611b131b/fold_id=6/7c59862671d9b874.parquet
fit:LGBCovPenalty:fb9e0c7172609cb1,plan_display_anchor,,Direct,DISPLAY_ANCHOR,,,,0.0104811313415468,,True,exact_anchor,0.0,,pooled_oof,sensitivity,D3_row_balanced,151153.0,130165.0,-0.08569282582678484,0.0009023714504184077,0.001348751811938963,0.0013954789107987963,130165.0,-94.96402594192354,151151.0,0.0,-0.0874614555328525,-0.08392419612071716,outside_pm005_but_not_pm010,-0.08826170238842417,0.00256887656163933,,,concatenated fold_1..fold_7 (D3 row-balanced)
fit:LGBCovPenalty:fb9e0c7172609cb1,plan_display_anchor,,Direct,DISPLAY_ANCHOR,,,,0.0104811313415468,,True,exact_anchor,0.0,,heldout,standards_facing,none,38290.0,38290.0,-0.08939942647801424,0.0022499241582053012,0.0028862454343880147,,,-39.734417781142255,38288.0,0.0,-0.09380933620254693,-0.08498951675348156,outside_pm005_but_not_pm010,-0.08939942647684997,-1.1642770081365938e-12,-0.08939942647685,-2.7755575615628914e-17,output/paper_v12_lower_rho_extension_994_v2/reporting_preview/heldout/LGBCovPenalty/chunk_02/analysis/data_id=d4929d43ec19badf/split_id=3d464d4a611b131b/test_run_predictions/fb9e0c7172609cb1.parquet
fit:LGBCovPenalty:fb9e0c7172609cb1,plan_display_anchor,,Direct,DISPLAY_ANCHOR,,,,0.0104811313415468,,True,exact_anchor,0.0,,forward_2025,standards_facing,none,26641.0,26641.0,-0.10489636870317365,0.0024853849582614183,0.003187497367990099,,,-42.205280254271344,26639.0,0.0,-0.10976785504887028,-0.10002488235747702,outside_pm010,-0.10489636870361597,4.423267307984702e-13,-0.1048963687036159,6.938893903907228e-17,output/paper_v12_lower_rho_extension_994_v2/reporting_preview/forward_2025/LGBCovPenalty/chunk_02/analysis/data_id=d4929d43ec19badf/split_id=3d464d4a611b131b/assess_run_predictions/fb9e0c7172609cb1.parquet
fit:LGBSmoothPenalty:f0344de1bfdf0997,plan_display_anchor,,Surrogate,DISPLAY_ANCHOR,,,,0.0104811313415468,,True,exact_anchor,0.0,,fold_1,descriptive,none,5209.0,5209.0,-0.08476044507886549,0.004444760182184815,0.005776890480754071,,,-19.06974540912163,5207.0,2.012857029480813e-78,-0.09347404041898139,-0.07604684973874959,outside_pm005_but_not_pm010,-0.08476044507890733,4.184153024056059e-14,-0.0847604450789073,2.7755575615628914e-17,output/paper_v12_lower_rho_extension_994_v2/predictions/data_id=d4929d43ec19badf/split_id=3d464d4a611b131b/fold_id=0/5988759ce91ac71a.parquet
fit:LGBSmoothPenalty:f0344de1bfdf0997,plan_display_anchor,,Surrogate,DISPLAY_ANCHOR,,,,0.0104811313415468,,True,exact_anchor,0.0,,fold_2,descriptive,none,11197.0,11197.0,-0.07394438598652975,0.003139784081151813,0.004394322459271811,,,-23.55078695710937,11195.0,9.764431705726098e-120,-0.08009891511001072,-0.06778985686304878,outside_pm005_but_not_pm010,-0.07394438598654311,1.3364309658925322e-14,-0.0739443859865432,-8.326672684688674e-17,output/paper_v12_lower_rho_extension_994_v2/predictions/data_id=d4929d43ec19badf/split_id=3d464d4a611b131b/fold_id=1/df694e6b36aa106d.parquet
fit:LGBSmoothPenalty:f0344de1bfdf0997,plan_display_anchor,,Surrogate,DISPLAY_ANCHOR,,,,0.0104811313415468,,True,exact_anchor,0.0,,fold_3,descriptive,none,16798.0,16798.0,-0.07715321221322757,0.0025193389636003786,0.0036962126145094884,,,-30.62438732062008,16796.0,1.8095734431619733e-200,-0.08209138170400417,-0.07221504272245098,outside_pm005_but_not_pm010,-0.07715321221304354,-1.840333441194275e-13,-0.0771532122130438,-2.636779683484747e-16,output/paper_v12_lower_rho_extension_994_v2/predictions/data_id=d4929d43ec19badf/split_id=3d464d4a611b131b/fold_id=2/4f97824e0aa2c23a.parquet
fit:LGBSmoothPenalty:f0344de1bfdf0997,plan_display_anchor,,Surrogate,DISPLAY_ANCHOR,,,,0.0104811313415468,,True,exact_anchor,0.0,,fold_4,descriptive,none,22323.0,22323.0,-0.06943248671969937,0.0024900608311598407,0.0035560498960766356,,,-27.883851611512053,22321.0,3.187441204967525e-168,-0.07431318092533994,-0.0645517925140588,outside_pm005_but_not_pm010,-0.06943248671988361,1.8424151093654473e-13,-0.0694324867198835,1.1102230246251565e-16,output/paper_v12_lower_rho_extension_994_v2/predictions/data_id=d4929d43ec19badf/split_id=3d464d4a611b131b/fold_id=3/cee691e0898dc679.parquet
fit:LGBSmoothPenalty:f0344de1bfdf0997,plan_display_anchor,,Surrogate,DISPLAY_ANCHOR,,,,0.0104811313415468,,True,exact_anchor,0.0,,fold_5,descriptive,none,28053.0,28053.0,-0.07938561618529705,0.0020879499064416196,0.003059814359457397,,,-38.020843287658025,28051.0,1.772846705433846e-308,-0.08347809938872286,-0.07529313298187124,outside_pm005_but_not_pm010,-0.07938561618527507,-2.19824158875781e-14,-0.0793856161852751,-4.163336342344337e-17,output/paper_v12_lower_rho_extension_994_v2/predictions/data_id=d4929d43ec19badf/split_id=3d464d4a611b131b/fold_id=4/b83236b36fa0548e.parquet
fit:LGBSmoothPenalty:f0344de1bfdf0997,plan_display_anchor,,Surrogate,DISPLAY_ANCHOR,,,,0.0104811313415468,,True,exact_anchor,0.0,,fold_6,descriptive,none,33113.0,33113.0,-0.10803862180511281,0.0020121987692160725,0.0028375692297226097,,,-53.69182381877875,33111.0,0.0,-0.11198260309371752,-0.1040946405165081,outside_pm010,-0.10803862180549878,3.8596903451093567e-13,-0.1080386218054989,-1.249000902703301e-16,output/paper_v12_lower_rho_extension_994_v2/predictions/data_id=d4929d43ec19badf/split_id=3d464d4a611b131b/fold_id=5/c0557ed111cbcaf1.parquet
fit:LGBSmoothPenalty:f0344de1bfdf0997,plan_display_anchor,,Surrogate,DISPLAY_ANCHOR,,,,0.0104811313415468,,True,exact_anchor,0.0,,fold_7,descriptive,none,34460.0,34460.0,-0.10750357467673011,0.002028918976603634,0.002819063980384616,,,-52.98564206673681,34458.0,0.0,-0.11148032248477496,-0.10352682686868525,outside_pm010,-0.10750357467659107,-1.3904155604649304e-13,-0.1075035746765903,7.632783294297951e-16,output/paper_v12_lower_rho_extension_994_v2/predictions/data_id=d4929d43ec19badf/split_id=3d464d4a611b131b/fold_id=6/fc76fe1905c5c937.parquet
fit:LGBSmoothPenalty:f0344de1bfdf0997,plan_display_anchor,,Surrogate,DISPLAY_ANCHOR,,,,0.0104811313415468,,True,exact_anchor,0.0,,pooled_oof,sensitivity,D3_row_balanced,151153.0,130165.0,-0.08385450491590718,0.0008984727743262562,0.0013357928436996103,0.0013833919877907091,130165.0,-93.33004550837694,151151.0,0.0,-0.08561549329605776,-0.0820935165357566,outside_pm005_but_not_pm010,-0.08657707065152044,0.002722565735613261,,,concatenated fold_1..fold_7 (D3 row-balanced)
fit:LGBSmoothPenalty:f0344de1bfdf0997,plan_display_anchor,,Surrogate,DISPLAY_ANCHOR,,,,0.0104811313415468,,True,exact_anchor,0.0,,heldout,standards_facing,none,38290.0,38290.0,-0.08810844917847671,0.0022410452222608535,0.002859505463429419,,,-39.31578368132593,38288.0,0.0,-0.09250095595819363,-0.08371594239875979,outside_pm005_but_not_pm010,-0.08810844917852424,4.7531423241764514e-14,-0.0881084491785245,-2.636779683484747e-16,output/paper_v12_lower_rho_extension_994_v2/reporting_preview/heldout/LGBSmoothPenalty/chunk_02/analysis/data_id=d4929d43ec19badf/split_id=3d464d4a611b131b/test_run_predictions/f0344de1bfdf0997.parquet
fit:LGBSmoothPenalty:f0344de1bfdf0997,plan_display_anchor,,Surrogate,DISPLAY_ANCHOR,,,,0.0104811313415468,,True,exact_anchor,0.0,,forward_2025,standards_facing,none,26641.0,26641.0,-0.10111744201373085,0.0024862991356425553,0.003149983705427889,,,-40.66986170897663,26639.0,0.0,-0.10599072019558348,-0.09624416383187823,outside_pm005_but_not_pm010,-0.10111744201315467,-5.761779942048406e-13,-0.1011174420131545,1.8041124150158794e-16,output/paper_v12_lower_rho_extension_994_v2/reporting_preview/forward_2025/LGBSmoothPenalty/chunk_02/analysis/data_id=d4929d43ec19badf/split_id=3d464d4a611b131b/assess_run_predictions/f0344de1bfdf0997.parquet
fit:LGBCovPenalty:f4658932d5e4d8f2,plan_display_anchor,,Direct,DISPLAY_ANCHOR,,,,0.1,,True,exact_anchor,0.0,,fold_1,descriptive,none,5209.0,5209.0,-0.08162202981642208,0.0044612137146663134,0.005742258922659497,,,-18.295924615332442,5207.0,1.6019482907366593e-72,-0.09036788098544274,-0.07287617864740142,outside_pm005_but_not_pm010,-0.08162202981640394,-1.8138268664813495e-14,-0.0816220298164039,4.163336342344337e-17,output/paper_v6_preselection_994/predictions/data_id=d4929d43ec19badf/split_id=3d464d4a611b131b/fold_id=0/96a3f64e2334f868.parquet
fit:LGBCovPenalty:f4658932d5e4d8f2,plan_display_anchor,,Direct,DISPLAY_ANCHOR,,,,0.1,,True,exact_anchor,0.0,,fold_2,descriptive,none,11197.0,11197.0,-0.07616360048574711,0.0031401475994425228,0.0044684001685768955,,,-24.254783596563612,11195.0,1.0577147556170588e-126,-0.08231884216902494,-0.07000835880246928,outside_pm005_but_not_pm010,-0.0761636004856,-1.4710455076283324e-13,-0.0761636004855999,9.71445146547012e-17,output/paper_v6_preselection_994/predictions/data_id=d4929d43ec19badf/split_id=3d464d4a611b131b/fold_id=1/d1bd2b507e4833b9.parquet
fit:LGBCovPenalty:f4658932d5e4d8f2,plan_display_anchor,,Direct,DISPLAY_ANCHOR,,,,0.1,,True,exact_anchor,0.0,,fold_3,descriptive,none,16798.0,16798.0,-0.07776730444873658,0.002519182144077745,0.0036742881722294125,,,-30.87006020249745,16796.0,1.4078521934869615e-203,-0.08270516655674594,-0.07282944234072723,outside_pm005_but_not_pm010,-0.0777673044485388,-1.9778623183697164e-13,-0.0777673044485386,1.942890293094024e-16,output/paper_v6_preselection_994/predictions/data_id=d4929d43ec19badf/split_id=3d464d4a611b131b/fold_id=2/5d77acd9893af92a.parquet
fit:LGBCovPenalty:f4658932d5e4d8f2,plan_display_anchor,,Direct,DISPLAY_ANCHOR,,,,0.1,,True,exact_anchor,0.0,,fold_4,descriptive,none,22323.0,22323.0,-0.06934605626592305,0.002493059665641801,0.0035602604035894657,,,-27.81564244996557,22321.0,2.003330430306061e-167,-0.07423262839787635,-0.06445948413396975,outside_pm005_but_not_pm010,-0.06934605626596134,3.8288816561760086e-14,-0.0693460562659611,2.3592239273284576e-16,output/paper_v6_preselection_994/predictions/data_id=d4929d43ec19badf/split_id=3d464d4a611b131b/fold_id=3/7eb5b8785216ae81.parquet
fit:LGBCovPenalty:f4658932d5e4d8f2,plan_display_anchor,,Direct,DISPLAY_ANCHOR,,,,0.1,,True,exact_anchor,0.0,,fold_5,descriptive,none,28053.0,28053.0,-0.07972772593244581,0.002091825554456736,0.003076516931904404,,,-38.113945860629734,28051.0,6.08217138919044e-310,-0.08382780559417521,-0.07562764627071641,outside_pm005_but_not_pm010,-0.0797277259325008,5.498379529456088e-14,-0.0797277259325006,1.942890293094024e-16,output/paper_v6_preselection_994/predictions/data_id=d4929d43ec19badf/split_id=3d464d4a611b131b/fold_id=4/08373cbae1b5e2d1.parquet
fit:LGBCovPenalty:f4658932d5e4d8f2,plan_display_anchor,,Direct,DISPLAY_ANCHOR,,,,0.1,,True,exact_anchor,0.0,,fold_6,descriptive,none,33113.0,33113.0,-0.10699432876939197,0.0020162322123533642,0.002849123392376317,,,-53.06647126945126,33111.0,0.0,-0.11094621575026997,-0.10304244178851396,outside_pm010,-0.10699432876926654,-1.2542744620702706e-13,-0.1069943287692663,2.3592239273284576e-16,output/paper_v6_preselection_994/predictions/data_id=d4929d43ec19badf/split_id=3d464d4a611b131b/fold_id=5/27db1053bc094d44.parquet
fit:LGBCovPenalty:f4658932d5e4d8f2,plan_display_anchor,,Direct,DISPLAY_ANCHOR,,,,0.1,,True,exact_anchor,0.0,,fold_7,descriptive,none,34460.0,34460.0,-0.10818190818755591,0.002034659053229715,0.0028234385916393523,,,-53.169550945566726,34458.0,0.0,-0.1121699067342473,-0.10419390964086452,outside_pm010,-0.10818190818775815,2.0224100172328008e-13,-0.1081819081877575,6.522560269672795e-16,output/paper_v6_preselection_994/predictions/data_id=d4929d43ec19badf/split_id=3d464d4a611b131b/fold_id=6/fb787777d06587ff.parquet
fit:LGBCovPenalty:f4658932d5e4d8f2,plan_display_anchor,,Direct,DISPLAY_ANCHOR,,,,0.1,,True,exact_anchor,0.0,,pooled_oof,sensitivity,D3_row_balanced,151153.0,130165.0,-0.0842611189761795,0.0009003651815812876,0.0013407039405053122,0.0013881281779695661,130165.0,-93.58549253114599,151151.0,0.0,-0.08602581643609504,-0.08249642151626395,outside_pm005_but_not_pm010,-0.08689927563156238,0.0026381566553828895,,,concatenated fold_1..fold_7 (D3 row-balanced)
fit:LGBCovPenalty:f4658932d5e4d8f2,plan_display_anchor,,Direct,DISPLAY_ANCHOR,,,,0.1,,True,exact_anchor,0.0,,heldout,standards_facing,none,38290.0,38290.0,-0.08776082871990187,0.0022349981240041726,0.0028529196257029306,,,-39.266622990569466,38288.0,0.0,-0.09214148303014327,-0.08338017440966047,outside_pm005_but_not_pm010,-0.08776082871994727,4.539424391936109e-14,-0.0877608287199477,-4.3021142204224816e-16,output/paper_v6_preselection_994/reporting_preview/heldout/LGBCovPenalty/chunk_00/analysis/data_id=d4929d43ec19badf/split_id=3d464d4a611b131b/test_run_predictions/f4658932d5e4d8f2.parquet
fit:LGBCovPenalty:f4658932d5e4d8f2,plan_display_anchor,,Direct,DISPLAY_ANCHOR,,,,0.1,,True,exact_anchor,0.0,,forward_2025,standards_facing,none,26641.0,26641.0,-0.10226007623189126,0.002482333140185096,0.0031678524011580366,,,-41.195146040819566,26639.0,0.0,-0.10712558085228657,-0.09739457161149595,outside_pm005_but_not_pm010,-0.1022600762313744,-5.168643291142416e-13,-0.1022600762313744,0.0,output/paper_v6_preselection_994/reporting_preview/forward_2025/LGBCovPenalty/chunk_00/analysis/data_id=d4929d43ec19badf/split_id=3d464d4a611b131b/assess_run_predictions/f4658932d5e4d8f2.parquet
fit:LGBSmoothPenalty:d180237df9651574,plan_display_anchor,,Surrogate,DISPLAY_ANCHOR,,,,0.1,,True,exact_anchor,0.0,,fold_1,descriptive,none,5209.0,5209.0,-0.075857116076407,0.00436166199396511,0.005524556719624096,,,-17.39179151923385,5207.0,6.727325278567546e-66,-0.08440780409285095,-0.06730642805996304,outside_pm005_but_not_pm010,-0.07585711607622113,-1.8586521211005902e-13,-0.0758571160762211,2.7755575615628914e-17,output/paper_v6_preselection_994/predictions/data_id=d4929d43ec19badf/split_id=3d464d4a611b131b/fold_id=0/94c3b3ad6418ce07.parquet
fit:LGBSmoothPenalty:d180237df9651574,plan_display_anchor,,Surrogate,DISPLAY_ANCHOR,,,,0.1,,True,exact_anchor,0.0,,fold_2,descriptive,none,11197.0,11197.0,-0.0687707473190593,0.0031326374214720736,0.004320459528368426,,,-21.95298659451718,11195.0,1.2825049701941622e-104,-0.07491126773238767,-0.06263022690573093,outside_pm005_but_not_pm010,-0.06877074731903088,-2.842170943040401e-14,-0.0687707473190308,8.326672684688674e-17,output/paper_v6_preselection_994/predictions/data_id=d4929d43ec19badf/split_id=3d464d4a611b131b/fold_id=1/e675400afd014450.parquet
fit:LGBSmoothPenalty:d180237df9651574,plan_display_anchor,,Surrogate,DISPLAY_ANCHOR,,,,0.1,,True,exact_anchor,0.0,,fold_3,descriptive,none,16798.0,16798.0,-0.0724040275369503,0.002492539092219971,0.003629156761505707,,,-29.048301694824737,16796.0,4.712855641285507e-181,-0.07728966645954231,-0.06751838861435829,outside_pm005_but_not_pm010,-0.0724040275370971,1.4679923943106132e-13,-0.0724040275370969,1.942890293094024e-16,output/paper_v6_preselection_994/predictions/data_id=d4929d43ec19badf/split_id=3d464d4a611b131b/fold_id=2/6863379e9b9bbb77.parquet
fit:LGBSmoothPenalty:d180237df9651574,plan_display_anchor,,Surrogate,DISPLAY_ANCHOR,,,,0.1,,True,exact_anchor,0.0,,fold_4,descriptive,none,22323.0,22323.0,-0.05975535222896933,0.002468892072612122,0.003443520348750668,,,-24.203306775474935,22321.0,9.091671397728347e-128,-0.06459455418032777,-0.05491615027761089,outside_pm005_but_not_pm010,-0.05975535222897684,7.514822097931528e-15,-0.0597553522289769,-5.551115123125783e-17,output/paper_v6_preselection_994/predictions/data_id=d4929d43ec19badf/split_id=3d464d4a611b131b/fold_id=3/cfa719a1dc09c678.parquet
fit:LGBSmoothPenalty:d180237df9651574,plan_display_anchor,,Surrogate,DISPLAY_ANCHOR,,,,0.1,,True,exact_anchor,0.0,,fold_5,descriptive,none,28053.0,28053.0,-0.07565983852293368,0.002071980399077481,0.0030323218065578536,,,-36.51571151764762,28051.0,2.997746962385652e-285,-0.07972102071647746,-0.07159865632938989,outside_pm005_but_not_pm010,-0.07565983852250763,-4.260480856999038e-13,-0.0756598385225076,2.7755575615628914e-17,output/paper_v6_preselection_994/predictions/data_id=d4929d43ec19badf/split_id=3d464d4a611b131b/fold_id=4/3a47ddb0dbc7afee.parquet
fit:LGBSmoothPenalty:d180237df9651574,plan_display_anchor,,Surrogate,DISPLAY_ANCHOR,,,,0.1,,True,exact_anchor,0.0,,fold_6,descriptive,none,33113.0,33113.0,-0.1001380218878185,0.00200783891672363,0.002839918039948995,,,-49.87353370519517,33111.0,0.0,-0.10407345771018284,-0.09620258606545418,outside_pm005_but_not_pm010,-0.10013802188766018,-1.5833168109935514e-13,-0.1001380218876599,2.7755575615628914e-16,output/paper_v6_preselection_994/predictions/data_id=d4929d43ec19badf/split_id=3d464d4a611b131b/fold_id=5/c59c29e3a65634f0.parquet
fit:LGBSmoothPenalty:d180237df9651574,plan_display_anchor,,Surrogate,DISPLAY_ANCHOR,,,,0.1,,True,exact_anchor,0.0,,fold_7,descriptive,none,34460.0,34460.0,-0.09702289416096765,0.00200479146753598,0.0027699785418302,,,-48.3955043365259,34458.0,0.0,-0.10095235125908036,-0.09309343706285494,outside_pm005_but_not_pm010,-0.09702289416093605,-3.159972283839352e-14,-0.0970228941609359,1.5265566588595902e-16,output/paper_v6_preselection_994/predictions/data_id=d4929d43ec19badf/split_id=3d464d4a611b131b/fold_id=6/c654f8d6d5c1daf5.parquet
fit:LGBSmoothPenalty:d180237df9651574,plan_display_anchor,,Surrogate,DISPLAY_ANCHOR,,,,0.1,,True,exact_anchor,0.0,,pooled_oof,sensitivity,D3_row_balanced,151153.0,130165.0,-0.07686840956663343,0.0008912105524314161,0.0013104105002971753,0.0013587717718713695,130165.0,-86.25168245250205,151151.0,0.0,-0.07861516413944303,-0.07512165499382384,outside_pm005_but_not_pm010,-0.07939920712682683,0.002530797560193393,,,concatenated fold_1..fold_7 (D3 row-balanced)
fit:LGBSmoothPenalty:d180237df9651574,plan_display_anchor,,Surrogate,DISPLAY_ANCHOR,,,,0.1,,True,exact_anchor,0.0,,heldout,standards_facing,none,38290.0,38290.0,-0.07939127795799994,0.0022339504935227085,0.0027850582357733587,,,-35.53851268781168,38288.0,3.390790637189121e-272,-0.08376987888531683,-0.07501267703068305,outside_pm005_but_not_pm010,-0.07939127795848948,4.89538964920655e-13,-0.0793912779584894,8.326672684688674e-17,output/paper_v6_preselection_994/reporting_preview/heldout/LGBSmoothPenalty/chunk_00/analysis/data_id=d4929d43ec19badf/split_id=3d464d4a611b131b/test_run_predictions/d180237df9651574.parquet
fit:LGBSmoothPenalty:d180237df9651574,plan_display_anchor,,Surrogate,DISPLAY_ANCHOR,,,,0.1,,True,exact_anchor,0.0,,forward_2025,standards_facing,none,26641.0,26641.0,-0.09451909966330474,0.0024488297074281773,0.0030989058819501495,,,-38.59766131413486,26639.0,0.0,-0.09931893577843821,-0.08971926354817127,outside_pm005_but_not_pm010,-0.09451909966341981,1.1507461650239748e-13,-0.0945190996634196,2.0816681711721685e-16,output/paper_v6_preselection_994/reporting_preview/forward_2025/LGBSmoothPenalty/chunk_00/analysis/data_id=d4929d43ec19badf/split_id=3d464d4a611b131b/assess_run_predictions/d180237df9651574.parquet
fit:LGBCovPenalty:e732a8e35bd1a796,plan_display_anchor,,Direct,DISPLAY_ANCHOR,,,,0.954095476349994,,True,exact_anchor,0.0,,fold_1,descriptive,none,5209.0,5209.0,-0.06789549470735956,0.00436717416374066,0.005532401244215239,,,-15.546779716521392,5207.0,2.6005533080131307e-53,-0.07645698888991856,-0.05933400052480056,outside_pm005_but_not_pm010,-0.06789549470729535,-6.421252418675749e-14,-0.0678954947072953,4.163336342344337e-17,output/paper_v6_preselection_994/predictions/data_id=d4929d43ec19badf/split_id=3d464d4a611b131b/fold_id=0/fabf54a5f055442d.parquet
fit:LGBCovPenalty:e732a8e35bd1a796,plan_display_anchor,,Direct,DISPLAY_ANCHOR,,,,0.954095476349994,,True,exact_anchor,0.0,,fold_2,descriptive,none,11197.0,11197.0,-0.06427650561123321,0.0031152781604025137,0.004428011139432677,,,-20.632669797591454,11195.0,7.372838169845514e-93,-0.07038299881916996,-0.058170012403296466,outside_pm005_but_not_pm010,-0.06427650561128659,5.33739719088544e-14,-0.0642765056112865,8.326672684688674e-17,output/paper_v6_preselection_994/predictions/data_id=d4929d43ec19badf/split_id=3d464d4a611b131b/fold_id=1/a831b720a2c49f8e.parquet
fit:LGBCovPenalty:e732a8e35bd1a796,plan_display_anchor,,Direct,DISPLAY_ANCHOR,,,,0.954095476349994,,True,exact_anchor,0.0,,fold_3,descriptive,none,16798.0,16798.0,-0.06351737611614305,0.002493556068396316,0.003608398159387973,,,-25.472607943800142,16796.0,1.8198017240042296e-140,-0.06840500841906198,-0.058629743813224125,outside_pm005_but_not_pm010,-0.06351737611625842,1.1536605004636158e-13,-0.0635173761162584,1.3877787807814457e-17,output/paper_v6_preselection_994/predictions/data_id=d4929d43ec19badf/split_id=3d464d4a611b131b/fold_id=2/b4c8c63d33701360.parquet
fit:LGBCovPenalty:e732a8e35bd1a796,plan_display_anchor,,Direct,DISPLAY_ANCHOR,,,,0.954095476349994,,True,exact_anchor,0.0,,fold_4,descriptive,none,22323.0,22323.0,-0.055565243931093966,0.002445080076887574,0.0035167285976675355,,,-22.72532685384475,22321.0,4.826051594528929e-113,-0.06035777269756342,-0.05077271516462451,outside_pm005_but_not_pm010,-0.055565243931034895,-5.907080380396224e-14,-0.0555652439310348,9.71445146547012e-17,output/paper_v6_preselection_994/predictions/data_id=d4929d43ec19badf/split_id=3d464d4a611b131b/fold_id=3/fb74278e9ab1c0fd.parquet
fit:LGBCovPenalty:e732a8e35bd1a796,plan_display_anchor,,Direct,DISPLAY_ANCHOR,,,,0.954095476349994,,True,exact_anchor,0.0,,fold_5,descriptive,none,28053.0,28053.0,-0.06530019113930108,0.002069403612305269,0.003015758355121371,,,-31.55507739090014,28051.0,8.721707709201653e-215,-0.06935632270564755,-0.061244059572954604,outside_pm005_but_not_pm010,-0.06530019113986961,5.685313331227348e-13,-0.0653001911398696,1.3877787807814457e-17,output/paper_v6_preselection_994/predictions/data_id=d4929d43ec19badf/split_id=3d464d4a611b131b/fold_id=4/cf94e5605c7911e2.parquet
fit:LGBCovPenalty:e732a8e35bd1a796,plan_display_anchor,,Direct,DISPLAY_ANCHOR,,,,0.954095476349994,,True,exact_anchor,0.0,,fold_6,descriptive,none,33113.0,33113.0,-0.09323020820460659,0.0020027688832765247,0.002801110177465764,,,-46.55065743386337,33111.0,0.0,-0.09715570658075343,-0.08930470982845976,outside_pm005_but_not_pm010,-0.093230208204622,1.5404344466674047e-14,-0.0932302082046218,1.942890293094024e-16,output/paper_v6_preselection_994/predictions/data_id=d4929d43ec19badf/split_id=3d464d4a611b131b/fold_id=5/35c365b5a6f58206.parquet
fit:LGBCovPenalty:e732a8e35bd1a796,plan_display_anchor,,Direct,DISPLAY_ANCHOR,,,,0.954095476349994,,True,exact_anchor,0.0,,fold_7,descriptive,none,34460.0,34460.0,-0.09310761418951397,0.002000376202401252,0.00275889033817454,,,-46.54505191460865,34458.0,0.0,-0.09702841722299968,-0.08918681115602825,outside_pm005_but_not_pm010,-0.09310761418905411,-4.598543767997398e-13,-0.0931076141890541,1.3877787807814457e-17,output/paper_v6_preselection_994/predictions/data_id=d4929d43ec19badf/split_id=3d464d4a611b131b/fold_id=6/6a8e09729eb5f8e6.parquet
fit:LGBCovPenalty:e732a8e35bd1a796,plan_display_anchor,,Direct,DISPLAY_ANCHOR,,,,0.954095476349994,,True,exact_anchor,0.0,,pooled_oof,sensitivity,D3_row_balanced,151153.0,130165.0,-0.07016561637699326,0.0008885034930707619,0.0013149986909126202,0.0013613886821744255,130165.0,-78.97055771215202,151151.0,0.0,-0.07190706516846511,-0.0684241675855214,outside_pm005_but_not_pm010,-0.07283034467965423,0.002664728302660971,,,concatenated fold_1..fold_7 (D3 row-balanced)
fit:LGBCovPenalty:e732a8e35bd1a796,plan_display_anchor,,Direct,DISPLAY_ANCHOR,,,,0.954095476349994,,True,exact_anchor,0.0,,heldout,standards_facing,none,38290.0,38290.0,-0.0754951901602765,0.002233526750807449,0.002833655564921271,,,-33.80088916910621,38288.0,8.27395752052941e-247,-0.07987296054087745,-0.07111741977967556,outside_pm005_but_not_pm010,-0.07549519015996907,-3.0743463330651366e-13,-0.0754951901599687,3.7470027081099033e-16,output/paper_v6_preselection_994/reporting_preview/heldout/LGBCovPenalty/chunk_02/analysis/data_id=d4929d43ec19badf/split_id=3d464d4a611b131b/test_run_predictions/e732a8e35bd1a796.parquet
fit:LGBCovPenalty:e732a8e35bd1a796,plan_display_anchor,,Direct,DISPLAY_ANCHOR,,,,0.954095476349994,,True,exact_anchor,0.0,,forward_2025,standards_facing,none,26641.0,26641.0,-0.09012340439252364,0.0024818193276344197,0.003149069456295961,,,-36.31344287999643,26639.0,7.396224536438235e-282,-0.09498790191306647,-0.08525890687198082,outside_pm005_but_not_pm010,-0.09012340439288384,3.601979825518242e-13,-0.0901234043928837,1.3877787807814457e-16,output/paper_v6_preselection_994/reporting_preview/forward_2025/LGBCovPenalty/chunk_02/analysis/data_id=d4929d43ec19badf/split_id=3d464d4a611b131b/assess_run_predictions/e732a8e35bd1a796.parquet
fit:LGBSmoothPenalty:4a39ef84979943f2,plan_display_anchor,,Surrogate,DISPLAY_ANCHOR,,,,0.954095476349994,,True,exact_anchor,0.0,,fold_1,descriptive,none,5209.0,5209.0,-0.05478153721134871,0.004207819733302194,0.005185959842340194,,,-13.018983864205964,5207.0,3.740820566415979e-38,-0.06303062983216295,-0.04653244459053447,overlaps_pm005,-0.05478153721135266,3.95516952522712e-15,-0.0547815372113525,1.5959455978986625e-16,output/paper_v6_preselection_994/predictions/data_id=d4929d43ec19badf/split_id=3d464d4a611b131b/fold_id=0/0341d69aa93d0465.parquet
fit:LGBSmoothPenalty:4a39ef84979943f2,plan_display_anchor,,Surrogate,DISPLAY_ANCHOR,,,,0.954095476349994,,True,exact_anchor,0.0,,fold_2,descriptive,none,11197.0,11197.0,-0.0476308947453189,0.0029747392513711935,0.0040865785051531316,,,-16.01178816710192,11195.0,4.5393622521380886e-57,-0.05346190696913071,-0.041799882521507084,overlaps_pm005,-0.04763089474526578,-5.3117232834409833e-14,-0.0476308947452657,7.632783294297951e-17,output/paper_v6_preselection_994/predictions/data_id=d4929d43ec19badf/split_id=3d464d4a611b131b/fold_id=1/fa77ddf786ded9b8.parquet
fit:LGBSmoothPenalty:4a39ef84979943f2,plan_display_anchor,,Surrogate,DISPLAY_ANCHOR,,,,0.954095476349994,,True,exact_anchor,0.0,,fold_3,descriptive,none,16798.0,16798.0,-0.04205674244905633,0.00237142343012756,0.003348824232806349,,,-17.734809361647436,16796.0,9.760394620374948e-70,-0.04670498192836532,-0.037408502969747334,within_pm005,-0.04205674244899558,-6.075001612870778e-14,-0.0420567424489953,2.7755575615628914e-16,output/paper_v6_preselection_994/predictions/data_id=d4929d43ec19badf/split_id=3d464d4a611b131b/fold_id=2/03d0b7cb3b0ea3d9.parquet
fit:LGBSmoothPenalty:4a39ef84979943f2,plan_display_anchor,,Surrogate,DISPLAY_ANCHOR,,,,0.954095476349994,,True,exact_anchor,0.0,,fold_4,descriptive,none,22323.0,22323.0,-0.03094035822611152,0.0023703287297531105,0.00318512994093099,,,-13.053192933848553,22321.0,8.45357768228553e-39,-0.035586369099420485,-0.026294347352802557,within_pm005,-0.03094035822621004,9.852188509462678e-14,-0.0309403582262101,-5.898059818321144e-17,output/paper_v6_preselection_994/predictions/data_id=d4929d43ec19badf/split_id=3d464d4a611b131b/fold_id=3/d29fb369408f69e1.parquet
fit:LGBSmoothPenalty:4a39ef84979943f2,plan_display_anchor,,Surrogate,DISPLAY_ANCHOR,,,,0.954095476349994,,True,exact_anchor,0.0,,fold_5,descriptive,none,28053.0,28053.0,-0.04343105794030511,0.002003070894769116,0.0028063023662447503,,,-21.682237036004253,28051.0,2.134996801421449e-103,-0.04735717415929254,-0.039504941721317674,within_pm005,-0.04343105794069638,3.912703494535208e-13,-0.0434310579406962,1.8041124150158794e-16,output/paper_v6_preselection_994/predictions/data_id=d4929d43ec19badf/split_id=3d464d4a611b131b/fold_id=4/f23744ec9def95f0.parquet
fit:LGBSmoothPenalty:4a39ef84979943f2,plan_display_anchor,,Surrogate,DISPLAY_ANCHOR,,,,0.954095476349994,,True,exact_anchor,0.0,,fold_6,descriptive,none,33113.0,33113.0,-0.06648927086836243,0.001946130771360056,0.002687432323034565,,,-34.16485256121628,33111.0,1.8986554763899745e-251,-0.07030375652695976,-0.06267478520976509,outside_pm005_but_not_pm010,-0.06648927086833972,-2.270406085358445e-14,-0.0664892708683397,2.7755575615628914e-17,output/paper_v6_preselection_994/predictions/data_id=d4929d43ec19badf/split_id=3d464d4a611b131b/fold_id=5/b325ad098fc13a86.parquet
fit:LGBSmoothPenalty:4a39ef84979943f2,plan_display_anchor,,Surrogate,DISPLAY_ANCHOR,,,,0.954095476349994,,True,exact_anchor,0.0,,fold_7,descriptive,none,34460.0,34460.0,-0.06330992059390428,0.0019251861725877546,0.0025909702608989506,,,-32.88509002160853,34458.0,1.484237976907079e-233,-0.0670833487003004,-0.059536492487508155,outside_pm005_but_not_pm010,-0.06330992059359768,-3.066019660380448e-13,-0.0633099205935973,3.7470027081099033e-16,output/paper_v6_preselection_994/predictions/data_id=d4929d43ec19badf/split_id=3d464d4a611b131b/fold_id=6/8e3355c0a59224af.parquet
fit:LGBSmoothPenalty:4a39ef84979943f2,plan_display_anchor,,Surrogate,DISPLAY_ANCHOR,,,,0.954095476349994,,True,exact_anchor,0.0,,pooled_oof,sensitivity,D3_row_balanced,151153.0,130165.0,-0.04732677284601128,0.0008560814882649475,0.0012189115409010076,0.001266164894935319,130165.0,-55.283023280797984,151151.0,0.0,-0.04900467516689915,-0.045648870525123404,within_pm005,-0.049325291144412635,0.001998518298401357,,,concatenated fold_1..fold_7 (D3 row-balanced)
fit:LGBSmoothPenalty:4a39ef84979943f2,plan_display_anchor,,Surrogate,DISPLAY_ANCHOR,,,,0.954095476349994,,True,exact_anchor,0.0,,heldout,standards_facing,none,38290.0,38290.0,-0.04544484564012907,0.0020970917446494278,0.002571486451151595,,,-21.67041368413098,38288.0,1.6378104621094995e-103,-0.049555199868843866,-0.04133449141141428,within_pm005,-0.045444845639761575,-3.6749769893873463e-13,-0.0454448456397615,7.632783294297951e-17,output/paper_v6_preselection_994/reporting_preview/heldout/LGBSmoothPenalty/chunk_02/analysis/data_id=d4929d43ec19badf/split_id=3d464d4a611b131b/test_run_predictions/4a39ef84979943f2.parquet
fit:LGBSmoothPenalty:4a39ef84979943f2,plan_display_anchor,,Surrogate,DISPLAY_ANCHOR,,,,0.954095476349994,,True,exact_anchor,0.0,,forward_2025,standards_facing,none,26641.0,26641.0,-0.06228805563712925,0.002378058563406237,0.002873211578238843,,,-26.192818207096757,26639.0,2.4995880613092014e-149,-0.06694917655620175,-0.05762693471805674,outside_pm005_but_not_pm010,-0.062288055637102276,-2.6971480604487397e-14,-0.0622880556371023,-2.7755575615628914e-17,output/paper_v6_preselection_994/reporting_preview/forward_2025/LGBSmoothPenalty/chunk_02/analysis/data_id=d4929d43ec19badf/split_id=3d464d4a611b131b/assess_run_predictions/4a39ef84979943f2.parquet
fit:LGBCovPenalty:c4e386c3295790e0,plan_display_anchor,,Direct,DISPLAY_ANCHOR,,,,10.481131341546853,,True,exact_anchor,0.0,,fold_1,descriptive,none,5209.0,5209.0,-0.04241449362926186,0.004380693557650987,0.005373322750243282,,,-9.682141211449025,5207.0,5.497426352784679e-22,-0.05100249149772283,-0.03382649576080089,overlaps_pm005,-0.04241449362925635,-5.509481759702339e-15,-0.0424144936292563,5.551115123125783e-17,output/paper_v6_preselection_994/predictions/data_id=d4929d43ec19badf/split_id=3d464d4a611b131b/fold_id=0/88155825763db25c.parquet
fit:LGBCovPenalty:c4e386c3295790e0,plan_display_anchor,,Direct,DISPLAY_ANCHOR,,,,10.481131341546853,,True,exact_anchor,0.0,,fold_2,descriptive,none,11197.0,11197.0,-0.03165761965140035,0.0030770296133223285,0.004182811853845844,,,-10.288370158784076,11195.0,1.024341229113963e-24,-0.03768913897869704,-0.02562610032410366,within_pm005,-0.03165761965135388,-4.646977247446671e-14,-0.0316576196513538,7.632783294297951e-17,output/paper_v6_preselection_994/predictions/data_id=d4929d43ec19badf/split_id=3d464d4a611b131b/fold_id=1/4f0912f8203864ff.parquet
fit:LGBCovPenalty:c4e386c3295790e0,plan_display_anchor,,Direct,DISPLAY_ANCHOR,,,,10.481131341546853,,True,exact_anchor,0.0,,fold_3,descriptive,none,16798.0,16798.0,-0.03177690291900925,0.002464940319923094,0.003517336000087668,,,-12.891550623830392,16796.0,7.592994158749846e-38,-0.036608445343548235,-0.026945360494470272,within_pm005,-0.03177690291894274,-6.651623696285469e-14,-0.0317769029189424,3.400058012914542e-16,output/paper_v6_preselection_994/predictions/data_id=d4929d43ec19badf/split_id=3d464d4a611b131b/fold_id=2/848e7357af93e2d2.parquet
fit:LGBCovPenalty:c4e386c3295790e0,plan_display_anchor,,Direct,DISPLAY_ANCHOR,,,,10.481131341546853,,True,exact_anchor,0.0,,fold_4,descriptive,none,22323.0,22323.0,-0.01879656557219811,0.002366982506359269,0.0033623280857924672,,,-7.94115103161861,22321.0,2.097134441133845e-15,-0.023436017612516034,-0.014157113531880185,within_pm005,-0.01879656557213033,-6.777911565336581e-14,-0.0187965655721302,1.3183898417423734e-16,output/paper_v6_preselection_994/predictions/data_id=d4929d43ec19badf/split_id=3d464d4a611b131b/fold_id=3/c71a726d9aec44c0.parquet
fit:LGBCovPenalty:c4e386c3295790e0,plan_display_anchor,,Direct,DISPLAY_ANCHOR,,,,10.481131341546853,,True,exact_anchor,0.0,,fold_5,descriptive,none,28053.0,28053.0,-0.03726688438293102,0.002046322602007039,0.0029537647974121274,,,-18.211636985478027,28051.0,1.1102434696776551e-73,-0.04127777604832385,-0.033255992717538194,within_pm005,-0.03726688438292475,-6.2727600891321345e-15,-0.0372668843829247,4.85722573273506e-17,output/paper_v6_preselection_994/predictions/data_id=d4929d43ec19badf/split_id=3d464d4a611b131b/fold_id=4/527dbcded20dd69e.parquet
fit:LGBCovPenalty:c4e386c3295790e0,plan_display_anchor,,Direct,DISPLAY_ANCHOR,,,,10.481131341546853,,True,exact_anchor,0.0,,fold_6,descriptive,none,33113.0,33113.0,-0.05499187287740703,0.001951666935855196,0.0026975832666468855,,,-28.176873762177195,33111.0,1.2303992329666224e-172,-0.05881720961568571,-0.05116653613912835,outside_pm005_but_not_pm010,-0.05499187287767809,2.7105401256832806e-13,-0.054991872877678,9.020562075079397e-17,output/paper_v6_preselection_994/predictions/data_id=d4929d43ec19badf/split_id=3d464d4a611b131b/fold_id=5/fa731f74d76f0a4d.parquet
fit:LGBCovPenalty:c4e386c3295790e0,plan_display_anchor,,Direct,DISPLAY_ANCHOR,,,,10.481131341546853,,True,exact_anchor,0.0,,fold_7,descriptive,none,34460.0,34460.0,-0.056986450017020074,0.001959468980074534,0.0026571820951187815,,,-29.082598702252707,34458.0,9.96099765449252e-184,-0.060827073551670746,-0.0531458264823694,outside_pm005_but_not_pm010,-0.05698645001710364,8.356509928475475e-14,-0.056986450017104,-3.608224830031759e-16,output/paper_v6_preselection_994/predictions/data_id=d4929d43ec19badf/split_id=3d464d4a611b131b/fold_id=6/67b4f37785a19fcc.parquet
fit:LGBCovPenalty:c4e386c3295790e0,plan_display_anchor,,Direct,DISPLAY_ANCHOR,,,,10.481131341546853,,True,exact_anchor,0.0,,pooled_oof,sensitivity,D3_row_balanced,151153.0,130165.0,-0.037592806814960134,0.0008719377605533881,0.001268509782100045,0.0013137055695704358,130165.0,-43.11409428019416,151151.0,0.0,-0.03930178710732398,-0.035883826522596286,within_pm005,-0.03982672839470145,0.0022339215797413173,,,concatenated fold_1..fold_7 (D3 row-balanced)
fit:LGBCovPenalty:c4e386c3295790e0,plan_display_anchor,,Direct,DISPLAY_ANCHOR,,,,10.481131341546853,,True,exact_anchor,0.0,,heldout,standards_facing,none,38290.0,38290.0,-0.03986255886095336,0.0021672526944656453,0.002716917423956875,,,-18.393129219655584,38288.0,3.1484340058449e-75,-0.04411043037163902,-0.035614687350267696,within_pm005,-0.039862558861169656,2.1629920077259612e-13,-0.0398625588611695,1.5265566588595902e-16,output/paper_v6_preselection_994/reporting_preview/heldout/LGBCovPenalty/chunk_05/analysis/data_id=d4929d43ec19badf/split_id=3d464d4a611b131b/test_run_predictions/c4e386c3295790e0.parquet
fit:LGBCovPenalty:c4e386c3295790e0,plan_display_anchor,,Direct,DISPLAY_ANCHOR,,,,10.481131341546853,,True,exact_anchor,0.0,,forward_2025,standards_facing,none,26641.0,26641.0,-0.048872444919350944,0.0024486171512961446,0.003011192419583906,,,-19.959202235221188,26639.0,5.488786821441966e-88,-0.053671864413191425,-0.04407302542551046,overlaps_pm005,-0.048872444919403846,5.290212712338871e-14,-0.0488724449194038,4.85722573273506e-17,output/paper_v6_preselection_994/reporting_preview/forward_2025/LGBCovPenalty/chunk_05/analysis/data_id=d4929d43ec19badf/split_id=3d464d4a611b131b/assess_run_predictions/c4e386c3295790e0.parquet
fit:LGBSmoothPenalty:036679c4ab8799e9,plan_display_anchor,,Surrogate,DISPLAY_ANCHOR,,,,10.481131341546853,,True,exact_anchor,0.0,,fold_1,descriptive,none,5209.0,5209.0,-0.01767071908587009,0.004046637743381799,0.00479631314819408,,,-4.366765746395319,5207.0,1.285455784420284e-05,-0.02560382736136233,-0.009737610810377849,within_pm005,-0.017670719085866503,-3.587408148320037e-15,-0.0176707190858665,3.469446951953614e-18,output/paper_v6_preselection_994/predictions/data_id=d4929d43ec19badf/split_id=3d464d4a611b131b/fold_id=0/428119eaf06a870e.parquet
fit:LGBSmoothPenalty:036679c4ab8799e9,plan_display_anchor,,Surrogate,DISPLAY_ANCHOR,,,,10.481131341546853,,True,exact_anchor,0.0,,fold_2,descriptive,none,11197.0,11197.0,-0.018309068979427523,0.002858652259451732,0.0038992798272794497,,,-6.404790550823788,11195.0,1.5661088932449303e-10,-0.023912530278029368,-0.012705607680825678,within_pm005,-0.01830906897942306,-4.461708780212348e-15,-0.018309068979423,6.245004513516506e-17,output/paper_v6_preselection_994/predictions/data_id=d4929d43ec19badf/split_id=3d464d4a611b131b/fold_id=1/742007dc14f695e7.parquet
fit:LGBSmoothPenalty:036679c4ab8799e9,plan_display_anchor,,Surrogate,DISPLAY_ANCHOR,,,,10.481131341546853,,True,exact_anchor,0.0,,fold_3,descriptive,none,16798.0,16798.0,0.0036285440206882957,0.002267677972700692,0.0030952680978400125,,,1.60011433032834,16796.0,0.10959203037607236,-0.0008163434444320716,0.008073431485808663,within_pm005,0.003628544020683814,4.481658100186081e-15,0.0036285440206837,-1.1405806854547507e-16,output/paper_v6_preselection_994/predictions/data_id=d4929d43ec19badf/split_id=3d464d4a611b131b/fold_id=2/9d85a46408c0ee93.parquet
fit:LGBSmoothPenalty:036679c4ab8799e9,plan_display_anchor,,Surrogate,DISPLAY_ANCHOR,,,,10.481131341546853,,True,exact_anchor,0.0,,fold_4,descriptive,none,22323.0,22323.0,0.02263121342173241,0.0022806250538576684,0.002852904435732734,,,9.923250375352932,22321.0,3.6836424076722166e-23,0.018161028056655554,0.027101398786809266,within_pm005,0.02263121342172898,3.4312830354821244e-15,0.0226312134217287,-2.7755575615628914e-16,output/paper_v6_preselection_994/predictions/data_id=d4929d43ec19badf/split_id=3d464d4a611b131b/fold_id=3/1b623ee80ad9aa5b.parquet
fit:LGBSmoothPenalty:036679c4ab8799e9,plan_display_anchor,,Surrogate,DISPLAY_ANCHOR,,,,10.481131341546853,,True,exact_anchor,0.0,,fold_5,descriptive,none,28053.0,28053.0,0.011797368621224658,0.0018940633437332065,0.002517767177478478,,,6.228602998024341,28051.0,4.772882188356691e-10,0.008084912495462993,0.015509824746986322,within_pm005,0.011797368621265434,-4.077641002631083e-14,0.0117973686212655,6.591949208711867e-17,output/paper_v6_preselection_994/predictions/data_id=d4929d43ec19badf/split_id=3d464d4a611b131b/fold_id=4/4f1f92a8d84ac17c.parquet
fit:LGBSmoothPenalty:036679c4ab8799e9,plan_display_anchor,,Surrogate,DISPLAY_ANCHOR,,,,10.481131341546853,,True,exact_anchor,0.0,,fold_6,descriptive,none,33113.0,33113.0,-0.009996667962609007,0.0018566701178223358,0.0024761173664214647,,,-5.3841917671050625,33111.0,7.3265455872539e-08,-0.01363580755250927,-0.0063575283727087435,within_pm005,-0.00999666796261512,6.113165529342268e-15,-0.0099966679626151,2.0816681711721685e-17,output/paper_v6_preselection_994/predictions/data_id=d4929d43ec19badf/split_id=3d464d4a611b131b/fold_id=5/64040e6eb05e2b35.parquet
fit:LGBSmoothPenalty:036679c4ab8799e9,plan_display_anchor,,Surrogate,DISPLAY_ANCHOR,,,,10.481131341546853,,True,exact_anchor,0.0,,fold_7,descriptive,none,34460.0,34460.0,-0.008900965658793059,0.0018536110917293962,0.0023929027250289424,,,-4.8019596443440395,34458.0,1.5777929919511746e-06,-0.012534104256738437,-0.005267827060847681,within_pm005,-0.00890096565878157,-1.1489073581394393e-14,-0.0089009656587815,6.938893903907228e-17,output/paper_v6_preselection_994/predictions/data_id=d4929d43ec19badf/split_id=3d464d4a611b131b/fold_id=6/e97f35220ba5de28.parquet
fit:LGBSmoothPenalty:036679c4ab8799e9,plan_display_anchor,,Surrogate,DISPLAY_ANCHOR,,,,10.481131341546853,,True,exact_anchor,0.0,,pooled_oof,sensitivity,D3_row_balanced,151153.0,130165.0,0.0011494022370590606,0.0008197618963529405,0.0011186825809683945,0.001165596349023263,130165.0,1.4021171783815098,151151.0,0.16088231171469491,-0.00045731442171811215,0.0027561188958362334,within_pm005,3.064140760405128e-05,0.0011187608294550093,,,concatenated fold_1..fold_7 (D3 row-balanced)
fit:LGBSmoothPenalty:036679c4ab8799e9,plan_display_anchor,,Surrogate,DISPLAY_ANCHOR,,,,10.481131341546853,,True,exact_anchor,0.0,,heldout,standards_facing,none,38290.0,38290.0,0.012564550385319118,0.0020013897389204705,0.002290848211893899,,,6.2779128627372245,38288.0,3.468202369559263e-10,0.008641774570828764,0.01648732619980947,within_pm005,0.01256455038535592,-3.680215854284796e-14,0.0125645503853559,-1.9081958235744878e-17,output/paper_v6_preselection_994/reporting_preview/heldout/LGBSmoothPenalty/chunk_05/analysis/data_id=d4929d43ec19badf/split_id=3d464d4a611b131b/test_run_predictions/036679c4ab8799e9.parquet
fit:LGBSmoothPenalty:036679c4ab8799e9,plan_display_anchor,,Surrogate,DISPLAY_ANCHOR,,,,10.481131341546853,,True,exact_anchor,0.0,,forward_2025,standards_facing,none,26641.0,26641.0,0.00013450725157726495,0.00224790759111317,0.0024648303803874705,,,0.05983664635905099,26639.0,0.9522861871315056,-0.004271510858452601,0.004540525361607131,within_pm005,0.00013450725157441358,2.8513703984739402e-15,0.0001345072515744,-1.3579632210380943e-17,output/paper_v6_preselection_994/reporting_preview/forward_2025/LGBSmoothPenalty/chunk_05/analysis/data_id=d4929d43ec19badf/split_id=3d464d4a611b131b/assess_run_predictions/036679c4ab8799e9.parquet
fit:LGBCovPenalty:a72f544c5161823f,plan_display_anchor,,Direct,DISPLAY_ANCHOR,,,,100.0,,True,exact_anchor,0.0,,fold_1,descriptive,none,5209.0,5209.0,-0.019318107496411274,0.005814903596940917,0.006033745024831179,,,-3.322171584508138,5207.0,0.0008993565083443477,-0.03071775895311178,-0.007918456039710767,within_pm005,-0.019318107496420895,9.620776397767372e-15,-0.0193181074964208,9.367506770274758e-17,output/paper_v6_preselection_994/predictions/data_id=d4929d43ec19badf/split_id=3d464d4a611b131b/fold_id=0/0e3cb1e39b3d87e9.parquet
fit:LGBCovPenalty:a72f544c5161823f,plan_display_anchor,,Direct,DISPLAY_ANCHOR,,,,100.0,,True,exact_anchor,0.0,,fold_2,descriptive,none,11197.0,11197.0,-0.007651099918446924,0.003398361959336458,0.004335113909636733,,,-2.251408181352415,11195.0,0.02437900633210182,-0.014312487170016586,-0.0009897126668772628,within_pm005,-0.007651099918467492,2.0567748892919013e-14,-0.0076510999184675,-7.806255641895632e-18,output/paper_v6_preselection_994/predictions/data_id=d4929d43ec19badf/split_id=3d464d4a611b131b/fold_id=1/f0669eaca5eda745.parquet
fit:LGBCovPenalty:a72f544c5161823f,plan_display_anchor,,Direct,DISPLAY_ANCHOR,,,,100.0,,True,exact_anchor,0.0,,fold_3,descriptive,none,16798.0,16798.0,-0.018517192763125356,0.0027800523649770103,0.003671089438519865,,,-6.660735242401985,16796.0,2.8091373720013875e-11,-0.023966387956721538,-0.013067997569529175,within_pm005,-0.0185171927631413,1.5942108744226857e-14,-0.0185171927631412,9.71445146547012e-17,output/paper_v6_preselection_994/predictions/data_id=d4929d43ec19badf/split_id=3d464d4a611b131b/fold_id=2/c88f2f9b6d5b71a6.parquet
fit:LGBCovPenalty:a72f544c5161823f,plan_display_anchor,,Direct,DISPLAY_ANCHOR,,,,100.0,,True,exact_anchor,0.0,,fold_4,descriptive,none,22323.0,22323.0,-0.0008315661793278917,0.0027231885636949753,0.0036233575878622396,,,-0.3053648911478888,22321.0,0.7600911057999462,-0.006169207122622403,0.00450607476396662,within_pm005,-0.0008315661793325902,4.698498534683182e-15,-0.0008315661793325,9.020562075079397e-17,output/paper_v6_preselection_994/predictions/data_id=d4929d43ec19badf/split_id=3d464d4a611b131b/fold_id=3/00f82e4e53fa5da4.parquet
fit:LGBCovPenalty:a72f544c5161823f,plan_display_anchor,,Direct,DISPLAY_ANCHOR,,,,100.0,,True,exact_anchor,0.0,,fold_5,descriptive,none,28053.0,28053.0,-0.010924472054029577,0.0024249861824258987,0.0031895819788031357,,,-4.504962598632622,28051.0,6.66523209471377e-06,-0.01567756272421284,-0.006171381383846312,within_pm005,-0.010924472053932047,-9.752962326636805e-14,-0.010924472053932,4.683753385137379e-17,output/paper_v6_preselection_994/predictions/data_id=d4929d43ec19badf/split_id=3d464d4a611b131b/fold_id=4/56db93c3c081e992.parquet
fit:LGBCovPenalty:a72f544c5161823f,plan_display_anchor,,Direct,DISPLAY_ANCHOR,,,,100.0,,True,exact_anchor,0.0,,fold_6,descriptive,none,33113.0,33113.0,-0.03619380715143472,0.0021771026172590917,0.0028473381488221495,,,-16.624759377213767,33111.0,8.21863875564598e-62,-0.040461005858244074,-0.031926608444625366,within_pm005,-0.03619380715158179,1.470698562933137e-13,-0.0361938071515816,1.8735013540549517e-16,output/paper_v6_preselection_994/predictions/data_id=d4929d43ec19badf/split_id=3d464d4a611b131b/fold_id=5/5ac7dd70b0602a7c.parquet
fit:LGBCovPenalty:a72f544c5161823f,plan_display_anchor,,Direct,DISPLAY_ANCHOR,,,,100.0,,True,exact_anchor,0.0,,fold_7,descriptive,none,34460.0,34460.0,-0.03597136374090559,0.0022110896796883757,0.002832030425095522,,,-16.26861364844111,34458.0,2.743692928285898e-59,-0.040305172108064016,-0.03163755537374717,within_pm005,-0.035971363740804244,-1.0134948436046898e-13,-0.0359713637408043,-5.551115123125783e-17,output/paper_v6_preselection_994/predictions/data_id=d4929d43ec19badf/split_id=3d464d4a611b131b/fold_id=6/5fe83c305058cd30.parquet
fit:LGBCovPenalty:a72f544c5161823f,plan_display_anchor,,Direct,DISPLAY_ANCHOR,,,,100.0,,True,exact_anchor,0.0,,pooled_oof,sensitivity,D3_row_balanced,151153.0,130165.0,-0.01710358338565754,0.0009998253500112775,0.0013496596471180569,0.0013964596717376356,130165.0,-17.10657104809817,151151.0,1.5287085243736465e-65,-0.019063220754603025,-0.015143946016712054,within_pm005,-0.019407595732136074,0.0023040123464785345,,,concatenated fold_1..fold_7 (D3 row-balanced)
fit:LGBCovPenalty:a72f544c5161823f,plan_display_anchor,,Direct,DISPLAY_ANCHOR,,,,100.0,,True,exact_anchor,0.0,,heldout,standards_facing,none,38290.0,38290.0,-0.015314761543699262,0.002261616728860973,0.0027384593495405575,,,-6.771598984153383,38288.0,1.2920263003251276e-11,-0.01974758901008169,-0.010881934077316836,within_pm005,-0.015314761543584847,-1.144154215815263e-13,-0.0153147615435848,4.683753385137379e-17,output/paper_v6_preselection_994/reporting_preview/heldout/LGBCovPenalty/chunk_07/analysis/data_id=d4929d43ec19badf/split_id=3d464d4a611b131b/test_run_predictions/a72f544c5161823f.parquet
fit:LGBCovPenalty:a72f544c5161823f,plan_display_anchor,,Direct,DISPLAY_ANCHOR,,,,100.0,,True,exact_anchor,0.0,,forward_2025,standards_facing,none,26641.0,26641.0,-0.029017294713576947,0.002631924503406183,0.003150443378460717,,,-11.025124267821267,26639.0,3.3273512054577047e-28,-0.03417600634037317,-0.023858583086780724,within_pm005,-0.029017294713712064,1.351176115438335e-13,-0.029017294713712,6.245004513516506e-17,output/paper_v6_preselection_994/reporting_preview/forward_2025/LGBCovPenalty/chunk_07/analysis/data_id=d4929d43ec19badf/split_id=3d464d4a611b131b/assess_run_predictions/a72f544c5161823f.parquet
fit:LGBSmoothPenalty:d5704816049673ad,plan_display_anchor,,Surrogate,DISPLAY_ANCHOR,,,,100.0,,True,exact_anchor,0.0,,fold_1,descriptive,none,5209.0,5209.0,-0.001861510925110943,0.003982232810004358,0.004762428011959763,,,-0.4674540675859947,5207.0,0.6401946087501693,-0.009668358501632853,0.0059453366514109676,within_pm005,-0.001861510925110804,-1.3899471851264167e-16,-0.0018615109251106,2.0404684886177193e-16,output/paper_v6_preselection_994/predictions/data_id=d4929d43ec19badf/split_id=3d464d4a611b131b/fold_id=0/e82b9818b0ea9d3a.parquet
fit:LGBSmoothPenalty:d5704816049673ad,plan_display_anchor,,Surrogate,DISPLAY_ANCHOR,,,,100.0,,True,exact_anchor,0.0,,fold_2,descriptive,none,11197.0,11197.0,0.005152959894479975,0.0028725987805254135,0.003835544189996909,,,1.7938320970593293,11195.0,0.07286694876455607,-0.0004778390387810416,0.010783758827740991,within_pm005,0.005152959894496421,-1.644604591399812e-14,0.0051529598944965,7.892991815694472e-17,output/paper_v6_preselection_994/predictions/data_id=d4929d43ec19badf/split_id=3d464d4a611b131b/fold_id=1/922013ae19369d8d.parquet
fit:LGBSmoothPenalty:d5704816049673ad,plan_display_anchor,,Surrogate,DISPLAY_ANCHOR,,,,100.0,,True,exact_anchor,0.0,,fold_3,descriptive,none,16798.0,16798.0,0.026589900305332093,0.002298087032541958,0.0030683972833076903,,,11.57044965173512,16796.0,7.615759479354271e-31,0.02208540788283166,0.031094392727832525,within_pm005,0.026589900305323495,8.597289546941056e-15,0.0265899003053234,-9.367506770274758e-17,output/paper_v6_preselection_994/predictions/data_id=d4929d43ec19badf/split_id=3d464d4a611b131b/fold_id=2/62a1ec3ed40bb03f.parquet
fit:LGBSmoothPenalty:d5704816049673ad,plan_display_anchor,,Surrogate,DISPLAY_ANCHOR,,,,100.0,,True,exact_anchor,0.0,,fold_4,descriptive,none,22323.0,22323.0,0.04938724668413415,0.0022905313825847097,0.0027907116639090774,,,21.561480038926156,22321.0,4.545001535552524e-102,0.044897644218634604,0.05387684914963369,overlaps_pm005,0.04938724668430249,-1.6834450500269327e-13,0.0493872466843026,1.1102230246251565e-16,output/paper_v6_preselection_994/predictions/data_id=d4929d43ec19badf/split_id=3d464d4a611b131b/fold_id=3/c218ca81dd91fc85.parquet
fit:LGBSmoothPenalty:d5704816049673ad,plan_display_anchor,,Surrogate,DISPLAY_ANCHOR,,,,100.0,,True,exact_anchor,0.0,,fold_5,descriptive,none,28053.0,28053.0,0.04257604197612966,0.001892655584087935,0.0024612403826424537,,,22.495398705436905,28051.0,4.430493505615799e-111,0.038866345127630805,0.04628573882462851,within_pm005,0.042576041976103346,2.631228568361621e-14,0.0425760419761037,3.5388358909926865e-16,output/paper_v6_preselection_994/predictions/data_id=d4929d43ec19badf/split_id=3d464d4a611b131b/fold_id=4/a69745be6e9db482.parquet
fit:LGBSmoothPenalty:d5704816049673ad,plan_display_anchor,,Surrogate,DISPLAY_ANCHOR,,,,100.0,,True,exact_anchor,0.0,,fold_6,descriptive,none,33113.0,33113.0,0.020382414377716818,0.0018394389098555803,0.0023868176922720793,,,11.080778094074947,33111.0,1.7453651176787092e-28,0.016777048569433274,0.02398778018600036,within_pm005,0.020382414377739667,-2.2849777625566503e-14,0.0203824143777397,3.122502256758253e-17,output/paper_v6_preselection_994/predictions/data_id=d4929d43ec19badf/split_id=3d464d4a611b131b/fold_id=5/a98cf53a175524a3.parquet
fit:LGBSmoothPenalty:d5704816049673ad,plan_display_anchor,,Surrogate,DISPLAY_ANCHOR,,,,100.0,,True,exact_anchor,0.0,,fold_7,descriptive,none,34460.0,34460.0,0.021037885924118427,0.0018396955546785988,0.002263488657628058,,,11.435525769802613,34458.0,3.150471522213103e-30,0.017432022235670502,0.02464374961256635,within_pm005,0.02103788592414329,-2.48620568576996e-14,0.0210378859241432,-9.020562075079397e-17,output/paper_v6_preselection_994/predictions/data_id=d4929d43ec19badf/split_id=3d464d4a611b131b/fold_id=6/081f1207d4f51951.parquet
fit:LGBSmoothPenalty:d5704816049673ad,plan_display_anchor,,Surrogate,DISPLAY_ANCHOR,,,,100.0,,True,exact_anchor,0.0,,pooled_oof,sensitivity,D3_row_balanced,151153.0,130165.0,0.02807895297756205,0.0008184064840095508,0.0010933552647938618,0.0011374523970027694,130165.0,34.309299261654395,151151.0,5.596555128077099e-257,0.026474892899435092,0.029683013055689007,within_pm005,0.027431944196773604,0.0006470087807884453,,,concatenated fold_1..fold_7 (D3 row-balanced)
fit:LGBSmoothPenalty:d5704816049673ad,plan_display_anchor,,Surrogate,DISPLAY_ANCHOR,,,,100.0,,True,exact_anchor,0.0,,heldout,standards_facing,none,38290.0,38290.0,0.04182749004282171,0.0020203351956988177,0.002271917228756174,,,20.70324277469904,38288.0,1.0711500432981592e-94,0.03786758064150451,0.04578739944413892,within_pm005,0.041827490042672305,1.4940826353893044e-13,0.0418274900426723,-6.938893903907228e-18,output/paper_v6_preselection_994/reporting_preview/heldout/LGBSmoothPenalty/chunk_07/analysis/data_id=d4929d43ec19badf/split_id=3d464d4a611b131b/test_run_predictions/d5704816049673ad.parquet
fit:LGBSmoothPenalty:d5704816049673ad,plan_display_anchor,,Surrogate,DISPLAY_ANCHOR,,,,100.0,,True,exact_anchor,0.0,,forward_2025,standards_facing,none,26641.0,26641.0,0.030228509356734157,0.002222657115420247,0.002335622690318194,,,13.600167631352678,26639.0,5.518616195760596e-42,0.02587198351837494,0.03458503519509337,within_pm005,0.030228509356725553,8.604228440844963e-15,0.0302285093567256,4.85722573273506e-17,output/paper_v6_preselection_994/reporting_preview/forward_2025/LGBSmoothPenalty/chunk_07/analysis/data_id=d4929d43ec19badf/split_id=3d464d4a611b131b/assess_run_predictions/d5704816049673ad.parquet
