realization_key,family,rho,b,evaluation,s,ed2_applicability,ed2_not_applicable_reason,base_VEI_step5,base_step5_gate,base_step6_result,base_VEI_significance_step7,base_step7_outcome,base_ed2_verdict,base_first_pg_ci_lo,base_first_pg_ci_hi,base_last_pg_ci_lo,base_last_pg_ci_hi,base_sample_median_ratio,smeared_VEI_step5,smeared_step5_gate,smeared_step6_result,smeared_VEI_significance_step7,smeared_step7_outcome,smeared_ed2_verdict,smeared_first_pg_ci_lo,smeared_first_pg_ci_hi,smeared_last_pg_ci_lo,smeared_last_pg_ci_hi,smeared_sample_median_ratio,verdict_unchanged,vei_rel_diff
fit:LGBCovPenalty:1fb838f7d6bfda88,Direct,0.0,,fold_1,1.0623763218826567,ED2_APPLIED,,-29.66023178425817,step5_outside_pm10_escalate,ci_no_overlap_escalate,23.4512250234096,reject_null,reject the null hypothesis and conclude there is statistical evidence that the level of vertical inequity present is outside of acceptable limits,1.1945244609881018,1.2955998478218897,0.9416342570122256,0.9697154204550478,0.9586238685128134,-29.660231784258194,step5_outside_pm10_escalate,ci_no_overlap_escalate,23.451225023409588,reject_null,reject the null hypothesis and conclude there is statistical evidence that the level of vertical inequity present is outside of acceptable limits,1.2690345032634034,1.37641460096075,1.000369938523357,1.0302027016559283,1.0184192994995669,True,8.384626233704095e-16
fit:LGBCovPenalty:1fb838f7d6bfda88,Direct,0.0,,fold_2,1.0623763218826567,ED2_APPLIED,,-28.40536451509306,step5_outside_pm10_escalate,ci_no_overlap_escalate,23.63237878168705,reject_null,reject the null hypothesis and conclude there is statistical evidence that the level of vertical inequity present is outside of acceptable limits,1.2034463871349483,1.2780209113052894,0.9502954757087164,0.9726460581600811,0.9766275799274027,-28.405364515093083,step5_outside_pm10_escalate,ci_no_overlap_escalate,23.63237878168707,reject_null,reject the null hypothesis and conclude there is statistical evidence that the level of vertical inequity present is outside of acceptable limits,1.2785129463473992,1.3577391550416353,1.0095714121851564,1.0333161417617722,1.037546016212435,True,8.755034894338174e-16
fit:LGBCovPenalty:1fb838f7d6bfda88,Direct,0.0,,fold_3,1.0623763218826567,ED2_APPLIED,,-24.59158471805368,step5_outside_pm10_escalate,ci_no_overlap_escalate,20.032177099851236,reject_null,reject the null hypothesis and conclude there is statistical evidence that the level of vertical inequity present is outside of acceptable limits,1.173583634441495,1.233061994222962,0.9608474724685959,0.978394168021057,0.9743796964628841,-24.591584718053696,step5_outside_pm10_escalate,ci_no_overlap_escalate,20.032177099851232,reject_null,reject the null hypothesis and conclude there is statistical evidence that the level of vertical inequity present is outside of acceptable limits,1.2467874649796367,1.309975866075885,1.0207816036914348,1.0394227975736534,1.0351579180453792,True,5.778747029982674e-16
fit:LGBCovPenalty:1fb838f7d6bfda88,Direct,0.0,,fold_4,1.0623763218826567,ED2_APPLIED,,-15.326001127773674,step5_outside_pm10_escalate,ci_no_overlap_escalate,12.382377989880032,reject_null,reject the null hypothesis and conclude there is statistical evidence that the level of vertical inequity present is outside of acceptable limits,1.0713868374768325,1.1171275239331673,0.9422480025131027,0.9542533057728766,0.9459696013131542,-15.326001127773667,step5_outside_pm10_escalate,ci_no_overlap_escalate,12.38237798988002,reject_null,reject the null hypothesis and conclude there is statistical evidence that the level of vertical inequity present is outside of acceptable limits,1.1382160077121297,1.1868098299499985,1.001021967211151,1.0137761171313555,1.0049757056558728,True,4.636191331556537e-16
fit:LGBCovPenalty:1fb838f7d6bfda88,Direct,0.0,,fold_5,1.0623763218826567,ED2_APPLIED,,-21.47164884502159,step5_outside_pm10_escalate,ci_no_overlap_escalate,19.351677255200084,reject_null,reject the null hypothesis and conclude there is statistical evidence that the level of vertical inequity present is outside of acceptable limits,1.148606690309726,1.1824536094064897,0.9502983623630172,0.9613930948131728,0.9674282648872008,-21.471648845021594,step5_outside_pm10_escalate,ci_no_overlap_escalate,19.351677255200094,reject_null,reject the null hypothesis and conclude there is statistical evidence that the level of vertical inequity present is outside of acceptable limits,1.2202525509410596,1.2562107163581389,1.009574478898335,1.0213612599510036,1.0277728817361855,True,1.6546068280285946e-16
fit:LGBCovPenalty:1fb838f7d6bfda88,Direct,0.0,,fold_6,1.0623763218826567,ED2_APPLIED,,-32.33745484389421,step5_outside_pm10_escalate,ci_no_overlap_escalate,29.76781418213454,reject_null,reject the null hypothesis and conclude there is statistical evidence that the level of vertical inequity present is outside of acceptable limits,1.2481115956451596,1.2906874037302853,0.9457210421766642,0.9566871040277076,0.9789919066088278,-32.33745484389421,step5_outside_pm10_escalate,ci_no_overlap_escalate,29.767814182134558,reject_null,reject the null hypothesis and conclude there is statistical evidence that the level of vertical inequity present is outside of acceptable limits,1.3259642062805994,1.3711957366752572,1.0047116423146782,1.0163617267695273,1.0400578208959765,True,0.0
fit:LGBCovPenalty:1fb838f7d6bfda88,Direct,0.0,,fold_7,1.0623763218826567,ED2_APPLIED,,-35.53979317533932,step5_outside_pm10_escalate,ci_no_overlap_escalate,32.07307184118183,reject_null,reject the null hypothesis and conclude there is statistical evidence that the level of vertical inequity present is outside of acceptable limits,1.2428222016508759,1.2941996306207453,0.9281429830959058,0.9378144885021676,0.9509775510716072,-35.53979317533931,step5_outside_pm10_escalate,ci_no_overlap_escalate,32.07307184118183,reject_null,reject the null hypothesis and conclude there is statistical evidence that the level of vertical inequity present is outside of acceptable limits,1.3203448793439638,1.3749270433607612,0.986037128562626,0.9963119069031986,1.0102960329004311,True,1.9992877624654782e-16
fit:LGBCovPenalty:1fb838f7d6bfda88,Direct,0.0,,pooled_oof,1.0623763218826567,NOT_APPLICABLE_FOR_ED2_INFERENCE,"ED2 App. D.2 is a rank-based order-statistic CI on distinct observations and has no row-balanced analogue; the pooled-OOF sample contains 20,988 unique rows twice, so the ED2 procedure is not applied there. No weighted variant was invented.",,,,,,,,,,,,,,,,,,,,,,,,
fit:LGBCovPenalty:1fb838f7d6bfda88,Direct,0.0,,heldout,1.0623763218826567,ED2_APPLIED,,-26.166623718966303,step5_outside_pm10_escalate,ci_no_overlap_escalate,23.445478945960474,reject_null,reject the null hypothesis and conclude there is statistical evidence that the level of vertical inequity present is outside of acceptable limits,1.1271006597659166,1.1704696558110004,0.8994507072619561,0.9096325454221507,0.9275481846415189,-26.166623718966314,step5_outside_pm10_escalate,ci_no_overlap_escalate,23.445478945960467,reject_null,reject the null hypothesis and conclude there is statistical evidence that the level of vertical inequity present is outside of acceptable limits,1.197405053313631,1.2434792478157506,0.9555551340957117,0.9663720778703437,0.985405228768393,True,4.073181603737506e-16
fit:LGBCovPenalty:1fb838f7d6bfda88,Direct,0.0,,forward_2025,1.0623763218826567,ED2_APPLIED,,-28.407155342585,step5_outside_pm10_escalate,ci_no_overlap_escalate,25.697704394305294,reject_null,reject the null hypothesis and conclude there is statistical evidence that the level of vertical inequity present is outside of acceptable limits,1.1621096472273593,1.2073857872672187,0.9059376703535383,0.9188972163110374,0.9464364099783898,-28.407155342585018,step5_outside_pm10_escalate,ci_no_overlap_escalate,25.69770439430528,reject_null,reject the null hypothesis and conclude there is statistical evidence that the level of vertical inequity present is outside of acceptable limits,1.2345977726457544,1.2826980717703445,0.9624467300851356,0.9762146448527326,1.0054716321286685,True,6.253202117486661e-16
fit:LGBMRegressor:252a25d9c0ce796b,A-native,,,fold_1,1.0623227151201418,ED2_APPLIED,,-32.35829915219271,step5_outside_pm10_escalate,ci_no_overlap_escalate,24.2611018011907,reject_null,reject the null hypothesis and conclude there is statistical evidence that the level of vertical inequity present is outside of acceptable limits,1.2074168926352116,1.296616818630791,0.9459346120474849,0.9747089837801153,0.9591811236028667,-32.35829915219272,step5_outside_pm10_escalate,ci_no_overlap_escalate,24.26110180119067,reject_null,reject the null hypothesis and conclude there is statistical evidence that the level of vertical inequity present is outside of acceptable limits,1.2826663916661618,1.3774254992383017,1.0048878253964015,1.035455494101286,1.018959895517785,True,4.391718689651532e-16
fit:LGBMRegressor:252a25d9c0ce796b,A-native,,,fold_2,1.0623227151201418,ED2_APPLIED,,-28.31754944130983,step5_outside_pm10_escalate,ci_no_overlap_escalate,25.482722090588467,reject_null,reject the null hypothesis and conclude there is statistical evidence that the level of vertical inequity present is outside of acceptable limits,1.218441064424605,1.280983972235892,0.9543658132753027,0.9697022648406787,0.9761076493307327,-28.317549441309833,step5_outside_pm10_escalate,ci_no_overlap_escalate,25.482722090588457,reject_null,reject the null hypothesis and conclude there is statistical evidence that the level of vertical inequity present is outside of acceptable limits,1.2943776197734214,1.3608183714110165,1.0138444819764612,1.0301367428437,1.0369413282865627,True,1.2545978550028692e-16
fit:LGBMRegressor:252a25d9c0ce796b,A-native,,,fold_3,1.0623227151201418,ED2_APPLIED,,-23.956537334358284,step5_outside_pm10_escalate,ci_no_overlap_escalate,19.892178012732018,reject_null,reject the null hypothesis and conclude there is statistical evidence that the level of vertical inequity present is outside of acceptable limits,1.171178928688978,1.2341758770986788,0.9599709389092805,0.9772765246516983,0.9747670864053808,-23.956537334358295,step5_outside_pm10_escalate,ci_no_overlap_escalate,19.892178012732018,reject_null,reject the null hypothesis and conclude there is statistical evidence that the level of vertical inequity present is outside of acceptable limits,1.2441699794163734,1.3110930686952502,1.0197989342585383,1.0381830510911678,1.0355172178399135,True,4.448948897600354e-16
fit:LGBMRegressor:252a25d9c0ce796b,A-native,,,fold_4,1.0623227151201418,ED2_APPLIED,,-15.016204528154734,step5_outside_pm10_escalate,ci_no_overlap_escalate,11.202323965624146,reject_null,reject the null hypothesis and conclude there is statistical evidence that the level of vertical inequity present is outside of acceptable limits,1.063742365696418,1.118532003407259,0.9419052689429164,0.9574795489307761,0.9485783226027364,-15.016204528154754,step5_outside_pm10_escalate,ci_no_overlap_escalate,11.202323965624162,reject_null,reject the null hypothesis and conclude there is statistical evidence that the level of vertical inequity present is outside of acceptable limits,1.130037678114941,1.1882419548083705,1.0006073626894059,1.0171522740921501,1.0076962991714482,True,1.3012559329999961e-15
fit:LGBMRegressor:252a25d9c0ce796b,A-native,,,fold_5,1.0623227151201418,ED2_APPLIED,,-22.53448746484725,step5_outside_pm10_escalate,ci_no_overlap_escalate,19.587598787420767,reject_null,reject the null hypothesis and conclude there is statistical evidence that the level of vertical inequity present is outside of acceptable limits,1.1486590014347189,1.193417740013413,0.9469860381703196,0.9591613647256358,0.9674367887848467,-22.534487464847246,step5_outside_pm10_escalate,ci_no_overlap_escalate,19.58759878742075,reject_null,reject the null hypothesis and conclude there is statistical evidence that the level of vertical inequity present is outside of acceptable limits,1.2202465491513208,1.2677947738435917,1.0060047792499596,1.0189389052136777,1.0277300761690291,True,1.5765673323356339e-16
fit:LGBMRegressor:252a25d9c0ce796b,A-native,,,fold_6,1.0623227151201418,ED2_APPLIED,,-32.37582663375991,step5_outside_pm10_escalate,ci_no_overlap_escalate,29.03985242831298,reject_null,reject the null hypothesis and conclude there is statistical evidence that the level of vertical inequity present is outside of acceptable limits,1.2383239415056637,1.2900604333071806,0.9453304718954619,0.9551664135336537,0.9750653129901582,-32.37582663375992,step5_outside_pm10_escalate,ci_no_overlap_escalate,29.039852428312976,reject_null,reject the null hypothesis and conclude there is statistical evidence that the level of vertical inequity present is outside of acceptable limits,1.3154996517385718,1.3704605021799499,1.0042460335897916,1.0146949778166388,1.0358340307151752,True,4.38934112044683e-16
fit:LGBMRegressor:252a25d9c0ce796b,A-native,,,fold_7,1.0623227151201418,ED2_APPLIED,,-36.04619694101147,step5_outside_pm10_escalate,ci_no_overlap_escalate,33.95818184175928,reject_null,reject the null hypothesis and conclude there is statistical evidence that the level of vertical inequity present is outside of acceptable limits,1.25945816379179,1.3021249197472797,0.9271311200968898,0.9361369953540116,0.9521156637431685,-36.0461969410115,step5_outside_pm10_escalate,ci_no_overlap_escalate,33.958181841759284,reject_null,reject the null hypothesis and conclude there is statistical evidence that the level of vertical inequity present is outside of acceptable limits,1.337951016139522,1.3832768801715263,0.984912448773706,0.9944795946288848,1.011454097016058,True,7.884801128095507e-16
fit:LGBMRegressor:252a25d9c0ce796b,A-native,,,pooled_oof,1.0623227151201418,NOT_APPLICABLE_FOR_ED2_INFERENCE,"ED2 App. D.2 is a rank-based order-statistic CI on distinct observations and has no row-balanced analogue; the pooled-OOF sample contains 20,988 unique rows twice, so the ED2 procedure is not applied there. No weighted variant was invented.",,,,,,,,,,,,,,,,,,,,,,,,
fit:LGBMRegressor:252a25d9c0ce796b,A-native,,,heldout,1.0623227151201418,ED2_APPLIED,,-26.459634217874914,step5_outside_pm10_escalate,ci_no_overlap_escalate,23.839104083986083,reject_null,reject the null hypothesis and conclude there is statistical evidence that the level of vertical inequity present is outside of acceptable limits,1.1362142683152792,1.175144740019968,0.9038456802974582,0.9148036424522379,0.9287707502891178,-26.45963421787492,step5_outside_pm10_escalate,ci_no_overlap_escalate,23.839104083986083,reject_null,reject the null hypothesis and conclude there is statistical evidence that the level of vertical inequity present is outside of acceptable limits,1.207026226474932,1.2483829508771649,0.960175797143207,0.9718166892516563,0.9866542651713064,True,2.6853838186473876e-16
fit:LGBMRegressor:252a25d9c0ce796b,A-native,,,forward_2025,1.0623227151201418,ED2_APPLIED,,-28.577346443693536,step5_outside_pm10_escalate,ci_no_overlap_escalate,25.119398432800487,reject_null,reject the null hypothesis and conclude there is statistical evidence that the level of vertical inequity present is outside of acceptable limits,1.1589091576659962,1.2105628396457888,0.9072339128274999,0.9201954896708237,0.950316022231903,-28.577346443693536,step5_outside_pm10_escalate,ci_no_overlap_escalate,25.11939843280048,reject_null,reject the null hypothesis and conclude there is statistical evidence that the level of vertical inequity present is outside of acceptable limits,1.231135522949337,1.2860084026360625,0.9637751935239792,0.9775445710284174,1.0095422969595678,True,0.0
fit:LGBSmoothPenalty:5b7875e55e58ac62,Surrogate,0.0,,fold_1,1.0623763218826567,ED2_APPLIED,,-29.66023178425817,step5_outside_pm10_escalate,ci_no_overlap_escalate,23.4512250234096,reject_null,reject the null hypothesis and conclude there is statistical evidence that the level of vertical inequity present is outside of acceptable limits,1.1945244609881018,1.2955998478218897,0.9416342570122256,0.9697154204550478,0.9586238685128134,-29.660231784258194,step5_outside_pm10_escalate,ci_no_overlap_escalate,23.451225023409588,reject_null,reject the null hypothesis and conclude there is statistical evidence that the level of vertical inequity present is outside of acceptable limits,1.2690345032634034,1.37641460096075,1.000369938523357,1.0302027016559283,1.0184192994995669,True,8.384626233704095e-16
fit:LGBSmoothPenalty:5b7875e55e58ac62,Surrogate,0.0,,fold_2,1.0623763218826567,ED2_APPLIED,,-28.40536451509306,step5_outside_pm10_escalate,ci_no_overlap_escalate,23.63237878168705,reject_null,reject the null hypothesis and conclude there is statistical evidence that the level of vertical inequity present is outside of acceptable limits,1.2034463871349483,1.2780209113052894,0.9502954757087164,0.9726460581600811,0.9766275799274027,-28.405364515093083,step5_outside_pm10_escalate,ci_no_overlap_escalate,23.63237878168707,reject_null,reject the null hypothesis and conclude there is statistical evidence that the level of vertical inequity present is outside of acceptable limits,1.2785129463473992,1.3577391550416353,1.0095714121851564,1.0333161417617722,1.037546016212435,True,8.755034894338174e-16
fit:LGBSmoothPenalty:5b7875e55e58ac62,Surrogate,0.0,,fold_3,1.0623763218826567,ED2_APPLIED,,-24.59158471805368,step5_outside_pm10_escalate,ci_no_overlap_escalate,20.032177099851236,reject_null,reject the null hypothesis and conclude there is statistical evidence that the level of vertical inequity present is outside of acceptable limits,1.173583634441495,1.233061994222962,0.9608474724685959,0.978394168021057,0.9743796964628841,-24.591584718053696,step5_outside_pm10_escalate,ci_no_overlap_escalate,20.032177099851232,reject_null,reject the null hypothesis and conclude there is statistical evidence that the level of vertical inequity present is outside of acceptable limits,1.2467874649796367,1.309975866075885,1.0207816036914348,1.0394227975736534,1.0351579180453792,True,5.778747029982674e-16
fit:LGBSmoothPenalty:5b7875e55e58ac62,Surrogate,0.0,,fold_4,1.0623763218826567,ED2_APPLIED,,-15.326001127773674,step5_outside_pm10_escalate,ci_no_overlap_escalate,12.382377989880032,reject_null,reject the null hypothesis and conclude there is statistical evidence that the level of vertical inequity present is outside of acceptable limits,1.0713868374768325,1.1171275239331673,0.9422480025131027,0.9542533057728766,0.9459696013131542,-15.326001127773667,step5_outside_pm10_escalate,ci_no_overlap_escalate,12.38237798988002,reject_null,reject the null hypothesis and conclude there is statistical evidence that the level of vertical inequity present is outside of acceptable limits,1.1382160077121297,1.1868098299499985,1.001021967211151,1.0137761171313555,1.0049757056558728,True,4.636191331556537e-16
fit:LGBSmoothPenalty:5b7875e55e58ac62,Surrogate,0.0,,fold_5,1.0623763218826567,ED2_APPLIED,,-21.47164884502159,step5_outside_pm10_escalate,ci_no_overlap_escalate,19.351677255200084,reject_null,reject the null hypothesis and conclude there is statistical evidence that the level of vertical inequity present is outside of acceptable limits,1.148606690309726,1.1824536094064897,0.9502983623630172,0.9613930948131728,0.9674282648872008,-21.471648845021594,step5_outside_pm10_escalate,ci_no_overlap_escalate,19.351677255200094,reject_null,reject the null hypothesis and conclude there is statistical evidence that the level of vertical inequity present is outside of acceptable limits,1.2202525509410596,1.2562107163581389,1.009574478898335,1.0213612599510036,1.0277728817361855,True,1.6546068280285946e-16
fit:LGBSmoothPenalty:5b7875e55e58ac62,Surrogate,0.0,,fold_6,1.0623763218826567,ED2_APPLIED,,-32.33745484389421,step5_outside_pm10_escalate,ci_no_overlap_escalate,29.76781418213454,reject_null,reject the null hypothesis and conclude there is statistical evidence that the level of vertical inequity present is outside of acceptable limits,1.2481115956451596,1.2906874037302853,0.9457210421766642,0.9566871040277076,0.9789919066088278,-32.33745484389421,step5_outside_pm10_escalate,ci_no_overlap_escalate,29.767814182134558,reject_null,reject the null hypothesis and conclude there is statistical evidence that the level of vertical inequity present is outside of acceptable limits,1.3259642062805994,1.3711957366752572,1.0047116423146782,1.0163617267695273,1.0400578208959765,True,0.0
fit:LGBSmoothPenalty:5b7875e55e58ac62,Surrogate,0.0,,fold_7,1.0623763218826567,ED2_APPLIED,,-35.53979317533932,step5_outside_pm10_escalate,ci_no_overlap_escalate,32.07307184118183,reject_null,reject the null hypothesis and conclude there is statistical evidence that the level of vertical inequity present is outside of acceptable limits,1.2428222016508759,1.2941996306207453,0.9281429830959058,0.9378144885021676,0.9509775510716072,-35.53979317533931,step5_outside_pm10_escalate,ci_no_overlap_escalate,32.07307184118183,reject_null,reject the null hypothesis and conclude there is statistical evidence that the level of vertical inequity present is outside of acceptable limits,1.3203448793439638,1.3749270433607612,0.986037128562626,0.9963119069031986,1.0102960329004311,True,1.9992877624654782e-16
fit:LGBSmoothPenalty:5b7875e55e58ac62,Surrogate,0.0,,pooled_oof,1.0623763218826567,NOT_APPLICABLE_FOR_ED2_INFERENCE,"ED2 App. D.2 is a rank-based order-statistic CI on distinct observations and has no row-balanced analogue; the pooled-OOF sample contains 20,988 unique rows twice, so the ED2 procedure is not applied there. No weighted variant was invented.",,,,,,,,,,,,,,,,,,,,,,,,
fit:LGBSmoothPenalty:5b7875e55e58ac62,Surrogate,0.0,,heldout,1.0623763218826567,ED2_APPLIED,,-26.166623718966303,step5_outside_pm10_escalate,ci_no_overlap_escalate,23.445478945960474,reject_null,reject the null hypothesis and conclude there is statistical evidence that the level of vertical inequity present is outside of acceptable limits,1.1271006597659166,1.1704696558110004,0.8994507072619561,0.9096325454221507,0.9275481846415189,-26.166623718966314,step5_outside_pm10_escalate,ci_no_overlap_escalate,23.445478945960467,reject_null,reject the null hypothesis and conclude there is statistical evidence that the level of vertical inequity present is outside of acceptable limits,1.197405053313631,1.2434792478157506,0.9555551340957117,0.9663720778703437,0.985405228768393,True,4.073181603737506e-16
fit:LGBSmoothPenalty:5b7875e55e58ac62,Surrogate,0.0,,forward_2025,1.0623763218826567,ED2_APPLIED,,-28.407155342585,step5_outside_pm10_escalate,ci_no_overlap_escalate,25.697704394305294,reject_null,reject the null hypothesis and conclude there is statistical evidence that the level of vertical inequity present is outside of acceptable limits,1.1621096472273593,1.2073857872672187,0.9059376703535383,0.9188972163110374,0.9464364099783898,-28.407155342585018,step5_outside_pm10_escalate,ci_no_overlap_escalate,25.69770439430528,reject_null,reject the null hypothesis and conclude there is statistical evidence that the level of vertical inequity present is outside of acceptable limits,1.2345977726457544,1.2826980717703445,0.9624467300851356,0.9762146448527326,1.0054716321286685,True,6.253202117486661e-16
posthoc:C:b=1.0000000000000002,C-posthoc,,1.0000000000000002,fold_1,1.0623763218826567,ED2_APPLIED,,-29.66023178425817,step5_outside_pm10_escalate,ci_no_overlap_escalate,23.4512250234096,reject_null,reject the null hypothesis and conclude there is statistical evidence that the level of vertical inequity present is outside of acceptable limits,1.1945244609881018,1.2955998478218897,0.9416342570122256,0.9697154204550478,0.9586238685128134,-29.660231784258194,step5_outside_pm10_escalate,ci_no_overlap_escalate,23.451225023409588,reject_null,reject the null hypothesis and conclude there is statistical evidence that the level of vertical inequity present is outside of acceptable limits,1.2690345032634034,1.37641460096075,1.000369938523357,1.0302027016559283,1.0184192994995669,True,8.384626233704095e-16
posthoc:C:b=1.0000000000000002,C-posthoc,,1.0000000000000002,fold_2,1.0623763218826567,ED2_APPLIED,,-28.40536451509306,step5_outside_pm10_escalate,ci_no_overlap_escalate,23.63237878168705,reject_null,reject the null hypothesis and conclude there is statistical evidence that the level of vertical inequity present is outside of acceptable limits,1.2034463871349483,1.2780209113052894,0.9502954757087164,0.9726460581600811,0.9766275799274027,-28.405364515093083,step5_outside_pm10_escalate,ci_no_overlap_escalate,23.63237878168707,reject_null,reject the null hypothesis and conclude there is statistical evidence that the level of vertical inequity present is outside of acceptable limits,1.2785129463473992,1.3577391550416353,1.0095714121851564,1.0333161417617722,1.037546016212435,True,8.755034894338174e-16
posthoc:C:b=1.0000000000000002,C-posthoc,,1.0000000000000002,fold_3,1.0623763218826567,ED2_APPLIED,,-24.59158471805368,step5_outside_pm10_escalate,ci_no_overlap_escalate,20.032177099851236,reject_null,reject the null hypothesis and conclude there is statistical evidence that the level of vertical inequity present is outside of acceptable limits,1.173583634441495,1.233061994222962,0.9608474724685959,0.978394168021057,0.9743796964628841,-24.591584718053696,step5_outside_pm10_escalate,ci_no_overlap_escalate,20.032177099851232,reject_null,reject the null hypothesis and conclude there is statistical evidence that the level of vertical inequity present is outside of acceptable limits,1.2467874649796367,1.309975866075885,1.0207816036914348,1.0394227975736534,1.0351579180453792,True,5.778747029982674e-16
posthoc:C:b=1.0000000000000002,C-posthoc,,1.0000000000000002,fold_4,1.0623763218826567,ED2_APPLIED,,-15.326001127773674,step5_outside_pm10_escalate,ci_no_overlap_escalate,12.382377989880032,reject_null,reject the null hypothesis and conclude there is statistical evidence that the level of vertical inequity present is outside of acceptable limits,1.0713868374768325,1.1171275239331673,0.9422480025131027,0.9542533057728766,0.9459696013131542,-15.326001127773667,step5_outside_pm10_escalate,ci_no_overlap_escalate,12.38237798988002,reject_null,reject the null hypothesis and conclude there is statistical evidence that the level of vertical inequity present is outside of acceptable limits,1.1382160077121297,1.1868098299499985,1.001021967211151,1.0137761171313555,1.0049757056558728,True,4.636191331556537e-16
posthoc:C:b=1.0000000000000002,C-posthoc,,1.0000000000000002,fold_5,1.0623763218826567,ED2_APPLIED,,-21.47164884502159,step5_outside_pm10_escalate,ci_no_overlap_escalate,19.351677255200084,reject_null,reject the null hypothesis and conclude there is statistical evidence that the level of vertical inequity present is outside of acceptable limits,1.148606690309726,1.1824536094064897,0.9502983623630172,0.9613930948131728,0.9674282648872008,-21.471648845021594,step5_outside_pm10_escalate,ci_no_overlap_escalate,19.351677255200094,reject_null,reject the null hypothesis and conclude there is statistical evidence that the level of vertical inequity present is outside of acceptable limits,1.2202525509410596,1.2562107163581389,1.009574478898335,1.0213612599510036,1.0277728817361855,True,1.6546068280285946e-16
posthoc:C:b=1.0000000000000002,C-posthoc,,1.0000000000000002,fold_6,1.0623763218826567,ED2_APPLIED,,-32.33745484389421,step5_outside_pm10_escalate,ci_no_overlap_escalate,29.76781418213454,reject_null,reject the null hypothesis and conclude there is statistical evidence that the level of vertical inequity present is outside of acceptable limits,1.2481115956451596,1.2906874037302853,0.9457210421766642,0.9566871040277076,0.9789919066088278,-32.33745484389421,step5_outside_pm10_escalate,ci_no_overlap_escalate,29.767814182134558,reject_null,reject the null hypothesis and conclude there is statistical evidence that the level of vertical inequity present is outside of acceptable limits,1.3259642062805994,1.3711957366752572,1.0047116423146782,1.0163617267695273,1.0400578208959765,True,0.0
posthoc:C:b=1.0000000000000002,C-posthoc,,1.0000000000000002,fold_7,1.0623763218826567,ED2_APPLIED,,-35.53979317533932,step5_outside_pm10_escalate,ci_no_overlap_escalate,32.07307184118183,reject_null,reject the null hypothesis and conclude there is statistical evidence that the level of vertical inequity present is outside of acceptable limits,1.2428222016508759,1.2941996306207453,0.9281429830959058,0.9378144885021676,0.9509775510716072,-35.53979317533931,step5_outside_pm10_escalate,ci_no_overlap_escalate,32.07307184118183,reject_null,reject the null hypothesis and conclude there is statistical evidence that the level of vertical inequity present is outside of acceptable limits,1.3203448793439638,1.3749270433607612,0.986037128562626,0.9963119069031986,1.0102960329004311,True,1.9992877624654782e-16
posthoc:C:b=1.0000000000000002,C-posthoc,,1.0000000000000002,pooled_oof,1.0623763218826567,NOT_APPLICABLE_FOR_ED2_INFERENCE,"ED2 App. D.2 is a rank-based order-statistic CI on distinct observations and has no row-balanced analogue; the pooled-OOF sample contains 20,988 unique rows twice, so the ED2 procedure is not applied there. No weighted variant was invented.",,,,,,,,,,,,,,,,,,,,,,,,
posthoc:C:b=1.0000000000000002,C-posthoc,,1.0000000000000002,heldout,1.0623763218826567,ED2_APPLIED,,-26.166623718966303,step5_outside_pm10_escalate,ci_no_overlap_escalate,23.445478945960474,reject_null,reject the null hypothesis and conclude there is statistical evidence that the level of vertical inequity present is outside of acceptable limits,1.1271006597659166,1.1704696558110004,0.8994507072619561,0.9096325454221507,0.9275481846415189,-26.166623718966314,step5_outside_pm10_escalate,ci_no_overlap_escalate,23.445478945960467,reject_null,reject the null hypothesis and conclude there is statistical evidence that the level of vertical inequity present is outside of acceptable limits,1.197405053313631,1.2434792478157506,0.9555551340957117,0.9663720778703437,0.985405228768393,True,4.073181603737506e-16
posthoc:C:b=1.0000000000000002,C-posthoc,,1.0000000000000002,forward_2025,1.0623763218826567,ED2_APPLIED,,-28.407155342585,step5_outside_pm10_escalate,ci_no_overlap_escalate,25.697704394305294,reject_null,reject the null hypothesis and conclude there is statistical evidence that the level of vertical inequity present is outside of acceptable limits,1.1621096472273593,1.2073857872672187,0.9059376703535383,0.9188972163110374,0.9464364099783898,-28.407155342585018,step5_outside_pm10_escalate,ci_no_overlap_escalate,25.69770439430528,reject_null,reject the null hypothesis and conclude there is statistical evidence that the level of vertical inequity present is outside of acceptable limits,1.2345977726457544,1.2826980717703445,0.9624467300851356,0.9762146448527326,1.0054716321286685,True,6.253202117486661e-16
posthoc:A:b=0.9999219431164414,A-posthoc,,0.9999219431164414,fold_1,1.0623354347985632,ED2_APPLIED,,-32.38333161981233,step5_outside_pm10_escalate,ci_no_overlap_escalate,24.289233157861347,reject_null,reject the null hypothesis and conclude there is statistical evidence that the level of vertical inequity present is outside of acceptable limits,1.2075870245054796,1.2967854359103612,0.9458245122947346,0.9746195681682127,0.9591387872278944,-32.38333161981233,step5_outside_pm10_escalate,ci_no_overlap_escalate,24.28923315786135,reject_null,reject the null hypothesis and conclude there is statistical evidence that the level of vertical inequity present is outside of acceptable limits,1.282862486735133,1.377621119898279,1.0047828945117667,1.035372902713167,1.0189271205619126,True,0.0
posthoc:A:b=0.9999219431164414,A-posthoc,,0.9999219431164414,fold_2,1.0623354347985632,ED2_APPLIED,,-28.346900523803868,step5_outside_pm10_escalate,ci_no_overlap_escalate,25.50302567657458,reject_null,reject the null hypothesis and conclude there is statistical evidence that the level of vertical inequity present is outside of acceptable limits,1.2185290258371648,1.2811151918976371,0.9542783121839244,0.9695970735580296,0.9760879177084777,-28.34690052380385,step5_outside_pm10_escalate,ci_no_overlap_escalate,25.503025676574616,reject_null,reject the null hypothesis and conclude there is statistical evidence that the level of vertical inequity present is outside of acceptable limits,1.2944865624773954,1.3609740644116222,1.0137636656927493,1.0300373287176845,1.0369327824604606,True,6.266494066639076e-16
posthoc:A:b=0.9999219431164414,A-posthoc,,0.9999219431164414,fold_3,1.0623354347985632,ED2_APPLIED,,-23.97698178967903,step5_outside_pm10_escalate,ci_no_overlap_escalate,19.917650629061253,reject_null,reject the null hypothesis and conclude there is statistical evidence that the level of vertical inequity present is outside of acceptable limits,1.1713131328375783,1.234252439091177,0.9598740242001247,0.9771619073854098,0.9747697108859228,-23.976981789679062,step5_outside_pm10_escalate,ci_no_overlap_escalate,19.91765062906126,reject_null,reject the null hypothesis and conclude there is statistical evidence that the level of vertical inequity present is outside of acceptable limits,1.2443274462582772,1.3111901015331138,1.0197081888504869,1.0380737197508736,1.0355324046424674,True,1.3335466235774514e-15
posthoc:A:b=0.9999219431164414,A-posthoc,,0.9999219431164414,fold_4,1.0623354347985632,ED2_APPLIED,,-15.040264295528308,step5_outside_pm10_escalate,ci_no_overlap_escalate,11.22766397539715,reject_null,reject the null hypothesis and conclude there is statistical evidence that the level of vertical inequity present is outside of acceptable limits,1.0638695959647213,1.1186058866527973,0.9418275521365072,0.9573681619680838,0.948562712867173,-15.040264295528273,step5_outside_pm10_escalate,ci_no_overlap_escalate,11.227663975397125,reject_null,reject the null hypothesis and conclude there is statistical evidence that the level of vertical inequity present is outside of acceptable limits,1.1301863697981547,1.1883346709655327,1.0005367821042037,1.0170461226066665,1.0076917820074536,True,2.36213513871347e-15
posthoc:A:b=0.9999219431164414,A-posthoc,,0.9999219431164414,fold_5,1.0623354347985632,ED2_APPLIED,,-22.55217545236265,step5_outside_pm10_escalate,ci_no_overlap_escalate,19.613566742697895,reject_null,reject the null hypothesis and conclude there is statistical evidence that the level of vertical inequity present is outside of acceptable limits,1.1487707607905187,1.1934955703352619,0.9468410411267956,0.9590276131747327,0.9674076627925263,-22.552175452362675,step5_outside_pm10_escalate,ci_no_overlap_escalate,19.613566742697913,reject_null,reject the null hypothesis and conclude there is statistical evidence that the level of vertical inequity present is outside of acceptable limits,1.220379885648273,1.2678926356422706,1.0058627891105594,1.0188090164258088,1.027711440080161,True,1.1027315659251905e-15
posthoc:A:b=0.9999219431164414,A-posthoc,,0.9999219431164414,fold_6,1.0623354347985632,ED2_APPLIED,,-32.39337704375888,step5_outside_pm10_escalate,ci_no_overlap_escalate,29.061870983142942,reject_null,reject the null hypothesis and conclude there is statistical evidence that the level of vertical inequity present is outside of acceptable limits,1.2384413478436829,1.2901660180504262,0.945248885611823,0.9550804621795455,0.975026301054389,-32.3933770437589,step5_outside_pm10_escalate,ci_no_overlap_escalate,29.06187098314296,reject_null,reject the null hypothesis and conclude there is statistical evidence that the level of vertical inequity present is outside of acceptable limits,1.3156401277340388,1.3705890777479315,1.004171385889294,1.014615818057121,1.03580498947065,True,6.580444528524369e-16
posthoc:A:b=0.9999219431164414,A-posthoc,,0.9999219431164414,fold_7,1.0623354347985632,ED2_APPLIED,,-36.06950081031391,step5_outside_pm10_escalate,ci_no_overlap_escalate,33.983321909999326,reject_null,reject the null hypothesis and conclude there is statistical evidence that the level of vertical inequity present is outside of acceptable limits,1.2595615665876556,1.3022028937016465,0.9269815730721946,0.9360103839524238,0.9520881551606921,-36.06950081031391,step5_outside_pm10_escalate,ci_no_overlap_escalate,33.98332190999934,reject_null,reject the null hypothesis and conclude there is statistical evidence that the level of vertical inequity present is outside of acceptable limits,1.3380768844964577,1.3833762772764868,0.9847653724799067,0.9943569982120689,1.0114369842791966,True,0.0
posthoc:A:b=0.9999219431164414,A-posthoc,,0.9999219431164414,pooled_oof,1.0623354347985632,NOT_APPLICABLE_FOR_ED2_INFERENCE,"ED2 App. D.2 is a rank-based order-statistic CI on distinct observations and has no row-balanced analogue; the pooled-OOF sample contains 20,988 unique rows twice, so the ED2 procedure is not applied there. No weighted variant was invented.",,,,,,,,,,,,,,,,,,,,,,,,
posthoc:A:b=0.9999219431164414,A-posthoc,,0.9999219431164414,heldout,1.0623354347985632,ED2_APPLIED,,-26.47627954247374,step5_outside_pm10_escalate,ci_no_overlap_escalate,23.856598226169623,reject_null,reject the null hypothesis and conclude there is statistical evidence that the level of vertical inequity present is outside of acceptable limits,1.1362929078985815,1.175204534887428,0.90371784306461,0.9147272616723698,0.9287394796428439,-26.476279542473723,step5_outside_pm10_escalate,ci_no_overlap_escalate,23.856598226169616,reject_null,reject the null hypothesis and conclude there is statistical evidence that the level of vertical inequity present is outside of acceptable limits,1.2071242203709642,1.24846142054688,0.960051487747263,0.9717471832508169,0.9866328589209727,True,6.709238873802438e-16
posthoc:A:b=0.9999219431164414,A-posthoc,,0.9999219431164414,forward_2025,1.0623354347985632,ED2_APPLIED,,-28.60201221991557,step5_outside_pm10_escalate,ci_no_overlap_escalate,25.135356545830756,reject_null,reject the null hypothesis and conclude there is statistical evidence that the level of vertical inequity present is outside of acceptable limits,1.1589531350174953,1.2106502902827325,0.9071274138095479,0.9200971784464735,0.9502787682183931,-28.602012219915572,step5_outside_pm10_escalate,ci_no_overlap_escalate,25.135356545830724,reject_null,reject the null hypothesis and conclude there is statistical evidence that the level of vertical inequity present is outside of acceptable limits,1.2311969825999696,1.2861167025165143,0.963673595567063,0.9774518361218666,1.0095148084151304,True,1.2421201877281724e-16
fit:LGBCovPenalty:2c281c6754e7623b,Direct,0.7196856730011519,,fold_1,1.060090747307218,ED2_APPLIED,,-26.470329914249966,step5_outside_pm10_escalate,ci_no_overlap_escalate,21.02771878178677,reject_null,reject the null hypothesis and conclude there is statistical evidence that the level of vertical inequity present is outside of acceptable limits,1.1996338640536055,1.2834588097791064,0.9554106605144298,0.9971604335977851,0.9628882360324958,-26.47032991424996,step5_outside_pm10_escalate,ci_no_overlap_escalate,21.027718781786746,reject_null,reject the null hypothesis and conclude there is statistical evidence that the level of vertical inequity present is outside of acceptable limits,1.2717207594396316,1.360582808796765,1.0128220010900242,1.0570805492378652,1.020748909709017,True,2.6842987528371854e-16
fit:LGBCovPenalty:2c281c6754e7623b,Direct,0.7196856730011519,,fold_2,1.060090747307218,ED2_APPLIED,,-23.37975151150987,step5_outside_pm10_escalate,ci_no_overlap_escalate,19.134559250703404,reject_null,reject the null hypothesis and conclude there is statistical evidence that the level of vertical inequity present is outside of acceptable limits,1.1809547683081587,1.2447740956458884,0.9719262457076991,0.9938394584966768,0.9778919250758462,-23.37975151150988,step5_outside_pm10_escalate,ci_no_overlap_escalate,19.1345592507034,reject_null,reject the null hypothesis and conclude there is statistical evidence that the level of vertical inequity present is outside of acceptable limits,1.251919222871818,1.3195735012819156,1.0303300201397732,1.0535600142611425,1.0366541816393473,True,4.558705866122868e-16
fit:LGBCovPenalty:2c281c6754e7623b,Direct,0.7196856730011519,,fold_3,1.060090747307218,ED2_APPLIED,,-19.39287702412003,step5_outside_pm10_escalate,ci_no_overlap_escalate,16.10392206616794,reject_null,reject the null hypothesis and conclude there is statistical evidence that the level of vertical inequity present is outside of acceptable limits,1.1458419896852308,1.198953390071359,0.9741185596432409,0.9890103647773262,0.9738722297805057,-19.392877024120047,step5_outside_pm10_escalate,ci_no_overlap_escalate,16.103922066167957,reject_null,reject the null hypothesis and conclude there is statistical evidence that the level of vertical inequity present is outside of acceptable limits,1.2146964911414055,1.270999395267269,1.0326540718580335,1.0484407366913795,1.0323929398497627,True,9.159841715032245e-16
fit:LGBCovPenalty:2c281c6754e7623b,Direct,0.7196856730011519,,fold_4,1.060090747307218,ED2_APPLIED,,-11.779701881567233,step5_outside_pm10_escalate,ci_no_overlap_escalate,8.645574895227805,fail_to_reject_null,fail to reject the null hypothesis that the level of vertical inequity present is within acceptable limits,1.0567149675091108,1.0982078640195183,0.9607233691593591,0.9743025383593262,0.9532324934837433,-11.77970188156723,step5_outside_pm10_escalate,ci_no_overlap_escalate,8.645574895227814,fail_to_reject_null,fail to reject the null hypothesis that the level of vertical inequity present is within acceptable limits,1.1202137595974553,1.1641999952671143,1.0184539543676527,1.032849105992657,1.0105129463747038,True,3.015962300675668e-16
fit:LGBCovPenalty:2c281c6754e7623b,Direct,0.7196856730011519,,fold_5,1.060090747307218,ED2_APPLIED,,-18.462272267884742,step5_outside_pm10_escalate,ci_no_overlap_escalate,16.194587296249036,reject_null,reject the null hypothesis and conclude there is statistical evidence that the level of vertical inequity present is outside of acceptable limits,1.1425895573501719,1.1771803155664904,0.9740366941679917,0.9848933263353276,0.9737588746788852,-18.462272267884735,step5_outside_pm10_escalate,ci_no_overlap_escalate,16.19458729624903,reject_null,reject the null hypothesis and conclude there is statistical evidence that the level of vertical inequity present is outside of acceptable limits,1.2112486177167667,1.247917960444227,1.032567287025198,1.0440763023327089,1.0322727731553745,True,3.848620177680374e-16
fit:LGBCovPenalty:2c281c6754e7623b,Direct,0.7196856730011519,,fold_6,1.060090747307218,ED2_APPLIED,,-29.08824827895335,step5_outside_pm10_escalate,ci_no_overlap_escalate,26.301916995334075,reject_null,reject the null hypothesis and conclude there is statistical evidence that the level of vertical inequity present is outside of acceptable limits,1.2293733505120312,1.2779217284079378,0.9608186724215523,0.9715918343985973,0.9800864178803546,-29.08824827895335,step5_outside_pm10_escalate,ci_no_overlap_escalate,26.301916995334086,reject_null,reject the null hypothesis and conclude there is statistical evidence that the level of vertical inequity present is outside of acceptable limits,1.3032473138638772,1.354713000068102,1.018554984474092,1.0299755138051994,1.038980543156439,True,0.0
fit:LGBCovPenalty:2c281c6754e7623b,Direct,0.7196856730011519,,fold_7,1.060090747307218,ED2_APPLIED,,-32.94633595009869,step5_outside_pm10_escalate,ci_no_overlap_escalate,30.330623552719043,reject_null,reject the null hypothesis and conclude there is statistical evidence that the level of vertical inequity present is outside of acceptable limits,1.2455943942771555,1.2845777167663406,0.9445176304024819,0.955259764469534,0.9572326441063027,-32.9463359500987,step5_outside_pm10_escalate,ci_no_overlap_escalate,30.330623552719036,reject_null,reject the null hypothesis and conclude there is statistical evidence that the level of vertical inequity present is outside of acceptable limits,1.3204430922709507,1.3617689517410292,1.0012744006582095,1.012662037589025,1.0147534690375142,True,2.1566669411624563e-16
fit:LGBCovPenalty:2c281c6754e7623b,Direct,0.7196856730011519,,pooled_oof,1.060090747307218,NOT_APPLICABLE_FOR_ED2_INFERENCE,"ED2 App. D.2 is a rank-based order-statistic CI on distinct observations and has no row-balanced analogue; the pooled-OOF sample contains 20,988 unique rows twice, so the ED2 procedure is not applied there. No weighted variant was invented.",,,,,,,,,,,,,,,,,,,,,,,,
fit:LGBCovPenalty:2c281c6754e7623b,Direct,0.7196856730011519,,heldout,1.060090747307218,ED2_APPLIED,,-22.908999736950992,step5_outside_pm10_escalate,ci_no_overlap_escalate,20.278880675245247,reject_null,reject the null hypothesis and conclude there is statistical evidence that the level of vertical inequity present is outside of acceptable limits,1.1251800882118397,1.1550241363486118,0.924215027322705,0.935340035518684,0.9361466036184947,-22.90899973695097,step5_outside_pm10_escalate,ci_no_overlap_escalate,20.278880675245222,reject_null,reject the null hypothesis and conclude there is statistical evidence that the level of vertical inequity present is outside of acceptable limits,1.1927930005676899,1.2244303998596733,0.9797517989870868,0.9915453172393612,0.9924003526190435,True,9.304763332124441e-16
fit:LGBCovPenalty:2c281c6754e7623b,Direct,0.7196856730011519,,forward_2025,1.060090747307218,ED2_APPLIED,,-24.336951617630724,step5_outside_pm10_escalate,ci_no_overlap_escalate,21.368623716185848,reject_null,reject the null hypothesis and conclude there is statistical evidence that the level of vertical inequity present is outside of acceptable limits,1.1456999497617613,1.1882087053994417,0.927697101592628,0.9416729046297055,0.9547973133034003,-24.33695161763073,step5_outside_pm10_escalate,ci_no_overlap_escalate,21.368623716185844,reject_null,reject the null hypothesis and conclude there is statistical evidence that the level of vertical inequity present is outside of acceptable limits,1.2145459159327872,1.2596090544638356,0.9834431137020687,0.9982587331878628,1.0121717973867252,True,2.919604504803111e-16
fit:LGBSmoothPenalty:17a81001ec5284a3,Surrogate,0.1325711365590109,,fold_1,1.0673476561754591,ED2_APPLIED,,-28.916408541524696,step5_outside_pm10_escalate,ci_no_overlap_escalate,22.461455642196317,reject_null,reject the null hypothesis and conclude there is statistical evidence that the level of vertical inequity present is outside of acceptable limits,1.192615047936494,1.281025321721646,0.9507205341949041,0.9779596768361576,0.9556609977542273,-28.916408541524692,step5_outside_pm10_escalate,ci_no_overlap_escalate,22.461455642196317,reject_null,reject the null hypothesis and conclude there is statistical evidence that the level of vertical inequity present is outside of acceptable limits,1.2729348761346004,1.367299374641013,1.0147493338508118,1.0438229689051828,1.0200225260512756,True,1.2286151213068918e-16
fit:LGBSmoothPenalty:17a81001ec5284a3,Surrogate,0.1325711365590109,,fold_2,1.0673476561754591,ED2_APPLIED,,-25.697747172705487,step5_outside_pm10_escalate,ci_no_overlap_escalate,20.446784509254623,reject_null,reject the null hypothesis and conclude there is statistical evidence that the level of vertical inequity present is outside of acceptable limits,1.1739935262225392,1.2616773983097955,0.9570058508282273,0.9741042213368272,0.977607529414897,-25.69774717270548,step5_outside_pm10_escalate,ci_no_overlap_escalate,20.446784509254613,reject_null,reject the null hypothesis and conclude there is statistical evidence that the level of vertical inequity present is outside of acceptable limits,1.25305923857879,1.3466484139355122,1.02145795182771,1.0397078575144836,1.043447105180472,True,2.765000102868136e-16
fit:LGBSmoothPenalty:17a81001ec5284a3,Surrogate,0.1325711365590109,,fold_3,1.0673476561754591,ED2_APPLIED,,-20.40528317170527,step5_outside_pm10_escalate,ci_no_overlap_escalate,16.793948300316984,reject_null,reject the null hypothesis and conclude there is statistical evidence that the level of vertical inequity present is outside of acceptable limits,1.1414460523056285,1.2007619003276582,0.9625966608811042,0.9789944028707827,0.9673225529209206,-20.405283171705292,step5_outside_pm10_escalate,ci_no_overlap_escalate,16.793948300317002,reject_null,reject the null hypothesis and conclude there is statistical evidence that the level of vertical inequity present is outside of acceptable limits,1.2183197685791436,1.2816303999395169,1.0274252898337703,1.0449273813130233,1.0324694596258066,True,1.0446452466957656e-15
fit:LGBSmoothPenalty:17a81001ec5284a3,Surrogate,0.1325711365590109,,fold_4,1.0673476561754591,ED2_APPLIED,,-11.400977228170246,step5_outside_pm10_escalate,ci_no_overlap_escalate,7.861610555934179,fail_to_reject_null,fail to reject the null hypothesis that the level of vertical inequity present is within acceptable limits,1.0331453328055002,1.0779059836658862,0.945785077252298,0.958595437086999,0.9482776485567419,-11.400977228170248,step5_outside_pm10_escalate,ci_no_overlap_escalate,7.8616105559342015,fail_to_reject_null,fail to reject the null hypothesis that the level of vertical inequity present is within acceptable limits,1.102725249458566,1.1505004252432867,1.0094814854509664,1.0231545929952985,1.0121419255906146,True,1.5580741929833148e-16
fit:LGBSmoothPenalty:17a81001ec5284a3,Surrogate,0.1325711365590109,,fold_5,1.0673476561754591,ED2_APPLIED,,-19.40824147121485,step5_outside_pm10_escalate,ci_no_overlap_escalate,17.054225999795683,reject_null,reject the null hypothesis and conclude there is statistical evidence that the level of vertical inequity present is outside of acceptable limits,1.1301667334483685,1.1696840063386595,0.9534918803624667,0.9654808733647675,0.9656601248603953,-19.40824147121485,step5_outside_pm10_escalate,ci_no_overlap_escalate,17.054225999795666,reject_null,reject the null hypothesis and conclude there is statistical evidence that the level of vertical inequity present is outside of acceptable limits,1.2062808140335914,1.2484594826314896,1.0177073236872105,1.0305037472681204,1.0306950709318445,True,0.0
fit:LGBSmoothPenalty:17a81001ec5284a3,Surrogate,0.1325711365590109,,fold_6,1.0673476561754591,ED2_APPLIED,,-29.237305374834893,step5_outside_pm10_escalate,ci_no_overlap_escalate,26.588751795566406,reject_null,reject the null hypothesis and conclude there is statistical evidence that the level of vertical inequity present is outside of acceptable limits,1.2260023812927354,1.2726899578047424,0.9540919487241865,0.9657942096770178,0.9786400415348063,-29.23730537483487,step5_outside_pm10_escalate,ci_no_overlap_escalate,26.588751795566406,reject_null,reject the null hypothesis and conclude there is statistical evidence that the level of vertical inequity present is outside of acceptable limits,1.3085707681383334,1.3584026435009362,1.0183478052466373,1.0308381860465954,1.0445491545716301,True,7.2907820332684755e-16
fit:LGBSmoothPenalty:17a81001ec5284a3,Surrogate,0.1325711365590109,,fold_7,1.0673476561754591,ED2_APPLIED,,-30.747571758569144,step5_outside_pm10_escalate,ci_no_overlap_escalate,28.044332169221452,reject_null,reject the null hypothesis and conclude there is statistical evidence that the level of vertical inequity present is outside of acceptable limits,1.2069985571123327,1.2518346135384415,0.9310846490002528,0.9410490197013703,0.9483183119006164,-30.747571758569176,step5_outside_pm10_escalate,ci_no_overlap_escalate,28.04433216922145,reject_null,reject the null hypothesis and conclude there is statistical evidence that the level of vertical inequity present is outside of acceptable limits,1.28828708094101,1.3361427406795676,0.9937910178113702,1.0044264655244717,1.0121853275153914,True,1.0399007557497106e-15
fit:LGBSmoothPenalty:17a81001ec5284a3,Surrogate,0.1325711365590109,,pooled_oof,1.0673476561754591,NOT_APPLICABLE_FOR_ED2_INFERENCE,"ED2 App. D.2 is a rank-based order-statistic CI on distinct observations and has no row-balanced analogue; the pooled-OOF sample contains 20,988 unique rows twice, so the ED2 procedure is not applied there. No weighted variant was invented.",,,,,,,,,,,,,,,,,,,,,,,,
fit:LGBSmoothPenalty:17a81001ec5284a3,Surrogate,0.1325711365590109,,heldout,1.0673476561754591,ED2_APPLIED,,-22.396516755626195,step5_outside_pm10_escalate,ci_no_overlap_escalate,20.168645500630664,reject_null,reject the null hypothesis and conclude there is statistical evidence that the level of vertical inequity present is outside of acceptable limits,1.1070999827288817,1.1417063604404707,0.9101314817710668,0.9196056393934829,0.9296327972522291,-22.396516755626184,step5_outside_pm10_escalate,ci_no_overlap_escalate,20.16864550063067,reject_null,reject the null hypothesis and conclude there is statistical evidence that the level of vertical inequity present is outside of acceptable limits,1.181660571717564,1.2185976078567509,0.9714267038798462,0.9815389238123691,0.9922413872510032,True,4.758838685807733e-16
fit:LGBSmoothPenalty:17a81001ec5284a3,Surrogate,0.1325711365590109,,forward_2025,1.0673476561754591,ED2_APPLIED,,-26.133727586616864,step5_outside_pm10_escalate,ci_no_overlap_escalate,22.941202521513386,reject_null,reject the null hypothesis and conclude there is statistical evidence that the level of vertical inequity present is outside of acceptable limits,1.1433161437564547,1.1884579858202904,0.9143684935206066,0.9252095749225127,0.9507198614780985,-26.13372758661688,step5_outside_pm10_escalate,ci_no_overlap_escalate,22.941202521513404,reject_null,reject the null hypothesis and conclude there is statistical evidence that the level of vertical inequity present is outside of acceptable limits,1.2203158063060169,1.2684978456282945,0.9759490684399053,0.987520271264637,1.014748615828106,True,6.797181280445911e-16
posthoc:C:b=1.0136711699227623,C-posthoc,,1.0136711699227623,fold_1,1.0602010551302514,ED2_APPLIED,,-25.370124855015206,step5_outside_pm10_escalate,ci_no_overlap_escalate,18.536192635234915,reject_null,reject the null hypothesis and conclude there is statistical evidence that the level of vertical inequity present is outside of acceptable limits,1.1688696726909689,1.2736635653710828,0.9625638457823958,0.990510197414737,0.9622228188176761,-25.370124855015217,step5_outside_pm10_escalate,ci_no_overlap_escalate,18.53619263523491,reject_null,reject the null hypothesis and conclude there is statistical evidence that the level of vertical inequity present is outside of acceptable limits,1.2392368602967179,1.3503394558873811,1.0205112049287297,1.0501399564163787,1.0201496477809058,True,4.2010597493352833e-16
posthoc:C:b=1.0136711699227623,C-posthoc,,1.0136711699227623,fold_2,1.0602010551302514,ED2_APPLIED,,-24.050512308849214,step5_outside_pm10_escalate,ci_no_overlap_escalate,19.512463316585386,reject_null,reject the null hypothesis and conclude there is statistical evidence that the level of vertical inequity present is outside of acceptable limits,1.18431220169392,1.256368161809115,0.9696631185598744,0.9927604766755713,0.9816890974269343,-24.050512308849203,step5_outside_pm10_escalate,ci_no_overlap_escalate,19.512463316585375,reject_null,reject the null hypothesis and conclude there is statistical evidence that the level of vertical inequity present is outside of acceptable limits,1.2556090458395261,1.3320028507820794,1.0280378614180699,1.052525704863053,1.040787816901901,True,4.4315650741792787e-16
posthoc:C:b=1.0136711699227623,C-posthoc,,1.0136711699227623,fold_3,1.0602010551302514,ED2_APPLIED,,-20.498835833032388,step5_outside_pm10_escalate,ci_no_overlap_escalate,16.01642832393187,reject_null,reject the null hypothesis and conclude there is statistical evidence that the level of vertical inequity present is outside of acceptable limits,1.1540241561822995,1.2158279903673785,0.9798943110869448,0.9973030172581728,0.9785024211044151,-20.49883583303239,step5_outside_pm10_escalate,ci_no_overlap_escalate,16.01642832393186,reject_null,reject the null hypothesis and conclude there is statistical evidence that the level of vertical inequity present is outside of acceptable limits,1.223497628030273,1.289022118244389,1.0388849825305106,1.0573417111816992,1.0374092993024073,True,1.73312948488302e-16
posthoc:C:b=1.0136711699227623,C-posthoc,,1.0136711699227623,fold_4,1.0602010551302514,ED2_APPLIED,,-11.712408764115132,step5_outside_pm10_escalate,ci_no_overlap_escalate,8.80656988469872,fail_to_reject_null,fail to reject the null hypothesis that the level of vertical inequity present is within acceptable limits,1.0573222735881724,1.1021442988453107,0.9606770893768426,0.9736743414601502,0.9498355571260413,-11.712408764115157,step5_outside_pm10_escalate,ci_no_overlap_escalate,8.806569884698712,fail_to_reject_null,fail to reject the null hypothesis that the level of vertical inequity present is within acceptable limits,1.1209741900708978,1.1684945485415905,1.0185108637967883,1.032290564169305,1.00701665986526,True,2.1233032634412458e-15
posthoc:C:b=1.0136711699227623,C-posthoc,,1.0136711699227623,fold_5,1.0602010551302514,ED2_APPLIED,,-18.03188595067604,step5_outside_pm10_escalate,ci_no_overlap_escalate,15.879880175459475,reject_null,reject the null hypothesis and conclude there is statistical evidence that the level of vertical inequity present is outside of acceptable limits,1.134751843853723,1.1698049895331857,0.9690126282136152,0.9803047725831905,0.972595948861205,-18.031885950676056,step5_outside_pm10_escalate,ci_no_overlap_escalate,15.879880175459464,reject_null,reject the null hypothesis and conclude there is statistical evidence that the level of vertical inequity present is outside of acceptable limits,1.2030651021647163,1.2402284841997173,1.0273482108666137,1.0393201542419206,1.0311472511980586,True,9.851198284301774e-16
posthoc:C:b=1.0136711699227623,C-posthoc,,1.0136711699227623,fold_6,1.0602010551302514,ED2_APPLIED,,-28.905725981079144,step5_outside_pm10_escalate,ci_no_overlap_escalate,26.322370914446655,reject_null,reject the null hypothesis and conclude there is statistical evidence that the level of vertical inequity present is outside of acceptable limits,1.23558721308282,1.276468150499163,0.9640805650235096,0.9765412073240666,0.984128696463964,-28.905725981079147,step5_outside_pm10_escalate,ci_no_overlap_escalate,26.32237091444662,reject_null,reject the null hypothesis and conclude there is statistical evidence that the level of vertical inequity present is outside of acceptable limits,1.3099708670158534,1.3533128799993743,1.0221192322684947,1.035330018383146,1.0433742823750543,True,1.2290691751267569e-16
posthoc:C:b=1.0136711699227623,C-posthoc,,1.0136711699227623,fold_7,1.0602010551302514,ED2_APPLIED,,-31.758273851396496,step5_outside_pm10_escalate,ci_no_overlap_escalate,28.35981266421815,reject_null,reject the null hypothesis and conclude there is statistical evidence that the level of vertical inequity present is outside of acceptable limits,1.2279862244988227,1.279093378214608,0.946868709485975,0.9569670174653778,0.9556452655111942,-31.758273851396527,step5_outside_pm10_escalate,ci_no_overlap_escalate,28.359812664218136,reject_null,reject the null hypothesis and conclude there is statistical evidence that the level of vertical inequity present is outside of acceptable limits,1.3019122908990666,1.3560961491932464,1.003871204866851,1.0145774416416442,1.0131761188251982,True,1.006806077018525e-15
posthoc:C:b=1.0136711699227623,C-posthoc,,1.0136711699227623,pooled_oof,1.0602010551302514,NOT_APPLICABLE_FOR_ED2_INFERENCE,"ED2 App. D.2 is a rank-based order-statistic CI on distinct observations and has no row-balanced analogue; the pooled-OOF sample contains 20,988 unique rows twice, so the ED2 procedure is not applied there. No weighted variant was invented.",,,,,,,,,,,,,,,,,,,,,,,,
posthoc:C:b=1.0136711699227623,C-posthoc,,1.0136711699227623,heldout,1.0602010551302514,ED2_APPLIED,,-22.52543520246422,step5_outside_pm10_escalate,ci_no_overlap_escalate,19.846928752346365,reject_null,reject the null hypothesis and conclude there is statistical evidence that the level of vertical inequity present is outside of acceptable limits,1.1134804641581126,1.1569683442385028,0.9176282373722855,0.9283920842955258,0.9325794543435602,-22.525435202464205,step5_outside_pm10_escalate,ci_no_overlap_escalate,19.846928752346347,reject_null,reject the null hypothesis and conclude there is statistical evidence that the level of vertical inequity present is outside of acceptable limits,1.180513162967354,1.2266190593139614,0.9728704254794107,0.9842822673446906,0.9887217214878374,True,6.308803620205915e-16
posthoc:C:b=1.0136711699227623,C-posthoc,,1.0136711699227623,forward_2025,1.0602010551302514,ED2_APPLIED,,-25.105139074660883,step5_outside_pm10_escalate,ci_no_overlap_escalate,22.39928915743603,reject_null,reject the null hypothesis and conclude there is statistical evidence that the level of vertical inequity present is outside of acceptable limits,1.1511523064141187,1.1936242906476158,0.925827601186791,0.9377373645574705,0.9527755115648371,-25.105139074660865,step5_outside_pm10_escalate,ci_no_overlap_escalate,22.399289157436037,reject_null,reject the null hypothesis and conclude there is statistical evidence that the level of vertical inequity present is outside of acceptable limits,1.2204528898758722,1.265481732373701,0.9815633996469463,0.9941901433388922,1.0101336026633063,True,7.075670180983633e-16
posthoc:A:b=1.013592045910285,A-posthoc,,1.013592045910285,fold_1,1.0601574373307152,ED2_APPLIED,,-28.125773271054765,step5_outside_pm10_escalate,ci_no_overlap_escalate,19.586049647696345,reject_null,reject the null hypothesis and conclude there is statistical evidence that the level of vertical inequity present is outside of acceptable limits,1.184992939751146,1.2741384936369096,0.9625001907390767,0.9966234179451787,0.9617535194399081,-28.12577327105477,step5_outside_pm10_escalate,ci_no_overlap_escalate,19.586049647696367,reject_null,reject the null hypothesis and conclude there is statistical evidence that the level of vertical inequity present is outside of acceptable limits,1.2562790782615665,1.350787400218525,1.020401735644265,1.0565777287525395,1.01961014651321,True,1.26315235658133e-16
posthoc:A:b=1.013592045910285,A-posthoc,,1.013592045910285,fold_2,1.0601574373307152,ED2_APPLIED,,-24.16706073372879,step5_outside_pm10_escalate,ci_no_overlap_escalate,21.32045946667294,reject_null,reject the null hypothesis and conclude there is statistical evidence that the level of vertical inequity present is outside of acceptable limits,1.1996574656618553,1.2631125829053556,0.9735192319321023,0.9904490104303513,0.9812567855703487,-24.167060733728785,step5_outside_pm10_escalate,ci_no_overlap_escalate,21.320459466672958,reject_null,reject the null hypothesis and conclude there is statistical evidence that the level of vertical inequity present is outside of acceptable limits,1.271825784470734,1.3390981989531234,1.0320836541173044,1.0500318847045846,1.0402866791536367,True,1.4700644476149106e-16
posthoc:A:b=1.013592045910285,A-posthoc,,1.013592045910285,fold_3,1.0601574373307152,ED2_APPLIED,,-20.137635081545554,step5_outside_pm10_escalate,ci_no_overlap_escalate,15.88889874599753,reject_null,reject the null hypothesis and conclude there is statistical evidence that the level of vertical inequity present is outside of acceptable limits,1.1524600395167701,1.2136096836242223,0.9784971193666396,0.9969324603243507,0.978844296755289,-20.137635081545554,step5_outside_pm10_escalate,ci_no_overlap_escalate,15.888898745997537,reject_null,reject the null hypothesis and conclude there is statistical evidence that the level of vertical inequity present is outside of acceptable limits,1.2217890821201547,1.2866173321107965,1.0373609985032244,1.0569053623292692,1.0377290611938739,True,0.0
posthoc:A:b=1.013592045910285,A-posthoc,,1.013592045910285,fold_4,1.0601574373307152,ED2_APPLIED,,-11.86047518563124,step5_outside_pm10_escalate,ci_no_overlap_escalate,7.809100680275075,fail_to_reject_null,fail to reject the null hypothesis that the level of vertical inequity present is within acceptable limits,1.049796723083821,1.1052227732691098,0.9599026210543177,0.9754178423794233,0.9524641024576685,-11.860475185631243,step5_outside_pm10_escalate,ci_no_overlap_escalate,7.809100680275082,fail_to_reject_null,fail to reject the null hypothesis that the level of vertical inequity present is within acceptable limits,1.112949803662727,1.1717101429885264,1.0176479028239829,1.0340964801036256,1.0097619020110222,True,2.9954227155287606e-16
posthoc:A:b=1.013592045910285,A-posthoc,,1.013592045910285,fold_5,1.0601574373307152,ED2_APPLIED,,-19.0939421356217,step5_outside_pm10_escalate,ci_no_overlap_escalate,16.16498437633341,reject_null,reject the null hypothesis and conclude there is statistical evidence that the level of vertical inequity present is outside of acceptable limits,1.1349857115763178,1.1794993825716131,0.9655954071534356,0.9777544000741233,0.9726660282603883,-19.0939421356217,step5_outside_pm10_escalate,ci_no_overlap_escalate,16.164984376333432,reject_null,reject the null hypothesis and conclude there is statistical evidence that the level of vertical inequity present is outside of acceptable limits,1.2032635433917283,1.2504550427602832,1.0236831523460956,1.036573599121414,1.031179123899179,True,0.0
posthoc:A:b=1.013592045910285,A-posthoc,,1.013592045910285,fold_6,1.0601574373307152,ED2_APPLIED,,-28.830840832130974,step5_outside_pm10_escalate,ci_no_overlap_escalate,25.645706804903643,reject_null,reject the null hypothesis and conclude there is statistical evidence that the level of vertical inequity present is outside of acceptable limits,1.2249876899110548,1.2757627739826982,0.9629163066433731,0.973626903892189,0.9801281279984212,-28.830840832130963,step5_outside_pm10_escalate,ci_no_overlap_escalate,25.645706804903643,reject_null,reject the null hypothesis and conclude there is statistical evidence that the level of vertical inequity present is outside of acceptable limits,1.2986798100977777,1.352509393107423,1.0208428840149963,1.0321978033465824,1.0390901244345583,True,3.6967846683553443e-16
posthoc:A:b=1.013592045910285,A-posthoc,,1.013592045910285,fold_7,1.0601574373307152,ED2_APPLIED,,-32.49934228826445,step5_outside_pm10_escalate,ci_no_overlap_escalate,30.10774502687817,reject_null,reject the null hypothesis and conclude there is statistical evidence that the level of vertical inequity present is outside of acceptable limits,1.2426511714011959,1.2863688463346756,0.944832452106371,0.9545210024763845,0.9569968414027292,-32.49934228826444,step5_outside_pm10_escalate,ci_no_overlap_escalate,30.107745026878188,reject_null,reject the null hypothesis and conclude there is statistical evidence that the level of vertical inequity present is outside of acceptable limits,1.3174058813687042,1.3637534995922393,1.001671151131987,1.0119425398637096,1.0145673189151072,True,4.372659172346869e-16
posthoc:A:b=1.013592045910285,A-posthoc,,1.013592045910285,pooled_oof,1.0601574373307152,NOT_APPLICABLE_FOR_ED2_INFERENCE,"ED2 App. D.2 is a rank-based order-statistic CI on distinct observations and has no row-balanced analogue; the pooled-OOF sample contains 20,988 unique rows twice, so the ED2 procedure is not applied there. No weighted variant was invented.",,,,,,,,,,,,,,,,,,,,,,,,
posthoc:A:b=1.013592045910285,A-posthoc,,1.013592045910285,heldout,1.0601574373307152,ED2_APPLIED,,-22.75695750626661,step5_outside_pm10_escalate,ci_no_overlap_escalate,20.278799083059965,reject_null,reject the null hypothesis and conclude there is statistical evidence that the level of vertical inequity present is outside of acceptable limits,1.1228818272540027,1.1642467899684819,0.9220402720467086,0.933517230940527,0.933805771919022,-22.756957506266602,step5_outside_pm10_escalate,ci_no_overlap_escalate,20.278799083059965,reject_null,reject the null hypothesis and conclude there is statistical evidence that the level of vertical inequity present is outside of acceptable limits,1.1904315204068352,1.2342848932734982,0.9775078519287549,0.9896752352579753,0.9899811341223015,True,3.122309893861854e-16
posthoc:A:b=1.013592045910285,A-posthoc,,1.013592045910285,forward_2025,1.0601574373307152,ED2_APPLIED,,-25.17414585098794,step5_outside_pm10_escalate,ci_no_overlap_escalate,21.773887981325775,reject_null,reject the null hypothesis and conclude there is statistical evidence that the level of vertical inequity present is outside of acceptable limits,1.1485854010622385,1.196233245047963,0.926555243259195,0.9402431842000218,0.9568443497132894,-25.174145850987948,step5_outside_pm10_escalate,ci_no_overlap_escalate,21.773887981325764,reject_null,reject the null hypothesis and conclude there is statistical evidence that the level of vertical inequity present is outside of acceptable limits,1.2176813553456154,1.2681955715198547,0.9822944322390064,0.9968058046291676,1.0144056537164163,True,2.822509808141973e-16
fit:LGBCovPenalty:66c49831fa352361,Direct,1.6768329368110082,,fold_1,1.0586787231634387,ED2_APPLIED,,-25.841788527245978,step5_outside_pm10_escalate,ci_no_overlap_escalate,18.847798974430855,reject_null,reject the null hypothesis and conclude there is statistical evidence that the level of vertical inequity present is outside of acceptable limits,1.1873306449753984,1.2939439547955143,0.9662137510813488,1.0055807993942425,0.9643027593180503,-25.841788527245996,step5_outside_pm10_escalate,ci_no_overlap_escalate,18.847798974430855,reject_null,reject the null hypothesis and conclude there is statistical evidence that the level of vertical inequity present is outside of acceptable limits,1.2570016911953767,1.369870933907965,1.0229099402977586,1.0645869967403665,1.020886813977814,True,6.873970187966557e-16
fit:LGBCovPenalty:66c49831fa352361,Direct,1.6768329368110082,,fold_2,1.0586787231634387,ED2_APPLIED,,-18.83240604173803,step5_outside_pm10_escalate,ci_no_overlap_escalate,14.9565770682594,reject_null,reject the null hypothesis and conclude there is statistical evidence that the level of vertical inequity present is outside of acceptable limits,1.1553129825768418,1.219366695872629,0.9853436913952185,1.008201586486624,0.9835899980244484,-18.83240604173801,step5_outside_pm10_escalate,ci_no_overlap_escalate,14.956577068259374,reject_null,reject the null hypothesis and conclude there is statistical evidence that the level of vertical inequity present is outside of acceptable limits,1.2231052732485945,1.2909175766544558,1.043162401083439,1.0673615682730122,1.0413058032248521,True,9.432447640855517e-16
fit:LGBCovPenalty:66c49831fa352361,Direct,1.6768329368110082,,fold_3,1.0586787231634387,ED2_APPLIED,,-16.57802428958031,step5_outside_pm10_escalate,ci_no_overlap_escalate,12.810034304141059,reject_null,reject the null hypothesis and conclude there is statistical evidence that the level of vertical inequity present is outside of acceptable limits,1.1392452263192867,1.1982376276143183,0.994888443984116,1.01323786022098,0.9836614259305516,-16.578024289580302,step5_outside_pm10_escalate,ci_no_overlap_escalate,12.810034304141084,reject_null,reject the null hypothesis and conclude there is statistical evidence that the level of vertical inequity present is outside of acceptable limits,1.206094681569745,1.268548681649114,1.0532672275671642,1.0726933641196015,1.0413814224292837,True,4.286051964628219e-16
fit:LGBCovPenalty:66c49831fa352361,Direct,1.6768329368110082,,fold_4,1.0586787231634387,ED2_APPLIED,,-7.877821697344547,step5_within_pm10_stop,not_run,,not_run,fail to reject the null hypothesis that the degree of vertical inequity is acceptable,1.0409343142965384,1.094932569765675,0.9792100228636952,0.9931481195297375,0.9584976825902275,-7.877821697344517,step5_within_pm10_stop,not_run,,not_run,fail to reject the null hypothesis that the degree of vertical inequity is acceptable,1.1020150107564686,1.1591818149095874,1.0366688167141782,1.0514247830959125,1.0147411027597366,True,3.833301568628217e-15
fit:LGBCovPenalty:66c49831fa352361,Direct,1.6768329368110082,,fold_5,1.0586787231634387,ED2_APPLIED,,-14.597175749051969,step5_outside_pm10_escalate,ci_no_overlap_escalate,11.953057637328184,reject_null,reject the null hypothesis and conclude there is statistical evidence that the level of vertical inequity present is outside of acceptable limits,1.1166280162448807,1.1542975061285252,0.9861414712799482,1.0001569255282752,0.9744041587558163,-14.597175749051994,step5_outside_pm10_escalate,ci_no_overlap_escalate,11.953057637328163,reject_null,reject the null hypothesis and conclude there is statistical evidence that the level of vertical inequity present is outside of acceptable limits,1.1821503224866534,1.2220302099388882,1.0440069936731702,1.0588448568813447,1.031580950636752,True,1.7036854374531082e-15
fit:LGBCovPenalty:66c49831fa352361,Direct,1.6768329368110082,,fold_6,1.0586787231634387,ED2_APPLIED,,-24.126774328162323,step5_outside_pm10_escalate,ci_no_overlap_escalate,21.8476055508868,reject_null,reject the null hypothesis and conclude there is statistical evidence that the level of vertical inequity present is outside of acceptable limits,1.2118167712564434,1.25817445331726,0.9843243279869454,0.9955722600633402,0.9897858632124826,-24.126774328162316,step5_outside_pm10_escalate,ci_no_overlap_escalate,21.84760555088677,reject_null,reject the null hypothesis and conclude there is statistical evidence that the level of vertical inequity present is outside of acceptable limits,1.282924632101812,1.3320025237547741,1.042083222731929,1.053991169100796,1.0478652338710128,True,2.9450382636965645e-16
fit:LGBCovPenalty:66c49831fa352361,Direct,1.6768329368110082,,fold_7,1.0586787231634387,ED2_APPLIED,,-27.801213132016283,step5_outside_pm10_escalate,ci_no_overlap_escalate,24.75050062701749,reject_null,reject the null hypothesis and conclude there is statistical evidence that the level of vertical inequity present is outside of acceptable limits,1.2146199851324022,1.2635264815905063,0.9659280962055744,0.9769695279546627,0.9601844453938913,-27.801213132016258,step5_outside_pm10_escalate,ci_no_overlap_escalate,24.75050062701752,reject_null,reject the null hypothesis and conclude there is statistical evidence that the level of vertical inequity present is outside of acceptable limits,1.2858923349887663,1.337668602213429,1.0226075235586085,1.0342968524246294,1.016526842650999,True,8.945291571814184e-16
fit:LGBCovPenalty:66c49831fa352361,Direct,1.6768329368110082,,pooled_oof,1.0586787231634387,NOT_APPLICABLE_FOR_ED2_INFERENCE,"ED2 App. D.2 is a rank-based order-statistic CI on distinct observations and has no row-balanced analogue; the pooled-OOF sample contains 20,988 unique rows twice, so the ED2 procedure is not applied there. No weighted variant was invented.",,,,,,,,,,,,,,,,,,,,,,,,
fit:LGBCovPenalty:66c49831fa352361,Direct,1.6768329368110082,,heldout,1.0586787231634387,ED2_APPLIED,,-18.588769178785483,step5_outside_pm10_escalate,ci_no_overlap_escalate,16.328889019056607,reject_null,reject the null hypothesis and conclude there is statistical evidence that the level of vertical inequity present is outside of acceptable limits,1.1049108704108972,1.1370061195875267,0.9403190888850858,0.9518386839659163,0.9374317276964661,-18.5887691787855,step5_outside_pm10_escalate,ci_no_overlap_escalate,16.3288890190566,reject_null,reject the null hypothesis and conclude there is statistical evidence that the level of vertical inequity present is outside of acceptable limits,1.169745629496012,1.2037241869139386,0.9954958123870703,1.007691362598604,0.992439024530591,True,9.556075619183683e-16
fit:LGBCovPenalty:66c49831fa352361,Direct,1.6768329368110082,,forward_2025,1.0586787231634387,ED2_APPLIED,,-19.896157236129795,step5_outside_pm10_escalate,ci_no_overlap_escalate,17.00115088909132,reject_null,reject the null hypothesis and conclude there is statistical evidence that the level of vertical inequity present is outside of acceptable limits,1.128615673897184,1.1724619406404009,0.9515481817225581,0.9650211091605745,0.9622558249369982,-19.896157236129806,step5_outside_pm10_escalate,ci_no_overlap_escalate,17.001150889091306,reject_null,reject the null hypothesis and conclude there is statistical evidence that the level of vertical inequity present is outside of acceptable limits,1.1948414005837142,1.2412605102749068,1.0073838140545295,1.0216473156718822,1.0187197681008824,True,5.356884201260327e-16
fit:LGBSmoothPenalty:40412032702e9593,Surrogate,0.4094915062380425,,fold_1,1.0713763034701227,ED2_APPLIED,,-22.845489966220413,step5_outside_pm10_escalate,ci_no_overlap_escalate,17.581440920268275,reject_null,reject the null hypothesis and conclude there is statistical evidence that the level of vertical inequity present is outside of acceptable limits,1.1489569768404522,1.2353195092880211,0.9450866906501696,0.9815648382985966,0.9520956746433802,-22.845489966220384,step5_outside_pm10_escalate,ci_no_overlap_escalate,17.5814409202683,reject_null,reject the null hypothesis and conclude there is statistical evidence that the level of vertical inequity present is outside of acceptable limits,1.230965278693532,1.3234920494655267,1.0125434850875907,1.0516253080725997,1.020052744449318,True,1.2440840390128928e-15
fit:LGBSmoothPenalty:40412032702e9593,Surrogate,0.4094915062380425,,fold_2,1.0713763034701227,ED2_APPLIED,,-21.791752296141375,step5_outside_pm10_escalate,ci_no_overlap_escalate,18.263245619704172,reject_null,reject the null hypothesis and conclude there is statistical evidence that the level of vertical inequity present is outside of acceptable limits,1.1527447729858815,1.2119297074908666,0.9577821108874177,0.9749743409619476,0.9733780934980026,-21.79175229614137,step5_outside_pm10_escalate,ci_no_overlap_escalate,18.263245619704183,reject_null,reject the null hypothesis and conclude there is statistical evidence that the level of vertical inequity present is outside of acceptable limits,1.2350234337261203,1.2984327700771927,1.0261450574923734,1.044564405398031,1.0428542236906864,True,1.6303019741232895e-16
fit:LGBSmoothPenalty:40412032702e9593,Surrogate,0.4094915062380425,,fold_3,1.0713763034701227,ED2_APPLIED,,-16.169933946864138,step5_outside_pm10_escalate,ci_no_overlap_escalate,12.891893627348955,reject_null,reject the null hypothesis and conclude there is statistical evidence that the level of vertical inequity present is outside of acceptable limits,1.1006874690060309,1.1470142078787104,0.9616534638408941,0.9760096701312232,0.9671022929503181,-16.16993394686417,step5_outside_pm10_escalate,ci_no_overlap_escalate,12.891893627348937,reject_null,reject the null hypothesis and conclude there is statistical evidence that the level of vertical inequity present is outside of acceptable limits,1.179250471819567,1.2288838420648045,1.030292733309097,1.0456736325362843,1.0361304796985922,True,1.9773997354766785e-15
fit:LGBSmoothPenalty:40412032702e9593,Surrogate,0.4094915062380425,,fold_4,1.0713763034701227,ED2_APPLIED,,-6.556467151638612,step5_within_pm10_stop,not_run,,not_run,fail to reject the null hypothesis that the degree of vertical inequity is acceptable,0.9949086380499916,1.0390147511867491,0.9506513389494293,0.9642721873717149,0.9479572757570236,-6.556467151638602,step5_within_pm10_stop,not_run,,not_run,fail to reject the null hypothesis that the degree of vertical inequity is acceptable,1.065921538924495,1.1131757833773894,1.018505317412563,1.0330983716453581,1.0156189619481681,True,1.6255920741916304e-15
fit:LGBSmoothPenalty:40412032702e9593,Surrogate,0.4094915062380425,,fold_5,1.0713763034701227,ED2_APPLIED,,-14.206317755579837,step5_outside_pm10_escalate,ci_no_overlap_escalate,11.1842345643835,reject_null,reject the null hypothesis and conclude there is statistical evidence that the level of vertical inequity present is outside of acceptable limits,1.0823672711406114,1.1285626015054269,0.9628678025660834,0.9739606374956232,0.9692807587406297,-14.20631775557983,step5_outside_pm10_escalate,ci_no_overlap_escalate,11.184234564383502,reject_null,reject the null hypothesis and conclude there is statistical evidence that the level of vertical inequity present is outside of acceptable limits,1.159622645951673,1.20911522823551,1.0315937470436511,1.0434783475254656,1.0384644363242523,True,5.001596810552961e-16
fit:LGBSmoothPenalty:40412032702e9593,Surrogate,0.4094915062380425,,fold_6,1.0713763034701227,ED2_APPLIED,,-24.996604437553817,step5_outside_pm10_escalate,ci_no_overlap_escalate,22.608424569915545,reject_null,reject the null hypothesis and conclude there is statistical evidence that the level of vertical inequity present is outside of acceptable limits,1.1925160858714827,1.2337353248369016,0.9617839516181484,0.9708794038596243,0.9803278478182185,-24.9966044375538,step5_outside_pm10_escalate,ci_no_overlap_escalate,22.608424569915584,reject_null,reject the null hypothesis and conclude there is statistical evidence that the level of vertical inequity present is outside of acceptable limits,1.2776334759096497,1.3217947917842714,1.03043253482154,1.0401771868224012,1.0503000257843047,True,7.106392565589944e-16
fit:LGBSmoothPenalty:40412032702e9593,Surrogate,0.4094915062380425,,fold_7,1.0713763034701227,ED2_APPLIED,,-27.722745642796824,step5_outside_pm10_escalate,ci_no_overlap_escalate,24.788968543233587,reject_null,reject the null hypothesis and conclude there is statistical evidence that the level of vertical inequity present is outside of acceptable limits,1.1834423456706131,1.2248693118685112,0.9376120225200727,0.9478120607211796,0.950544935092716,-27.722745642796834,step5_outside_pm10_escalate,ci_no_overlap_escalate,24.788968543233576,reject_null,reject the null hypothesis and conclude there is statistical evidence that the level of vertical inequity present is outside of acceptable limits,1.2679120856745933,1.3122959555836793,1.0045353027767017,1.0154633819998575,1.0183913188418825,True,3.844547424605758e-16
fit:LGBSmoothPenalty:40412032702e9593,Surrogate,0.4094915062380425,,pooled_oof,1.0713763034701227,NOT_APPLICABLE_FOR_ED2_INFERENCE,"ED2 App. D.2 is a rank-based order-statistic CI on distinct observations and has no row-balanced analogue; the pooled-OOF sample contains 20,988 unique rows twice, so the ED2 procedure is not applied there. No weighted variant was invented.",,,,,,,,,,,,,,,,,,,,,,,,
fit:LGBSmoothPenalty:40412032702e9593,Surrogate,0.4094915062380425,,heldout,1.0713763034701227,ED2_APPLIED,,-16.61678929709285,step5_outside_pm10_escalate,ci_no_overlap_escalate,14.09414435284775,reject_null,reject the null hypothesis and conclude there is statistical evidence that the level of vertical inequity present is outside of acceptable limits,1.0515309399920503,1.0867369942849732,0.9116175826147633,0.9211568823383183,0.9250228633240135,-16.616789297092847,step5_outside_pm10_escalate,ci_no_overlap_escalate,14.094144352847735,reject_null,reject the null hypothesis and conclude there is statistical evidence that the level of vertical inequity present is outside of acceptable limits,1.1265853314731469,1.164304263781267,0.9766854758401748,0.9869056555156909,0.9910475759334307,True,2.1380265557210003e-16
fit:LGBSmoothPenalty:40412032702e9593,Surrogate,0.4094915062380425,,forward_2025,1.0713763034701227,ED2_APPLIED,,-20.15036860422185,step5_outside_pm10_escalate,ci_no_overlap_escalate,17.005049008791822,reject_null,reject the null hypothesis and conclude there is statistical evidence that the level of vertical inequity present is outside of acceptable limits,1.0907940871233732,1.135794186155336,0.919313916768678,0.9293063034590616,0.9496460938208435,-20.150368604221857,step5_outside_pm10_escalate,ci_no_overlap_escalate,17.005049008791836,reject_null,reject the null hypothesis and conclude there is statistical evidence that the level of vertical inequity present is outside of acceptable limits,1.1686509369093074,1.216862976665961,0.9849311458762671,0.9956367521914542,1.0174283216026172,True,3.5262021738462353e-16
posthoc:C:b=1.0273156195762976,C-posthoc,,1.0273156195762976,fold_1,1.0581291344406356,ED2_APPLIED,,-20.622356643659383,step5_outside_pm10_escalate,ci_no_overlap_escalate,14.393824544712436,reject_null,reject the null hypothesis and conclude there is statistical evidence that the level of vertical inequity present is outside of acceptable limits,1.1479139022533704,1.2464949921107449,0.9827093455718219,1.009086984072158,0.9644894430244428,-20.62235664365937,step5_outside_pm10_escalate,ci_no_overlap_escalate,14.393824544712428,reject_null,reject the null hypothesis and conclude there is statistical evidence that the level of vertical inequity present is outside of acceptable limits,1.214641143803731,1.318952667086729,1.0398333892366352,1.0677443370315838,1.0205543795245842,True,6.890994545752519e-16
posthoc:C:b=1.0273156195762976,C-posthoc,,1.0273156195762976,fold_2,1.0581291344406356,ED2_APPLIED,,-20.257441372631952,step5_outside_pm10_escalate,ci_no_overlap_escalate,14.758855264916424,reject_null,reject the null hypothesis and conclude there is statistical evidence that the level of vertical inequity present is outside of acceptable limits,1.1602817331909696,1.2388289114812745,0.9893839424630664,1.0147337775340588,0.9861737448086223,-20.25744137263195,step5_outside_pm10_escalate,ci_no_overlap_escalate,14.758855264916416,reject_null,reject the null hypothesis and conclude there is statistical evidence that the level of vertical inequity present is outside of acceptable limits,1.2277279060486408,1.3108409638257152,1.0468959746679078,1.0737193737097899,1.0434991710024275,True,1.7537820366595062e-16
posthoc:C:b=1.0273156195762976,C-posthoc,,1.0273156195762976,fold_3,1.0581291344406356,ED2_APPLIED,,-16.695196013222464,step5_outside_pm10_escalate,ci_no_overlap_escalate,12.221766740879369,reject_null,reject the null hypothesis and conclude there is statistical evidence that the level of vertical inequity present is outside of acceptable limits,1.1367274737027353,1.1997405556892935,0.9993383170053819,1.0166240076952553,0.9827013438716508,-16.695196013222454,step5_outside_pm10_escalate,ci_no_overlap_escalate,12.221766740879382,reject_null,reject the null hypothesis and conclude there is statistical evidence that the level of vertical inequity present is outside of acceptable limits,1.2028044578439652,1.2694804357448388,1.057428988386266,1.07571948131415,1.0398249224045588,True,6.3839568148588e-16
posthoc:C:b=1.0273156195762976,C-posthoc,,1.0273156195762976,fold_4,1.0581291344406356,ED2_APPLIED,,-8.021084543039915,step5_within_pm10_stop,not_run,,not_run,fail to reject the null hypothesis that the degree of vertical inequity is acceptable,1.044038620744416,1.0870584125125455,0.9791579917758435,0.9925393549225329,0.9541536476065868,-8.021084543039908,step5_within_pm10_stop,not_run,,not_run,fail to reject the null hypothesis that the degree of vertical inequity is acceptable,1.1047276820908836,1.1502481771183108,1.036075598318404,1.0502348085224462,1.0096177732653326,True,8.858437184490904e-16
posthoc:C:b=1.0273156195762976,C-posthoc,,1.0273156195762976,fold_5,1.0581291344406356,ED2_APPLIED,,-14.53783280365347,step5_outside_pm10_escalate,ci_no_overlap_escalate,12.184628496977469,reject_null,reject the null hypothesis and conclude there is statistical evidence that the level of vertical inequity present is outside of acceptable limits,1.1192965774385153,1.1580838692603834,0.9875737470994859,1.0001939359242034,0.9774827483977591,-14.537832803653478,step5_outside_pm10_escalate,ci_no_overlap_escalate,12.184628496977457,reject_null,reject the null hypothesis and conclude there is statistical evidence that the level of vertical inequity present is outside of acceptable limits,1.1843603186673815,1.2254022821901513,1.0449805542146737,1.0583343436922494,1.034302974492774,True,4.8875423548793e-16
posthoc:C:b=1.0273156195762976,C-posthoc,,1.0273156195762976,fold_6,1.0581291344406356,ED2_APPLIED,,-25.3757769831733,step5_outside_pm10_escalate,ci_no_overlap_escalate,22.787209870105787,reject_null,reject the null hypothesis and conclude there is statistical evidence that the level of vertical inequity present is outside of acceptable limits,1.2203601414086338,1.261744216489568,0.9835972098807126,0.9949636094592834,0.9891361567922576,-25.37577698317328,step5_outside_pm10_escalate,ci_no_overlap_escalate,22.787209870105787,reject_null,reject the null hypothesis and conclude there is statistical evidence that the level of vertical inequity present is outside of acceptable limits,1.291298620134569,1.335088315679584,1.0407728643293024,1.052799982877082,1.046633785430528,True,7.000206695456673e-16
posthoc:C:b=1.0273156195762976,C-posthoc,,1.0273156195762976,fold_7,1.0581291344406356,ED2_APPLIED,,-28.174652909491392,step5_outside_pm10_escalate,ci_no_overlap_escalate,24.829007616327893,reject_null,reject the null hypothesis and conclude there is statistical evidence that the level of vertical inequity present is outside of acceptable limits,1.2145229886626767,1.261958731205289,0.9661551705527839,0.97610426766771,0.9602426511729747,-28.174652909491396,step5_outside_pm10_escalate,ci_no_overlap_escalate,24.829007616327885,reject_null,reject the null hypothesis and conclude there is statistical evidence that the level of vertical inequity present is outside of acceptable limits,1.2851221587518915,1.3353152999500548,1.0223169343523615,1.032844363871044,1.0160607253386407,True,1.2609609389735104e-16
posthoc:C:b=1.0273156195762976,C-posthoc,,1.0273156195762976,pooled_oof,1.0581291344406356,NOT_APPLICABLE_FOR_ED2_INFERENCE,"ED2 App. D.2 is a rank-based order-statistic CI on distinct observations and has no row-balanced analogue; the pooled-OOF sample contains 20,988 unique rows twice, so the ED2 procedure is not applied there. No weighted variant was invented.",,,,,,,,,,,,,,,,,,,,,,,,
posthoc:C:b=1.0273156195762976,C-posthoc,,1.0273156195762976,heldout,1.0581291344406356,ED2_APPLIED,,-19.08514285367774,step5_outside_pm10_escalate,ci_no_overlap_escalate,16.34383461241774,reject_null,reject the null hypothesis and conclude there is statistical evidence that the level of vertical inequity present is outside of acceptable limits,1.1010649816396962,1.144129921007647,0.9368346085722834,0.9478090384882948,0.937698812951524,-19.085142853677745,step5_outside_pm10_escalate,ci_no_overlap_escalate,16.343834612417748,reject_null,reject the null hypothesis and conclude there is statistical evidence that the level of vertical inequity present is outside of acceptable limits,1.1650689359853057,1.210637203003454,0.9912919934826216,1.00290435751063,0.9922064333144072,True,1.8615075119104422e-16
posthoc:C:b=1.0273156195762976,C-posthoc,,1.0273156195762976,forward_2025,1.0581291344406356,ED2_APPLIED,,-21.416206925457274,step5_outside_pm10_escalate,ci_no_overlap_escalate,18.90686077767875,reject_null,reject the null hypothesis and conclude there is statistical evidence that the level of vertical inequity present is outside of acceptable limits,1.1392549524615678,1.1805714255472397,0.9461659974505877,0.9580745086605051,0.9582788276251681,-21.416206925457285,step5_outside_pm10_escalate,ci_no_overlap_escalate,18.906860777678737,reject_null,reject the null hypothesis and conclude there is statistical evidence that the level of vertical inequity present is outside of acceptable limits,1.2054788567553658,1.2491970206596479,1.0011658079195507,1.0137665505785773,1.013982746427806,True,4.976670739827535e-16
posthoc:A:b=1.0272354305206024,A-posthoc,,1.0272354305206024,fold_1,1.058082777499218,ED2_APPLIED,,-23.215721671678416,step5_outside_pm10_escalate,ci_no_overlap_escalate,15.748376288934272,reject_null,reject the null hypothesis and conclude there is statistical evidence that the level of vertical inequity present is outside of acceptable limits,1.1673390086107693,1.2497680528407764,0.9789956343038841,1.0151702562482061,0.9662504220799312,-23.215721671678402,step5_outside_pm10_escalate,ci_no_overlap_escalate,15.7483762889343,reject_null,reject the null hypothesis and conclude there is statistical evidence that the level of vertical inequity present is outside of acceptable limits,1.2351413005140661,1.322358052579558,1.0358584199038623,1.0741341643656943,1.0223729303541251,True,6.121220316204199e-16
posthoc:A:b=1.0272354305206024,A-posthoc,,1.0272354305206024,fold_2,1.058082777499218,ED2_APPLIED,,-20.394998857189474,step5_outside_pm10_escalate,ci_no_overlap_escalate,16.850065000579235,reject_null,reject the null hypothesis and conclude there is statistical evidence that the level of vertical inequity present is outside of acceptable limits,1.1772950540660467,1.244732144890004,0.9926655917565507,1.0111213356539692,0.9861903702232907,-20.394998857189442,step5_outside_pm10_escalate,ci_no_overlap_escalate,16.850065000579242,reject_null,reject the null hypothesis and conclude there is statistical evidence that the level of vertical inequity present is outside of acceptable limits,1.2456756207422945,1.317029645107774,1.0503223664536756,1.0698500712174706,1.0434710460688414,True,1.5677580240674126e-15
posthoc:A:b=1.0272354305206024,A-posthoc,,1.0272354305206024,fold_3,1.058082777499218,ED2_APPLIED,,-16.555867107029954,step5_outside_pm10_escalate,ci_no_overlap_escalate,12.48958823129532,reject_null,reject the null hypothesis and conclude there is statistical evidence that the level of vertical inequity present is outside of acceptable limits,1.138714680182706,1.1917297652781322,0.9967834420724453,1.016008673089341,0.9824663937750885,-16.55586710702995,step5_outside_pm10_escalate,ci_no_overlap_escalate,12.48958823129531,reject_null,reject the null hypothesis and conclude there is statistical evidence that the level of vertical inequity present is outside of acceptable limits,1.204854391586851,1.260948740073977,1.0546793929532436,1.0750212787856648,1.039530770725186,True,2.1458940542546075e-16
posthoc:A:b=1.0272354305206024,A-posthoc,,1.0272354305206024,fold_4,1.058082777499218,ED2_APPLIED,,-8.575569640419713,step5_within_pm10_stop,not_run,,not_run,fail to reject the null hypothesis that the degree of vertical inequity is acceptable,1.0364660009634967,1.093048462563469,0.9784755411513806,0.9938648193773334,0.9569416380064232,-8.575569640419722,step5_within_pm10_stop,not_run,,not_run,fail to reject the null hypothesis that the degree of vertical inequity is acceptable,1.0966668250829634,1.1565357532104052,1.035308118296503,1.0515912485455272,1.0125234662464875,True,1.035707780289981e-15
posthoc:A:b=1.0272354305206024,A-posthoc,,1.0272354305206024,fold_5,1.058082777499218,ED2_APPLIED,,-15.830029474637026,step5_outside_pm10_escalate,ci_no_overlap_escalate,13.005242207677702,reject_null,reject the null hypothesis and conclude there is statistical evidence that the level of vertical inequity present is outside of acceptable limits,1.123553115412449,1.1661878064921913,0.9844447583759819,0.9963874340419702,0.9778032530251991,-15.830029474637024,step5_outside_pm10_escalate,ci_no_overlap_escalate,13.005242207677705,reject_null,reject the null hypothesis and conclude there is statistical evidence that the level of vertical inequity present is outside of acceptable limits,1.1888122010235032,1.2339232333789782,1.0416240442370053,1.0542603836764464,1.0345967818086732,True,1.1221437346319163e-16
posthoc:A:b=1.0272354305206024,A-posthoc,,1.0272354305206024,fold_6,1.058082777499218,ED2_APPLIED,,-25.30882876100954,step5_outside_pm10_escalate,ci_no_overlap_escalate,22.323093304942695,reject_null,reject the null hypothesis and conclude there is statistical evidence that the level of vertical inequity present is outside of acceptable limits,1.212025319360296,1.2620373935098026,0.9821795510468347,0.9922200079791738,0.9846543594048126,-25.308828761009565,step5_outside_pm10_escalate,ci_no_overlap_escalate,22.323093304942688,reject_null,reject the null hypothesis and conclude there is statistical evidence that the level of vertical inequity present is outside of acceptable limits,1.2824231163081181,1.3353400306327252,1.0392272673745697,1.0498509019329,1.0418458194757572,True,9.826213605710733e-16
posthoc:A:b=1.0272354305206024,A-posthoc,,1.0272354305206024,fold_7,1.058082777499218,ED2_APPLIED,,-28.98610119059281,step5_outside_pm10_escalate,ci_no_overlap_escalate,26.67611712583582,reject_null,reject the null hypothesis and conclude there is statistical evidence that the level of vertical inequity present is outside of acceptable limits,1.2299270192853655,1.2715017776473359,0.963456777152608,0.9732489994608339,0.9622015775899371,-28.986101190592816,step5_outside_pm10_escalate,ci_no_overlap_escalate,26.67611712583581,reject_null,reject the null hypothesis and conclude there is statistical evidence that the level of vertical inequity present is outside of acceptable limits,1.3013645966867935,1.3453541324882858,1.0194170227700763,1.029778004547854,1.0180889177304895,True,2.4513222081440215e-16
posthoc:A:b=1.0272354305206024,A-posthoc,,1.0272354305206024,pooled_oof,1.058082777499218,NOT_APPLICABLE_FOR_ED2_INFERENCE,"ED2 App. D.2 is a rank-based order-statistic CI on distinct observations and has no row-balanced analogue; the pooled-OOF sample contains 20,988 unique rows twice, so the ED2 procedure is not applied there. No weighted variant was invented.",,,,,,,,,,,,,,,,,,,,,,,,
posthoc:A:b=1.0272354305206024,A-posthoc,,1.0272354305206024,heldout,1.058082777499218,ED2_APPLIED,,-19.199929550819085,step5_outside_pm10_escalate,ci_no_overlap_escalate,16.607268490810593,reject_null,reject the null hypothesis and conclude there is statistical evidence that the level of vertical inequity present is outside of acceptable limits,1.1094859280835159,1.1518335273116969,0.941147586376685,0.9535902541876681,0.9387195370636089,-19.199929550819082,step5_outside_pm10_escalate,ci_no_overlap_escalate,16.60726849081062,reject_null,reject the null hypothesis and conclude there is statistical evidence that the level of vertical inequity present is outside of acceptable limits,1.173927952382904,1.2187352177946813,0.9958120522301279,1.0089774247470729,0.9932429750690432,True,1.850378497169506e-16
posthoc:A:b=1.0272354305206024,A-posthoc,,1.0272354305206024,forward_2025,1.058082777499218,ED2_APPLIED,,-21.80053173043111,step5_outside_pm10_escalate,ci_no_overlap_escalate,18.551108326478005,reject_null,reject the null hypothesis and conclude there is statistical evidence that the level of vertical inequity present is outside of acceptable limits,1.1383671558755484,1.1838706558536343,0.9472872582738859,0.9596487012673404,0.9633842434800678,-21.800531730431096,step5_outside_pm10_escalate,ci_no_overlap_escalate,18.551108326477976,reject_null,reject the null hypothesis and conclude there is statistical evidence that the level of vertical inequity present is outside of acceptable limits,1.204486682102685,1.252633151745434,1.0023083333240523,1.0153877632604646,1.019340276140373,True,6.518581698337768e-16
fit:LGBCovPenalty:30e55d9aa9ad73af,Direct,3.906939937054617,,fold_1,1.0566924354341891,ED2_APPLIED,,-19.608402799685138,step5_outside_pm10_escalate,ci_no_overlap_escalate,13.66569333356402,reject_null,reject the null hypothesis and conclude there is statistical evidence that the level of vertical inequity present is outside of acceptable limits,1.1574612768708956,1.2563213926550516,0.9931493878235365,1.0251721354107959,0.9680382709539308,-19.608402799685116,step5_outside_pm10_escalate,ci_no_overlap_escalate,13.66569333356404,reject_null,reject the null hypothesis and conclude there is statistical evidence that the level of vertical inequity present is outside of acceptable limits,1.223080575577473,1.3275453120927387,1.0494534453692268,1.083291640506502,1.0229187181278103,True,1.0870993568708866e-15
fit:LGBCovPenalty:30e55d9aa9ad73af,Direct,3.906939937054617,,fold_2,1.0566924354341891,ED2_APPLIED,,-16.664497499528363,step5_outside_pm10_escalate,ci_no_overlap_escalate,12.88788117776696,reject_null,reject the null hypothesis and conclude there is statistical evidence that the level of vertical inequity present is outside of acceptable limits,1.150900090728854,1.2141666702993403,1.0034707107398193,1.0240954820424346,0.9839057866639209,-16.664497499528366,step5_outside_pm10_escalate,ci_no_overlap_escalate,12.887881177766973,reject_null,reject the null hypothesis and conclude there is statistical evidence that the level of vertical inequity present is outside of acceptable limits,1.216147419813702,1.28300073586163,1.0603599092185363,1.08215394903657,1.0396858019476902,True,2.1319056748642133e-16
fit:LGBCovPenalty:30e55d9aa9ad73af,Direct,3.906939937054617,,fold_3,1.0566924354341891,ED2_APPLIED,,-11.195708273436793,step5_outside_pm10_escalate,ci_no_overlap_escalate,8.03233768573024,fail_to_reject_null,fail to reject the null hypothesis that the level of vertical inequity present is within acceptable limits,1.120778982127842,1.1694068188521274,1.021628601683844,1.0409609617504243,0.9937084756685155,-11.19570827343679,step5_outside_pm10_escalate,ci_no_overlap_escalate,8.032337685730209,fail_to_reject_null,fail to reject the null hypothesis that the level of vertical inequity present is within acceptable limits,1.1843186722081207,1.2357033394262023,1.0795472152225263,1.0999755738639718,1.050044229265759,True,3.173281754071562e-16
fit:LGBCovPenalty:30e55d9aa9ad73af,Direct,3.906939937054617,,fold_4,1.0566924354341891,ED2_APPLIED,,-2.691532963324459,step5_within_pm10_stop,not_run,,not_run,fail to reject the null hypothesis that the degree of vertical inequity is acceptable,1.0084506759622718,1.061830488345996,1.0019521680316403,1.0171749639075376,0.9592176240340622,-2.691532963324444,step5_within_pm10_stop,not_run,,not_run,fail to reject the null hypothesis that the degree of vertical inequity is acceptable,1.0656222007978273,1.1220282447486047,1.0587552766259198,1.0748410898741394,1.0135980072519495,True,5.6098265711940196e-15
fit:LGBCovPenalty:30e55d9aa9ad73af,Direct,3.906939937054617,,fold_5,1.0566924354341891,ED2_APPLIED,,-10.895620021926787,step5_outside_pm10_escalate,ci_no_overlap_escalate,8.251917153917262,fail_to_reject_null,fail to reject the null hypothesis that the level of vertical inequity present is within acceptable limits,1.109270303283896,1.1508159117796808,1.0170092149690189,1.0279872422352963,0.9850203235500723,-10.895620021926822,step5_outside_pm10_escalate,ci_no_overlap_escalate,8.251917153917221,fail_to_reject_null,fail to reject the null hypothesis that the level of vertical inequity present is within acceptable limits,1.1721575383318814,1.2160584685548879,1.0746659442246254,1.0862663425928911,1.0408635246442988,True,3.260680596102724e-15
fit:LGBCovPenalty:30e55d9aa9ad73af,Direct,3.906939937054617,,fold_6,1.0566924354341891,ED2_APPLIED,,-19.806717745387253,step5_outside_pm10_escalate,ci_no_overlap_escalate,16.65695691893417,reject_null,reject the null hypothesis and conclude there is statistical evidence that the level of vertical inequity present is outside of acceptable limits,1.1810937355594782,1.2256163938781157,1.0041638638477997,1.0167078345739526,0.9868903532953611,-19.806717745387257,step5_outside_pm10_escalate,ci_no_overlap_escalate,16.656956918934142,reject_null,reject the null hypothesis and conclude there is statistical evidence that the level of vertical inequity present is outside of acceptable limits,1.2480528159044089,1.2950995721551344,1.061092358864337,1.0743474778409707,1.0428395709301825,True,1.79369127407689e-16
fit:LGBCovPenalty:30e55d9aa9ad73af,Direct,3.906939937054617,,fold_7,1.0566924354341891,ED2_APPLIED,,-23.13842077624552,step5_outside_pm10_escalate,ci_no_overlap_escalate,19.913402025080586,reject_null,reject the null hypothesis and conclude there is statistical evidence that the level of vertical inequity present is outside of acceptable limits,1.197929755976797,1.242636753507091,0.9907465238475416,1.0048356277779396,0.9696692104928062,-23.138420776245507,step5_outside_pm10_escalate,ci_no_overlap_escalate,19.91340202508058,reject_null,reject the null hypothesis and conclude there is statistical evidence that the level of vertical inequity present is outside of acceptable limits,1.2658433113222052,1.3130848574234422,1.0469143571824155,1.061802206727713,1.0246421196011908,True,6.14167010472522e-16
fit:LGBCovPenalty:30e55d9aa9ad73af,Direct,3.906939937054617,,pooled_oof,1.0566924354341891,NOT_APPLICABLE_FOR_ED2_INFERENCE,"ED2 App. D.2 is a rank-based order-statistic CI on distinct observations and has no row-balanced analogue; the pooled-OOF sample contains 20,988 unique rows twice, so the ED2 procedure is not applied there. No weighted variant was invented.",,,,,,,,,,,,,,,,,,,,,,,,
fit:LGBCovPenalty:30e55d9aa9ad73af,Direct,3.906939937054617,,heldout,1.0566924354341891,ED2_APPLIED,,-15.113392531385207,step5_outside_pm10_escalate,ci_no_overlap_escalate,12.585475356628796,reject_null,reject the null hypothesis and conclude there is statistical evidence that the level of vertical inequity present is outside of acceptable limits,1.0974548813354013,1.132935528899049,0.9672568909212813,0.9785405030358787,0.9448540871909944,-15.113392531385193,step5_outside_pm10_escalate,ci_no_overlap_escalate,12.585475356628791,reject_null,reject the null hypothesis and conclude there is statistical evidence that the level of vertical inequity present is outside of acceptable limits,1.159672271337444,1.1971644032222575,1.0220930397581105,1.0340163473239792,0.9984201665237995,True,9.40282248720203e-16
fit:LGBCovPenalty:30e55d9aa9ad73af,Direct,3.906939937054617,,forward_2025,1.0566924354341891,ED2_APPLIED,,-15.599812004274426,step5_outside_pm10_escalate,ci_no_overlap_escalate,12.909914947775622,reject_null,reject the null hypothesis and conclude there is statistical evidence that the level of vertical inequity present is outside of acceptable limits,1.1149560840403745,1.1563317548890815,0.9762723385721018,0.9896657757387802,0.9704967756056502,-15.599812004274396,step5_outside_pm10_escalate,ci_no_overlap_escalate,12.909914947775635,reject_null,reject the null hypothesis and conclude there is statistical evidence that the level of vertical inequity present is outside of acceptable limits,1.1781656598467898,1.2218870182436332,1.0316195950927856,1.0457723388312776,1.0255166013957622,True,1.9357968071365116e-15
fit:LGBSmoothPenalty:727cdd078038bd83,Surrogate,0.8286427728546845,,fold_1,1.075587155475643,ED2_APPLIED,,-23.179862056492823,step5_outside_pm10_escalate,ci_no_overlap_escalate,15.867367694720198,reject_null,reject the null hypothesis and conclude there is statistical evidence that the level of vertical inequity present is outside of acceptable limits,1.1259498764318403,1.223446446083573,0.9469847895694821,0.9750571356104734,0.9509626531915302,-23.179862056492823,step5_outside_pm10_escalate,ci_no_overlap_escalate,15.86736769472023,reject_null,reject the null hypothesis and conclude there is statistical evidence that the level of vertical inequity present is outside of acceptable limits,1.2110572247994744,1.3159232828198144,1.018564676091739,1.0487589309174967,1.0228432151098477,True,0.0
fit:LGBSmoothPenalty:727cdd078038bd83,Surrogate,0.8286427728546845,,fold_2,1.075587155475643,ED2_APPLIED,,-19.396562369981307,step5_outside_pm10_escalate,ci_no_overlap_escalate,15.172253734004524,reject_null,reject the null hypothesis and conclude there is statistical evidence that the level of vertical inequity present is outside of acceptable limits,1.1240386342499074,1.1952246958652415,0.9600899295026473,0.9757941645878682,0.9770761302903147,-19.39656236998132,step5_outside_pm10_escalate,ci_no_overlap_escalate,15.172253734004531,reject_null,reject the null hypothesis and conclude there is statistical evidence that the level of vertical inequity present is outside of acceptable limits,1.209001517257584,1.285568330779935,1.0326603962745626,1.049551669818796,1.050930535662108,True,7.326481076458756e-16
fit:LGBSmoothPenalty:727cdd078038bd83,Surrogate,0.8286427728546845,,fold_3,1.075587155475643,ED2_APPLIED,,-11.966145664967353,step5_outside_pm10_escalate,ci_no_overlap_escalate,8.350202956632755,fail_to_reject_null,fail to reject the null hypothesis that the level of vertical inequity present is within acceptable limits,1.05910756205598,1.1133082919840958,0.9652660520381808,0.9783733386571443,0.9668534264153033,-11.966145664967359,step5_outside_pm10_escalate,ci_no_overlap_escalate,8.350202956632758,fail_to_reject_null,fail to reject the null hypothesis that the level of vertical inequity present is within acceptable limits,1.139162490014534,1.1974600989426194,1.0382277671889504,1.0523257963194452,1.0399351266799144,True,4.453456164922334e-16
fit:LGBSmoothPenalty:727cdd078038bd83,Surrogate,0.8286427728546845,,fold_4,1.075587155475643,ED2_APPLIED,,-3.904689083953281,step5_within_pm10_stop,not_run,,not_run,fail to reject the null hypothesis that the degree of vertical inequity is acceptable,0.9843029021243682,1.025015664311343,0.9554686667830519,0.9686419536095866,0.9500110622887329,-3.9046890839532624,step5_within_pm10_stop,not_run,,not_run,fail to reject the null hypothesis that the degree of vertical inequity is acceptable,1.058703558622369,1.1024936826946135,1.027689825451287,1.0418588435573046,1.0218196961575317,True,4.7767559497512594e-15
fit:LGBSmoothPenalty:727cdd078038bd83,Surrogate,0.8286427728546845,,fold_5,1.075587155475643,ED2_APPLIED,,-10.688536526104054,step5_outside_pm10_escalate,ci_no_overlap_escalate,8.252329640224614,fail_to_reject_null,fail to reject the null hypothesis that the level of vertical inequity present is within acceptable limits,1.0581170804913254,1.0976185487396968,0.9668501071957312,0.9780416445730314,0.9703373399916002,-10.688536526104068,step5_outside_pm10_escalate,ci_no_overlap_escalate,8.252329640224605,fail_to_reject_null,fail to reject the null hypothesis that the level of vertical inequity present is within acceptable limits,1.138097140765856,1.1805844126362333,1.0399315565699765,1.0519690304230263,1.0436823793733665,True,1.3295416711628928e-15
fit:LGBSmoothPenalty:727cdd078038bd83,Surrogate,0.8286427728546845,,fold_6,1.075587155475643,ED2_APPLIED,,-19.552177018177126,step5_outside_pm10_escalate,ci_no_overlap_escalate,17.17213699841245,reject_null,reject the null hypothesis and conclude there is statistical evidence that the level of vertical inequity present is outside of acceptable limits,1.1495132164735513,1.1891722813827443,0.9689057058668479,0.9806474946532232,0.9833704554997411,-19.552177018177133,step5_outside_pm10_escalate,ci_no_overlap_escalate,17.17213699841246,reject_null,reject the null hypothesis and conclude there is statistical evidence that the level of vertical inequity present is outside of acceptable limits,1.2364016506884434,1.2790584315029463,1.0421425320974425,1.0547718492983755,1.0577006310097534,True,3.6340850182541205e-16
fit:LGBSmoothPenalty:727cdd078038bd83,Surrogate,0.8286427728546845,,fold_7,1.075587155475643,ED2_APPLIED,,-23.338613675650667,step5_outside_pm10_escalate,ci_no_overlap_escalate,20.569038315798533,reject_null,reject the null hypothesis and conclude there is statistical evidence that the level of vertical inequity present is outside of acceptable limits,1.1515153713457418,1.194672178532932,0.9431268469989227,0.9553178558640545,0.9538487530114288,-23.338613675650677,step5_outside_pm10_escalate,ci_no_overlap_escalate,20.56903831579854,reject_null,reject the null hypothesis and conclude there is statistical evidence that the level of vertical inequity present is outside of acceptable limits,1.2385551427522445,1.2849740502341251,1.0144151226162825,1.0275276151639081,1.0259474670055513,True,4.566741274577596e-16
fit:LGBSmoothPenalty:727cdd078038bd83,Surrogate,0.8286427728546845,,pooled_oof,1.075587155475643,NOT_APPLICABLE_FOR_ED2_INFERENCE,"ED2 App. D.2 is a rank-based order-statistic CI on distinct observations and has no row-balanced analogue; the pooled-OOF sample contains 20,988 unique rows twice, so the ED2 procedure is not applied there. No weighted variant was invented.",,,,,,,,,,,,,,,,,,,,,,,,
fit:LGBSmoothPenalty:727cdd078038bd83,Surrogate,0.8286427728546845,,heldout,1.075587155475643,ED2_APPLIED,,-12.532368454587838,step5_outside_pm10_escalate,ci_no_overlap_escalate,10.177521658155774,reject_null,reject the null hypothesis and conclude there is statistical evidence that the level of vertical inequity present is outside of acceptable limits,1.0278219091889444,1.0683401856424777,0.9226108095416937,0.9331392300560194,0.9303117430072078,-12.532368454587841,step5_outside_pm10_escalate,ci_no_overlap_escalate,10.177521658155806,reject_null,reject the null hypothesis and conclude there is statistical evidence that the level of vertical inequity present is outside of acceptable limits,1.105512043640081,1.1490929813555122,0.9923483362460301,1.0036725701186848,1.0006313613667093,True,2.8348302171884574e-16
fit:LGBSmoothPenalty:727cdd078038bd83,Surrogate,0.8286427728546845,,forward_2025,1.075587155475643,ED2_APPLIED,,-16.129171865340993,step5_outside_pm10_escalate,ci_no_overlap_escalate,13.777559695634231,reject_null,reject the null hypothesis and conclude there is statistical evidence that the level of vertical inequity present is outside of acceptable limits,1.0643200022044192,1.1028771371575286,0.9225910904477072,0.9334686813475446,0.9497423618374031,-16.12917186534096,step5_outside_pm10_escalate,ci_no_overlap_escalate,13.777559695634237,reject_null,reject the null hypothesis and conclude there is statistical evidence that the level of vertical inequity present is outside of acceptable limits,1.1447689236868808,1.1862404827943862,0.9923271266418205,1.0040269236962043,1.0215306854034107,True,1.982397073833184e-15
posthoc:C:b=1.0420532368981876,C-posthoc,,1.0420532368981876,fold_1,1.056001768211404,ED2_APPLIED,,-15.612622892963333,step5_outside_pm10_escalate,ci_no_overlap_escalate,9.308971058969366,fail_to_reject_null,fail to reject the null hypothesis that the level of vertical inequity present is within acceptable limits,1.1217451049697118,1.2157712887714744,1.0011321422782264,1.0316245919083453,0.9681039127792078,-15.612622892963333,step5_outside_pm10_escalate,ci_no_overlap_escalate,9.308971058969359,fail_to_reject_null,fail to reject the null hypothesis that the level of vertical inequity present is within acceptable limits,1.1845648143305023,1.283856630683334,1.0571973124590777,1.0893973931855805,1.0223194437072218,True,0.0
posthoc:C:b=1.0420532368981876,C-posthoc,,1.0420532368981876,fold_2,1.056001768211404,ED2_APPLIED,,-15.809078714670402,step5_outside_pm10_escalate,ci_no_overlap_escalate,10.980880577140299,reject_null,reject the null hypothesis and conclude there is statistical evidence that the level of vertical inequity present is outside of acceptable limits,1.1435903046792415,1.2149953563806126,1.0114951225076856,1.034737278282371,0.9912959678614286,-15.809078714670402,step5_outside_pm10_escalate,ci_no_overlap_escalate,10.980880577140299,reject_null,reject the null hypothesis and conclude there is statistical evidence that the level of vertical inequity present is outside of acceptable limits,1.2076333838506967,1.2830372447065714,1.0681406379053262,1.0926843955004388,1.0468102948825033,True,0.0
posthoc:C:b=1.0420532368981876,C-posthoc,,1.0420532368981876,fold_3,1.056001768211404,ED2_APPLIED,,-12.442929782223924,step5_outside_pm10_escalate,ci_no_overlap_escalate,7.82186298639888,fail_to_reject_null,fail to reject the null hypothesis that the level of vertical inequity present is within acceptable limits,1.1163231085442873,1.1811458524057123,1.0205618530184581,1.0391544650578355,0.9865762622106424,-12.442929782223946,step5_outside_pm10_escalate,ci_no_overlap_escalate,7.82186298639885,fail_to_reject_null,fail to reject the null hypothesis that the level of vertical inequity present is within acceptable limits,1.178839176518018,1.2472921086559978,1.0777151213565985,1.0973489525458497,1.041826277369836,True,1.7131240347635513e-15
posthoc:C:b=1.0420532368981876,C-posthoc,,1.0420532368981876,fold_4,1.056001768211404,ED2_APPLIED,,-4.4116424546758894,step5_within_pm10_stop,not_run,,not_run,fail to reject the null hypothesis that the degree of vertical inequity is acceptable,1.0273360633487612,1.0725954904163086,1.0011587022752964,1.0123543798406753,0.9589052544264182,-4.411642454675887,step5_within_pm10_stop,not_run,,not_run,fail to reject the null hypothesis that the degree of vertical inequity is acceptable,1.0848686994436345,1.1326627344551996,1.0572253598629473,1.0690480151683122,1.0126056442215035,True,6.039780617933444e-16
posthoc:C:b=1.0420532368981876,C-posthoc,,1.0420532368981876,fold_5,1.056001768211404,ED2_APPLIED,,-10.804731619715993,step5_outside_pm10_escalate,ci_no_overlap_escalate,8.2052978644686,fail_to_reject_null,fail to reject the null hypothesis that the level of vertical inequity present is within acceptable limits,1.1031382803567515,1.1444928115223134,1.00733782979772,1.0224903327798174,0.9828765379275743,-10.804731619715968,step5_outside_pm10_escalate,ci_no_overlap_escalate,8.205297864468607,fail_to_reject_null,fail to reject the null hypothesis that the level of vertical inequity present is within acceptable limits,1.1649159746384168,1.2085864326728037,1.0637505294526304,1.0797515993945537,1.037919361985021,True,2.301676397609328e-15
posthoc:C:b=1.0420532368981876,C-posthoc,,1.0420532368981876,fold_6,1.056001768211404,ED2_APPLIED,,-21.828814673638362,step5_outside_pm10_escalate,ci_no_overlap_escalate,19.080855650379615,reject_null,reject the null hypothesis and conclude there is statistical evidence that the level of vertical inequity present is outside of acceptable limits,1.2052536990557856,1.2469728818809134,1.005183202122251,1.0155624614960248,0.9941442932931936,-21.828814673638362,step5_outside_pm10_escalate,ci_no_overlap_escalate,19.080855650379622,reject_null,reject the null hypothesis and conclude there is statistical evidence that the level of vertical inequity present is outside of acceptable limits,1.2727500373462448,1.3168055681779143,1.061475238817498,1.0724357550689279,1.049818131574889,True,0.0
posthoc:C:b=1.0420532368981876,C-posthoc,,1.0420532368981876,fold_7,1.056001768211404,ED2_APPLIED,,-24.205082851112284,step5_outside_pm10_escalate,ci_no_overlap_escalate,20.95752989761978,reject_null,reject the null hypothesis and conclude there is statistical evidence that the level of vertical inequity present is outside of acceptable limits,1.1987062620178313,1.246608145532634,0.9863292097566153,0.9962897065565534,0.9658416638320868,-24.205082851112287,step5_outside_pm10_escalate,ci_no_overlap_escalate,20.957529897619768,reject_null,reject the null hypothesis and conclude there is statistical evidence that the level of vertical inequity present is outside of acceptable limits,1.265835932256912,1.3164204059492006,1.0415653895415422,1.0520836917745409,1.019930504818928,True,1.4677552234188056e-16
posthoc:C:b=1.0420532368981876,C-posthoc,,1.0420532368981876,pooled_oof,1.056001768211404,NOT_APPLICABLE_FOR_ED2_INFERENCE,"ED2 App. D.2 is a rank-based order-statistic CI on distinct observations and has no row-balanced analogue; the pooled-OOF sample contains 20,988 unique rows twice, so the ED2 procedure is not applied there. No weighted variant was invented.",,,,,,,,,,,,,,,,,,,,,,,,
posthoc:C:b=1.0420532368981876,C-posthoc,,1.0420532368981876,heldout,1.056001768211404,ED2_APPLIED,,-15.310047227143219,step5_outside_pm10_escalate,ci_no_overlap_escalate,12.516610611624266,reject_null,reject the null hypothesis and conclude there is statistical evidence that the level of vertical inequity present is outside of acceptable limits,1.0867298688425286,1.1317212607076539,0.9573716864017873,0.9686337086620416,0.9435154918921128,-15.310047227143185,step5_outside_pm10_escalate,ci_no_overlap_escalate,12.516610611624253,reject_null,reject the null hypothesis and conclude there is statistical evidence that the level of vertical inequity present is outside of acceptable limits,1.147588663065857,1.1950996524297217,1.0109861936758209,1.0228789090962855,0.9963540277729235,True,2.2044856849799862e-15
posthoc:C:b=1.0420532368981876,C-posthoc,,1.0420532368981876,forward_2025,1.056001768211404,ED2_APPLIED,,-17.931207715085826,step5_outside_pm10_escalate,ci_no_overlap_escalate,15.118621715100765,reject_null,reject the null hypothesis and conclude there is statistical evidence that the level of vertical inequity present is outside of acceptable limits,1.1276827757452013,1.1659797485968775,0.9678407869268835,0.9817929054723092,0.9649680574200389,-17.93120771508582,step5_outside_pm10_escalate,ci_no_overlap_escalate,15.118621715100774,reject_null,reject the null hypothesis and conclude there is statistical evidence that the level of vertical inequity present is outside of acceptable limits,1.1908350051684762,1.2312766762169904,1.0220415823419053,1.0367750441961698,1.0190079749030843,True,3.962603897351034e-16
posthoc:A:b=1.0419718974700132,A-posthoc,,1.0419718974700132,fold_1,1.0559524388570247,ED2_APPLIED,,-18.66323884371347,step5_outside_pm10_escalate,ci_no_overlap_escalate,11.34007639260705,reject_null,reject the null hypothesis and conclude there is statistical evidence that the level of vertical inequity present is outside of acceptable limits,1.1461841891116413,1.2263820931026084,1.0027927865030493,1.0361497106910804,0.970315142606057,-18.66323884371346,step5_outside_pm10_escalate,ci_no_overlap_escalate,11.340076392607036,reject_null,reject the null hypothesis and conclude there is statistical evidence that the level of vertical inequity present is outside of acceptable limits,1.210315989871798,1.295001162182281,1.0589014885761256,1.0941248140252462,1.0246066412947668,True,3.8071780665200007e-16
posthoc:A:b=1.0419718974700132,A-posthoc,,1.0419718974700132,fold_2,1.0559524388570247,ED2_APPLIED,,-15.923901825261916,step5_outside_pm10_escalate,ci_no_overlap_escalate,12.294651540045285,reject_null,reject the null hypothesis and conclude there is statistical evidence that the level of vertical inequity present is outside of acceptable limits,1.1569296527093917,1.2214052245222993,1.0165221996269773,1.0349566527509664,0.9920817972037954,-15.923901825261906,step5_outside_pm10_escalate,ci_no_overlap_escalate,12.294651540045303,reject_null,reject the null hypothesis and conclude there is statistical evidence that the level of vertical inequity present is outside of acceptable limits,1.2216626883644919,1.2897458256670327,1.073399095848413,1.0928650015836847,1.0475911933030073,True,6.693171782491944e-16
posthoc:A:b=1.0419718974700132,A-posthoc,,1.0419718974700132,fold_3,1.0559524388570247,ED2_APPLIED,,-12.323011271588541,step5_outside_pm10_escalate,ci_no_overlap_escalate,8.044637924444999,fail_to_reject_null,fail to reject the null hypothesis that the level of vertical inequity present is within acceptable limits,1.1162134273459317,1.1721926520643409,1.0163048493298268,1.0367986948184125,0.9871759707942109,-12.323011271588548,step5_outside_pm10_escalate,ci_no_overlap_escalate,8.044637924444995,fail_to_reject_null,fail to reject the null hypothesis that the level of vertical inequity present is within acceptable limits,1.1786682908908939,1.2377796897576236,1.0731695842720508,1.0948101103972818,1.042410873941197,True,5.765983006104198e-16
posthoc:A:b=1.0419718974700132,A-posthoc,,1.0419718974700132,fold_4,1.0559524388570247,ED2_APPLIED,,-5.0270575270401,step5_within_pm10_stop,not_run,,not_run,fail to reject the null hypothesis that the degree of vertical inequity is acceptable,1.022521874206952,1.078319697619867,0.9992236359074478,1.013655540310728,0.9614643173339776,-5.027057527040107,step5_within_pm10_stop,not_run,,not_run,fail to reject the null hypothesis that the degree of vertical inequity is acceptable,1.0797344668534858,1.1386543145692671,1.0551326353000523,1.0703720399520475,1.0152605907628172,True,1.4134366514370552e-15
posthoc:A:b=1.0419718974700132,A-posthoc,,1.0419718974700132,fold_5,1.0559524388570247,ED2_APPLIED,,-12.323622814442704,step5_outside_pm10_escalate,ci_no_overlap_escalate,9.42597759999217,fail_to_reject_null,fail to reject the null hypothesis that the level of vertical inequity present is within acceptable limits,1.1092081327159924,1.15218415586558,1.0052543177846698,1.016479933390494,0.9837515349662566,-12.323622814442697,step5_outside_pm10_escalate,ci_no_overlap_escalate,9.425977599992185,fail_to_reject_null,fail to reject the null hypothesis that the level of vertical inequity present is within acceptable limits,1.1712710329414977,1.2166516693986804,1.0615007485362757,1.0733544647129172,1.0387948325769594,True,5.765696877117804e-16
posthoc:A:b=1.0419718974700132,A-posthoc,,1.0419718974700132,fold_6,1.0559524388570247,ED2_APPLIED,,-21.630653190625928,step5_outside_pm10_escalate,ci_no_overlap_escalate,18.582686395822595,reject_null,reject the null hypothesis and conclude there is statistical evidence that the level of vertical inequity present is outside of acceptable limits,1.197711365187745,1.245803000544003,1.0010778181464364,1.0136633110365831,0.9904275960473397,-21.630653190625964,step5_outside_pm10_escalate,ci_no_overlap_escalate,18.582686395822613,reject_null,reject the null hypothesis and conclude there is statistical evidence that the level of vertical inequity present is outside of acceptable limits,1.264726237116775,1.3155087167598383,1.0570905635573977,1.070380245468966,1.0458444355574874,True,1.6424440110482378e-15
posthoc:A:b=1.0419718974700132,A-posthoc,,1.0419718974700132,fold_7,1.0559524388570247,ED2_APPLIED,,-24.9925181845757,step5_outside_pm10_escalate,ci_no_overlap_escalate,22.75511800263068,reject_null,reject the null hypothesis and conclude there is statistical evidence that the level of vertical inequity present is outside of acceptable limits,1.2145561300051884,1.254312141712221,0.9844817825263592,0.9944153705770044,0.9674340489147712,-24.992518184575705,step5_outside_pm10_escalate,ci_no_overlap_escalate,22.755118002630656,reject_null,reject the null hypothesis and conclude there is statistical evidence that the level of vertical inequity present is outside of acceptable limits,1.282513507607727,1.3244939651289966,1.039565939269019,1.050055335797699,1.021564343384878,True,1.4215108908045455e-16
posthoc:A:b=1.0419718974700132,A-posthoc,,1.0419718974700132,pooled_oof,1.0559524388570247,NOT_APPLICABLE_FOR_ED2_INFERENCE,"ED2 App. D.2 is a rank-based order-statistic CI on distinct observations and has no row-balanced analogue; the pooled-OOF sample contains 20,988 unique rows twice, so the ED2 procedure is not applied there. No weighted variant was invented.",,,,,,,,,,,,,,,,,,,,,,,,
posthoc:A:b=1.0419718974700132,A-posthoc,,1.0419718974700132,heldout,1.0559524388570247,ED2_APPLIED,,-15.668113820176698,step5_outside_pm10_escalate,ci_no_overlap_escalate,12.694612548724633,reject_null,reject the null hypothesis and conclude there is statistical evidence that the level of vertical inequity present is outside of acceptable limits,1.094465784382503,1.137795889893115,0.9625501406640866,0.9745936149537179,0.9442759199517915,-15.668113820176705,step5_outside_pm10_escalate,ci_no_overlap_escalate,12.694612548724622,reject_null,reject the null hypothesis and conclude there is statistical evidence that the level of vertical inequity present is outside of acceptable limits,1.1557038142642695,1.2014583448541327,1.0164071685564138,1.0291245046048616,0.997110460627054,True,4.534960263341302e-16
posthoc:A:b=1.0419718974700132,A-posthoc,,1.0419718974700132,forward_2025,1.0559524388570247,ED2_APPLIED,,-17.939390242076154,step5_outside_pm10_escalate,ci_no_overlap_escalate,14.628178999323403,reject_null,reject the null hypothesis and conclude there is statistical evidence that the level of vertical inequity present is outside of acceptable limits,1.1245252630700235,1.1737696440420045,0.9696511687466833,0.9826973099438764,0.969553032764414,-17.939390242076136,step5_outside_pm10_escalate,ci_no_overlap_escalate,14.628178999323417,reject_null,reject the null hypothesis and conclude there is statistical evidence that the level of vertical inequity present is outside of acceptable limits,1.1874451940951278,1.2394449182824954,1.023905516478624,1.037681621093473,1.0238018895488068,True,9.901991179353875e-16
fit:LGBCovPenalty:e357aea05abcaac0,Direct,9.102981779915218,,fold_1,1.0557799768109608,ED2_APPLIED,,-16.690769971012493,step5_outside_pm10_escalate,ci_no_overlap_escalate,9.105808239784572,fail_to_reject_null,fail to reject the null hypothesis that the level of vertical inequity present is within acceptable limits,1.1260225114102895,1.2206546449384632,1.0045620380832776,1.0376589971536399,0.9704082485569696,-16.690769971012497,step5_outside_pm10_escalate,ci_no_overlap_escalate,9.105808239784588,fail_to_reject_null,fail to reject the null hypothesis that the level of vertical inequity present is within acceptable limits,1.1888320209853753,1.2887427327273222,1.060596485272734,1.0955395919525546,1.0245375981586422,True,2.1285499021139447e-16
fit:LGBCovPenalty:e357aea05abcaac0,Direct,9.102981779915218,,fold_2,1.0557799768109608,ED2_APPLIED,,-12.058324420575682,step5_outside_pm10_escalate,ci_no_overlap_escalate,8.536719309128484,fail_to_reject_null,fail to reject the null hypothesis that the level of vertical inequity present is within acceptable limits,1.1266551629114452,1.178170805024364,1.0175494615175287,1.0423948717893823,0.9870336375235119,-12.058324420575657,step5_outside_pm10_escalate,ci_no_overlap_escalate,8.536719309128493,fail_to_reject_null,fail to reject the null hypothesis that the level of vertical inequity present is within acceptable limits,1.1894999617725948,1.2438891452079741,1.0743083468849821,1.1005396335656583,1.0420903509362116,True,2.0623923261816027e-15
fit:LGBCovPenalty:e357aea05abcaac0,Direct,9.102981779915218,,fold_3,1.0557799768109608,ED2_APPLIED,,-8.11489086541728,step5_within_pm10_stop,not_run,,not_run,fail to reject the null hypothesis that the degree of vertical inequity is acceptable,1.0946139614675279,1.1502829616772918,1.034411420395396,1.0567807721202527,0.9916709392535856,-8.1148908654173,step5_within_pm10_stop,not_run,,not_run,fail to reject the null hypothesis that the degree of vertical inequity is acceptable,1.1556715028551403,1.2144457186056945,1.0921108654380443,1.1157279790833892,1.0469863212492543,True,2.4079097990922867e-15
fit:LGBCovPenalty:e357aea05abcaac0,Direct,9.102981779915218,,fold_4,1.0557799768109608,ED2_APPLIED,,0.5678307905482651,step5_within_pm10_stop,not_run,,not_run,fail to reject the null hypothesis that the degree of vertical inequity is acceptable,1.0011428237062054,1.053623982781903,1.0208701804548328,1.035767373767389,0.9644129026614744,0.5678307905482622,step5_within_pm10_stop,not_run,,not_run,fail to reject the null hypothesis that the degree of vertical inequity is acceptable,1.0569865471969973,1.1123951041089497,1.0778142954476044,1.0935424538576834,1.0182078320081227,True,5.0835212039810126e-15
fit:LGBCovPenalty:e357aea05abcaac0,Direct,9.102981779915218,,fold_5,1.0557799768109608,ED2_APPLIED,,-7.037315523236322,step5_within_pm10_stop,not_run,,not_run,fail to reject the null hypothesis that the degree of vertical inequity is acceptable,1.0950129195690743,1.1363607633648363,1.0361820709633722,1.0511151924915,0.9887119734249737,-7.037315523236295,step5_within_pm10_stop,not_run,,not_run,fail to reject the null hypothesis that the degree of vertical inequity is acceptable,1.15609271483034,1.1997469403942125,1.0939802828536422,1.1097463735543245,1.043862304375338,True,3.912504835088275e-15
fit:LGBCovPenalty:e357aea05abcaac0,Direct,9.102981779915218,,fold_6,1.0557799768109608,ED2_APPLIED,,-17.08321208020085,step5_outside_pm10_escalate,ci_no_overlap_escalate,14.868603874000572,reject_null,reject the null hypothesis and conclude there is statistical evidence that the level of vertical inequity present is outside of acceptable limits,1.1882311130739756,1.2253610721633286,1.0264289668215543,1.0400565977689658,0.9965597076946117,-17.083212080200838,step5_outside_pm10_escalate,ci_no_overlap_escalate,14.868603874000582,reject_null,reject the null hypothesis and conclude there is statistical evidence that the level of vertical inequity present is outside of acceptable limits,1.254510617007304,1.293711684353653,1.0836831507889588,1.0980709306746053,1.0521477850805547,True,6.238956108701657e-16
fit:LGBCovPenalty:e357aea05abcaac0,Direct,9.102981779915218,,fold_7,1.0557799768109608,ED2_APPLIED,,-19.59379751854806,step5_outside_pm10_escalate,ci_no_overlap_escalate,16.57451022635992,reject_null,reject the null hypothesis and conclude there is statistical evidence that the level of vertical inequity present is outside of acceptable limits,1.1903848076556125,1.241302833964044,1.0166744884385048,1.0287804256624224,0.9750175407064288,-19.593797518548058,step5_outside_pm10_escalate,ci_no_overlap_escalate,16.574510226359912,reject_null,reject the null hypothesis and conclude there is statistical evidence that the level of vertical inequity present is outside of acceptable limits,1.2567844446227623,1.310542677257938,1.0733845678279,1.0861657739494426,1.0294039965173132,True,1.8131828071803837e-16
fit:LGBCovPenalty:e357aea05abcaac0,Direct,9.102981779915218,,pooled_oof,1.0557799768109608,NOT_APPLICABLE_FOR_ED2_INFERENCE,"ED2 App. D.2 is a rank-based order-statistic CI on distinct observations and has no row-balanced analogue; the pooled-OOF sample contains 20,988 unique rows twice, so the ED2 procedure is not applied there. No weighted variant was invented.",,,,,,,,,,,,,,,,,,,,,,,,
fit:LGBCovPenalty:e357aea05abcaac0,Direct,9.102981779915218,,heldout,1.0557799768109608,ED2_APPLIED,,-11.16735239812543,step5_outside_pm10_escalate,ci_no_overlap_escalate,8.622822193932489,fail_to_reject_null,fail to reject the null hypothesis that the level of vertical inequity present is within acceptable limits,1.0850018481454349,1.1201687962186815,0.9916425649841423,1.0031520440075556,0.9492229144591829,-11.167352398125429,step5_outside_pm10_escalate,ci_no_overlap_escalate,8.622822193932484,fail_to_reject_null,fail to reject the null hypothesis that the level of vertical inequity present is within acceptable limits,1.145523226074837,1.1826517856961214,1.0469563642637194,1.0591078417601651,1.0021705466161488,True,1.5906696377723628e-16
fit:LGBCovPenalty:e357aea05abcaac0,Direct,9.102981779915218,,forward_2025,1.0557799768109608,ED2_APPLIED,,-12.99196965888346,step5_outside_pm10_escalate,ci_no_overlap_escalate,9.744941745168486,fail_to_reject_null,fail to reject the null hypothesis that the level of vertical inequity present is within acceptable limits,1.1150254745706218,1.1571302476994072,1.0040585609433479,1.0196806995323537,0.9784027193958319,-12.99196965888349,step5_outside_pm10_escalate,ci_no_overlap_escalate,9.744941745168507,fail_to_reject_null,fail to reject the null hypothesis that the level of vertical inequity present is within acceptable limits,1.1772215696858017,1.2216749460833412,1.0600649241896145,1.0765584653068525,1.0329780003955125,True,2.1876366845553877e-15
fit:LGBSmoothPenalty:b7cb281c3ae8ad29,Surrogate,1.4563484775012436,,fold_1,1.082342149509406,ED2_APPLIED,,-21.29659102124822,step5_outside_pm10_escalate,ci_no_overlap_escalate,13.752476756336538,reject_null,reject the null hypothesis and conclude there is statistical evidence that the level of vertical inequity present is outside of acceptable limits,1.1095967495232935,1.2107736203433548,0.9478178519325308,0.978563835558271,0.9527950222104412,-21.296591021248208,step5_outside_pm10_escalate,ci_no_overlap_escalate,13.75247675633652,reject_null,reject the null hypothesis and conclude there is statistical evidence that the level of vertical inequity present is outside of acceptable limits,1.2009633309676917,1.3104713228117124,1.0258632112040438,1.0591408852103084,1.0312502123811114,True,5.004623052472375e-16
fit:LGBSmoothPenalty:b7cb281c3ae8ad29,Surrogate,1.4563484775012436,,fold_2,1.082342149509406,ED2_APPLIED,,-20.981383271169996,step5_outside_pm10_escalate,ci_no_overlap_escalate,16.98719437968582,reject_null,reject the null hypothesis and conclude there is statistical evidence that the level of vertical inequity present is outside of acceptable limits,1.1452053731480885,1.2144819994622222,0.9613842572400201,0.9785440527953506,0.9810997427099568,-20.981383271170003,step5_outside_pm10_escalate,ci_no_overlap_escalate,16.987194379685796,reject_null,reject the null hypothesis and conclude there is statistical evidence that the level of vertical inequity present is outside of acceptable limits,1.2395040452028236,1.314485057838423,1.0405467034856675,1.0591194734921658,1.0618856044078202,True,3.3865390407144394e-16
fit:LGBSmoothPenalty:b7cb281c3ae8ad29,Surrogate,1.4563484775012436,,fold_3,1.082342149509406,ED2_APPLIED,,-8.375665413126656,step5_within_pm10_stop,not_run,,not_run,fail to reject the null hypothesis that the degree of vertical inequity is acceptable,1.0305918519848027,1.0899680591817404,0.9680409878463913,0.9823198555436348,0.9668134836666127,-8.375665413126642,step5_within_pm10_stop,not_run,,not_run,fail to reject the null hypothesis that the degree of vertical inequity is acceptable,1.1154530003441114,1.1797183720713609,1.0477515635988723,1.0632061839548672,1.0464229840863988,True,1.6966836680140327e-15
fit:LGBSmoothPenalty:b7cb281c3ae8ad29,Surrogate,1.4563484775012436,,fold_4,1.082342149509406,ED2_APPLIED,,-0.43202160289943015,step5_within_pm10_stop,not_run,,not_run,fail to reject the null hypothesis that the degree of vertical inequity is acceptable,0.9437985177421229,0.9918184504023091,0.9559491553169783,0.9688688530589261,0.947385849373604,-0.4320216028994255,step5_within_pm10_stop,not_run,,not_run,fail to reject the null hypothesis that the degree of vertical inequity is acceptable,1.0215129163968009,1.0734869135315237,1.0346640635874795,1.0486475970125113,1.0253956366258212,True,1.0793295224431491e-14
fit:LGBSmoothPenalty:b7cb281c3ae8ad29,Surrogate,1.4563484775012436,,fold_5,1.082342149509406,ED2_APPLIED,,-8.390331340817374,step5_within_pm10_stop,not_run,,not_run,fail to reject the null hypothesis that the degree of vertical inequity is acceptable,1.0382993450066171,1.0753348521485981,0.9648245069658355,0.975788330218527,0.9724507540599004,-8.390331340817355,step5_within_pm10_stop,not_run,,not_run,fail to reject the null hypothesis that the degree of vertical inequity is acceptable,1.1237951449086707,1.1638802353168933,1.0442702307687557,1.0561368387949146,1.0525244394412359,True,2.328862167617233e-15
fit:LGBSmoothPenalty:b7cb281c3ae8ad29,Surrogate,1.4563484775012436,,fold_6,1.082342149509406,ED2_APPLIED,,-16.92385551257446,step5_outside_pm10_escalate,ci_no_overlap_escalate,14.50191647139779,reject_null,reject the null hypothesis and conclude there is statistical evidence that the level of vertical inequity present is outside of acceptable limits,1.1224717749001722,1.1642567250453848,0.9678113787297279,0.9800011860324209,0.982425937625188,-16.92385551257442,step5_outside_pm10_escalate,ci_no_overlap_escalate,14.501916471397772,reject_null,reject the null hypothesis and conclude there is statistical evidence that the level of vertical inequity present is outside of acceptable limits,1.2148985136090908,1.2601241263664036,1.0475030479739957,1.0606965902120982,1.06332100106304,True,2.3091576525082656e-15
fit:LGBSmoothPenalty:b7cb281c3ae8ad29,Surrogate,1.4563484775012436,,fold_7,1.082342149509406,ED2_APPLIED,,-20.289181181579526,step5_outside_pm10_escalate,ci_no_overlap_escalate,17.349725135968363,reject_null,reject the null hypothesis and conclude there is statistical evidence that the level of vertical inequity present is outside of acceptable limits,1.1131680632477832,1.1554399429723499,0.9383822666387774,0.9484016907058795,0.9496771346556971,-20.289181181579536,step5_outside_pm10_escalate,ci_no_overlap_escalate,17.349725135968367,reject_null,reject the null hypothesis and conclude there is statistical evidence that the level of vertical inequity present is outside of acceptable limits,1.2048287143408285,1.2505813515057191,1.0156506795353233,1.026495124516957,1.0278755912631812,True,5.253115412108395e-16
fit:LGBSmoothPenalty:b7cb281c3ae8ad29,Surrogate,1.4563484775012436,,pooled_oof,1.082342149509406,NOT_APPLICABLE_FOR_ED2_INFERENCE,"ED2 App. D.2 is a rank-based order-statistic CI on distinct observations and has no row-balanced analogue; the pooled-OOF sample contains 20,988 unique rows twice, so the ED2 procedure is not applied there. No weighted variant was invented.",,,,,,,,,,,,,,,,,,,,,,,,
fit:LGBSmoothPenalty:b7cb281c3ae8ad29,Surrogate,1.4563484775012436,,heldout,1.082342149509406,ED2_APPLIED,,-9.32031788898802,step5_within_pm10_stop,not_run,,not_run,fail to reject the null hypothesis that the degree of vertical inequity is acceptable,0.9903607310963298,1.0260101386207274,0.9173209498812489,0.9262817549666631,0.9243893947960684,-9.320317888988006,step5_within_pm10_stop,not_run,,not_run,fail to reject the null hypothesis that the degree of vertical inequity is acceptable,1.0719091624845087,1.1104940188532022,0.9928551286844814,1.0025537857219633,1.000505604547276,True,1.524717813755276e-15
fit:LGBSmoothPenalty:b7cb281c3ae8ad29,Surrogate,1.4563484775012436,,forward_2025,1.082342149509406,ED2_APPLIED,,-12.272850959210144,step5_outside_pm10_escalate,ci_no_overlap_escalate,9.884935737385906,fail_to_reject_null,fail to reject the null hypothesis that the level of vertical inequity present is within acceptable limits,1.024258468241177,1.0661315180356754,0.9199260582401115,0.9306645220538836,0.9468341390759974,-12.272850959210118,step5_outside_pm10_escalate,ci_no_overlap_escalate,9.8849357373859,fail_to_reject_null,fail to reject the null hypothesis that the level of vertical inequity present is within acceptable limits,1.1085981121693675,1.1539190788904594,0.9956747472653176,1.0072974392719447,1.0247984973164033,True,2.1710809232151383e-15
posthoc:C:b=1.054970552956866,C-posthoc,,1.054970552956866,fold_1,1.0542310552006608,ED2_APPLIED,,-11.019585732585995,step5_outside_pm10_escalate,ci_no_overlap_escalate,4.945979859334592,fail_to_reject_null,fail to reject the null hypothesis that the level of vertical inequity present is within acceptable limits,1.100916915419588,1.1946079671808776,1.0204516804866697,1.0528429580398224,0.971980451740722,-11.019585732585991,step5_outside_pm10_escalate,ci_no_overlap_escalate,4.9459798593345665,fail_to_reject_null,fail to reject the null hypothesis that the level of vertical inequity present is within acceptable limits,1.1606208014310482,1.259392817792212,1.0757918519007488,1.1099397426149067,1.0246919772730358,True,3.223999309061845e-16
posthoc:C:b=1.054970552956866,C-posthoc,,1.054970552956866,fold_2,1.0542310552006608,ED2_APPLIED,,-11.974550729527673,step5_outside_pm10_escalate,ci_no_overlap_escalate,7.516403126771117,fail_to_reject_null,fail to reject the null hypothesis that the level of vertical inequity present is within acceptable limits,1.1287237126416338,1.1938534659581304,1.0306024217273482,1.0538970493710076,0.9955115765959478,-11.9745507295277,step5_outside_pm10_escalate,ci_no_overlap_escalate,7.516403126771134,fail_to_reject_null,fail to reject the null hypothesis that the level of vertical inequity present is within acceptable limits,1.1899355906081965,1.2585973991720052,1.0864930785499785,1.1110509984312595,1.049499219859219,True,2.225165118328808e-15
posthoc:C:b=1.054970552956866,C-posthoc,,1.054970552956866,fold_3,1.0542310552006608,ED2_APPLIED,,-8.759089827842908,step5_within_pm10_stop,not_run,,not_run,fail to reject the null hypothesis that the degree of vertical inequity is acceptable,1.099059625770514,1.162221920500268,1.040386941305362,1.0581576299516986,0.9904958280764689,-8.759089827842889,step5_within_pm10_stop,not_run,,not_run,fail to reject the null hypothesis that the degree of vertical inequity is acceptable,1.158662789004492,1.2252504416263355,1.0968082229493392,1.115542634792609,1.0442114620049074,True,2.230816856254896e-15
posthoc:C:b=1.054970552956866,C-posthoc,,1.054970552956866,fold_4,1.0542310552006608,ED2_APPLIED,,-1.5070593879785739,step5_within_pm10_stop,not_run,,not_run,fail to reject the null hypothesis that the degree of vertical inequity is acceptable,1.0135741455106055,1.0606841177548956,1.0180312139897276,1.029084729204923,0.9629686153511364,-1.5070593879786014,step5_within_pm10_stop,not_run,,not_run,fail to reject the null hypothesis that the degree of vertical inequity is acceptable,1.0685413409457534,1.1182061366953249,1.0732401209515998,1.0848930799605916,1.0151914194867473,True,1.8269705381441366e-14
posthoc:C:b=1.054970552956866,C-posthoc,,1.054970552956866,fold_5,1.0542310552006608,ED2_APPLIED,,-7.8829032331224695,step5_within_pm10_stop,not_run,,not_run,fail to reject the null hypothesis that the degree of vertical inequity is acceptable,1.0884800219360773,1.1309302245953359,1.0252107144865028,1.0421937891188304,0.9882281984144498,-7.8829032331224465,step5_within_pm10_stop,not_run,,not_run,fail to reject the null hypothesis that the degree of vertical inequity is acceptable,1.1475094420905085,1.1922617640334607,1.0808089733361288,1.098713058026319,1.041820856393513,True,2.929458630821745e-15
posthoc:C:b=1.054970552956866,C-posthoc,,1.054970552956866,fold_6,1.0542310552006608,ED2_APPLIED,,-18.636431136323857,step5_outside_pm10_escalate,ci_no_overlap_escalate,15.804953911302139,reject_null,reject the null hypothesis and conclude there is statistical evidence that the level of vertical inequity present is outside of acceptable limits,1.1923123892862322,1.2341786395842362,1.0236460197717718,1.034396083079953,0.9991570180622485,-18.636431136323882,step5_outside_pm10_escalate,ci_no_overlap_escalate,15.804953911302137,reject_null,reject the null hypothesis and conclude there is statistical evidence that the level of vertical inequity present is outside of acceptable limits,1.2569727482860449,1.3011094495150048,1.079159423575951,1.0904924741608086,1.0533423574629095,True,1.3344290851445207e-15
posthoc:C:b=1.054970552956866,C-posthoc,,1.054970552956866,fold_7,1.0542310552006608,ED2_APPLIED,,-20.9752114502844,step5_outside_pm10_escalate,ci_no_overlap_escalate,17.67298298396669,reject_null,reject the null hypothesis and conclude there is statistical evidence that the level of vertical inequity present is outside of acceptable limits,1.1864764701081956,1.233917881703119,1.0043325563887269,1.014970945071298,0.9704390322363294,-20.9752114502844,step5_outside_pm10_escalate,ci_no_overlap_escalate,17.67298298396668,reject_null,reject the null hypothesis and conclude there is statistical evidence that the level of vertical inequity present is outside of acceptable limits,1.2508203410529175,1.3008345504588426,1.0587985706940641,1.0700138904205259,1.0230669649624131,True,0.0
posthoc:C:b=1.054970552956866,C-posthoc,,1.054970552956866,pooled_oof,1.0542310552006608,NOT_APPLICABLE_FOR_ED2_INFERENCE,"ED2 App. D.2 is a rank-based order-statistic CI on distinct observations and has no row-balanced analogue; the pooled-OOF sample contains 20,988 unique rows twice, so the ED2 procedure is not applied there. No weighted variant was invented.",,,,,,,,,,,,,,,,,,,,,,,,
posthoc:C:b=1.054970552956866,C-posthoc,,1.054970552956866,heldout,1.0542310552006608,ED2_APPLIED,,-12.039614992340502,step5_outside_pm10_escalate,ci_no_overlap_escalate,9.459391039248827,fail_to_reject_null,fail to reject the null hypothesis that the level of vertical inequity present is within acceptable limits,1.0769645138953092,1.1198844881632941,0.9761407853326802,0.9872627967604067,0.9482821543449559,-12.039614992340516,step5_outside_pm10_escalate,ci_no_overlap_escalate,9.45939103924883,fail_to_reject_null,fail to reject the null hypothesis that the level of vertical inequity present is within acceptable limits,1.1353694358975182,1.1806170056592407,1.0290779301456727,1.0408030999890787,0.9997084962030381,True,1.180341291996698e-15
posthoc:C:b=1.054970552956866,C-posthoc,,1.054970552956866,forward_2025,1.0542310552006608,ED2_APPLIED,,-14.580634389018343,step5_outside_pm10_escalate,ci_no_overlap_escalate,12.154922289592319,reject_null,reject the null hypothesis and conclude there is statistical evidence that the level of vertical inequity present is outside of acceptable limits,1.118855574106152,1.1539152890949183,0.9880601861503967,1.0008379649663128,0.9709449910748679,-14.58063438901832,step5_outside_pm10_escalate,ci_no_overlap_escalate,12.154922289592292,reject_null,reject the null hypothesis and conclude there is statistical evidence that the level of vertical inequity present is outside of acceptable limits,1.179532292507069,1.2164933328347105,1.0416437326470935,1.0551144638913175,1.0236003624826535,True,1.5837883521443949e-15
posthoc:A:b=1.054888205243256,A-posthoc,,1.054888205243256,fold_1,1.054179110143531,ED2_APPLIED,,-14.469676872867934,step5_outside_pm10_escalate,ci_no_overlap_escalate,7.151010155063333,fail_to_reject_null,fail to reject the null hypothesis that the level of vertical inequity present is within acceptable limits,1.1220659666303323,1.2012970954683948,1.0226920489996956,1.0525048272999011,0.9727456376380311,-14.469676872867927,step5_outside_pm10_escalate,ci_no_overlap_escalate,7.15101015506331,fail_to_reject_null,fail to reject the null hypothesis that the level of vertical inequity present is within acceptable limits,1.1828585022247047,1.266382303118881,1.0781005941653636,1.1095286022647808,1.0254481306812615,True,4.910563946956118e-16
posthoc:A:b=1.054888205243256,A-posthoc,,1.054888205243256,fold_2,1.054179110143531,ED2_APPLIED,,-12.10355358843132,step5_outside_pm10_escalate,ci_no_overlap_escalate,8.37768420678903,fail_to_reject_null,fail to reject the null hypothesis that the level of vertical inequity present is within acceptable limits,1.137304382746494,1.1991269138952303,1.0360520867742582,1.053810085908685,0.9966274065349421,-12.103553588431332,step5_outside_pm10_escalate,ci_no_overlap_escalate,8.377684206789002,fail_to_reject_null,fail to reject the null hypothesis that the level of vertical inequity present is within acceptable limits,1.198922522166037,1.2640945430392327,1.092184466898036,1.110904578623496,1.0506237925656605,True,1.0273427373995975e-15
posthoc:A:b=1.054888205243256,A-posthoc,,1.054888205243256,fold_3,1.054179110143531,ED2_APPLIED,,-8.519882290229633,step5_within_pm10_stop,not_run,,not_run,fail to reject the null hypothesis that the degree of vertical inequity is acceptable,1.098216282651036,1.1546502954426372,1.0349067116280493,1.0555614247225051,0.991041079412439,-8.519882290229619,step5_within_pm10_stop,not_run,,not_run,fail to reject the null hypothesis that the degree of vertical inequity is acceptable,1.1577166635902059,1.2172082209766846,1.090977036345625,1.1127508034158085,1.0447348032106896,True,1.6679637383604022e-15
posthoc:A:b=1.054888205243256,A-posthoc,,1.054888205243256,fold_4,1.054179110143531,ED2_APPLIED,,-1.6766145847930767,step5_within_pm10_stop,not_run,,not_run,fail to reject the null hypothesis that the degree of vertical inequity is acceptable,1.0114189933513347,1.0672760482133616,1.0169501988534777,1.032376992372342,0.9655397071590825,-1.6766145847930574,step5_within_pm10_stop,not_run,,not_run,fail to reject the null hypothesis that the degree of vertical inequity is acceptable,1.0662167743933761,1.1251001147830662,1.0720476556876462,1.0883102591517306,1.0178517893012073,True,1.1521956688013594e-14
posthoc:A:b=1.054888205243256,A-posthoc,,1.054888205243256,fold_5,1.054179110143531,ED2_APPLIED,,-9.0961530638842,step5_within_pm10_stop,not_run,,not_run,fail to reject the null hypothesis that the degree of vertical inequity is acceptable,1.0965228413567922,1.1406328446052063,1.0239506779261731,1.0366027192416607,0.9882084016782167,-9.096153063884186,step5_within_pm10_stop,not_run,,not_run,fail to reject the null hypothesis that the degree of vertical inequity is acceptable,1.1559314731535595,1.2024313171264014,1.0794274144870788,1.0927649321425386,1.0417486535175036,True,1.5622928303202658e-15
posthoc:A:b=1.054888205243256,A-posthoc,,1.054888205243256,fold_6,1.054179110143531,ED2_APPLIED,,-18.631596602169306,step5_outside_pm10_escalate,ci_no_overlap_escalate,15.47396328386261,reject_null,reject the null hypothesis and conclude there is statistical evidence that the level of vertical inequity present is outside of acceptable limits,1.1854776060632113,1.2322240035270635,1.0195562001076897,1.0314827121488066,0.9951871481755545,-18.63159660216928,step5_outside_pm10_escalate,ci_no_overlap_escalate,15.47396328386259,reject_null,reject the null hypothesis and conclude there is statistical evidence that the level of vertical inequity present is outside of acceptable limits,1.2497057278547996,1.2989848035356593,1.0747948477708442,1.0873675276214652,1.0491055022899847,True,1.3347753433384217e-15
posthoc:A:b=1.054888205243256,A-posthoc,,1.054888205243256,fold_7,1.054179110143531,ED2_APPLIED,,-21.472360439996038,step5_outside_pm10_escalate,ci_no_overlap_escalate,19.21489606540221,reject_null,reject the null hypothesis and conclude there is statistical evidence that the level of vertical inequity present is outside of acceptable limits,1.2004652215663123,1.2399316694681752,1.0026903922857864,1.0136302409679587,0.9723444767144136,-21.472360439996045,step5_outside_pm10_escalate,ci_no_overlap_escalate,19.214896065402208,reject_null,reject the null hypothesis and conclude there is statistical evidence that the level of vertical inequity present is outside of acceptable limits,1.265505359029032,1.3071100639587443,1.0570152654892984,1.0685478254381757,1.0250252352157778,True,3.3091039885703005e-16
posthoc:A:b=1.054888205243256,A-posthoc,,1.054888205243256,pooled_oof,1.054179110143531,NOT_APPLICABLE_FOR_ED2_INFERENCE,"ED2 App. D.2 is a rank-based order-statistic CI on distinct observations and has no row-balanced analogue; the pooled-OOF sample contains 20,988 unique rows twice, so the ED2 procedure is not applied there. No weighted variant was invented.",,,,,,,,,,,,,,,,,,,,,,,,
posthoc:A:b=1.054888205243256,A-posthoc,,1.054888205243256,heldout,1.054179110143531,ED2_APPLIED,,-12.415924341078325,step5_outside_pm10_escalate,ci_no_overlap_escalate,9.438857142812676,fail_to_reject_null,fail to reject the null hypothesis that the level of vertical inequity present is within acceptable limits,1.082749703206057,1.1261775389080366,0.9813237607429874,0.9931615108131581,0.9491423700709019,-12.415924341078338,step5_outside_pm10_escalate,ci_no_overlap_escalate,9.43885714281267,fail_to_reject_null,fail to reject the null hypothesis that the level of vertical inequity present is within acceptable limits,1.1414121186339334,1.1871928358297061,1.034491008862746,1.04697011769782,1.0005660590808656,True,1.001495944579976e-15
posthoc:A:b=1.054888205243256,A-posthoc,,1.054888205243256,forward_2025,1.054179110143531,ED2_APPLIED,,-14.541554863899286,step5_outside_pm10_escalate,ci_no_overlap_escalate,11.452556950005471,reject_null,reject the null hypothesis and conclude there is statistical evidence that the level of vertical inequity present is outside of acceptable limits,1.1146232283053141,1.1628657995665452,0.9897661752107543,1.0029194801287977,0.97536077457762,-14.541554863899286,step5_outside_pm10_escalate,ci_no_overlap_escalate,11.452556950005443,reject_null,reject the null hypothesis and conclude there is statistical evidence that the level of vertical inequity present is outside of acceptable limits,1.175012522960206,1.2258688338034067,1.0433908258338394,1.057256765107789,1.0282049534131408,True,0.0
fit:LGBCovPenalty:3edb8b904025b2c0,Direct,86.85113737513521,,fold_1,1.0636405448697208,ED2_APPLIED,,-0.6860405710072659,step5_within_pm10_stop,not_run,,not_run,fail to reject the null hypothesis that the degree of vertical inequity is acceptable,1.0247406522256237,1.1177464408160713,1.0431251922900007,1.0882990741854883,0.9785306261507154,-0.6860405710072698,step5_within_pm10_stop,not_run,,not_run,fail to reject the null hypothesis that the degree of vertical inequity is acceptable,1.0899557056834146,1.1888804333357965,1.1095102478946677,1.1575590202478647,1.0408048483706553,True,5.664068205882963e-15
fit:LGBCovPenalty:3edb8b904025b2c0,Direct,86.85113737513521,,fold_2,1.0636405448697208,ED2_APPLIED,,0.794256737455981,step5_within_pm10_stop,not_run,,not_run,fail to reject the null hypothesis that the degree of vertical inequity is acceptable,1.0172047358521614,1.094813649963874,1.0550740751765835,1.0917900932515463,0.9913525431450226,0.7942567374559621,step5_within_pm10_stop,not_run,,not_run,fail to reject the null hypothesis that the degree of vertical inequity is acceptable,1.0819401994858526,1.164488187178382,1.1222195641987374,1.1612722096694372,1.0544427591487546,True,2.376283452008322e-14
fit:LGBCovPenalty:3edb8b904025b2c0,Direct,86.85113737513521,,fold_3,1.0636405448697208,ED2_APPLIED,,2.627939794943311,step5_within_pm10_stop,not_run,,not_run,fail to reject the null hypothesis that the degree of vertical inequity is acceptable,1.0239735446977345,1.0794872714808426,1.070340652665799,1.0869944481504332,0.9952575937244691,2.6279397949433183,step5_within_pm10_stop,not_run,,not_run,fail to reject the null hypothesis that the degree of vertical inequity is acceptable,1.089139779014477,1.148186429617811,1.1384577149976622,1.1561713671010874,1.0585963292748208,True,2.7038014231807306e-15
fit:LGBCovPenalty:3edb8b904025b2c0,Direct,86.85113737513521,,fold_4,1.0636405448697208,ED2_APPLIED,,10.817399017289677,step5_outside_pm10_escalate,ci_no_overlap_escalate,7.0372403790887565,fail_to_reject_null,fail to reject the null hypothesis that the level of vertical inequity present is within acceptable limits,0.9321259662017792,0.9788291224634356,1.046815517258399,1.0636021445026398,0.9660945361051737,10.817399017289675,step5_outside_pm10_escalate,ci_no_overlap_escalate,7.037240379088758,fail_to_reject_null,fail to reject the null hypothesis that the level of vertical inequity present is within acceptable limits,0.9914469705780748,1.0411223411513586,1.1134354271548015,1.1312903645033905,1.0275773187785664,True,1.642129347878415e-16
fit:LGBCovPenalty:3edb8b904025b2c0,Direct,86.85113737513521,,fold_5,1.0636405448697208,ED2_APPLIED,,2.9238925539559353,step5_within_pm10_stop,not_run,,not_run,fail to reject the null hypothesis that the degree of vertical inequity is acceptable,1.0320771955765413,1.0822958774265392,1.0759938454471834,1.0927632510673553,0.9942109127222225,2.923892553955962,step5_within_pm10_stop,not_run,,not_run,fail to reject the null hypothesis that the degree of vertical inequity is acceptable,1.097759150650645,1.151173776776216,1.1444706800479074,1.1623072997788884,1.0574830369232864,True,9.112972552617718e-15
fit:LGBCovPenalty:3edb8b904025b2c0,Direct,86.85113737513521,,fold_6,1.0636405448697208,ED2_APPLIED,,-6.932629950952853,step5_within_pm10_stop,not_run,,not_run,fail to reject the null hypothesis that the degree of vertical inequity is acceptable,1.1246522290466923,1.1587779414132107,1.0643687259992023,1.0798572480870638,1.0164105147533746,-6.932629950952884,step5_within_pm10_stop,not_run,,not_run,fail to reject the null hypothesis that the degree of vertical inequity is acceptable,1.196225709692169,1.23252320098776,1.1321057316640812,1.1485799517368411,1.081095433723592,True,4.4840478879493264e-15
fit:LGBCovPenalty:3edb8b904025b2c0,Direct,86.85113737513521,,fold_7,1.0636405448697208,ED2_APPLIED,,-9.237161568435303,step5_within_pm10_stop,not_run,,not_run,fail to reject the null hypothesis that the degree of vertical inequity is acceptable,1.1296705629364465,1.1786758405223823,1.0464473626503423,1.0617080045718086,0.98780469451429,-9.23716156843533,step5_within_pm10_stop,not_run,,not_run,fail to reject the null hypothesis that the degree of vertical inequity is acceptable,1.2015634130850055,1.253687413238002,1.1130438429868916,1.129275680475302,1.0506691234980465,True,2.8845822814288235e-15
fit:LGBCovPenalty:3edb8b904025b2c0,Direct,86.85113737513521,,pooled_oof,1.0636405448697208,NOT_APPLICABLE_FOR_ED2_INFERENCE,"ED2 App. D.2 is a rank-based order-statistic CI on distinct observations and has no row-balanced analogue; the pooled-OOF sample contains 20,988 unique rows twice, so the ED2 procedure is not applied there. No weighted variant was invented.",,,,,,,,,,,,,,,,,,,,,,,,
fit:LGBCovPenalty:3edb8b904025b2c0,Direct,86.85113737513521,,heldout,1.0636405448697208,ED2_APPLIED,,-1.496564406401916,step5_within_pm10_stop,not_run,,not_run,fail to reject the null hypothesis that the degree of vertical inequity is acceptable,1.0402811006246178,1.0800601098282383,1.0364342867093694,1.050565043974787,0.9675720907769956,-1.496564406401922,step5_within_pm10_stop,not_run,,not_run,fail to reject the null hypothesis that the degree of vertical inequity is acceptable,1.1064851566860405,1.1487957237097572,1.1023935294372131,1.1174235757944235,1.029148905834778,True,4.005978163939961e-15
fit:LGBCovPenalty:3edb8b904025b2c0,Direct,86.85113737513521,,forward_2025,1.0636405448697208,ED2_APPLIED,,-4.748036025145633,step5_within_pm10_stop,not_run,,not_run,fail to reject the null hypothesis that the degree of vertical inequity is acceptable,1.0778785974068983,1.1154939656047362,1.0378060966008058,1.0558004348745706,0.989100797012869,-4.748036025145638,step5_within_pm10_stop,not_run,,not_run,fail to reject the null hypothesis that the degree of vertical inequity is acceptable,1.1464753786492832,1.1864846093747063,1.1038526420575983,1.1229921498236757,1.0520477106658424,True,1.1223736488050965e-15
fit:LGBSmoothPenalty:668324412c04438f,Surrogate,2.559547922699536,,fold_1,1.0879072531266702,ED2_APPLIED,,-19.31059797925057,step5_outside_pm10_escalate,ci_no_overlap_escalate,12.502191164471283,reject_null,reject the null hypothesis and conclude there is statistical evidence that the level of vertical inequity present is outside of acceptable limits,1.0898188039099326,1.1780218825793156,0.9402695285806653,0.9714589229590161,0.9467130952794215,-19.31059797925058,step5_outside_pm10_escalate,ci_no_overlap_escalate,12.502191164471267,reject_null,reject the null hypothesis and conclude there is statistical evidence that the level of vertical inequity present is outside of acceptable limits,1.1856217813674474,1.2815785503999715,1.0229260400369,1.0568572084017365,1.0299360429844826,True,5.519322108954773e-16
fit:LGBSmoothPenalty:668324412c04438f,Surrogate,2.559547922699536,,fold_2,1.0879072531266702,ED2_APPLIED,,-18.677328947492253,step5_outside_pm10_escalate,ci_no_overlap_escalate,14.342584502939904,reject_null,reject the null hypothesis and conclude there is statistical evidence that the level of vertical inequity present is outside of acceptable limits,1.119261383477622,1.1821216030101787,0.9624863570925379,0.9783453379404842,0.982501065329287,-18.677328947492263,step5_outside_pm10_escalate,ci_no_overlap_escalate,14.342584502939893,reject_null,reject the null hypothesis and conclude there is statistical evidence that the level of vertical inequity present is outside of acceptable limits,1.2176525772298956,1.2860386659924987,1.047095888916438,1.0643489892081155,1.068870035176411,True,5.70645891945515e-16
fit:LGBSmoothPenalty:668324412c04438f,Surrogate,2.559547922699536,,fold_3,1.0879072531266702,ED2_APPLIED,,-8.066450175183599,step5_within_pm10_stop,not_run,,not_run,fail to reject the null hypothesis that the degree of vertical inequity is acceptable,1.025159963672103,1.07796409777649,0.9672097127063839,0.9853806619994697,0.9686664017611253,-8.066450175183594,step5_within_pm10_stop,not_run,,not_run,fail to reject the null hypothesis that the degree of vertical inequity is acceptable,1.115278960093954,1.1727249605811898,1.0522344617478374,1.0720027692799825,1.0538192043360408,True,6.606463069214281e-16
fit:LGBSmoothPenalty:668324412c04438f,Surrogate,2.559547922699536,,fold_4,1.0879072531266702,ED2_APPLIED,,2.828042075010094,step5_within_pm10_stop,not_run,,not_run,fail to reject the null hypothesis that the degree of vertical inequity is acceptable,0.9244779296092168,0.9608100365299467,0.9608692971264611,0.9748638858794749,0.9511104858558938,2.8280420750100665,step5_within_pm10_stop,not_run,,not_run,fail to reject the null hypothesis that the degree of vertical inequity is acceptable,1.0057462449773937,1.0452722076178294,1.0453366776506021,1.0605614922595308,1.0347199960874578,True,9.735898646630145e-15
fit:LGBSmoothPenalty:668324412c04438f,Surrogate,2.559547922699536,,fold_5,1.0879072531266702,ED2_APPLIED,,-4.421291950459081,step5_within_pm10_stop,not_run,,not_run,fail to reject the null hypothesis that the degree of vertical inequity is acceptable,1.0010809785941457,1.0316669508717904,0.9689748181891732,0.9790284457482628,0.9705217195629768,-4.4212919504590955,step5_within_pm10_stop,not_run,,not_run,fail to reject the null hypothesis that the degree of vertical inequity is acceptable,1.0890832575797156,1.1223579586644963,1.0541547328050975,1.0650921471468653,1.0558376180295304,True,3.2141860059086193e-15
fit:LGBSmoothPenalty:668324412c04438f,Surrogate,2.559547922699536,,fold_6,1.0879072531266702,ED2_APPLIED,,-13.443167444357462,step5_outside_pm10_escalate,ci_no_overlap_escalate,10.705818981968568,reject_null,reject the null hypothesis and conclude there is statistical evidence that the level of vertical inequity present is outside of acceptable limits,1.0877103312643501,1.1285667713328762,0.9719139185844133,0.9827536172445778,0.9803707142493931,-13.443167444357456,step5_outside_pm10_escalate,ci_no_overlap_escalate,10.705818981968548,reject_null,reject the null hypothesis and conclude there is statistical evidence that the level of vertical inequity present is outside of acceptable limits,1.183327958683299,1.2277759761707836,1.0573522014427468,1.0691447882368472,1.0665524107848885,True,3.964147988380177e-16
fit:LGBSmoothPenalty:668324412c04438f,Surrogate,2.559547922699536,,fold_7,1.0879072531266702,ED2_APPLIED,,-16.848364505848224,step5_outside_pm10_escalate,ci_no_overlap_escalate,14.296305383847995,reject_null,reject the null hypothesis and conclude there is statistical evidence that the level of vertical inequity present is outside of acceptable limits,1.0894162914020469,1.1288274254562929,0.9423537634071784,0.9528600877855473,0.955185273048106,-16.8483645058482,step5_outside_pm10_escalate,ci_no_overlap_escalate,14.29630538384797,reject_null,reject the null hypothesis and conclude there is statistical evidence that the level of vertical inequity present is outside of acceptable limits,1.1851838850906442,1.2280595436822057,1.025193494221883,1.0366234007168122,1.039152986628813,True,1.476048060508855e-15
fit:LGBSmoothPenalty:668324412c04438f,Surrogate,2.559547922699536,,pooled_oof,1.0879072531266702,NOT_APPLICABLE_FOR_ED2_INFERENCE,"ED2 App. D.2 is a rank-based order-statistic CI on distinct observations and has no row-balanced analogue; the pooled-OOF sample contains 20,988 unique rows twice, so the ED2 procedure is not applied there. No weighted variant was invented.",,,,,,,,,,,,,,,,,,,,,,,,
fit:LGBSmoothPenalty:668324412c04438f,Surrogate,2.559547922699536,,heldout,1.0879072531266702,ED2_APPLIED,,-4.866043697877179,step5_within_pm10_stop,not_run,,not_run,fail to reject the null hypothesis that the degree of vertical inequity is acceptable,0.9563915383858255,0.9886879750635243,0.9219747789154308,0.9313005057375392,0.9263135287059081,-4.866043697877156,step5_within_pm10_stop,not_run,,not_run,fail to reject the null hypothesis that the degree of vertical inequity is acceptable,1.0404652914389132,1.0756008191507282,1.0030230491819547,1.0131685750324047,1.007743206548517,True,4.5631444909115534e-15
fit:LGBSmoothPenalty:668324412c04438f,Surrogate,2.559547922699536,,forward_2025,1.0879072531266702,ED2_APPLIED,,-9.05444460454458,step5_within_pm10_stop,not_run,,not_run,fail to reject the null hypothesis that the degree of vertical inequity is acceptable,0.9965148987528296,1.0397292752866953,0.9240730214104613,0.9351632233951019,0.9499976533353462,-9.054444604544567,step5_within_pm10_stop,not_run,,not_run,fail to reject the null hypothesis that the degree of vertical inequity is acceptable,1.0841157862019923,1.1311290198725314,1.0053057424111171,1.0173708535888475,1.0335093375168387,True,1.3733032139332617e-15
posthoc:C:b=1.0691861972161865,C-posthoc,,1.0691861972161865,fold_1,1.052383210862212,ED2_APPLIED,,-5.77702944762352,step5_within_pm10_stop,not_run,,not_run,fail to reject the null hypothesis that the degree of vertical inequity is acceptable,1.0773322259922926,1.1670724086460114,1.0422585572248118,1.075531094282698,0.9750406739204733,-5.777029447623538,step5_within_pm10_stop,not_run,,not_run,fail to reject the null hypothesis that the degree of vertical inequity is acceptable,1.1337663471551025,1.2282074087195842,1.0968554070008634,1.1318708663833736,1.026116435141682,True,3.0748620125711585e-15
posthoc:C:b=1.0691861972161865,C-posthoc,,1.0691861972161865,fold_2,1.052383210862212,ED2_APPLIED,,-7.459444631380383,step5_within_pm10_stop,not_run,,not_run,fail to reject the null hypothesis that the degree of vertical inequity is acceptable,1.1046295689458752,1.1716107804692226,1.053019714151091,1.0759403010814983,1.000199617446356,-7.459444631380373,step5_within_pm10_stop,not_run,,not_run,fail to reject the null hypothesis that the degree of vertical inequity is acceptable,1.1624936125806005,1.2329835150309818,1.1081802678795332,1.1323015087482013,1.0525932849113515,True,1.3097439688205622e-15
posthoc:C:b=1.0691861972161865,C-posthoc,,1.0691861972161865,fold_3,1.052383210862212,ED2_APPLIED,,-4.670085144201244,step5_within_pm10_stop,not_run,,not_run,fail to reject the null hypothesis that the degree of vertical inequity is acceptable,1.0811793514707302,1.1441207076463265,1.0615515823015498,1.0796974508174204,0.9943837777787216,-4.670085144201263,step5_within_pm10_stop,not_run,,not_run,fail to reject the null hypothesis that the degree of vertical inequity is acceptable,1.1378149974186904,1.2040534239267864,1.1171590626783658,1.1362554700509815,1.0464727928880666,True,3.9938772501529544e-15
posthoc:C:b=1.0691861972161865,C-posthoc,,1.0691861972161865,fold_4,1.052383210862212,ED2_APPLIED,,1.9200636197173029,step5_within_pm10_stop,not_run,,not_run,fail to reject the null hypothesis that the degree of vertical inequity is acceptable,1.0008409584025981,1.0458965257003248,1.038439432225711,1.0490978523744785,0.9668401489213684,1.9200636197173389,step5_within_pm10_stop,not_run,,not_run,fail to reject the null hypothesis that the degree of vertical inequity is acceptable,1.053268221366139,1.1006839439461389,1.0928362239716252,1.1040529663905039,1.0174863403123682,True,1.8734392771397457e-14
posthoc:C:b=1.0691861972161865,C-posthoc,,1.0691861972161865,fold_5,1.052383210862212,ED2_APPLIED,,-4.2687659691976965,step5_within_pm10_stop,not_run,,not_run,fail to reject the null hypothesis that the degree of vertical inequity is acceptable,1.075039324248325,1.1158915355974315,1.047265900860167,1.0631882638281172,0.9937187936014855,-4.268765969197686,step5_within_pm10_stop,not_run,,not_run,fail to reject the null hypothesis that the degree of vertical inequity is acceptable,1.1313533358555943,1.1743455172059885,1.1021250513737286,1.1188814788384538,1.0457729747044542,True,2.4967733329275657e-15
posthoc:C:b=1.0691861972161865,C-posthoc,,1.0691861972161865,fold_6,1.052383210862212,ED2_APPLIED,,-15.307407108978332,step5_outside_pm10_escalate,ci_no_overlap_escalate,12.32447857090026,reject_null,reject the null hypothesis and conclude there is statistical evidence that the level of vertical inequity present is outside of acceptable limits,1.1793162691885746,1.2188047253206487,1.044349985231003,1.0555062672905198,1.004586126591893,-15.307407108978328,step5_outside_pm10_escalate,ci_no_overlap_escalate,12.324478570900276,reject_null,reject the null hypothesis and conclude there is statistical evidence that the level of vertical inequity present is outside of acceptable limits,1.241092641990716,1.2826496302469796,1.0990563907213058,1.1107970746563844,1.0572095734904083,True,2.320911473450464e-16
posthoc:C:b=1.0691861972161865,C-posthoc,,1.0691861972161865,fold_7,1.052383210862212,ED2_APPLIED,,-17.439944583527915,step5_outside_pm10_escalate,ci_no_overlap_escalate,13.947847054696728,reject_null,reject the null hypothesis and conclude there is statistical evidence that the level of vertical inequity present is outside of acceptable limits,1.1720847396603773,1.2186578037748728,1.025354781675478,1.036034364343475,0.9754220474556272,-17.439944583527932,step5_outside_pm10_escalate,ci_no_overlap_escalate,13.947847054696703,reject_null,reject the null hypothesis and conclude there is statistical evidence that the level of vertical inequity present is outside of acceptable limits,1.2334823017263867,1.2824950124788914,1.0790661574125613,1.0903051709113765,1.0265177862471453,True,1.0185564701151776e-15
posthoc:C:b=1.0691861972161865,C-posthoc,,1.0691861972161865,pooled_oof,1.052383210862212,NOT_APPLICABLE_FOR_ED2_INFERENCE,"ED2 App. D.2 is a rank-based order-statistic CI on distinct observations and has no row-balanced analogue; the pooled-OOF sample contains 20,988 unique rows twice, so the ED2 procedure is not applied there. No weighted variant was invented.",,,,,,,,,,,,,,,,,,,,,,,,
posthoc:C:b=1.0691861972161865,C-posthoc,,1.0691861972161865,heldout,1.052383210862212,ED2_APPLIED,,-8.383082779900139,step5_within_pm10_stop,not_run,,not_run,fail to reject the null hypothesis that the degree of vertical inequity is acceptable,1.062939953487467,1.1050114312202575,0.9971771807865516,1.0087512874969544,0.9535163729867429,-8.383082779900159,step5_within_pm10_stop,not_run,,not_run,fail to reject the null hypothesis that the degree of vertical inequity is acceptable,1.11862016120487,1.162895478027022,1.049412523314679,1.0615929188974345,1.0034646222134784,True,2.330875853958288e-15
posthoc:C:b=1.0691861972161865,C-posthoc,,1.0691861972161865,forward_2025,1.052383210862212,ED2_APPLIED,,-10.891282031195928,step5_outside_pm10_escalate,ci_no_overlap_escalate,8.314077148081974,fail_to_reject_null,fail to reject the null hypothesis that the level of vertical inequity present is within acceptable limits,1.1059343620982385,1.1406644937970727,1.0107554825742433,1.02473132177442,0.9766933705029626,-10.891282031195935,step5_outside_pm10_escalate,ci_no_overlap_escalate,8.314077148081985,fail_to_reject_null,fail to reject the null hypothesis that the level of vertical inequity present is within acceptable limits,1.1638667549877957,1.2004161624986824,1.063702100148066,1.078410038680042,1.027855705277743,True,6.5239586462355e-16
posthoc:A:b=1.0691027398736879,A-posthoc,,1.0691027398736879,fold_1,1.0523283774569256,ED2_APPLIED,,-9.807014434130263,step5_within_pm10_stop,not_run,,not_run,fail to reject the null hypothesis that the degree of vertical inequity is acceptable,1.0967043188871581,1.1747671282509509,1.0447065260657566,1.0745422222761793,0.9752670891666666,-9.807014434130233,step5_within_pm10_stop,not_run,,not_run,fail to reject the null hypothesis that the degree of vertical inequity is acceptable,1.1540930764445256,1.2362407859620548,1.0993743234934388,1.1307712732768507,1.0263012335298969,True,3.0792313473822656e-15
posthoc:A:b=1.0691027398736879,A-posthoc,,1.0691027398736879,fold_2,1.0523283774569256,ED2_APPLIED,,-8.223581995150226,step5_within_pm10_stop,not_run,,not_run,fail to reject the null hypothesis that the degree of vertical inequity is acceptable,1.117921874757473,1.1797068225109675,1.0574361016024114,1.07735313505383,1.000786207415119,-8.22358199515024,step5_within_pm10_stop,not_run,,not_run,fail to reject the null hypothesis that the degree of vertical inequity is acceptable,1.1764209125871357,1.2414389664078316,1.112770017063642,1.1337292765593288,1.053155725830422,True,1.7280614121173365e-15
posthoc:A:b=1.0691027398736879,A-posthoc,,1.0691027398736879,fold_3,1.0523283774569256,ED2_APPLIED,,-4.605080768696068,step5_within_pm10_stop,not_run,,not_run,fail to reject the null hypothesis that the degree of vertical inequity is acceptable,1.0795469216429243,1.1358769838352465,1.0569011096341117,1.075594655622004,0.9953310730117629,-4.605080768696085,step5_within_pm10_stop,not_run,,not_run,fail to reject the null hypothesis that the degree of vertical inequity is acceptable,1.1360378604411172,1.195315583390011,1.1122070298336888,1.131878778752044,1.047415133094929,True,3.664515525768001e-15
posthoc:A:b=1.0691027398736879,A-posthoc,,1.0691027398736879,fold_4,1.0523283774569256,ED2_APPLIED,,1.8047136976896234,step5_within_pm10_stop,not_run,,not_run,fail to reject the null hypothesis that the degree of vertical inequity is acceptable,0.9973385571385752,1.0541698584878667,1.036207661318294,1.053199105362735,0.9695008191099889,1.8047136976896425,step5_within_pm10_stop,not_run,,not_run,fail to reject the null hypothesis that the degree of vertical inequity is acceptable,1.0495276656088681,1.1093328567465333,1.0904307269435154,1.1083113056854523,1.0202332239171747,True,1.0581088871879785e-14
posthoc:A:b=1.0691027398736879,A-posthoc,,1.0691027398736879,fold_5,1.0523283774569256,ED2_APPLIED,,-5.731021166787084,step5_within_pm10_stop,not_run,,not_run,fail to reject the null hypothesis that the degree of vertical inequity is acceptable,1.0834295481365865,1.1242609187505217,1.0439214833731143,1.0574545896906493,0.9933455375655181,-5.731021166787064,step5_within_pm10_stop,not_run,,not_run,fail to reject the null hypothesis that the degree of vertical inequity is acceptable,1.1401236584794638,1.1830916684669688,1.0985482007904561,1.1127894726035399,1.0453256978003989,True,3.4095014945403174e-15
posthoc:A:b=1.0691027398736879,A-posthoc,,1.0691027398736879,fold_6,1.0523283774569256,ED2_APPLIED,,-15.080404154778027,step5_outside_pm10_escalate,ci_no_overlap_escalate,11.990124778271346,reject_null,reject the null hypothesis and conclude there is statistical evidence that the level of vertical inequity present is outside of acceptable limits,1.1727849968729769,1.2165832719974672,1.0389368281562457,1.0528025408197628,1.0006772929556815,-15.080404154778018,step5_outside_pm10_escalate,ci_no_overlap_escalate,11.99012477827134,reject_null,reject the null hypothesis and conclude there is statistical evidence that the level of vertical inequity present is outside of acceptable limits,1.234154932865165,1.280245100662332,1.0933027066539065,1.1078939895633895,1.0530411120540408,True,5.889619472955025e-16
posthoc:A:b=1.0691027398736879,A-posthoc,,1.0691027398736879,fold_7,1.0523283774569256,ED2_APPLIED,,-17.73486404916076,step5_outside_pm10_escalate,ci_no_overlap_escalate,15.360666695599784,reject_null,reject the null hypothesis and conclude there is statistical evidence that the level of vertical inequity present is outside of acceptable limits,1.184603912637469,1.2256677851686724,1.0233360007538341,1.034500332144874,0.9771944373716126,-17.734864049160738,step5_outside_pm10_escalate,ci_no_overlap_escalate,15.360666695599749,reject_null,reject the null hypothesis and conclude there is statistical evidence that the level of vertical inequity present is outside of acceptable limits,1.246592313314913,1.2898049916677723,1.0768855132665411,1.088634056004666,1.0283294367392024,True,1.2019422316243651e-15
posthoc:A:b=1.0691027398736879,A-posthoc,,1.0691027398736879,pooled_oof,1.0523283774569256,NOT_APPLICABLE_FOR_ED2_INFERENCE,"ED2 App. D.2 is a rank-based order-statistic CI on distinct observations and has no row-balanced analogue; the pooled-OOF sample contains 20,988 unique rows twice, so the ED2 procedure is not applied there. No weighted variant was invented.",,,,,,,,,,,,,,,,,,,,,,,,
posthoc:A:b=1.0691027398736879,A-posthoc,,1.0691027398736879,heldout,1.0523283774569256,ED2_APPLIED,,-8.780759937293478,step5_within_pm10_stop,not_run,,not_run,fail to reject the null hypothesis that the degree of vertical inequity is acceptable,1.0689855651226958,1.114561259174637,1.0029988305472488,1.0152931644066545,0.9543862327412092,-8.780759937293466,step5_within_pm10_stop,not_run,,not_run,fail to reject the null hypothesis that the degree of vertical inequity is acceptable,1.1249238452704409,1.1728844414435935,1.05548413194098,1.0684218083431622,1.0043277157677841,True,1.416107257754558e-15
posthoc:A:b=1.0691027398736879,A-posthoc,,1.0691027398736879,forward_2025,1.0523283774569256,ED2_APPLIED,,-10.851890439882302,step5_outside_pm10_escalate,ci_no_overlap_escalate,7.941610153507715,fail_to_reject_null,fail to reject the null hypothesis that the level of vertical inequity present is within acceptable limits,1.1034255960372443,1.1516338323373743,1.0118610618920145,1.025442193498726,0.9819595904499806,-10.851890439882302,step5_outside_pm10_escalate,ci_no_overlap_escalate,7.9416101535077255,fail_to_reject_null,fail to reject the null hypothesis that the level of vertical inequity present is within acceptable limits,1.1611660671223143,1.21189696220809,1.0648101094726652,1.0791019196603848,1.033343942546495,True,0.0
fit:LGBSmoothPenalty:5625c32dd0094442,Surrogate,5.963623316594643,,fold_1,1.1008372779673066,ED2_APPLIED,,-15.964277293506264,step5_outside_pm10_escalate,ci_no_overlap_escalate,8.527074123537169,fail_to_reject_null,fail to reject the null hypothesis that the level of vertical inequity present is within acceptable limits,1.0563666499365816,1.1458950025288384,0.9492548671186836,0.9753552373783805,0.9500493532076423,-15.964277293506285,step5_outside_pm10_escalate,ci_no_overlap_escalate,8.527074123537144,fail_to_reject_null,fail to reject the null hypothesis that the level of vertical inequity present is within acceptable limits,1.1628877874516286,1.2614439354201863,1.0449751440161488,1.0737074045667723,1.0458497439197008,True,1.3352487983576781e-15
fit:LGBSmoothPenalty:5625c32dd0094442,Surrogate,5.963623316594643,,fold_2,1.1008372779673066,ED2_APPLIED,,-16.014240091077717,step5_outside_pm10_escalate,ci_no_overlap_escalate,11.253927179379776,reject_null,reject the null hypothesis and conclude there is statistical evidence that the level of vertical inequity present is outside of acceptable limits,1.0896421961101421,1.1467027643608767,0.9601356301522342,0.9791367731148038,0.981927652755866,-16.014240091077724,step5_outside_pm10_escalate,ci_no_overlap_escalate,11.253927179379785,reject_null,reject the null hypothesis and conclude there is statistical evidence that the level of vertical inequity present is outside of acceptable limits,1.1995187491242068,1.262333149756613,1.05695309357621,1.0778702600733927,1.0809425644205939,True,4.436943193801477e-16
fit:LGBSmoothPenalty:5625c32dd0094442,Surrogate,5.963623316594643,,fold_3,1.1008372779673066,ED2_APPLIED,,-4.883376216737072,step5_within_pm10_stop,not_run,,not_run,fail to reject the null hypothesis that the degree of vertical inequity is acceptable,0.9977531111466879,1.0529727753921783,0.9682528089279712,0.9841592991290542,0.9664925787271494,-4.883376216737068,step5_within_pm10_stop,not_run,,not_run,fail to reject the null hypothesis that the degree of vertical inequity is acceptable,1.098363818958131,1.1591516838364055,1.0658887865644662,1.08339924393944,1.0639510595415977,True,9.093897134691578e-16
fit:LGBSmoothPenalty:5625c32dd0094442,Surrogate,5.963623316594643,,fold_4,1.1008372779673066,ED2_APPLIED,,4.347051995366036,step5_within_pm10_stop,not_run,,not_run,fail to reject the null hypothesis that the degree of vertical inequity is acceptable,0.9011117346605476,0.9408680501187031,0.9518672080107409,0.9655240337105276,0.9483733761289388,4.347051995366055,step5_within_pm10_stop,not_run,,not_run,fail to reject the null hypothesis that the degree of vertical inequity is acceptable,0.9919773891281147,1.0357426232190803,1.0478509062528838,1.0628848490819107,1.0440047658744454,True,4.290665681842642e-15
fit:LGBSmoothPenalty:5625c32dd0094442,Surrogate,5.963623316594643,,fold_5,1.1008372779673066,ED2_APPLIED,,-2.5600484550412546,step5_within_pm10_stop,not_run,,not_run,fail to reject the null hypothesis that the degree of vertical inequity is acceptable,0.9807746370873556,1.0187470421406999,0.9680216620399895,0.979638122143894,0.9732528844998821,-2.5600484550412417,step5_within_pm10_stop,not_run,,not_run,fail to reject the null hypothesis that the degree of vertical inequity is acceptable,1.0796732817906172,1.1214747208074127,1.0656343314534897,1.0784221637738878,1.0713930561466793,True,5.030602862336948e-15
fit:LGBSmoothPenalty:5625c32dd0094442,Surrogate,5.963623316594643,,fold_6,1.1008372779673066,ED2_APPLIED,,-9.189029671518314,step5_within_pm10_stop,not_run,,not_run,fail to reject the null hypothesis that the degree of vertical inequity is acceptable,1.0505793747435042,1.0870199090404609,0.9747376771691871,0.9847625854077283,0.9828956611663878,-9.189029671518334,step5_within_pm10_stop,not_run,,not_run,fail to reject the null hypothesis that the degree of vertical inequity is acceptable,1.1565169391812338,1.19663203776437,1.073027571267103,1.0840633639642905,1.0820081841642821,True,2.1264405418090405e-15
fit:LGBSmoothPenalty:5625c32dd0094442,Surrogate,5.963623316594643,,fold_7,1.1008372779673066,ED2_APPLIED,,-10.914799860545044,step5_outside_pm10_escalate,ci_no_overlap_escalate,8.414238595489424,fail_to_reject_null,fail to reject the null hypothesis that the level of vertical inequity present is within acceptable limits,1.039858136243458,1.0770558884982369,0.9480646173494026,0.959358602567093,0.9567060972043024,-10.914799860545035,step5_outside_pm10_escalate,ci_no_overlap_escalate,8.414238595489403,fail_to_reject_null,fail to reject the null hypothesis that the level of vertical inequity present is within acceptable limits,1.1447146001744046,1.1856632725130576,1.0436648727000322,1.0560977126444777,1.0531777358611094,True,8.137377057280948e-16
fit:LGBSmoothPenalty:5625c32dd0094442,Surrogate,5.963623316594643,,pooled_oof,1.1008372779673066,NOT_APPLICABLE_FOR_ED2_INFERENCE,"ED2 App. D.2 is a rank-based order-statistic CI on distinct observations and has no row-balanced analogue; the pooled-OOF sample contains 20,988 unique rows twice, so the ED2 procedure is not applied there. No weighted variant was invented.",,,,,,,,,,,,,,,,,,,,,,,,
fit:LGBSmoothPenalty:5625c32dd0094442,Surrogate,5.963623316594643,,heldout,1.1008372779673066,ED2_APPLIED,,-1.5832090899284574,step5_within_pm10_stop,not_run,,not_run,fail to reject the null hypothesis that the degree of vertical inequity is acceptable,0.9241152629834181,0.951330268392342,0.9202098335661398,0.9291836782493762,0.9231997068293252,-1.5832090899284776,step5_within_pm10_stop,not_run,,not_run,fail to reject the null hypothesis that the degree of vertical inequity is acceptable,1.0173005306307075,1.0472598231049328,1.0130012883416974,1.0228800310956925,1.0162926522862095,True,1.2762722988844719e-14
fit:LGBSmoothPenalty:5625c32dd0094442,Surrogate,5.963623316594643,,forward_2025,1.1008372779673066,ED2_APPLIED,,-4.383381632513736,step5_within_pm10_stop,not_run,,not_run,fail to reject the null hypothesis that the degree of vertical inequity is acceptable,0.9478138875089739,0.9857695919541807,0.9218112644207012,0.9322566700282824,0.948341111089424,-4.383381632513737,step5_within_pm10_stop,not_run,,not_run,fail to reject the null hypothesis that the degree of vertical inequity is acceptable,1.0433888599449894,1.0851719143097824,1.0147642031244855,1.0262628950007995,1.0439692473161724,True,4.052480455327281e-16
posthoc:C:b=1.090830469094053,C-posthoc,,1.090830469094053,fold_1,1.0497715045425382,ED2_APPLIED,,1.4584186165596953,step5_within_pm10_stop,not_run,,not_run,fail to reject the null hypothesis that the degree of vertical inequity is acceptable,1.0442463807625386,1.1332414699453153,1.0731502257010346,1.1100061735510802,0.9800913138519266,1.4584186165597393,step5_within_pm10_stop,not_run,,not_run,fail to reject the null hypothesis that the degree of vertical inequity is acceptable,1.0962200942461897,1.1896446029144907,1.1265625270343391,1.1652528508602227,1.0288719331314096,True,3.01455503076792e-14
posthoc:C:b=1.090830469094053,C-posthoc,,1.090830469094053,fold_2,1.0497715045425382,ED2_APPLIED,,-1.2599873970952271,step5_within_pm10_stop,not_run,,not_run,fail to reject the null hypothesis that the degree of vertical inequity is acceptable,1.081277755796815,1.1424076686278206,1.0854263094410082,1.1081860305739704,1.0083242979071103,-1.2599873970952378,step5_within_pm10_stop,not_run,,not_run,fail to reject the null hypothesis that the degree of vertical inequity is acceptable,1.135094576531201,1.1992670170963602,1.1394496099319413,1.1633421166286597,1.0585101152807452,True,8.458926701150158e-15
posthoc:C:b=1.090830469094053,C-posthoc,,1.090830469094053,fold_3,1.0497715045425382,ED2_APPLIED,,1.5138158990106876,step5_within_pm10_stop,not_run,,not_run,fail to reject the null hypothesis that the degree of vertical inequity is acceptable,1.0523810719071018,1.1139868720119832,1.093477729769471,1.1114018091558833,1.0016479093362194,1.5138158990107062,step5_within_pm10_stop,not_run,,not_run,fail to reject the null hypothesis that the degree of vertical inequity is acceptable,1.1047596612080066,1.169431674672655,1.1479017615638563,1.16671794934887,1.0515014328057704,True,1.2321013952814184e-14
posthoc:C:b=1.090830469094053,C-posthoc,,1.090830469094053,fold_4,1.0497715045425382,ED2_APPLIED,,7.47638869982175,step5_within_pm10_stop,not_run,,not_run,fail to reject the null hypothesis that the degree of vertical inequity is acceptable,0.981344874435951,1.023337786777622,1.0681007269064582,1.0808319710888343,0.9731496754673676,7.476388699821735,step5_within_pm10_stop,not_run,,not_run,fail to reject the null hypothesis that the degree of vertical inequity is acceptable,1.030187885311736,1.0742708480807748,1.1212617070875708,1.1346266044476023,1.0215847989604607,True,2.019562350371392e-15
posthoc:C:b=1.090830469094053,C-posthoc,,1.090830469094053,fold_5,1.0497715045425382,ED2_APPLIED,,1.1169282224986663,step5_within_pm10_stop,not_run,,not_run,fail to reject the null hypothesis that the degree of vertical inequity is acceptable,1.0572340959040694,1.0954091120566518,1.0820744954741228,1.0977642831036936,1.00108308169575,1.1169282224986643,step5_within_pm10_stop,not_run,,not_run,fail to reject the null hypothesis that the degree of vertical inequity is acceptable,1.1098542275108845,1.1499292716533165,1.1359309711409773,1.1524016631068248,1.0509084928438277,True,1.789194152382221e-15
posthoc:C:b=1.090830469094053,C-posthoc,,1.090830469094053,fold_6,1.0497715045425382,ED2_APPLIED,,-9.930695496829182,step5_within_pm10_stop,not_run,,not_run,fail to reject the null hypothesis that the degree of vertical inequity is acceptable,1.1593072894318295,1.1997360417226242,1.0771863821281833,1.0891999116670352,1.0129703407240727,-9.930695496829177,step5_within_pm10_stop,not_run,,not_run,fail to reject the null hypothesis that the degree of vertical inequity is acceptable,1.2170077574539828,1.259448709573068,1.130799569039436,1.1434110300183027,1.0633873986388769,True,5.366261124311278e-16
posthoc:C:b=1.090830469094053,C-posthoc,,1.090830469094053,fold_7,1.0497715045425382,ED2_APPLIED,,-11.556470314955407,step5_outside_pm10_escalate,ci_no_overlap_escalate,8.523991371273766,fail_to_reject_null,fail to reject the null hypothesis that the level of vertical inequity present is within acceptable limits,1.152930790136819,1.1968456934836125,1.0578165393565946,1.069175420157653,0.9825839366922091,-11.556470314955375,step5_outside_pm10_escalate,ci_no_overlap_escalate,8.523991371273773,fail_to_reject_null,fail to reject the null hypothesis that the level of vertical inequity present is within acceptable limits,1.2103138901953454,1.2564145043535488,1.1104656600503526,1.1223898894387994,1.03148861756071,True,2.7667983595151813e-15
posthoc:C:b=1.090830469094053,C-posthoc,,1.090830469094053,pooled_oof,1.0497715045425382,NOT_APPLICABLE_FOR_ED2_INFERENCE,"ED2 App. D.2 is a rank-based order-statistic CI on distinct observations and has no row-balanced analogue; the pooled-OOF sample contains 20,988 unique rows twice, so the ED2 procedure is not applied there. No weighted variant was invented.",,,,,,,,,,,,,,,,,,,,,,,,
posthoc:C:b=1.090830469094053,C-posthoc,,1.090830469094053,heldout,1.0497715045425382,ED2_APPLIED,,-2.937752311557076,step5_within_pm10_stop,not_run,,not_run,fail to reject the null hypothesis that the degree of vertical inequity is acceptable,1.0438613196706186,1.0842174906344322,1.0296045554437065,1.0413372264461482,0.9617750757765854,-2.9377523115570834,step5_within_pm10_stop,not_run,,not_run,fail to reject the null hypothesis that the degree of vertical inequity is acceptable,1.0958158680843841,1.1381806263946426,1.0808495232519904,1.0931661469425265,1.0096440683294992,True,2.5698274622238824e-15
posthoc:C:b=1.090830469094053,C-posthoc,,1.090830469094053,forward_2025,1.0497715045425382,ED2_APPLIED,,-5.178285873079069,step5_within_pm10_stop,not_run,,not_run,fail to reject the null hypothesis that the degree of vertical inequity is acceptable,1.0897409015887323,1.1227840197741146,1.0450552597440892,1.0613403713444225,0.986520533125695,-5.178285873079083,step5_within_pm10_stop,not_run,,not_run,fail to reject the null hypothesis that the degree of vertical inequity is acceptable,1.143978945822345,1.1786666697145907,1.097069232351645,1.11416487845797,1.0356211443214671,True,2.5727966014321377e-15
posthoc:A:b=1.0907453222671446,A-posthoc,,1.0907453222671446,fold_1,1.0497122574250095,ED2_APPLIED,,-2.0565288383125915,step5_within_pm10_stop,not_run,,not_run,fail to reject the null hypothesis that the degree of vertical inequity is acceptable,1.0612331181049766,1.1361363410804897,1.0788080626900394,1.1093586201435044,0.978928778262388,-2.056528838312598,step5_within_pm10_stop,not_run,,not_run,fail to reject the null hypothesis that the degree of vertical inequity is acceptable,1.1139894120601557,1.1926162433381904,1.1324380468146613,1.1645073414447304,1.027593537688117,True,3.239117304679595e-15
posthoc:A:b=1.0907453222671446,A-posthoc,,1.0907453222671446,fold_2,1.0497122574250095,ED2_APPLIED,,-2.262497043487612,step5_within_pm10_stop,not_run,,not_run,fail to reject the null hypothesis that the degree of vertical inequity is acceptable,1.0871083737521012,1.1509773959481926,1.0920532846958582,1.1148287621148447,1.0086681975267104,-2.262497043487624,step5_within_pm10_stop,not_run,,not_run,fail to reject the null hypothesis that the degree of vertical inequity is acceptable,1.1411509850769481,1.2081950805459352,1.146341718706485,1.1702494165219017,1.0588113706185778,True,5.299635064923055e-15
posthoc:A:b=1.0907453222671446,A-posthoc,,1.0907453222671446,fold_3,1.0497122574250095,ED2_APPLIED,,1.5252821341221718,step5_within_pm10_stop,not_run,,not_run,fail to reject the null hypothesis that the degree of vertical inequity is acceptable,1.056562936336945,1.1093885620968216,1.08903401603995,1.1094534221274286,1.0018199472291536,1.5252821341221834,step5_within_pm10_stop,not_run,,not_run,fail to reject the null hypothesis that the degree of vertical inequity is acceptable,1.1090870650138502,1.164538771880139,1.143172355389919,1.1646068562492842,1.0516226783393177,True,7.569956533154274e-15
posthoc:A:b=1.0907453222671446,A-posthoc,,1.0907453222671446,fold_4,1.0497122574250095,ED2_APPLIED,,7.589207749114474,step5_within_pm10_stop,not_run,,not_run,fail to reject the null hypothesis that the degree of vertical inequity is acceptable,0.9771673492575945,1.029934705368733,1.0685568388345736,1.0846243466486656,0.9763109269376412,7.589207749114486,step5_within_pm10_stop,not_run,,not_run,fail to reject the null hypothesis that the degree of vertical inequity is acceptable,1.0257445440712014,1.081135084572974,1.1216772114799713,1.1385434713786957,1.024845547064414,True,1.6384447872378562e-15
posthoc:A:b=1.0907453222671446,A-posthoc,,1.0907453222671446,fold_5,1.0497122574250095,ED2_APPLIED,,-0.5417957128993873,step5_within_pm10_stop,not_run,,not_run,fail to reject the null hypothesis that the degree of vertical inequity is acceptable,1.066621800369098,1.1051609303501448,1.0766191574079649,1.0905354743813844,1.0006493070589249,-0.5417957128993625,step5_within_pm10_stop,not_run,,not_run,fail to reject the null hypothesis that the degree of vertical inequity is acceptable,1.1196459778841725,1.160100975015773,1.1301403261097254,1.1447484546149356,1.0503938430035946,True,4.590105672582488e-14
posthoc:A:b=1.0907453222671446,A-posthoc,,1.0907453222671446,fold_6,1.0497122574250095,ED2_APPLIED,,-9.593323642138794,step5_within_pm10_stop,not_run,,not_run,fail to reject the null hypothesis that the degree of vertical inequity is acceptable,1.1508098400710962,1.1949741687190114,1.07077902053815,1.0861496254399703,1.0087510669013042,-9.593323642138776,step5_within_pm10_stop,not_run,,not_run,fail to reject the null hypothesis that the degree of vertical inequity is acceptable,1.2080191950879435,1.2543790322106065,1.124009862852441,1.1401445752219188,1.058898359616854,True,1.851659451576908e-15
posthoc:A:b=1.0907453222671446,A-posthoc,,1.0907453222671446,fold_7,1.0497122574250095,ED2_APPLIED,,-12.149081793267252,step5_outside_pm10_escalate,ci_no_overlap_escalate,9.513792538840889,fail_to_reject_null,fail to reject the null hypothesis that the level of vertical inequity present is within acceptable limits,1.1616349764253262,1.2045899886421494,1.0567612551852126,1.0679534766584216,0.9846914296737261,-12.14908179326724,step5_outside_pm10_escalate,ci_no_overlap_escalate,9.513792538840864,fail_to_reject_null,fail to reject the null hypothesis that the level of vertical inequity present is within acceptable limits,1.2193824734072758,1.2644728762491162,1.1092952427397549,1.1210438548079982,1.033642663509866,True,1.023492811011666e-15
posthoc:A:b=1.0907453222671446,A-posthoc,,1.0907453222671446,pooled_oof,1.0497122574250095,NOT_APPLICABLE_FOR_ED2_INFERENCE,"ED2 App. D.2 is a rank-based order-statistic CI on distinct observations and has no row-balanced analogue; the pooled-OOF sample contains 20,988 unique rows twice, so the ED2 procedure is not applied there. No weighted variant was invented.",,,,,,,,,,,,,,,,,,,,,,,,
posthoc:A:b=1.0907453222671446,A-posthoc,,1.0907453222671446,heldout,1.0497122574250095,ED2_APPLIED,,-3.4192062438476656,step5_within_pm10_stop,not_run,,not_run,fail to reject the null hypothesis that the degree of vertical inequity is acceptable,1.0503716482425436,1.095594742692087,1.0348676445543996,1.0483759601444618,0.9624724727235343,-3.41920624384764,step5_within_pm10_stop,not_run,,not_run,fail to reject the null hypothesis that the degree of vertical inequity is acceptable,1.1025879940119074,1.150059230574282,1.0863132513013,1.100493095753354,1.0103191520520511,True,7.53308584928145e-15
posthoc:A:b=1.0907453222671446,A-posthoc,,1.0907453222671446,forward_2025,1.0497122574250095,ED2_APPLIED,,-5.479754592867108,step5_within_pm10_stop,not_run,,not_run,fail to reject the null hypothesis that the degree of vertical inequity is acceptable,1.0858141263033867,1.133054993966326,1.0471618348917162,1.0603836492095537,0.9923584442445291,-5.47975459286712,step5_within_pm10_stop,not_run,,not_run,fail to reject the null hypothesis that the degree of vertical inequity is acceptable,1.1397923976658912,1.1893817155030715,1.0992186135934976,1.1130977141483291,1.041690822682694,True,2.107086961728405e-15
fit:LGBSmoothPenalty:6443da161c33cd6d,Surrogate,28.11768697974231,,fold_1,1.1294107489599283,ED2_APPLIED,,-13.486506743063483,step5_outside_pm10_escalate,ci_no_overlap_escalate,9.047822644249742,fail_to_reject_null,fail to reject the null hypothesis that the level of vertical inequity present is within acceptable limits,1.071018086589179,1.1414957592496313,0.9539486796307842,0.985112157002575,0.9494652245554419,-13.486506743063465,step5_outside_pm10_escalate,ci_no_overlap_escalate,9.047822644249734,fail_to_reject_null,fail to reject the null hypothesis that the level of vertical inequity present is within acceptable limits,1.209619339324314,1.2892175803887083,1.0773998927311388,1.1125962590498089,1.0723362303765682,True,1.317136359505314e-15
fit:LGBSmoothPenalty:6443da161c33cd6d,Surrogate,28.11768697974231,,fold_2,1.1294107489599283,ED2_APPLIED,,-13.729045920187133,step5_outside_pm10_escalate,ci_no_overlap_escalate,9.417483232704532,fail_to_reject_null,fail to reject the null hypothesis that the level of vertical inequity present is within acceptable limits,1.0703978002800967,1.135360394806713,0.9583539381103735,0.9781925864881881,0.9790855105714791,-13.729045920187119,step5_outside_pm10_escalate,ci_no_overlap_escalate,9.417483232704527,fail_to_reject_null,fail to reject the null hypothesis that the level of vertical inequity present is within acceptable limits,1.2089187812994038,1.2822882338380899,1.0823752390099337,1.104781221732674,1.105789699790348,True,1.0350941207288427e-15
fit:LGBSmoothPenalty:6443da161c33cd6d,Surrogate,28.11768697974231,,fold_3,1.1294107489599283,ED2_APPLIED,,-1.9151500939258346,step5_within_pm10_stop,not_run,,not_run,fail to reject the null hypothesis that the degree of vertical inequity is acceptable,0.9834463394707403,1.0295668526519919,0.9751544172267113,0.991987582785435,0.9650974500892044,-1.915150093925833,step5_within_pm10_stop,not_run,,not_run,fail to reject the null hypothesis that the degree of vertical inequity is acceptable,1.110714866823549,1.1628038701580026,1.1013498807116027,1.1203614388326473,1.0899914339245655,True,8.115876867327198e-16
fit:LGBSmoothPenalty:6443da161c33cd6d,Surrogate,28.11768697974231,,fold_4,1.1294107489599283,ED2_APPLIED,,7.557064198255486,step5_within_pm10_stop,not_run,,not_run,fail to reject the null hypothesis that the degree of vertical inequity is acceptable,0.8722661708380001,0.9128771223323345,0.9568472020627675,0.9679295236396723,0.9460659773304352,7.5570641982554845,step5_within_pm10_stop,not_run,,not_run,fail to reject the null hypothesis that the degree of vertical inequity is acceptable,0.9851467892985545,1.0310132344417462,1.0806735151219222,1.0931900082343091,1.0684970840222734,True,2.3505911724427514e-16
fit:LGBSmoothPenalty:6443da161c33cd6d,Surrogate,28.11768697974231,,fold_5,1.1294107489599283,ED2_APPLIED,,2.2254758544836744,step5_within_pm10_stop,not_run,,not_run,fail to reject the null hypothesis that the degree of vertical inequity is acceptable,0.9314926611340704,0.9631983397958883,0.9682626508444528,0.9799452550207725,0.9664530280301457,2.2254758544836704,step5_within_pm10_stop,not_run,,not_run,fail to reject the null hypothesis that the degree of vertical inequity is acceptable,1.052037824062107,1.0878465583458339,1.0935662456801591,1.1067607044127385,1.0915224382221176,True,1.7959318141323304e-15
fit:LGBSmoothPenalty:6443da161c33cd6d,Surrogate,28.11768697974231,,fold_6,1.1294107489599283,ED2_APPLIED,,-5.9605197642305185,step5_within_pm10_stop,not_run,,not_run,fail to reject the null hypothesis that the degree of vertical inequity is acceptable,1.0263565538320818,1.058644297987626,0.9828115217910252,0.9941039549718081,0.9846595576860714,-5.9605197642305,step5_within_pm10_stop,not_run,,not_run,fail to reject the null hypothesis that the degree of vertical inequity is acceptable,1.1591781241634225,1.1956442494723627,1.1099978969124489,1.1227516923287368,1.1120850885167777,True,3.129214825464219e-15
fit:LGBSmoothPenalty:6443da161c33cd6d,Surrogate,28.11768697974231,,fold_7,1.1294107489599283,ED2_APPLIED,,-8.216845044261769,step5_within_pm10_stop,not_run,,not_run,fail to reject the null hypothesis that the degree of vertical inequity is acceptable,1.0149810779578907,1.0543923034825227,0.95088837398948,0.9600189521794729,0.9577823776209743,-8.216845044261756,step5_within_pm10_stop,not_run,,not_run,fail to reject the null hypothesis that the degree of vertical inequity is acceptable,1.1463305394365768,1.1908420011737801,1.0739435506447472,1.0842557237967443,1.0817297124495258,True,1.5132934610328792e-15
fit:LGBSmoothPenalty:6443da161c33cd6d,Surrogate,28.11768697974231,,pooled_oof,1.1294107489599283,NOT_APPLICABLE_FOR_ED2_INFERENCE,"ED2 App. D.2 is a rank-based order-statistic CI on distinct observations and has no row-balanced analogue; the pooled-OOF sample contains 20,988 unique rows twice, so the ED2 procedure is not applied there. No weighted variant was invented.",,,,,,,,,,,,,,,,,,,,,,,,
fit:LGBSmoothPenalty:6443da161c33cd6d,Surrogate,28.11768697974231,,heldout,1.1294107489599283,ED2_APPLIED,,3.1794801991264436,step5_within_pm10_stop,not_run,,not_run,fail to reject the null hypothesis that the degree of vertical inequity is acceptable,0.8874180642407202,0.9152894551135985,0.9261445568621994,0.9367164606996797,0.9282300560254256,3.179480199126402,step5_within_pm10_stop,not_run,,not_run,fail to reject the null hypothesis that the degree of vertical inequity is acceptable,1.0022595005746817,1.033737749014974,1.0459976176108976,1.0579376394419187,1.0483530027827923,True,1.3129311431904838e-14
fit:LGBSmoothPenalty:6443da161c33cd6d,Surrogate,28.11768697974231,,forward_2025,1.1294107489599283,ED2_APPLIED,,-0.356684801048217,step5_within_pm10_stop,not_run,,not_run,fail to reject the null hypothesis that the degree of vertical inequity is acceptable,0.9151701212613136,0.9498530869114249,0.9233615260195612,0.9346156569194202,0.9509843799265446,-0.35668480104820927,step5_within_pm10_stop,not_run,,not_run,fail to reject the null hypothesis that the degree of vertical inequity is acceptable,1.0336029720794888,1.0727742862905325,1.042854432662535,1.0555649690710378,1.074051980782032,True,2.1632685212459545e-14
posthoc:C:b=1.125644207469395,C-posthoc,,1.125644207469395,fold_1,1.0460777906127805,ED2_APPLIED,,13.276072718903997,step5_outside_pm10_escalate,ci_no_overlap_escalate,5.607544874032575,fail_to_reject_null,fail to reject the null hypothesis that the level of vertical inequity present is within acceptable limits,0.9895168368139973,1.0771549153604405,1.1325278493852213,1.1700760879078962,0.9874719733622084,13.276072718904015,step5_outside_pm10_escalate,ci_no_overlap_escalate,5.607544874032559,fail_to_reject_null,fail to reject the null hypothesis that the level of vertical inequity present is within acceptable limits,1.0351115864285338,1.1267878340079467,1.1847122304923365,1.2239906088875379,1.0329725001867818,True,1.3380137914361297e-15
posthoc:C:b=1.125644207469395,C-posthoc,,1.125644207469395,fold_2,1.0460777906127805,ED2_APPLIED,,8.422426332982214,step5_within_pm10_stop,not_run,,not_run,fail to reject the null hypothesis that the degree of vertical inequity is acceptable,1.0363722040198338,1.0969551589120174,1.1396389985486284,1.1646534207199928,1.019354876008206,8.422426332982193,step5_within_pm10_stop,not_run,,not_run,fail to reject the null hypothesis that the degree of vertical inequity is acceptable,1.0841259454335659,1.1475004290359754,1.1921510456979114,1.2183180771763877,1.0663244965450296,True,2.5308956386271333e-15
posthoc:C:b=1.125644207469395,C-posthoc,,1.125644207469395,fold_3,1.0460777906127805,ED2_APPLIED,,11.023216377412435,step5_outside_pm10_escalate,ci_no_overlap_escalate,7.173422256012612,fail_to_reject_null,fail to reject the null hypothesis that the level of vertical inequity present is within acceptable limits,1.0102572515817123,1.0749369529088628,1.147560948855978,1.1635244018537676,1.0124037503332972,11.023216377412428,step5_outside_pm10_escalate,ci_no_overlap_escalate,7.173422256012609,fail_to_reject_null,fail to reject the null hypothesis that the level of vertical inequity present is within acceptable limits,1.056807673685138,1.1244676727469383,1.200438021972768,1.2171370356152464,1.059053078356749,True,6.445874882906829e-16
posthoc:C:b=1.125644207469395,C-posthoc,,1.125644207469395,fold_4,1.0460777906127805,ED2_APPLIED,,15.803648469345863,step5_outside_pm10_escalate,ci_no_overlap_escalate,13.12749759345208,reject_null,reject the null hypothesis and conclude there is statistical evidence that the level of vertical inequity present is outside of acceptable limits,0.9460127437768798,0.9905976721471675,1.1196783804070338,1.134515420652994,0.9832849508519506,15.803648469345848,step5_outside_pm10_escalate,ci_no_overlap_escalate,13.127497593452093,reject_null,reject the null hypothesis and conclude there is statistical evidence that the level of vertical inequity present is outside of acceptable limits,0.9896029209016532,1.0362422242658729,1.1712706863730868,1.1867913846528138,1.0285925489300052,True,8.992135419087953e-16
posthoc:C:b=1.125644207469395,C-posthoc,,1.125644207469395,fold_5,1.0460777906127805,ED2_APPLIED,,10.058036743021152,step5_outside_pm10_escalate,ci_no_overlap_escalate,7.18434622598187,fail_to_reject_null,fail to reject the null hypothesis that the level of vertical inequity present is within acceptable limits,1.0273335387774394,1.0646681974122576,1.137489626607647,1.1523579857575206,1.0136124694552442,10.05803674302114,step5_outside_pm10_escalate,ci_no_overlap_escalate,7.184346225981879,fail_to_reject_null,fail to reject the null hypothesis that the level of vertical inequity present is within acceptable limits,1.0746707984667134,1.1137257556847064,1.1899026354466846,1.2054560957362215,1.0603174925853067,True,1.2362748509970922e-15
posthoc:C:b=1.125644207469395,C-posthoc,,1.125644207469395,fold_6,1.0460777906127805,ED2_APPLIED,,-1.240884502476917,step5_within_pm10_stop,not_run,,not_run,fail to reject the null hypothesis that the degree of vertical inequity is acceptable,1.128594636515636,1.1709755041314656,1.1313294467581112,1.1455738017977308,1.0253130833397086,-1.2408845024769022,step5_within_pm10_stop,not_run,,not_run,fail to reject the null hypothesis that the degree of vertical inequity is acceptable,1.1805977838637112,1.2249314682235306,1.1834586081199048,1.198359311568454,1.0725572449063805,True,1.1989019526218025e-14
posthoc:C:b=1.125644207469395,C-posthoc,,1.125644207469395,fold_7,1.0460777906127805,ED2_APPLIED,,-2.464175624719147,step5_within_pm10_stop,not_run,,not_run,fail to reject the null hypothesis that the degree of vertical inequity is acceptable,1.121704411664733,1.1630872162716173,1.1121489109506593,1.1238856634446053,0.9935959941888886,-2.4641756247191653,step5_within_pm10_stop,not_run,,not_run,fail to reject the null hypothesis that the degree of vertical inequity is acceptable,1.1733900726748534,1.216679705487383,1.1633942755996762,1.1756718317175119,1.0393787023628218,True,7.388944773742648e-15
posthoc:C:b=1.125644207469395,C-posthoc,,1.125644207469395,pooled_oof,1.0460777906127805,NOT_APPLICABLE_FOR_ED2_INFERENCE,"ED2 App. D.2 is a rank-based order-statistic CI on distinct observations and has no row-balanced analogue; the pooled-OOF sample contains 20,988 unique rows twice, so the ED2 procedure is not applied there. No weighted variant was invented.",,,,,,,,,,,,,,,,,,,,,,,,
posthoc:C:b=1.125644207469395,C-posthoc,,1.125644207469395,heldout,1.0460777906127805,ED2_APPLIED,,5.711908076933303,step5_within_pm10_stop,not_run,,not_run,fail to reject the null hypothesis that the degree of vertical inequity is acceptable,1.0148576468668513,1.0509302393087496,1.0819290849024519,1.0974962750158537,0.9739509388581766,5.711908076933297,step5_within_pm10_stop,not_run,,not_run,fail to reject the null hypothesis that the degree of vertical inequity is acceptable,1.0616200450209616,1.0993547828242578,1.1317819867344647,1.148066478574341,1.018828446286005,True,9.32975539246056e-16
posthoc:C:b=1.125644207469395,C-posthoc,,1.125644207469395,forward_2025,1.0460777906127805,ED2_APPLIED,,3.123190819505584,step5_within_pm10_stop,not_run,,not_run,fail to reject the null hypothesis that the degree of vertical inequity is acceptable,1.058033000000483,1.0962728031298,1.1035959028329922,1.118685685243529,1.0012500798568815,3.1231908195055773,step5_within_pm10_stop,not_run,,not_run,fail to reject the null hypothesis that the degree of vertical inequity is acceptable,1.1067848230359176,1.1467866318069013,1.1544471637648537,1.1702322500096956,1.0473854713875572,True,2.132863002205373e-15
posthoc:A:b=1.125556343190564,A-posthoc,,1.125556343190564,fold_1,1.0460114171077306,ED2_APPLIED,,10.538676792046333,step5_outside_pm10_escalate,ci_no_overlap_escalate,5.214887695641736,fail_to_reject_null,fail to reject the null hypothesis that the level of vertical inequity present is within acceptable limits,1.011330421222163,1.0814814705144424,1.1329497541931923,1.1736865111027135,0.9869490328960245,10.538676792046315,step5_outside_pm10_escalate,ci_no_overlap_escalate,5.214887695641724,fail_to_reject_null,fail to reject the null hypothesis that the level of vertical inequity present is within acceptable limits,1.0578631670667524,1.131241965548564,1.1850783778954757,1.227689490718777,1.0323599565126746,True,1.6855596527458633e-15
posthoc:A:b=1.125556343190564,A-posthoc,,1.125556343190564,fold_2,1.0460114171077306,ED2_APPLIED,,8.553039401048604,step5_within_pm10_stop,not_run,,not_run,fail to reject the null hypothesis that the degree of vertical inequity is acceptable,1.0493543906919034,1.1028236031642409,1.1480972435075283,1.1725896443360324,1.0188382148245712,8.553039401048599,step5_within_pm10_stop,not_run,,not_run,fail to reject the null hypothesis that the degree of vertical inequity is acceptable,1.0976366732558567,1.1535660799656808,1.2009228246587884,1.2265421555577827,1.0657164048921597,True,6.2306161217349315e-16
posthoc:A:b=1.125556343190564,A-posthoc,,1.125556343190564,fold_3,1.0460114171077306,ED2_APPLIED,,12.218222627643513,step5_outside_pm10_escalate,ci_no_overlap_escalate,8.06707557816355,fail_to_reject_null,fail to reject the null hypothesis that the level of vertical inequity present is within acceptable limits,1.0194500367772366,1.065568493419778,1.1471998412448223,1.16800557893877,1.0119075622150984,12.218222627643543,step5_outside_pm10_escalate,ci_no_overlap_escalate,8.06707557816354,fail_to_reject_null,fail to reject the null hypothesis that the level of vertical inequity present is within acceptable limits,1.0663563776398848,1.114596809827371,1.1999841316462596,1.2217471708154777,1.0584668631346437,True,2.471559668710052e-15
posthoc:A:b=1.125556343190564,A-posthoc,,1.125556343190564,fold_4,1.0460114171077306,ED2_APPLIED,,16.034587754498585,step5_outside_pm10_escalate,ci_no_overlap_escalate,12.328331326827053,reject_null,reject the null hypothesis and conclude there is statistical evidence that the level of vertical inequity present is outside of acceptable limits,0.9482164664121504,0.9986983486025311,1.12028443939257,1.1382144545694262,0.9862331532691817,16.034587754498574,step5_outside_pm10_escalate,ci_no_overlap_escalate,12.328331326827039,reject_null,reject the null hypothesis and conclude there is statistical evidence that the level of vertical inequity present is outside of acceptable limits,0.9918452497566579,1.0446498748848836,1.171830314012761,1.1905853145966676,1.031611138249722,True,6.646969164150358e-16
posthoc:A:b=1.125556343190564,A-posthoc,,1.125556343190564,fold_5,1.0460114171077306,ED2_APPLIED,,8.312965870442973,step5_within_pm10_stop,not_run,,not_run,fail to reject the null hypothesis that the degree of vertical inequity is acceptable,1.033708389762597,1.0735656733562775,1.1303166224838719,1.145425795755064,1.013256662896148,8.312965870443003,step5_within_pm10_stop,not_run,,not_run,fail to reject the null hypothesis that the degree of vertical inequity is acceptable,1.0812707776517239,1.1229619513456144,1.1823240920647782,1.1981284598095039,1.0598780378498491,True,3.632646487479816e-15
posthoc:A:b=1.125556343190564,A-posthoc,,1.125556343190564,fold_6,1.0460114171077306,ED2_APPLIED,,-0.7443480762810432,step5_within_pm10_stop,not_run,,not_run,fail to reject the null hypothesis that the degree of vertical inequity is acceptable,1.1200640347276063,1.1610783877466297,1.125956367658539,1.1423827974728842,1.0210014495834487,-0.7443480762810211,step5_within_pm10_stop,not_run,,not_run,fail to reject the null hypothesis that the degree of vertical inequity is acceptable,1.1715997682168255,1.2145012497400107,1.1777632157359808,1.194945448864105,1.06797917314783,True,2.9681595068298135e-14
posthoc:A:b=1.125556343190564,A-posthoc,,1.125556343190564,fold_7,1.0460114171077306,ED2_APPLIED,,-2.8198836247252936,step5_within_pm10_stop,not_run,,not_run,fail to reject the null hypothesis that the degree of vertical inequity is acceptable,1.1273665843778564,1.168524024402788,1.1099918769970867,1.1236636587147286,0.9960870189640103,-2.8198836247252923,step5_within_pm10_stop,not_run,,not_run,fail to reject the null hypothesis that the degree of vertical inequity is acceptable,1.179238318524983,1.222289470689988,1.161064176235792,1.1753650160046503,1.041918394269159,True,4.724548268122144e-16
posthoc:A:b=1.125556343190564,A-posthoc,,1.125556343190564,pooled_oof,1.0460114171077306,NOT_APPLICABLE_FOR_ED2_INFERENCE,"ED2 App. D.2 is a rank-based order-statistic CI on distinct observations and has no row-balanced analogue; the pooled-OOF sample contains 20,988 unique rows twice, so the ED2 procedure is not applied there. No weighted variant was invented.",,,,,,,,,,,,,,,,,,,,,,,,
posthoc:A:b=1.125556343190564,A-posthoc,,1.125556343190564,heldout,1.0460114171077306,ED2_APPLIED,,5.287632764429346,step5_within_pm10_stop,not_run,,not_run,fail to reject the null hypothesis that the degree of vertical inequity is acceptable,1.0202505470984693,1.0618533846862779,1.0894431308310681,1.1022136262340259,0.9750702055766065,5.287632764429338,step5_within_pm10_stop,not_run,,not_run,fail to reject the null hypothesis that the degree of vertical inequity is acceptable,1.067193720575407,1.1107107636763336,1.1395699531388879,1.1529280371325037,1.0199345675147118,True,1.5117550959808034e-15
posthoc:A:b=1.125556343190564,A-posthoc,,1.125556343190564,forward_2025,1.0460114171077306,ED2_APPLIED,,3.1363600669863327,step5_within_pm10_stop,not_run,,not_run,fail to reject the null hypothesis that the degree of vertical inequity is acceptable,1.0594145084079085,1.1086179233507172,1.104239207521795,1.1201209160341268,1.0070431935784823,3.1363600669863136,step5_within_pm10_stop,not_run,,not_run,fail to reject the null hypothesis that the degree of vertical inequity is acceptable,1.1081596712442459,1.1596270050351127,1.1550468182857898,1.171659266712866,1.0533786780037224,True,6.088534356930998e-15
posthoc:C:b=1.160457945844737,C-posthoc,,1.160457945844737,fold_1,1.0430041912459604,ED2_APPLIED,,23.983472585911365,step5_outside_pm10_escalate,ci_no_overlap_escalate,18.56002696208678,reject_null,reject the null hypothesis and conclude there is statistical evidence that the level of vertical inequity present is outside of acceptable limits,0.9420874757121919,1.012302808530194,1.19644073647705,1.2287540432830901,0.9921210153573647,23.983472585911407,step5_outside_pm10_escalate,ci_no_overlap_escalate,18.560026962086766,reject_null,reject the null hypothesis and conclude there is statistical evidence that the level of vertical inequity present is outside of acceptable limits,0.9826011856881424,1.0558360721070488,1.247892702722966,1.2815956171546825,1.034786377240929,True,1.7775809567564333e-15
posthoc:C:b=1.160457945844737,C-posthoc,,1.160457945844737,fold_2,1.0430041912459604,ED2_APPLIED,,18.22622184752893,step5_outside_pm10_escalate,ci_no_overlap_escalate,14.525352047344324,reject_null,reject the null hypothesis and conclude there is statistical evidence that the level of vertical inequity present is outside of acceptable limits,0.9931286242331299,1.0492612839213349,1.198912256847845,1.2248385981304282,1.030274326148748,18.22622184752892,step5_outside_pm10_escalate,ci_no_overlap_escalate,14.525352047344317,reject_null,reject the null hypothesis and conclude there is statistical evidence that the level of vertical inequity present is outside of acceptable limits,1.0358373175214883,1.0943839168420695,1.2504705088284551,1.2775117914498624,1.074580440306251,True,5.84769631663762e-16
posthoc:C:b=1.160457945844737,C-posthoc,,1.160457945844737,fold_3,1.0430041912459604,ED2_APPLIED,,20.563009899673663,step5_outside_pm10_escalate,ci_no_overlap_escalate,16.618094789877695,reject_null,reject the null hypothesis and conclude there is statistical evidence that the level of vertical inequity present is outside of acceptable limits,0.9763134832404228,1.0335137990960197,1.203348374781662,1.2223982375481808,1.021985840332857,20.56300989967368,step5_outside_pm10_escalate,ci_no_overlap_escalate,16.61809478987769,reject_null,reject the null hypothesis and conclude there is statistical evidence that the level of vertical inequity present is outside of acceptable limits,1.018299054989703,1.0779592241676836,1.2550973984262876,1.2749664851344271,1.065935514861194,True,8.638603239832324e-16
posthoc:C:b=1.160457945844737,C-posthoc,,1.160457945844737,fold_4,1.0430041912459604,ED2_APPLIED,,24.53387506328373,step5_outside_pm10_escalate,ci_no_overlap_escalate,21.766494960468254,reject_null,reject the null hypothesis and conclude there is statistical evidence that the level of vertical inequity present is outside of acceptable limits,0.9150219173232412,0.9580054521318959,1.1740173644961045,1.1898920921439886,0.9924055882976283,24.53387506328373,step5_outside_pm10_escalate,ci_no_overlap_escalate,21.76649496046828,reject_null,reject the null hypothesis and conclude there is statistical evidence that the level of vertical inequity present is outside of acceptable limits,0.9543716948500548,0.999203701810048,1.2245050317649728,1.241062439236604,1.0350831880103388,True,0.0
posthoc:C:b=1.160457945844737,C-posthoc,,1.160457945844737,fold_5,1.0430041912459604,ED2_APPLIED,,18.511293908606195,step5_outside_pm10_escalate,ci_no_overlap_escalate,15.739337755183808,reject_null,reject the null hypothesis and conclude there is statistical evidence that the level of vertical inequity present is outside of acceptable limits,0.9962334359265362,1.0342783326029379,1.1956249661350127,1.2116027943384788,1.0251170414011523,18.51129390860621,step5_outside_pm10_escalate,ci_no_overlap_escalate,15.739337755183824,reject_null,reject the null hypothesis and conclude there is statistical evidence that the level of vertical inequity present is outside of acceptable limits,1.0390756491307407,1.078756635819747,1.247041850837127,1.2637067926203505,1.0692013706990602,True,7.676856510065539e-16
posthoc:C:b=1.160457945844737,C-posthoc,,1.160457945844737,fold_6,1.0430041912459604,ED2_APPLIED,,7.346716995415788,step5_within_pm10_stop,not_run,,not_run,fail to reject the null hypothesis that the degree of vertical inequity is acceptable,1.096514494139216,1.1377933898066526,1.188545547719339,1.2034777130402745,1.0379307640457884,7.346716995415784,step5_within_pm10_stop,not_run,,not_run,fail to reject the null hypothesis that the degree of vertical inequity is acceptable,1.1436692131491457,1.186723274340287,1.2396579877579956,1.2552322987721087,1.082566137122879,True,4.83578403934346e-16
posthoc:C:b=1.160457945844737,C-posthoc,,1.160457945844737,fold_7,1.0430041912459604,ED2_APPLIED,,6.4864269268362005,step5_within_pm10_stop,not_run,,not_run,fail to reject the null hypothesis that the degree of vertical inequity is acceptable,1.0909740966614723,1.126866276571456,1.1704900333714383,1.1834882955748443,1.005175173860267,6.486426926836165,step5_within_pm10_stop,not_run,,not_run,fail to reject the null hypothesis that the degree of vertical inequity is acceptable,1.1378905553586904,1.1753262494377579,1.2208260106180335,1.2343832525751,1.0484019192726448,True,5.47715054663132e-15
posthoc:C:b=1.160457945844737,C-posthoc,,1.160457945844737,pooled_oof,1.0430041912459604,NOT_APPLICABLE_FOR_ED2_INFERENCE,"ED2 App. D.2 is a rank-based order-statistic CI on distinct observations and has no row-balanced analogue; the pooled-OOF sample contains 20,988 unique rows twice, so the ED2 procedure is not applied there. No weighted variant was invented.",,,,,,,,,,,,,,,,,,,,,,,,
posthoc:C:b=1.160457945844737,C-posthoc,,1.160457945844737,heldout,1.0430041912459604,ED2_APPLIED,,14.769870796387837,step5_outside_pm10_escalate,ci_no_overlap_escalate,11.897993067175117,reject_null,reject the null hypothesis and conclude there is statistical evidence that the level of vertical inequity present is outside of acceptable limits,0.9897436431511707,1.0223954322946798,1.1397751253579254,1.1580039854809567,0.9865503568587511,14.769870796387819,step5_outside_pm10_escalate,ci_no_overlap_escalate,11.897993067175133,reject_null,reject the null hypothesis and conclude there is statistical evidence that the level of vertical inequity present is outside of acceptable limits,1.0323067680657168,1.0663627209940758,1.1887902328262054,1.2078030103361634,1.028976157078875,True,1.2026894912545083e-15
posthoc:C:b=1.160457945844737,C-posthoc,,1.160457945844737,forward_2025,1.0430041912459604,ED2_APPLIED,,11.37398814089209,step5_outside_pm10_escalate,ci_no_overlap_escalate,8.973146210373017,fail_to_reject_null,fail to reject the null hypothesis that the level of vertical inequity present is within acceptable limits,1.0295845300548123,1.0713310789114436,1.162544527388854,1.1790458458881763,1.0165157943371854,11.373988140892068,step5_outside_pm10_escalate,ci_no_overlap_escalate,8.973146210373024,fail_to_reject_null,fail to reject the null hypothesis that the level of vertical inequity present is within acceptable limits,1.0738609800891712,1.1174028055166918,1.2125388145766283,1.229749758932506,1.0602302339614007,True,1.874125575721861e-15
posthoc:A:b=1.1603673641139836,A-posthoc,,1.1603673641139836,fold_1,1.0429306797423497,ED2_APPLIED,,21.95623675244235,step5_outside_pm10_escalate,ci_no_overlap_escalate,16.87658385497313,reject_null,reject the null hypothesis and conclude there is statistical evidence that the level of vertical inequity present is outside of acceptable limits,0.9541700578155804,1.0254756003302503,1.1931629080864525,1.2468289996133104,0.9936093062269157,21.956236752442354,step5_outside_pm10_escalate,ci_no_overlap_escalate,16.876583854973127,reject_null,reject the null hypothesis and conclude there is statistical evidence that the level of vertical inequity present is outside of acceptable limits,0.9951332269873995,1.069499964911621,1.2443862027739614,1.3003562160891826,1.0362656291415608,True,1.6180886182170115e-16
posthoc:A:b=1.1603673641139836,A-posthoc,,1.1603673641139836,fold_2,1.0429306797423497,ED2_APPLIED,,18.070773226363087,step5_outside_pm10_escalate,ci_no_overlap_escalate,14.263402038769362,reject_null,reject the null hypothesis and conclude there is statistical evidence that the level of vertical inequity present is outside of acceptable limits,1.002183328638901,1.0598806774335319,1.2067270801685757,1.2357893261387964,1.0295328024541444,18.070773226363105,step5_outside_pm10_escalate,ci_no_overlap_escalate,14.263402038769351,reject_null,reject the null hypothesis and conclude there is statistical evidence that the level of vertical inequity present is outside of acceptable limits,1.0452077401638187,1.1053820753615344,1.2585326939837123,1.2888426019282742,1.0737313454805462,True,9.829999066164801e-16
posthoc:A:b=1.1603673641139836,A-posthoc,,1.1603673641139836,fold_3,1.0429306797423497,ED2_APPLIED,,21.77031885955425,step5_outside_pm10_escalate,ci_no_overlap_escalate,18.211242223388574,reject_null,reject the null hypothesis and conclude there is statistical evidence that the level of vertical inequity present is outside of acceptable limits,0.9787417053438476,1.0208757791188363,1.20678660929361,1.2255136961694737,1.0208574895347313,21.77031885955426,step5_outside_pm10_escalate,ci_no_overlap_escalate,18.211242223388556,reject_null,reject the null hypothesis and conclude there is statistical evidence that the level of vertical inequity present is outside of acceptable limits,1.0207597520464444,1.064702670248908,1.2585947787345488,1.2781258321795874,1.0646835954805254,True,3.2638140963574686e-16
posthoc:A:b=1.1603673641139836,A-posthoc,,1.1603673641139836,fold_4,1.0429306797423497,ED2_APPLIED,,24.88382489347391,step5_outside_pm10_escalate,ci_no_overlap_escalate,21.05862510850194,reject_null,reject the null hypothesis and conclude there is statistical evidence that the level of vertical inequity present is outside of acceptable limits,0.9172842827099661,0.9653323478567424,1.1749520421048507,1.19347136151034,0.9954101617179136,24.883824893473918,step5_outside_pm10_escalate,ci_no_overlap_escalate,21.058625108501968,reject_null,reject the null hypothesis and conclude there is statistical evidence that the level of vertical inequity present is outside of acceptable limits,0.9566639204836777,1.0067747217275096,1.2253935319370728,1.2447078983130053,1.0381437965829048,True,2.8554401857507396e-16
posthoc:A:b=1.1603673641139836,A-posthoc,,1.1603673641139836,fold_5,1.0429306797423497,ED2_APPLIED,,16.768965003404684,step5_outside_pm10_escalate,ci_no_overlap_escalate,14.220210507095409,reject_null,reject the null hypothesis and conclude there is statistical evidence that the level of vertical inequity present is outside of acceptable limits,1.0028731595661546,1.0410939478731644,1.1869114360354445,1.2021647230338577,1.0254242585897162,16.768965003404706,step5_outside_pm10_escalate,ci_no_overlap_escalate,14.220210507095386,reject_null,reject the null hypothesis and conclude there is statistical evidence that the level of vertical inequity present is outside of acceptable limits,1.0459271860016865,1.0857888187310047,1.2378663507784131,1.2537744717559736,1.0694464190352668,True,1.2711745816438318e-15
posthoc:A:b=1.1603673641139836,A-posthoc,,1.1603673641139836,fold_6,1.0429306797423497,ED2_APPLIED,,8.292301076115137,step5_within_pm10_stop,not_run,,not_run,fail to reject the null hypothesis that the degree of vertical inequity is acceptable,1.0885273813714103,1.1279992192589305,1.1844563063310996,1.2001942447401857,1.0337159872716328,8.292301076115134,step5_within_pm10_stop,not_run,,not_run,fail to reject the null hypothesis that the degree of vertical inequity is acceptable,1.135258601771844,1.1764249924905552,1.2353058206870051,1.2517193994897367,1.0780941172657372,True,4.284352010606099e-16
posthoc:A:b=1.1603673641139836,A-posthoc,,1.1603673641139836,fold_7,1.0429306797423497,ED2_APPLIED,,6.015301870665376,step5_within_pm10_stop,not_run,,not_run,fail to reject the null hypothesis that the degree of vertical inequity is acceptable,1.0945366228804847,1.134248847943971,1.1668512396740942,1.1813786866877238,1.007531155296786,6.015301870665354,step5_within_pm10_stop,not_run,,not_run,fail to reject the null hypothesis that the degree of vertical inequity is acceptable,1.1415258241036386,1.1829429219831815,1.2169449565515054,1.2320960767403513,1.050785152655271,True,3.691329374638186e-15
posthoc:A:b=1.1603673641139836,A-posthoc,,1.1603673641139836,pooled_oof,1.0429306797423497,NOT_APPLICABLE_FOR_ED2_INFERENCE,"ED2 App. D.2 is a rank-based order-statistic CI on distinct observations and has no row-balanced analogue; the pooled-OOF sample contains 20,988 unique rows twice, so the ED2 procedure is not applied there. No weighted variant was invented.",,,,,,,,,,,,,,,,,,,,,,,,
posthoc:A:b=1.1603673641139836,A-posthoc,,1.1603673641139836,heldout,1.0429306797423497,ED2_APPLIED,,14.339888470103128,step5_outside_pm10_escalate,ci_no_overlap_escalate,11.788018065704298,reject_null,reject the null hypothesis and conclude there is statistical evidence that the level of vertical inequity present is outside of acceptable limits,0.9915886993146356,1.0295658338813216,1.1459773734220524,1.1635334882983135,0.9875412379916094,14.339888470103151,step5_outside_pm10_escalate,ci_no_overlap_escalate,11.788018065704335,reject_null,reject the null hypothesis and conclude there is statistical evidence that the level of vertical inequity present is outside of acceptable limits,1.0341582762010444,1.0737657949693447,1.1951749610324127,1.2134847718539463,1.0299370546121898,True,1.6103778603542502e-15
posthoc:A:b=1.1603673641139836,A-posthoc,,1.1603673641139836,forward_2025,1.0429306797423497,ED2_APPLIED,,11.831783498796264,step5_outside_pm10_escalate,ci_no_overlap_escalate,8.380340446330827,fail_to_reject_null,fail to reject the null hypothesis that the level of vertical inequity present is within acceptable limits,1.0358665194100358,1.0808729176224747,1.166541591823111,1.1828979687949859,1.0222576845090428,11.831783498796243,step5_outside_pm10_escalate,ci_no_overlap_escalate,8.380340446330809,fail_to_reject_null,fail to reject the null hypothesis that the level of vertical inequity present is within acceptable limits,1.0803369732106496,1.1272755266911034,1.2166220153077987,1.2336805826611983,1.0661439017768557,True,1.801611910408238e-15
fit:LGBCovPenalty:fb9e0c7172609cb1,Direct,0.0104811313415468,,fold_1,1.0628600027643158,ED2_APPLIED,,-31.219839895214992,step5_outside_pm10_escalate,ci_no_overlap_escalate,25.073125467495192,reject_null,reject the null hypothesis and conclude there is statistical evidence that the level of vertical inequity present is outside of acceptable limits,1.2173969626527588,1.3024464555706048,0.940065290773096,0.977344097388327,0.9574110159327223,-31.219839895215003,step5_outside_pm10_escalate,ci_no_overlap_escalate,25.073125467495203,reject_null,reject the null hypothesis and conclude there is statistical evidence that the level of vertical inequity present is outside of acceptable limits,1.2939225390903804,1.3843182433681458,0.9991577975497298,1.0387799500518444,1.017593875040839,True,3.413899966231107e-16
fit:LGBCovPenalty:fb9e0c7172609cb1,Direct,0.0104811313415468,,fold_2,1.0628600027643158,ED2_APPLIED,,-29.51606247830442,step5_outside_pm10_escalate,ci_no_overlap_escalate,24.29279851271888,reject_null,reject the null hypothesis and conclude there is statistical evidence that the level of vertical inequity present is outside of acceptable limits,1.207362518148405,1.2871257505502098,0.9497122543022635,0.9709868534778183,0.9730277248495202,-29.516062478304452,step5_outside_pm10_escalate,ci_no_overlap_escalate,24.292798512718882,reject_null,reject the null hypothesis and conclude there is statistical evidence that the level of vertical inequity present is outside of acceptable limits,1.2832573293767444,1.3680344787878174,1.0094111692330079,1.0320230897715479,1.0341922503233163,True,1.0832889086309221e-15
fit:LGBCovPenalty:fb9e0c7172609cb1,Direct,0.0104811313415468,,fold_3,1.0628600027643158,ED2_APPLIED,,-24.001481236958686,step5_outside_pm10_escalate,ci_no_overlap_escalate,19.770105896285383,reject_null,reject the null hypothesis and conclude there is statistical evidence that the level of vertical inequity present is outside of acceptable limits,1.1641343985054657,1.2228687833022103,0.954724775663522,0.972292818175009,0.9703619259141245,-24.001481236958686,step5_outside_pm10_escalate,ci_no_overlap_escalate,19.770105896285404,reject_null,reject the null hypothesis and conclude there is statistical evidence that the level of vertical inequity present is outside of acceptable limits,1.237311890013554,1.299738318400982,1.0147387777008914,1.033411147413214,1.0313588792594728,True,0.0
fit:LGBCovPenalty:fb9e0c7172609cb1,Direct,0.0104811313415468,,fold_4,1.0628600027643158,ED2_APPLIED,,-14.882903761444197,step5_outside_pm10_escalate,ci_no_overlap_escalate,11.41085770600393,reject_null,reject the null hypothesis and conclude there is statistical evidence that the level of vertical inequity present is outside of acceptable limits,1.0652021516708698,1.1107479880278985,0.9426485626492243,0.956978930981876,0.9484231902396887,-14.882903761444204,step5_outside_pm10_escalate,ci_no_overlap_escalate,11.410857706003918,reject_null,reject the null hypothesis and conclude there is statistical evidence that the level of vertical inequity present is outside of acceptable limits,1.1321607618694554,1.1805696096257898,1.0019034539031324,1.0171346292287884,1.0080410745998962,True,4.774221127471371e-16
fit:LGBCovPenalty:fb9e0c7172609cb1,Direct,0.0104811313415468,,fold_5,1.0628600027643158,ED2_APPLIED,,-22.412099270646568,step5_outside_pm10_escalate,ci_no_overlap_escalate,19.4100581710055,reject_null,reject the null hypothesis and conclude there is statistical evidence that the level of vertical inequity present is outside of acceptable limits,1.1440869402542397,1.1953502857813663,0.9461150049161569,0.9563127977097927,0.9674063874004337,-22.412099270646525,step5_outside_pm10_escalate,ci_no_overlap_escalate,19.410058171005485,reject_null,reject the null hypothesis and conclude there is statistical evidence that the level of vertical inequity present is outside of acceptable limits,1.2160042484812383,1.2704900080499082,1.0055877967405467,1.0164266228173806,1.0282175555866413,True,1.9022119985628684e-15
fit:LGBCovPenalty:fb9e0c7172609cb1,Direct,0.0104811313415468,,fold_6,1.0628600027643158,ED2_APPLIED,,-34.02307605098812,step5_outside_pm10_escalate,ci_no_overlap_escalate,31.022796078211474,reject_null,reject the null hypothesis and conclude there is statistical evidence that the level of vertical inequity present is outside of acceptable limits,1.2599879619715963,1.3066499220031491,0.9452515030768893,0.9569401379148897,0.9768552882618758,-34.023076050988124,step5_outside_pm10_escalate,ci_no_overlap_escalate,31.022796078211474,reject_null,reject the null hypothesis and conclude there is statistical evidence that the level of vertical inequity present is outside of acceptable limits,1.3391908087441349,1.3887859397122593,1.0046700151732757,1.017093397629504,1.0382604143823533,True,2.0884141536622296e-16
fit:LGBCovPenalty:fb9e0c7172609cb1,Direct,0.0104811313415468,,fold_7,1.0628600027643158,ED2_APPLIED,,-35.65179022217516,step5_outside_pm10_escalate,ci_no_overlap_escalate,32.95582132607641,reject_null,reject the null hypothesis and conclude there is statistical evidence that the level of vertical inequity present is outside of acceptable limits,1.2494480797372953,1.2965485560993901,0.9264537909724271,0.9360164024068464,0.951066199289183,-35.65179022217515,step5_outside_pm10_escalate,ci_no_overlap_escalate,32.95582132607644,reject_null,reject the null hypothesis and conclude there is statistical evidence that the level of vertical inequity present is outside of acceptable limits,1.3279883894834503,1.3780496019198667,0.9846906788339643,0.9948543960495851,1.0108502232055478,True,1.9930071711185704e-16
fit:LGBCovPenalty:fb9e0c7172609cb1,Direct,0.0104811313415468,,pooled_oof,1.0628600027643158,NOT_APPLICABLE_FOR_ED2_INFERENCE,"ED2 App. D.2 is a rank-based order-statistic CI on distinct observations and has no row-balanced analogue; the pooled-OOF sample contains 20,988 unique rows twice, so the ED2 procedure is not applied there. No weighted variant was invented.",,,,,,,,,,,,,,,,,,,,,,,,
fit:LGBCovPenalty:fb9e0c7172609cb1,Direct,0.0104811313415468,,heldout,1.0628600027643158,ED2_APPLIED,,-26.94991177387821,step5_outside_pm10_escalate,ci_no_overlap_escalate,24.501599478125833,reject_null,reject the null hypothesis and conclude there is statistical evidence that the level of vertical inequity present is outside of acceptable limits,1.1387007255061523,1.1796104913194754,0.9031412725444335,0.9118243913143583,0.9259654023580837,-26.949911773878178,step5_outside_pm10_escalate,ci_no_overlap_escalate,24.501599478125815,reject_null,reject the null hypothesis and conclude there is statistical evidence that the level of vertical inequity present is outside of acceptable limits,1.2102794562591968,1.253760810064633,0.959912735433144,0.969141675072949,0.9841715901099732,True,1.1864388788165316e-15
fit:LGBCovPenalty:fb9e0c7172609cb1,Direct,0.0104811313415468,,forward_2025,1.0628600027643158,ED2_APPLIED,,-29.785523493459962,step5_outside_pm10_escalate,ci_no_overlap_escalate,26.592697932630788,reject_null,reject the null hypothesis and conclude there is statistical evidence that the level of vertical inequity present is outside of acceptable limits,1.1718518914433562,1.2169474444638881,0.9085671568604551,0.9197188537457087,0.948128837233418,-29.78552349345995,step5_outside_pm10_escalate,ci_no_overlap_escalate,26.592697932630802,reject_null,reject the null hypothesis and conclude there is statistical evidence that the level of vertical inequity present is outside of acceptable limits,1.2455145045788538,1.2934447641869147,0.9656796908522692,0.9775323834345568,1.0077282185628378,True,3.5782956907712974e-16
fit:LGBSmoothPenalty:f0344de1bfdf0997,Surrogate,0.0104811313415468,,fold_1,1.0633031234334878,ED2_APPLIED,,-30.69888798001425,step5_outside_pm10_escalate,ci_no_overlap_escalate,24.946845663429084,reject_null,reject the null hypothesis and conclude there is statistical evidence that the level of vertical inequity present is outside of acceptable limits,1.2173872803900987,1.314472198180225,0.9431370521204356,0.9786169553268295,0.9571162955214632,-30.69888798001422,step5_outside_pm10_escalate,ci_no_overlap_escalate,24.94684566342909,reject_null,reject the null hypothesis and conclude there is statistical evidence that the level of vertical inequity present is outside of acceptable limits,1.2944516976669913,1.3976823939915162,1.0028405733455115,1.0405664652439879,1.017704746517061,True,9.258221160618996e-16
fit:LGBSmoothPenalty:f0344de1bfdf0997,Surrogate,0.0104811313415468,,fold_2,1.0633031234334878,ED2_APPLIED,,-26.458566058378427,step5_outside_pm10_escalate,ci_no_overlap_escalate,22.749376506569405,reject_null,reject the null hypothesis and conclude there is statistical evidence that the level of vertical inequity present is outside of acceptable limits,1.1987110444767388,1.2527619030463721,0.9606051531231715,0.9770020658732171,0.974571670302692,-26.458566058378423,step5_outside_pm10_escalate,ci_no_overlap_escalate,22.74937650656945,reject_null,reject the null hypothesis and conclude there is statistical evidence that the level of vertical inequity present is outside of acceptable limits,1.2745931976863354,1.3320656444276877,1.0214144597021722,1.038849348243962,1.0362651010426438,True,1.3427461151756147e-16
fit:LGBSmoothPenalty:f0344de1bfdf0997,Surrogate,0.0104811313415468,,fold_3,1.0633031234334878,ED2_APPLIED,,-24.076125313040155,step5_outside_pm10_escalate,ci_no_overlap_escalate,19.272878286072245,reject_null,reject the null hypothesis and conclude there is statistical evidence that the level of vertical inequity present is outside of acceptable limits,1.1596474715587577,1.2201942743997762,0.9543214121895985,0.9725079236111418,0.9709994800457715,-24.07612531304014,step5_outside_pm10_escalate,ci_no_overlap_escalate,19.27287828607223,reject_null,reject the null hypothesis and conclude there is statistical evidence that the level of vertical inequity present is outside of acceptable limits,1.2330567785901738,1.2974363831649405,1.0147329383406571,1.034070712739543,1.0324667799849618,True,5.902467498582546e-16
fit:LGBSmoothPenalty:f0344de1bfdf0997,Surrogate,0.0104811313415468,,fold_4,1.0633031234334878,ED2_APPLIED,,-14.54256493081459,step5_outside_pm10_escalate,ci_no_overlap_escalate,11.563585518828688,reject_null,reject the null hypothesis and conclude there is statistical evidence that the level of vertical inequity present is outside of acceptable limits,1.0646161817461162,1.1173197683349518,0.9394302422634087,0.9552395246832425,0.9458714763234854,-14.542564930814601,step5_outside_pm10_escalate,ci_no_overlap_escalate,11.563585518828681,reject_null,reject the null hypothesis and conclude there is statistical evidence that the level of vertical inequity present is outside of acceptable limits,1.132009711308479,1.1880495995445355,0.9988991108465608,1.015709170222812,1.0057480951414066,True,7.328927934726089e-16
fit:LGBSmoothPenalty:f0344de1bfdf0997,Surrogate,0.0104811313415468,,fold_5,1.0633031234334878,ED2_APPLIED,,-21.058201843285374,step5_outside_pm10_escalate,ci_no_overlap_escalate,17.807702883396964,reject_null,reject the null hypothesis and conclude there is statistical evidence that the level of vertical inequity present is outside of acceptable limits,1.1347450628426468,1.1887321433728522,0.9502697085138304,0.9624559163255153,0.9674978723828861,-21.058201843285378,step5_outside_pm10_escalate,ci_no_overlap_escalate,17.80770288339696,reject_null,reject the null hypothesis and conclude there is statistical evidence that the level of vertical inequity present is outside of acceptable limits,1.206577969621316,1.2639826009741384,1.010424749166986,1.0233823819959602,1.0287435096199768,True,1.687092613718735e-16
fit:LGBSmoothPenalty:f0344de1bfdf0997,Surrogate,0.0104811313415468,,fold_6,1.0633031234334878,ED2_APPLIED,,-33.59576583095422,step5_outside_pm10_escalate,ci_no_overlap_escalate,30.078569776659958,reject_null,reject the null hypothesis and conclude there is statistical evidence that the level of vertical inequity present is outside of acceptable limits,1.2478260672572796,1.3046030767929875,0.9432376109273832,0.9533271824908733,0.9790986970229162,-33.59576583095419,step5_outside_pm10_escalate,ci_no_overlap_escalate,30.078569776659975,reject_null,reject the null hypothesis and conclude there is statistical evidence that the level of vertical inequity present is outside of acceptable limits,1.3268173548163913,1.3871885263949224,1.0029474978390276,1.0136757707965924,1.041078702694125,True,8.459908184089384e-16
fit:LGBSmoothPenalty:f0344de1bfdf0997,Surrogate,0.0104811313415468,,fold_7,1.0633031234334878,ED2_APPLIED,,-35.4613938911713,step5_outside_pm10_escalate,ci_no_overlap_escalate,32.937387728675716,reject_null,reject the null hypothesis and conclude there is statistical evidence that the level of vertical inequity present is outside of acceptable limits,1.2487692121346694,1.2900354518843538,0.926154717836749,0.9359563976054955,0.9497195621765565,-35.4613938911713,step5_outside_pm10_escalate,ci_no_overlap_escalate,32.937387728675716,reject_null,reject the null hypothesis and conclude there is statistical evidence that the level of vertical inequity present is outside of acceptable limits,1.32782020371037,1.3716987253285644,0.984783204258476,0.9952053609714789,1.0098397768482172,True,0.0
fit:LGBSmoothPenalty:f0344de1bfdf0997,Surrogate,0.0104811313415468,,pooled_oof,1.0633031234334878,NOT_APPLICABLE_FOR_ED2_INFERENCE,"ED2 App. D.2 is a rank-based order-statistic CI on distinct observations and has no row-balanced analogue; the pooled-OOF sample contains 20,988 unique rows twice, so the ED2 procedure is not applied there. No weighted variant was invented.",,,,,,,,,,,,,,,,,,,,,,,,
fit:LGBSmoothPenalty:f0344de1bfdf0997,Surrogate,0.0104811313415468,,heldout,1.0633031234334878,ED2_APPLIED,,-25.818375995630635,step5_outside_pm10_escalate,ci_no_overlap_escalate,23.26266598671346,reject_null,reject the null hypothesis and conclude there is statistical evidence that the level of vertical inequity present is outside of acceptable limits,1.1291014341779633,1.1695507386118287,0.9031534164490896,0.9130708013350695,0.9286581037886212,-25.818375995630614,step5_outside_pm10_escalate,ci_no_overlap_escalate,23.262665986713444,reject_null,reject the null hypothesis and conclude there is statistical evidence that the level of vertical inequity present is outside of acceptable limits,1.200577081634659,1.2435869533799002,0.9603258486499427,0.9708710349754972,0.9874450623602612,True,8.256244341786044e-16
fit:LGBSmoothPenalty:f0344de1bfdf0997,Surrogate,0.0104811313415468,,forward_2025,1.0633031234334878,ED2_APPLIED,,-27.35202794815776,step5_outside_pm10_escalate,ci_no_overlap_escalate,24.147778196816457,reject_null,reject the null hypothesis and conclude there is statistical evidence that the level of vertical inequity present is outside of acceptable limits,1.1503320515545088,1.2050409909747166,0.9087187374503211,0.9214349403442292,0.9479013321418384,-27.35202794815775,step5_outside_pm10_escalate,ci_no_overlap_escalate,24.147778196816468,reject_null,reject the null hypothesis and conclude there is statistical evidence that the level of vertical inequity present is outside of acceptable limits,1.2231516634035613,1.2813238495688017,0.966243471853462,0.9797646501087685,1.007906447173181,True,3.896654776970334e-16
fit:LGBCovPenalty:f4658932d5e4d8f2,Direct,0.1,,fold_1,1.0613917587260848,ED2_APPLIED,,-29.30973989772299,step5_outside_pm10_escalate,ci_no_overlap_escalate,24.351468239765776,reject_null,reject the null hypothesis and conclude there is statistical evidence that the level of vertical inequity present is outside of acceptable limits,1.2205863527532275,1.3089831562006478,0.955022665095083,0.9863668291598587,0.9618291648258396,-29.30973989772297,step5_outside_pm10_escalate,ci_no_overlap_escalate,24.351468239765786,reject_null,reject the null hypothesis and conclude there is statistical evidence that the level of vertical inequity present is outside of acceptable limits,1.2955202956258058,1.389343934302627,1.013653186128543,1.0469216235510543,1.0208775488485393,True,7.272763984664026e-16
fit:LGBCovPenalty:f4658932d5e4d8f2,Direct,0.1,,fold_2,1.0613917587260848,ED2_APPLIED,,-27.250818277271286,step5_outside_pm10_escalate,ci_no_overlap_escalate,23.12883074151947,reject_null,reject the null hypothesis and conclude there is statistical evidence that the level of vertical inequity present is outside of acceptable limits,1.2007343843653862,1.2782068146522934,0.9590273972115604,0.974922721306267,0.976321136086468,-27.250818277271254,step5_outside_pm10_escalate,ci_no_overlap_escalate,23.128830741519476,reject_null,reject the null hypothesis and conclude there is statistical evidence that the level of vertical inequity present is outside of acceptable limits,1.2744495799844602,1.3566781790194644,1.0179037757928777,1.0347749417892795,1.0362592077122657,True,1.1733380914977138e-15
fit:LGBCovPenalty:f4658932d5e4d8f2,Direct,0.1,,fold_3,1.0613917587260848,ED2_APPLIED,,-24.893549340303185,step5_outside_pm10_escalate,ci_no_overlap_escalate,20.662808586054563,reject_null,reject the null hypothesis and conclude there is statistical evidence that the level of vertical inequity present is outside of acceptable limits,1.1850479008516623,1.2461947591203186,0.9650983445071896,0.9830520181822193,0.9775819285562715,-24.89354934030323,step5_outside_pm10_escalate,ci_no_overlap_escalate,20.662808586054567,reject_null,reject the null hypothesis and conclude there is statistical evidence that the level of vertical inequity present is outside of acceptable limits,1.257800075659601,1.3227008470979447,1.024347429220119,1.043403310497653,1.0375974024491788,True,1.8553110764977e-15
fit:LGBCovPenalty:f4658932d5e4d8f2,Direct,0.1,,fold_4,1.0613917587260848,ED2_APPLIED,,-14.927451749046535,step5_outside_pm10_escalate,ci_no_overlap_escalate,11.226830623435346,reject_null,reject the null hypothesis and conclude there is statistical evidence that the level of vertical inequity present is outside of acceptable limits,1.063377181136067,1.1138847042831945,0.940260902879331,0.9568601565969079,0.9487719919530195,-14.927451749046552,step5_outside_pm10_escalate,ci_no_overlap_escalate,11.226830623435324,reject_null,reject the null hypothesis and conclude there is statistical evidence that the level of vertical inequity present is outside of acceptable limits,1.1286597764751967,1.1822680452972247,0.9979851733684696,1.0156034844653092,1.0070187731690663,True,1.1899933553720663e-15
fit:LGBCovPenalty:f4658932d5e4d8f2,Direct,0.1,,fold_5,1.0613917587260848,ED2_APPLIED,,-20.871252587037542,step5_outside_pm10_escalate,ci_no_overlap_escalate,17.876370241458325,reject_null,reject the null hypothesis and conclude there is statistical evidence that the level of vertical inequity present is outside of acceptable limits,1.1358800627860501,1.1769752987097593,0.9492022208916323,0.9627868392557227,0.9682794728031251,-20.87125258703753,step5_outside_pm10_escalate,ci_no_overlap_escalate,17.87637024145831,reject_null,reject the null hypothesis and conclude there is statistical evidence that the level of vertical inequity present is outside of acceptable limits,1.2056137375423814,1.2492318822747106,1.0074754146188754,1.02189401659596,1.0277238525768753,True,5.106613027634445e-16
fit:LGBCovPenalty:f4658932d5e4d8f2,Direct,0.1,,fold_6,1.0613917587260848,ED2_APPLIED,,-32.63959183770592,step5_outside_pm10_escalate,ci_no_overlap_escalate,30.105376717280155,reject_null,reject the null hypothesis and conclude there is statistical evidence that the level of vertical inequity present is outside of acceptable limits,1.2517065202214481,1.293948369307782,0.946612714017488,0.9574971850455626,0.9772650843695061,-32.6395918377059,step5_outside_pm10_escalate,ci_no_overlap_escalate,30.10537671728015,reject_null,reject the null hypothesis and conclude there is statistical evidence that the level of vertical inequity present is outside of acceptable limits,1.3285509849067505,1.3733861354003365,1.004726933363494,1.0162796212107852,1.0372611066405457,True,6.530805341805164e-16
fit:LGBCovPenalty:f4658932d5e4d8f2,Direct,0.1,,fold_7,1.0613917587260848,ED2_APPLIED,,-35.700034226043734,step5_outside_pm10_escalate,ci_no_overlap_escalate,32.87233561499362,reject_null,reject the null hypothesis and conclude there is statistical evidence that the level of vertical inequity present is outside of acceptable limits,1.2535190050146627,1.2991007477870293,0.9299060812706527,0.9408069526414213,0.9512924668200584,-35.70003422604372,step5_outside_pm10_escalate,ci_no_overlap_escalate,32.87233561499363,reject_null,reject the null hypothesis and conclude there is statistical evidence that the level of vertical inequity present is outside of acceptable limits,1.330474741329085,1.3788548274560473,0.9869946510499398,0.9985647460858066,1.0096939844210175,True,3.980627756607293e-16
fit:LGBCovPenalty:f4658932d5e4d8f2,Direct,0.1,,pooled_oof,1.0613917587260848,NOT_APPLICABLE_FOR_ED2_INFERENCE,"ED2 App. D.2 is a rank-based order-statistic CI on distinct observations and has no row-balanced analogue; the pooled-OOF sample contains 20,988 unique rows twice, so the ED2 procedure is not applied there. No weighted variant was invented.",,,,,,,,,,,,,,,,,,,,,,,,
fit:LGBCovPenalty:f4658932d5e4d8f2,Direct,0.1,,heldout,1.0613917587260848,ED2_APPLIED,,-27.009437220675043,step5_outside_pm10_escalate,ci_no_overlap_escalate,24.55859286021781,reject_null,reject the null hypothesis and conclude there is statistical evidence that the level of vertical inequity present is outside of acceptable limits,1.13727229461463,1.1717235571492735,0.8999888268764114,0.9102443189502881,0.9244339728930562,-27.00943722067504,step5_outside_pm10_escalate,ci_no_overlap_escalate,24.55859286021781,reject_null,reject the null hypothesis and conclude there is statistical evidence that the level of vertical inequity present is outside of acceptable limits,1.2070914409314724,1.2436577270634517,0.9552407237921802,0.9661258185610737,0.9811866003151026,True,1.315360127563483e-16
fit:LGBCovPenalty:f4658932d5e4d8f2,Direct,0.1,,forward_2025,1.0613917587260848,ED2_APPLIED,,-27.730031869502053,step5_outside_pm10_escalate,ci_no_overlap_escalate,24.401269059729582,reject_null,reject the null hypothesis and conclude there is statistical evidence that the level of vertical inequity present is outside of acceptable limits,1.1563764407517891,1.2047744267290594,0.9142012943595506,0.9240822332301883,0.9519759277805985,-27.730031869502035,step5_outside_pm10_escalate,ci_no_overlap_escalate,24.40126905972959,reject_null,reject the null hypothesis and conclude there is statistical evidence that the level of vertical inequity present is outside of acceptable limits,1.2273684241989518,1.2787376476541672,0.9703257196499466,0.9808132667357177,1.0104194042519459,True,6.405895412453229e-16
fit:LGBSmoothPenalty:d180237df9651574,Surrogate,0.1,,fold_1,1.0658378300143807,ED2_APPLIED,,-29.423805118165316,step5_outside_pm10_escalate,ci_no_overlap_escalate,22.28750560737774,reject_null,reject the null hypothesis and conclude there is statistical evidence that the level of vertical inequity present is outside of acceptable limits,1.1994341722459392,1.29649634560994,0.9565628287464869,0.9854083518611788,0.9602950826130687,-29.423805118165298,step5_outside_pm10_escalate,ci_no_overlap_escalate,22.287505607377724,reject_null,reject the null hypothesis and conclude there is statistical evidence that the level of vertical inequity present is outside of acceptable limits,1.2784023153917068,1.3818548516264737,1.0195408496635734,1.0502854994257662,1.023518827025794,True,6.037141804965207e-16
fit:LGBSmoothPenalty:d180237df9651574,Surrogate,0.1,,fold_2,1.0658378300143807,ED2_APPLIED,,-24.972689562148464,step5_outside_pm10_escalate,ci_no_overlap_escalate,20.44063455503739,reject_null,reject the null hypothesis and conclude there is statistical evidence that the level of vertical inequity present is outside of acceptable limits,1.171421784428811,1.240260530636175,0.9538582825904763,0.972033582745902,0.9754501561389728,-24.972689562148457,step5_outside_pm10_escalate,ci_no_overlap_escalate,20.44063455503744,reject_null,reject the null hypothesis and conclude there is statistical evidence that the level of vertical inequity present is outside of acceptable limits,1.2485456527471783,1.3219165926257452,1.0166582420574775,1.0360301645349963,1.0396716777063517,True,2.845279175844488e-16
fit:LGBSmoothPenalty:d180237df9651574,Surrogate,0.1,,fold_3,1.0658378300143807,ED2_APPLIED,,-22.829637476021524,step5_outside_pm10_escalate,ci_no_overlap_escalate,18.475358151930518,reject_null,reject the null hypothesis and conclude there is statistical evidence that the level of vertical inequity present is outside of acceptable limits,1.1488516169446976,1.207823352747744,0.9535342814346468,0.9694884920446029,0.9708235338396017,-22.82963747602155,step5_outside_pm10_escalate,ci_no_overlap_escalate,18.475358151930525,reject_null,reject the null hypothesis and conclude there is statistical evidence that the level of vertical inequity present is outside of acceptable limits,1.2244895144128494,1.2873438213333497,1.016312909368626,1.0333175105847339,1.0347404486344942,True,1.0893294200454985e-15
fit:LGBSmoothPenalty:d180237df9651574,Surrogate,0.1,,fold_4,1.0658378300143807,ED2_APPLIED,,-12.320182988252663,step5_outside_pm10_escalate,ci_no_overlap_escalate,8.464243853310348,fail_to_reject_null,fail to reject the null hypothesis that the level of vertical inequity present is within acceptable limits,1.039444537837049,1.095172155836398,0.9455646050085537,0.9592075764411411,0.9479519114342075,-12.32018298825266,step5_outside_pm10_escalate,ci_no_overlap_escalate,8.464243853310334,fail_to_reject_null,fail to reject the null hypothesis that the level of vertical inequity present is within acceptable limits,1.1078793106285414,1.1672759140688382,1.007818526740722,1.0223597218073794,1.0103630082410204,True,2.8836533371200944e-16
fit:LGBSmoothPenalty:d180237df9651574,Surrogate,0.1,,fold_5,1.0658378300143807,ED2_APPLIED,,-19.705978655291595,step5_outside_pm10_escalate,ci_no_overlap_escalate,16.680445275708916,reject_null,reject the null hypothesis and conclude there is statistical evidence that the level of vertical inequity present is outside of acceptable limits,1.1243134139232966,1.1700062392080177,0.9491023181204042,0.9630307763916793,0.9668964758781766,-19.705978655291602,step5_outside_pm10_escalate,ci_no_overlap_escalate,16.680445275708927,reject_null,reject the null hypothesis and conclude there is statistical evidence that the level of vertical inequity present is outside of acceptable limits,1.198335769352067,1.2470369111007604,1.0115891552070702,1.026434632946372,1.030554841698548,True,3.6057216349886787e-16
fit:LGBSmoothPenalty:d180237df9651574,Surrogate,0.1,,fold_6,1.0658378300143807,ED2_APPLIED,,-29.883623834577186,step5_outside_pm10_escalate,ci_no_overlap_escalate,26.524524416210348,reject_null,reject the null hypothesis and conclude there is statistical evidence that the level of vertical inequity present is outside of acceptable limits,1.219363483897352,1.265855413223746,0.9496928956429874,0.9600693902889492,0.9775635918657084,-29.88362383457717,step5_outside_pm10_escalate,ci_no_overlap_escalate,26.524524416210337,reject_null,reject the null hypothesis and conclude there is statistical evidence that the level of vertical inequity present is outside of acceptable limits,1.2996437296759291,1.3491965867423552,1.0122186150721957,1.0232782756088035,1.0419242574552108,True,5.944248425938545e-16
fit:LGBSmoothPenalty:d180237df9651574,Surrogate,0.1,,fold_7,1.0658378300143807,ED2_APPLIED,,-32.62832165614331,step5_outside_pm10_escalate,ci_no_overlap_escalate,29.333001115415243,reject_null,reject the null hypothesis and conclude there is statistical evidence that the level of vertical inequity present is outside of acceptable limits,1.222502809349271,1.2722364829343173,0.9322671274897494,0.9433396624011808,0.9517033250354416,-32.628321656143314,step5_outside_pm10_escalate,ci_no_overlap_escalate,29.333001115415236,reject_null,reject the null hypothesis and conclude there is statistical evidence that the level of vertical inequity present is outside of acceptable limits,1.3029897415033114,1.3559977722358407,0.9936455721574148,1.0054470987401734,1.0143614067732463,True,2.1776870512931156e-16
fit:LGBSmoothPenalty:d180237df9651574,Surrogate,0.1,,pooled_oof,1.0658378300143807,NOT_APPLICABLE_FOR_ED2_INFERENCE,"ED2 App. D.2 is a rank-based order-statistic CI on distinct observations and has no row-balanced analogue; the pooled-OOF sample contains 20,988 unique rows twice, so the ED2 procedure is not applied there. No weighted variant was invented.",,,,,,,,,,,,,,,,,,,,,,,,
fit:LGBSmoothPenalty:d180237df9651574,Surrogate,0.1,,heldout,1.0658378300143807,ED2_APPLIED,,-22.72713032924059,step5_outside_pm10_escalate,ci_no_overlap_escalate,20.287526116394744,reject_null,reject the null hypothesis and conclude there is statistical evidence that the level of vertical inequity present is outside of acceptable limits,1.10461014597992,1.1398905225201796,0.9060444478762786,0.9165373845382793,0.9270364477296001,-22.727130329240595,step5_outside_pm10_escalate,ci_no_overlap_escalate,20.28752611639475,reject_null,reject the null hypothesis and conclude there is statistical evidence that the level of vertical inequity present is outside of acceptable limits,1.1773352810031064,1.2149384409768673,0.9656964482210307,0.9768802170633356,0.988070515792357,True,1.5632038129466792e-16
fit:LGBSmoothPenalty:d180237df9651574,Surrogate,0.1,,forward_2025,1.0658378300143807,ED2_APPLIED,,-24.70141129736727,step5_outside_pm10_escalate,ci_no_overlap_escalate,21.627289906830473,reject_null,reject the null hypothesis and conclude there is statistical evidence that the level of vertical inequity present is outside of acceptable limits,1.1303282558100267,1.183228368789204,0.913169308980013,0.9252297463037179,0.9483319934668895,-24.70141129736725,step5_outside_pm10_escalate,ci_no_overlap_escalate,21.627289906830473,reject_null,reject the null hypothesis and conclude there is statistical evidence that the level of vertical inequity present is outside of acceptable limits,1.204746615376499,1.261129557001741,0.9732903947189888,0.9861448650651109,1.0107681140499616,True,7.191317200526022e-16
fit:LGBCovPenalty:e732a8e35bd1a796,Direct,0.954095476349994,,fold_1,1.0590309174838803,ED2_APPLIED,,-25.799035451861613,step5_outside_pm10_escalate,ci_no_overlap_escalate,19.726286445059664,reject_null,reject the null hypothesis and conclude there is statistical evidence that the level of vertical inequity present is outside of acceptable limits,1.1770879377735395,1.2690341491526917,0.9594735829581217,0.9881449912759639,0.9578231920326559,-25.799035451861602,step5_outside_pm10_escalate,ci_no_overlap_escalate,19.72628644505966,reject_null,reject the null hypothesis and conclude there is statistical evidence that the level of vertical inequity present is outside of acceptable limits,1.2465725186995202,1.343946399295551,1.0161121888616858,1.046476096718085,1.0143643738456825,True,4.131216865176419e-16
fit:LGBCovPenalty:e732a8e35bd1a796,Direct,0.954095476349994,,fold_2,1.0590309174838803,ED2_APPLIED,,-22.089250759430072,step5_outside_pm10_escalate,ci_no_overlap_escalate,17.52514918448746,reject_null,reject the null hypothesis and conclude there is statistical evidence that the level of vertical inequity present is outside of acceptable limits,1.170653141754311,1.243514390043123,0.9765976089246458,0.9984739939515535,0.9824689421483688,-22.089250759430108,step5_outside_pm10_escalate,ci_no_overlap_escalate,17.52514918448744,reject_null,reject the null hypothesis and conclude there is statistical evidence that the level of vertical inequity present is outside of acceptable limits,1.239757870767455,1.3169201853917767,1.0342470617920316,1.0574148298983084,1.0404649852028045,True,1.6083450350998527e-15
fit:LGBCovPenalty:e732a8e35bd1a796,Direct,0.954095476349994,,fold_3,1.0590309174838803,ED2_APPLIED,,-19.077432186167602,step5_outside_pm10_escalate,ci_no_overlap_escalate,14.395638691381942,reject_null,reject the null hypothesis and conclude there is statistical evidence that the level of vertical inequity present is outside of acceptable limits,1.1399852280729472,1.2022621456582872,0.9799974341853974,0.9992032033372197,0.977949139693314,-19.077432186167595,step5_outside_pm10_escalate,ci_no_overlap_escalate,14.395638691381942,reject_null,reject the null hypothesis and conclude there is statistical evidence that the level of vertical inequity present is outside of acceptable limits,1.207279602004164,1.2732327831726347,1.0378475818572102,1.0581870851830482,1.035678374661982,True,3.7245197824647e-16
fit:LGBCovPenalty:e732a8e35bd1a796,Direct,0.954095476349994,,fold_4,1.0590309174838803,ED2_APPLIED,,-10.972498480226818,step5_outside_pm10_escalate,ci_no_overlap_escalate,7.768925605684841,fail_to_reject_null,fail to reject the null hypothesis that the level of vertical inequity present is within acceptable limits,1.053378329513341,1.1024058897130316,0.9671756458625502,0.9792601589480885,0.9540337277913589,-10.972498480226783,step5_outside_pm10_escalate,ci_no_overlap_escalate,7.768925605684854,fail_to_reject_null,fail to reject the null hypothesis that the level of vertical inequity present is within acceptable limits,1.115560218762151,1.1674819208224254,1.0242689116058814,1.0370667845862047,1.0103512140534496,True,3.237834742199081e-15
fit:LGBCovPenalty:e732a8e35bd1a796,Direct,0.954095476349994,,fold_5,1.0590309174838803,ED2_APPLIED,,-16.504990937076695,step5_outside_pm10_escalate,ci_no_overlap_escalate,14.006756394475685,reject_null,reject the null hypothesis and conclude there is statistical evidence that the level of vertical inequity present is outside of acceptable limits,1.1291987177254157,1.1746453854611625,0.9795456051766595,0.9926147216404504,0.9751293749838794,-16.504990937076702,step5_outside_pm10_escalate,ci_no_overlap_escalate,14.006756394475659,reject_null,reject the null hypothesis and conclude there is statistical evidence that the level of vertical inequity present is outside of acceptable limits,1.195856354054368,1.2439857802831413,1.0373690809675407,1.0512096793668928,1.0326921566546607,True,4.3050174245412155e-16
fit:LGBCovPenalty:e732a8e35bd1a796,Direct,0.954095476349994,,fold_6,1.0590309174838803,ED2_APPLIED,,-27.802984507612692,step5_outside_pm10_escalate,ci_no_overlap_escalate,25.0521504807324,reject_null,reject the null hypothesis and conclude there is statistical evidence that the level of vertical inequity present is outside of acceptable limits,1.2274412998960047,1.273457194972727,0.9706181100839603,0.9809538764422826,0.9838972652000293,-27.802984507612702,step5_outside_pm10_escalate,ci_no_overlap_escalate,25.05215048073239,reject_null,reject the null hypothesis and conclude there is statistical evidence that the level of vertical inequity present is outside of acceptable limits,1.2998982859864727,1.3486305415684159,1.0279145876486864,1.0388604837780397,1.041977623474668,True,3.8334521365802343e-16
fit:LGBCovPenalty:e732a8e35bd1a796,Direct,0.954095476349994,,fold_7,1.0590309174838803,ED2_APPLIED,,-31.31691066812392,step5_outside_pm10_escalate,ci_no_overlap_escalate,28.13598652147227,reject_null,reject the null hypothesis and conclude there is statistical evidence that the level of vertical inequity present is outside of acceptable limits,1.2316824408691875,1.2786618386703805,0.9528804469137924,0.961864505618055,0.958978051276852,-31.316910668123892,step5_outside_pm10_escalate,ci_no_overlap_escalate,28.13598652147227,reject_null,reject the null hypothesis and conclude there is statistical evidence that the level of vertical inequity present is outside of acceptable limits,1.304389785402481,1.3541424201587187,1.0091298539475637,1.018644249879868,1.0155874054906282,True,9.075515056896461e-16
fit:LGBCovPenalty:e732a8e35bd1a796,Direct,0.954095476349994,,pooled_oof,1.0590309174838803,NOT_APPLICABLE_FOR_ED2_INFERENCE,"ED2 App. D.2 is a rank-based order-statistic CI on distinct observations and has no row-balanced analogue; the pooled-OOF sample contains 20,988 unique rows twice, so the ED2 procedure is not applied there. No weighted variant was invented.",,,,,,,,,,,,,,,,,,,,,,,,
fit:LGBCovPenalty:e732a8e35bd1a796,Direct,0.954095476349994,,heldout,1.0590309174838803,ED2_APPLIED,,-21.918421971296763,step5_outside_pm10_escalate,ci_no_overlap_escalate,18.98973218713647,reject_null,reject the null hypothesis and conclude there is statistical evidence that the level of vertical inequity present is outside of acceptable limits,1.116443854942199,1.155417072238868,0.928353273991529,0.9386886628221615,0.9360594997777163,-21.91842197129675,step5_outside_pm10_escalate,ci_no_overlap_escalate,18.989732187136482,reject_null,reject the null hypothesis and conclude there is statistical evidence that the level of vertical inequity present is outside of acceptable limits,1.1823485600186776,1.2236224020896675,0.9831548195044133,0.9941003158202706,0.9913159508690972,True,6.48352090940297e-16
fit:LGBCovPenalty:e732a8e35bd1a796,Direct,0.954095476349994,,forward_2025,1.0590309174838803,ED2_APPLIED,,-23.88851350334731,step5_outside_pm10_escalate,ci_no_overlap_escalate,20.5387801226235,reject_null,reject the null hypothesis and conclude there is statistical evidence that the level of vertical inequity present is outside of acceptable limits,1.1461357135456227,1.1951110363534252,0.9368078304992226,0.949507224244301,0.9573523263182272,-23.8885135033473,step5_outside_pm10_escalate,ci_no_overlap_escalate,20.53878012262347,reject_null,reject the null hypothesis and conclude there is statistical evidence that the level of vertical inequity present is outside of acceptable limits,1.2137931562772626,1.265659537324479,0.9921084562396753,1.0055575068490148,1.0138657124961195,True,2.9744116797411334e-16
fit:LGBSmoothPenalty:4a39ef84979943f2,Surrogate,0.954095476349994,,fold_1,1.0765193756770512,ED2_APPLIED,,-23.778808278979888,step5_outside_pm10_escalate,ci_no_overlap_escalate,16.00604531301754,reject_null,reject the null hypothesis and conclude there is statistical evidence that the level of vertical inequity present is outside of acceptable limits,1.1306741024944338,1.2415124816441687,0.951921760594227,0.9784004567103041,0.9513508353015048,-23.778808278979888,step5_outside_pm10_escalate,ci_no_overlap_escalate,16.006045313017534,reject_null,reject the null hypothesis and conclude there is statistical evidence that the level of vertical inequity present is outside of acceptable limits,1.2171925789115172,1.3365122416348463,1.024762219408296,1.0532670488199176,1.0241476072686164,True,0.0
fit:LGBSmoothPenalty:4a39ef84979943f2,Surrogate,0.954095476349994,,fold_2,1.0765193756770512,ED2_APPLIED,,-20.418866739332397,step5_outside_pm10_escalate,ci_no_overlap_escalate,15.204732141563484,reject_null,reject the null hypothesis and conclude there is statistical evidence that the level of vertical inequity present is outside of acceptable limits,1.1248131973807656,1.1968938206352109,0.9580727147215228,0.976519038474082,0.9753158261914289,-20.418866739332397,step5_outside_pm10_escalate,ci_no_overlap_escalate,15.20473214156347,reject_null,reject the null hypothesis and conclude there is statistical evidence that the level of vertical inequity present is outside of acceptable limits,1.2108832009976487,1.2884793885419368,1.0313838407052307,1.0512416656348724,1.0499463842995438,True,0.0
fit:LGBSmoothPenalty:4a39ef84979943f2,Surrogate,0.954095476349994,,fold_3,1.0765193756770512,ED2_APPLIED,,-11.736174462062719,step5_outside_pm10_escalate,ci_no_overlap_escalate,8.361186299908125,fail_to_reject_null,fail to reject the null hypothesis that the level of vertical inequity present is within acceptable limits,1.0645710277193465,1.1127542421623202,0.9684371538174886,0.9832477598299014,0.9726283445010513,-11.736174462062735,step5_outside_pm10_escalate,ci_no_overlap_escalate,8.361186299908141,fail_to_reject_null,fail to reject the null hypothesis that the level of vertical inequity present is within acceptable limits,1.146031338124307,1.1979015020545707,1.0425413602100626,1.058485264547944,1.047053258188075,True,1.3622165899357622e-15
fit:LGBSmoothPenalty:4a39ef84979943f2,Surrogate,0.954095476349994,,fold_4,1.0765193756770512,ED2_APPLIED,,-3.8259913672684194,step5_within_pm10_stop,not_run,,not_run,fail to reject the null hypothesis that the degree of vertical inequity is acceptable,0.9682038392323893,1.0211857401499282,0.9531824434113004,0.9659800520993789,0.9489230113436665,-3.825991367268424,step5_within_pm10_stop,not_run,,not_run,fail to reject the null hypothesis that the degree of vertical inequity is acceptable,1.042290192538575,1.0993262354365076,1.0261193688874588,1.039896242602508,1.0215340077372705,True,1.1607167063921573e-15
fit:LGBSmoothPenalty:4a39ef84979943f2,Surrogate,0.954095476349994,,fold_5,1.0765193756770512,ED2_APPLIED,,-9.594004184359136,step5_within_pm10_stop,not_run,,not_run,fail to reject the null hypothesis that the degree of vertical inequity is acceptable,1.0459467553965487,1.0874494405208697,0.9657944646648846,0.9776979461326806,0.9716537502863196,-9.594004184359127,step5_within_pm10_stop,not_run,,not_run,fail to reject the null hypothesis that the degree of vertical inequity is acceptable,1.1259819481109292,1.1706603927898847,1.0396964541333928,1.052510782571488,1.0460040886324937,True,9.257640528738774e-16
fit:LGBSmoothPenalty:4a39ef84979943f2,Surrogate,0.954095476349994,,fold_6,1.0765193756770512,ED2_APPLIED,,-20.683459770503735,step5_outside_pm10_escalate,ci_no_overlap_escalate,17.942672290108074,reject_null,reject the null hypothesis and conclude there is statistical evidence that the level of vertical inequity present is outside of acceptable limits,1.1559639425793362,1.1968230673667126,0.9702615538056097,0.9792353343832303,0.9849625815968209,-20.68345977050374,step5_outside_pm10_escalate,ci_no_overlap_escalate,17.942672290108085,reject_null,reject the null hypothesis and conclude there is statistical evidence that the level of vertical inequity present is outside of acceptable limits,1.244417581770689,1.2884032212775063,1.0445053621462599,1.054165810811143,1.0603313034058657,True,3.435318576505227e-16
fit:LGBSmoothPenalty:4a39ef84979943f2,Surrogate,0.954095476349994,,fold_7,1.0765193756770512,ED2_APPLIED,,-22.029143057718837,step5_outside_pm10_escalate,ci_no_overlap_escalate,19.303174067942905,reject_null,reject the null hypothesis and conclude there is statistical evidence that the level of vertical inequity present is outside of acceptable limits,1.1353355327460437,1.1753358457405159,0.9388320954526752,0.9515906769717986,0.951889337616207,-22.029143057718823,step5_outside_pm10_escalate,ci_no_overlap_escalate,19.30317406794289,reject_null,reject the null hypothesis and conclude there is statistical evidence that the level of vertical inequity present is outside of acceptable limits,1.2222106988957426,1.2652718108674383,1.010670941262291,1.0244058014737827,1.0247273154442404,True,6.450933964143754e-16
fit:LGBSmoothPenalty:4a39ef84979943f2,Surrogate,0.954095476349994,,pooled_oof,1.0765193756770512,NOT_APPLICABLE_FOR_ED2_INFERENCE,"ED2 App. D.2 is a rank-based order-statistic CI on distinct observations and has no row-balanced analogue; the pooled-OOF sample contains 20,988 unique rows twice, so the ED2 procedure is not applied there. No weighted variant was invented.",,,,,,,,,,,,,,,,,,,,,,,,
fit:LGBSmoothPenalty:4a39ef84979943f2,Surrogate,0.954095476349994,,heldout,1.0765193756770512,ED2_APPLIED,,-12.603916773596092,step5_outside_pm10_escalate,ci_no_overlap_escalate,10.224810846097402,reject_null,reject the null hypothesis and conclude there is statistical evidence that the level of vertical inequity present is outside of acceptable limits,1.026507029637975,1.0621931322987337,0.9217983545201148,0.9315367823152023,0.9288215572126783,-12.603916773596065,step5_outside_pm10_escalate,ci_no_overlap_escalate,10.224810846097382,reject_null,reject the null hypothesis and conclude there is statistical evidence that the level of vertical inequity present is outside of acceptable limits,1.1050547066739764,1.1434714876306833,0.9923337891081264,1.0028173953181703,0.9998944028859782,True,2.1140533589386298e-15
fit:LGBSmoothPenalty:4a39ef84979943f2,Surrogate,0.954095476349994,,forward_2025,1.0765193756770512,ED2_APPLIED,,-15.315800907707123,step5_outside_pm10_escalate,ci_no_overlap_escalate,12.0579755657382,reject_null,reject the null hypothesis and conclude there is statistical evidence that the level of vertical inequity present is outside of acceptable limits,1.048294622080018,1.0921650898706452,0.9233017766382662,0.9337869712579385,0.9496424188107003,-15.315800907707105,step5_outside_pm10_escalate,ci_no_overlap_escalate,12.057975565738204,reject_null,reject the null hypothesis and conclude there is statistical evidence that the level of vertical inequity present is outside of acceptable limits,1.1285094720871907,1.1757368806838169,0.993952252148138,1.00523976731396,1.0223084638145392,True,1.1598197509255707e-15
fit:LGBCovPenalty:c4e386c3295790e0,Direct,10.481131341546853,,fold_1,1.055630791994793,ED2_APPLIED,,-13.062587719763902,step5_outside_pm10_escalate,ci_no_overlap_escalate,7.090709548866152,fail_to_reject_null,fail to reject the null hypothesis that the level of vertical inequity present is within acceptable limits,1.1091746389156685,1.2106314314896092,1.0105722318385422,1.0402670075781357,0.9718016351205854,-13.062587719763906,step5_outside_pm10_escalate,ci_no_overlap_escalate,7.09070954886616,fail_to_reject_null,fail to reject the null hypothesis that the level of vertical inequity present is within acceptable limits,1.1708789025390849,1.2779798168371654,1.0667911654636653,1.09813788509576,1.0258637297441777,True,2.719762542474788e-16
fit:LGBCovPenalty:c4e386c3295790e0,Direct,10.481131341546853,,fold_2,1.055630791994793,ED2_APPLIED,,-9.693531769240325,step5_within_pm10_stop,not_run,,not_run,fail to reject the null hypothesis that the degree of vertical inequity is acceptable,1.1010553202337447,1.164182505325679,1.0257946768165935,1.0483983189077999,0.9869229645952323,-9.693531769240316,step5_within_pm10_stop,not_run,,not_run,fail to reject the null hypothesis that the degree of vertical inequity is acceptable,1.1623078997284277,1.2289469001234279,1.0828604471119425,1.10672154771465,1.0418262707535135,True,9.162588423328923e-16
fit:LGBCovPenalty:c4e386c3295790e0,Direct,10.481131341546853,,fold_3,1.055630791994793,ED2_APPLIED,,-7.023860511700639,step5_within_pm10_stop,not_run,,not_run,fail to reject the null hypothesis that the degree of vertical inequity is acceptable,1.102579999622468,1.152807561981472,1.046551259865451,1.0676219338117683,0.998577129284133,-7.023860511700622,step5_within_pm10_stop,not_run,,not_run,fail to reject the null hypothesis that the degree of vertical inequity is acceptable,1.1639173982390838,1.2169391596720867,1.1047717353149138,1.1270145875407287,1.0541287658540957,True,2.402580453611038e-15
fit:LGBCovPenalty:c4e386c3295790e0,Direct,10.481131341546853,,fold_4,1.055630791994793,ED2_APPLIED,,2.969865185226905,step5_within_pm10_stop,not_run,,not_run,fail to reject the null hypothesis that the degree of vertical inequity is acceptable,0.9780882330095179,1.033751657544803,1.024673452010825,1.040177534129129,0.9648212559816073,2.9698651852268965,step5_within_pm10_stop,not_run,,not_run,fail to reject the null hypothesis that the degree of vertical inequity is acceptable,1.0325000560526243,1.0912600809799493,1.081676847682225,1.0980434341679226,1.0184950265852744,True,2.8411037070379777e-15
fit:LGBCovPenalty:c4e386c3295790e0,Direct,10.481131341546853,,fold_5,1.055630791994793,ED2_APPLIED,,-7.686217526290258,step5_within_pm10_stop,not_run,,not_run,fail to reject the null hypothesis that the degree of vertical inequity is acceptable,1.099701895177515,1.14487797525482,1.0358959903201297,1.0506621257616964,0.9929987434644245,-7.686217526290253,step5_within_pm10_stop,not_run,,not_run,fail to reject the null hypothesis that the degree of vertical inequity is acceptable,1.1608791825644142,1.2085684437556399,1.0935237046858681,1.1091112919367518,1.048240050013184,True,5.777734084822364e-16
fit:LGBCovPenalty:c4e386c3295790e0,Direct,10.481131341546853,,fold_6,1.055630791994793,ED2_APPLIED,,-15.437255872422028,step5_outside_pm10_escalate,ci_no_overlap_escalate,12.823006432638163,reject_null,reject the null hypothesis and conclude there is statistical evidence that the level of vertical inequity present is outside of acceptable limits,1.1769902694374903,1.2252944492484508,1.0363820204956475,1.0489720787788646,0.9983477067654227,-15.43725587242203,step5_outside_pm10_escalate,ci_no_overlap_escalate,12.823006432638161,reject_null,reject the null hypothesis and conclude there is statistical evidence that the level of vertical inequity present is outside of acceptable limits,1.242467170296462,1.293458549886965,1.0940367731049834,1.1073272263017566,1.0538865803789679,True,1.1506946921658745e-16
fit:LGBCovPenalty:c4e386c3295790e0,Direct,10.481131341546853,,fold_7,1.055630791994793,ED2_APPLIED,,-19.591845275966826,step5_outside_pm10_escalate,ci_no_overlap_escalate,16.60702453446058,reject_null,reject the null hypothesis and conclude there is statistical evidence that the level of vertical inequity present is outside of acceptable limits,1.1841612905874603,1.2272337357105236,1.0099415042224158,1.022728745261584,0.972073865435039,-19.591845275966815,step5_outside_pm10_escalate,ci_no_overlap_escalate,16.60702453446059,reject_null,reject the null hypothesis and conclude there is statistical evidence that the level of vertical inequity present is outside of acceptable limits,1.2500371210324164,1.2955057203908276,1.0661253499707206,1.0796239553563263,1.0261511044466296,True,5.440090448997046e-16
fit:LGBCovPenalty:c4e386c3295790e0,Direct,10.481131341546853,,pooled_oof,1.055630791994793,NOT_APPLICABLE_FOR_ED2_INFERENCE,"ED2 App. D.2 is a rank-based order-statistic CI on distinct observations and has no row-balanced analogue; the pooled-OOF sample contains 20,988 unique rows twice, so the ED2 procedure is not applied there. No weighted variant was invented.",,,,,,,,,,,,,,,,,,,,,,,,
fit:LGBCovPenalty:c4e386c3295790e0,Direct,10.481131341546853,,heldout,1.055630791994793,ED2_APPLIED,,-10.491046129642976,step5_outside_pm10_escalate,ci_no_overlap_escalate,8.327229069571807,fail_to_reject_null,fail to reject the null hypothesis that the level of vertical inequity present is within acceptable limits,1.0872804803426026,1.1191192734526048,0.9971116318969494,1.0079087968828386,0.953158401151625,-10.491046129643005,step5_outside_pm10_escalate,ci_no_overlap_escalate,8.327229069571812,fail_to_reject_null,fail to reject the null hypothesis that the level of vertical inequity present is within acceptable limits,1.1477667545845398,1.1813767649714098,1.0525817416865964,1.0639795615119492,1.0061833579041797,True,2.7091396872326244e-15
fit:LGBCovPenalty:c4e386c3295790e0,Direct,10.481131341546853,,forward_2025,1.055630791994793,ED2_APPLIED,,-11.918165376473569,step5_outside_pm10_escalate,ci_no_overlap_escalate,8.637736696624007,fail_to_reject_null,fail to reject the null hypothesis that the level of vertical inequity present is within acceptable limits,1.1078487812188513,1.1547778775353004,1.0076950309174095,1.0233601574910174,0.9781338178652249,-11.91816537647359,step5_outside_pm10_escalate,ci_no_overlap_escalate,8.637736696623989,fail_to_reject_null,fail to reject the null hypothesis that the level of vertical inequity present is within acceptable limits,1.1694792863285215,1.2190190854406544,1.063753903576562,1.0802904935481583,1.0325481768299574,True,1.788553976174999e-15
fit:LGBSmoothPenalty:036679c4ab8799e9,Surrogate,10.481131341546853,,fold_1,1.111552399663168,ED2_APPLIED,,-13.152288588743863,step5_outside_pm10_escalate,ci_no_overlap_escalate,7.880590187673247,fail_to_reject_null,fail to reject the null hypothesis that the level of vertical inequity present is within acceptable limits,1.0468321999168115,1.1317948043170278,0.9423105686578467,0.9722029829549155,0.9470003538393666,-13.15228858874386,step5_outside_pm10_escalate,ci_no_overlap_escalate,7.880590187673218,fail_to_reject_null,fail to reject the null hypothesis that the level of vertical inequity present is within acceptable limits,1.163608843862204,1.2580492306648972,1.0474275738195933,1.0806545586632257,1.0526405157920165,True,2.701213294423165e-16
fit:LGBSmoothPenalty:036679c4ab8799e9,Surrogate,10.481131341546853,,fold_2,1.111552399663168,ED2_APPLIED,,-16.083322460770432,step5_outside_pm10_escalate,ci_no_overlap_escalate,11.927479353709849,reject_null,reject the null hypothesis and conclude there is statistical evidence that the level of vertical inequity present is outside of acceptable limits,1.0885021249697158,1.1576388348266138,0.9568089896231587,0.971733521164601,0.978988102534806,-16.08332246077043,step5_outside_pm10_escalate,ci_no_overlap_escalate,11.927479353709868,reject_null,reject the null hypothesis and conclude there is statistical evidence that the level of vertical inequity present is outside of acceptable limits,1.2099271490485446,1.2867762247947956,1.0635433284349125,1.0801327272836514,1.0881965746142543,True,2.2089426407174809e-16
fit:LGBSmoothPenalty:036679c4ab8799e9,Surrogate,10.481131341546853,,fold_3,1.111552399663168,ED2_APPLIED,,-4.1544430812666615,step5_within_pm10_stop,not_run,,not_run,fail to reject the null hypothesis that the degree of vertical inequity is acceptable,0.9947179686686475,1.0457496378908067,0.9716905220080503,0.9880356636667825,0.9685972485175472,-4.154443081266646,step5_within_pm10_stop,not_run,,not_run,fail to reject the null hypothesis that the degree of vertical inequity is acceptable,1.1056811450617063,1.1624055194444143,1.0800849314680039,1.098253412901602,1.076646595896821,True,3.634430136493418e-15
fit:LGBSmoothPenalty:036679c4ab8799e9,Surrogate,10.481131341546853,,fold_4,1.111552399663168,ED2_APPLIED,,6.45574143554639,step5_within_pm10_stop,not_run,,not_run,fail to reject the null hypothesis that the degree of vertical inequity is acceptable,0.8868110033444981,0.9279192126237935,0.9568935629258428,0.9707014220852372,0.9483576602927125,6.455741435546378,step5_within_pm10_stop,not_run,,not_run,fail to reject the null hypothesis that the degree of vertical inequity is acceptable,0.9857368988152779,1.0314308274855344,1.0636373360924585,1.0789854950752946,1.0541492330373112,True,1.7885349918950697e-15
fit:LGBSmoothPenalty:036679c4ab8799e9,Surrogate,10.481131341546853,,fold_5,1.111552399663168,ED2_APPLIED,,0.08534603545446928,step5_within_pm10_stop,not_run,,not_run,fail to reject the null hypothesis that the degree of vertical inequity is acceptable,0.9567466664365282,0.9860529072142733,0.9646298410910638,0.9794071600832795,0.9685231743423224,0.085346035454445,step5_within_pm10_stop,not_run,,not_run,fail to reject the null hypothesis that the degree of vertical inequity is acceptable,1.0634740529472588,1.0960494752088679,1.0722366146514717,1.088662379037857,1.0765642585695965,True,2.845607125668017e-13
fit:LGBSmoothPenalty:036679c4ab8799e9,Surrogate,10.481131341546853,,fold_6,1.111552399663168,ED2_APPLIED,,-7.457211283834879,step5_within_pm10_stop,not_run,,not_run,fail to reject the null hypothesis that the degree of vertical inequity is acceptable,1.040183438605291,1.0765519865418511,0.9776850414371532,0.9879491843265183,0.9846726742937777,-7.457211283834866,step5_within_pm10_stop,not_run,,not_run,fail to reject the null hypothesis that the degree of vertical inequity is acceptable,1.156218397271596,1.1966439440027443,1.0867481539242507,1.0981572865834102,1.094515273993997,True,1.7865493933880707e-15
fit:LGBSmoothPenalty:036679c4ab8799e9,Surrogate,10.481131341546853,,fold_7,1.111552399663168,ED2_APPLIED,,-11.278086639172338,step5_outside_pm10_escalate,ci_no_overlap_escalate,8.501466595872724,fail_to_reject_null,fail to reject the null hypothesis that the level of vertical inequity present is within acceptable limits,1.0391774981299904,1.072515278787832,0.947291333518329,0.9577750692795771,0.9575104240241603,-11.278086639172354,step5_outside_pm10_escalate,ci_no_overlap_escalate,8.501466595872728,fail_to_reject_null,fail to reject the null hypothesis that the level of vertical inequity present is within acceptable limits,1.1551002417223573,1.1921569318120255,1.0529639549524201,1.06461717659527,1.0643230095265521,True,1.4175464390452229e-15
fit:LGBSmoothPenalty:036679c4ab8799e9,Surrogate,10.481131341546853,,pooled_oof,1.111552399663168,NOT_APPLICABLE_FOR_ED2_INFERENCE,"ED2 App. D.2 is a rank-based order-statistic CI on distinct observations and has no row-balanced analogue; the pooled-OOF sample contains 20,988 unique rows twice, so the ED2 procedure is not applied there. No weighted variant was invented.",,,,,,,,,,,,,,,,,,,,,,,,
fit:LGBSmoothPenalty:036679c4ab8799e9,Surrogate,10.481131341546853,,heldout,1.111552399663168,ED2_APPLIED,,0.23990057691511532,step5_within_pm10_stop,not_run,,not_run,fail to reject the null hypothesis that the degree of vertical inequity is acceptable,0.9127449914929127,0.9390727068999473,0.9254891793375085,0.93606731955604,0.9274426581602049,0.2399005769151198,step5_within_pm10_stop,not_run,,not_run,fail to reject the null hypothesis that the degree of vertical inequity is acceptable,1.0145638855744843,1.0438285208128226,1.0287297181549029,1.040487875298785,1.0309011122279623,True,1.8627081816887038e-14
fit:LGBSmoothPenalty:036679c4ab8799e9,Surrogate,10.481131341546853,,forward_2025,1.111552399663168,ED2_APPLIED,,-1.9669814457915356,step5_within_pm10_stop,not_run,,not_run,fail to reject the null hypothesis that the degree of vertical inequity is acceptable,0.9334697284807988,0.9690796398059159,0.9246570928649642,0.9349457579234696,0.94911049683698,-1.9669814457915507,step5_within_pm10_stop,not_run,,not_run,fail to reject the null hypothesis that the degree of vertical inequity is acceptable,1.037600516705757,1.0771827990909835,1.0278048104396191,1.0392412007747311,1.0549860503046458,True,7.67624583709589e-15
fit:LGBCovPenalty:a72f544c5161823f,Direct,100.0,,fold_1,1.066496655478833,ED2_APPLIED,,2.038186663052231,step5_within_pm10_stop,not_run,,not_run,fail to reject the null hypothesis that the degree of vertical inequity is acceptable,1.0048380070228435,1.0934507300106129,1.0456565298836116,1.0880446655975977,0.9784460708437585,2.0381866630521883,step5_within_pm10_stop,not_run,,not_run,fail to reject the null hypothesis that the degree of vertical inequity is acceptable,1.0716563737878793,1.1661615464872077,1.1151891919004746,1.160395996871424,1.0435094621212744,True,2.0916908602356752e-14
fit:LGBCovPenalty:a72f544c5161823f,Direct,100.0,,fold_2,1.066496655478833,ED2_APPLIED,,-0.030610532384126057,step5_within_pm10_stop,not_run,,not_run,fail to reject the null hypothesis that the degree of vertical inequity is acceptable,1.0376936326834807,1.1004989129238476,1.0619106048959905,1.0881453334547777,0.994779595935346,-0.03061053238411808,step5_within_pm10_stop,not_run,,not_run,fail to reject the null hypothesis that the degree of vertical inequity is acceptable,1.1066967886686134,1.1736784099913755,1.132524108539079,1.1605033588044207,1.0609291120036322,True,2.605723560259824e-13
fit:LGBCovPenalty:a72f544c5161823f,Direct,100.0,,fold_3,1.066496655478833,ED2_APPLIED,,0.16154391430840045,step5_within_pm10_stop,not_run,,not_run,fail to reject the null hypothesis that the degree of vertical inequity is acceptable,1.0420429652546976,1.09810256367591,1.0605363680203128,1.0862846408785056,0.99327951322506,0.16154391430841003,step5_within_pm10_stop,not_run,,not_run,fail to reject the null hypothesis that the degree of vertical inequity is acceptable,1.1113353373093813,1.1711227115330909,1.1310584895073328,1.1585189363949522,1.0593292788101705,True,5.927597847549513e-14
fit:LGBCovPenalty:a72f544c5161823f,Direct,100.0,,fold_4,1.066496655478833,ED2_APPLIED,,11.918234078641206,step5_outside_pm10_escalate,ci_no_overlap_escalate,7.956307847954417,fail_to_reject_null,fail to reject the null hypothesis that the level of vertical inequity present is within acceptable limits,0.9236899551104707,0.9746559552157313,1.05169372928768,1.0680005198420917,0.9682603481934807,11.91823407864117,step5_outside_pm10_escalate,ci_no_overlap_escalate,7.956307847954427,fail_to_reject_null,fail to reject the null hypothesis that the level of vertical inequity present is within acceptable limits,0.9851122478247111,1.0394673164801052,1.1216278448733725,1.1390189824612464,1.032646422981118,True,2.980906110215906e-15
fit:LGBCovPenalty:a72f544c5161823f,Direct,100.0,,fold_5,1.066496655478833,ED2_APPLIED,,3.1279064168469928,step5_within_pm10_stop,not_run,,not_run,fail to reject the null hypothesis that the degree of vertical inequity is acceptable,1.0391283277488281,1.088209961629537,1.082317876856119,1.0993244144735244,0.9972268085991666,3.1279064168470114,step5_within_pm10_stop,not_run,,not_run,fail to reject the null hypothesis that the degree of vertical inequity is acceptable,1.1082268861574387,1.160572284536651,1.1542883958320032,1.1724258113222408,1.0635390561248421,True,5.96301305986771e-15
fit:LGBCovPenalty:a72f544c5161823f,Direct,100.0,,fold_6,1.066496655478833,ED2_APPLIED,,-6.204931156089682,step5_within_pm10_stop,not_run,,not_run,fail to reject the null hypothesis that the degree of vertical inequity is acceptable,1.1195222964619407,1.151502722569696,1.068450921412979,1.080753277639652,1.0179229856210135,-6.204931156089664,step5_within_pm10_stop,not_run,,not_run,fail to reject the null hypothesis that the degree of vertical inequity is acceptable,1.193966784910643,1.2280738023953521,1.1394993342302202,1.152619756000476,1.0856114596998399,True,2.8628147431690475e-15
fit:LGBCovPenalty:a72f544c5161823f,Direct,100.0,,fold_7,1.066496655478833,ED2_APPLIED,,-8.050433031092242,step5_within_pm10_stop,not_run,,not_run,fail to reject the null hypothesis that the degree of vertical inequity is acceptable,1.1097304662135539,1.15840843116952,1.045741233399408,1.0615220572425017,0.9926978445361737,-8.050433031092238,step5_within_pm10_stop,not_run,,not_run,fail to reject the null hypothesis that the degree of vertical inequity is acceptable,1.183523830699722,1.2354387175207757,1.115279527916779,1.132109723766139,1.0587089310988764,True,4.4130715268101383e-16
fit:LGBCovPenalty:a72f544c5161823f,Direct,100.0,,pooled_oof,1.066496655478833,NOT_APPLICABLE_FOR_ED2_INFERENCE,"ED2 App. D.2 is a rank-based order-statistic CI on distinct observations and has no row-balanced analogue; the pooled-OOF sample contains 20,988 unique rows twice, so the ED2 procedure is not applied there. No weighted variant was invented.",,,,,,,,,,,,,,,,,,,,,,,,
fit:LGBCovPenalty:a72f544c5161823f,Direct,100.0,,heldout,1.066496655478833,ED2_APPLIED,,0.7461041886769486,step5_within_pm10_stop,not_run,,not_run,fail to reject the null hypothesis that the degree of vertical inequity is acceptable,1.026788579549216,1.0580137073076759,1.040976097411058,1.0557140233234346,0.9675928306890242,0.7461041886769507,step5_within_pm10_stop,not_run,,not_run,fail to reject the null hypothesis that the degree of vertical inequity is acceptable,1.0950665859731012,1.1283680802943978,1.110197526322302,1.1259154750165465,1.0319345177951416,True,2.827250910530868e-15
fit:LGBCovPenalty:a72f544c5161823f,Direct,100.0,,forward_2025,1.066496655478833,ED2_APPLIED,,-4.541540029388903,step5_within_pm10_stop,not_run,,not_run,fail to reject the null hypothesis that the degree of vertical inequity is acceptable,1.0733241942673557,1.112127565614033,1.041238702830387,1.0578048035949201,0.9917583694750562,-4.541540029388876,step5_within_pm10_stop,not_run,,not_run,fail to reject the null hypothesis that the degree of vertical inequity is acceptable,1.1446966634306486,1.1860803291931834,1.110477594123727,1.1281452851834266,1.0577069840882887,True,6.0625978924617595e-15
fit:LGBSmoothPenalty:d5704816049673ad,Surrogate,100.0,,fold_1,1.1426916234337632,ED2_APPLIED,,-11.883173656903304,step5_outside_pm10_escalate,ci_no_overlap_escalate,6.824699838682901,fail_to_reject_null,fail to reject the null hypothesis that the level of vertical inequity present is within acceptable limits,1.0439306386606002,1.1216246915041292,0.9534429708150876,0.9793645528718883,0.9460648426286324,-11.883173656903317,step5_outside_pm10_escalate,ci_no_overlap_escalate,6.824699838682905,fail_to_reject_null,fail to reject the null hypothesis that the level of vertical inequity present is within acceptable limits,1.1928907962433255,1.281671139618246,1.0894912961722016,1.1191116708546587,1.0810603708969186,True,1.0463953683432176e-15
fit:LGBSmoothPenalty:d5704816049673ad,Surrogate,100.0,,fold_2,1.1426916234337632,ED2_APPLIED,,-12.133088447022761,step5_outside_pm10_escalate,ci_no_overlap_escalate,8.55820037072769,fail_to_reject_null,fail to reject the null hypothesis that the level of vertical inequity present is within acceptable limits,1.0561662396723066,1.111646970764728,0.9565249316878136,0.9734739831369182,0.9662341725279934,-12.133088447022768,step5_outside_pm10_escalate,ci_no_overlap_escalate,8.558200370727695,fail_to_reject_null,fail to reject the null hypothesis that the level of vertical inequity present is within acceptable limits,1.20687231502708,1.2702696817083712,1.0930130270452163,1.1123805661612558,1.1041076952231907,True,5.856239644692069e-16
fit:LGBSmoothPenalty:d5704816049673ad,Surrogate,100.0,,fold_3,1.1426916234337632,ED2_APPLIED,,-1.3151232709111211,step5_within_pm10_stop,not_run,,not_run,fail to reject the null hypothesis that the degree of vertical inequity is acceptable,0.9808139060982921,1.0246204846585438,0.9765133355421363,0.9923754458785357,0.9633262185753262,-1.3151232709111362,step5_within_pm10_stop,not_run,,not_run,fail to reject the null hypothesis that the degree of vertical inequity is acceptable,1.120767834645867,1.1708252450179597,1.1158536086953619,1.1339791093067475,1.1007848006001468,True,1.1481078214395428e-14
fit:LGBSmoothPenalty:d5704816049673ad,Surrogate,100.0,,fold_4,1.1426916234337632,ED2_APPLIED,,7.623357250628076,step5_within_pm10_stop,not_run,,not_run,fail to reject the null hypothesis that the degree of vertical inequity is acceptable,0.8717087236390176,0.90454180430186,0.9534590723784305,0.9666507236040648,0.9385014426865427,7.623357250628065,step5_within_pm10_stop,not_run,,not_run,fail to reject the null hypothesis that the degree of vertical inequity is acceptable,0.9960942565764419,1.033612342821397,1.0895096952937577,1.1045836846485497,1.0724177371384134,True,1.398090196484416e-15
fit:LGBSmoothPenalty:d5704816049673ad,Surrogate,100.0,,fold_5,1.1426916234337632,ED2_APPLIED,,3.533724258426627,step5_within_pm10_stop,not_run,,not_run,fail to reject the null hypothesis that the degree of vertical inequity is acceptable,0.9246598521710229,0.9502281461032797,0.9662002414341184,0.9804883028695259,0.9695987778843919,3.533724258426621,step5_within_pm10_stop,not_run,,not_run,fail to reject the null hypothesis that the degree of vertical inequity is acceptable,1.0566010676013287,1.0858177429032108,1.1040689224464457,1.120395770563793,1.1079524015801077,True,1.75940409698777e-15
fit:LGBSmoothPenalty:d5704816049673ad,Surrogate,100.0,,fold_6,1.1426916234337632,ED2_APPLIED,,-4.1724417469022965,step5_within_pm10_stop,not_run,,not_run,fail to reject the null hypothesis that the degree of vertical inequity is acceptable,1.0133283370578046,1.041435309701371,0.9829456662789395,0.9935140159497652,0.9881168642075633,-4.172441746902313,step5_within_pm10_stop,not_run,,not_run,fail to reject the null hypothesis that the degree of vertical inequity is acceptable,1.1579218025440172,1.1900394047439027,1.1232037791474625,1.1352801437898339,1.129112863703619,True,4.04448785578157e-15
fit:LGBSmoothPenalty:d5704816049673ad,Surrogate,100.0,,fold_7,1.1426916234337632,ED2_APPLIED,,-7.248098183459013,step5_within_pm10_stop,not_run,,not_run,fail to reject the null hypothesis that the degree of vertical inequity is acceptable,1.011221962178024,1.0439548502084013,0.9479203306547177,0.9589907716668519,0.9588385509953878,-7.248098183459001,step5_within_pm10_stop,not_run,,not_run,fail to reject the null hypothesis that the degree of vertical inequity is acceptable,1.155514865613081,1.1929184625761882,1.083180621521708,1.0958307217339913,1.0956567804477961,True,1.7155531783742522e-15
fit:LGBSmoothPenalty:d5704816049673ad,Surrogate,100.0,,pooled_oof,1.1426916234337632,NOT_APPLICABLE_FOR_ED2_INFERENCE,"ED2 App. D.2 is a rank-based order-statistic CI on distinct observations and has no row-balanced analogue; the pooled-OOF sample contains 20,988 unique rows twice, so the ED2 procedure is not applied there. No weighted variant was invented.",,,,,,,,,,,,,,,,,,,,,,,,
fit:LGBSmoothPenalty:d5704816049673ad,Surrogate,100.0,,heldout,1.1426916234337632,ED2_APPLIED,,4.01611843191782,step5_within_pm10_stop,not_run,,not_run,fail to reject the null hypothesis that the degree of vertical inequity is acceptable,0.8785380311352358,0.9095695609178173,0.926997294865037,0.9365497860449961,0.9225357447665429,4.016118431917817,step5_within_pm10_stop,not_run,,not_run,fail to reject the null hypothesis that the degree of vertical inequity is acceptable,1.0038980490462237,1.0393575181911148,1.0592720437880352,1.0701875954422992,1.0541738678629557,True,8.84613772981782e-16
fit:LGBSmoothPenalty:d5704816049673ad,Surrogate,100.0,,forward_2025,1.1426916234337632,ED2_APPLIED,,1.6516199941362943,step5_within_pm10_stop,not_run,,not_run,fail to reject the null hypothesis that the degree of vertical inequity is acceptable,0.8966318343333685,0.929098426804325,0.9235655302363927,0.9335820071150884,0.9476132843923124,1.651619994136328,step5_within_pm10_stop,not_run,,not_run,fail to reject the null hypothesis that the degree of vertical inequity is acceptable,1.024573686396789,1.0616729896547887,1.0553505950932869,1.0667963393188906,1.0828297623296508,True,2.0434954813110353e-14
