realization_key,evaluation,evaluation_role,guidance_status,adopted_reference,ed2_source_sha256,display_kind,reference_cell,family,role_label,j,ext_target,target,rho,b,attained,match_mode,max_achieved_dev_correction,config_id,source,n,n_groups,sample_median_ratio,VEI_step5,first_pg_n,last_pg_n,first_pg_median,last_pg_median,first_pg_ci_lo,first_pg_ci_hi,last_pg_ci_lo,last_pg_ci_hi,first_pg_ci_j,last_pg_ci_j,first_pg_ci_ranks,last_pg_ci_ranks,first_pg_n_parity,last_pg_n_parity,ci_rank_clamped,ci_method,ci_level,ed2_band_pct,step5_gate,step5_verdict,step6_result,step6_verdict,VEI_significance_step7,step7_outcome,step7_verdict,ed2_verdict,ed2_boundary_exact,canonical_vei_fn,step5_minus_canonical,frozen_VEI_value,frozen_minus_recomputed,first_pg_bootstrap_ci_lo_sensitivity,first_pg_bootstrap_ci_hi_sensitivity,last_pg_bootstrap_ci_lo_sensitivity,last_pg_bootstrap_ci_hi_sensitivity
fit:LGBCovPenalty:1fb838f7d6bfda88,fold_1,descriptive,May-2026 Exposure Draft / proposed guidance; not adopted IAAO guidance.,IAAO Standard on Ratio Studies (2013) remains the adopted/current guidance.,e950e00d0c3684dd067734d401e5278dcf659f471fcfb0d6db65c7584f7c56b8,reference_cell,C,Direct,REFERENCE,,,,0.0,,True,exact_anchor,,1fb838f7d6bfda88,output/paper_v6_preselection_994/predictions/data_id=d4929d43ec19badf/split_id=3d464d4a611b131b/fold_id=0/9d3e01b9e2dc2c03.parquet,5209.0,10.0,0.9586238685128134,-29.66023178425817,521.0,520.0,1.2405322628199997,0.956202201479877,1.1945244609881018,1.2955998478218897,0.9416342570122256,0.9697154204550478,19.0,20.0,242|280,241|280,odd,even,False,ED2 App. D.2 rank-based order statistic,0.9,10.0,step5_outside_pm10_escalate,a statistical test must be conducted; proceed to Step 6,ci_no_overlap_escalate,proceed to Step 7,23.4512250234096,reject_null,reject the null hypothesis and conclude there is statistical evidence that the level of vertical inequity present is outside of acceptable limits,reject the null hypothesis and conclude there is statistical evidence that the level of vertical inequity present is outside of acceptable limits,False,-29.66023178425817,0.0,-29.66023178425817,0.0,,,,
fit:LGBCovPenalty:1fb838f7d6bfda88,fold_1,descriptive,May-2026 Exposure Draft / proposed guidance; not adopted IAAO guidance.,IAAO Standard on Ratio Studies (2013) remains the adopted/current guidance.,e950e00d0c3684dd067734d401e5278dcf659f471fcfb0d6db65c7584f7c56b8,matched_beta_core,,Direct,PRIMARY,0.0,,-0.1382712285432577,0.0,,True,exact_anchor,,1fb838f7d6bfda88,output/paper_v6_preselection_994/predictions/data_id=d4929d43ec19badf/split_id=3d464d4a611b131b/fold_id=0/9d3e01b9e2dc2c03.parquet,5209.0,10.0,0.9586238685128134,-29.66023178425817,521.0,520.0,1.2405322628199997,0.956202201479877,1.1945244609881018,1.2955998478218897,0.9416342570122256,0.9697154204550478,19.0,20.0,242|280,241|280,odd,even,False,ED2 App. D.2 rank-based order statistic,0.9,10.0,step5_outside_pm10_escalate,a statistical test must be conducted; proceed to Step 6,ci_no_overlap_escalate,proceed to Step 7,23.4512250234096,reject_null,reject the null hypothesis and conclude there is statistical evidence that the level of vertical inequity present is outside of acceptable limits,reject the null hypothesis and conclude there is statistical evidence that the level of vertical inequity present is outside of acceptable limits,False,-29.66023178425817,0.0,-29.66023178425817,0.0,,,,
fit:LGBCovPenalty:1fb838f7d6bfda88,fold_2,descriptive,May-2026 Exposure Draft / proposed guidance; not adopted IAAO guidance.,IAAO Standard on Ratio Studies (2013) remains the adopted/current guidance.,e950e00d0c3684dd067734d401e5278dcf659f471fcfb0d6db65c7584f7c56b8,reference_cell,C,Direct,REFERENCE,,,,0.0,,True,exact_anchor,,1fb838f7d6bfda88,output/paper_v6_preselection_994/predictions/data_id=d4929d43ec19badf/split_id=3d464d4a611b131b/fold_id=1/f6d5990c8c05e8f7.parquet,11197.0,10.0,0.9766275799274027,-28.40536451509306,1120.0,1119.0,1.2383882619825313,0.9609736379492207,1.2034463871349483,1.2780209113052894,0.9502954757087164,0.9726460581600811,29.0,28.0,532|589,532|588,even,odd,False,ED2 App. D.2 rank-based order statistic,0.9,10.0,step5_outside_pm10_escalate,a statistical test must be conducted; proceed to Step 6,ci_no_overlap_escalate,proceed to Step 7,23.63237878168705,reject_null,reject the null hypothesis and conclude there is statistical evidence that the level of vertical inequity present is outside of acceptable limits,reject the null hypothesis and conclude there is statistical evidence that the level of vertical inequity present is outside of acceptable limits,False,-28.40536451509306,0.0,-28.40536451509306,0.0,,,,
fit:LGBCovPenalty:1fb838f7d6bfda88,fold_2,descriptive,May-2026 Exposure Draft / proposed guidance; not adopted IAAO guidance.,IAAO Standard on Ratio Studies (2013) remains the adopted/current guidance.,e950e00d0c3684dd067734d401e5278dcf659f471fcfb0d6db65c7584f7c56b8,matched_beta_core,,Direct,PRIMARY,0.0,,-0.1382712285432577,0.0,,True,exact_anchor,,1fb838f7d6bfda88,output/paper_v6_preselection_994/predictions/data_id=d4929d43ec19badf/split_id=3d464d4a611b131b/fold_id=1/f6d5990c8c05e8f7.parquet,11197.0,10.0,0.9766275799274027,-28.40536451509306,1120.0,1119.0,1.2383882619825313,0.9609736379492207,1.2034463871349483,1.2780209113052894,0.9502954757087164,0.9726460581600811,29.0,28.0,532|589,532|588,even,odd,False,ED2 App. D.2 rank-based order statistic,0.9,10.0,step5_outside_pm10_escalate,a statistical test must be conducted; proceed to Step 6,ci_no_overlap_escalate,proceed to Step 7,23.63237878168705,reject_null,reject the null hypothesis and conclude there is statistical evidence that the level of vertical inequity present is outside of acceptable limits,reject the null hypothesis and conclude there is statistical evidence that the level of vertical inequity present is outside of acceptable limits,False,-28.40536451509306,0.0,-28.40536451509306,0.0,,,,
fit:LGBCovPenalty:1fb838f7d6bfda88,fold_3,descriptive,May-2026 Exposure Draft / proposed guidance; not adopted IAAO guidance.,IAAO Standard on Ratio Studies (2013) remains the adopted/current guidance.,e950e00d0c3684dd067734d401e5278dcf659f471fcfb0d6db65c7584f7c56b8,reference_cell,C,Direct,REFERENCE,,,,0.0,,True,exact_anchor,,1fb838f7d6bfda88,output/paper_v6_preselection_994/predictions/data_id=d4929d43ec19badf/split_id=3d464d4a611b131b/fold_id=2/d86ad432fcd86ed4.parquet,16798.0,10.0,0.9743796964628841,-24.59158471805368,1680.0,1679.0,1.2090512884683955,0.969435879937211,1.173583634441495,1.233061994222962,0.9608474724685959,0.978394168021057,35.0,34.0,806|875,806|874,even,odd,False,ED2 App. D.2 rank-based order statistic,0.9,10.0,step5_outside_pm10_escalate,a statistical test must be conducted; proceed to Step 6,ci_no_overlap_escalate,proceed to Step 7,20.032177099851236,reject_null,reject the null hypothesis and conclude there is statistical evidence that the level of vertical inequity present is outside of acceptable limits,reject the null hypothesis and conclude there is statistical evidence that the level of vertical inequity present is outside of acceptable limits,False,-24.59158471805368,0.0,-24.59158471805368,0.0,,,,
fit:LGBCovPenalty:1fb838f7d6bfda88,fold_3,descriptive,May-2026 Exposure Draft / proposed guidance; not adopted IAAO guidance.,IAAO Standard on Ratio Studies (2013) remains the adopted/current guidance.,e950e00d0c3684dd067734d401e5278dcf659f471fcfb0d6db65c7584f7c56b8,matched_beta_core,,Direct,PRIMARY,0.0,,-0.1382712285432577,0.0,,True,exact_anchor,,1fb838f7d6bfda88,output/paper_v6_preselection_994/predictions/data_id=d4929d43ec19badf/split_id=3d464d4a611b131b/fold_id=2/d86ad432fcd86ed4.parquet,16798.0,10.0,0.9743796964628841,-24.59158471805368,1680.0,1679.0,1.2090512884683955,0.969435879937211,1.173583634441495,1.233061994222962,0.9608474724685959,0.978394168021057,35.0,34.0,806|875,806|874,even,odd,False,ED2 App. D.2 rank-based order statistic,0.9,10.0,step5_outside_pm10_escalate,a statistical test must be conducted; proceed to Step 6,ci_no_overlap_escalate,proceed to Step 7,20.032177099851236,reject_null,reject the null hypothesis and conclude there is statistical evidence that the level of vertical inequity present is outside of acceptable limits,reject the null hypothesis and conclude there is statistical evidence that the level of vertical inequity present is outside of acceptable limits,False,-24.59158471805368,0.0,-24.59158471805368,0.0,,,,
fit:LGBCovPenalty:1fb838f7d6bfda88,fold_4,descriptive,May-2026 Exposure Draft / proposed guidance; not adopted IAAO guidance.,IAAO Standard on Ratio Studies (2013) remains the adopted/current guidance.,e950e00d0c3684dd067734d401e5278dcf659f471fcfb0d6db65c7584f7c56b8,reference_cell,C,Direct,REFERENCE,,,,0.0,,True,exact_anchor,,1fb838f7d6bfda88,output/paper_v6_preselection_994/predictions/data_id=d4929d43ec19badf/split_id=3d464d4a611b131b/fold_id=3/14ac898e55a1912f.parquet,22323.0,10.0,0.9459696013131542,-15.326001127773674,2233.0,2232.0,1.0938501704418262,0.948870858676176,1.0713868374768325,1.1171275239331673,0.9422480025131027,0.9542533057728766,39.0,40.0,1078|1156,1077|1156,odd,even,False,ED2 App. D.2 rank-based order statistic,0.9,10.0,step5_outside_pm10_escalate,a statistical test must be conducted; proceed to Step 6,ci_no_overlap_escalate,proceed to Step 7,12.382377989880032,reject_null,reject the null hypothesis and conclude there is statistical evidence that the level of vertical inequity present is outside of acceptable limits,reject the null hypothesis and conclude there is statistical evidence that the level of vertical inequity present is outside of acceptable limits,False,-15.326001127773674,0.0,-15.326001127773674,0.0,,,,
fit:LGBCovPenalty:1fb838f7d6bfda88,fold_4,descriptive,May-2026 Exposure Draft / proposed guidance; not adopted IAAO guidance.,IAAO Standard on Ratio Studies (2013) remains the adopted/current guidance.,e950e00d0c3684dd067734d401e5278dcf659f471fcfb0d6db65c7584f7c56b8,matched_beta_core,,Direct,PRIMARY,0.0,,-0.1382712285432577,0.0,,True,exact_anchor,,1fb838f7d6bfda88,output/paper_v6_preselection_994/predictions/data_id=d4929d43ec19badf/split_id=3d464d4a611b131b/fold_id=3/14ac898e55a1912f.parquet,22323.0,10.0,0.9459696013131542,-15.326001127773674,2233.0,2232.0,1.0938501704418262,0.948870858676176,1.0713868374768325,1.1171275239331673,0.9422480025131027,0.9542533057728766,39.0,40.0,1078|1156,1077|1156,odd,even,False,ED2 App. D.2 rank-based order statistic,0.9,10.0,step5_outside_pm10_escalate,a statistical test must be conducted; proceed to Step 6,ci_no_overlap_escalate,proceed to Step 7,12.382377989880032,reject_null,reject the null hypothesis and conclude there is statistical evidence that the level of vertical inequity present is outside of acceptable limits,reject the null hypothesis and conclude there is statistical evidence that the level of vertical inequity present is outside of acceptable limits,False,-15.326001127773674,0.0,-15.326001127773674,0.0,,,,
fit:LGBCovPenalty:1fb838f7d6bfda88,fold_5,descriptive,May-2026 Exposure Draft / proposed guidance; not adopted IAAO guidance.,IAAO Standard on Ratio Studies (2013) remains the adopted/current guidance.,e950e00d0c3684dd067734d401e5278dcf659f471fcfb0d6db65c7584f7c56b8,reference_cell,C,Direct,REFERENCE,,,,0.0,,True,exact_anchor,,1fb838f7d6bfda88,output/paper_v6_preselection_994/predictions/data_id=d4929d43ec19badf/split_id=3d464d4a611b131b/fold_id=4/7ecaa45076f922f6.parquet,28053.0,10.0,0.9674282648872008,-21.47164884502159,2806.0,2805.0,1.1637638427763155,0.9560410429122504,1.148606690309726,1.1824536094064897,0.9502983623630172,0.9613930948131728,45.0,44.0,1359|1448,1359|1447,even,odd,False,ED2 App. D.2 rank-based order statistic,0.9,10.0,step5_outside_pm10_escalate,a statistical test must be conducted; proceed to Step 6,ci_no_overlap_escalate,proceed to Step 7,19.351677255200084,reject_null,reject the null hypothesis and conclude there is statistical evidence that the level of vertical inequity present is outside of acceptable limits,reject the null hypothesis and conclude there is statistical evidence that the level of vertical inequity present is outside of acceptable limits,False,-21.47164884502159,0.0,-21.47164884502159,0.0,,,,
fit:LGBCovPenalty:1fb838f7d6bfda88,fold_5,descriptive,May-2026 Exposure Draft / proposed guidance; not adopted IAAO guidance.,IAAO Standard on Ratio Studies (2013) remains the adopted/current guidance.,e950e00d0c3684dd067734d401e5278dcf659f471fcfb0d6db65c7584f7c56b8,matched_beta_core,,Direct,PRIMARY,0.0,,-0.1382712285432577,0.0,,True,exact_anchor,,1fb838f7d6bfda88,output/paper_v6_preselection_994/predictions/data_id=d4929d43ec19badf/split_id=3d464d4a611b131b/fold_id=4/7ecaa45076f922f6.parquet,28053.0,10.0,0.9674282648872008,-21.47164884502159,2806.0,2805.0,1.1637638427763155,0.9560410429122504,1.148606690309726,1.1824536094064897,0.9502983623630172,0.9613930948131728,45.0,44.0,1359|1448,1359|1447,even,odd,False,ED2 App. D.2 rank-based order statistic,0.9,10.0,step5_outside_pm10_escalate,a statistical test must be conducted; proceed to Step 6,ci_no_overlap_escalate,proceed to Step 7,19.351677255200084,reject_null,reject the null hypothesis and conclude there is statistical evidence that the level of vertical inequity present is outside of acceptable limits,reject the null hypothesis and conclude there is statistical evidence that the level of vertical inequity present is outside of acceptable limits,False,-21.47164884502159,0.0,-21.47164884502159,0.0,,,,
fit:LGBCovPenalty:1fb838f7d6bfda88,fold_6,descriptive,May-2026 Exposure Draft / proposed guidance; not adopted IAAO guidance.,IAAO Standard on Ratio Studies (2013) remains the adopted/current guidance.,e950e00d0c3684dd067734d401e5278dcf659f471fcfb0d6db65c7584f7c56b8,reference_cell,C,Direct,REFERENCE,,,,0.0,,True,exact_anchor,,1fb838f7d6bfda88,output/paper_v6_preselection_994/predictions/data_id=d4929d43ec19badf/split_id=3d464d4a611b131b/fold_id=5/acebdcec841654f9.parquet,33113.0,10.0,0.9789919066088278,-32.33745484389421,3312.0,3311.0,1.2688155704636985,0.9522345047386899,1.2481115956451596,1.2906874037302853,0.9457210421766642,0.9566871040277076,48.0,48.0,1609|1704,1608|1704,even,odd,False,ED2 App. D.2 rank-based order statistic,0.9,10.0,step5_outside_pm10_escalate,a statistical test must be conducted; proceed to Step 6,ci_no_overlap_escalate,proceed to Step 7,29.76781418213454,reject_null,reject the null hypothesis and conclude there is statistical evidence that the level of vertical inequity present is outside of acceptable limits,reject the null hypothesis and conclude there is statistical evidence that the level of vertical inequity present is outside of acceptable limits,False,-32.33745484389421,0.0,-32.33745484389421,0.0,,,,
fit:LGBCovPenalty:1fb838f7d6bfda88,fold_6,descriptive,May-2026 Exposure Draft / proposed guidance; not adopted IAAO guidance.,IAAO Standard on Ratio Studies (2013) remains the adopted/current guidance.,e950e00d0c3684dd067734d401e5278dcf659f471fcfb0d6db65c7584f7c56b8,matched_beta_core,,Direct,PRIMARY,0.0,,-0.1382712285432577,0.0,,True,exact_anchor,,1fb838f7d6bfda88,output/paper_v6_preselection_994/predictions/data_id=d4929d43ec19badf/split_id=3d464d4a611b131b/fold_id=5/acebdcec841654f9.parquet,33113.0,10.0,0.9789919066088278,-32.33745484389421,3312.0,3311.0,1.2688155704636985,0.9522345047386899,1.2481115956451596,1.2906874037302853,0.9457210421766642,0.9566871040277076,48.0,48.0,1609|1704,1608|1704,even,odd,False,ED2 App. D.2 rank-based order statistic,0.9,10.0,step5_outside_pm10_escalate,a statistical test must be conducted; proceed to Step 6,ci_no_overlap_escalate,proceed to Step 7,29.76781418213454,reject_null,reject the null hypothesis and conclude there is statistical evidence that the level of vertical inequity present is outside of acceptable limits,reject the null hypothesis and conclude there is statistical evidence that the level of vertical inequity present is outside of acceptable limits,False,-32.33745484389421,0.0,-32.33745484389421,0.0,,,,
fit:LGBCovPenalty:1fb838f7d6bfda88,fold_7,descriptive,May-2026 Exposure Draft / proposed guidance; not adopted IAAO guidance.,IAAO Standard on Ratio Studies (2013) remains the adopted/current guidance.,e950e00d0c3684dd067734d401e5278dcf659f471fcfb0d6db65c7584f7c56b8,reference_cell,C,Direct,REFERENCE,,,,0.0,,True,exact_anchor,,1fb838f7d6bfda88,output/paper_v6_preselection_994/predictions/data_id=d4929d43ec19badf/split_id=3d464d4a611b131b/fold_id=6/beb6c55f24e1f372.parquet,34460.0,10.0,0.9509775510716072,-35.53979317533932,3446.0,3446.0,1.2710703551948406,0.9330949004000846,1.2428222016508759,1.2941996306207453,0.9281429830959058,0.9378144885021676,49.0,49.0,1675|1772,1675|1772,even,even,False,ED2 App. D.2 rank-based order statistic,0.9,10.0,step5_outside_pm10_escalate,a statistical test must be conducted; proceed to Step 6,ci_no_overlap_escalate,proceed to Step 7,32.07307184118183,reject_null,reject the null hypothesis and conclude there is statistical evidence that the level of vertical inequity present is outside of acceptable limits,reject the null hypothesis and conclude there is statistical evidence that the level of vertical inequity present is outside of acceptable limits,False,-35.53979317533932,0.0,-35.53979317533932,0.0,,,,
fit:LGBCovPenalty:1fb838f7d6bfda88,fold_7,descriptive,May-2026 Exposure Draft / proposed guidance; not adopted IAAO guidance.,IAAO Standard on Ratio Studies (2013) remains the adopted/current guidance.,e950e00d0c3684dd067734d401e5278dcf659f471fcfb0d6db65c7584f7c56b8,matched_beta_core,,Direct,PRIMARY,0.0,,-0.1382712285432577,0.0,,True,exact_anchor,,1fb838f7d6bfda88,output/paper_v6_preselection_994/predictions/data_id=d4929d43ec19badf/split_id=3d464d4a611b131b/fold_id=6/beb6c55f24e1f372.parquet,34460.0,10.0,0.9509775510716072,-35.53979317533932,3446.0,3446.0,1.2710703551948406,0.9330949004000846,1.2428222016508759,1.2941996306207453,0.9281429830959058,0.9378144885021676,49.0,49.0,1675|1772,1675|1772,even,even,False,ED2 App. D.2 rank-based order statistic,0.9,10.0,step5_outside_pm10_escalate,a statistical test must be conducted; proceed to Step 6,ci_no_overlap_escalate,proceed to Step 7,32.07307184118183,reject_null,reject the null hypothesis and conclude there is statistical evidence that the level of vertical inequity present is outside of acceptable limits,reject the null hypothesis and conclude there is statistical evidence that the level of vertical inequity present is outside of acceptable limits,False,-35.53979317533932,0.0,-35.53979317533932,0.0,,,,
fit:LGBCovPenalty:1fb838f7d6bfda88,pooled_oof,not_applicable,May-2026 Exposure Draft / proposed guidance; not adopted IAAO guidance.,IAAO Standard on Ratio Studies (2013) remains the adopted/current guidance.,e950e00d0c3684dd067734d401e5278dcf659f471fcfb0d6db65c7584f7c56b8,reference_cell,C,Direct,REFERENCE,,,,0.0,,True,exact_anchor,,1fb838f7d6bfda88,"ED2 App. D.2 is a rank-based order-statistic CI on distinct observations and has no row-balanced analogue; the pooled-OOF sample contains 20,988 unique rows twice, so the ED2 procedure is not applied there. No weighted variant was invented.",,,,,,,,,,,,,,,,,,,,,,,,,,,,,,,,,,,,,,,
fit:LGBCovPenalty:1fb838f7d6bfda88,pooled_oof,not_applicable,May-2026 Exposure Draft / proposed guidance; not adopted IAAO guidance.,IAAO Standard on Ratio Studies (2013) remains the adopted/current guidance.,e950e00d0c3684dd067734d401e5278dcf659f471fcfb0d6db65c7584f7c56b8,matched_beta_core,,Direct,PRIMARY,0.0,,-0.1382712285432577,0.0,,True,exact_anchor,,1fb838f7d6bfda88,"ED2 App. D.2 is a rank-based order-statistic CI on distinct observations and has no row-balanced analogue; the pooled-OOF sample contains 20,988 unique rows twice, so the ED2 procedure is not applied there. No weighted variant was invented.",,,,,,,,,,,,,,,,,,,,,,,,,,,,,,,,,,,,,,,
fit:LGBCovPenalty:1fb838f7d6bfda88,heldout,standards_facing,May-2026 Exposure Draft / proposed guidance; not adopted IAAO guidance.,IAAO Standard on Ratio Studies (2013) remains the adopted/current guidance.,e950e00d0c3684dd067734d401e5278dcf659f471fcfb0d6db65c7584f7c56b8,reference_cell,C,Direct,REFERENCE,,,,0.0,,True,exact_anchor,,1fb838f7d6bfda88,output/paper_v6_preselection_994/reporting_preview/heldout/LGBCovPenalty/chunk_00/analysis/data_id=d4929d43ec19badf/split_id=3d464d4a611b131b/test_run_predictions/1fb838f7d6bfda88.parquet,38290.0,10.0,0.9275481846415189,-26.166623718966303,3829.0,3829.0,1.1470005663955987,0.9042925231083496,1.1271006597659166,1.1704696558110004,0.8994507072619561,0.9096325454221507,51.0,51.0,1864|1966,1864|1966,odd,odd,False,ED2 App. D.2 rank-based order statistic,0.9,10.0,step5_outside_pm10_escalate,a statistical test must be conducted; proceed to Step 6,ci_no_overlap_escalate,proceed to Step 7,23.445478945960474,reject_null,reject the null hypothesis and conclude there is statistical evidence that the level of vertical inequity present is outside of acceptable limits,reject the null hypothesis and conclude there is statistical evidence that the level of vertical inequity present is outside of acceptable limits,False,-26.166623718966303,0.0,-26.166623718966303,0.0,1.1274520348925048,1.1692878057458933,0.8993991383896573,0.9096325454221507
fit:LGBCovPenalty:1fb838f7d6bfda88,heldout,standards_facing,May-2026 Exposure Draft / proposed guidance; not adopted IAAO guidance.,IAAO Standard on Ratio Studies (2013) remains the adopted/current guidance.,e950e00d0c3684dd067734d401e5278dcf659f471fcfb0d6db65c7584f7c56b8,matched_beta_core,,Direct,PRIMARY,0.0,,-0.1382712285432577,0.0,,True,exact_anchor,,1fb838f7d6bfda88,output/paper_v6_preselection_994/reporting_preview/heldout/LGBCovPenalty/chunk_00/analysis/data_id=d4929d43ec19badf/split_id=3d464d4a611b131b/test_run_predictions/1fb838f7d6bfda88.parquet,38290.0,10.0,0.9275481846415189,-26.166623718966303,3829.0,3829.0,1.1470005663955987,0.9042925231083496,1.1271006597659166,1.1704696558110004,0.8994507072619561,0.9096325454221507,51.0,51.0,1864|1966,1864|1966,odd,odd,False,ED2 App. D.2 rank-based order statistic,0.9,10.0,step5_outside_pm10_escalate,a statistical test must be conducted; proceed to Step 6,ci_no_overlap_escalate,proceed to Step 7,23.445478945960474,reject_null,reject the null hypothesis and conclude there is statistical evidence that the level of vertical inequity present is outside of acceptable limits,reject the null hypothesis and conclude there is statistical evidence that the level of vertical inequity present is outside of acceptable limits,False,-26.166623718966303,0.0,-26.166623718966303,0.0,1.1274520348925048,1.1692878057458933,0.8993991383896573,0.9096325454221507
fit:LGBCovPenalty:1fb838f7d6bfda88,forward_2025,standards_facing,May-2026 Exposure Draft / proposed guidance; not adopted IAAO guidance.,IAAO Standard on Ratio Studies (2013) remains the adopted/current guidance.,e950e00d0c3684dd067734d401e5278dcf659f471fcfb0d6db65c7584f7c56b8,reference_cell,C,Direct,REFERENCE,,,,0.0,,True,exact_anchor,,1fb838f7d6bfda88,output/paper_v6_preselection_994/reporting_preview/forward_2025/LGBCovPenalty/chunk_00/analysis/data_id=d4929d43ec19badf/split_id=3d464d4a611b131b/assess_run_predictions/1fb838f7d6bfda88.parquet,26641.0,10.0,0.9464364099783898,-28.407155342585,2665.0,2664.0,1.1810908902616515,0.9122352290603056,1.1621096472273593,1.2073857872672187,0.9059376703535383,0.9188972163110374,43.0,43.0,1290|1376,1290|1375,odd,even,False,ED2 App. D.2 rank-based order statistic,0.9,10.0,step5_outside_pm10_escalate,a statistical test must be conducted; proceed to Step 6,ci_no_overlap_escalate,proceed to Step 7,25.697704394305294,reject_null,reject the null hypothesis and conclude there is statistical evidence that the level of vertical inequity present is outside of acceptable limits,reject the null hypothesis and conclude there is statistical evidence that the level of vertical inequity present is outside of acceptable limits,False,-28.407155342585,0.0,-28.407155342585,0.0,1.1620995999591857,1.2065659108511804,0.9058125007812932,0.9193235078190276
fit:LGBCovPenalty:1fb838f7d6bfda88,forward_2025,standards_facing,May-2026 Exposure Draft / proposed guidance; not adopted IAAO guidance.,IAAO Standard on Ratio Studies (2013) remains the adopted/current guidance.,e950e00d0c3684dd067734d401e5278dcf659f471fcfb0d6db65c7584f7c56b8,matched_beta_core,,Direct,PRIMARY,0.0,,-0.1382712285432577,0.0,,True,exact_anchor,,1fb838f7d6bfda88,output/paper_v6_preselection_994/reporting_preview/forward_2025/LGBCovPenalty/chunk_00/analysis/data_id=d4929d43ec19badf/split_id=3d464d4a611b131b/assess_run_predictions/1fb838f7d6bfda88.parquet,26641.0,10.0,0.9464364099783898,-28.407155342585,2665.0,2664.0,1.1810908902616515,0.9122352290603056,1.1621096472273593,1.2073857872672187,0.9059376703535383,0.9188972163110374,43.0,43.0,1290|1376,1290|1375,odd,even,False,ED2 App. D.2 rank-based order statistic,0.9,10.0,step5_outside_pm10_escalate,a statistical test must be conducted; proceed to Step 6,ci_no_overlap_escalate,proceed to Step 7,25.697704394305294,reject_null,reject the null hypothesis and conclude there is statistical evidence that the level of vertical inequity present is outside of acceptable limits,reject the null hypothesis and conclude there is statistical evidence that the level of vertical inequity present is outside of acceptable limits,False,-28.407155342585,0.0,-28.407155342585,0.0,1.1620995999591857,1.2065659108511804,0.9058125007812932,0.9193235078190276
fit:LGBMRegressor:252a25d9c0ce796b,fold_1,descriptive,May-2026 Exposure Draft / proposed guidance; not adopted IAAO guidance.,IAAO Standard on Ratio Studies (2013) remains the adopted/current guidance.,e950e00d0c3684dd067734d401e5278dcf659f471fcfb0d6db65c7584f7c56b8,reference_cell,A,A-native,REFERENCE,,,,,,True,native_baseline,,252a25d9c0ce796b,output/p0_major_revision_validation/zero_reference_fits/cell=A/block=fold_1_train/eval_predictions.parquet,5209.0,10.0,0.9591811236028667,-32.35829915219271,521.0,520.0,1.2698149915051953,0.9594402941184164,1.2074168926352116,1.296616818630791,0.9459346120474849,0.9747089837801153,19.0,20.0,242|280,241|280,odd,even,False,ED2 App. D.2 rank-based order statistic,0.9,10.0,step5_outside_pm10_escalate,a statistical test must be conducted; proceed to Step 6,ci_no_overlap_escalate,proceed to Step 7,24.2611018011907,reject_null,reject the null hypothesis and conclude there is statistical evidence that the level of vertical inequity present is outside of acceptable limits,reject the null hypothesis and conclude there is statistical evidence that the level of vertical inequity present is outside of acceptable limits,False,-32.35829915219271,0.0,-32.35829915219271,0.0,,,,
fit:LGBMRegressor:252a25d9c0ce796b,fold_2,descriptive,May-2026 Exposure Draft / proposed guidance; not adopted IAAO guidance.,IAAO Standard on Ratio Studies (2013) remains the adopted/current guidance.,e950e00d0c3684dd067734d401e5278dcf659f471fcfb0d6db65c7584f7c56b8,reference_cell,A,A-native,REFERENCE,,,,,,True,native_baseline,,252a25d9c0ce796b,output/p0_major_revision_validation/zero_reference_fits/cell=A/block=fold_2_train/eval_predictions.parquet,11197.0,10.0,0.9761076493307327,-28.31754944130983,1120.0,1119.0,1.2402258069326741,0.9638160407330367,1.218441064424605,1.280983972235892,0.9543658132753027,0.9697022648406787,29.0,28.0,532|589,532|588,even,odd,False,ED2 App. D.2 rank-based order statistic,0.9,10.0,step5_outside_pm10_escalate,a statistical test must be conducted; proceed to Step 6,ci_no_overlap_escalate,proceed to Step 7,25.482722090588467,reject_null,reject the null hypothesis and conclude there is statistical evidence that the level of vertical inequity present is outside of acceptable limits,reject the null hypothesis and conclude there is statistical evidence that the level of vertical inequity present is outside of acceptable limits,False,-28.31754944130983,0.0,-28.31754944130983,0.0,,,,
fit:LGBMRegressor:252a25d9c0ce796b,fold_3,descriptive,May-2026 Exposure Draft / proposed guidance; not adopted IAAO guidance.,IAAO Standard on Ratio Studies (2013) remains the adopted/current guidance.,e950e00d0c3684dd067734d401e5278dcf659f471fcfb0d6db65c7584f7c56b8,reference_cell,A,A-native,REFERENCE,,,,,,True,native_baseline,,252a25d9c0ce796b,output/p0_major_revision_validation/zero_reference_fits/cell=A/block=fold_3_train/eval_predictions.parquet,16798.0,10.0,0.9747670864053808,-23.956537334358284,1680.0,1679.0,1.2025708892786775,0.969050448300936,1.171178928688978,1.2341758770986788,0.9599709389092805,0.9772765246516983,35.0,34.0,806|875,806|874,even,odd,False,ED2 App. D.2 rank-based order statistic,0.9,10.0,step5_outside_pm10_escalate,a statistical test must be conducted; proceed to Step 6,ci_no_overlap_escalate,proceed to Step 7,19.892178012732018,reject_null,reject the null hypothesis and conclude there is statistical evidence that the level of vertical inequity present is outside of acceptable limits,reject the null hypothesis and conclude there is statistical evidence that the level of vertical inequity present is outside of acceptable limits,False,-23.956537334358284,0.0,-23.956537334358284,0.0,,,,
fit:LGBMRegressor:252a25d9c0ce796b,fold_4,descriptive,May-2026 Exposure Draft / proposed guidance; not adopted IAAO guidance.,IAAO Standard on Ratio Studies (2013) remains the adopted/current guidance.,e950e00d0c3684dd067734d401e5278dcf659f471fcfb0d6db65c7584f7c56b8,reference_cell,A,A-native,REFERENCE,,,,,,True,native_baseline,,252a25d9c0ce796b,output/p0_major_revision_validation/zero_reference_fits/cell=A/block=fold_4_train/eval_predictions.parquet,22323.0,10.0,0.9485783226027364,-15.016204528154734,2233.0,2232.0,1.092199891452972,0.9497594304212057,1.063742365696418,1.118532003407259,0.9419052689429164,0.9574795489307761,39.0,40.0,1078|1156,1077|1156,odd,even,False,ED2 App. D.2 rank-based order statistic,0.9,10.0,step5_outside_pm10_escalate,a statistical test must be conducted; proceed to Step 6,ci_no_overlap_escalate,proceed to Step 7,11.202323965624146,reject_null,reject the null hypothesis and conclude there is statistical evidence that the level of vertical inequity present is outside of acceptable limits,reject the null hypothesis and conclude there is statistical evidence that the level of vertical inequity present is outside of acceptable limits,False,-15.016204528154734,0.0,-15.016204528154734,0.0,,,,
fit:LGBMRegressor:252a25d9c0ce796b,fold_5,descriptive,May-2026 Exposure Draft / proposed guidance; not adopted IAAO guidance.,IAAO Standard on Ratio Studies (2013) remains the adopted/current guidance.,e950e00d0c3684dd067734d401e5278dcf659f471fcfb0d6db65c7584f7c56b8,reference_cell,A,A-native,REFERENCE,,,,,,True,native_baseline,,252a25d9c0ce796b,output/p0_major_revision_validation/zero_reference_fits/cell=A/block=fold_5_train/eval_predictions.parquet,28053.0,10.0,0.9674367887848467,-22.53448746484725,2806.0,2805.0,1.1719440859635393,0.9539371640644972,1.1486590014347189,1.193417740013413,0.9469860381703196,0.9591613647256358,45.0,44.0,1359|1448,1359|1447,even,odd,False,ED2 App. D.2 rank-based order statistic,0.9,10.0,step5_outside_pm10_escalate,a statistical test must be conducted; proceed to Step 6,ci_no_overlap_escalate,proceed to Step 7,19.587598787420767,reject_null,reject the null hypothesis and conclude there is statistical evidence that the level of vertical inequity present is outside of acceptable limits,reject the null hypothesis and conclude there is statistical evidence that the level of vertical inequity present is outside of acceptable limits,False,-22.53448746484725,0.0,-22.53448746484725,0.0,,,,
fit:LGBMRegressor:252a25d9c0ce796b,fold_6,descriptive,May-2026 Exposure Draft / proposed guidance; not adopted IAAO guidance.,IAAO Standard on Ratio Studies (2013) remains the adopted/current guidance.,e950e00d0c3684dd067734d401e5278dcf659f471fcfb0d6db65c7584f7c56b8,reference_cell,A,A-native,REFERENCE,,,,,,True,native_baseline,,252a25d9c0ce796b,output/p0_major_revision_validation/zero_reference_fits/cell=A/block=fold_6_train/eval_predictions.parquet,33113.0,10.0,0.9750653129901582,-32.37582663375991,3312.0,3311.0,1.2659836198022192,0.9502981645025972,1.2383239415056637,1.2900604333071806,0.9453304718954619,0.9551664135336537,48.0,48.0,1609|1704,1608|1704,even,odd,False,ED2 App. D.2 rank-based order statistic,0.9,10.0,step5_outside_pm10_escalate,a statistical test must be conducted; proceed to Step 6,ci_no_overlap_escalate,proceed to Step 7,29.03985242831298,reject_null,reject the null hypothesis and conclude there is statistical evidence that the level of vertical inequity present is outside of acceptable limits,reject the null hypothesis and conclude there is statistical evidence that the level of vertical inequity present is outside of acceptable limits,False,-32.37582663375991,0.0,-32.37582663375991,0.0,,,,
fit:LGBMRegressor:252a25d9c0ce796b,fold_7,descriptive,May-2026 Exposure Draft / proposed guidance; not adopted IAAO guidance.,IAAO Standard on Ratio Studies (2013) remains the adopted/current guidance.,e950e00d0c3684dd067734d401e5278dcf659f471fcfb0d6db65c7584f7c56b8,reference_cell,A,A-native,REFERENCE,,,,,,True,native_baseline,,252a25d9c0ce796b,output/p0_major_revision_validation/zero_reference_fits/cell=A/block=fold_7_train/eval_predictions.parquet,34460.0,10.0,0.9521156637431685,-36.04619694101147,3446.0,3446.0,1.2743459225276856,0.9311444352686046,1.25945816379179,1.3021249197472797,0.9271311200968898,0.9361369953540116,49.0,49.0,1675|1772,1675|1772,even,even,False,ED2 App. D.2 rank-based order statistic,0.9,10.0,step5_outside_pm10_escalate,a statistical test must be conducted; proceed to Step 6,ci_no_overlap_escalate,proceed to Step 7,33.95818184175928,reject_null,reject the null hypothesis and conclude there is statistical evidence that the level of vertical inequity present is outside of acceptable limits,reject the null hypothesis and conclude there is statistical evidence that the level of vertical inequity present is outside of acceptable limits,False,-36.04619694101147,0.0,-36.04619694101147,0.0,,,,
fit:LGBMRegressor:252a25d9c0ce796b,pooled_oof,not_applicable,May-2026 Exposure Draft / proposed guidance; not adopted IAAO guidance.,IAAO Standard on Ratio Studies (2013) remains the adopted/current guidance.,e950e00d0c3684dd067734d401e5278dcf659f471fcfb0d6db65c7584f7c56b8,reference_cell,A,A-native,REFERENCE,,,,,,True,native_baseline,,252a25d9c0ce796b,"ED2 App. D.2 is a rank-based order-statistic CI on distinct observations and has no row-balanced analogue; the pooled-OOF sample contains 20,988 unique rows twice, so the ED2 procedure is not applied there. No weighted variant was invented.",,,,,,,,,,,,,,,,,,,,,,,,,,,,,,,,,,,,,,,
fit:LGBMRegressor:252a25d9c0ce796b,heldout,standards_facing,May-2026 Exposure Draft / proposed guidance; not adopted IAAO guidance.,IAAO Standard on Ratio Studies (2013) remains the adopted/current guidance.,e950e00d0c3684dd067734d401e5278dcf659f471fcfb0d6db65c7584f7c56b8,reference_cell,A,A-native,REFERENCE,,,,,,True,native_baseline,,252a25d9c0ce796b,output/paper_v6_preselection_994/baseline_reporting/analysis/data_id=d4929d43ec19badf/split_id=3d464d4a611b131b/test_run_predictions/252a25d9c0ce796b.parquet,38290.0,10.0,0.9287707502891178,-26.459634217874914,3829.0,3829.0,1.1543780202962626,0.9086286770471496,1.1362142683152792,1.175144740019968,0.9038456802974582,0.9148036424522379,51.0,51.0,1864|1966,1864|1966,odd,odd,False,ED2 App. D.2 rank-based order statistic,0.9,10.0,step5_outside_pm10_escalate,a statistical test must be conducted; proceed to Step 6,ci_no_overlap_escalate,proceed to Step 7,23.839104083986083,reject_null,reject the null hypothesis and conclude there is statistical evidence that the level of vertical inequity present is outside of acceptable limits,reject the null hypothesis and conclude there is statistical evidence that the level of vertical inequity present is outside of acceptable limits,False,-26.459634217874914,0.0,-26.45963421787492,-7.105427357601002e-15,1.1360241475233506,1.176688506501662,0.9039578377975184,0.9148036424522379
fit:LGBMRegressor:252a25d9c0ce796b,forward_2025,standards_facing,May-2026 Exposure Draft / proposed guidance; not adopted IAAO guidance.,IAAO Standard on Ratio Studies (2013) remains the adopted/current guidance.,e950e00d0c3684dd067734d401e5278dcf659f471fcfb0d6db65c7584f7c56b8,reference_cell,A,A-native,REFERENCE,,,,,,True,native_baseline,,252a25d9c0ce796b,output/paper_v6_preselection_994/baseline_reporting/analysis/data_id=d4929d43ec19badf/split_id=3d464d4a611b131b/assess_run_predictions/252a25d9c0ce796b.parquet,26641.0,10.0,0.950316022231903,-28.577346443693536,2665.0,2664.0,1.1853248097041331,0.9137497077209945,1.1589091576659962,1.2105628396457888,0.9072339128274999,0.9201954896708237,43.0,43.0,1290|1376,1290|1375,odd,even,False,ED2 App. D.2 rank-based order statistic,0.9,10.0,step5_outside_pm10_escalate,a statistical test must be conducted; proceed to Step 6,ci_no_overlap_escalate,proceed to Step 7,25.119398432800487,reject_null,reject the null hypothesis and conclude there is statistical evidence that the level of vertical inequity present is outside of acceptable limits,reject the null hypothesis and conclude there is statistical evidence that the level of vertical inequity present is outside of acceptable limits,False,-28.577346443693536,0.0,-28.577346443693536,0.0,1.1595153432431746,1.210573826888873,0.9072473021742232,0.9202618794955185
fit:LGBSmoothPenalty:5b7875e55e58ac62,fold_1,descriptive,May-2026 Exposure Draft / proposed guidance; not adopted IAAO guidance.,IAAO Standard on Ratio Studies (2013) remains the adopted/current guidance.,e950e00d0c3684dd067734d401e5278dcf659f471fcfb0d6db65c7584f7c56b8,matched_beta_core,,Surrogate,PRIMARY,0.0,,-0.1382712285432577,0.0,,True,nearest_fitted,,5b7875e55e58ac62,output/paper_v6_preselection_994/predictions/data_id=d4929d43ec19badf/split_id=3d464d4a611b131b/fold_id=0/68ad5546505ffc75.parquet,5209.0,10.0,0.9586238685128134,-29.66023178425817,521.0,520.0,1.2405322628199997,0.956202201479877,1.1945244609881018,1.2955998478218897,0.9416342570122256,0.9697154204550478,19.0,20.0,242|280,241|280,odd,even,False,ED2 App. D.2 rank-based order statistic,0.9,10.0,step5_outside_pm10_escalate,a statistical test must be conducted; proceed to Step 6,ci_no_overlap_escalate,proceed to Step 7,23.4512250234096,reject_null,reject the null hypothesis and conclude there is statistical evidence that the level of vertical inequity present is outside of acceptable limits,reject the null hypothesis and conclude there is statistical evidence that the level of vertical inequity present is outside of acceptable limits,False,-29.66023178425817,0.0,-29.66023178425817,0.0,,,,
fit:LGBSmoothPenalty:5b7875e55e58ac62,fold_2,descriptive,May-2026 Exposure Draft / proposed guidance; not adopted IAAO guidance.,IAAO Standard on Ratio Studies (2013) remains the adopted/current guidance.,e950e00d0c3684dd067734d401e5278dcf659f471fcfb0d6db65c7584f7c56b8,matched_beta_core,,Surrogate,PRIMARY,0.0,,-0.1382712285432577,0.0,,True,nearest_fitted,,5b7875e55e58ac62,output/paper_v6_preselection_994/predictions/data_id=d4929d43ec19badf/split_id=3d464d4a611b131b/fold_id=1/0ddf4e1351f7857e.parquet,11197.0,10.0,0.9766275799274027,-28.40536451509306,1120.0,1119.0,1.2383882619825313,0.9609736379492207,1.2034463871349483,1.2780209113052894,0.9502954757087164,0.9726460581600811,29.0,28.0,532|589,532|588,even,odd,False,ED2 App. D.2 rank-based order statistic,0.9,10.0,step5_outside_pm10_escalate,a statistical test must be conducted; proceed to Step 6,ci_no_overlap_escalate,proceed to Step 7,23.63237878168705,reject_null,reject the null hypothesis and conclude there is statistical evidence that the level of vertical inequity present is outside of acceptable limits,reject the null hypothesis and conclude there is statistical evidence that the level of vertical inequity present is outside of acceptable limits,False,-28.40536451509306,0.0,-28.40536451509306,0.0,,,,
fit:LGBSmoothPenalty:5b7875e55e58ac62,fold_3,descriptive,May-2026 Exposure Draft / proposed guidance; not adopted IAAO guidance.,IAAO Standard on Ratio Studies (2013) remains the adopted/current guidance.,e950e00d0c3684dd067734d401e5278dcf659f471fcfb0d6db65c7584f7c56b8,matched_beta_core,,Surrogate,PRIMARY,0.0,,-0.1382712285432577,0.0,,True,nearest_fitted,,5b7875e55e58ac62,output/paper_v6_preselection_994/predictions/data_id=d4929d43ec19badf/split_id=3d464d4a611b131b/fold_id=2/4c935ab0fdbf248a.parquet,16798.0,10.0,0.9743796964628841,-24.59158471805368,1680.0,1679.0,1.2090512884683955,0.969435879937211,1.173583634441495,1.233061994222962,0.9608474724685959,0.978394168021057,35.0,34.0,806|875,806|874,even,odd,False,ED2 App. D.2 rank-based order statistic,0.9,10.0,step5_outside_pm10_escalate,a statistical test must be conducted; proceed to Step 6,ci_no_overlap_escalate,proceed to Step 7,20.032177099851236,reject_null,reject the null hypothesis and conclude there is statistical evidence that the level of vertical inequity present is outside of acceptable limits,reject the null hypothesis and conclude there is statistical evidence that the level of vertical inequity present is outside of acceptable limits,False,-24.59158471805368,0.0,-24.59158471805368,0.0,,,,
fit:LGBSmoothPenalty:5b7875e55e58ac62,fold_4,descriptive,May-2026 Exposure Draft / proposed guidance; not adopted IAAO guidance.,IAAO Standard on Ratio Studies (2013) remains the adopted/current guidance.,e950e00d0c3684dd067734d401e5278dcf659f471fcfb0d6db65c7584f7c56b8,matched_beta_core,,Surrogate,PRIMARY,0.0,,-0.1382712285432577,0.0,,True,nearest_fitted,,5b7875e55e58ac62,output/paper_v6_preselection_994/predictions/data_id=d4929d43ec19badf/split_id=3d464d4a611b131b/fold_id=3/835dea447a3113f3.parquet,22323.0,10.0,0.9459696013131542,-15.326001127773674,2233.0,2232.0,1.0938501704418262,0.948870858676176,1.0713868374768325,1.1171275239331673,0.9422480025131027,0.9542533057728766,39.0,40.0,1078|1156,1077|1156,odd,even,False,ED2 App. D.2 rank-based order statistic,0.9,10.0,step5_outside_pm10_escalate,a statistical test must be conducted; proceed to Step 6,ci_no_overlap_escalate,proceed to Step 7,12.382377989880032,reject_null,reject the null hypothesis and conclude there is statistical evidence that the level of vertical inequity present is outside of acceptable limits,reject the null hypothesis and conclude there is statistical evidence that the level of vertical inequity present is outside of acceptable limits,False,-15.326001127773674,0.0,-15.326001127773674,0.0,,,,
fit:LGBSmoothPenalty:5b7875e55e58ac62,fold_5,descriptive,May-2026 Exposure Draft / proposed guidance; not adopted IAAO guidance.,IAAO Standard on Ratio Studies (2013) remains the adopted/current guidance.,e950e00d0c3684dd067734d401e5278dcf659f471fcfb0d6db65c7584f7c56b8,matched_beta_core,,Surrogate,PRIMARY,0.0,,-0.1382712285432577,0.0,,True,nearest_fitted,,5b7875e55e58ac62,output/paper_v6_preselection_994/predictions/data_id=d4929d43ec19badf/split_id=3d464d4a611b131b/fold_id=4/58b141aef8294b64.parquet,28053.0,10.0,0.9674282648872008,-21.47164884502159,2806.0,2805.0,1.1637638427763155,0.9560410429122504,1.148606690309726,1.1824536094064897,0.9502983623630172,0.9613930948131728,45.0,44.0,1359|1448,1359|1447,even,odd,False,ED2 App. D.2 rank-based order statistic,0.9,10.0,step5_outside_pm10_escalate,a statistical test must be conducted; proceed to Step 6,ci_no_overlap_escalate,proceed to Step 7,19.351677255200084,reject_null,reject the null hypothesis and conclude there is statistical evidence that the level of vertical inequity present is outside of acceptable limits,reject the null hypothesis and conclude there is statistical evidence that the level of vertical inequity present is outside of acceptable limits,False,-21.47164884502159,0.0,-21.47164884502159,0.0,,,,
fit:LGBSmoothPenalty:5b7875e55e58ac62,fold_6,descriptive,May-2026 Exposure Draft / proposed guidance; not adopted IAAO guidance.,IAAO Standard on Ratio Studies (2013) remains the adopted/current guidance.,e950e00d0c3684dd067734d401e5278dcf659f471fcfb0d6db65c7584f7c56b8,matched_beta_core,,Surrogate,PRIMARY,0.0,,-0.1382712285432577,0.0,,True,nearest_fitted,,5b7875e55e58ac62,output/paper_v6_preselection_994/predictions/data_id=d4929d43ec19badf/split_id=3d464d4a611b131b/fold_id=5/936d090e3385518f.parquet,33113.0,10.0,0.9789919066088278,-32.33745484389421,3312.0,3311.0,1.2688155704636985,0.9522345047386899,1.2481115956451596,1.2906874037302853,0.9457210421766642,0.9566871040277076,48.0,48.0,1609|1704,1608|1704,even,odd,False,ED2 App. D.2 rank-based order statistic,0.9,10.0,step5_outside_pm10_escalate,a statistical test must be conducted; proceed to Step 6,ci_no_overlap_escalate,proceed to Step 7,29.76781418213454,reject_null,reject the null hypothesis and conclude there is statistical evidence that the level of vertical inequity present is outside of acceptable limits,reject the null hypothesis and conclude there is statistical evidence that the level of vertical inequity present is outside of acceptable limits,False,-32.33745484389421,0.0,-32.33745484389421,0.0,,,,
fit:LGBSmoothPenalty:5b7875e55e58ac62,fold_7,descriptive,May-2026 Exposure Draft / proposed guidance; not adopted IAAO guidance.,IAAO Standard on Ratio Studies (2013) remains the adopted/current guidance.,e950e00d0c3684dd067734d401e5278dcf659f471fcfb0d6db65c7584f7c56b8,matched_beta_core,,Surrogate,PRIMARY,0.0,,-0.1382712285432577,0.0,,True,nearest_fitted,,5b7875e55e58ac62,output/paper_v6_preselection_994/predictions/data_id=d4929d43ec19badf/split_id=3d464d4a611b131b/fold_id=6/15f5ac8f8783340e.parquet,34460.0,10.0,0.9509775510716072,-35.53979317533932,3446.0,3446.0,1.2710703551948406,0.9330949004000846,1.2428222016508759,1.2941996306207453,0.9281429830959058,0.9378144885021676,49.0,49.0,1675|1772,1675|1772,even,even,False,ED2 App. D.2 rank-based order statistic,0.9,10.0,step5_outside_pm10_escalate,a statistical test must be conducted; proceed to Step 6,ci_no_overlap_escalate,proceed to Step 7,32.07307184118183,reject_null,reject the null hypothesis and conclude there is statistical evidence that the level of vertical inequity present is outside of acceptable limits,reject the null hypothesis and conclude there is statistical evidence that the level of vertical inequity present is outside of acceptable limits,False,-35.53979317533932,0.0,-35.53979317533932,0.0,,,,
fit:LGBSmoothPenalty:5b7875e55e58ac62,pooled_oof,not_applicable,May-2026 Exposure Draft / proposed guidance; not adopted IAAO guidance.,IAAO Standard on Ratio Studies (2013) remains the adopted/current guidance.,e950e00d0c3684dd067734d401e5278dcf659f471fcfb0d6db65c7584f7c56b8,matched_beta_core,,Surrogate,PRIMARY,0.0,,-0.1382712285432577,0.0,,True,nearest_fitted,,5b7875e55e58ac62,"ED2 App. D.2 is a rank-based order-statistic CI on distinct observations and has no row-balanced analogue; the pooled-OOF sample contains 20,988 unique rows twice, so the ED2 procedure is not applied there. No weighted variant was invented.",,,,,,,,,,,,,,,,,,,,,,,,,,,,,,,,,,,,,,,
fit:LGBSmoothPenalty:5b7875e55e58ac62,heldout,standards_facing,May-2026 Exposure Draft / proposed guidance; not adopted IAAO guidance.,IAAO Standard on Ratio Studies (2013) remains the adopted/current guidance.,e950e00d0c3684dd067734d401e5278dcf659f471fcfb0d6db65c7584f7c56b8,matched_beta_core,,Surrogate,PRIMARY,0.0,,-0.1382712285432577,0.0,,True,nearest_fitted,,5b7875e55e58ac62,output/paper_v6_preselection_994/reporting_preview/heldout/LGBSmoothPenalty/chunk_00/analysis/data_id=d4929d43ec19badf/split_id=3d464d4a611b131b/test_run_predictions/5b7875e55e58ac62.parquet,38290.0,10.0,0.9275481846415189,-26.166623718966303,3829.0,3829.0,1.1470005663955987,0.9042925231083496,1.1271006597659166,1.1704696558110004,0.8994507072619561,0.9096325454221507,51.0,51.0,1864|1966,1864|1966,odd,odd,False,ED2 App. D.2 rank-based order statistic,0.9,10.0,step5_outside_pm10_escalate,a statistical test must be conducted; proceed to Step 6,ci_no_overlap_escalate,proceed to Step 7,23.445478945960474,reject_null,reject the null hypothesis and conclude there is statistical evidence that the level of vertical inequity present is outside of acceptable limits,reject the null hypothesis and conclude there is statistical evidence that the level of vertical inequity present is outside of acceptable limits,False,-26.166623718966303,0.0,-26.166623718966303,0.0,1.1274520348925048,1.1692878057458933,0.8993991383896573,0.9096325454221507
fit:LGBSmoothPenalty:5b7875e55e58ac62,forward_2025,standards_facing,May-2026 Exposure Draft / proposed guidance; not adopted IAAO guidance.,IAAO Standard on Ratio Studies (2013) remains the adopted/current guidance.,e950e00d0c3684dd067734d401e5278dcf659f471fcfb0d6db65c7584f7c56b8,matched_beta_core,,Surrogate,PRIMARY,0.0,,-0.1382712285432577,0.0,,True,nearest_fitted,,5b7875e55e58ac62,output/paper_v6_preselection_994/reporting_preview/forward_2025/LGBSmoothPenalty/chunk_00/analysis/data_id=d4929d43ec19badf/split_id=3d464d4a611b131b/assess_run_predictions/5b7875e55e58ac62.parquet,26641.0,10.0,0.9464364099783898,-28.407155342585,2665.0,2664.0,1.1810908902616515,0.9122352290603056,1.1621096472273593,1.2073857872672187,0.9059376703535383,0.9188972163110374,43.0,43.0,1290|1376,1290|1375,odd,even,False,ED2 App. D.2 rank-based order statistic,0.9,10.0,step5_outside_pm10_escalate,a statistical test must be conducted; proceed to Step 6,ci_no_overlap_escalate,proceed to Step 7,25.697704394305294,reject_null,reject the null hypothesis and conclude there is statistical evidence that the level of vertical inequity present is outside of acceptable limits,reject the null hypothesis and conclude there is statistical evidence that the level of vertical inequity present is outside of acceptable limits,False,-28.407155342585,0.0,-28.407155342585,0.0,1.1620995999591857,1.2065659108511804,0.9058125007812932,0.9193235078190276
posthoc:C:b=1.0000000000000002,fold_1,descriptive,May-2026 Exposure Draft / proposed guidance; not adopted IAAO guidance.,IAAO Standard on Ratio Studies (2013) remains the adopted/current guidance.,e950e00d0c3684dd067734d401e5278dcf659f471fcfb0d6db65c7584f7c56b8,matched_beta_core,,C-posthoc,PRIMARY,0.0,,-0.1382712285432577,,1.0000000000000002,True,exact_posthoc_solve,,,output/p0_major_revision_validation/zero_reference_fits/cell=C/block=fold_1_train/eval_predictions.parquet,5209.0,10.0,0.9586238685128134,-29.66023178425817,521.0,520.0,1.2405322628199997,0.956202201479877,1.1945244609881018,1.2955998478218897,0.9416342570122256,0.9697154204550478,19.0,20.0,242|280,241|280,odd,even,False,ED2 App. D.2 rank-based order statistic,0.9,10.0,step5_outside_pm10_escalate,a statistical test must be conducted; proceed to Step 6,ci_no_overlap_escalate,proceed to Step 7,23.4512250234096,reject_null,reject the null hypothesis and conclude there is statistical evidence that the level of vertical inequity present is outside of acceptable limits,reject the null hypothesis and conclude there is statistical evidence that the level of vertical inequity present is outside of acceptable limits,False,-29.66023178425817,0.0,,,,,,
posthoc:C:b=1.0000000000000002,fold_2,descriptive,May-2026 Exposure Draft / proposed guidance; not adopted IAAO guidance.,IAAO Standard on Ratio Studies (2013) remains the adopted/current guidance.,e950e00d0c3684dd067734d401e5278dcf659f471fcfb0d6db65c7584f7c56b8,matched_beta_core,,C-posthoc,PRIMARY,0.0,,-0.1382712285432577,,1.0000000000000002,True,exact_posthoc_solve,,,output/p0_major_revision_validation/zero_reference_fits/cell=C/block=fold_2_train/eval_predictions.parquet,11197.0,10.0,0.9766275799274027,-28.40536451509306,1120.0,1119.0,1.2383882619825313,0.9609736379492207,1.2034463871349483,1.2780209113052894,0.9502954757087164,0.9726460581600811,29.0,28.0,532|589,532|588,even,odd,False,ED2 App. D.2 rank-based order statistic,0.9,10.0,step5_outside_pm10_escalate,a statistical test must be conducted; proceed to Step 6,ci_no_overlap_escalate,proceed to Step 7,23.63237878168705,reject_null,reject the null hypothesis and conclude there is statistical evidence that the level of vertical inequity present is outside of acceptable limits,reject the null hypothesis and conclude there is statistical evidence that the level of vertical inequity present is outside of acceptable limits,False,-28.40536451509306,0.0,,,,,,
posthoc:C:b=1.0000000000000002,fold_3,descriptive,May-2026 Exposure Draft / proposed guidance; not adopted IAAO guidance.,IAAO Standard on Ratio Studies (2013) remains the adopted/current guidance.,e950e00d0c3684dd067734d401e5278dcf659f471fcfb0d6db65c7584f7c56b8,matched_beta_core,,C-posthoc,PRIMARY,0.0,,-0.1382712285432577,,1.0000000000000002,True,exact_posthoc_solve,,,output/p0_major_revision_validation/zero_reference_fits/cell=C/block=fold_3_train/eval_predictions.parquet,16798.0,10.0,0.9743796964628841,-24.59158471805368,1680.0,1679.0,1.2090512884683955,0.969435879937211,1.173583634441495,1.233061994222962,0.9608474724685959,0.978394168021057,35.0,34.0,806|875,806|874,even,odd,False,ED2 App. D.2 rank-based order statistic,0.9,10.0,step5_outside_pm10_escalate,a statistical test must be conducted; proceed to Step 6,ci_no_overlap_escalate,proceed to Step 7,20.032177099851236,reject_null,reject the null hypothesis and conclude there is statistical evidence that the level of vertical inequity present is outside of acceptable limits,reject the null hypothesis and conclude there is statistical evidence that the level of vertical inequity present is outside of acceptable limits,False,-24.59158471805368,0.0,,,,,,
posthoc:C:b=1.0000000000000002,fold_4,descriptive,May-2026 Exposure Draft / proposed guidance; not adopted IAAO guidance.,IAAO Standard on Ratio Studies (2013) remains the adopted/current guidance.,e950e00d0c3684dd067734d401e5278dcf659f471fcfb0d6db65c7584f7c56b8,matched_beta_core,,C-posthoc,PRIMARY,0.0,,-0.1382712285432577,,1.0000000000000002,True,exact_posthoc_solve,,,output/p0_major_revision_validation/zero_reference_fits/cell=C/block=fold_4_train/eval_predictions.parquet,22323.0,10.0,0.9459696013131542,-15.326001127773674,2233.0,2232.0,1.0938501704418262,0.948870858676176,1.0713868374768325,1.1171275239331673,0.9422480025131027,0.9542533057728766,39.0,40.0,1078|1156,1077|1156,odd,even,False,ED2 App. D.2 rank-based order statistic,0.9,10.0,step5_outside_pm10_escalate,a statistical test must be conducted; proceed to Step 6,ci_no_overlap_escalate,proceed to Step 7,12.382377989880032,reject_null,reject the null hypothesis and conclude there is statistical evidence that the level of vertical inequity present is outside of acceptable limits,reject the null hypothesis and conclude there is statistical evidence that the level of vertical inequity present is outside of acceptable limits,False,-15.326001127773674,0.0,,,,,,
posthoc:C:b=1.0000000000000002,fold_5,descriptive,May-2026 Exposure Draft / proposed guidance; not adopted IAAO guidance.,IAAO Standard on Ratio Studies (2013) remains the adopted/current guidance.,e950e00d0c3684dd067734d401e5278dcf659f471fcfb0d6db65c7584f7c56b8,matched_beta_core,,C-posthoc,PRIMARY,0.0,,-0.1382712285432577,,1.0000000000000002,True,exact_posthoc_solve,,,output/p0_major_revision_validation/zero_reference_fits/cell=C/block=fold_5_train/eval_predictions.parquet,28053.0,10.0,0.9674282648872008,-21.47164884502159,2806.0,2805.0,1.1637638427763155,0.9560410429122504,1.148606690309726,1.1824536094064897,0.9502983623630172,0.9613930948131728,45.0,44.0,1359|1448,1359|1447,even,odd,False,ED2 App. D.2 rank-based order statistic,0.9,10.0,step5_outside_pm10_escalate,a statistical test must be conducted; proceed to Step 6,ci_no_overlap_escalate,proceed to Step 7,19.351677255200084,reject_null,reject the null hypothesis and conclude there is statistical evidence that the level of vertical inequity present is outside of acceptable limits,reject the null hypothesis and conclude there is statistical evidence that the level of vertical inequity present is outside of acceptable limits,False,-21.47164884502159,0.0,,,,,,
posthoc:C:b=1.0000000000000002,fold_6,descriptive,May-2026 Exposure Draft / proposed guidance; not adopted IAAO guidance.,IAAO Standard on Ratio Studies (2013) remains the adopted/current guidance.,e950e00d0c3684dd067734d401e5278dcf659f471fcfb0d6db65c7584f7c56b8,matched_beta_core,,C-posthoc,PRIMARY,0.0,,-0.1382712285432577,,1.0000000000000002,True,exact_posthoc_solve,,,output/p0_major_revision_validation/zero_reference_fits/cell=C/block=fold_6_train/eval_predictions.parquet,33113.0,10.0,0.9789919066088278,-32.33745484389421,3312.0,3311.0,1.2688155704636985,0.9522345047386899,1.2481115956451596,1.2906874037302853,0.9457210421766642,0.9566871040277076,48.0,48.0,1609|1704,1608|1704,even,odd,False,ED2 App. D.2 rank-based order statistic,0.9,10.0,step5_outside_pm10_escalate,a statistical test must be conducted; proceed to Step 6,ci_no_overlap_escalate,proceed to Step 7,29.76781418213454,reject_null,reject the null hypothesis and conclude there is statistical evidence that the level of vertical inequity present is outside of acceptable limits,reject the null hypothesis and conclude there is statistical evidence that the level of vertical inequity present is outside of acceptable limits,False,-32.33745484389421,0.0,,,,,,
posthoc:C:b=1.0000000000000002,fold_7,descriptive,May-2026 Exposure Draft / proposed guidance; not adopted IAAO guidance.,IAAO Standard on Ratio Studies (2013) remains the adopted/current guidance.,e950e00d0c3684dd067734d401e5278dcf659f471fcfb0d6db65c7584f7c56b8,matched_beta_core,,C-posthoc,PRIMARY,0.0,,-0.1382712285432577,,1.0000000000000002,True,exact_posthoc_solve,,,output/p0_major_revision_validation/zero_reference_fits/cell=C/block=fold_7_train/eval_predictions.parquet,34460.0,10.0,0.9509775510716072,-35.53979317533932,3446.0,3446.0,1.2710703551948406,0.9330949004000846,1.2428222016508759,1.2941996306207453,0.9281429830959058,0.9378144885021676,49.0,49.0,1675|1772,1675|1772,even,even,False,ED2 App. D.2 rank-based order statistic,0.9,10.0,step5_outside_pm10_escalate,a statistical test must be conducted; proceed to Step 6,ci_no_overlap_escalate,proceed to Step 7,32.07307184118183,reject_null,reject the null hypothesis and conclude there is statistical evidence that the level of vertical inequity present is outside of acceptable limits,reject the null hypothesis and conclude there is statistical evidence that the level of vertical inequity present is outside of acceptable limits,False,-35.53979317533932,0.0,,,,,,
posthoc:C:b=1.0000000000000002,pooled_oof,not_applicable,May-2026 Exposure Draft / proposed guidance; not adopted IAAO guidance.,IAAO Standard on Ratio Studies (2013) remains the adopted/current guidance.,e950e00d0c3684dd067734d401e5278dcf659f471fcfb0d6db65c7584f7c56b8,matched_beta_core,,C-posthoc,PRIMARY,0.0,,-0.1382712285432577,,1.0000000000000002,True,exact_posthoc_solve,,,"ED2 App. D.2 is a rank-based order-statistic CI on distinct observations and has no row-balanced analogue; the pooled-OOF sample contains 20,988 unique rows twice, so the ED2 procedure is not applied there. No weighted variant was invented.",,,,,,,,,,,,,,,,,,,,,,,,,,,,,,,,,,,,,,,
posthoc:C:b=1.0000000000000002,heldout,standards_facing,May-2026 Exposure Draft / proposed guidance; not adopted IAAO guidance.,IAAO Standard on Ratio Studies (2013) remains the adopted/current guidance.,e950e00d0c3684dd067734d401e5278dcf659f471fcfb0d6db65c7584f7c56b8,matched_beta_core,,C-posthoc,PRIMARY,0.0,,-0.1382712285432577,,1.0000000000000002,True,exact_posthoc_solve,,,output/p0_major_revision_validation/zero_reference_fits/cell=C/block=development_pool/eval_predictions.parquet,38290.0,10.0,0.9275481846415189,-26.166623718966303,3829.0,3829.0,1.1470005663955987,0.9042925231083496,1.1271006597659166,1.1704696558110004,0.8994507072619561,0.9096325454221507,51.0,51.0,1864|1966,1864|1966,odd,odd,False,ED2 App. D.2 rank-based order statistic,0.9,10.0,step5_outside_pm10_escalate,a statistical test must be conducted; proceed to Step 6,ci_no_overlap_escalate,proceed to Step 7,23.445478945960474,reject_null,reject the null hypothesis and conclude there is statistical evidence that the level of vertical inequity present is outside of acceptable limits,reject the null hypothesis and conclude there is statistical evidence that the level of vertical inequity present is outside of acceptable limits,False,-26.166623718966303,0.0,,,1.1274520348925048,1.1692878057458933,0.8993991383896573,0.9096325454221507
posthoc:C:b=1.0000000000000002,forward_2025,standards_facing,May-2026 Exposure Draft / proposed guidance; not adopted IAAO guidance.,IAAO Standard on Ratio Studies (2013) remains the adopted/current guidance.,e950e00d0c3684dd067734d401e5278dcf659f471fcfb0d6db65c7584f7c56b8,matched_beta_core,,C-posthoc,PRIMARY,0.0,,-0.1382712285432577,,1.0000000000000002,True,exact_posthoc_solve,,,output/p0_major_revision_validation/zero_reference_fits/cell=C/block=production_2016_2024/eval_predictions.parquet,26641.0,10.0,0.9464364099783898,-28.407155342585,2665.0,2664.0,1.1810908902616515,0.9122352290603056,1.1621096472273593,1.2073857872672187,0.9059376703535383,0.9188972163110374,43.0,43.0,1290|1376,1290|1375,odd,even,False,ED2 App. D.2 rank-based order statistic,0.9,10.0,step5_outside_pm10_escalate,a statistical test must be conducted; proceed to Step 6,ci_no_overlap_escalate,proceed to Step 7,25.697704394305294,reject_null,reject the null hypothesis and conclude there is statistical evidence that the level of vertical inequity present is outside of acceptable limits,reject the null hypothesis and conclude there is statistical evidence that the level of vertical inequity present is outside of acceptable limits,False,-28.407155342585,0.0,,,1.1620995999591857,1.2065659108511804,0.9058125007812932,0.9193235078190276
posthoc:A:b=0.9999219431164414,fold_1,descriptive,May-2026 Exposure Draft / proposed guidance; not adopted IAAO guidance.,IAAO Standard on Ratio Studies (2013) remains the adopted/current guidance.,e950e00d0c3684dd067734d401e5278dcf659f471fcfb0d6db65c7584f7c56b8,matched_beta_core,,A-posthoc,SECONDARY,0.0,,-0.1382712285432577,,0.9999219431164414,True,exact_posthoc_solve,,,output/p0_major_revision_validation/zero_reference_fits/cell=A/block=fold_1_train/eval_predictions.parquet,5209.0,10.0,0.9591387872278944,-32.38333161981233,521.0,520.0,1.2699436648294085,0.9593425706671532,1.2075870245054796,1.2967854359103612,0.9458245122947346,0.9746195681682127,19.0,20.0,242|280,241|280,odd,even,False,ED2 App. D.2 rank-based order statistic,0.9,10.0,step5_outside_pm10_escalate,a statistical test must be conducted; proceed to Step 6,ci_no_overlap_escalate,proceed to Step 7,24.289233157861347,reject_null,reject the null hypothesis and conclude there is statistical evidence that the level of vertical inequity present is outside of acceptable limits,reject the null hypothesis and conclude there is statistical evidence that the level of vertical inequity present is outside of acceptable limits,False,-32.38333161981233,0.0,,,,,,
posthoc:A:b=0.9999219431164414,fold_2,descriptive,May-2026 Exposure Draft / proposed guidance; not adopted IAAO guidance.,IAAO Standard on Ratio Studies (2013) remains the adopted/current guidance.,e950e00d0c3684dd067734d401e5278dcf659f471fcfb0d6db65c7584f7c56b8,matched_beta_core,,A-posthoc,SECONDARY,0.0,,-0.1382712285432577,,0.9999219431164414,True,exact_posthoc_solve,,,output/p0_major_revision_validation/zero_reference_fits/cell=A/block=fold_2_train/eval_predictions.parquet,11197.0,10.0,0.9760879177084777,-28.346900523803868,1120.0,1119.0,1.240379072121525,0.9636884010638344,1.2185290258371648,1.2811151918976371,0.9542783121839244,0.9695970735580296,29.0,28.0,532|589,532|588,even,odd,False,ED2 App. D.2 rank-based order statistic,0.9,10.0,step5_outside_pm10_escalate,a statistical test must be conducted; proceed to Step 6,ci_no_overlap_escalate,proceed to Step 7,25.50302567657458,reject_null,reject the null hypothesis and conclude there is statistical evidence that the level of vertical inequity present is outside of acceptable limits,reject the null hypothesis and conclude there is statistical evidence that the level of vertical inequity present is outside of acceptable limits,False,-28.346900523803868,0.0,,,,,,
posthoc:A:b=0.9999219431164414,fold_3,descriptive,May-2026 Exposure Draft / proposed guidance; not adopted IAAO guidance.,IAAO Standard on Ratio Studies (2013) remains the adopted/current guidance.,e950e00d0c3684dd067734d401e5278dcf659f471fcfb0d6db65c7584f7c56b8,matched_beta_core,,A-posthoc,SECONDARY,0.0,,-0.1382712285432577,,0.9999219431164414,True,exact_posthoc_solve,,,output/p0_major_revision_validation/zero_reference_fits/cell=A/block=fold_3_train/eval_predictions.parquet,16798.0,10.0,0.9747697108859228,-23.97698178967903,1680.0,1679.0,1.202668267748986,0.9689479116785613,1.1713131328375783,1.234252439091177,0.9598740242001247,0.9771619073854098,35.0,34.0,806|875,806|874,even,odd,False,ED2 App. D.2 rank-based order statistic,0.9,10.0,step5_outside_pm10_escalate,a statistical test must be conducted; proceed to Step 6,ci_no_overlap_escalate,proceed to Step 7,19.917650629061253,reject_null,reject the null hypothesis and conclude there is statistical evidence that the level of vertical inequity present is outside of acceptable limits,reject the null hypothesis and conclude there is statistical evidence that the level of vertical inequity present is outside of acceptable limits,False,-23.97698178967903,0.0,,,,,,
posthoc:A:b=0.9999219431164414,fold_4,descriptive,May-2026 Exposure Draft / proposed guidance; not adopted IAAO guidance.,IAAO Standard on Ratio Studies (2013) remains the adopted/current guidance.,e950e00d0c3684dd067734d401e5278dcf659f471fcfb0d6db65c7584f7c56b8,matched_beta_core,,A-posthoc,SECONDARY,0.0,,-0.1382712285432577,,0.9999219431164414,True,exact_posthoc_solve,,,output/p0_major_revision_validation/zero_reference_fits/cell=A/block=fold_4_train/eval_predictions.parquet,22323.0,10.0,0.948562712867173,-15.040264295528308,2233.0,2232.0,1.092310142876063,0.949643803852007,1.0638695959647213,1.1186058866527973,0.9418275521365072,0.9573681619680838,39.0,40.0,1078|1156,1077|1156,odd,even,False,ED2 App. D.2 rank-based order statistic,0.9,10.0,step5_outside_pm10_escalate,a statistical test must be conducted; proceed to Step 6,ci_no_overlap_escalate,proceed to Step 7,11.22766397539715,reject_null,reject the null hypothesis and conclude there is statistical evidence that the level of vertical inequity present is outside of acceptable limits,reject the null hypothesis and conclude there is statistical evidence that the level of vertical inequity present is outside of acceptable limits,False,-15.040264295528308,0.0,,,,,,
posthoc:A:b=0.9999219431164414,fold_5,descriptive,May-2026 Exposure Draft / proposed guidance; not adopted IAAO guidance.,IAAO Standard on Ratio Studies (2013) remains the adopted/current guidance.,e950e00d0c3684dd067734d401e5278dcf659f471fcfb0d6db65c7584f7c56b8,matched_beta_core,,A-posthoc,SECONDARY,0.0,,-0.1382712285432577,,0.9999219431164414,True,exact_posthoc_solve,,,output/p0_major_revision_validation/zero_reference_fits/cell=A/block=fold_5_train/eval_predictions.parquet,28053.0,10.0,0.9674076627925263,-22.55217545236265,2806.0,2805.0,1.1720196663035434,0.953848192850972,1.1487707607905187,1.1934955703352619,0.9468410411267956,0.9590276131747327,45.0,44.0,1359|1448,1359|1447,even,odd,False,ED2 App. D.2 rank-based order statistic,0.9,10.0,step5_outside_pm10_escalate,a statistical test must be conducted; proceed to Step 6,ci_no_overlap_escalate,proceed to Step 7,19.613566742697895,reject_null,reject the null hypothesis and conclude there is statistical evidence that the level of vertical inequity present is outside of acceptable limits,reject the null hypothesis and conclude there is statistical evidence that the level of vertical inequity present is outside of acceptable limits,False,-22.55217545236265,0.0,,,,,,
posthoc:A:b=0.9999219431164414,fold_6,descriptive,May-2026 Exposure Draft / proposed guidance; not adopted IAAO guidance.,IAAO Standard on Ratio Studies (2013) remains the adopted/current guidance.,e950e00d0c3684dd067734d401e5278dcf659f471fcfb0d6db65c7584f7c56b8,matched_beta_core,,A-posthoc,SECONDARY,0.0,,-0.1382712285432577,,0.9999219431164414,True,exact_posthoc_solve,,,output/p0_major_revision_validation/zero_reference_fits/cell=A/block=fold_6_train/eval_predictions.parquet,33113.0,10.0,0.975026301054389,-32.39337704375888,3312.0,3311.0,1.2660644936060381,0.9502205476296743,1.2384413478436829,1.2901660180504262,0.945248885611823,0.9550804621795455,48.0,48.0,1609|1704,1608|1704,even,odd,False,ED2 App. D.2 rank-based order statistic,0.9,10.0,step5_outside_pm10_escalate,a statistical test must be conducted; proceed to Step 6,ci_no_overlap_escalate,proceed to Step 7,29.061870983142942,reject_null,reject the null hypothesis and conclude there is statistical evidence that the level of vertical inequity present is outside of acceptable limits,reject the null hypothesis and conclude there is statistical evidence that the level of vertical inequity present is outside of acceptable limits,False,-32.39337704375888,0.0,,,,,,
posthoc:A:b=0.9999219431164414,fold_7,descriptive,May-2026 Exposure Draft / proposed guidance; not adopted IAAO guidance.,IAAO Standard on Ratio Studies (2013) remains the adopted/current guidance.,e950e00d0c3684dd067734d401e5278dcf659f471fcfb0d6db65c7584f7c56b8,matched_beta_core,,A-posthoc,SECONDARY,0.0,,-0.1382712285432577,,0.9999219431164414,True,exact_posthoc_solve,,,output/p0_major_revision_validation/zero_reference_fits/cell=A/block=fold_7_train/eval_predictions.parquet,34460.0,10.0,0.9520881551606921,-36.06950081031391,3446.0,3446.0,1.2744326477207701,0.9310192028801816,1.2595615665876556,1.3022028937016465,0.9269815730721946,0.9360103839524238,49.0,49.0,1675|1772,1675|1772,even,even,False,ED2 App. D.2 rank-based order statistic,0.9,10.0,step5_outside_pm10_escalate,a statistical test must be conducted; proceed to Step 6,ci_no_overlap_escalate,proceed to Step 7,33.983321909999326,reject_null,reject the null hypothesis and conclude there is statistical evidence that the level of vertical inequity present is outside of acceptable limits,reject the null hypothesis and conclude there is statistical evidence that the level of vertical inequity present is outside of acceptable limits,False,-36.06950081031391,0.0,,,,,,
posthoc:A:b=0.9999219431164414,pooled_oof,not_applicable,May-2026 Exposure Draft / proposed guidance; not adopted IAAO guidance.,IAAO Standard on Ratio Studies (2013) remains the adopted/current guidance.,e950e00d0c3684dd067734d401e5278dcf659f471fcfb0d6db65c7584f7c56b8,matched_beta_core,,A-posthoc,SECONDARY,0.0,,-0.1382712285432577,,0.9999219431164414,True,exact_posthoc_solve,,,"ED2 App. D.2 is a rank-based order-statistic CI on distinct observations and has no row-balanced analogue; the pooled-OOF sample contains 20,988 unique rows twice, so the ED2 procedure is not applied there. No weighted variant was invented.",,,,,,,,,,,,,,,,,,,,,,,,,,,,,,,,,,,,,,,
posthoc:A:b=0.9999219431164414,heldout,standards_facing,May-2026 Exposure Draft / proposed guidance; not adopted IAAO guidance.,IAAO Standard on Ratio Studies (2013) remains the adopted/current guidance.,e950e00d0c3684dd067734d401e5278dcf659f471fcfb0d6db65c7584f7c56b8,matched_beta_core,,A-posthoc,SECONDARY,0.0,,-0.1382712285432577,,0.9999219431164414,True,exact_posthoc_solve,,,output/p0_major_revision_validation/zero_reference_fits/cell=A/block=development_pool/eval_predictions.parquet,38290.0,10.0,0.9287394796428439,-26.47627954247374,3829.0,3829.0,1.1544478834214884,0.9085522225699331,1.1362929078985815,1.175204534887428,0.90371784306461,0.9147272616723698,51.0,51.0,1864|1966,1864|1966,odd,odd,False,ED2 App. D.2 rank-based order statistic,0.9,10.0,step5_outside_pm10_escalate,a statistical test must be conducted; proceed to Step 6,ci_no_overlap_escalate,proceed to Step 7,23.856598226169623,reject_null,reject the null hypothesis and conclude there is statistical evidence that the level of vertical inequity present is outside of acceptable limits,reject the null hypothesis and conclude there is statistical evidence that the level of vertical inequity present is outside of acceptable limits,False,-26.47627954247374,0.0,,,1.1354744689047291,1.1755898170861596,0.9040161908370911,0.9146361539795946
posthoc:A:b=0.9999219431164414,forward_2025,standards_facing,May-2026 Exposure Draft / proposed guidance; not adopted IAAO guidance.,IAAO Standard on Ratio Studies (2013) remains the adopted/current guidance.,e950e00d0c3684dd067734d401e5278dcf659f471fcfb0d6db65c7584f7c56b8,matched_beta_core,,A-posthoc,SECONDARY,0.0,,-0.1382712285432577,,0.9999219431164414,True,exact_posthoc_solve,,,output/p0_major_revision_validation/zero_reference_fits/cell=A/block=production_2016_2024/eval_predictions.parquet,26641.0,10.0,0.9502787682183931,-28.60201221991557,2665.0,2664.0,1.1853995008264187,0.9136006514173307,1.1589531350174953,1.2106502902827325,0.9071274138095479,0.9200971784464735,43.0,43.0,1290|1376,1290|1375,odd,even,False,ED2 App. D.2 rank-based order statistic,0.9,10.0,step5_outside_pm10_escalate,a statistical test must be conducted; proceed to Step 6,ci_no_overlap_escalate,proceed to Step 7,25.135356545830756,reject_null,reject the null hypothesis and conclude there is statistical evidence that the level of vertical inequity present is outside of acceptable limits,reject the null hypothesis and conclude there is statistical evidence that the level of vertical inequity present is outside of acceptable limits,False,-28.60201221991557,0.0,,,1.159565959685549,1.2106502902827325,0.9070270735134593,0.9203726061853662
fit:LGBCovPenalty:2c281c6754e7623b,fold_1,descriptive,May-2026 Exposure Draft / proposed guidance; not adopted IAAO guidance.,IAAO Standard on Ratio Studies (2013) remains the adopted/current guidance.,e950e00d0c3684dd067734d401e5278dcf659f471fcfb0d6db65c7584f7c56b8,matched_beta_core,,Direct,PRIMARY,1.0,,-0.1264903880813394,0.7196856730011519,,True,exact_anchor,,2c281c6754e7623b,output/paper_v6_preselection_994/predictions/data_id=d4929d43ec19badf/split_id=3d464d4a611b131b/fold_id=0/8734d0e22469beaa.parquet,5209.0,10.0,0.9628882360324958,-26.470329914249966,521.0,520.0,1.2328301742176273,0.9779504814343237,1.1996338640536055,1.2834588097791064,0.9554106605144298,0.9971604335977851,19.0,20.0,242|280,241|280,odd,even,False,ED2 App. D.2 rank-based order statistic,0.9,10.0,step5_outside_pm10_escalate,a statistical test must be conducted; proceed to Step 6,ci_no_overlap_escalate,proceed to Step 7,21.02771878178677,reject_null,reject the null hypothesis and conclude there is statistical evidence that the level of vertical inequity present is outside of acceptable limits,reject the null hypothesis and conclude there is statistical evidence that the level of vertical inequity present is outside of acceptable limits,False,-26.470329914249966,0.0,-26.47032991424997,-3.552713678800501e-15,,,,
fit:LGBCovPenalty:2c281c6754e7623b,fold_2,descriptive,May-2026 Exposure Draft / proposed guidance; not adopted IAAO guidance.,IAAO Standard on Ratio Studies (2013) remains the adopted/current guidance.,e950e00d0c3684dd067734d401e5278dcf659f471fcfb0d6db65c7584f7c56b8,matched_beta_core,,Direct,PRIMARY,1.0,,-0.1264903880813394,0.7196856730011519,,True,exact_anchor,,2c281c6754e7623b,output/paper_v6_preselection_994/predictions/data_id=d4929d43ec19badf/split_id=3d464d4a611b131b/fold_id=1/742cac9a01703bf9.parquet,11197.0,10.0,0.9778919250758462,-23.37975151150987,1120.0,1119.0,1.2117903467919169,0.9831616446580638,1.1809547683081587,1.2447740956458884,0.9719262457076991,0.9938394584966768,29.0,28.0,532|589,532|588,even,odd,False,ED2 App. D.2 rank-based order statistic,0.9,10.0,step5_outside_pm10_escalate,a statistical test must be conducted; proceed to Step 6,ci_no_overlap_escalate,proceed to Step 7,19.134559250703404,reject_null,reject the null hypothesis and conclude there is statistical evidence that the level of vertical inequity present is outside of acceptable limits,reject the null hypothesis and conclude there is statistical evidence that the level of vertical inequity present is outside of acceptable limits,False,-23.37975151150987,0.0,-23.37975151150987,0.0,,,,
fit:LGBCovPenalty:2c281c6754e7623b,fold_3,descriptive,May-2026 Exposure Draft / proposed guidance; not adopted IAAO guidance.,IAAO Standard on Ratio Studies (2013) remains the adopted/current guidance.,e950e00d0c3684dd067734d401e5278dcf659f471fcfb0d6db65c7584f7c56b8,matched_beta_core,,Direct,PRIMARY,1.0,,-0.1264903880813394,0.7196856730011519,,True,exact_anchor,,2c281c6754e7623b,output/paper_v6_preselection_994/predictions/data_id=d4929d43ec19badf/split_id=3d464d4a611b131b/fold_id=2/4050b3cc0ecd1c07.parquet,16798.0,10.0,0.9738722297805057,-19.39287702412003,1680.0,1679.0,1.170402554892338,0.9815407109989489,1.1458419896852308,1.198953390071359,0.9741185596432409,0.9890103647773262,35.0,34.0,806|875,806|874,even,odd,False,ED2 App. D.2 rank-based order statistic,0.9,10.0,step5_outside_pm10_escalate,a statistical test must be conducted; proceed to Step 6,ci_no_overlap_escalate,proceed to Step 7,16.10392206616794,reject_null,reject the null hypothesis and conclude there is statistical evidence that the level of vertical inequity present is outside of acceptable limits,reject the null hypothesis and conclude there is statistical evidence that the level of vertical inequity present is outside of acceptable limits,False,-19.39287702412003,0.0,-19.39287702412003,0.0,,,,
fit:LGBCovPenalty:2c281c6754e7623b,fold_4,descriptive,May-2026 Exposure Draft / proposed guidance; not adopted IAAO guidance.,IAAO Standard on Ratio Studies (2013) remains the adopted/current guidance.,e950e00d0c3684dd067734d401e5278dcf659f471fcfb0d6db65c7584f7c56b8,matched_beta_core,,Direct,PRIMARY,1.0,,-0.1264903880813394,0.7196856730011519,,True,exact_anchor,,2c281c6754e7623b,output/paper_v6_preselection_994/predictions/data_id=d4929d43ec19badf/split_id=3d464d4a611b131b/fold_id=3/068ea5fc0bfb799b.parquet,22323.0,10.0,0.9532324934837433,-11.779701881567233,2233.0,2232.0,1.0797439701767466,0.9674560242061319,1.0567149675091108,1.0982078640195183,0.9607233691593591,0.9743025383593262,39.0,40.0,1078|1156,1077|1156,odd,even,False,ED2 App. D.2 rank-based order statistic,0.9,10.0,step5_outside_pm10_escalate,a statistical test must be conducted; proceed to Step 6,ci_no_overlap_escalate,proceed to Step 7,8.645574895227805,fail_to_reject_null,fail to reject the null hypothesis that the level of vertical inequity present is within acceptable limits,fail to reject the null hypothesis that the level of vertical inequity present is within acceptable limits,False,-11.779701881567233,0.0,-11.779701881567233,0.0,,,,
fit:LGBCovPenalty:2c281c6754e7623b,fold_5,descriptive,May-2026 Exposure Draft / proposed guidance; not adopted IAAO guidance.,IAAO Standard on Ratio Studies (2013) remains the adopted/current guidance.,e950e00d0c3684dd067734d401e5278dcf659f471fcfb0d6db65c7584f7c56b8,matched_beta_core,,Direct,PRIMARY,1.0,,-0.1264903880813394,0.7196856730011519,,True,exact_anchor,,2c281c6754e7623b,output/paper_v6_preselection_994/predictions/data_id=d4929d43ec19badf/split_id=3d464d4a611b131b/fold_id=4/7682a049f19a7db4.parquet,28053.0,10.0,0.9737588746788852,-18.462272267884742,2806.0,2805.0,1.1586537763102829,0.9788757616343765,1.1425895573501719,1.1771803155664904,0.9740366941679917,0.9848933263353276,45.0,44.0,1359|1448,1359|1447,even,odd,False,ED2 App. D.2 rank-based order statistic,0.9,10.0,step5_outside_pm10_escalate,a statistical test must be conducted; proceed to Step 6,ci_no_overlap_escalate,proceed to Step 7,16.194587296249036,reject_null,reject the null hypothesis and conclude there is statistical evidence that the level of vertical inequity present is outside of acceptable limits,reject the null hypothesis and conclude there is statistical evidence that the level of vertical inequity present is outside of acceptable limits,False,-18.462272267884742,0.0,-18.462272267884742,0.0,,,,
fit:LGBCovPenalty:2c281c6754e7623b,fold_6,descriptive,May-2026 Exposure Draft / proposed guidance; not adopted IAAO guidance.,IAAO Standard on Ratio Studies (2013) remains the adopted/current guidance.,e950e00d0c3684dd067734d401e5278dcf659f471fcfb0d6db65c7584f7c56b8,matched_beta_core,,Direct,PRIMARY,1.0,,-0.1264903880813394,0.7196856730011519,,True,exact_anchor,,2c281c6754e7623b,output/paper_v6_preselection_994/predictions/data_id=d4929d43ec19badf/split_id=3d464d4a611b131b/fold_id=5/caa1e75a575ce7c0.parquet,33113.0,10.0,0.9800864178803546,-29.08824827895335,3312.0,3311.0,1.250630136418549,0.9655401658372113,1.2293733505120312,1.2779217284079378,0.9608186724215523,0.9715918343985973,48.0,48.0,1609|1704,1608|1704,even,odd,False,ED2 App. D.2 rank-based order statistic,0.9,10.0,step5_outside_pm10_escalate,a statistical test must be conducted; proceed to Step 6,ci_no_overlap_escalate,proceed to Step 7,26.301916995334075,reject_null,reject the null hypothesis and conclude there is statistical evidence that the level of vertical inequity present is outside of acceptable limits,reject the null hypothesis and conclude there is statistical evidence that the level of vertical inequity present is outside of acceptable limits,False,-29.08824827895335,0.0,-29.08824827895335,0.0,,,,
fit:LGBCovPenalty:2c281c6754e7623b,fold_7,descriptive,May-2026 Exposure Draft / proposed guidance; not adopted IAAO guidance.,IAAO Standard on Ratio Studies (2013) remains the adopted/current guidance.,e950e00d0c3684dd067734d401e5278dcf659f471fcfb0d6db65c7584f7c56b8,matched_beta_core,,Direct,PRIMARY,1.0,,-0.1264903880813394,0.7196856730011519,,True,exact_anchor,,2c281c6754e7623b,output/paper_v6_preselection_994/predictions/data_id=d4929d43ec19badf/split_id=3d464d4a611b131b/fold_id=6/cf6ab17b21390ca9.parquet,34460.0,10.0,0.9572326441063027,-32.94633595009869,3446.0,3446.0,1.265462730425468,0.9500896476741929,1.2455943942771555,1.2845777167663406,0.9445176304024819,0.955259764469534,49.0,49.0,1675|1772,1675|1772,even,even,False,ED2 App. D.2 rank-based order statistic,0.9,10.0,step5_outside_pm10_escalate,a statistical test must be conducted; proceed to Step 6,ci_no_overlap_escalate,proceed to Step 7,30.330623552719043,reject_null,reject the null hypothesis and conclude there is statistical evidence that the level of vertical inequity present is outside of acceptable limits,reject the null hypothesis and conclude there is statistical evidence that the level of vertical inequity present is outside of acceptable limits,False,-32.94633595009869,0.0,-32.94633595009869,0.0,,,,
fit:LGBCovPenalty:2c281c6754e7623b,pooled_oof,not_applicable,May-2026 Exposure Draft / proposed guidance; not adopted IAAO guidance.,IAAO Standard on Ratio Studies (2013) remains the adopted/current guidance.,e950e00d0c3684dd067734d401e5278dcf659f471fcfb0d6db65c7584f7c56b8,matched_beta_core,,Direct,PRIMARY,1.0,,-0.1264903880813394,0.7196856730011519,,True,exact_anchor,,2c281c6754e7623b,"ED2 App. D.2 is a rank-based order-statistic CI on distinct observations and has no row-balanced analogue; the pooled-OOF sample contains 20,988 unique rows twice, so the ED2 procedure is not applied there. No weighted variant was invented.",,,,,,,,,,,,,,,,,,,,,,,,,,,,,,,,,,,,,,,
fit:LGBCovPenalty:2c281c6754e7623b,heldout,standards_facing,May-2026 Exposure Draft / proposed guidance; not adopted IAAO guidance.,IAAO Standard on Ratio Studies (2013) remains the adopted/current guidance.,e950e00d0c3684dd067734d401e5278dcf659f471fcfb0d6db65c7584f7c56b8,matched_beta_core,,Direct,PRIMARY,1.0,,-0.1264903880813394,0.7196856730011519,,True,exact_anchor,,2c281c6754e7623b,output/paper_v6_preselection_994/reporting_preview/heldout/LGBCovPenalty/chunk_02/analysis/data_id=d4929d43ec19badf/split_id=3d464d4a611b131b/test_run_predictions/2c281c6754e7623b.parquet,38290.0,10.0,0.9361466036184947,-22.908999736950992,3829.0,3829.0,1.142944761418754,0.9284829384583174,1.1251800882118397,1.1550241363486118,0.924215027322705,0.935340035518684,51.0,51.0,1864|1966,1864|1966,odd,odd,False,ED2 App. D.2 rank-based order statistic,0.9,10.0,step5_outside_pm10_escalate,a statistical test must be conducted; proceed to Step 6,ci_no_overlap_escalate,proceed to Step 7,20.278880675245247,reject_null,reject the null hypothesis and conclude there is statistical evidence that the level of vertical inequity present is outside of acceptable limits,reject the null hypothesis and conclude there is statistical evidence that the level of vertical inequity present is outside of acceptable limits,False,-22.908999736950992,0.0,-22.908999736950992,0.0,1.1264680448826836,1.155553786918603,0.9239623692700689,0.9350479669099141
fit:LGBCovPenalty:2c281c6754e7623b,forward_2025,standards_facing,May-2026 Exposure Draft / proposed guidance; not adopted IAAO guidance.,IAAO Standard on Ratio Studies (2013) remains the adopted/current guidance.,e950e00d0c3684dd067734d401e5278dcf659f471fcfb0d6db65c7584f7c56b8,matched_beta_core,,Direct,PRIMARY,1.0,,-0.1264903880813394,0.7196856730011519,,True,exact_anchor,,2c281c6754e7623b,output/paper_v6_preselection_994/reporting_preview/forward_2025/LGBCovPenalty/chunk_02/analysis/data_id=d4929d43ec19badf/split_id=3d464d4a611b131b/assess_run_predictions/2c281c6754e7623b.parquet,26641.0,10.0,0.9547973133034003,-24.336951617630724,2665.0,2664.0,1.1661263495230791,0.9337577893379926,1.1456999497617613,1.1882087053994417,0.927697101592628,0.9416729046297055,43.0,43.0,1290|1376,1290|1375,odd,even,False,ED2 App. D.2 rank-based order statistic,0.9,10.0,step5_outside_pm10_escalate,a statistical test must be conducted; proceed to Step 6,ci_no_overlap_escalate,proceed to Step 7,21.368623716185848,reject_null,reject the null hypothesis and conclude there is statistical evidence that the level of vertical inequity present is outside of acceptable limits,reject the null hypothesis and conclude there is statistical evidence that the level of vertical inequity present is outside of acceptable limits,False,-24.336951617630724,0.0,-24.336951617630724,0.0,1.1460827784465786,1.1882087053994417,0.9279925072695361,0.9416774846340172
fit:LGBSmoothPenalty:17a81001ec5284a3,fold_1,descriptive,May-2026 Exposure Draft / proposed guidance; not adopted IAAO guidance.,IAAO Standard on Ratio Studies (2013) remains the adopted/current guidance.,e950e00d0c3684dd067734d401e5278dcf659f471fcfb0d6db65c7584f7c56b8,matched_beta_core,,Surrogate,PRIMARY,1.0,,-0.1264903880813394,0.1325711365590109,,True,nearest_fitted,,17a81001ec5284a3,output/paper_v6_preselection_994/predictions/data_id=d4929d43ec19badf/split_id=3d464d4a611b131b/fold_id=0/11568738f1e24d1b.parquet,5209.0,10.0,0.9556609977542273,-28.916408541524696,521.0,520.0,1.241463303848498,0.9651204654658744,1.192615047936494,1.281025321721646,0.9507205341949041,0.9779596768361576,19.0,20.0,242|280,241|280,odd,even,False,ED2 App. D.2 rank-based order statistic,0.9,10.0,step5_outside_pm10_escalate,a statistical test must be conducted; proceed to Step 6,ci_no_overlap_escalate,proceed to Step 7,22.461455642196317,reject_null,reject the null hypothesis and conclude there is statistical evidence that the level of vertical inequity present is outside of acceptable limits,reject the null hypothesis and conclude there is statistical evidence that the level of vertical inequity present is outside of acceptable limits,False,-28.916408541524696,0.0,-28.916408541524696,0.0,,,,
fit:LGBSmoothPenalty:17a81001ec5284a3,fold_2,descriptive,May-2026 Exposure Draft / proposed guidance; not adopted IAAO guidance.,IAAO Standard on Ratio Studies (2013) remains the adopted/current guidance.,e950e00d0c3684dd067734d401e5278dcf659f471fcfb0d6db65c7584f7c56b8,matched_beta_core,,Surrogate,PRIMARY,1.0,,-0.1264903880813394,0.1325711365590109,,True,nearest_fitted,,17a81001ec5284a3,output/paper_v6_preselection_994/predictions/data_id=d4929d43ec19badf/split_id=3d464d4a611b131b/fold_id=1/e2dec2e58ceb7a42.parquet,11197.0,10.0,0.977607529414897,-25.697747172705487,1120.0,1119.0,1.217332155279638,0.9661090440292652,1.1739935262225392,1.2616773983097955,0.9570058508282273,0.9741042213368272,29.0,28.0,532|589,532|588,even,odd,False,ED2 App. D.2 rank-based order statistic,0.9,10.0,step5_outside_pm10_escalate,a statistical test must be conducted; proceed to Step 6,ci_no_overlap_escalate,proceed to Step 7,20.446784509254623,reject_null,reject the null hypothesis and conclude there is statistical evidence that the level of vertical inequity present is outside of acceptable limits,reject the null hypothesis and conclude there is statistical evidence that the level of vertical inequity present is outside of acceptable limits,False,-25.697747172705487,0.0,-25.697747172705487,0.0,,,,
fit:LGBSmoothPenalty:17a81001ec5284a3,fold_3,descriptive,May-2026 Exposure Draft / proposed guidance; not adopted IAAO guidance.,IAAO Standard on Ratio Studies (2013) remains the adopted/current guidance.,e950e00d0c3684dd067734d401e5278dcf659f471fcfb0d6db65c7584f7c56b8,matched_beta_core,,Surrogate,PRIMARY,1.0,,-0.1264903880813394,0.1325711365590109,,True,nearest_fitted,,17a81001ec5284a3,output/paper_v6_preselection_994/predictions/data_id=d4929d43ec19badf/split_id=3d464d4a611b131b/fold_id=2/0a851574a8a7523d.parquet,16798.0,10.0,0.9673225529209206,-20.40528317170527,1680.0,1679.0,1.1688834574156413,0.9714985513083588,1.1414460523056285,1.2007619003276582,0.9625966608811042,0.9789944028707827,35.0,34.0,806|875,806|874,even,odd,False,ED2 App. D.2 rank-based order statistic,0.9,10.0,step5_outside_pm10_escalate,a statistical test must be conducted; proceed to Step 6,ci_no_overlap_escalate,proceed to Step 7,16.793948300316984,reject_null,reject the null hypothesis and conclude there is statistical evidence that the level of vertical inequity present is outside of acceptable limits,reject the null hypothesis and conclude there is statistical evidence that the level of vertical inequity present is outside of acceptable limits,False,-20.40528317170527,0.0,-20.40528317170527,0.0,,,,
fit:LGBSmoothPenalty:17a81001ec5284a3,fold_4,descriptive,May-2026 Exposure Draft / proposed guidance; not adopted IAAO guidance.,IAAO Standard on Ratio Studies (2013) remains the adopted/current guidance.,e950e00d0c3684dd067734d401e5278dcf659f471fcfb0d6db65c7584f7c56b8,matched_beta_core,,Surrogate,PRIMARY,1.0,,-0.1264903880813394,0.1325711365590109,,True,nearest_fitted,,17a81001ec5284a3,output/paper_v6_preselection_994/predictions/data_id=d4929d43ec19badf/split_id=3d464d4a611b131b/fold_id=3/50f9e81e7ac04931.parquet,22323.0,10.0,0.9482776485567419,-11.400977228170246,2233.0,2232.0,1.0596430139466086,0.9515300951748262,1.0331453328055002,1.0779059836658862,0.945785077252298,0.958595437086999,39.0,40.0,1078|1156,1077|1156,odd,even,False,ED2 App. D.2 rank-based order statistic,0.9,10.0,step5_outside_pm10_escalate,a statistical test must be conducted; proceed to Step 6,ci_no_overlap_escalate,proceed to Step 7,7.861610555934179,fail_to_reject_null,fail to reject the null hypothesis that the level of vertical inequity present is within acceptable limits,fail to reject the null hypothesis that the level of vertical inequity present is within acceptable limits,False,-11.400977228170246,0.0,-11.400977228170246,0.0,,,,
fit:LGBSmoothPenalty:17a81001ec5284a3,fold_5,descriptive,May-2026 Exposure Draft / proposed guidance; not adopted IAAO guidance.,IAAO Standard on Ratio Studies (2013) remains the adopted/current guidance.,e950e00d0c3684dd067734d401e5278dcf659f471fcfb0d6db65c7584f7c56b8,matched_beta_core,,Surrogate,PRIMARY,1.0,,-0.1264903880813394,0.1325711365590109,,True,nearest_fitted,,17a81001ec5284a3,output/paper_v6_preselection_994/predictions/data_id=d4929d43ec19badf/split_id=3d464d4a611b131b/fold_id=4/97f7d0e3ae9ea452.parquet,28053.0,10.0,0.9656601248603953,-19.40824147121485,2806.0,2805.0,1.147332957286242,0.9599153084621017,1.1301667334483685,1.1696840063386595,0.9534918803624667,0.9654808733647675,45.0,44.0,1359|1448,1359|1447,even,odd,False,ED2 App. D.2 rank-based order statistic,0.9,10.0,step5_outside_pm10_escalate,a statistical test must be conducted; proceed to Step 6,ci_no_overlap_escalate,proceed to Step 7,17.054225999795683,reject_null,reject the null hypothesis and conclude there is statistical evidence that the level of vertical inequity present is outside of acceptable limits,reject the null hypothesis and conclude there is statistical evidence that the level of vertical inequity present is outside of acceptable limits,False,-19.40824147121485,0.0,-19.40824147121485,0.0,,,,
fit:LGBSmoothPenalty:17a81001ec5284a3,fold_6,descriptive,May-2026 Exposure Draft / proposed guidance; not adopted IAAO guidance.,IAAO Standard on Ratio Studies (2013) remains the adopted/current guidance.,e950e00d0c3684dd067734d401e5278dcf659f471fcfb0d6db65c7584f7c56b8,matched_beta_core,,Surrogate,PRIMARY,1.0,,-0.1264903880813394,0.1325711365590109,,True,nearest_fitted,,17a81001ec5284a3,output/paper_v6_preselection_994/predictions/data_id=d4929d43ec19badf/split_id=3d464d4a611b131b/fold_id=5/9e5a7220dc093dd5.parquet,33113.0,10.0,0.9786400415348063,-29.237305374834893,3312.0,3311.0,1.2457773695370884,0.959649392073146,1.2260023812927354,1.2726899578047424,0.9540919487241865,0.9657942096770178,48.0,48.0,1609|1704,1608|1704,even,odd,False,ED2 App. D.2 rank-based order statistic,0.9,10.0,step5_outside_pm10_escalate,a statistical test must be conducted; proceed to Step 6,ci_no_overlap_escalate,proceed to Step 7,26.588751795566406,reject_null,reject the null hypothesis and conclude there is statistical evidence that the level of vertical inequity present is outside of acceptable limits,reject the null hypothesis and conclude there is statistical evidence that the level of vertical inequity present is outside of acceptable limits,False,-29.237305374834893,0.0,-29.237305374834893,0.0,,,,
fit:LGBSmoothPenalty:17a81001ec5284a3,fold_7,descriptive,May-2026 Exposure Draft / proposed guidance; not adopted IAAO guidance.,IAAO Standard on Ratio Studies (2013) remains the adopted/current guidance.,e950e00d0c3684dd067734d401e5278dcf659f471fcfb0d6db65c7584f7c56b8,matched_beta_core,,Surrogate,PRIMARY,1.0,,-0.1264903880813394,0.1325711365590109,,True,nearest_fitted,,17a81001ec5284a3,output/paper_v6_preselection_994/predictions/data_id=d4929d43ec19badf/split_id=3d464d4a611b131b/fold_id=6/b6362e0ebfa0fc42.parquet,34460.0,10.0,0.9483183119006164,-30.747571758569144,3446.0,3446.0,1.2286325718113815,0.9370477183600879,1.2069985571123327,1.2518346135384415,0.9310846490002528,0.9410490197013703,49.0,49.0,1675|1772,1675|1772,even,even,False,ED2 App. D.2 rank-based order statistic,0.9,10.0,step5_outside_pm10_escalate,a statistical test must be conducted; proceed to Step 6,ci_no_overlap_escalate,proceed to Step 7,28.044332169221452,reject_null,reject the null hypothesis and conclude there is statistical evidence that the level of vertical inequity present is outside of acceptable limits,reject the null hypothesis and conclude there is statistical evidence that the level of vertical inequity present is outside of acceptable limits,False,-30.747571758569144,0.0,-30.747571758569144,0.0,,,,
fit:LGBSmoothPenalty:17a81001ec5284a3,pooled_oof,not_applicable,May-2026 Exposure Draft / proposed guidance; not adopted IAAO guidance.,IAAO Standard on Ratio Studies (2013) remains the adopted/current guidance.,e950e00d0c3684dd067734d401e5278dcf659f471fcfb0d6db65c7584f7c56b8,matched_beta_core,,Surrogate,PRIMARY,1.0,,-0.1264903880813394,0.1325711365590109,,True,nearest_fitted,,17a81001ec5284a3,"ED2 App. D.2 is a rank-based order-statistic CI on distinct observations and has no row-balanced analogue; the pooled-OOF sample contains 20,988 unique rows twice, so the ED2 procedure is not applied there. No weighted variant was invented.",,,,,,,,,,,,,,,,,,,,,,,,,,,,,,,,,,,,,,,
fit:LGBSmoothPenalty:17a81001ec5284a3,heldout,standards_facing,May-2026 Exposure Draft / proposed guidance; not adopted IAAO guidance.,IAAO Standard on Ratio Studies (2013) remains the adopted/current guidance.,e950e00d0c3684dd067734d401e5278dcf659f471fcfb0d6db65c7584f7c56b8,matched_beta_core,,Surrogate,PRIMARY,1.0,,-0.1264903880813394,0.1325711365590109,,True,nearest_fitted,,17a81001ec5284a3,output/paper_v6_preselection_994/reporting_preview/heldout/LGBSmoothPenalty/chunk_00/analysis/data_id=d4929d43ec19badf/split_id=3d464d4a611b131b/test_run_predictions/17a81001ec5284a3.parquet,38290.0,10.0,0.9296327972522291,-22.396516755626195,3829.0,3829.0,1.1232428636198535,0.9150374984174615,1.1070999827288817,1.1417063604404707,0.9101314817710668,0.9196056393934829,51.0,51.0,1864|1966,1864|1966,odd,odd,False,ED2 App. D.2 rank-based order statistic,0.9,10.0,step5_outside_pm10_escalate,a statistical test must be conducted; proceed to Step 6,ci_no_overlap_escalate,proceed to Step 7,20.168645500630664,reject_null,reject the null hypothesis and conclude there is statistical evidence that the level of vertical inequity present is outside of acceptable limits,reject the null hypothesis and conclude there is statistical evidence that the level of vertical inequity present is outside of acceptable limits,False,-22.396516755626195,0.0,-22.396516755626195,0.0,1.1077763349696617,1.1423092607743779,0.9100351932935288,0.919307987885756
fit:LGBSmoothPenalty:17a81001ec5284a3,forward_2025,standards_facing,May-2026 Exposure Draft / proposed guidance; not adopted IAAO guidance.,IAAO Standard on Ratio Studies (2013) remains the adopted/current guidance.,e950e00d0c3684dd067734d401e5278dcf659f471fcfb0d6db65c7584f7c56b8,matched_beta_core,,Surrogate,PRIMARY,1.0,,-0.1264903880813394,0.1325711365590109,,True,nearest_fitted,,17a81001ec5284a3,output/paper_v6_preselection_994/reporting_preview/forward_2025/LGBSmoothPenalty/chunk_00/analysis/data_id=d4929d43ec19badf/split_id=3d464d4a611b131b/assess_run_predictions/17a81001ec5284a3.parquet,26641.0,10.0,0.9507198614780985,-26.133727586616864,2665.0,2664.0,1.1685750266424848,0.9201164879319373,1.1433161437564547,1.1884579858202904,0.9143684935206066,0.9252095749225127,43.0,43.0,1290|1376,1290|1375,odd,even,False,ED2 App. D.2 rank-based order statistic,0.9,10.0,step5_outside_pm10_escalate,a statistical test must be conducted; proceed to Step 6,ci_no_overlap_escalate,proceed to Step 7,22.941202521513386,reject_null,reject the null hypothesis and conclude there is statistical evidence that the level of vertical inequity present is outside of acceptable limits,reject the null hypothesis and conclude there is statistical evidence that the level of vertical inequity present is outside of acceptable limits,False,-26.133727586616864,0.0,-26.133727586616864,0.0,1.143281049484508,1.1884579858202904,0.9144485826066083,0.9252101451446565
posthoc:C:b=1.0136711699227623,fold_1,descriptive,May-2026 Exposure Draft / proposed guidance; not adopted IAAO guidance.,IAAO Standard on Ratio Studies (2013) remains the adopted/current guidance.,e950e00d0c3684dd067734d401e5278dcf659f471fcfb0d6db65c7584f7c56b8,matched_beta_core,,C-posthoc,PRIMARY,1.0,,-0.1264903880813394,,1.0136711699227623,True,exact_posthoc_solve,,,output/p0_major_revision_validation/zero_reference_fits/cell=C/block=fold_1_train/eval_predictions.parquet,5209.0,10.0,0.9622228188176761,-25.370124855015206,521.0,520.0,1.2179394562448695,0.9738223257273784,1.1688696726909689,1.2736635653710828,0.9625638457823958,0.990510197414737,19.0,20.0,242|280,241|280,odd,even,False,ED2 App. D.2 rank-based order statistic,0.9,10.0,step5_outside_pm10_escalate,a statistical test must be conducted; proceed to Step 6,ci_no_overlap_escalate,proceed to Step 7,18.536192635234915,reject_null,reject the null hypothesis and conclude there is statistical evidence that the level of vertical inequity present is outside of acceptable limits,reject the null hypothesis and conclude there is statistical evidence that the level of vertical inequity present is outside of acceptable limits,False,-25.370124855015206,0.0,,,,,,
posthoc:C:b=1.0136711699227623,fold_2,descriptive,May-2026 Exposure Draft / proposed guidance; not adopted IAAO guidance.,IAAO Standard on Ratio Studies (2013) remains the adopted/current guidance.,e950e00d0c3684dd067734d401e5278dcf659f471fcfb0d6db65c7584f7c56b8,matched_beta_core,,C-posthoc,PRIMARY,1.0,,-0.1264903880813394,,1.0136711699227623,True,exact_posthoc_solve,,,output/p0_major_revision_validation/zero_reference_fits/cell=C/block=fold_2_train/eval_predictions.parquet,11197.0,10.0,0.9816890974269343,-24.050512308849214,1120.0,1119.0,1.2188751715807875,0.9827739143694919,1.18431220169392,1.256368161809115,0.9696631185598744,0.9927604766755713,29.0,28.0,532|589,532|588,even,odd,False,ED2 App. D.2 rank-based order statistic,0.9,10.0,step5_outside_pm10_escalate,a statistical test must be conducted; proceed to Step 6,ci_no_overlap_escalate,proceed to Step 7,19.512463316585386,reject_null,reject the null hypothesis and conclude there is statistical evidence that the level of vertical inequity present is outside of acceptable limits,reject the null hypothesis and conclude there is statistical evidence that the level of vertical inequity present is outside of acceptable limits,False,-24.050512308849214,0.0,,,,,,
posthoc:C:b=1.0136711699227623,fold_3,descriptive,May-2026 Exposure Draft / proposed guidance; not adopted IAAO guidance.,IAAO Standard on Ratio Studies (2013) remains the adopted/current guidance.,e950e00d0c3684dd067734d401e5278dcf659f471fcfb0d6db65c7584f7c56b8,matched_beta_core,,C-posthoc,PRIMARY,1.0,,-0.1264903880813394,,1.0136711699227623,True,exact_posthoc_solve,,,output/p0_major_revision_validation/zero_reference_fits/cell=C/block=fold_3_train/eval_predictions.parquet,16798.0,10.0,0.9785024211044151,-20.498835833032388,1680.0,1679.0,1.1883658670901665,0.9877842621657251,1.1540241561822995,1.2158279903673785,0.9798943110869448,0.9973030172581728,35.0,34.0,806|875,806|874,even,odd,False,ED2 App. D.2 rank-based order statistic,0.9,10.0,step5_outside_pm10_escalate,a statistical test must be conducted; proceed to Step 6,ci_no_overlap_escalate,proceed to Step 7,16.01642832393187,reject_null,reject the null hypothesis and conclude there is statistical evidence that the level of vertical inequity present is outside of acceptable limits,reject the null hypothesis and conclude there is statistical evidence that the level of vertical inequity present is outside of acceptable limits,False,-20.498835833032388,0.0,,,,,,
posthoc:C:b=1.0136711699227623,fold_4,descriptive,May-2026 Exposure Draft / proposed guidance; not adopted IAAO guidance.,IAAO Standard on Ratio Studies (2013) remains the adopted/current guidance.,e950e00d0c3684dd067734d401e5278dcf659f471fcfb0d6db65c7584f7c56b8,matched_beta_core,,C-posthoc,PRIMARY,1.0,,-0.1264903880813394,,1.0136711699227623,True,exact_posthoc_solve,,,output/p0_major_revision_validation/zero_reference_fits/cell=C/block=fold_4_train/eval_predictions.parquet,22323.0,10.0,0.9498355571260413,-11.712408764115132,2233.0,2232.0,1.0788017145428057,0.9675530915052934,1.0573222735881724,1.1021442988453107,0.9606770893768426,0.9736743414601502,39.0,40.0,1078|1156,1077|1156,odd,even,False,ED2 App. D.2 rank-based order statistic,0.9,10.0,step5_outside_pm10_escalate,a statistical test must be conducted; proceed to Step 6,ci_no_overlap_escalate,proceed to Step 7,8.80656988469872,fail_to_reject_null,fail to reject the null hypothesis that the level of vertical inequity present is within acceptable limits,fail to reject the null hypothesis that the level of vertical inequity present is within acceptable limits,False,-11.712408764115132,0.0,,,,,,
posthoc:C:b=1.0136711699227623,fold_5,descriptive,May-2026 Exposure Draft / proposed guidance; not adopted IAAO guidance.,IAAO Standard on Ratio Studies (2013) remains the adopted/current guidance.,e950e00d0c3684dd067734d401e5278dcf659f471fcfb0d6db65c7584f7c56b8,matched_beta_core,,C-posthoc,PRIMARY,1.0,,-0.1264903880813394,,1.0136711699227623,True,exact_posthoc_solve,,,output/p0_major_revision_validation/zero_reference_fits/cell=C/block=fold_5_train/eval_predictions.parquet,28053.0,10.0,0.972595948861205,-18.03188595067604,2806.0,2805.0,1.149695547702608,0.9743181554430601,1.134751843853723,1.1698049895331857,0.9690126282136152,0.9803047725831905,45.0,44.0,1359|1448,1359|1447,even,odd,False,ED2 App. D.2 rank-based order statistic,0.9,10.0,step5_outside_pm10_escalate,a statistical test must be conducted; proceed to Step 6,ci_no_overlap_escalate,proceed to Step 7,15.879880175459475,reject_null,reject the null hypothesis and conclude there is statistical evidence that the level of vertical inequity present is outside of acceptable limits,reject the null hypothesis and conclude there is statistical evidence that the level of vertical inequity present is outside of acceptable limits,False,-18.03188595067604,0.0,,,,,,
posthoc:C:b=1.0136711699227623,fold_6,descriptive,May-2026 Exposure Draft / proposed guidance; not adopted IAAO guidance.,IAAO Standard on Ratio Studies (2013) remains the adopted/current guidance.,e950e00d0c3684dd067734d401e5278dcf659f471fcfb0d6db65c7584f7c56b8,matched_beta_core,,C-posthoc,PRIMARY,1.0,,-0.1264903880813394,,1.0136711699227623,True,exact_posthoc_solve,,,output/p0_major_revision_validation/zero_reference_fits/cell=C/block=fold_6_train/eval_predictions.parquet,33113.0,10.0,0.984128696463964,-28.905725981079144,3312.0,3311.0,1.254630954677187,0.9701614103761474,1.23558721308282,1.276468150499163,0.9640805650235096,0.9765412073240666,48.0,48.0,1609|1704,1608|1704,even,odd,False,ED2 App. D.2 rank-based order statistic,0.9,10.0,step5_outside_pm10_escalate,a statistical test must be conducted; proceed to Step 6,ci_no_overlap_escalate,proceed to Step 7,26.322370914446655,reject_null,reject the null hypothesis and conclude there is statistical evidence that the level of vertical inequity present is outside of acceptable limits,reject the null hypothesis and conclude there is statistical evidence that the level of vertical inequity present is outside of acceptable limits,False,-28.905725981079144,0.0,,,,,,
posthoc:C:b=1.0136711699227623,fold_7,descriptive,May-2026 Exposure Draft / proposed guidance; not adopted IAAO guidance.,IAAO Standard on Ratio Studies (2013) remains the adopted/current guidance.,e950e00d0c3684dd067734d401e5278dcf659f471fcfb0d6db65c7584f7c56b8,matched_beta_core,,C-posthoc,PRIMARY,1.0,,-0.1264903880813394,,1.0136711699227623,True,exact_posthoc_solve,,,output/p0_major_revision_validation/zero_reference_fits/cell=C/block=fold_7_train/eval_predictions.parquet,34460.0,10.0,0.9556452655111942,-31.758273851396496,3446.0,3446.0,1.255661035840076,0.9521645953711257,1.2279862244988227,1.279093378214608,0.946868709485975,0.9569670174653778,49.0,49.0,1675|1772,1675|1772,even,even,False,ED2 App. D.2 rank-based order statistic,0.9,10.0,step5_outside_pm10_escalate,a statistical test must be conducted; proceed to Step 6,ci_no_overlap_escalate,proceed to Step 7,28.35981266421815,reject_null,reject the null hypothesis and conclude there is statistical evidence that the level of vertical inequity present is outside of acceptable limits,reject the null hypothesis and conclude there is statistical evidence that the level of vertical inequity present is outside of acceptable limits,False,-31.758273851396496,0.0,,,,,,
posthoc:C:b=1.0136711699227623,pooled_oof,not_applicable,May-2026 Exposure Draft / proposed guidance; not adopted IAAO guidance.,IAAO Standard on Ratio Studies (2013) remains the adopted/current guidance.,e950e00d0c3684dd067734d401e5278dcf659f471fcfb0d6db65c7584f7c56b8,matched_beta_core,,C-posthoc,PRIMARY,1.0,,-0.1264903880813394,,1.0136711699227623,True,exact_posthoc_solve,,,"ED2 App. D.2 is a rank-based order-statistic CI on distinct observations and has no row-balanced analogue; the pooled-OOF sample contains 20,988 unique rows twice, so the ED2 procedure is not applied there. No weighted variant was invented.",,,,,,,,,,,,,,,,,,,,,,,,,,,,,,,,,,,,,,,
posthoc:C:b=1.0136711699227623,heldout,standards_facing,May-2026 Exposure Draft / proposed guidance; not adopted IAAO guidance.,IAAO Standard on Ratio Studies (2013) remains the adopted/current guidance.,e950e00d0c3684dd067734d401e5278dcf659f471fcfb0d6db65c7584f7c56b8,matched_beta_core,,C-posthoc,PRIMARY,1.0,,-0.1264903880813394,,1.0136711699227623,True,exact_posthoc_solve,,,output/p0_major_revision_validation/zero_reference_fits/cell=C/block=development_pool/eval_predictions.parquet,38290.0,10.0,0.9325794543435602,-22.52543520246422,3829.0,3829.0,1.1341729733368284,0.9241053926371754,1.1134804641581126,1.1569683442385028,0.9176282373722855,0.9283920842955258,51.0,51.0,1864|1966,1864|1966,odd,odd,False,ED2 App. D.2 rank-based order statistic,0.9,10.0,step5_outside_pm10_escalate,a statistical test must be conducted; proceed to Step 6,ci_no_overlap_escalate,proceed to Step 7,19.846928752346365,reject_null,reject the null hypothesis and conclude there is statistical evidence that the level of vertical inequity present is outside of acceptable limits,reject the null hypothesis and conclude there is statistical evidence that the level of vertical inequity present is outside of acceptable limits,False,-22.52543520246422,0.0,,,1.1150673146628964,1.1590312643450833,0.9176282373722855,0.9283283734630746
posthoc:C:b=1.0136711699227623,forward_2025,standards_facing,May-2026 Exposure Draft / proposed guidance; not adopted IAAO guidance.,IAAO Standard on Ratio Studies (2013) remains the adopted/current guidance.,e950e00d0c3684dd067734d401e5278dcf659f471fcfb0d6db65c7584f7c56b8,matched_beta_core,,C-posthoc,PRIMARY,1.0,,-0.1264903880813394,,1.0136711699227623,True,exact_posthoc_solve,,,output/p0_major_revision_validation/zero_reference_fits/cell=C/block=production_2016_2024/eval_predictions.parquet,26641.0,10.0,0.9527755115648371,-25.105139074660883,2665.0,2664.0,1.170540399164275,0.9313447819166111,1.1511523064141187,1.1936242906476158,0.925827601186791,0.9377373645574705,43.0,43.0,1290|1376,1290|1375,odd,even,False,ED2 App. D.2 rank-based order statistic,0.9,10.0,step5_outside_pm10_escalate,a statistical test must be conducted; proceed to Step 6,ci_no_overlap_escalate,proceed to Step 7,22.39928915743603,reject_null,reject the null hypothesis and conclude there is statistical evidence that the level of vertical inequity present is outside of acceptable limits,reject the null hypothesis and conclude there is statistical evidence that the level of vertical inequity present is outside of acceptable limits,False,-25.105139074660883,0.0,,,1.1518112393713589,1.1937268156416376,0.9258774033492618,0.9378408919988365
posthoc:A:b=1.013592045910285,fold_1,descriptive,May-2026 Exposure Draft / proposed guidance; not adopted IAAO guidance.,IAAO Standard on Ratio Studies (2013) remains the adopted/current guidance.,e950e00d0c3684dd067734d401e5278dcf659f471fcfb0d6db65c7584f7c56b8,matched_beta_core,,A-posthoc,SECONDARY,1.0,,-0.1264903880813394,,1.013592045910285,True,exact_posthoc_solve,,,output/p0_major_revision_validation/zero_reference_fits/cell=A/block=fold_1_train/eval_predictions.parquet,5209.0,10.0,0.9617535194399081,-28.125773271054765,521.0,520.0,1.247606737972393,0.9771061236683348,1.184992939751146,1.2741384936369096,0.9625001907390767,0.9966234179451787,19.0,20.0,242|280,241|280,odd,even,False,ED2 App. D.2 rank-based order statistic,0.9,10.0,step5_outside_pm10_escalate,a statistical test must be conducted; proceed to Step 6,ci_no_overlap_escalate,proceed to Step 7,19.586049647696345,reject_null,reject the null hypothesis and conclude there is statistical evidence that the level of vertical inequity present is outside of acceptable limits,reject the null hypothesis and conclude there is statistical evidence that the level of vertical inequity present is outside of acceptable limits,False,-28.125773271054765,0.0,,,,,,
posthoc:A:b=1.013592045910285,fold_2,descriptive,May-2026 Exposure Draft / proposed guidance; not adopted IAAO guidance.,IAAO Standard on Ratio Studies (2013) remains the adopted/current guidance.,e950e00d0c3684dd067734d401e5278dcf659f471fcfb0d6db65c7584f7c56b8,matched_beta_core,,A-posthoc,SECONDARY,1.0,,-0.1264903880813394,,1.013592045910285,True,exact_posthoc_solve,,,output/p0_major_revision_validation/zero_reference_fits/cell=A/block=fold_2_train/eval_predictions.parquet,11197.0,10.0,0.9812567855703487,-24.16706073372879,1120.0,1119.0,1.220114097472578,0.9829731741499569,1.1996574656618553,1.2631125829053556,0.9735192319321023,0.9904490104303513,29.0,28.0,532|589,532|588,even,odd,False,ED2 App. D.2 rank-based order statistic,0.9,10.0,step5_outside_pm10_escalate,a statistical test must be conducted; proceed to Step 6,ci_no_overlap_escalate,proceed to Step 7,21.32045946667294,reject_null,reject the null hypothesis and conclude there is statistical evidence that the level of vertical inequity present is outside of acceptable limits,reject the null hypothesis and conclude there is statistical evidence that the level of vertical inequity present is outside of acceptable limits,False,-24.16706073372879,0.0,,,,,,
posthoc:A:b=1.013592045910285,fold_3,descriptive,May-2026 Exposure Draft / proposed guidance; not adopted IAAO guidance.,IAAO Standard on Ratio Studies (2013) remains the adopted/current guidance.,e950e00d0c3684dd067734d401e5278dcf659f471fcfb0d6db65c7584f7c56b8,matched_beta_core,,A-posthoc,SECONDARY,1.0,,-0.1264903880813394,,1.013592045910285,True,exact_posthoc_solve,,,output/p0_major_revision_validation/zero_reference_fits/cell=A/block=fold_3_train/eval_predictions.parquet,16798.0,10.0,0.978844296755289,-20.137635081545554,1680.0,1679.0,1.184150904956168,0.9870348124590671,1.1524600395167701,1.2136096836242223,0.9784971193666396,0.9969324603243507,35.0,34.0,806|875,806|874,even,odd,False,ED2 App. D.2 rank-based order statistic,0.9,10.0,step5_outside_pm10_escalate,a statistical test must be conducted; proceed to Step 6,ci_no_overlap_escalate,proceed to Step 7,15.88889874599753,reject_null,reject the null hypothesis and conclude there is statistical evidence that the level of vertical inequity present is outside of acceptable limits,reject the null hypothesis and conclude there is statistical evidence that the level of vertical inequity present is outside of acceptable limits,False,-20.137635081545554,0.0,,,,,,
posthoc:A:b=1.013592045910285,fold_4,descriptive,May-2026 Exposure Draft / proposed guidance; not adopted IAAO guidance.,IAAO Standard on Ratio Studies (2013) remains the adopted/current guidance.,e950e00d0c3684dd067734d401e5278dcf659f471fcfb0d6db65c7584f7c56b8,matched_beta_core,,A-posthoc,SECONDARY,1.0,,-0.1264903880813394,,1.013592045910285,True,exact_posthoc_solve,,,output/p0_major_revision_validation/zero_reference_fits/cell=A/block=fold_4_train/eval_predictions.parquet,22323.0,10.0,0.9524641024576685,-11.86047518563124,2233.0,2232.0,1.080311154402098,0.9673443858780609,1.049796723083821,1.1052227732691098,0.9599026210543177,0.9754178423794233,39.0,40.0,1078|1156,1077|1156,odd,even,False,ED2 App. D.2 rank-based order statistic,0.9,10.0,step5_outside_pm10_escalate,a statistical test must be conducted; proceed to Step 6,ci_no_overlap_escalate,proceed to Step 7,7.809100680275075,fail_to_reject_null,fail to reject the null hypothesis that the level of vertical inequity present is within acceptable limits,fail to reject the null hypothesis that the level of vertical inequity present is within acceptable limits,False,-11.86047518563124,0.0,,,,,,
posthoc:A:b=1.013592045910285,fold_5,descriptive,May-2026 Exposure Draft / proposed guidance; not adopted IAAO guidance.,IAAO Standard on Ratio Studies (2013) remains the adopted/current guidance.,e950e00d0c3684dd067734d401e5278dcf659f471fcfb0d6db65c7584f7c56b8,matched_beta_core,,A-posthoc,SECONDARY,1.0,,-0.1264903880813394,,1.013592045910285,True,exact_posthoc_solve,,,output/p0_major_revision_validation/zero_reference_fits/cell=A/block=fold_5_train/eval_predictions.parquet,28053.0,10.0,0.9726660282603883,-19.0939421356217,2806.0,2805.0,1.1577160572585603,0.971995768649672,1.1349857115763178,1.1794993825716131,0.9655954071534356,0.9777544000741233,45.0,44.0,1359|1448,1359|1447,even,odd,False,ED2 App. D.2 rank-based order statistic,0.9,10.0,step5_outside_pm10_escalate,a statistical test must be conducted; proceed to Step 6,ci_no_overlap_escalate,proceed to Step 7,16.16498437633341,reject_null,reject the null hypothesis and conclude there is statistical evidence that the level of vertical inequity present is outside of acceptable limits,reject the null hypothesis and conclude there is statistical evidence that the level of vertical inequity present is outside of acceptable limits,False,-19.0939421356217,0.0,,,,,,
posthoc:A:b=1.013592045910285,fold_6,descriptive,May-2026 Exposure Draft / proposed guidance; not adopted IAAO guidance.,IAAO Standard on Ratio Studies (2013) remains the adopted/current guidance.,e950e00d0c3684dd067734d401e5278dcf659f471fcfb0d6db65c7584f7c56b8,matched_beta_core,,A-posthoc,SECONDARY,1.0,,-0.1264903880813394,,1.013592045910285,True,exact_posthoc_solve,,,output/p0_major_revision_validation/zero_reference_fits/cell=A/block=fold_6_train/eval_predictions.parquet,33113.0,10.0,0.9801281279984212,-28.830840832130974,3312.0,3311.0,1.2513161788140594,0.9687369982798897,1.2249876899110548,1.2757627739826982,0.9629163066433731,0.973626903892189,48.0,48.0,1609|1704,1608|1704,even,odd,False,ED2 App. D.2 rank-based order statistic,0.9,10.0,step5_outside_pm10_escalate,a statistical test must be conducted; proceed to Step 6,ci_no_overlap_escalate,proceed to Step 7,25.645706804903643,reject_null,reject the null hypothesis and conclude there is statistical evidence that the level of vertical inequity present is outside of acceptable limits,reject the null hypothesis and conclude there is statistical evidence that the level of vertical inequity present is outside of acceptable limits,False,-28.830840832130974,0.0,,,,,,
posthoc:A:b=1.013592045910285,fold_7,descriptive,May-2026 Exposure Draft / proposed guidance; not adopted IAAO guidance.,IAAO Standard on Ratio Studies (2013) remains the adopted/current guidance.,e950e00d0c3684dd067734d401e5278dcf659f471fcfb0d6db65c7584f7c56b8,matched_beta_core,,A-posthoc,SECONDARY,1.0,,-0.1264903880813394,,1.013592045910285,True,exact_posthoc_solve,,,output/p0_major_revision_validation/zero_reference_fits/cell=A/block=fold_7_train/eval_predictions.parquet,34460.0,10.0,0.9569968414027292,-32.49934228826445,3446.0,3446.0,1.2602661148259573,0.949248435650605,1.2426511714011959,1.2863688463346756,0.944832452106371,0.9545210024763845,49.0,49.0,1675|1772,1675|1772,even,even,False,ED2 App. D.2 rank-based order statistic,0.9,10.0,step5_outside_pm10_escalate,a statistical test must be conducted; proceed to Step 6,ci_no_overlap_escalate,proceed to Step 7,30.10774502687817,reject_null,reject the null hypothesis and conclude there is statistical evidence that the level of vertical inequity present is outside of acceptable limits,reject the null hypothesis and conclude there is statistical evidence that the level of vertical inequity present is outside of acceptable limits,False,-32.49934228826445,0.0,,,,,,
posthoc:A:b=1.013592045910285,pooled_oof,not_applicable,May-2026 Exposure Draft / proposed guidance; not adopted IAAO guidance.,IAAO Standard on Ratio Studies (2013) remains the adopted/current guidance.,e950e00d0c3684dd067734d401e5278dcf659f471fcfb0d6db65c7584f7c56b8,matched_beta_core,,A-posthoc,SECONDARY,1.0,,-0.1264903880813394,,1.013592045910285,True,exact_posthoc_solve,,,"ED2 App. D.2 is a rank-based order-statistic CI on distinct observations and has no row-balanced analogue; the pooled-OOF sample contains 20,988 unique rows twice, so the ED2 procedure is not applied there. No weighted variant was invented.",,,,,,,,,,,,,,,,,,,,,,,,,,,,,,,,,,,,,,,
posthoc:A:b=1.013592045910285,heldout,standards_facing,May-2026 Exposure Draft / proposed guidance; not adopted IAAO guidance.,IAAO Standard on Ratio Studies (2013) remains the adopted/current guidance.,e950e00d0c3684dd067734d401e5278dcf659f471fcfb0d6db65c7584f7c56b8,matched_beta_core,,A-posthoc,SECONDARY,1.0,,-0.1264903880813394,,1.013592045910285,True,exact_posthoc_solve,,,output/p0_major_revision_validation/zero_reference_fits/cell=A/block=development_pool/eval_predictions.parquet,38290.0,10.0,0.933805771919022,-22.75695750626661,3829.0,3829.0,1.1398817497482905,0.9273759670416137,1.1228818272540027,1.1642467899684819,0.9220402720467086,0.933517230940527,51.0,51.0,1864|1966,1864|1966,odd,odd,False,ED2 App. D.2 rank-based order statistic,0.9,10.0,step5_outside_pm10_escalate,a statistical test must be conducted; proceed to Step 6,ci_no_overlap_escalate,proceed to Step 7,20.278799083059965,reject_null,reject the null hypothesis and conclude there is statistical evidence that the level of vertical inequity present is outside of acceptable limits,reject the null hypothesis and conclude there is statistical evidence that the level of vertical inequity present is outside of acceptable limits,False,-22.75695750626661,0.0,,,1.1234899267351983,1.1632140996537634,0.9225279605622888,0.9334668424373582
posthoc:A:b=1.013592045910285,forward_2025,standards_facing,May-2026 Exposure Draft / proposed guidance; not adopted IAAO guidance.,IAAO Standard on Ratio Studies (2013) remains the adopted/current guidance.,e950e00d0c3684dd067734d401e5278dcf659f471fcfb0d6db65c7584f7c56b8,matched_beta_core,,A-posthoc,SECONDARY,1.0,,-0.1264903880813394,,1.013592045910285,True,exact_posthoc_solve,,,output/p0_major_revision_validation/zero_reference_fits/cell=A/block=production_2016_2024/eval_predictions.parquet,26641.0,10.0,0.9568443497132894,-25.17414585098794,2665.0,2664.0,1.17385707898369,0.9329796868199294,1.1485854010622385,1.196233245047963,0.926555243259195,0.9402431842000218,43.0,43.0,1290|1376,1290|1375,odd,even,False,ED2 App. D.2 rank-based order statistic,0.9,10.0,step5_outside_pm10_escalate,a statistical test must be conducted; proceed to Step 6,ci_no_overlap_escalate,proceed to Step 7,21.773887981325775,reject_null,reject the null hypothesis and conclude there is statistical evidence that the level of vertical inequity present is outside of acceptable limits,reject the null hypothesis and conclude there is statistical evidence that the level of vertical inequity present is outside of acceptable limits,False,-25.17414585098794,0.0,,,1.1497494853532244,1.1962835035982797,0.9262188082564343,0.9402431842000218
fit:LGBCovPenalty:66c49831fa352361,fold_1,descriptive,May-2026 Exposure Draft / proposed guidance; not adopted IAAO guidance.,IAAO Standard on Ratio Studies (2013) remains the adopted/current guidance.,e950e00d0c3684dd067734d401e5278dcf659f471fcfb0d6db65c7584f7c56b8,matched_beta_core,,Direct,PRIMARY,2.0,,-0.1147325732441951,1.6768329368110082,,True,exact_anchor,,66c49831fa352361,output/paper_v6_preselection_994/predictions/data_id=d4929d43ec19badf/split_id=3d464d4a611b131b/fold_id=0/fe2789574ff11f7a.parquet,5209.0,10.0,0.9643027593180503,-25.841788527245978,521.0,520.0,1.2315436774293547,0.9823505976039864,1.1873306449753984,1.2939439547955143,0.9662137510813488,1.0055807993942425,19.0,20.0,242|280,241|280,odd,even,False,ED2 App. D.2 rank-based order statistic,0.9,10.0,step5_outside_pm10_escalate,a statistical test must be conducted; proceed to Step 6,ci_no_overlap_escalate,proceed to Step 7,18.847798974430855,reject_null,reject the null hypothesis and conclude there is statistical evidence that the level of vertical inequity present is outside of acceptable limits,reject the null hypothesis and conclude there is statistical evidence that the level of vertical inequity present is outside of acceptable limits,False,-25.841788527245978,0.0,-25.841788527245978,0.0,,,,
fit:LGBCovPenalty:66c49831fa352361,fold_2,descriptive,May-2026 Exposure Draft / proposed guidance; not adopted IAAO guidance.,IAAO Standard on Ratio Studies (2013) remains the adopted/current guidance.,e950e00d0c3684dd067734d401e5278dcf659f471fcfb0d6db65c7584f7c56b8,matched_beta_core,,Direct,PRIMARY,2.0,,-0.1147325732441951,1.6768329368110082,,True,exact_anchor,,66c49831fa352361,output/paper_v6_preselection_994/predictions/data_id=d4929d43ec19badf/split_id=3d464d4a611b131b/fold_id=1/1b7d8f3442319495.parquet,11197.0,10.0,0.9835899980244484,-18.83240604173803,1120.0,1119.0,1.181466532655619,0.9962328704417319,1.1553129825768418,1.219366695872629,0.9853436913952185,1.008201586486624,29.0,28.0,532|589,532|588,even,odd,False,ED2 App. D.2 rank-based order statistic,0.9,10.0,step5_outside_pm10_escalate,a statistical test must be conducted; proceed to Step 6,ci_no_overlap_escalate,proceed to Step 7,14.9565770682594,reject_null,reject the null hypothesis and conclude there is statistical evidence that the level of vertical inequity present is outside of acceptable limits,reject the null hypothesis and conclude there is statistical evidence that the level of vertical inequity present is outside of acceptable limits,False,-18.83240604173803,0.0,-18.83240604173803,0.0,,,,
fit:LGBCovPenalty:66c49831fa352361,fold_3,descriptive,May-2026 Exposure Draft / proposed guidance; not adopted IAAO guidance.,IAAO Standard on Ratio Studies (2013) remains the adopted/current guidance.,e950e00d0c3684dd067734d401e5278dcf659f471fcfb0d6db65c7584f7c56b8,matched_beta_core,,Direct,PRIMARY,2.0,,-0.1147325732441951,1.6768329368110082,,True,exact_anchor,,66c49831fa352361,output/paper_v6_preselection_994/predictions/data_id=d4929d43ec19badf/split_id=3d464d4a611b131b/fold_id=2/31c03c08537a5157.parquet,16798.0,10.0,0.9836614259305516,-16.57802428958031,1680.0,1679.0,1.1672477873413878,1.004176157223389,1.1392452263192867,1.1982376276143183,0.994888443984116,1.01323786022098,35.0,34.0,806|875,806|874,even,odd,False,ED2 App. D.2 rank-based order statistic,0.9,10.0,step5_outside_pm10_escalate,a statistical test must be conducted; proceed to Step 6,ci_no_overlap_escalate,proceed to Step 7,12.810034304141059,reject_null,reject the null hypothesis and conclude there is statistical evidence that the level of vertical inequity present is outside of acceptable limits,reject the null hypothesis and conclude there is statistical evidence that the level of vertical inequity present is outside of acceptable limits,False,-16.57802428958031,0.0,-16.57802428958031,0.0,,,,
fit:LGBCovPenalty:66c49831fa352361,fold_4,descriptive,May-2026 Exposure Draft / proposed guidance; not adopted IAAO guidance.,IAAO Standard on Ratio Studies (2013) remains the adopted/current guidance.,e950e00d0c3684dd067734d401e5278dcf659f471fcfb0d6db65c7584f7c56b8,matched_beta_core,,Direct,PRIMARY,2.0,,-0.1147325732441951,1.6768329368110082,,True,exact_anchor,,66c49831fa352361,output/paper_v6_preselection_994/predictions/data_id=d4929d43ec19badf/split_id=3d464d4a611b131b/fold_id=3/db55090d1a5218b9.parquet,22323.0,10.0,0.9584976825902275,-7.877821697344547,2233.0,2232.0,1.063078205612389,0.9875694672047515,1.0409343142965384,1.094932569765675,0.9792100228636952,0.9931481195297375,39.0,40.0,1078|1156,1077|1156,odd,even,False,ED2 App. D.2 rank-based order statistic,0.9,10.0,step5_within_pm10_stop,fail to reject the null hypothesis that the degree of vertical inequity is acceptable,not_run,not applicable - Step 5 did not escalate,,not_run,not applicable - Step 6 did not escalate,fail to reject the null hypothesis that the degree of vertical inequity is acceptable,False,-7.877821697344547,0.0,-7.877821697344547,0.0,,,,
fit:LGBCovPenalty:66c49831fa352361,fold_5,descriptive,May-2026 Exposure Draft / proposed guidance; not adopted IAAO guidance.,IAAO Standard on Ratio Studies (2013) remains the adopted/current guidance.,e950e00d0c3684dd067734d401e5278dcf659f471fcfb0d6db65c7584f7c56b8,matched_beta_core,,Direct,PRIMARY,2.0,,-0.1147325732441951,1.6768329368110082,,True,exact_anchor,,66c49831fa352361,output/paper_v6_preselection_994/predictions/data_id=d4929d43ec19badf/split_id=3d464d4a611b131b/fold_id=4/88a87d95e31242ff.parquet,28053.0,10.0,0.9744041587558163,-14.597175749051969,2806.0,2805.0,1.1339577844728344,0.9917222969131765,1.1166280162448807,1.1542975061285252,0.9861414712799482,1.0001569255282752,45.0,44.0,1359|1448,1359|1447,even,odd,False,ED2 App. D.2 rank-based order statistic,0.9,10.0,step5_outside_pm10_escalate,a statistical test must be conducted; proceed to Step 6,ci_no_overlap_escalate,proceed to Step 7,11.953057637328184,reject_null,reject the null hypothesis and conclude there is statistical evidence that the level of vertical inequity present is outside of acceptable limits,reject the null hypothesis and conclude there is statistical evidence that the level of vertical inequity present is outside of acceptable limits,False,-14.597175749051969,0.0,-14.597175749051967,1.7763568394002505e-15,,,,
fit:LGBCovPenalty:66c49831fa352361,fold_6,descriptive,May-2026 Exposure Draft / proposed guidance; not adopted IAAO guidance.,IAAO Standard on Ratio Studies (2013) remains the adopted/current guidance.,e950e00d0c3684dd067734d401e5278dcf659f471fcfb0d6db65c7584f7c56b8,matched_beta_core,,Direct,PRIMARY,2.0,,-0.1147325732441951,1.6768329368110082,,True,exact_anchor,,66c49831fa352361,output/paper_v6_preselection_994/predictions/data_id=d4929d43ec19badf/split_id=3d464d4a611b131b/fold_id=5/bf0b4acb337d1a2a.parquet,33113.0,10.0,0.9897858632124826,-24.126774328162323,3312.0,3311.0,1.2287482888934456,0.9899448873441165,1.2118167712564434,1.25817445331726,0.9843243279869454,0.9955722600633402,48.0,48.0,1609|1704,1608|1704,even,odd,False,ED2 App. D.2 rank-based order statistic,0.9,10.0,step5_outside_pm10_escalate,a statistical test must be conducted; proceed to Step 6,ci_no_overlap_escalate,proceed to Step 7,21.8476055508868,reject_null,reject the null hypothesis and conclude there is statistical evidence that the level of vertical inequity present is outside of acceptable limits,reject the null hypothesis and conclude there is statistical evidence that the level of vertical inequity present is outside of acceptable limits,False,-24.126774328162323,0.0,-24.126774328162323,0.0,,,,
fit:LGBCovPenalty:66c49831fa352361,fold_7,descriptive,May-2026 Exposure Draft / proposed guidance; not adopted IAAO guidance.,IAAO Standard on Ratio Studies (2013) remains the adopted/current guidance.,e950e00d0c3684dd067734d401e5278dcf659f471fcfb0d6db65c7584f7c56b8,matched_beta_core,,Direct,PRIMARY,2.0,,-0.1147325732441951,1.6768329368110082,,True,exact_anchor,,66c49831fa352361,output/paper_v6_preselection_994/predictions/data_id=d4929d43ec19badf/split_id=3d464d4a611b131b/fold_id=6/26eb5812b0cc474b.parquet,34460.0,10.0,0.9601844453938913,-27.801213132016283,3446.0,3446.0,1.239272424773989,0.9723295006495648,1.2146199851324022,1.2635264815905063,0.9659280962055744,0.9769695279546627,49.0,49.0,1675|1772,1675|1772,even,even,False,ED2 App. D.2 rank-based order statistic,0.9,10.0,step5_outside_pm10_escalate,a statistical test must be conducted; proceed to Step 6,ci_no_overlap_escalate,proceed to Step 7,24.75050062701749,reject_null,reject the null hypothesis and conclude there is statistical evidence that the level of vertical inequity present is outside of acceptable limits,reject the null hypothesis and conclude there is statistical evidence that the level of vertical inequity present is outside of acceptable limits,False,-27.801213132016283,0.0,-27.801213132016283,0.0,,,,
fit:LGBCovPenalty:66c49831fa352361,pooled_oof,not_applicable,May-2026 Exposure Draft / proposed guidance; not adopted IAAO guidance.,IAAO Standard on Ratio Studies (2013) remains the adopted/current guidance.,e950e00d0c3684dd067734d401e5278dcf659f471fcfb0d6db65c7584f7c56b8,matched_beta_core,,Direct,PRIMARY,2.0,,-0.1147325732441951,1.6768329368110082,,True,exact_anchor,,66c49831fa352361,"ED2 App. D.2 is a rank-based order-statistic CI on distinct observations and has no row-balanced analogue; the pooled-OOF sample contains 20,988 unique rows twice, so the ED2 procedure is not applied there. No weighted variant was invented.",,,,,,,,,,,,,,,,,,,,,,,,,,,,,,,,,,,,,,,
fit:LGBCovPenalty:66c49831fa352361,heldout,standards_facing,May-2026 Exposure Draft / proposed guidance; not adopted IAAO guidance.,IAAO Standard on Ratio Studies (2013) remains the adopted/current guidance.,e950e00d0c3684dd067734d401e5278dcf659f471fcfb0d6db65c7584f7c56b8,matched_beta_core,,Direct,PRIMARY,2.0,,-0.1147325732441951,1.6768329368110082,,True,exact_anchor,,66c49831fa352361,output/paper_v6_preselection_994/reporting_preview/heldout/LGBCovPenalty/chunk_03/analysis/data_id=d4929d43ec19badf/split_id=3d464d4a611b131b/test_run_predictions/66c49831fa352361.parquet,38290.0,10.0,0.9374317276964661,-18.588769178785483,3829.0,3829.0,1.119483146922794,0.945226126852597,1.1049108704108972,1.1370061195875267,0.9403190888850858,0.9518386839659163,51.0,51.0,1864|1966,1864|1966,odd,odd,False,ED2 App. D.2 rank-based order statistic,0.9,10.0,step5_outside_pm10_escalate,a statistical test must be conducted; proceed to Step 6,ci_no_overlap_escalate,proceed to Step 7,16.328889019056607,reject_null,reject the null hypothesis and conclude there is statistical evidence that the level of vertical inequity present is outside of acceptable limits,reject the null hypothesis and conclude there is statistical evidence that the level of vertical inequity present is outside of acceptable limits,False,-18.588769178785483,0.0,-18.588769178785483,0.0,1.1050090203325376,1.1380056228220183,0.940276606554918,0.9520714843691161
fit:LGBCovPenalty:66c49831fa352361,forward_2025,standards_facing,May-2026 Exposure Draft / proposed guidance; not adopted IAAO guidance.,IAAO Standard on Ratio Studies (2013) remains the adopted/current guidance.,e950e00d0c3684dd067734d401e5278dcf659f471fcfb0d6db65c7584f7c56b8,matched_beta_core,,Direct,PRIMARY,2.0,,-0.1147325732441951,1.6768329368110082,,True,exact_anchor,,66c49831fa352361,output/paper_v6_preselection_994/reporting_preview/forward_2025/LGBCovPenalty/chunk_03/analysis/data_id=d4929d43ec19badf/split_id=3d464d4a611b131b/assess_run_predictions/66c49831fa352361.parquet,26641.0,10.0,0.9622558249369982,-19.896157236129795,2665.0,2664.0,1.1494352488707944,0.9579833169275114,1.128615673897184,1.1724619406404009,0.9515481817225581,0.9650211091605745,43.0,43.0,1290|1376,1290|1375,odd,even,False,ED2 App. D.2 rank-based order statistic,0.9,10.0,step5_outside_pm10_escalate,a statistical test must be conducted; proceed to Step 6,ci_no_overlap_escalate,proceed to Step 7,17.00115088909132,reject_null,reject the null hypothesis and conclude there is statistical evidence that the level of vertical inequity present is outside of acceptable limits,reject the null hypothesis and conclude there is statistical evidence that the level of vertical inequity present is outside of acceptable limits,False,-19.896157236129795,0.0,-19.896157236129795,0.0,1.1311698121258649,1.1727471290562315,0.9522625638166134,0.9652146468547496
fit:LGBSmoothPenalty:40412032702e9593,fold_1,descriptive,May-2026 Exposure Draft / proposed guidance; not adopted IAAO guidance.,IAAO Standard on Ratio Studies (2013) remains the adopted/current guidance.,e950e00d0c3684dd067734d401e5278dcf659f471fcfb0d6db65c7584f7c56b8,matched_beta_core,,Surrogate,PRIMARY,2.0,,-0.1147325732441951,0.4094915062380425,,True,nearest_fitted,,40412032702e9593,output/paper_v6_preselection_994/predictions/data_id=d4929d43ec19badf/split_id=3d464d4a611b131b/fold_id=0/ddf7592f5779c5ad.parquet,5209.0,10.0,0.9520956746433802,-22.845489966220413,521.0,520.0,1.185370404420593,0.9678594826011211,1.1489569768404522,1.2353195092880211,0.9450866906501696,0.9815648382985966,19.0,20.0,242|280,241|280,odd,even,False,ED2 App. D.2 rank-based order statistic,0.9,10.0,step5_outside_pm10_escalate,a statistical test must be conducted; proceed to Step 6,ci_no_overlap_escalate,proceed to Step 7,17.581440920268275,reject_null,reject the null hypothesis and conclude there is statistical evidence that the level of vertical inequity present is outside of acceptable limits,reject the null hypothesis and conclude there is statistical evidence that the level of vertical inequity present is outside of acceptable limits,False,-22.845489966220413,0.0,-22.845489966220413,0.0,,,,
fit:LGBSmoothPenalty:40412032702e9593,fold_2,descriptive,May-2026 Exposure Draft / proposed guidance; not adopted IAAO guidance.,IAAO Standard on Ratio Studies (2013) remains the adopted/current guidance.,e950e00d0c3684dd067734d401e5278dcf659f471fcfb0d6db65c7584f7c56b8,matched_beta_core,,Surrogate,PRIMARY,2.0,,-0.1147325732441951,0.4094915062380425,,True,nearest_fitted,,40412032702e9593,output/paper_v6_preselection_994/predictions/data_id=d4929d43ec19badf/split_id=3d464d4a611b131b/fold_id=1/27c31bafac720c8a.parquet,11197.0,10.0,0.9733780934980026,-21.791752296141375,1120.0,1119.0,1.1797611006728672,0.967644957632879,1.1527447729858815,1.2119297074908666,0.9577821108874177,0.9749743409619476,29.0,28.0,532|589,532|588,even,odd,False,ED2 App. D.2 rank-based order statistic,0.9,10.0,step5_outside_pm10_escalate,a statistical test must be conducted; proceed to Step 6,ci_no_overlap_escalate,proceed to Step 7,18.263245619704172,reject_null,reject the null hypothesis and conclude there is statistical evidence that the level of vertical inequity present is outside of acceptable limits,reject the null hypothesis and conclude there is statistical evidence that the level of vertical inequity present is outside of acceptable limits,False,-21.791752296141375,0.0,-21.79175229614137,3.552713678800501e-15,,,,
fit:LGBSmoothPenalty:40412032702e9593,fold_3,descriptive,May-2026 Exposure Draft / proposed guidance; not adopted IAAO guidance.,IAAO Standard on Ratio Studies (2013) remains the adopted/current guidance.,e950e00d0c3684dd067734d401e5278dcf659f471fcfb0d6db65c7584f7c56b8,matched_beta_core,,Surrogate,PRIMARY,2.0,,-0.1147325732441951,0.4094915062380425,,True,nearest_fitted,,40412032702e9593,output/paper_v6_preselection_994/predictions/data_id=d4929d43ec19badf/split_id=3d464d4a611b131b/fold_id=2/c6071f6f8ff207ec.parquet,16798.0,10.0,0.9671022929503181,-16.169933946864138,1680.0,1679.0,1.1257129760733116,0.9693331741046366,1.1006874690060309,1.1470142078787104,0.9616534638408941,0.9760096701312232,35.0,34.0,806|875,806|874,even,odd,False,ED2 App. D.2 rank-based order statistic,0.9,10.0,step5_outside_pm10_escalate,a statistical test must be conducted; proceed to Step 6,ci_no_overlap_escalate,proceed to Step 7,12.891893627348955,reject_null,reject the null hypothesis and conclude there is statistical evidence that the level of vertical inequity present is outside of acceptable limits,reject the null hypothesis and conclude there is statistical evidence that the level of vertical inequity present is outside of acceptable limits,False,-16.169933946864138,0.0,-16.169933946864138,0.0,,,,
fit:LGBSmoothPenalty:40412032702e9593,fold_4,descriptive,May-2026 Exposure Draft / proposed guidance; not adopted IAAO guidance.,IAAO Standard on Ratio Studies (2013) remains the adopted/current guidance.,e950e00d0c3684dd067734d401e5278dcf659f471fcfb0d6db65c7584f7c56b8,matched_beta_core,,Surrogate,PRIMARY,2.0,,-0.1147325732441951,0.4094915062380425,,True,nearest_fitted,,40412032702e9593,output/paper_v6_preselection_994/predictions/data_id=d4929d43ec19badf/split_id=3d464d4a611b131b/fold_id=3/9b041b5ada701eed.parquet,22323.0,10.0,0.9479572757570236,-6.556467151638612,2233.0,2232.0,1.0184750587802127,0.9563225513836352,0.9949086380499916,1.0390147511867491,0.9506513389494293,0.9642721873717149,39.0,40.0,1078|1156,1077|1156,odd,even,False,ED2 App. D.2 rank-based order statistic,0.9,10.0,step5_within_pm10_stop,fail to reject the null hypothesis that the degree of vertical inequity is acceptable,not_run,not applicable - Step 5 did not escalate,,not_run,not applicable - Step 6 did not escalate,fail to reject the null hypothesis that the degree of vertical inequity is acceptable,False,-6.556467151638612,0.0,-6.556467151638612,0.0,,,,
fit:LGBSmoothPenalty:40412032702e9593,fold_5,descriptive,May-2026 Exposure Draft / proposed guidance; not adopted IAAO guidance.,IAAO Standard on Ratio Studies (2013) remains the adopted/current guidance.,e950e00d0c3684dd067734d401e5278dcf659f471fcfb0d6db65c7584f7c56b8,matched_beta_core,,Surrogate,PRIMARY,2.0,,-0.1147325732441951,0.4094915062380425,,True,nearest_fitted,,40412032702e9593,output/paper_v6_preselection_994/predictions/data_id=d4929d43ec19badf/split_id=3d464d4a611b131b/fold_id=4/8c776a065684b3c8.parquet,28053.0,10.0,0.9692807587406297,-14.206317755579837,2806.0,2805.0,1.105731971201646,0.968032866671257,1.0823672711406114,1.1285626015054269,0.9628678025660834,0.9739606374956232,45.0,44.0,1359|1448,1359|1447,even,odd,False,ED2 App. D.2 rank-based order statistic,0.9,10.0,step5_outside_pm10_escalate,a statistical test must be conducted; proceed to Step 6,ci_no_overlap_escalate,proceed to Step 7,11.1842345643835,reject_null,reject the null hypothesis and conclude there is statistical evidence that the level of vertical inequity present is outside of acceptable limits,reject the null hypothesis and conclude there is statistical evidence that the level of vertical inequity present is outside of acceptable limits,False,-14.206317755579837,0.0,-14.206317755579835,1.7763568394002505e-15,,,,
fit:LGBSmoothPenalty:40412032702e9593,fold_6,descriptive,May-2026 Exposure Draft / proposed guidance; not adopted IAAO guidance.,IAAO Standard on Ratio Studies (2013) remains the adopted/current guidance.,e950e00d0c3684dd067734d401e5278dcf659f471fcfb0d6db65c7584f7c56b8,matched_beta_core,,Surrogate,PRIMARY,2.0,,-0.1147325732441951,0.4094915062380425,,True,nearest_fitted,,40412032702e9593,output/paper_v6_preselection_994/predictions/data_id=d4929d43ec19badf/split_id=3d464d4a611b131b/fold_id=5/98ebb8e59fabdfaf.parquet,33113.0,10.0,0.9803278478182185,-24.996604437553817,3312.0,3311.0,1.2124183769216246,0.9673697026113199,1.1925160858714827,1.2337353248369016,0.9617839516181484,0.9708794038596243,48.0,48.0,1609|1704,1608|1704,even,odd,False,ED2 App. D.2 rank-based order statistic,0.9,10.0,step5_outside_pm10_escalate,a statistical test must be conducted; proceed to Step 6,ci_no_overlap_escalate,proceed to Step 7,22.608424569915545,reject_null,reject the null hypothesis and conclude there is statistical evidence that the level of vertical inequity present is outside of acceptable limits,reject the null hypothesis and conclude there is statistical evidence that the level of vertical inequity present is outside of acceptable limits,False,-24.996604437553817,0.0,-24.996604437553817,0.0,,,,
fit:LGBSmoothPenalty:40412032702e9593,fold_7,descriptive,May-2026 Exposure Draft / proposed guidance; not adopted IAAO guidance.,IAAO Standard on Ratio Studies (2013) remains the adopted/current guidance.,e950e00d0c3684dd067734d401e5278dcf659f471fcfb0d6db65c7584f7c56b8,matched_beta_core,,Surrogate,PRIMARY,2.0,,-0.1147325732441951,0.4094915062380425,,True,nearest_fitted,,40412032702e9593,output/paper_v6_preselection_994/predictions/data_id=d4929d43ec19badf/split_id=3d464d4a611b131b/fold_id=6/4d952234f2ed1b54.parquet,34460.0,10.0,0.950544935092716,-27.722745642796824,3446.0,3446.0,1.2048488103716117,0.9413316557953699,1.1834423456706131,1.2248693118685112,0.9376120225200727,0.9478120607211796,49.0,49.0,1675|1772,1675|1772,even,even,False,ED2 App. D.2 rank-based order statistic,0.9,10.0,step5_outside_pm10_escalate,a statistical test must be conducted; proceed to Step 6,ci_no_overlap_escalate,proceed to Step 7,24.788968543233587,reject_null,reject the null hypothesis and conclude there is statistical evidence that the level of vertical inequity present is outside of acceptable limits,reject the null hypothesis and conclude there is statistical evidence that the level of vertical inequity present is outside of acceptable limits,False,-27.722745642796824,0.0,-27.722745642796824,0.0,,,,
fit:LGBSmoothPenalty:40412032702e9593,pooled_oof,not_applicable,May-2026 Exposure Draft / proposed guidance; not adopted IAAO guidance.,IAAO Standard on Ratio Studies (2013) remains the adopted/current guidance.,e950e00d0c3684dd067734d401e5278dcf659f471fcfb0d6db65c7584f7c56b8,matched_beta_core,,Surrogate,PRIMARY,2.0,,-0.1147325732441951,0.4094915062380425,,True,nearest_fitted,,40412032702e9593,"ED2 App. D.2 is a rank-based order-statistic CI on distinct observations and has no row-balanced analogue; the pooled-OOF sample contains 20,988 unique rows twice, so the ED2 procedure is not applied there. No weighted variant was invented.",,,,,,,,,,,,,,,,,,,,,,,,,,,,,,,,,,,,,,,
fit:LGBSmoothPenalty:40412032702e9593,heldout,standards_facing,May-2026 Exposure Draft / proposed guidance; not adopted IAAO guidance.,IAAO Standard on Ratio Studies (2013) remains the adopted/current guidance.,e950e00d0c3684dd067734d401e5278dcf659f471fcfb0d6db65c7584f7c56b8,matched_beta_core,,Surrogate,PRIMARY,2.0,,-0.1147325732441951,0.4094915062380425,,True,nearest_fitted,,40412032702e9593,output/paper_v6_preselection_994/reporting_preview/heldout/LGBSmoothPenalty/chunk_01/analysis/data_id=d4929d43ec19badf/split_id=3d464d4a611b131b/test_run_predictions/40412032702e9593.parquet,38290.0,10.0,0.9250228633240135,-16.61678929709285,3829.0,3829.0,1.069597319385916,0.9158882192374296,1.0515309399920503,1.0867369942849732,0.9116175826147633,0.9211568823383183,51.0,51.0,1864|1966,1864|1966,odd,odd,False,ED2 App. D.2 rank-based order statistic,0.9,10.0,step5_outside_pm10_escalate,a statistical test must be conducted; proceed to Step 6,ci_no_overlap_escalate,proceed to Step 7,14.09414435284775,reject_null,reject the null hypothesis and conclude there is statistical evidence that the level of vertical inequity present is outside of acceptable limits,reject the null hypothesis and conclude there is statistical evidence that the level of vertical inequity present is outside of acceptable limits,False,-16.61678929709285,0.0,-16.61678929709285,0.0,1.0502265689054462,1.0870829914899613,0.911817605844162,0.9210729710114034
fit:LGBSmoothPenalty:40412032702e9593,forward_2025,standards_facing,May-2026 Exposure Draft / proposed guidance; not adopted IAAO guidance.,IAAO Standard on Ratio Studies (2013) remains the adopted/current guidance.,e950e00d0c3684dd067734d401e5278dcf659f471fcfb0d6db65c7584f7c56b8,matched_beta_core,,Surrogate,PRIMARY,2.0,,-0.1147325732441951,0.4094915062380425,,True,nearest_fitted,,40412032702e9593,output/paper_v6_preselection_994/reporting_preview/forward_2025/LGBSmoothPenalty/chunk_01/analysis/data_id=d4929d43ec19badf/split_id=3d464d4a611b131b/assess_run_predictions/40412032702e9593.parquet,26641.0,10.0,0.9496460938208435,-20.15036860422185,2665.0,2664.0,1.1152422396028538,0.9238850512623594,1.0907940871233732,1.135794186155336,0.919313916768678,0.9293063034590616,43.0,43.0,1290|1376,1290|1375,odd,even,False,ED2 App. D.2 rank-based order statistic,0.9,10.0,step5_outside_pm10_escalate,a statistical test must be conducted; proceed to Step 6,ci_no_overlap_escalate,proceed to Step 7,17.005049008791822,reject_null,reject the null hypothesis and conclude there is statistical evidence that the level of vertical inequity present is outside of acceptable limits,reject the null hypothesis and conclude there is statistical evidence that the level of vertical inequity present is outside of acceptable limits,False,-20.15036860422185,0.0,-20.15036860422185,0.0,1.0907940871233732,1.135794186155336,0.9196035860230884,0.9293271851173857
posthoc:C:b=1.0273156195762976,fold_1,descriptive,May-2026 Exposure Draft / proposed guidance; not adopted IAAO guidance.,IAAO Standard on Ratio Studies (2013) remains the adopted/current guidance.,e950e00d0c3684dd067734d401e5278dcf659f471fcfb0d6db65c7584f7c56b8,matched_beta_core,,C-posthoc,PRIMARY,2.0,,-0.1147325732441951,,1.0273156195762976,True,exact_posthoc_solve,,,output/p0_major_revision_validation/zero_reference_fits/cell=C/block=fold_1_train/eval_predictions.parquet,5209.0,10.0,0.9644894430244428,-20.622356643659383,521.0,520.0,1.1932561015155776,0.994355648784633,1.1479139022533704,1.2464949921107449,0.9827093455718219,1.009086984072158,19.0,20.0,242|280,241|280,odd,even,False,ED2 App. D.2 rank-based order statistic,0.9,10.0,step5_outside_pm10_escalate,a statistical test must be conducted; proceed to Step 6,ci_no_overlap_escalate,proceed to Step 7,14.393824544712436,reject_null,reject the null hypothesis and conclude there is statistical evidence that the level of vertical inequity present is outside of acceptable limits,reject the null hypothesis and conclude there is statistical evidence that the level of vertical inequity present is outside of acceptable limits,False,-20.622356643659383,0.0,,,,,,
posthoc:C:b=1.0273156195762976,fold_2,descriptive,May-2026 Exposure Draft / proposed guidance; not adopted IAAO guidance.,IAAO Standard on Ratio Studies (2013) remains the adopted/current guidance.,e950e00d0c3684dd067734d401e5278dcf659f471fcfb0d6db65c7584f7c56b8,matched_beta_core,,C-posthoc,PRIMARY,2.0,,-0.1147325732441951,,1.0273156195762976,True,exact_posthoc_solve,,,output/p0_major_revision_validation/zero_reference_fits/cell=C/block=fold_2_train/eval_predictions.parquet,11197.0,10.0,0.9861737448086223,-20.257441372631952,1120.0,1119.0,1.2014848500210848,1.0017112818341891,1.1602817331909696,1.2388289114812745,0.9893839424630664,1.0147337775340588,29.0,28.0,532|589,532|588,even,odd,False,ED2 App. D.2 rank-based order statistic,0.9,10.0,step5_outside_pm10_escalate,a statistical test must be conducted; proceed to Step 6,ci_no_overlap_escalate,proceed to Step 7,14.758855264916424,reject_null,reject the null hypothesis and conclude there is statistical evidence that the level of vertical inequity present is outside of acceptable limits,reject the null hypothesis and conclude there is statistical evidence that the level of vertical inequity present is outside of acceptable limits,False,-20.257441372631952,0.0,,,,,,
posthoc:C:b=1.0273156195762976,fold_3,descriptive,May-2026 Exposure Draft / proposed guidance; not adopted IAAO guidance.,IAAO Standard on Ratio Studies (2013) remains the adopted/current guidance.,e950e00d0c3684dd067734d401e5278dcf659f471fcfb0d6db65c7584f7c56b8,matched_beta_core,,C-posthoc,PRIMARY,2.0,,-0.1147325732441951,,1.0273156195762976,True,exact_posthoc_solve,,,output/p0_major_revision_validation/zero_reference_fits/cell=C/block=fold_3_train/eval_predictions.parquet,16798.0,10.0,0.9827013438716508,-16.695196013222464,1680.0,1679.0,1.1711234426397739,1.0070595270558305,1.1367274737027353,1.1997405556892935,0.9993383170053819,1.0166240076952553,35.0,34.0,806|875,806|874,even,odd,False,ED2 App. D.2 rank-based order statistic,0.9,10.0,step5_outside_pm10_escalate,a statistical test must be conducted; proceed to Step 6,ci_no_overlap_escalate,proceed to Step 7,12.221766740879369,reject_null,reject the null hypothesis and conclude there is statistical evidence that the level of vertical inequity present is outside of acceptable limits,reject the null hypothesis and conclude there is statistical evidence that the level of vertical inequity present is outside of acceptable limits,False,-16.695196013222464,0.0,,,,,,
posthoc:C:b=1.0273156195762976,fold_4,descriptive,May-2026 Exposure Draft / proposed guidance; not adopted IAAO guidance.,IAAO Standard on Ratio Studies (2013) remains the adopted/current guidance.,e950e00d0c3684dd067734d401e5278dcf659f471fcfb0d6db65c7584f7c56b8,matched_beta_core,,C-posthoc,PRIMARY,2.0,,-0.1147325732441951,,1.0273156195762976,True,exact_posthoc_solve,,,output/p0_major_revision_validation/zero_reference_fits/cell=C/block=fold_4_train/eval_predictions.parquet,22323.0,10.0,0.9541536476065868,-8.021084543039915,2233.0,2232.0,1.0628074079590264,0.9862739372140029,1.044038620744416,1.0870584125125455,0.9791579917758435,0.9925393549225329,39.0,40.0,1078|1156,1077|1156,odd,even,False,ED2 App. D.2 rank-based order statistic,0.9,10.0,step5_within_pm10_stop,fail to reject the null hypothesis that the degree of vertical inequity is acceptable,not_run,not applicable - Step 5 did not escalate,,not_run,not applicable - Step 6 did not escalate,fail to reject the null hypothesis that the degree of vertical inequity is acceptable,False,-8.021084543039915,0.0,,,,,,
posthoc:C:b=1.0273156195762976,fold_5,descriptive,May-2026 Exposure Draft / proposed guidance; not adopted IAAO guidance.,IAAO Standard on Ratio Studies (2013) remains the adopted/current guidance.,e950e00d0c3684dd067734d401e5278dcf659f471fcfb0d6db65c7584f7c56b8,matched_beta_core,,C-posthoc,PRIMARY,2.0,,-0.1147325732441951,,1.0273156195762976,True,exact_posthoc_solve,,,output/p0_major_revision_validation/zero_reference_fits/cell=C/block=fold_5_train/eval_predictions.parquet,28053.0,10.0,0.9774827483977591,-14.53783280365347,2806.0,2805.0,1.135632751750668,0.993527944104045,1.1192965774385153,1.1580838692603834,0.9875737470994859,1.0001939359242034,45.0,44.0,1359|1448,1359|1447,even,odd,False,ED2 App. D.2 rank-based order statistic,0.9,10.0,step5_outside_pm10_escalate,a statistical test must be conducted; proceed to Step 6,ci_no_overlap_escalate,proceed to Step 7,12.184628496977469,reject_null,reject the null hypothesis and conclude there is statistical evidence that the level of vertical inequity present is outside of acceptable limits,reject the null hypothesis and conclude there is statistical evidence that the level of vertical inequity present is outside of acceptable limits,False,-14.53783280365347,0.0,,,,,,
posthoc:C:b=1.0273156195762976,fold_6,descriptive,May-2026 Exposure Draft / proposed guidance; not adopted IAAO guidance.,IAAO Standard on Ratio Studies (2013) remains the adopted/current guidance.,e950e00d0c3684dd067734d401e5278dcf659f471fcfb0d6db65c7584f7c56b8,matched_beta_core,,C-posthoc,PRIMARY,2.0,,-0.1147325732441951,,1.0273156195762976,True,exact_posthoc_solve,,,output/p0_major_revision_validation/zero_reference_fits/cell=C/block=fold_6_train/eval_predictions.parquet,33113.0,10.0,0.9891361567922576,-25.3757769831733,3312.0,3311.0,1.2398673218496818,0.9888663366421472,1.2203601414086338,1.261744216489568,0.9835972098807126,0.9949636094592834,48.0,48.0,1609|1704,1608|1704,even,odd,False,ED2 App. D.2 rank-based order statistic,0.9,10.0,step5_outside_pm10_escalate,a statistical test must be conducted; proceed to Step 6,ci_no_overlap_escalate,proceed to Step 7,22.787209870105787,reject_null,reject the null hypothesis and conclude there is statistical evidence that the level of vertical inequity present is outside of acceptable limits,reject the null hypothesis and conclude there is statistical evidence that the level of vertical inequity present is outside of acceptable limits,False,-25.3757769831733,0.0,,,,,,
posthoc:C:b=1.0273156195762976,fold_7,descriptive,May-2026 Exposure Draft / proposed guidance; not adopted IAAO guidance.,IAAO Standard on Ratio Studies (2013) remains the adopted/current guidance.,e950e00d0c3684dd067734d401e5278dcf659f471fcfb0d6db65c7584f7c56b8,matched_beta_core,,C-posthoc,PRIMARY,2.0,,-0.1147325732441951,,1.0273156195762976,True,exact_posthoc_solve,,,output/p0_major_revision_validation/zero_reference_fits/cell=C/block=fold_7_train/eval_predictions.parquet,34460.0,10.0,0.9602426511729747,-28.174652909491392,3446.0,3446.0,1.2411021008627903,0.9705570668059065,1.2145229886626767,1.261958731205289,0.9661551705527839,0.97610426766771,49.0,49.0,1675|1772,1675|1772,even,even,False,ED2 App. D.2 rank-based order statistic,0.9,10.0,step5_outside_pm10_escalate,a statistical test must be conducted; proceed to Step 6,ci_no_overlap_escalate,proceed to Step 7,24.829007616327893,reject_null,reject the null hypothesis and conclude there is statistical evidence that the level of vertical inequity present is outside of acceptable limits,reject the null hypothesis and conclude there is statistical evidence that the level of vertical inequity present is outside of acceptable limits,False,-28.174652909491392,0.0,,,,,,
posthoc:C:b=1.0273156195762976,pooled_oof,not_applicable,May-2026 Exposure Draft / proposed guidance; not adopted IAAO guidance.,IAAO Standard on Ratio Studies (2013) remains the adopted/current guidance.,e950e00d0c3684dd067734d401e5278dcf659f471fcfb0d6db65c7584f7c56b8,matched_beta_core,,C-posthoc,PRIMARY,2.0,,-0.1147325732441951,,1.0273156195762976,True,exact_posthoc_solve,,,"ED2 App. D.2 is a rank-based order-statistic CI on distinct observations and has no row-balanced analogue; the pooled-OOF sample contains 20,988 unique rows twice, so the ED2 procedure is not applied there. No weighted variant was invented.",,,,,,,,,,,,,,,,,,,,,,,,,,,,,,,,,,,,,,,
posthoc:C:b=1.0273156195762976,heldout,standards_facing,May-2026 Exposure Draft / proposed guidance; not adopted IAAO guidance.,IAAO Standard on Ratio Studies (2013) remains the adopted/current guidance.,e950e00d0c3684dd067734d401e5278dcf659f471fcfb0d6db65c7584f7c56b8,matched_beta_core,,C-posthoc,PRIMARY,2.0,,-0.1147325732441951,,1.0273156195762976,True,exact_posthoc_solve,,,output/p0_major_revision_validation/zero_reference_fits/cell=C/block=development_pool/eval_predictions.parquet,38290.0,10.0,0.937698812951524,-19.08514285367774,3829.0,3829.0,1.1216851562166796,0.9427239982276409,1.1010649816396962,1.144129921007647,0.9368346085722834,0.9478090384882948,51.0,51.0,1864|1966,1864|1966,odd,odd,False,ED2 App. D.2 rank-based order statistic,0.9,10.0,step5_outside_pm10_escalate,a statistical test must be conducted; proceed to Step 6,ci_no_overlap_escalate,proceed to Step 7,16.34383461241774,reject_null,reject the null hypothesis and conclude there is statistical evidence that the level of vertical inequity present is outside of acceptable limits,reject the null hypothesis and conclude there is statistical evidence that the level of vertical inequity present is outside of acceptable limits,False,-19.08514285367774,0.0,,,1.1025110243491067,1.144129921007647,0.9369584809612334,0.947907811865549
posthoc:C:b=1.0273156195762976,forward_2025,standards_facing,May-2026 Exposure Draft / proposed guidance; not adopted IAAO guidance.,IAAO Standard on Ratio Studies (2013) remains the adopted/current guidance.,e950e00d0c3684dd067734d401e5278dcf659f471fcfb0d6db65c7584f7c56b8,matched_beta_core,,C-posthoc,PRIMARY,2.0,,-0.1147325732441951,,1.0273156195762976,True,exact_posthoc_solve,,,output/p0_major_revision_validation/zero_reference_fits/cell=C/block=production_2016_2024/eval_predictions.parquet,26641.0,10.0,0.9582788276251681,-21.416206925457274,2665.0,2664.0,1.1563153782512015,0.9510884016041494,1.1392549524615678,1.1805714255472397,0.9461659974505877,0.9580745086605051,43.0,43.0,1290|1376,1290|1375,odd,even,False,ED2 App. D.2 rank-based order statistic,0.9,10.0,step5_outside_pm10_escalate,a statistical test must be conducted; proceed to Step 6,ci_no_overlap_escalate,proceed to Step 7,18.90686077767875,reject_null,reject the null hypothesis and conclude there is statistical evidence that the level of vertical inequity present is outside of acceptable limits,reject the null hypothesis and conclude there is statistical evidence that the level of vertical inequity present is outside of acceptable limits,False,-21.416206925457274,0.0,,,1.1392549524615678,1.1807615768023074,0.9459015627905962,0.9581514101361559
posthoc:A:b=1.0272354305206024,fold_1,descriptive,May-2026 Exposure Draft / proposed guidance; not adopted IAAO guidance.,IAAO Standard on Ratio Studies (2013) remains the adopted/current guidance.,e950e00d0c3684dd067734d401e5278dcf659f471fcfb0d6db65c7584f7c56b8,matched_beta_core,,A-posthoc,SECONDARY,2.0,,-0.1147325732441951,,1.0272354305206024,True,exact_posthoc_solve,,,output/p0_major_revision_validation/zero_reference_fits/cell=A/block=fold_1_train/eval_predictions.parquet,5209.0,10.0,0.9662504220799312,-23.215721671678416,521.0,520.0,1.222782258864836,0.9984602502233413,1.1673390086107693,1.2497680528407764,0.9789956343038841,1.0151702562482061,19.0,20.0,242|280,241|280,odd,even,False,ED2 App. D.2 rank-based order statistic,0.9,10.0,step5_outside_pm10_escalate,a statistical test must be conducted; proceed to Step 6,ci_no_overlap_escalate,proceed to Step 7,15.748376288934272,reject_null,reject the null hypothesis and conclude there is statistical evidence that the level of vertical inequity present is outside of acceptable limits,reject the null hypothesis and conclude there is statistical evidence that the level of vertical inequity present is outside of acceptable limits,False,-23.215721671678416,0.0,,,,,,
posthoc:A:b=1.0272354305206024,fold_2,descriptive,May-2026 Exposure Draft / proposed guidance; not adopted IAAO guidance.,IAAO Standard on Ratio Studies (2013) remains the adopted/current guidance.,e950e00d0c3684dd067734d401e5278dcf659f471fcfb0d6db65c7584f7c56b8,matched_beta_core,,A-posthoc,SECONDARY,2.0,,-0.1147325732441951,,1.0272354305206024,True,exact_posthoc_solve,,,output/p0_major_revision_validation/zero_reference_fits/cell=A/block=fold_2_train/eval_predictions.parquet,11197.0,10.0,0.9861903702232907,-20.394998857189474,1120.0,1119.0,1.2036414626285756,1.0025079478918228,1.1772950540660467,1.244732144890004,0.9926655917565507,1.0111213356539692,29.0,28.0,532|589,532|588,even,odd,False,ED2 App. D.2 rank-based order statistic,0.9,10.0,step5_outside_pm10_escalate,a statistical test must be conducted; proceed to Step 6,ci_no_overlap_escalate,proceed to Step 7,16.850065000579235,reject_null,reject the null hypothesis and conclude there is statistical evidence that the level of vertical inequity present is outside of acceptable limits,reject the null hypothesis and conclude there is statistical evidence that the level of vertical inequity present is outside of acceptable limits,False,-20.394998857189474,0.0,,,,,,
posthoc:A:b=1.0272354305206024,fold_3,descriptive,May-2026 Exposure Draft / proposed guidance; not adopted IAAO guidance.,IAAO Standard on Ratio Studies (2013) remains the adopted/current guidance.,e950e00d0c3684dd067734d401e5278dcf659f471fcfb0d6db65c7584f7c56b8,matched_beta_core,,A-posthoc,SECONDARY,2.0,,-0.1147325732441951,,1.0272354305206024,True,exact_posthoc_solve,,,output/p0_major_revision_validation/zero_reference_fits/cell=A/block=fold_3_train/eval_predictions.parquet,16798.0,10.0,0.9824663937750885,-16.555867107029954,1680.0,1679.0,1.1681354432474584,1.0054796127228252,1.138714680182706,1.1917297652781322,0.9967834420724453,1.016008673089341,35.0,34.0,806|875,806|874,even,odd,False,ED2 App. D.2 rank-based order statistic,0.9,10.0,step5_outside_pm10_escalate,a statistical test must be conducted; proceed to Step 6,ci_no_overlap_escalate,proceed to Step 7,12.48958823129532,reject_null,reject the null hypothesis and conclude there is statistical evidence that the level of vertical inequity present is outside of acceptable limits,reject the null hypothesis and conclude there is statistical evidence that the level of vertical inequity present is outside of acceptable limits,False,-16.555867107029954,0.0,,,,,,
posthoc:A:b=1.0272354305206024,fold_4,descriptive,May-2026 Exposure Draft / proposed guidance; not adopted IAAO guidance.,IAAO Standard on Ratio Studies (2013) remains the adopted/current guidance.,e950e00d0c3684dd067734d401e5278dcf659f471fcfb0d6db65c7584f7c56b8,matched_beta_core,,A-posthoc,SECONDARY,2.0,,-0.1147325732441951,,1.0272354305206024,True,exact_posthoc_solve,,,output/p0_major_revision_validation/zero_reference_fits/cell=A/block=fold_4_train/eval_predictions.parquet,22323.0,10.0,0.9569416380064232,-8.575569640419713,2233.0,2232.0,1.0674659420725556,0.9854027454871417,1.0364660009634967,1.093048462563469,0.9784755411513806,0.9938648193773334,39.0,40.0,1078|1156,1077|1156,odd,even,False,ED2 App. D.2 rank-based order statistic,0.9,10.0,step5_within_pm10_stop,fail to reject the null hypothesis that the degree of vertical inequity is acceptable,not_run,not applicable - Step 5 did not escalate,,not_run,not applicable - Step 6 did not escalate,fail to reject the null hypothesis that the degree of vertical inequity is acceptable,False,-8.575569640419713,0.0,,,,,,
posthoc:A:b=1.0272354305206024,fold_5,descriptive,May-2026 Exposure Draft / proposed guidance; not adopted IAAO guidance.,IAAO Standard on Ratio Studies (2013) remains the adopted/current guidance.,e950e00d0c3684dd067734d401e5278dcf659f471fcfb0d6db65c7584f7c56b8,matched_beta_core,,A-posthoc,SECONDARY,2.0,,-0.1147325732441951,,1.0272354305206024,True,exact_posthoc_solve,,,output/p0_major_revision_validation/zero_reference_fits/cell=A/block=fold_5_train/eval_predictions.parquet,28053.0,10.0,0.9778032530251991,-15.830029474637026,2806.0,2805.0,1.1449745907214837,0.990188047563635,1.123553115412449,1.1661878064921913,0.9844447583759819,0.9963874340419702,45.0,44.0,1359|1448,1359|1447,even,odd,False,ED2 App. D.2 rank-based order statistic,0.9,10.0,step5_outside_pm10_escalate,a statistical test must be conducted; proceed to Step 6,ci_no_overlap_escalate,proceed to Step 7,13.005242207677702,reject_null,reject the null hypothesis and conclude there is statistical evidence that the level of vertical inequity present is outside of acceptable limits,reject the null hypothesis and conclude there is statistical evidence that the level of vertical inequity present is outside of acceptable limits,False,-15.830029474637026,0.0,,,,,,
posthoc:A:b=1.0272354305206024,fold_6,descriptive,May-2026 Exposure Draft / proposed guidance; not adopted IAAO guidance.,IAAO Standard on Ratio Studies (2013) remains the adopted/current guidance.,e950e00d0c3684dd067734d401e5278dcf659f471fcfb0d6db65c7584f7c56b8,matched_beta_core,,A-posthoc,SECONDARY,2.0,,-0.1147325732441951,,1.0272354305206024,True,exact_posthoc_solve,,,output/p0_major_revision_validation/zero_reference_fits/cell=A/block=fold_6_train/eval_predictions.parquet,33113.0,10.0,0.9846543594048126,-25.30882876100954,3312.0,3311.0,1.2368310760269985,0.9876265903174191,1.212025319360296,1.2620373935098026,0.9821795510468347,0.9922200079791738,48.0,48.0,1609|1704,1608|1704,even,odd,False,ED2 App. D.2 rank-based order statistic,0.9,10.0,step5_outside_pm10_escalate,a statistical test must be conducted; proceed to Step 6,ci_no_overlap_escalate,proceed to Step 7,22.323093304942695,reject_null,reject the null hypothesis and conclude there is statistical evidence that the level of vertical inequity present is outside of acceptable limits,reject the null hypothesis and conclude there is statistical evidence that the level of vertical inequity present is outside of acceptable limits,False,-25.30882876100954,0.0,,,,,,
posthoc:A:b=1.0272354305206024,fold_7,descriptive,May-2026 Exposure Draft / proposed guidance; not adopted IAAO guidance.,IAAO Standard on Ratio Studies (2013) remains the adopted/current guidance.,e950e00d0c3684dd067734d401e5278dcf659f471fcfb0d6db65c7584f7c56b8,matched_beta_core,,A-posthoc,SECONDARY,2.0,,-0.1147325732441951,,1.0272354305206024,True,exact_posthoc_solve,,,output/p0_major_revision_validation/zero_reference_fits/cell=A/block=fold_7_train/eval_predictions.parquet,34460.0,10.0,0.9622015775899371,-28.98610119059281,3446.0,3446.0,1.2475108611619001,0.9686061382242006,1.2299270192853655,1.2715017776473359,0.963456777152608,0.9732489994608339,49.0,49.0,1675|1772,1675|1772,even,even,False,ED2 App. D.2 rank-based order statistic,0.9,10.0,step5_outside_pm10_escalate,a statistical test must be conducted; proceed to Step 6,ci_no_overlap_escalate,proceed to Step 7,26.67611712583582,reject_null,reject the null hypothesis and conclude there is statistical evidence that the level of vertical inequity present is outside of acceptable limits,reject the null hypothesis and conclude there is statistical evidence that the level of vertical inequity present is outside of acceptable limits,False,-28.98610119059281,0.0,,,,,,
posthoc:A:b=1.0272354305206024,pooled_oof,not_applicable,May-2026 Exposure Draft / proposed guidance; not adopted IAAO guidance.,IAAO Standard on Ratio Studies (2013) remains the adopted/current guidance.,e950e00d0c3684dd067734d401e5278dcf659f471fcfb0d6db65c7584f7c56b8,matched_beta_core,,A-posthoc,SECONDARY,2.0,,-0.1147325732441951,,1.0272354305206024,True,exact_posthoc_solve,,,"ED2 App. D.2 is a rank-based order-statistic CI on distinct observations and has no row-balanced analogue; the pooled-OOF sample contains 20,988 unique rows twice, so the ED2 procedure is not applied there. No weighted variant was invented.",,,,,,,,,,,,,,,,,,,,,,,,,,,,,,,,,,,,,,,
posthoc:A:b=1.0272354305206024,heldout,standards_facing,May-2026 Exposure Draft / proposed guidance; not adopted IAAO guidance.,IAAO Standard on Ratio Studies (2013) remains the adopted/current guidance.,e950e00d0c3684dd067734d401e5278dcf659f471fcfb0d6db65c7584f7c56b8,matched_beta_core,,A-posthoc,SECONDARY,2.0,,-0.1147325732441951,,1.0272354305206024,True,exact_posthoc_solve,,,output/p0_major_revision_validation/zero_reference_fits/cell=A/block=development_pool/eval_predictions.parquet,38290.0,10.0,0.9387195370636089,-19.199929550819085,3829.0,3829.0,1.1279651350709563,0.9477316452749683,1.1094859280835159,1.1518335273116969,0.941147586376685,0.9535902541876681,51.0,51.0,1864|1966,1864|1966,odd,odd,False,ED2 App. D.2 rank-based order statistic,0.9,10.0,step5_outside_pm10_escalate,a statistical test must be conducted; proceed to Step 6,ci_no_overlap_escalate,proceed to Step 7,16.607268490810593,reject_null,reject the null hypothesis and conclude there is statistical evidence that the level of vertical inequity present is outside of acceptable limits,reject the null hypothesis and conclude there is statistical evidence that the level of vertical inequity present is outside of acceptable limits,False,-19.199929550819085,0.0,,,1.1094859280835159,1.1524357157654124,0.9409751390684803,0.9537810916939535
posthoc:A:b=1.0272354305206024,forward_2025,standards_facing,May-2026 Exposure Draft / proposed guidance; not adopted IAAO guidance.,IAAO Standard on Ratio Studies (2013) remains the adopted/current guidance.,e950e00d0c3684dd067734d401e5278dcf659f471fcfb0d6db65c7584f7c56b8,matched_beta_core,,A-posthoc,SECONDARY,2.0,,-0.1147325732441951,,1.0272354305206024,True,exact_posthoc_solve,,,output/p0_major_revision_validation/zero_reference_fits/cell=A/block=production_2016_2024/eval_predictions.parquet,26641.0,10.0,0.9633842434800678,-21.80053173043111,2665.0,2664.0,1.1639134860412816,0.9538905983554358,1.1383671558755484,1.1838706558536343,0.9472872582738859,0.9596487012673404,43.0,43.0,1290|1376,1290|1375,odd,even,False,ED2 App. D.2 rank-based order statistic,0.9,10.0,step5_outside_pm10_escalate,a statistical test must be conducted; proceed to Step 6,ci_no_overlap_escalate,proceed to Step 7,18.551108326478005,reject_null,reject the null hypothesis and conclude there is statistical evidence that the level of vertical inequity present is outside of acceptable limits,reject the null hypothesis and conclude there is statistical evidence that the level of vertical inequity present is outside of acceptable limits,False,-21.80053173043111,0.0,,,1.1384816805236033,1.1865187130703587,0.9476366178992047,0.9599240454790456
fit:LGBCovPenalty:30e55d9aa9ad73af,fold_1,descriptive,May-2026 Exposure Draft / proposed guidance; not adopted IAAO guidance.,IAAO Standard on Ratio Studies (2013) remains the adopted/current guidance.,e950e00d0c3684dd067734d401e5278dcf659f471fcfb0d6db65c7584f7c56b8,matched_beta_core,,Direct,PRIMARY,3.0,,-0.1020327443752032,3.906939937054617,,True,exact_anchor,,30e55d9aa9ad73af,output/paper_v6_preselection_994/predictions/data_id=d4929d43ec19badf/split_id=3d464d4a611b131b/fold_id=0/3fc19befe126ea5e.parquet,5209.0,10.0,0.9680382709539308,-19.608402799685138,521.0,520.0,1.1986832861312882,1.008866442707534,1.1574612768708956,1.2563213926550516,0.9931493878235365,1.0251721354107959,19.0,20.0,242|280,241|280,odd,even,False,ED2 App. D.2 rank-based order statistic,0.9,10.0,step5_outside_pm10_escalate,a statistical test must be conducted; proceed to Step 6,ci_no_overlap_escalate,proceed to Step 7,13.66569333356402,reject_null,reject the null hypothesis and conclude there is statistical evidence that the level of vertical inequity present is outside of acceptable limits,reject the null hypothesis and conclude there is statistical evidence that the level of vertical inequity present is outside of acceptable limits,False,-19.608402799685138,0.0,-19.608402799685138,0.0,,,,
fit:LGBCovPenalty:30e55d9aa9ad73af,fold_2,descriptive,May-2026 Exposure Draft / proposed guidance; not adopted IAAO guidance.,IAAO Standard on Ratio Studies (2013) remains the adopted/current guidance.,e950e00d0c3684dd067734d401e5278dcf659f471fcfb0d6db65c7584f7c56b8,matched_beta_core,,Direct,PRIMARY,3.0,,-0.1020327443752032,3.906939937054617,,True,exact_anchor,,30e55d9aa9ad73af,output/paper_v6_preselection_994/predictions/data_id=d4929d43ec19badf/split_id=3d464d4a611b131b/fold_id=1/aab3bb087d5cfcba.parquet,11197.0,10.0,0.9839057866639209,-16.664497499528363,1120.0,1119.0,1.178152766780105,1.014189811563781,1.150900090728854,1.2141666702993403,1.0034707107398193,1.0240954820424346,29.0,28.0,532|589,532|588,even,odd,False,ED2 App. D.2 rank-based order statistic,0.9,10.0,step5_outside_pm10_escalate,a statistical test must be conducted; proceed to Step 6,ci_no_overlap_escalate,proceed to Step 7,12.88788117776696,reject_null,reject the null hypothesis and conclude there is statistical evidence that the level of vertical inequity present is outside of acceptable limits,reject the null hypothesis and conclude there is statistical evidence that the level of vertical inequity present is outside of acceptable limits,False,-16.664497499528363,0.0,-16.664497499528363,0.0,,,,
fit:LGBCovPenalty:30e55d9aa9ad73af,fold_3,descriptive,May-2026 Exposure Draft / proposed guidance; not adopted IAAO guidance.,IAAO Standard on Ratio Studies (2013) remains the adopted/current guidance.,e950e00d0c3684dd067734d401e5278dcf659f471fcfb0d6db65c7584f7c56b8,matched_beta_core,,Direct,PRIMARY,3.0,,-0.1020327443752032,3.906939937054617,,True,exact_anchor,,30e55d9aa9ad73af,output/paper_v6_preselection_994/predictions/data_id=d4929d43ec19badf/split_id=3d464d4a611b131b/fold_id=2/2da99884414370d5.parquet,16798.0,10.0,0.9937084756685155,-11.195708273436793,1680.0,1679.0,1.1416417512336279,1.0303890492093652,1.120778982127842,1.1694068188521274,1.021628601683844,1.0409609617504243,35.0,34.0,806|875,806|874,even,odd,False,ED2 App. D.2 rank-based order statistic,0.9,10.0,step5_outside_pm10_escalate,a statistical test must be conducted; proceed to Step 6,ci_no_overlap_escalate,proceed to Step 7,8.03233768573024,fail_to_reject_null,fail to reject the null hypothesis that the level of vertical inequity present is within acceptable limits,fail to reject the null hypothesis that the level of vertical inequity present is within acceptable limits,False,-11.195708273436793,0.0,-11.195708273436791,1.7763568394002505e-15,,,,
fit:LGBCovPenalty:30e55d9aa9ad73af,fold_4,descriptive,May-2026 Exposure Draft / proposed guidance; not adopted IAAO guidance.,IAAO Standard on Ratio Studies (2013) remains the adopted/current guidance.,e950e00d0c3684dd067734d401e5278dcf659f471fcfb0d6db65c7584f7c56b8,matched_beta_core,,Direct,PRIMARY,3.0,,-0.1020327443752032,3.906939937054617,,True,exact_anchor,,30e55d9aa9ad73af,output/paper_v6_preselection_994/predictions/data_id=d4929d43ec19badf/split_id=3d464d4a611b131b/fold_id=3/0531992b43cfcb37.parquet,22323.0,10.0,0.9592176240340622,-2.691532963324459,2233.0,2232.0,1.0349794780082644,1.00916181946737,1.0084506759622718,1.061830488345996,1.0019521680316403,1.0171749639075376,39.0,40.0,1078|1156,1077|1156,odd,even,False,ED2 App. D.2 rank-based order statistic,0.9,10.0,step5_within_pm10_stop,fail to reject the null hypothesis that the degree of vertical inequity is acceptable,not_run,not applicable - Step 5 did not escalate,,not_run,not applicable - Step 6 did not escalate,fail to reject the null hypothesis that the degree of vertical inequity is acceptable,False,-2.691532963324459,0.0,-2.691532963324459,0.0,,,,
fit:LGBCovPenalty:30e55d9aa9ad73af,fold_5,descriptive,May-2026 Exposure Draft / proposed guidance; not adopted IAAO guidance.,IAAO Standard on Ratio Studies (2013) remains the adopted/current guidance.,e950e00d0c3684dd067734d401e5278dcf659f471fcfb0d6db65c7584f7c56b8,matched_beta_core,,Direct,PRIMARY,3.0,,-0.1020327443752032,3.906939937054617,,True,exact_anchor,,30e55d9aa9ad73af,output/paper_v6_preselection_994/predictions/data_id=d4929d43ec19badf/split_id=3d464d4a611b131b/fold_id=4/16a6da67ce6b6164.parquet,28053.0,10.0,0.9850203235500723,-10.895620021926787,2806.0,2805.0,1.1293666623145542,1.0220425907217845,1.109270303283896,1.1508159117796808,1.0170092149690189,1.0279872422352963,45.0,44.0,1359|1448,1359|1447,even,odd,False,ED2 App. D.2 rank-based order statistic,0.9,10.0,step5_outside_pm10_escalate,a statistical test must be conducted; proceed to Step 6,ci_no_overlap_escalate,proceed to Step 7,8.251917153917262,fail_to_reject_null,fail to reject the null hypothesis that the level of vertical inequity present is within acceptable limits,fail to reject the null hypothesis that the level of vertical inequity present is within acceptable limits,False,-10.895620021926787,0.0,-10.895620021926788,-1.7763568394002505e-15,,,,
fit:LGBCovPenalty:30e55d9aa9ad73af,fold_6,descriptive,May-2026 Exposure Draft / proposed guidance; not adopted IAAO guidance.,IAAO Standard on Ratio Studies (2013) remains the adopted/current guidance.,e950e00d0c3684dd067734d401e5278dcf659f471fcfb0d6db65c7584f7c56b8,matched_beta_core,,Direct,PRIMARY,3.0,,-0.1020327443752032,3.906939937054617,,True,exact_anchor,,30e55d9aa9ad73af,output/paper_v6_preselection_994/predictions/data_id=d4929d43ec19badf/split_id=3d464d4a611b131b/fold_id=5/1bbf25728721dc45.parquet,33113.0,10.0,0.9868903532953611,-19.806717745387253,3312.0,3311.0,1.2053873143970002,1.009916727663333,1.1810937355594782,1.2256163938781157,1.0041638638477997,1.0167078345739526,48.0,48.0,1609|1704,1608|1704,even,odd,False,ED2 App. D.2 rank-based order statistic,0.9,10.0,step5_outside_pm10_escalate,a statistical test must be conducted; proceed to Step 6,ci_no_overlap_escalate,proceed to Step 7,16.65695691893417,reject_null,reject the null hypothesis and conclude there is statistical evidence that the level of vertical inequity present is outside of acceptable limits,reject the null hypothesis and conclude there is statistical evidence that the level of vertical inequity present is outside of acceptable limits,False,-19.806717745387253,0.0,-19.806717745387253,0.0,,,,
fit:LGBCovPenalty:30e55d9aa9ad73af,fold_7,descriptive,May-2026 Exposure Draft / proposed guidance; not adopted IAAO guidance.,IAAO Standard on Ratio Studies (2013) remains the adopted/current guidance.,e950e00d0c3684dd067734d401e5278dcf659f471fcfb0d6db65c7584f7c56b8,matched_beta_core,,Direct,PRIMARY,3.0,,-0.1020327443752032,3.906939937054617,,True,exact_anchor,,30e55d9aa9ad73af,output/paper_v6_preselection_994/predictions/data_id=d4929d43ec19badf/split_id=3d464d4a611b131b/fold_id=6/7d734fd7ee462a6c.parquet,34460.0,10.0,0.9696692104928062,-23.13842077624552,3446.0,3446.0,1.2227849378353568,0.9984187957738334,1.197929755976797,1.242636753507091,0.9907465238475416,1.0048356277779396,49.0,49.0,1675|1772,1675|1772,even,even,False,ED2 App. D.2 rank-based order statistic,0.9,10.0,step5_outside_pm10_escalate,a statistical test must be conducted; proceed to Step 6,ci_no_overlap_escalate,proceed to Step 7,19.913402025080586,reject_null,reject the null hypothesis and conclude there is statistical evidence that the level of vertical inequity present is outside of acceptable limits,reject the null hypothesis and conclude there is statistical evidence that the level of vertical inequity present is outside of acceptable limits,False,-23.13842077624552,0.0,-23.13842077624552,0.0,,,,
fit:LGBCovPenalty:30e55d9aa9ad73af,pooled_oof,not_applicable,May-2026 Exposure Draft / proposed guidance; not adopted IAAO guidance.,IAAO Standard on Ratio Studies (2013) remains the adopted/current guidance.,e950e00d0c3684dd067734d401e5278dcf659f471fcfb0d6db65c7584f7c56b8,matched_beta_core,,Direct,PRIMARY,3.0,,-0.1020327443752032,3.906939937054617,,True,exact_anchor,,30e55d9aa9ad73af,"ED2 App. D.2 is a rank-based order-statistic CI on distinct observations and has no row-balanced analogue; the pooled-OOF sample contains 20,988 unique rows twice, so the ED2 procedure is not applied there. No weighted variant was invented.",,,,,,,,,,,,,,,,,,,,,,,,,,,,,,,,,,,,,,,
fit:LGBCovPenalty:30e55d9aa9ad73af,heldout,standards_facing,May-2026 Exposure Draft / proposed guidance; not adopted IAAO guidance.,IAAO Standard on Ratio Studies (2013) remains the adopted/current guidance.,e950e00d0c3684dd067734d401e5278dcf659f471fcfb0d6db65c7584f7c56b8,matched_beta_core,,Direct,PRIMARY,3.0,,-0.1020327443752032,3.906939937054617,,True,exact_anchor,,30e55d9aa9ad73af,output/paper_v6_preselection_994/reporting_preview/heldout/LGBCovPenalty/chunk_04/analysis/data_id=d4929d43ec19badf/split_id=3d464d4a611b131b/test_run_predictions/30e55d9aa9ad73af.parquet,38290.0,10.0,0.9448540871909944,-15.113392531385207,3829.0,3829.0,1.1149110388201582,0.9721115317741466,1.0974548813354013,1.132935528899049,0.9672568909212813,0.9785405030358787,51.0,51.0,1864|1966,1864|1966,odd,odd,False,ED2 App. D.2 rank-based order statistic,0.9,10.0,step5_outside_pm10_escalate,a statistical test must be conducted; proceed to Step 6,ci_no_overlap_escalate,proceed to Step 7,12.585475356628796,reject_null,reject the null hypothesis and conclude there is statistical evidence that the level of vertical inequity present is outside of acceptable limits,reject the null hypothesis and conclude there is statistical evidence that the level of vertical inequity present is outside of acceptable limits,False,-15.113392531385207,0.0,-15.113392531385209,-1.7763568394002505e-15,1.0968955592377845,1.1339891508678064,0.9672535191503885,0.9785405030358787
fit:LGBCovPenalty:30e55d9aa9ad73af,forward_2025,standards_facing,May-2026 Exposure Draft / proposed guidance; not adopted IAAO guidance.,IAAO Standard on Ratio Studies (2013) remains the adopted/current guidance.,e950e00d0c3684dd067734d401e5278dcf659f471fcfb0d6db65c7584f7c56b8,matched_beta_core,,Direct,PRIMARY,3.0,,-0.1020327443752032,3.906939937054617,,True,exact_anchor,,30e55d9aa9ad73af,output/paper_v6_preselection_994/reporting_preview/forward_2025/LGBCovPenalty/chunk_04/analysis/data_id=d4929d43ec19badf/split_id=3d464d4a611b131b/assess_run_predictions/30e55d9aa9ad73af.parquet,26641.0,10.0,0.9704967756056502,-15.599812004274426,2665.0,2664.0,1.1348372053785483,0.9834415328765218,1.1149560840403745,1.1563317548890815,0.9762723385721018,0.9896657757387802,43.0,43.0,1290|1376,1290|1375,odd,even,False,ED2 App. D.2 rank-based order statistic,0.9,10.0,step5_outside_pm10_escalate,a statistical test must be conducted; proceed to Step 6,ci_no_overlap_escalate,proceed to Step 7,12.909914947775622,reject_null,reject the null hypothesis and conclude there is statistical evidence that the level of vertical inequity present is outside of acceptable limits,reject the null hypothesis and conclude there is statistical evidence that the level of vertical inequity present is outside of acceptable limits,False,-15.599812004274426,0.0,-15.599812004274426,0.0,1.1168308218124603,1.15612797002235,0.9762770132038489,0.989633385103694
fit:LGBSmoothPenalty:727cdd078038bd83,fold_1,descriptive,May-2026 Exposure Draft / proposed guidance; not adopted IAAO guidance.,IAAO Standard on Ratio Studies (2013) remains the adopted/current guidance.,e950e00d0c3684dd067734d401e5278dcf659f471fcfb0d6db65c7584f7c56b8,matched_beta_core,,Surrogate,PRIMARY,3.0,,-0.1020327443752032,0.8286427728546845,,True,nearest_fitted,,727cdd078038bd83,output/paper_v6_preselection_994/predictions/data_id=d4929d43ec19badf/split_id=3d464d4a611b131b/fold_id=0/c238128833c7e973.parquet,5209.0,10.0,0.9509626531915302,-23.179862056492823,521.0,520.0,1.1809751983811143,0.9605433671625534,1.1259498764318403,1.223446446083573,0.9469847895694821,0.9750571356104734,19.0,20.0,242|280,241|280,odd,even,False,ED2 App. D.2 rank-based order statistic,0.9,10.0,step5_outside_pm10_escalate,a statistical test must be conducted; proceed to Step 6,ci_no_overlap_escalate,proceed to Step 7,15.867367694720198,reject_null,reject the null hypothesis and conclude there is statistical evidence that the level of vertical inequity present is outside of acceptable limits,reject the null hypothesis and conclude there is statistical evidence that the level of vertical inequity present is outside of acceptable limits,False,-23.179862056492823,0.0,-23.179862056492823,0.0,,,,
fit:LGBSmoothPenalty:727cdd078038bd83,fold_2,descriptive,May-2026 Exposure Draft / proposed guidance; not adopted IAAO guidance.,IAAO Standard on Ratio Studies (2013) remains the adopted/current guidance.,e950e00d0c3684dd067734d401e5278dcf659f471fcfb0d6db65c7584f7c56b8,matched_beta_core,,Surrogate,PRIMARY,3.0,,-0.1020327443752032,0.8286427728546845,,True,nearest_fitted,,727cdd078038bd83,output/paper_v6_preselection_994/predictions/data_id=d4929d43ec19badf/split_id=3d464d4a611b131b/fold_id=1/e13cdec6960f0fab.parquet,11197.0,10.0,0.9770761302903147,-19.396562369981307,1120.0,1119.0,1.1576459279348872,0.9681267469209265,1.1240386342499074,1.1952246958652415,0.9600899295026473,0.9757941645878682,29.0,28.0,532|589,532|588,even,odd,False,ED2 App. D.2 rank-based order statistic,0.9,10.0,step5_outside_pm10_escalate,a statistical test must be conducted; proceed to Step 6,ci_no_overlap_escalate,proceed to Step 7,15.172253734004524,reject_null,reject the null hypothesis and conclude there is statistical evidence that the level of vertical inequity present is outside of acceptable limits,reject the null hypothesis and conclude there is statistical evidence that the level of vertical inequity present is outside of acceptable limits,False,-19.396562369981307,0.0,-19.396562369981307,0.0,,,,
fit:LGBSmoothPenalty:727cdd078038bd83,fold_3,descriptive,May-2026 Exposure Draft / proposed guidance; not adopted IAAO guidance.,IAAO Standard on Ratio Studies (2013) remains the adopted/current guidance.,e950e00d0c3684dd067734d401e5278dcf659f471fcfb0d6db65c7584f7c56b8,matched_beta_core,,Surrogate,PRIMARY,3.0,,-0.1020327443752032,0.8286427728546845,,True,nearest_fitted,,727cdd078038bd83,output/paper_v6_preselection_994/predictions/data_id=d4929d43ec19badf/split_id=3d464d4a611b131b/fold_id=2/ffb57dd4251f87e3.parquet,16798.0,10.0,0.9668534264153033,-11.966145664967353,1680.0,1679.0,1.08762093876314,0.9719258493915568,1.05910756205598,1.1133082919840958,0.9652660520381808,0.9783733386571443,35.0,34.0,806|875,806|874,even,odd,False,ED2 App. D.2 rank-based order statistic,0.9,10.0,step5_outside_pm10_escalate,a statistical test must be conducted; proceed to Step 6,ci_no_overlap_escalate,proceed to Step 7,8.350202956632755,fail_to_reject_null,fail to reject the null hypothesis that the level of vertical inequity present is within acceptable limits,fail to reject the null hypothesis that the level of vertical inequity present is within acceptable limits,False,-11.966145664967353,0.0,-11.966145664967351,1.7763568394002505e-15,,,,
fit:LGBSmoothPenalty:727cdd078038bd83,fold_4,descriptive,May-2026 Exposure Draft / proposed guidance; not adopted IAAO guidance.,IAAO Standard on Ratio Studies (2013) remains the adopted/current guidance.,e950e00d0c3684dd067734d401e5278dcf659f471fcfb0d6db65c7584f7c56b8,matched_beta_core,,Surrogate,PRIMARY,3.0,,-0.1020327443752032,0.8286427728546845,,True,nearest_fitted,,727cdd078038bd83,output/paper_v6_preselection_994/predictions/data_id=d4929d43ec19badf/split_id=3d464d4a611b131b/fold_id=3/4a276644d0fd1120.parquet,22323.0,10.0,0.9500110622887329,-3.904689083953281,2233.0,2232.0,0.9994388439871429,0.9623438657416061,0.9843029021243682,1.025015664311343,0.9554686667830519,0.9686419536095866,39.0,40.0,1078|1156,1077|1156,odd,even,False,ED2 App. D.2 rank-based order statistic,0.9,10.0,step5_within_pm10_stop,fail to reject the null hypothesis that the degree of vertical inequity is acceptable,not_run,not applicable - Step 5 did not escalate,,not_run,not applicable - Step 6 did not escalate,fail to reject the null hypothesis that the degree of vertical inequity is acceptable,False,-3.904689083953281,0.0,-3.904689083953281,0.0,,,,
fit:LGBSmoothPenalty:727cdd078038bd83,fold_5,descriptive,May-2026 Exposure Draft / proposed guidance; not adopted IAAO guidance.,IAAO Standard on Ratio Studies (2013) remains the adopted/current guidance.,e950e00d0c3684dd067734d401e5278dcf659f471fcfb0d6db65c7584f7c56b8,matched_beta_core,,Surrogate,PRIMARY,3.0,,-0.1020327443752032,0.8286427728546845,,True,nearest_fitted,,727cdd078038bd83,output/paper_v6_preselection_994/predictions/data_id=d4929d43ec19badf/split_id=3d464d4a611b131b/fold_id=4/2ca8cb54261188a6.parquet,28053.0,10.0,0.9703373399916002,-10.688536526104054,2806.0,2805.0,1.0757530901928947,0.972038229181466,1.0581170804913254,1.0976185487396968,0.9668501071957312,0.9780416445730314,45.0,44.0,1359|1448,1359|1447,even,odd,False,ED2 App. D.2 rank-based order statistic,0.9,10.0,step5_outside_pm10_escalate,a statistical test must be conducted; proceed to Step 6,ci_no_overlap_escalate,proceed to Step 7,8.252329640224614,fail_to_reject_null,fail to reject the null hypothesis that the level of vertical inequity present is within acceptable limits,fail to reject the null hypothesis that the level of vertical inequity present is within acceptable limits,False,-10.688536526104054,0.0,-10.688536526104054,0.0,,,,
fit:LGBSmoothPenalty:727cdd078038bd83,fold_6,descriptive,May-2026 Exposure Draft / proposed guidance; not adopted IAAO guidance.,IAAO Standard on Ratio Studies (2013) remains the adopted/current guidance.,e950e00d0c3684dd067734d401e5278dcf659f471fcfb0d6db65c7584f7c56b8,matched_beta_core,,Surrogate,PRIMARY,3.0,,-0.1020327443752032,0.8286427728546845,,True,nearest_fitted,,727cdd078038bd83,output/paper_v6_preselection_994/predictions/data_id=d4929d43ec19badf/split_id=3d464d4a611b131b/fold_id=5/d0ed8a081cc88a0b.parquet,33113.0,10.0,0.9833704554997411,-19.552177018177126,3312.0,3311.0,1.1668425611419568,0.9745722289381927,1.1495132164735513,1.1891722813827443,0.9689057058668479,0.9806474946532232,48.0,48.0,1609|1704,1608|1704,even,odd,False,ED2 App. D.2 rank-based order statistic,0.9,10.0,step5_outside_pm10_escalate,a statistical test must be conducted; proceed to Step 6,ci_no_overlap_escalate,proceed to Step 7,17.17213699841245,reject_null,reject the null hypothesis and conclude there is statistical evidence that the level of vertical inequity present is outside of acceptable limits,reject the null hypothesis and conclude there is statistical evidence that the level of vertical inequity present is outside of acceptable limits,False,-19.552177018177126,0.0,-19.55217701817713,-3.552713678800501e-15,,,,
fit:LGBSmoothPenalty:727cdd078038bd83,fold_7,descriptive,May-2026 Exposure Draft / proposed guidance; not adopted IAAO guidance.,IAAO Standard on Ratio Studies (2013) remains the adopted/current guidance.,e950e00d0c3684dd067734d401e5278dcf659f471fcfb0d6db65c7584f7c56b8,matched_beta_core,,Surrogate,PRIMARY,3.0,,-0.1020327443752032,0.8286427728546845,,True,nearest_fitted,,727cdd078038bd83,output/paper_v6_preselection_994/predictions/data_id=d4929d43ec19badf/split_id=3d464d4a611b131b/fold_id=6/695394c3f3f4790d.parquet,34460.0,10.0,0.9538487530114288,-23.338613675650667,3446.0,3446.0,1.171907870332079,0.9492927948167305,1.1515153713457418,1.194672178532932,0.9431268469989227,0.9553178558640545,49.0,49.0,1675|1772,1675|1772,even,even,False,ED2 App. D.2 rank-based order statistic,0.9,10.0,step5_outside_pm10_escalate,a statistical test must be conducted; proceed to Step 6,ci_no_overlap_escalate,proceed to Step 7,20.569038315798533,reject_null,reject the null hypothesis and conclude there is statistical evidence that the level of vertical inequity present is outside of acceptable limits,reject the null hypothesis and conclude there is statistical evidence that the level of vertical inequity present is outside of acceptable limits,False,-23.338613675650667,0.0,-23.338613675650667,0.0,,,,
fit:LGBSmoothPenalty:727cdd078038bd83,pooled_oof,not_applicable,May-2026 Exposure Draft / proposed guidance; not adopted IAAO guidance.,IAAO Standard on Ratio Studies (2013) remains the adopted/current guidance.,e950e00d0c3684dd067734d401e5278dcf659f471fcfb0d6db65c7584f7c56b8,matched_beta_core,,Surrogate,PRIMARY,3.0,,-0.1020327443752032,0.8286427728546845,,True,nearest_fitted,,727cdd078038bd83,"ED2 App. D.2 is a rank-based order-statistic CI on distinct observations and has no row-balanced analogue; the pooled-OOF sample contains 20,988 unique rows twice, so the ED2 procedure is not applied there. No weighted variant was invented.",,,,,,,,,,,,,,,,,,,,,,,,,,,,,,,,,,,,,,,
fit:LGBSmoothPenalty:727cdd078038bd83,heldout,standards_facing,May-2026 Exposure Draft / proposed guidance; not adopted IAAO guidance.,IAAO Standard on Ratio Studies (2013) remains the adopted/current guidance.,e950e00d0c3684dd067734d401e5278dcf659f471fcfb0d6db65c7584f7c56b8,matched_beta_core,,Surrogate,PRIMARY,3.0,,-0.1020327443752032,0.8286427728546845,,True,nearest_fitted,,727cdd078038bd83,output/paper_v6_preselection_994/reporting_preview/heldout/LGBSmoothPenalty/chunk_02/analysis/data_id=d4929d43ec19badf/split_id=3d464d4a611b131b/test_run_predictions/727cdd078038bd83.parquet,38290.0,10.0,0.9303117430072078,-12.532368454587838,3829.0,3829.0,1.0446881872006868,0.9280980917907252,1.0278219091889444,1.0683401856424777,0.9226108095416937,0.9331392300560194,51.0,51.0,1864|1966,1864|1966,odd,odd,False,ED2 App. D.2 rank-based order statistic,0.9,10.0,step5_outside_pm10_escalate,a statistical test must be conducted; proceed to Step 6,ci_no_overlap_escalate,proceed to Step 7,10.177521658155774,reject_null,reject the null hypothesis and conclude there is statistical evidence that the level of vertical inequity present is outside of acceptable limits,reject the null hypothesis and conclude there is statistical evidence that the level of vertical inequity present is outside of acceptable limits,False,-12.532368454587838,0.0,-12.532368454587838,0.0,1.0275486127602005,1.0683771246488734,0.922935239265258,0.9327916950760846
fit:LGBSmoothPenalty:727cdd078038bd83,forward_2025,standards_facing,May-2026 Exposure Draft / proposed guidance; not adopted IAAO guidance.,IAAO Standard on Ratio Studies (2013) remains the adopted/current guidance.,e950e00d0c3684dd067734d401e5278dcf659f471fcfb0d6db65c7584f7c56b8,matched_beta_core,,Surrogate,PRIMARY,3.0,,-0.1020327443752032,0.8286427728546845,,True,nearest_fitted,,727cdd078038bd83,output/paper_v6_preselection_994/reporting_preview/forward_2025/LGBSmoothPenalty/chunk_02/analysis/data_id=d4929d43ec19badf/split_id=3d464d4a611b131b/assess_run_predictions/727cdd078038bd83.parquet,26641.0,10.0,0.9497423618374031,-16.129171865340993,2665.0,2664.0,1.0805334299609408,0.9273478521422374,1.0643200022044192,1.1028771371575286,0.9225910904477072,0.9334686813475446,43.0,43.0,1290|1376,1290|1375,odd,even,False,ED2 App. D.2 rank-based order statistic,0.9,10.0,step5_outside_pm10_escalate,a statistical test must be conducted; proceed to Step 6,ci_no_overlap_escalate,proceed to Step 7,13.777559695634231,reject_null,reject the null hypothesis and conclude there is statistical evidence that the level of vertical inequity present is outside of acceptable limits,reject the null hypothesis and conclude there is statistical evidence that the level of vertical inequity present is outside of acceptable limits,False,-16.129171865340993,0.0,-16.129171865340993,0.0,1.067834447513516,1.1035604100039653,0.9223008811222186,0.9334686813475446
posthoc:C:b=1.0420532368981876,fold_1,descriptive,May-2026 Exposure Draft / proposed guidance; not adopted IAAO guidance.,IAAO Standard on Ratio Studies (2013) remains the adopted/current guidance.,e950e00d0c3684dd067734d401e5278dcf659f471fcfb0d6db65c7584f7c56b8,matched_beta_core,,C-posthoc,PRIMARY,3.0,,-0.1020327443752032,,1.0420532368981876,True,exact_posthoc_solve,,,output/p0_major_revision_validation/zero_reference_fits/cell=C/block=fold_1_train/eval_predictions.parquet,5209.0,10.0,0.9681039127792078,-15.612622892963333,521.0,520.0,1.1645717229551011,1.0134253098408608,1.1217451049697118,1.2157712887714744,1.0011321422782264,1.0316245919083453,19.0,20.0,242|280,241|280,odd,even,False,ED2 App. D.2 rank-based order statistic,0.9,10.0,step5_outside_pm10_escalate,a statistical test must be conducted; proceed to Step 6,ci_no_overlap_escalate,proceed to Step 7,9.308971058969366,fail_to_reject_null,fail to reject the null hypothesis that the level of vertical inequity present is within acceptable limits,fail to reject the null hypothesis that the level of vertical inequity present is within acceptable limits,False,-15.612622892963333,0.0,,,,,,
posthoc:C:b=1.0420532368981876,fold_2,descriptive,May-2026 Exposure Draft / proposed guidance; not adopted IAAO guidance.,IAAO Standard on Ratio Studies (2013) remains the adopted/current guidance.,e950e00d0c3684dd067734d401e5278dcf659f471fcfb0d6db65c7584f7c56b8,matched_beta_core,,C-posthoc,PRIMARY,3.0,,-0.1020327443752032,,1.0420532368981876,True,exact_posthoc_solve,,,output/p0_major_revision_validation/zero_reference_fits/cell=C/block=fold_2_train/eval_predictions.parquet,11197.0,10.0,0.9912959678614286,-15.809078714670402,1120.0,1119.0,1.1801451619730718,1.0234304021185048,1.1435903046792415,1.2149953563806126,1.0114951225076856,1.034737278282371,29.0,28.0,532|589,532|588,even,odd,False,ED2 App. D.2 rank-based order statistic,0.9,10.0,step5_outside_pm10_escalate,a statistical test must be conducted; proceed to Step 6,ci_no_overlap_escalate,proceed to Step 7,10.980880577140299,reject_null,reject the null hypothesis and conclude there is statistical evidence that the level of vertical inequity present is outside of acceptable limits,reject the null hypothesis and conclude there is statistical evidence that the level of vertical inequity present is outside of acceptable limits,False,-15.809078714670402,0.0,,,,,,
posthoc:C:b=1.0420532368981876,fold_3,descriptive,May-2026 Exposure Draft / proposed guidance; not adopted IAAO guidance.,IAAO Standard on Ratio Studies (2013) remains the adopted/current guidance.,e950e00d0c3684dd067734d401e5278dcf659f471fcfb0d6db65c7584f7c56b8,matched_beta_core,,C-posthoc,PRIMARY,3.0,,-0.1020327443752032,,1.0420532368981876,True,exact_posthoc_solve,,,output/p0_major_revision_validation/zero_reference_fits/cell=C/block=fold_3_train/eval_predictions.parquet,16798.0,10.0,0.9865762622106424,-12.442929782223924,1680.0,1679.0,1.1521891361879164,1.0294301446329568,1.1163231085442873,1.1811458524057123,1.0205618530184581,1.0391544650578355,35.0,34.0,806|875,806|874,even,odd,False,ED2 App. D.2 rank-based order statistic,0.9,10.0,step5_outside_pm10_escalate,a statistical test must be conducted; proceed to Step 6,ci_no_overlap_escalate,proceed to Step 7,7.82186298639888,fail_to_reject_null,fail to reject the null hypothesis that the level of vertical inequity present is within acceptable limits,fail to reject the null hypothesis that the level of vertical inequity present is within acceptable limits,False,-12.442929782223924,0.0,,,,,,
posthoc:C:b=1.0420532368981876,fold_4,descriptive,May-2026 Exposure Draft / proposed guidance; not adopted IAAO guidance.,IAAO Standard on Ratio Studies (2013) remains the adopted/current guidance.,e950e00d0c3684dd067734d401e5278dcf659f471fcfb0d6db65c7584f7c56b8,matched_beta_core,,C-posthoc,PRIMARY,3.0,,-0.1020327443752032,,1.0420532368981876,True,exact_posthoc_solve,,,output/p0_major_revision_validation/zero_reference_fits/cell=C/block=fold_4_train/eval_predictions.parquet,22323.0,10.0,0.9589052544264182,-4.4116424546758894,2233.0,2232.0,1.048624507348061,1.0063210360436672,1.0273360633487612,1.0725954904163086,1.0011587022752964,1.0123543798406753,39.0,40.0,1078|1156,1077|1156,odd,even,False,ED2 App. D.2 rank-based order statistic,0.9,10.0,step5_within_pm10_stop,fail to reject the null hypothesis that the degree of vertical inequity is acceptable,not_run,not applicable - Step 5 did not escalate,,not_run,not applicable - Step 6 did not escalate,fail to reject the null hypothesis that the degree of vertical inequity is acceptable,False,-4.4116424546758894,0.0,,,,,,
posthoc:C:b=1.0420532368981876,fold_5,descriptive,May-2026 Exposure Draft / proposed guidance; not adopted IAAO guidance.,IAAO Standard on Ratio Studies (2013) remains the adopted/current guidance.,e950e00d0c3684dd067734d401e5278dcf659f471fcfb0d6db65c7584f7c56b8,matched_beta_core,,C-posthoc,PRIMARY,3.0,,-0.1020327443752032,,1.0420532368981876,True,exact_posthoc_solve,,,output/p0_major_revision_validation/zero_reference_fits/cell=C/block=fold_5_train/eval_predictions.parquet,28053.0,10.0,0.9828765379275743,-10.804731619715993,2806.0,2805.0,1.1210652364139517,1.0148680643377213,1.1031382803567515,1.1444928115223134,1.00733782979772,1.0224903327798174,45.0,44.0,1359|1448,1359|1447,even,odd,False,ED2 App. D.2 rank-based order statistic,0.9,10.0,step5_outside_pm10_escalate,a statistical test must be conducted; proceed to Step 6,ci_no_overlap_escalate,proceed to Step 7,8.2052978644686,fail_to_reject_null,fail to reject the null hypothesis that the level of vertical inequity present is within acceptable limits,fail to reject the null hypothesis that the level of vertical inequity present is within acceptable limits,False,-10.804731619715993,0.0,,,,,,
posthoc:C:b=1.0420532368981876,fold_6,descriptive,May-2026 Exposure Draft / proposed guidance; not adopted IAAO guidance.,IAAO Standard on Ratio Studies (2013) remains the adopted/current guidance.,e950e00d0c3684dd067734d401e5278dcf659f471fcfb0d6db65c7584f7c56b8,matched_beta_core,,C-posthoc,PRIMARY,3.0,,-0.1020327443752032,,1.0420532368981876,True,exact_posthoc_solve,,,output/p0_major_revision_validation/zero_reference_fits/cell=C/block=fold_6_train/eval_predictions.parquet,33113.0,10.0,0.9941442932931936,-21.828814673638362,3312.0,3311.0,1.2275624428952092,1.0105525275236862,1.2052536990557856,1.2469728818809134,1.005183202122251,1.0155624614960248,48.0,48.0,1609|1704,1608|1704,even,odd,False,ED2 App. D.2 rank-based order statistic,0.9,10.0,step5_outside_pm10_escalate,a statistical test must be conducted; proceed to Step 6,ci_no_overlap_escalate,proceed to Step 7,19.080855650379615,reject_null,reject the null hypothesis and conclude there is statistical evidence that the level of vertical inequity present is outside of acceptable limits,reject the null hypothesis and conclude there is statistical evidence that the level of vertical inequity present is outside of acceptable limits,False,-21.828814673638362,0.0,,,,,,
posthoc:C:b=1.0420532368981876,fold_7,descriptive,May-2026 Exposure Draft / proposed guidance; not adopted IAAO guidance.,IAAO Standard on Ratio Studies (2013) remains the adopted/current guidance.,e950e00d0c3684dd067734d401e5278dcf659f471fcfb0d6db65c7584f7c56b8,matched_beta_core,,C-posthoc,PRIMARY,3.0,,-0.1020327443752032,,1.0420532368981876,True,exact_posthoc_solve,,,output/p0_major_revision_validation/zero_reference_fits/cell=C/block=fold_7_train/eval_predictions.parquet,34460.0,10.0,0.9658416638320868,-24.205082851112284,3446.0,3446.0,1.2250419581265528,0.9912591831854348,1.1987062620178313,1.246608145532634,0.9863292097566153,0.9962897065565534,49.0,49.0,1675|1772,1675|1772,even,even,False,ED2 App. D.2 rank-based order statistic,0.9,10.0,step5_outside_pm10_escalate,a statistical test must be conducted; proceed to Step 6,ci_no_overlap_escalate,proceed to Step 7,20.95752989761978,reject_null,reject the null hypothesis and conclude there is statistical evidence that the level of vertical inequity present is outside of acceptable limits,reject the null hypothesis and conclude there is statistical evidence that the level of vertical inequity present is outside of acceptable limits,False,-24.205082851112284,0.0,,,,,,
posthoc:C:b=1.0420532368981876,pooled_oof,not_applicable,May-2026 Exposure Draft / proposed guidance; not adopted IAAO guidance.,IAAO Standard on Ratio Studies (2013) remains the adopted/current guidance.,e950e00d0c3684dd067734d401e5278dcf659f471fcfb0d6db65c7584f7c56b8,matched_beta_core,,C-posthoc,PRIMARY,3.0,,-0.1020327443752032,,1.0420532368981876,True,exact_posthoc_solve,,,"ED2 App. D.2 is a rank-based order-statistic CI on distinct observations and has no row-balanced analogue; the pooled-OOF sample contains 20,988 unique rows twice, so the ED2 procedure is not applied there. No weighted variant was invented.",,,,,,,,,,,,,,,,,,,,,,,,,,,,,,,,,,,,,,,
posthoc:C:b=1.0420532368981876,heldout,standards_facing,May-2026 Exposure Draft / proposed guidance; not adopted IAAO guidance.,IAAO Standard on Ratio Studies (2013) remains the adopted/current guidance.,e950e00d0c3684dd067734d401e5278dcf659f471fcfb0d6db65c7584f7c56b8,matched_beta_core,,C-posthoc,PRIMARY,3.0,,-0.1020327443752032,,1.0420532368981876,True,exact_posthoc_solve,,,output/p0_major_revision_validation/zero_reference_fits/cell=C/block=development_pool/eval_predictions.parquet,38290.0,10.0,0.9435154918921128,-15.310047227143219,3829.0,3829.0,1.108473915370411,0.9640212479663159,1.0867298688425286,1.1317212607076539,0.9573716864017873,0.9686337086620416,51.0,51.0,1864|1966,1864|1966,odd,odd,False,ED2 App. D.2 rank-based order statistic,0.9,10.0,step5_outside_pm10_escalate,a statistical test must be conducted; proceed to Step 6,ci_no_overlap_escalate,proceed to Step 7,12.516610611624266,reject_null,reject the null hypothesis and conclude there is statistical evidence that the level of vertical inequity present is outside of acceptable limits,reject the null hypothesis and conclude there is statistical evidence that the level of vertical inequity present is outside of acceptable limits,False,-15.310047227143219,0.0,,,1.0865169255717702,1.1321064918511783,0.9573477052423568,0.9680797994812506
posthoc:C:b=1.0420532368981876,forward_2025,standards_facing,May-2026 Exposure Draft / proposed guidance; not adopted IAAO guidance.,IAAO Standard on Ratio Studies (2013) remains the adopted/current guidance.,e950e00d0c3684dd067734d401e5278dcf659f471fcfb0d6db65c7584f7c56b8,matched_beta_core,,C-posthoc,PRIMARY,3.0,,-0.1020327443752032,,1.0420532368981876,True,exact_posthoc_solve,,,output/p0_major_revision_validation/zero_reference_fits/cell=C/block=production_2016_2024/eval_predictions.parquet,26641.0,10.0,0.9649680574200389,-17.931207715085826,2665.0,2664.0,1.1464682578837477,0.9734378311235319,1.1276827757452013,1.1659797485968775,0.9678407869268835,0.9817929054723092,43.0,43.0,1290|1376,1290|1375,odd,even,False,ED2 App. D.2 rank-based order statistic,0.9,10.0,step5_outside_pm10_escalate,a statistical test must be conducted; proceed to Step 6,ci_no_overlap_escalate,proceed to Step 7,15.118621715100765,reject_null,reject the null hypothesis and conclude there is statistical evidence that the level of vertical inequity present is outside of acceptable limits,reject the null hypothesis and conclude there is statistical evidence that the level of vertical inequity present is outside of acceptable limits,False,-17.931207715085826,0.0,,,1.1277673658067395,1.1659797485968775,0.967595773189057,0.9815202159199395
posthoc:A:b=1.0419718974700132,fold_1,descriptive,May-2026 Exposure Draft / proposed guidance; not adopted IAAO guidance.,IAAO Standard on Ratio Studies (2013) remains the adopted/current guidance.,e950e00d0c3684dd067734d401e5278dcf659f471fcfb0d6db65c7584f7c56b8,matched_beta_core,,A-posthoc,SECONDARY,3.0,,-0.1020327443752032,,1.0419718974700132,True,exact_posthoc_solve,,,output/p0_major_revision_validation/zero_reference_fits/cell=A/block=fold_1_train/eval_predictions.parquet,5209.0,10.0,0.970315142606057,-18.66323884371347,521.0,520.0,1.1983573997090762,1.0172651671077888,1.1461841891116413,1.2263820931026084,1.0027927865030493,1.0361497106910804,19.0,20.0,242|280,241|280,odd,even,False,ED2 App. D.2 rank-based order statistic,0.9,10.0,step5_outside_pm10_escalate,a statistical test must be conducted; proceed to Step 6,ci_no_overlap_escalate,proceed to Step 7,11.34007639260705,reject_null,reject the null hypothesis and conclude there is statistical evidence that the level of vertical inequity present is outside of acceptable limits,reject the null hypothesis and conclude there is statistical evidence that the level of vertical inequity present is outside of acceptable limits,False,-18.66323884371347,0.0,,,,,,
posthoc:A:b=1.0419718974700132,fold_2,descriptive,May-2026 Exposure Draft / proposed guidance; not adopted IAAO guidance.,IAAO Standard on Ratio Studies (2013) remains the adopted/current guidance.,e950e00d0c3684dd067734d401e5278dcf659f471fcfb0d6db65c7584f7c56b8,matched_beta_core,,A-posthoc,SECONDARY,3.0,,-0.1020327443752032,,1.0419718974700132,True,exact_posthoc_solve,,,output/p0_major_revision_validation/zero_reference_fits/cell=A/block=fold_2_train/eval_predictions.parquet,11197.0,10.0,0.9920817972037954,-15.923901825261916,1120.0,1119.0,1.1827308076766934,1.024752676263667,1.1569296527093917,1.2214052245222993,1.0165221996269773,1.0349566527509664,29.0,28.0,532|589,532|588,even,odd,False,ED2 App. D.2 rank-based order statistic,0.9,10.0,step5_outside_pm10_escalate,a statistical test must be conducted; proceed to Step 6,ci_no_overlap_escalate,proceed to Step 7,12.294651540045285,reject_null,reject the null hypothesis and conclude there is statistical evidence that the level of vertical inequity present is outside of acceptable limits,reject the null hypothesis and conclude there is statistical evidence that the level of vertical inequity present is outside of acceptable limits,False,-15.923901825261916,0.0,,,,,,
posthoc:A:b=1.0419718974700132,fold_3,descriptive,May-2026 Exposure Draft / proposed guidance; not adopted IAAO guidance.,IAAO Standard on Ratio Studies (2013) remains the adopted/current guidance.,e950e00d0c3684dd067734d401e5278dcf659f471fcfb0d6db65c7584f7c56b8,matched_beta_core,,A-posthoc,SECONDARY,3.0,,-0.1020327443752032,,1.0419718974700132,True,exact_posthoc_solve,,,output/p0_major_revision_validation/zero_reference_fits/cell=A/block=fold_3_train/eval_predictions.parquet,16798.0,10.0,0.9871759707942109,-12.323011271588541,1680.0,1679.0,1.1474368636386514,1.0257870574872672,1.1162134273459317,1.1721926520643409,1.0163048493298268,1.0367986948184125,35.0,34.0,806|875,806|874,even,odd,False,ED2 App. D.2 rank-based order statistic,0.9,10.0,step5_outside_pm10_escalate,a statistical test must be conducted; proceed to Step 6,ci_no_overlap_escalate,proceed to Step 7,8.044637924444999,fail_to_reject_null,fail to reject the null hypothesis that the level of vertical inequity present is within acceptable limits,fail to reject the null hypothesis that the level of vertical inequity present is within acceptable limits,False,-12.323011271588541,0.0,,,,,,
posthoc:A:b=1.0419718974700132,fold_4,descriptive,May-2026 Exposure Draft / proposed guidance; not adopted IAAO guidance.,IAAO Standard on Ratio Studies (2013) remains the adopted/current guidance.,e950e00d0c3684dd067734d401e5278dcf659f471fcfb0d6db65c7584f7c56b8,matched_beta_core,,A-posthoc,SECONDARY,3.0,,-0.1020327443752032,,1.0419718974700132,True,exact_posthoc_solve,,,output/p0_major_revision_validation/zero_reference_fits/cell=A/block=fold_4_train/eval_predictions.parquet,22323.0,10.0,0.9614643173339776,-5.0270575270401,2233.0,2232.0,1.0546146285095603,1.006281264175218,1.022521874206952,1.078319697619867,0.9992236359074478,1.013655540310728,39.0,40.0,1078|1156,1077|1156,odd,even,False,ED2 App. D.2 rank-based order statistic,0.9,10.0,step5_within_pm10_stop,fail to reject the null hypothesis that the degree of vertical inequity is acceptable,not_run,not applicable - Step 5 did not escalate,,not_run,not applicable - Step 6 did not escalate,fail to reject the null hypothesis that the degree of vertical inequity is acceptable,False,-5.0270575270401,0.0,,,,,,
posthoc:A:b=1.0419718974700132,fold_5,descriptive,May-2026 Exposure Draft / proposed guidance; not adopted IAAO guidance.,IAAO Standard on Ratio Studies (2013) remains the adopted/current guidance.,e950e00d0c3684dd067734d401e5278dcf659f471fcfb0d6db65c7584f7c56b8,matched_beta_core,,A-posthoc,SECONDARY,3.0,,-0.1020327443752032,,1.0419718974700132,True,exact_posthoc_solve,,,output/p0_major_revision_validation/zero_reference_fits/cell=A/block=fold_5_train/eval_predictions.parquet,28053.0,10.0,0.9837515349662566,-12.323622814442704,2806.0,2805.0,1.132026814647794,1.0107929860472622,1.1092081327159924,1.15218415586558,1.0052543177846698,1.016479933390494,45.0,44.0,1359|1448,1359|1447,even,odd,False,ED2 App. D.2 rank-based order statistic,0.9,10.0,step5_outside_pm10_escalate,a statistical test must be conducted; proceed to Step 6,ci_no_overlap_escalate,proceed to Step 7,9.42597759999217,fail_to_reject_null,fail to reject the null hypothesis that the level of vertical inequity present is within acceptable limits,fail to reject the null hypothesis that the level of vertical inequity present is within acceptable limits,False,-12.323622814442704,0.0,,,,,,
posthoc:A:b=1.0419718974700132,fold_6,descriptive,May-2026 Exposure Draft / proposed guidance; not adopted IAAO guidance.,IAAO Standard on Ratio Studies (2013) remains the adopted/current guidance.,e950e00d0c3684dd067734d401e5278dcf659f471fcfb0d6db65c7584f7c56b8,matched_beta_core,,A-posthoc,SECONDARY,3.0,,-0.1020327443752032,,1.0419718974700132,True,exact_posthoc_solve,,,output/p0_major_revision_validation/zero_reference_fits/cell=A/block=fold_6_train/eval_predictions.parquet,33113.0,10.0,0.9904275960473397,-21.630653190625928,3312.0,3311.0,1.2217181517360958,1.0074821933308422,1.197711365187745,1.245803000544003,1.0010778181464364,1.0136633110365831,48.0,48.0,1609|1704,1608|1704,even,odd,False,ED2 App. D.2 rank-based order statistic,0.9,10.0,step5_outside_pm10_escalate,a statistical test must be conducted; proceed to Step 6,ci_no_overlap_escalate,proceed to Step 7,18.582686395822595,reject_null,reject the null hypothesis and conclude there is statistical evidence that the level of vertical inequity present is outside of acceptable limits,reject the null hypothesis and conclude there is statistical evidence that the level of vertical inequity present is outside of acceptable limits,False,-21.630653190625928,0.0,,,,,,
posthoc:A:b=1.0419718974700132,fold_7,descriptive,May-2026 Exposure Draft / proposed guidance; not adopted IAAO guidance.,IAAO Standard on Ratio Studies (2013) remains the adopted/current guidance.,e950e00d0c3684dd067734d401e5278dcf659f471fcfb0d6db65c7584f7c56b8,matched_beta_core,,A-posthoc,SECONDARY,3.0,,-0.1020327443752032,,1.0419718974700132,True,exact_posthoc_solve,,,output/p0_major_revision_validation/zero_reference_fits/cell=A/block=fold_7_train/eval_predictions.parquet,34460.0,10.0,0.9674340489147712,-24.9925181845757,3446.0,3446.0,1.2313533795984721,0.989567248999671,1.2145561300051884,1.254312141712221,0.9844817825263592,0.9944153705770044,49.0,49.0,1675|1772,1675|1772,even,even,False,ED2 App. D.2 rank-based order statistic,0.9,10.0,step5_outside_pm10_escalate,a statistical test must be conducted; proceed to Step 6,ci_no_overlap_escalate,proceed to Step 7,22.75511800263068,reject_null,reject the null hypothesis and conclude there is statistical evidence that the level of vertical inequity present is outside of acceptable limits,reject the null hypothesis and conclude there is statistical evidence that the level of vertical inequity present is outside of acceptable limits,False,-24.9925181845757,0.0,,,,,,
posthoc:A:b=1.0419718974700132,pooled_oof,not_applicable,May-2026 Exposure Draft / proposed guidance; not adopted IAAO guidance.,IAAO Standard on Ratio Studies (2013) remains the adopted/current guidance.,e950e00d0c3684dd067734d401e5278dcf659f471fcfb0d6db65c7584f7c56b8,matched_beta_core,,A-posthoc,SECONDARY,3.0,,-0.1020327443752032,,1.0419718974700132,True,exact_posthoc_solve,,,"ED2 App. D.2 is a rank-based order-statistic CI on distinct observations and has no row-balanced analogue; the pooled-OOF sample contains 20,988 unique rows twice, so the ED2 procedure is not applied there. No weighted variant was invented.",,,,,,,,,,,,,,,,,,,,,,,,,,,,,,,,,,,,,,,
posthoc:A:b=1.0419718974700132,heldout,standards_facing,May-2026 Exposure Draft / proposed guidance; not adopted IAAO guidance.,IAAO Standard on Ratio Studies (2013) remains the adopted/current guidance.,e950e00d0c3684dd067734d401e5278dcf659f471fcfb0d6db65c7584f7c56b8,matched_beta_core,,A-posthoc,SECONDARY,3.0,,-0.1020327443752032,,1.0419718974700132,True,exact_posthoc_solve,,,output/p0_major_revision_validation/zero_reference_fits/cell=A/block=development_pool/eval_predictions.parquet,38290.0,10.0,0.9442759199517915,-15.668113820176698,3829.0,3829.0,1.1160247253905142,0.9680744994759469,1.094465784382503,1.137795889893115,0.9625501406640866,0.9745936149537179,51.0,51.0,1864|1966,1864|1966,odd,odd,False,ED2 App. D.2 rank-based order statistic,0.9,10.0,step5_outside_pm10_escalate,a statistical test must be conducted; proceed to Step 6,ci_no_overlap_escalate,proceed to Step 7,12.694612548724633,reject_null,reject the null hypothesis and conclude there is statistical evidence that the level of vertical inequity present is outside of acceptable limits,reject the null hypothesis and conclude there is statistical evidence that the level of vertical inequity present is outside of acceptable limits,False,-15.668113820176698,0.0,,,1.0960466019359452,1.1369576593220265,0.9621998275862916,0.9749523108803161
posthoc:A:b=1.0419718974700132,forward_2025,standards_facing,May-2026 Exposure Draft / proposed guidance; not adopted IAAO guidance.,IAAO Standard on Ratio Studies (2013) remains the adopted/current guidance.,e950e00d0c3684dd067734d401e5278dcf659f471fcfb0d6db65c7584f7c56b8,matched_beta_core,,A-posthoc,SECONDARY,3.0,,-0.1020327443752032,,1.0419718974700132,True,exact_posthoc_solve,,,output/p0_major_revision_validation/zero_reference_fits/cell=A/block=production_2016_2024/eval_predictions.parquet,26641.0,10.0,0.969553032764414,-17.939390242076154,2665.0,2664.0,1.1502116181749935,0.9762797160235008,1.1245252630700235,1.1737696440420045,0.9696511687466833,0.9826973099438764,43.0,43.0,1290|1376,1290|1375,odd,even,False,ED2 App. D.2 rank-based order statistic,0.9,10.0,step5_outside_pm10_escalate,a statistical test must be conducted; proceed to Step 6,ci_no_overlap_escalate,proceed to Step 7,14.628178999323403,reject_null,reject the null hypothesis and conclude there is statistical evidence that the level of vertical inequity present is outside of acceptable limits,reject the null hypothesis and conclude there is statistical evidence that the level of vertical inequity present is outside of acceptable limits,False,-17.939390242076154,0.0,,,1.1273461068381865,1.173681662886356,0.9695211900862577,0.9826682457044199
fit:LGBCovPenalty:e357aea05abcaac0,fold_1,descriptive,May-2026 Exposure Draft / proposed guidance; not adopted IAAO guidance.,IAAO Standard on Ratio Studies (2013) remains the adopted/current guidance.,e950e00d0c3684dd067734d401e5278dcf659f471fcfb0d6db65c7584f7c56b8,matched_beta_core,,Direct,PRIMARY,4.0,,-0.0909015214774399,9.102981779915218,,True,exact_anchor,,e357aea05abcaac0,output/paper_v6_preselection_994/predictions/data_id=d4929d43ec19badf/split_id=3d464d4a611b131b/fold_id=0/e0f8bf7711971f10.parquet,5209.0,10.0,0.9704082485569696,-16.690769971012493,521.0,520.0,1.1806257465444978,1.0186571379981229,1.1260225114102895,1.2206546449384632,1.0045620380832776,1.0376589971536399,19.0,20.0,242|280,241|280,odd,even,False,ED2 App. D.2 rank-based order statistic,0.9,10.0,step5_outside_pm10_escalate,a statistical test must be conducted; proceed to Step 6,ci_no_overlap_escalate,proceed to Step 7,9.105808239784572,fail_to_reject_null,fail to reject the null hypothesis that the level of vertical inequity present is within acceptable limits,fail to reject the null hypothesis that the level of vertical inequity present is within acceptable limits,False,-16.690769971012493,0.0,-16.690769971012493,0.0,,,,
fit:LGBCovPenalty:e357aea05abcaac0,fold_2,descriptive,May-2026 Exposure Draft / proposed guidance; not adopted IAAO guidance.,IAAO Standard on Ratio Studies (2013) remains the adopted/current guidance.,e950e00d0c3684dd067734d401e5278dcf659f471fcfb0d6db65c7584f7c56b8,matched_beta_core,,Direct,PRIMARY,4.0,,-0.0909015214774399,9.102981779915218,,True,exact_anchor,,e357aea05abcaac0,output/paper_v6_preselection_994/predictions/data_id=d4929d43ec19badf/split_id=3d464d4a611b131b/fold_id=1/a611235bc6617dbf.parquet,11197.0,10.0,0.9870336375235119,-12.058324420575682,1120.0,1119.0,1.15143563471778,1.032415916564986,1.1266551629114452,1.178170805024364,1.0175494615175287,1.0423948717893823,29.0,28.0,532|589,532|588,even,odd,False,ED2 App. D.2 rank-based order statistic,0.9,10.0,step5_outside_pm10_escalate,a statistical test must be conducted; proceed to Step 6,ci_no_overlap_escalate,proceed to Step 7,8.536719309128484,fail_to_reject_null,fail to reject the null hypothesis that the level of vertical inequity present is within acceptable limits,fail to reject the null hypothesis that the level of vertical inequity present is within acceptable limits,False,-12.058324420575682,0.0,-12.058324420575682,0.0,,,,
fit:LGBCovPenalty:e357aea05abcaac0,fold_3,descriptive,May-2026 Exposure Draft / proposed guidance; not adopted IAAO guidance.,IAAO Standard on Ratio Studies (2013) remains the adopted/current guidance.,e950e00d0c3684dd067734d401e5278dcf659f471fcfb0d6db65c7584f7c56b8,matched_beta_core,,Direct,PRIMARY,4.0,,-0.0909015214774399,9.102981779915218,,True,exact_anchor,,e357aea05abcaac0,output/paper_v6_preselection_994/predictions/data_id=d4929d43ec19badf/split_id=3d464d4a611b131b/fold_id=2/1c74a10b8241d08e.parquet,16798.0,10.0,0.9916709392535856,-8.11489086541728,1680.0,1679.0,1.1267330371697453,1.0462600227052583,1.0946139614675279,1.1502829616772918,1.034411420395396,1.0567807721202527,35.0,34.0,806|875,806|874,even,odd,False,ED2 App. D.2 rank-based order statistic,0.9,10.0,step5_within_pm10_stop,fail to reject the null hypothesis that the degree of vertical inequity is acceptable,not_run,not applicable - Step 5 did not escalate,,not_run,not applicable - Step 6 did not escalate,fail to reject the null hypothesis that the degree of vertical inequity is acceptable,False,-8.11489086541728,0.0,-8.11489086541728,0.0,,,,
fit:LGBCovPenalty:e357aea05abcaac0,fold_4,descriptive,May-2026 Exposure Draft / proposed guidance; not adopted IAAO guidance.,IAAO Standard on Ratio Studies (2013) remains the adopted/current guidance.,e950e00d0c3684dd067734d401e5278dcf659f471fcfb0d6db65c7584f7c56b8,matched_beta_core,,Direct,PRIMARY,4.0,,-0.0909015214774399,9.102981779915218,,True,exact_anchor,,e357aea05abcaac0,output/paper_v6_preselection_994/predictions/data_id=d4929d43ec19badf/split_id=3d464d4a611b131b/fold_id=3/78ca0a633e4fce49.parquet,22323.0,10.0,0.9644129026614744,0.5678307905482651,2233.0,2232.0,1.0230517229132903,1.0285279563226224,1.0011428237062054,1.053623982781903,1.0208701804548328,1.035767373767389,39.0,40.0,1078|1156,1077|1156,odd,even,False,ED2 App. D.2 rank-based order statistic,0.9,10.0,step5_within_pm10_stop,fail to reject the null hypothesis that the degree of vertical inequity is acceptable,not_run,not applicable - Step 5 did not escalate,,not_run,not applicable - Step 6 did not escalate,fail to reject the null hypothesis that the degree of vertical inequity is acceptable,False,0.5678307905482651,0.0,0.5678307905482651,0.0,,,,
fit:LGBCovPenalty:e357aea05abcaac0,fold_5,descriptive,May-2026 Exposure Draft / proposed guidance; not adopted IAAO guidance.,IAAO Standard on Ratio Studies (2013) remains the adopted/current guidance.,e950e00d0c3684dd067734d401e5278dcf659f471fcfb0d6db65c7584f7c56b8,matched_beta_core,,Direct,PRIMARY,4.0,,-0.0909015214774399,9.102981779915218,,True,exact_anchor,,e357aea05abcaac0,output/paper_v6_preselection_994/predictions/data_id=d4929d43ec19badf/split_id=3d464d4a611b131b/fold_id=4/bc0d974c4677514a.parquet,28053.0,10.0,0.9887119734249737,-7.037315523236322,2806.0,2805.0,1.114167664832324,1.0445888836463921,1.0950129195690743,1.1363607633648363,1.0361820709633722,1.0511151924915,45.0,44.0,1359|1448,1359|1447,even,odd,False,ED2 App. D.2 rank-based order statistic,0.9,10.0,step5_within_pm10_stop,fail to reject the null hypothesis that the degree of vertical inequity is acceptable,not_run,not applicable - Step 5 did not escalate,,not_run,not applicable - Step 6 did not escalate,fail to reject the null hypothesis that the degree of vertical inequity is acceptable,False,-7.037315523236322,0.0,-7.037315523236322,0.0,,,,
fit:LGBCovPenalty:e357aea05abcaac0,fold_6,descriptive,May-2026 Exposure Draft / proposed guidance; not adopted IAAO guidance.,IAAO Standard on Ratio Studies (2013) remains the adopted/current guidance.,e950e00d0c3684dd067734d401e5278dcf659f471fcfb0d6db65c7584f7c56b8,matched_beta_core,,Direct,PRIMARY,4.0,,-0.0909015214774399,9.102981779915218,,True,exact_anchor,,e357aea05abcaac0,output/paper_v6_preselection_994/predictions/data_id=d4929d43ec19badf/split_id=3d464d4a611b131b/fold_id=5/9df54236587b0878.parquet,33113.0,10.0,0.9965597076946117,-17.08321208020085,3312.0,3311.0,1.204345601114507,1.0341011927432069,1.1882311130739756,1.2253610721633286,1.0264289668215543,1.0400565977689658,48.0,48.0,1609|1704,1608|1704,even,odd,False,ED2 App. D.2 rank-based order statistic,0.9,10.0,step5_outside_pm10_escalate,a statistical test must be conducted; proceed to Step 6,ci_no_overlap_escalate,proceed to Step 7,14.868603874000572,reject_null,reject the null hypothesis and conclude there is statistical evidence that the level of vertical inequity present is outside of acceptable limits,reject the null hypothesis and conclude there is statistical evidence that the level of vertical inequity present is outside of acceptable limits,False,-17.08321208020085,0.0,-17.08321208020085,0.0,,,,
fit:LGBCovPenalty:e357aea05abcaac0,fold_7,descriptive,May-2026 Exposure Draft / proposed guidance; not adopted IAAO guidance.,IAAO Standard on Ratio Studies (2013) remains the adopted/current guidance.,e950e00d0c3684dd067734d401e5278dcf659f471fcfb0d6db65c7584f7c56b8,matched_beta_core,,Direct,PRIMARY,4.0,,-0.0909015214774399,9.102981779915218,,True,exact_anchor,,e357aea05abcaac0,output/paper_v6_preselection_994/predictions/data_id=d4929d43ec19badf/split_id=3d464d4a611b131b/fold_id=6/0dd67df93f685e2b.parquet,34460.0,10.0,0.9750175407064288,-19.59379751854806,3446.0,3446.0,1.213989648642486,1.0229466859461414,1.1903848076556125,1.241302833964044,1.0166744884385048,1.0287804256624224,49.0,49.0,1675|1772,1675|1772,even,even,False,ED2 App. D.2 rank-based order statistic,0.9,10.0,step5_outside_pm10_escalate,a statistical test must be conducted; proceed to Step 6,ci_no_overlap_escalate,proceed to Step 7,16.57451022635992,reject_null,reject the null hypothesis and conclude there is statistical evidence that the level of vertical inequity present is outside of acceptable limits,reject the null hypothesis and conclude there is statistical evidence that the level of vertical inequity present is outside of acceptable limits,False,-19.59379751854806,0.0,-19.59379751854806,0.0,,,,
fit:LGBCovPenalty:e357aea05abcaac0,pooled_oof,not_applicable,May-2026 Exposure Draft / proposed guidance; not adopted IAAO guidance.,IAAO Standard on Ratio Studies (2013) remains the adopted/current guidance.,e950e00d0c3684dd067734d401e5278dcf659f471fcfb0d6db65c7584f7c56b8,matched_beta_core,,Direct,PRIMARY,4.0,,-0.0909015214774399,9.102981779915218,,True,exact_anchor,,e357aea05abcaac0,"ED2 App. D.2 is a rank-based order-statistic CI on distinct observations and has no row-balanced analogue; the pooled-OOF sample contains 20,988 unique rows twice, so the ED2 procedure is not applied there. No weighted variant was invented.",,,,,,,,,,,,,,,,,,,,,,,,,,,,,,,,,,,,,,,
fit:LGBCovPenalty:e357aea05abcaac0,heldout,standards_facing,May-2026 Exposure Draft / proposed guidance; not adopted IAAO guidance.,IAAO Standard on Ratio Studies (2013) remains the adopted/current guidance.,e950e00d0c3684dd067734d401e5278dcf659f471fcfb0d6db65c7584f7c56b8,matched_beta_core,,Direct,PRIMARY,4.0,,-0.0909015214774399,9.102981779915218,,True,exact_anchor,,e357aea05abcaac0,output/paper_v6_preselection_994/reporting_preview/heldout/LGBCovPenalty/chunk_05/analysis/data_id=d4929d43ec19badf/split_id=3d464d4a611b131b/test_run_predictions/e357aea05abcaac0.parquet,38290.0,10.0,0.9492229144591829,-11.16735239812543,3829.0,3829.0,1.1027159061351732,0.9967128382337596,1.0850018481454349,1.1201687962186815,0.9916425649841423,1.0031520440075556,51.0,51.0,1864|1966,1864|1966,odd,odd,False,ED2 App. D.2 rank-based order statistic,0.9,10.0,step5_outside_pm10_escalate,a statistical test must be conducted; proceed to Step 6,ci_no_overlap_escalate,proceed to Step 7,8.622822193932489,fail_to_reject_null,fail to reject the null hypothesis that the level of vertical inequity present is within acceptable limits,fail to reject the null hypothesis that the level of vertical inequity present is within acceptable limits,False,-11.16735239812543,0.0,-11.16735239812543,0.0,1.0850018481454349,1.1204293902606994,0.9917409568011746,1.0029290960573254
fit:LGBCovPenalty:e357aea05abcaac0,forward_2025,standards_facing,May-2026 Exposure Draft / proposed guidance; not adopted IAAO guidance.,IAAO Standard on Ratio Studies (2013) remains the adopted/current guidance.,e950e00d0c3684dd067734d401e5278dcf659f471fcfb0d6db65c7584f7c56b8,matched_beta_core,,Direct,PRIMARY,4.0,,-0.0909015214774399,9.102981779915218,,True,exact_anchor,,e357aea05abcaac0,output/paper_v6_preselection_994/reporting_preview/forward_2025/LGBCovPenalty/chunk_05/analysis/data_id=d4929d43ec19badf/split_id=3d464d4a611b131b/assess_run_predictions/e357aea05abcaac0.parquet,26641.0,10.0,0.9784027193958319,-12.99196965888346,2665.0,2664.0,1.1383831756795226,1.0112693912339255,1.1150254745706218,1.1571302476994072,1.0040585609433479,1.0196806995323537,43.0,43.0,1290|1376,1290|1375,odd,even,False,ED2 App. D.2 rank-based order statistic,0.9,10.0,step5_outside_pm10_escalate,a statistical test must be conducted; proceed to Step 6,ci_no_overlap_escalate,proceed to Step 7,9.744941745168486,fail_to_reject_null,fail to reject the null hypothesis that the level of vertical inequity present is within acceptable limits,fail to reject the null hypothesis that the level of vertical inequity present is within acceptable limits,False,-12.99196965888346,0.0,-12.99196965888346,0.0,1.1146428027205295,1.158733095676047,1.0041678315673412,1.0192339334233902
fit:LGBSmoothPenalty:b7cb281c3ae8ad29,fold_1,descriptive,May-2026 Exposure Draft / proposed guidance; not adopted IAAO guidance.,IAAO Standard on Ratio Studies (2013) remains the adopted/current guidance.,e950e00d0c3684dd067734d401e5278dcf659f471fcfb0d6db65c7584f7c56b8,matched_beta_core,,Surrogate,PRIMARY,4.0,,-0.0909015214774399,1.4563484775012436,,True,nearest_fitted,,b7cb281c3ae8ad29,output/paper_v6_preselection_994/predictions/data_id=d4929d43ec19badf/split_id=3d464d4a611b131b/fold_id=0/bf81812bb154968e.parquet,5209.0,10.0,0.9527950222104412,-21.29659102124822,521.0,520.0,1.1637924000671087,0.9608795409161399,1.1095967495232935,1.2107736203433548,0.9478178519325308,0.978563835558271,19.0,20.0,242|280,241|280,odd,even,False,ED2 App. D.2 rank-based order statistic,0.9,10.0,step5_outside_pm10_escalate,a statistical test must be conducted; proceed to Step 6,ci_no_overlap_escalate,proceed to Step 7,13.752476756336538,reject_null,reject the null hypothesis and conclude there is statistical evidence that the level of vertical inequity present is outside of acceptable limits,reject the null hypothesis and conclude there is statistical evidence that the level of vertical inequity present is outside of acceptable limits,False,-21.29659102124822,0.0,-21.29659102124822,0.0,,,,
fit:LGBSmoothPenalty:b7cb281c3ae8ad29,fold_2,descriptive,May-2026 Exposure Draft / proposed guidance; not adopted IAAO guidance.,IAAO Standard on Ratio Studies (2013) remains the adopted/current guidance.,e950e00d0c3684dd067734d401e5278dcf659f471fcfb0d6db65c7584f7c56b8,matched_beta_core,,Surrogate,PRIMARY,4.0,,-0.0909015214774399,1.4563484775012436,,True,nearest_fitted,,b7cb281c3ae8ad29,output/paper_v6_preselection_994/predictions/data_id=d4929d43ec19badf/split_id=3d464d4a611b131b/fold_id=1/92fcedb79ac475a2.parquet,11197.0,10.0,0.9810997427099568,-20.981383271169996,1120.0,1119.0,1.1769156614643508,0.971067364173912,1.1452053731480885,1.2144819994622222,0.9613842572400201,0.9785440527953506,29.0,28.0,532|589,532|588,even,odd,False,ED2 App. D.2 rank-based order statistic,0.9,10.0,step5_outside_pm10_escalate,a statistical test must be conducted; proceed to Step 6,ci_no_overlap_escalate,proceed to Step 7,16.98719437968582,reject_null,reject the null hypothesis and conclude there is statistical evidence that the level of vertical inequity present is outside of acceptable limits,reject the null hypothesis and conclude there is statistical evidence that the level of vertical inequity present is outside of acceptable limits,False,-20.981383271169996,0.0,-20.98138327117,-3.552713678800501e-15,,,,
fit:LGBSmoothPenalty:b7cb281c3ae8ad29,fold_3,descriptive,May-2026 Exposure Draft / proposed guidance; not adopted IAAO guidance.,IAAO Standard on Ratio Studies (2013) remains the adopted/current guidance.,e950e00d0c3684dd067734d401e5278dcf659f471fcfb0d6db65c7584f7c56b8,matched_beta_core,,Surrogate,PRIMARY,4.0,,-0.0909015214774399,1.4563484775012436,,True,nearest_fitted,,b7cb281c3ae8ad29,output/paper_v6_preselection_994/predictions/data_id=d4929d43ec19badf/split_id=3d464d4a611b131b/fold_id=2/bcdeb110e79d322e.parquet,16798.0,10.0,0.9668134836666127,-8.375665413126656,1680.0,1679.0,1.0555887290164354,0.974611666455526,1.0305918519848027,1.0899680591817404,0.9680409878463913,0.9823198555436348,35.0,34.0,806|875,806|874,even,odd,False,ED2 App. D.2 rank-based order statistic,0.9,10.0,step5_within_pm10_stop,fail to reject the null hypothesis that the degree of vertical inequity is acceptable,not_run,not applicable - Step 5 did not escalate,,not_run,not applicable - Step 6 did not escalate,fail to reject the null hypothesis that the degree of vertical inequity is acceptable,False,-8.375665413126656,0.0,-8.375665413126656,0.0,,,,
fit:LGBSmoothPenalty:b7cb281c3ae8ad29,fold_4,descriptive,May-2026 Exposure Draft / proposed guidance; not adopted IAAO guidance.,IAAO Standard on Ratio Studies (2013) remains the adopted/current guidance.,e950e00d0c3684dd067734d401e5278dcf659f471fcfb0d6db65c7584f7c56b8,matched_beta_core,,Surrogate,PRIMARY,4.0,,-0.0909015214774399,1.4563484775012436,,True,nearest_fitted,,b7cb281c3ae8ad29,output/paper_v6_preselection_994/predictions/data_id=d4929d43ec19badf/split_id=3d464d4a611b131b/fold_id=3/be592bd55971f658.parquet,22323.0,10.0,0.947385849373604,-0.43202160289943015,2233.0,2232.0,0.9680324443565427,0.9639395328244365,0.9437985177421229,0.9918184504023091,0.9559491553169783,0.9688688530589261,39.0,40.0,1078|1156,1077|1156,odd,even,False,ED2 App. D.2 rank-based order statistic,0.9,10.0,step5_within_pm10_stop,fail to reject the null hypothesis that the degree of vertical inequity is acceptable,not_run,not applicable - Step 5 did not escalate,,not_run,not applicable - Step 6 did not escalate,fail to reject the null hypothesis that the degree of vertical inequity is acceptable,False,-0.43202160289943015,0.0,-0.4320216028994301,5.551115123125783e-17,,,,
fit:LGBSmoothPenalty:b7cb281c3ae8ad29,fold_5,descriptive,May-2026 Exposure Draft / proposed guidance; not adopted IAAO guidance.,IAAO Standard on Ratio Studies (2013) remains the adopted/current guidance.,e950e00d0c3684dd067734d401e5278dcf659f471fcfb0d6db65c7584f7c56b8,matched_beta_core,,Surrogate,PRIMARY,4.0,,-0.0909015214774399,1.4563484775012436,,True,nearest_fitted,,b7cb281c3ae8ad29,output/paper_v6_preselection_994/predictions/data_id=d4929d43ec19badf/split_id=3d464d4a611b131b/fold_id=4/108d7404061b47c0.parquet,28053.0,10.0,0.9724507540599004,-8.390331340817374,2806.0,2805.0,1.0519164247126347,0.970324584320732,1.0382993450066171,1.0753348521485981,0.9648245069658355,0.975788330218527,45.0,44.0,1359|1448,1359|1447,even,odd,False,ED2 App. D.2 rank-based order statistic,0.9,10.0,step5_within_pm10_stop,fail to reject the null hypothesis that the degree of vertical inequity is acceptable,not_run,not applicable - Step 5 did not escalate,,not_run,not applicable - Step 6 did not escalate,fail to reject the null hypothesis that the degree of vertical inequity is acceptable,False,-8.390331340817374,0.0,-8.390331340817374,0.0,,,,
fit:LGBSmoothPenalty:b7cb281c3ae8ad29,fold_6,descriptive,May-2026 Exposure Draft / proposed guidance; not adopted IAAO guidance.,IAAO Standard on Ratio Studies (2013) remains the adopted/current guidance.,e950e00d0c3684dd067734d401e5278dcf659f471fcfb0d6db65c7584f7c56b8,matched_beta_core,,Surrogate,PRIMARY,4.0,,-0.0909015214774399,1.4563484775012436,,True,nearest_fitted,,b7cb281c3ae8ad29,output/paper_v6_preselection_994/predictions/data_id=d4929d43ec19badf/split_id=3d464d4a611b131b/fold_id=5/e8bad98e66b6956c.parquet,33113.0,10.0,0.982425937625188,-16.92385551257446,3312.0,3311.0,1.1404187859502795,0.9741544397485378,1.1224717749001722,1.1642567250453848,0.9678113787297279,0.9800011860324209,48.0,48.0,1609|1704,1608|1704,even,odd,False,ED2 App. D.2 rank-based order statistic,0.9,10.0,step5_outside_pm10_escalate,a statistical test must be conducted; proceed to Step 6,ci_no_overlap_escalate,proceed to Step 7,14.50191647139779,reject_null,reject the null hypothesis and conclude there is statistical evidence that the level of vertical inequity present is outside of acceptable limits,reject the null hypothesis and conclude there is statistical evidence that the level of vertical inequity present is outside of acceptable limits,False,-16.92385551257446,0.0,-16.92385551257446,0.0,,,,
fit:LGBSmoothPenalty:b7cb281c3ae8ad29,fold_7,descriptive,May-2026 Exposure Draft / proposed guidance; not adopted IAAO guidance.,IAAO Standard on Ratio Studies (2013) remains the adopted/current guidance.,e950e00d0c3684dd067734d401e5278dcf659f471fcfb0d6db65c7584f7c56b8,matched_beta_core,,Surrogate,PRIMARY,4.0,,-0.0909015214774399,1.4563484775012436,,True,nearest_fitted,,b7cb281c3ae8ad29,output/paper_v6_preselection_994/predictions/data_id=d4929d43ec19badf/split_id=3d464d4a611b131b/fold_id=6/2f9f59be264aecf7.parquet,34460.0,10.0,0.9496771346556971,-20.289181181579526,3446.0,3446.0,1.1363760135381136,0.9436942990477862,1.1131680632477832,1.1554399429723499,0.9383822666387774,0.9484016907058795,49.0,49.0,1675|1772,1675|1772,even,even,False,ED2 App. D.2 rank-based order statistic,0.9,10.0,step5_outside_pm10_escalate,a statistical test must be conducted; proceed to Step 6,ci_no_overlap_escalate,proceed to Step 7,17.349725135968363,reject_null,reject the null hypothesis and conclude there is statistical evidence that the level of vertical inequity present is outside of acceptable limits,reject the null hypothesis and conclude there is statistical evidence that the level of vertical inequity present is outside of acceptable limits,False,-20.289181181579526,0.0,-20.28918118157953,-3.552713678800501e-15,,,,
fit:LGBSmoothPenalty:b7cb281c3ae8ad29,pooled_oof,not_applicable,May-2026 Exposure Draft / proposed guidance; not adopted IAAO guidance.,IAAO Standard on Ratio Studies (2013) remains the adopted/current guidance.,e950e00d0c3684dd067734d401e5278dcf659f471fcfb0d6db65c7584f7c56b8,matched_beta_core,,Surrogate,PRIMARY,4.0,,-0.0909015214774399,1.4563484775012436,,True,nearest_fitted,,b7cb281c3ae8ad29,"ED2 App. D.2 is a rank-based order-statistic CI on distinct observations and has no row-balanced analogue; the pooled-OOF sample contains 20,988 unique rows twice, so the ED2 procedure is not applied there. No weighted variant was invented.",,,,,,,,,,,,,,,,,,,,,,,,,,,,,,,,,,,,,,,
fit:LGBSmoothPenalty:b7cb281c3ae8ad29,heldout,standards_facing,May-2026 Exposure Draft / proposed guidance; not adopted IAAO guidance.,IAAO Standard on Ratio Studies (2013) remains the adopted/current guidance.,e950e00d0c3684dd067734d401e5278dcf659f471fcfb0d6db65c7584f7c56b8,matched_beta_core,,Surrogate,PRIMARY,4.0,,-0.0909015214774399,1.4563484775012436,,True,nearest_fitted,,b7cb281c3ae8ad29,output/paper_v6_preselection_994/reporting_preview/heldout/LGBSmoothPenalty/chunk_03/analysis/data_id=d4929d43ec19badf/split_id=3d464d4a611b131b/test_run_predictions/b7cb281c3ae8ad29.parquet,38290.0,10.0,0.9243893947960684,-9.32031788898802,3829.0,3829.0,1.0076820915473816,0.9215260614202956,0.9903607310963298,1.0260101386207274,0.9173209498812489,0.9262817549666631,51.0,51.0,1864|1966,1864|1966,odd,odd,False,ED2 App. D.2 rank-based order statistic,0.9,10.0,step5_within_pm10_stop,fail to reject the null hypothesis that the degree of vertical inequity is acceptable,not_run,not applicable - Step 5 did not escalate,,not_run,not applicable - Step 6 did not escalate,fail to reject the null hypothesis that the degree of vertical inequity is acceptable,False,-9.32031788898802,0.0,-9.32031788898802,0.0,,,,
fit:LGBSmoothPenalty:b7cb281c3ae8ad29,forward_2025,standards_facing,May-2026 Exposure Draft / proposed guidance; not adopted IAAO guidance.,IAAO Standard on Ratio Studies (2013) remains the adopted/current guidance.,e950e00d0c3684dd067734d401e5278dcf659f471fcfb0d6db65c7584f7c56b8,matched_beta_core,,Surrogate,PRIMARY,4.0,,-0.0909015214774399,1.4563484775012436,,True,nearest_fitted,,b7cb281c3ae8ad29,output/paper_v6_preselection_994/reporting_preview/forward_2025/LGBSmoothPenalty/chunk_03/analysis/data_id=d4929d43ec19badf/split_id=3d464d4a611b131b/assess_run_predictions/b7cb281c3ae8ad29.parquet,26641.0,10.0,0.9468341390759974,-12.272850959210144,2665.0,2664.0,1.0419681492780568,0.9257646065583391,1.024258468241177,1.0661315180356754,0.9199260582401115,0.9306645220538836,43.0,43.0,1290|1376,1290|1375,odd,even,False,ED2 App. D.2 rank-based order statistic,0.9,10.0,step5_outside_pm10_escalate,a statistical test must be conducted; proceed to Step 6,ci_no_overlap_escalate,proceed to Step 7,9.884935737385906,fail_to_reject_null,fail to reject the null hypothesis that the level of vertical inequity present is within acceptable limits,fail to reject the null hypothesis that the level of vertical inequity present is within acceptable limits,False,-12.272850959210144,0.0,-12.272850959210144,0.0,1.022805552131498,1.066137422814109,0.9204782901431163,0.9305657304279857
posthoc:C:b=1.054970552956866,fold_1,descriptive,May-2026 Exposure Draft / proposed guidance; not adopted IAAO guidance.,IAAO Standard on Ratio Studies (2013) remains the adopted/current guidance.,e950e00d0c3684dd067734d401e5278dcf659f471fcfb0d6db65c7584f7c56b8,matched_beta_core,,C-posthoc,PRIMARY,4.0,,-0.0909015214774399,,1.054970552956866,True,exact_posthoc_solve,,,output/p0_major_revision_validation/zero_reference_fits/cell=C/block=fold_1_train/eval_predictions.parquet,5209.0,10.0,0.971980451740722,-11.019585732585995,521.0,520.0,1.1381729623800798,1.0310647431965343,1.100916915419588,1.1946079671808776,1.0204516804866697,1.0528429580398224,19.0,20.0,242|280,241|280,odd,even,False,ED2 App. D.2 rank-based order statistic,0.9,10.0,step5_outside_pm10_escalate,a statistical test must be conducted; proceed to Step 6,ci_no_overlap_escalate,proceed to Step 7,4.945979859334592,fail_to_reject_null,fail to reject the null hypothesis that the level of vertical inequity present is within acceptable limits,fail to reject the null hypothesis that the level of vertical inequity present is within acceptable limits,False,-11.019585732585995,0.0,,,,,,
posthoc:C:b=1.054970552956866,fold_2,descriptive,May-2026 Exposure Draft / proposed guidance; not adopted IAAO guidance.,IAAO Standard on Ratio Studies (2013) remains the adopted/current guidance.,e950e00d0c3684dd067734d401e5278dcf659f471fcfb0d6db65c7584f7c56b8,matched_beta_core,,C-posthoc,PRIMARY,4.0,,-0.0909015214774399,,1.054970552956866,True,exact_posthoc_solve,,,output/p0_major_revision_validation/zero_reference_fits/cell=C/block=fold_2_train/eval_predictions.parquet,11197.0,10.0,0.9955115765959478,-11.974550729527673,1120.0,1119.0,1.1612713678733624,1.0420633291155599,1.1287237126416338,1.1938534659581304,1.0306024217273482,1.0538970493710076,29.0,28.0,532|589,532|588,even,odd,False,ED2 App. D.2 rank-based order statistic,0.9,10.0,step5_outside_pm10_escalate,a statistical test must be conducted; proceed to Step 6,ci_no_overlap_escalate,proceed to Step 7,7.516403126771117,fail_to_reject_null,fail to reject the null hypothesis that the level of vertical inequity present is within acceptable limits,fail to reject the null hypothesis that the level of vertical inequity present is within acceptable limits,False,-11.974550729527673,0.0,,,,,,
posthoc:C:b=1.054970552956866,fold_3,descriptive,May-2026 Exposure Draft / proposed guidance; not adopted IAAO guidance.,IAAO Standard on Ratio Studies (2013) remains the adopted/current guidance.,e950e00d0c3684dd067734d401e5278dcf659f471fcfb0d6db65c7584f7c56b8,matched_beta_core,,C-posthoc,PRIMARY,4.0,,-0.0909015214774399,,1.054970552956866,True,exact_posthoc_solve,,,output/p0_major_revision_validation/zero_reference_fits/cell=C/block=fold_3_train/eval_predictions.parquet,16798.0,10.0,0.9904958280764689,-8.759089827842908,1680.0,1679.0,1.1352097169243751,1.0484512976021207,1.099059625770514,1.162221920500268,1.040386941305362,1.0581576299516986,35.0,34.0,806|875,806|874,even,odd,False,ED2 App. D.2 rank-based order statistic,0.9,10.0,step5_within_pm10_stop,fail to reject the null hypothesis that the degree of vertical inequity is acceptable,not_run,not applicable - Step 5 did not escalate,,not_run,not applicable - Step 6 did not escalate,fail to reject the null hypothesis that the degree of vertical inequity is acceptable,False,-8.759089827842908,0.0,,,,,,
posthoc:C:b=1.054970552956866,fold_4,descriptive,May-2026 Exposure Draft / proposed guidance; not adopted IAAO guidance.,IAAO Standard on Ratio Studies (2013) remains the adopted/current guidance.,e950e00d0c3684dd067734d401e5278dcf659f471fcfb0d6db65c7584f7c56b8,matched_beta_core,,C-posthoc,PRIMARY,4.0,,-0.0909015214774399,,1.054970552956866,True,exact_posthoc_solve,,,output/p0_major_revision_validation/zero_reference_fits/cell=C/block=fold_4_train/eval_predictions.parquet,22323.0,10.0,0.9629686153511364,-1.5070593879785739,2233.0,2232.0,1.0383605393388906,1.023848030417954,1.0135741455106055,1.0606841177548956,1.0180312139897276,1.029084729204923,39.0,40.0,1078|1156,1077|1156,odd,even,False,ED2 App. D.2 rank-based order statistic,0.9,10.0,step5_within_pm10_stop,fail to reject the null hypothesis that the degree of vertical inequity is acceptable,not_run,not applicable - Step 5 did not escalate,,not_run,not applicable - Step 6 did not escalate,fail to reject the null hypothesis that the degree of vertical inequity is acceptable,False,-1.5070593879785739,0.0,,,,,,
posthoc:C:b=1.054970552956866,fold_5,descriptive,May-2026 Exposure Draft / proposed guidance; not adopted IAAO guidance.,IAAO Standard on Ratio Studies (2013) remains the adopted/current guidance.,e950e00d0c3684dd067734d401e5278dcf659f471fcfb0d6db65c7584f7c56b8,matched_beta_core,,C-posthoc,PRIMARY,4.0,,-0.0909015214774399,,1.054970552956866,True,exact_posthoc_solve,,,output/p0_major_revision_validation/zero_reference_fits/cell=C/block=fold_5_train/eval_predictions.parquet,28053.0,10.0,0.9882281984144498,-7.8829032331224695,2806.0,2805.0,1.11088496818748,1.0329838955840394,1.0884800219360773,1.1309302245953359,1.0252107144865028,1.0421937891188304,45.0,44.0,1359|1448,1359|1447,even,odd,False,ED2 App. D.2 rank-based order statistic,0.9,10.0,step5_within_pm10_stop,fail to reject the null hypothesis that the degree of vertical inequity is acceptable,not_run,not applicable - Step 5 did not escalate,,not_run,not applicable - Step 6 did not escalate,fail to reject the null hypothesis that the degree of vertical inequity is acceptable,False,-7.8829032331224695,0.0,,,,,,
posthoc:C:b=1.054970552956866,fold_6,descriptive,May-2026 Exposure Draft / proposed guidance; not adopted IAAO guidance.,IAAO Standard on Ratio Studies (2013) remains the adopted/current guidance.,e950e00d0c3684dd067734d401e5278dcf659f471fcfb0d6db65c7584f7c56b8,matched_beta_core,,C-posthoc,PRIMARY,4.0,,-0.0909015214774399,,1.054970552956866,True,exact_posthoc_solve,,,output/p0_major_revision_validation/zero_reference_fits/cell=C/block=fold_6_train/eval_predictions.parquet,33113.0,10.0,0.9991570180622485,-18.636431136323857,3312.0,3311.0,1.2153101578841323,1.0291029482692144,1.1923123892862322,1.2341786395842362,1.0236460197717718,1.034396083079953,48.0,48.0,1609|1704,1608|1704,even,odd,False,ED2 App. D.2 rank-based order statistic,0.9,10.0,step5_outside_pm10_escalate,a statistical test must be conducted; proceed to Step 6,ci_no_overlap_escalate,proceed to Step 7,15.804953911302139,reject_null,reject the null hypothesis and conclude there is statistical evidence that the level of vertical inequity present is outside of acceptable limits,reject the null hypothesis and conclude there is statistical evidence that the level of vertical inequity present is outside of acceptable limits,False,-18.636431136323857,0.0,,,,,,
posthoc:C:b=1.054970552956866,fold_7,descriptive,May-2026 Exposure Draft / proposed guidance; not adopted IAAO guidance.,IAAO Standard on Ratio Studies (2013) remains the adopted/current guidance.,e950e00d0c3684dd067734d401e5278dcf659f471fcfb0d6db65c7584f7c56b8,matched_beta_core,,C-posthoc,PRIMARY,4.0,,-0.0909015214774399,,1.054970552956866,True,exact_posthoc_solve,,,output/p0_major_revision_validation/zero_reference_fits/cell=C/block=fold_7_train/eval_predictions.parquet,34460.0,10.0,0.9704390322363294,-20.9752114502844,3446.0,3446.0,1.213926354402194,1.0103747153945304,1.1864764701081956,1.233917881703119,1.0043325563887269,1.014970945071298,49.0,49.0,1675|1772,1675|1772,even,even,False,ED2 App. D.2 rank-based order statistic,0.9,10.0,step5_outside_pm10_escalate,a statistical test must be conducted; proceed to Step 6,ci_no_overlap_escalate,proceed to Step 7,17.67298298396669,reject_null,reject the null hypothesis and conclude there is statistical evidence that the level of vertical inequity present is outside of acceptable limits,reject the null hypothesis and conclude there is statistical evidence that the level of vertical inequity present is outside of acceptable limits,False,-20.9752114502844,0.0,,,,,,
posthoc:C:b=1.054970552956866,pooled_oof,not_applicable,May-2026 Exposure Draft / proposed guidance; not adopted IAAO guidance.,IAAO Standard on Ratio Studies (2013) remains the adopted/current guidance.,e950e00d0c3684dd067734d401e5278dcf659f471fcfb0d6db65c7584f7c56b8,matched_beta_core,,C-posthoc,PRIMARY,4.0,,-0.0909015214774399,,1.054970552956866,True,exact_posthoc_solve,,,"ED2 App. D.2 is a rank-based order-statistic CI on distinct observations and has no row-balanced analogue; the pooled-OOF sample contains 20,988 unique rows twice, so the ED2 procedure is not applied there. No weighted variant was invented.",,,,,,,,,,,,,,,,,,,,,,,,,,,,,,,,,,,,,,,
posthoc:C:b=1.054970552956866,heldout,standards_facing,May-2026 Exposure Draft / proposed guidance; not adopted IAAO guidance.,IAAO Standard on Ratio Studies (2013) remains the adopted/current guidance.,e950e00d0c3684dd067734d401e5278dcf659f471fcfb0d6db65c7584f7c56b8,matched_beta_core,,C-posthoc,PRIMARY,4.0,,-0.0909015214774399,,1.054970552956866,True,exact_posthoc_solve,,,output/p0_major_revision_validation/zero_reference_fits/cell=C/block=development_pool/eval_predictions.parquet,38290.0,10.0,0.9482821543449559,-12.039614992340502,3829.0,3829.0,1.0959496893778362,0.9817801689536314,1.0769645138953092,1.1198844881632941,0.9761407853326802,0.9872627967604067,51.0,51.0,1864|1966,1864|1966,odd,odd,False,ED2 App. D.2 rank-based order statistic,0.9,10.0,step5_outside_pm10_escalate,a statistical test must be conducted; proceed to Step 6,ci_no_overlap_escalate,proceed to Step 7,9.459391039248827,fail_to_reject_null,fail to reject the null hypothesis that the level of vertical inequity present is within acceptable limits,fail to reject the null hypothesis that the level of vertical inequity present is within acceptable limits,False,-12.039614992340502,0.0,,,1.0760951682281157,1.1198844881632941,0.9761973268452513,0.986991991944751
posthoc:C:b=1.054970552956866,forward_2025,standards_facing,May-2026 Exposure Draft / proposed guidance; not adopted IAAO guidance.,IAAO Standard on Ratio Studies (2013) remains the adopted/current guidance.,e950e00d0c3684dd067734d401e5278dcf659f471fcfb0d6db65c7584f7c56b8,matched_beta_core,,C-posthoc,PRIMARY,4.0,,-0.0909015214774399,,1.054970552956866,True,exact_posthoc_solve,,,output/p0_major_revision_validation/zero_reference_fits/cell=C/block=production_2016_2024/eval_predictions.parquet,26641.0,10.0,0.9709449910748679,-14.580634389018343,2665.0,2664.0,1.1355270971049904,0.9939571578378772,1.118855574106152,1.1539152890949183,0.9880601861503967,1.0008379649663128,43.0,43.0,1290|1376,1290|1375,odd,even,False,ED2 App. D.2 rank-based order statistic,0.9,10.0,step5_outside_pm10_escalate,a statistical test must be conducted; proceed to Step 6,ci_no_overlap_escalate,proceed to Step 7,12.154922289592319,reject_null,reject the null hypothesis and conclude there is statistical evidence that the level of vertical inequity present is outside of acceptable limits,reject the null hypothesis and conclude there is statistical evidence that the level of vertical inequity present is outside of acceptable limits,False,-14.580634389018343,0.0,,,1.118855574106152,1.1555180039129533,0.988146135568158,1.0017683408206088
posthoc:A:b=1.054888205243256,fold_1,descriptive,May-2026 Exposure Draft / proposed guidance; not adopted IAAO guidance.,IAAO Standard on Ratio Studies (2013) remains the adopted/current guidance.,e950e00d0c3684dd067734d401e5278dcf659f471fcfb0d6db65c7584f7c56b8,matched_beta_core,,A-posthoc,SECONDARY,4.0,,-0.0909015214774399,,1.054888205243256,True,exact_posthoc_solve,,,output/p0_major_revision_validation/zero_reference_fits/cell=A/block=fold_1_train/eval_predictions.parquet,5209.0,10.0,0.9727456376380311,-14.469676872867934,521.0,520.0,1.1755401946139836,1.0347870440528417,1.1220659666303323,1.2012970954683948,1.0226920489996956,1.0525048272999011,19.0,20.0,242|280,241|280,odd,even,False,ED2 App. D.2 rank-based order statistic,0.9,10.0,step5_outside_pm10_escalate,a statistical test must be conducted; proceed to Step 6,ci_no_overlap_escalate,proceed to Step 7,7.151010155063333,fail_to_reject_null,fail to reject the null hypothesis that the level of vertical inequity present is within acceptable limits,fail to reject the null hypothesis that the level of vertical inequity present is within acceptable limits,False,-14.469676872867934,0.0,,,,,,
posthoc:A:b=1.054888205243256,fold_2,descriptive,May-2026 Exposure Draft / proposed guidance; not adopted IAAO guidance.,IAAO Standard on Ratio Studies (2013) remains the adopted/current guidance.,e950e00d0c3684dd067734d401e5278dcf659f471fcfb0d6db65c7584f7c56b8,matched_beta_core,,A-posthoc,SECONDARY,4.0,,-0.0909015214774399,,1.054888205243256,True,exact_posthoc_solve,,,output/p0_major_revision_validation/zero_reference_fits/cell=A/block=fold_2_train/eval_predictions.parquet,11197.0,10.0,0.9966274065349421,-12.10355358843132,1120.0,1119.0,1.1665298826290282,1.0459025504020782,1.137304382746494,1.1991269138952303,1.0360520867742582,1.053810085908685,29.0,28.0,532|589,532|588,even,odd,False,ED2 App. D.2 rank-based order statistic,0.9,10.0,step5_outside_pm10_escalate,a statistical test must be conducted; proceed to Step 6,ci_no_overlap_escalate,proceed to Step 7,8.37768420678903,fail_to_reject_null,fail to reject the null hypothesis that the level of vertical inequity present is within acceptable limits,fail to reject the null hypothesis that the level of vertical inequity present is within acceptable limits,False,-12.10355358843132,0.0,,,,,,
posthoc:A:b=1.054888205243256,fold_3,descriptive,May-2026 Exposure Draft / proposed guidance; not adopted IAAO guidance.,IAAO Standard on Ratio Studies (2013) remains the adopted/current guidance.,e950e00d0c3684dd067734d401e5278dcf659f471fcfb0d6db65c7584f7c56b8,matched_beta_core,,A-posthoc,SECONDARY,4.0,,-0.0909015214774399,,1.054888205243256,True,exact_posthoc_solve,,,output/p0_major_revision_validation/zero_reference_fits/cell=A/block=fold_3_train/eval_predictions.parquet,16798.0,10.0,0.991041079412439,-8.519882290229633,1680.0,1679.0,1.128342155478385,1.043906622064624,1.098216282651036,1.1546502954426372,1.0349067116280493,1.0555614247225051,35.0,34.0,806|875,806|874,even,odd,False,ED2 App. D.2 rank-based order statistic,0.9,10.0,step5_within_pm10_stop,fail to reject the null hypothesis that the degree of vertical inequity is acceptable,not_run,not applicable - Step 5 did not escalate,,not_run,not applicable - Step 6 did not escalate,fail to reject the null hypothesis that the degree of vertical inequity is acceptable,False,-8.519882290229633,0.0,,,,,,
posthoc:A:b=1.054888205243256,fold_4,descriptive,May-2026 Exposure Draft / proposed guidance; not adopted IAAO guidance.,IAAO Standard on Ratio Studies (2013) remains the adopted/current guidance.,e950e00d0c3684dd067734d401e5278dcf659f471fcfb0d6db65c7584f7c56b8,matched_beta_core,,A-posthoc,SECONDARY,4.0,,-0.0909015214774399,,1.054888205243256,True,exact_posthoc_solve,,,output/p0_major_revision_validation/zero_reference_fits/cell=A/block=fold_4_train/eval_predictions.parquet,22323.0,10.0,0.9655397071590825,-1.6766145847930767,2233.0,2232.0,1.0402412954932754,1.0240529159410778,1.0114189933513347,1.0672760482133616,1.0169501988534777,1.032376992372342,39.0,40.0,1078|1156,1077|1156,odd,even,False,ED2 App. D.2 rank-based order statistic,0.9,10.0,step5_within_pm10_stop,fail to reject the null hypothesis that the degree of vertical inequity is acceptable,not_run,not applicable - Step 5 did not escalate,,not_run,not applicable - Step 6 did not escalate,fail to reject the null hypothesis that the degree of vertical inequity is acceptable,False,-1.6766145847930767,0.0,,,,,,
posthoc:A:b=1.054888205243256,fold_5,descriptive,May-2026 Exposure Draft / proposed guidance; not adopted IAAO guidance.,IAAO Standard on Ratio Studies (2013) remains the adopted/current guidance.,e950e00d0c3684dd067734d401e5278dcf659f471fcfb0d6db65c7584f7c56b8,matched_beta_core,,A-posthoc,SECONDARY,4.0,,-0.0909015214774399,,1.054888205243256,True,exact_posthoc_solve,,,output/p0_major_revision_validation/zero_reference_fits/cell=A/block=fold_5_train/eval_predictions.parquet,28053.0,10.0,0.9882084016782167,-9.0961530638842,2806.0,2805.0,1.1189575548732607,1.0290686060664465,1.0965228413567922,1.1406328446052063,1.0239506779261731,1.0366027192416607,45.0,44.0,1359|1448,1359|1447,even,odd,False,ED2 App. D.2 rank-based order statistic,0.9,10.0,step5_within_pm10_stop,fail to reject the null hypothesis that the degree of vertical inequity is acceptable,not_run,not applicable - Step 5 did not escalate,,not_run,not applicable - Step 6 did not escalate,fail to reject the null hypothesis that the degree of vertical inequity is acceptable,False,-9.0961530638842,0.0,,,,,,
posthoc:A:b=1.054888205243256,fold_6,descriptive,May-2026 Exposure Draft / proposed guidance; not adopted IAAO guidance.,IAAO Standard on Ratio Studies (2013) remains the adopted/current guidance.,e950e00d0c3684dd067734d401e5278dcf659f471fcfb0d6db65c7584f7c56b8,matched_beta_core,,A-posthoc,SECONDARY,4.0,,-0.0909015214774399,,1.054888205243256,True,exact_posthoc_solve,,,output/p0_major_revision_validation/zero_reference_fits/cell=A/block=fold_6_train/eval_predictions.parquet,33113.0,10.0,0.9951871481755545,-18.631596602169306,3312.0,3311.0,1.2111438513332828,1.0257245964485806,1.1854776060632113,1.2322240035270635,1.0195562001076897,1.0314827121488066,48.0,48.0,1609|1704,1608|1704,even,odd,False,ED2 App. D.2 rank-based order statistic,0.9,10.0,step5_outside_pm10_escalate,a statistical test must be conducted; proceed to Step 6,ci_no_overlap_escalate,proceed to Step 7,15.47396328386261,reject_null,reject the null hypothesis and conclude there is statistical evidence that the level of vertical inequity present is outside of acceptable limits,reject the null hypothesis and conclude there is statistical evidence that the level of vertical inequity present is outside of acceptable limits,False,-18.631596602169306,0.0,,,,,,
posthoc:A:b=1.054888205243256,fold_7,descriptive,May-2026 Exposure Draft / proposed guidance; not adopted IAAO guidance.,IAAO Standard on Ratio Studies (2013) remains the adopted/current guidance.,e950e00d0c3684dd067734d401e5278dcf659f471fcfb0d6db65c7584f7c56b8,matched_beta_core,,A-posthoc,SECONDARY,4.0,,-0.0909015214774399,,1.054888205243256,True,exact_posthoc_solve,,,output/p0_major_revision_validation/zero_reference_fits/cell=A/block=fold_7_train/eval_predictions.parquet,34460.0,10.0,0.9723444767144136,-21.472360439996038,3446.0,3446.0,1.217104036361595,1.0083187256030828,1.2004652215663123,1.2399316694681752,1.0026903922857864,1.0136302409679587,49.0,49.0,1675|1772,1675|1772,even,even,False,ED2 App. D.2 rank-based order statistic,0.9,10.0,step5_outside_pm10_escalate,a statistical test must be conducted; proceed to Step 6,ci_no_overlap_escalate,proceed to Step 7,19.21489606540221,reject_null,reject the null hypothesis and conclude there is statistical evidence that the level of vertical inequity present is outside of acceptable limits,reject the null hypothesis and conclude there is statistical evidence that the level of vertical inequity present is outside of acceptable limits,False,-21.472360439996038,0.0,,,,,,
posthoc:A:b=1.054888205243256,pooled_oof,not_applicable,May-2026 Exposure Draft / proposed guidance; not adopted IAAO guidance.,IAAO Standard on Ratio Studies (2013) remains the adopted/current guidance.,e950e00d0c3684dd067734d401e5278dcf659f471fcfb0d6db65c7584f7c56b8,matched_beta_core,,A-posthoc,SECONDARY,4.0,,-0.0909015214774399,,1.054888205243256,True,exact_posthoc_solve,,,"ED2 App. D.2 is a rank-based order-statistic CI on distinct observations and has no row-balanced analogue; the pooled-OOF sample contains 20,988 unique rows twice, so the ED2 procedure is not applied there. No weighted variant was invented.",,,,,,,,,,,,,,,,,,,,,,,,,,,,,,,,,,,,,,,
posthoc:A:b=1.054888205243256,heldout,standards_facing,May-2026 Exposure Draft / proposed guidance; not adopted IAAO guidance.,IAAO Standard on Ratio Studies (2013) remains the adopted/current guidance.,e950e00d0c3684dd067734d401e5278dcf659f471fcfb0d6db65c7584f7c56b8,matched_beta_core,,A-posthoc,SECONDARY,4.0,,-0.0909015214774399,,1.054888205243256,True,exact_posthoc_solve,,,output/p0_major_revision_validation/zero_reference_fits/cell=A/block=development_pool/eval_predictions.parquet,38290.0,10.0,0.9491423700709019,-12.415924341078325,3829.0,3829.0,1.1047069665666347,0.9868621680095139,1.082749703206057,1.1261775389080366,0.9813237607429874,0.9931615108131581,51.0,51.0,1864|1966,1864|1966,odd,odd,False,ED2 App. D.2 rank-based order statistic,0.9,10.0,step5_outside_pm10_escalate,a statistical test must be conducted; proceed to Step 6,ci_no_overlap_escalate,proceed to Step 7,9.438857142812676,fail_to_reject_null,fail to reject the null hypothesis that the level of vertical inequity present is within acceptable limits,fail to reject the null hypothesis that the level of vertical inequity present is within acceptable limits,False,-12.415924341078325,0.0,,,1.0828995838925144,1.1262151283524249,0.9813237607429874,0.9931615108131581
posthoc:A:b=1.054888205243256,forward_2025,standards_facing,May-2026 Exposure Draft / proposed guidance; not adopted IAAO guidance.,IAAO Standard on Ratio Studies (2013) remains the adopted/current guidance.,e950e00d0c3684dd067734d401e5278dcf659f471fcfb0d6db65c7584f7c56b8,matched_beta_core,,A-posthoc,SECONDARY,4.0,,-0.0909015214774399,,1.054888205243256,True,exact_posthoc_solve,,,output/p0_major_revision_validation/zero_reference_fits/cell=A/block=production_2016_2024/eval_predictions.parquet,26641.0,10.0,0.97536077457762,-14.541554863899286,2665.0,2664.0,1.1385814506129146,0.9967488284567569,1.1146232283053141,1.1628657995665452,0.9897661752107543,1.0029194801287977,43.0,43.0,1290|1376,1290|1375,odd,even,False,ED2 App. D.2 rank-based order statistic,0.9,10.0,step5_outside_pm10_escalate,a statistical test must be conducted; proceed to Step 6,ci_no_overlap_escalate,proceed to Step 7,11.452556950005471,reject_null,reject the null hypothesis and conclude there is statistical evidence that the level of vertical inequity present is outside of acceptable limits,reject the null hypothesis and conclude there is statistical evidence that the level of vertical inequity present is outside of acceptable limits,False,-14.541554863899286,0.0,,,1.1152469736780504,1.1635497068374507,0.9897661752107543,1.002625073357845
fit:LGBCovPenalty:3edb8b904025b2c0,fold_1,descriptive,May-2026 Exposure Draft / proposed guidance; not adopted IAAO guidance.,IAAO Standard on Ratio Studies (2013) remains the adopted/current guidance.,e950e00d0c3684dd067734d401e5278dcf659f471fcfb0d6db65c7584f7c56b8,matched_beta_core,,Direct,PRIMARY,5.0,,-0.0786514918143895,86.85113737513521,,True,exact_anchor,,3edb8b904025b2c0,output/paper_v6_preselection_994/predictions/data_id=d4929d43ec19badf/split_id=3d464d4a611b131b/fold_id=0/aeba03116a7238d7.parquet,5209.0,10.0,0.9785306261507154,-0.6860405710072659,521.0,520.0,1.0702309670601513,1.063517849965026,1.0247406522256237,1.1177464408160713,1.0431251922900007,1.0882990741854883,19.0,20.0,242|280,241|280,odd,even,False,ED2 App. D.2 rank-based order statistic,0.9,10.0,step5_within_pm10_stop,fail to reject the null hypothesis that the degree of vertical inequity is acceptable,not_run,not applicable - Step 5 did not escalate,,not_run,not applicable - Step 6 did not escalate,fail to reject the null hypothesis that the degree of vertical inequity is acceptable,False,-0.6860405710072659,0.0,-0.6860405710072659,0.0,,,,
fit:LGBCovPenalty:3edb8b904025b2c0,fold_2,descriptive,May-2026 Exposure Draft / proposed guidance; not adopted IAAO guidance.,IAAO Standard on Ratio Studies (2013) remains the adopted/current guidance.,e950e00d0c3684dd067734d401e5278dcf659f471fcfb0d6db65c7584f7c56b8,matched_beta_core,,Direct,PRIMARY,5.0,,-0.0786514918143895,86.85113737513521,,True,exact_anchor,,3edb8b904025b2c0,output/paper_v6_preselection_994/predictions/data_id=d4929d43ec19badf/split_id=3d464d4a611b131b/fold_id=1/2f9452bce7e8fba9.parquet,11197.0,10.0,0.9913525431450226,0.794256737455981,1120.0,1119.0,1.066091797205431,1.0739656815713015,1.0172047358521614,1.094813649963874,1.0550740751765835,1.0917900932515463,29.0,28.0,532|589,532|588,even,odd,False,ED2 App. D.2 rank-based order statistic,0.9,10.0,step5_within_pm10_stop,fail to reject the null hypothesis that the degree of vertical inequity is acceptable,not_run,not applicable - Step 5 did not escalate,,not_run,not applicable - Step 6 did not escalate,fail to reject the null hypothesis that the degree of vertical inequity is acceptable,False,0.794256737455981,0.0,0.794256737455981,0.0,,,,
fit:LGBCovPenalty:3edb8b904025b2c0,fold_3,descriptive,May-2026 Exposure Draft / proposed guidance; not adopted IAAO guidance.,IAAO Standard on Ratio Studies (2013) remains the adopted/current guidance.,e950e00d0c3684dd067734d401e5278dcf659f471fcfb0d6db65c7584f7c56b8,matched_beta_core,,Direct,PRIMARY,5.0,,-0.0786514918143895,86.85113737513521,,True,exact_anchor,,3edb8b904025b2c0,output/paper_v6_preselection_994/predictions/data_id=d4929d43ec19badf/split_id=3d464d4a611b131b/fold_id=2/a47143b9d27a74e4.parquet,16798.0,10.0,0.9952575937244691,2.627939794943311,1680.0,1679.0,1.0529465292079379,1.0791012995756184,1.0239735446977345,1.0794872714808426,1.070340652665799,1.0869944481504332,35.0,34.0,806|875,806|874,even,odd,False,ED2 App. D.2 rank-based order statistic,0.9,10.0,step5_within_pm10_stop,fail to reject the null hypothesis that the degree of vertical inequity is acceptable,not_run,not applicable - Step 5 did not escalate,,not_run,not applicable - Step 6 did not escalate,fail to reject the null hypothesis that the degree of vertical inequity is acceptable,False,2.627939794943311,0.0,2.627939794943311,0.0,,,,
fit:LGBCovPenalty:3edb8b904025b2c0,fold_4,descriptive,May-2026 Exposure Draft / proposed guidance; not adopted IAAO guidance.,IAAO Standard on Ratio Studies (2013) remains the adopted/current guidance.,e950e00d0c3684dd067734d401e5278dcf659f471fcfb0d6db65c7584f7c56b8,matched_beta_core,,Direct,PRIMARY,5.0,,-0.0786514918143895,86.85113737513521,,True,exact_anchor,,3edb8b904025b2c0,output/paper_v6_preselection_994/predictions/data_id=d4929d43ec19badf/split_id=3d464d4a611b131b/fold_id=3/fca20dbc9b4f7b81.parquet,22323.0,10.0,0.9660945361051737,10.817399017289677,2233.0,2232.0,0.9509245974819188,1.0554308983366492,0.9321259662017792,0.9788291224634356,1.046815517258399,1.0636021445026398,39.0,40.0,1078|1156,1077|1156,odd,even,False,ED2 App. D.2 rank-based order statistic,0.9,10.0,step5_outside_pm10_escalate,a statistical test must be conducted; proceed to Step 6,ci_no_overlap_escalate,proceed to Step 7,7.0372403790887565,fail_to_reject_null,fail to reject the null hypothesis that the level of vertical inequity present is within acceptable limits,fail to reject the null hypothesis that the level of vertical inequity present is within acceptable limits,False,10.817399017289677,0.0,10.817399017289675,-1.7763568394002505e-15,,,,
fit:LGBCovPenalty:3edb8b904025b2c0,fold_5,descriptive,May-2026 Exposure Draft / proposed guidance; not adopted IAAO guidance.,IAAO Standard on Ratio Studies (2013) remains the adopted/current guidance.,e950e00d0c3684dd067734d401e5278dcf659f471fcfb0d6db65c7584f7c56b8,matched_beta_core,,Direct,PRIMARY,5.0,,-0.0786514918143895,86.85113737513521,,True,exact_anchor,,3edb8b904025b2c0,output/paper_v6_preselection_994/predictions/data_id=d4929d43ec19badf/split_id=3d464d4a611b131b/fold_id=4/7f40970c0bce21e0.parquet,28053.0,10.0,0.9942109127222225,2.9238925539559353,2806.0,2805.0,1.0550969139123674,1.0841665727600698,1.0320771955765413,1.0822958774265392,1.0759938454471834,1.0927632510673553,45.0,44.0,1359|1448,1359|1447,even,odd,False,ED2 App. D.2 rank-based order statistic,0.9,10.0,step5_within_pm10_stop,fail to reject the null hypothesis that the degree of vertical inequity is acceptable,not_run,not applicable - Step 5 did not escalate,,not_run,not applicable - Step 6 did not escalate,fail to reject the null hypothesis that the degree of vertical inequity is acceptable,False,2.9238925539559353,0.0,2.923892553955936,8.881784197001252e-16,,,,
fit:LGBCovPenalty:3edb8b904025b2c0,fold_6,descriptive,May-2026 Exposure Draft / proposed guidance; not adopted IAAO guidance.,IAAO Standard on Ratio Studies (2013) remains the adopted/current guidance.,e950e00d0c3684dd067734d401e5278dcf659f471fcfb0d6db65c7584f7c56b8,matched_beta_core,,Direct,PRIMARY,5.0,,-0.0786514918143895,86.85113737513521,,True,exact_anchor,,3edb8b904025b2c0,output/paper_v6_preselection_994/predictions/data_id=d4929d43ec19badf/split_id=3d464d4a611b131b/fold_id=5/90da9117ff77e1fe.parquet,33113.0,10.0,1.0164105147533746,-6.932629950952853,3312.0,3311.0,1.1424508708484926,1.071986891078066,1.1246522290466923,1.1587779414132107,1.0643687259992023,1.0798572480870638,48.0,48.0,1609|1704,1608|1704,even,odd,False,ED2 App. D.2 rank-based order statistic,0.9,10.0,step5_within_pm10_stop,fail to reject the null hypothesis that the degree of vertical inequity is acceptable,not_run,not applicable - Step 5 did not escalate,,not_run,not applicable - Step 6 did not escalate,fail to reject the null hypothesis that the degree of vertical inequity is acceptable,False,-6.932629950952853,0.0,-6.932629950952853,0.0,,,,
fit:LGBCovPenalty:3edb8b904025b2c0,fold_7,descriptive,May-2026 Exposure Draft / proposed guidance; not adopted IAAO guidance.,IAAO Standard on Ratio Studies (2013) remains the adopted/current guidance.,e950e00d0c3684dd067734d401e5278dcf659f471fcfb0d6db65c7584f7c56b8,matched_beta_core,,Direct,PRIMARY,5.0,,-0.0786514918143895,86.85113737513521,,True,exact_anchor,,3edb8b904025b2c0,output/paper_v6_preselection_994/predictions/data_id=d4929d43ec19badf/split_id=3d464d4a611b131b/fold_id=6/6373c811294e93ad.parquet,34460.0,10.0,0.98780469451429,-9.237161568435303,3446.0,3446.0,1.1464599348187146,1.0552148192058408,1.1296705629364465,1.1786758405223823,1.0464473626503423,1.0617080045718086,49.0,49.0,1675|1772,1675|1772,even,even,False,ED2 App. D.2 rank-based order statistic,0.9,10.0,step5_within_pm10_stop,fail to reject the null hypothesis that the degree of vertical inequity is acceptable,not_run,not applicable - Step 5 did not escalate,,not_run,not applicable - Step 6 did not escalate,fail to reject the null hypothesis that the degree of vertical inequity is acceptable,False,-9.237161568435303,0.0,-9.237161568435305,-1.7763568394002505e-15,,,,
fit:LGBCovPenalty:3edb8b904025b2c0,pooled_oof,not_applicable,May-2026 Exposure Draft / proposed guidance; not adopted IAAO guidance.,IAAO Standard on Ratio Studies (2013) remains the adopted/current guidance.,e950e00d0c3684dd067734d401e5278dcf659f471fcfb0d6db65c7584f7c56b8,matched_beta_core,,Direct,PRIMARY,5.0,,-0.0786514918143895,86.85113737513521,,True,exact_anchor,,3edb8b904025b2c0,"ED2 App. D.2 is a rank-based order-statistic CI on distinct observations and has no row-balanced analogue; the pooled-OOF sample contains 20,988 unique rows twice, so the ED2 procedure is not applied there. No weighted variant was invented.",,,,,,,,,,,,,,,,,,,,,,,,,,,,,,,,,,,,,,,
fit:LGBCovPenalty:3edb8b904025b2c0,heldout,standards_facing,May-2026 Exposure Draft / proposed guidance; not adopted IAAO guidance.,IAAO Standard on Ratio Studies (2013) remains the adopted/current guidance.,e950e00d0c3684dd067734d401e5278dcf659f471fcfb0d6db65c7584f7c56b8,matched_beta_core,,Direct,PRIMARY,5.0,,-0.0786514918143895,86.85113737513521,,True,exact_anchor,,3edb8b904025b2c0,output/paper_v6_preselection_994/reporting_preview/heldout/LGBCovPenalty/chunk_07/analysis/data_id=d4929d43ec19badf/split_id=3d464d4a611b131b/test_run_predictions/3edb8b904025b2c0.parquet,38290.0,10.0,0.9675720907769956,-1.496564406401916,3829.0,3829.0,1.0597324016149052,1.0452520620980579,1.0402811006246178,1.0800601098282383,1.0364342867093694,1.050565043974787,51.0,51.0,1864|1966,1864|1966,odd,odd,False,ED2 App. D.2 rank-based order statistic,0.9,10.0,step5_within_pm10_stop,fail to reject the null hypothesis that the degree of vertical inequity is acceptable,not_run,not applicable - Step 5 did not escalate,,not_run,not applicable - Step 6 did not escalate,fail to reject the null hypothesis that the degree of vertical inequity is acceptable,False,-1.496564406401916,0.0,-1.496564406401916,0.0,,,,
fit:LGBCovPenalty:3edb8b904025b2c0,forward_2025,standards_facing,May-2026 Exposure Draft / proposed guidance; not adopted IAAO guidance.,IAAO Standard on Ratio Studies (2013) remains the adopted/current guidance.,e950e00d0c3684dd067734d401e5278dcf659f471fcfb0d6db65c7584f7c56b8,matched_beta_core,,Direct,PRIMARY,5.0,,-0.0786514918143895,86.85113737513521,,True,exact_anchor,,3edb8b904025b2c0,output/paper_v6_preselection_994/reporting_preview/forward_2025/LGBCovPenalty/chunk_07/analysis/data_id=d4929d43ec19badf/split_id=3d464d4a611b131b/assess_run_predictions/3edb8b904025b2c0.parquet,26641.0,10.0,0.989100797012869,-4.748036025145633,2665.0,2664.0,1.094999655453214,1.0480367932860404,1.0778785974068983,1.1154939656047362,1.0378060966008058,1.0558004348745706,43.0,43.0,1290|1376,1290|1375,odd,even,False,ED2 App. D.2 rank-based order statistic,0.9,10.0,step5_within_pm10_stop,fail to reject the null hypothesis that the degree of vertical inequity is acceptable,not_run,not applicable - Step 5 did not escalate,,not_run,not applicable - Step 6 did not escalate,fail to reject the null hypothesis that the degree of vertical inequity is acceptable,False,-4.748036025145633,0.0,-4.748036025145633,0.0,,,,
fit:LGBSmoothPenalty:668324412c04438f,fold_1,descriptive,May-2026 Exposure Draft / proposed guidance; not adopted IAAO guidance.,IAAO Standard on Ratio Studies (2013) remains the adopted/current guidance.,e950e00d0c3684dd067734d401e5278dcf659f471fcfb0d6db65c7584f7c56b8,matched_beta_core,,Surrogate,PRIMARY,5.0,,-0.0786514918143895,2.559547922699536,,True,nearest_fitted,,668324412c04438f,output/paper_v6_preselection_994/predictions/data_id=d4929d43ec19badf/split_id=3d464d4a611b131b/fold_id=0/4e2a2260b66cf821.parquet,5209.0,10.0,0.9467130952794215,-19.31059797925057,521.0,520.0,1.1363524611196418,0.9535365012733134,1.0898188039099326,1.1780218825793156,0.9402695285806653,0.9714589229590161,19.0,20.0,242|280,241|280,odd,even,False,ED2 App. D.2 rank-based order statistic,0.9,10.0,step5_outside_pm10_escalate,a statistical test must be conducted; proceed to Step 6,ci_no_overlap_escalate,proceed to Step 7,12.502191164471283,reject_null,reject the null hypothesis and conclude there is statistical evidence that the level of vertical inequity present is outside of acceptable limits,reject the null hypothesis and conclude there is statistical evidence that the level of vertical inequity present is outside of acceptable limits,False,-19.31059797925057,0.0,-19.31059797925057,0.0,,,,
fit:LGBSmoothPenalty:668324412c04438f,fold_2,descriptive,May-2026 Exposure Draft / proposed guidance; not adopted IAAO guidance.,IAAO Standard on Ratio Studies (2013) remains the adopted/current guidance.,e950e00d0c3684dd067734d401e5278dcf659f471fcfb0d6db65c7584f7c56b8,matched_beta_core,,Surrogate,PRIMARY,5.0,,-0.0786514918143895,2.559547922699536,,True,nearest_fitted,,668324412c04438f,output/paper_v6_preselection_994/predictions/data_id=d4929d43ec19badf/split_id=3d464d4a611b131b/fold_id=1/b97cafc4d575225a.parquet,11197.0,10.0,0.982501065329287,-18.677328947492253,1120.0,1119.0,1.1537772830655428,0.9702723271813761,1.119261383477622,1.1821216030101787,0.9624863570925379,0.9783453379404842,29.0,28.0,532|589,532|588,even,odd,False,ED2 App. D.2 rank-based order statistic,0.9,10.0,step5_outside_pm10_escalate,a statistical test must be conducted; proceed to Step 6,ci_no_overlap_escalate,proceed to Step 7,14.342584502939904,reject_null,reject the null hypothesis and conclude there is statistical evidence that the level of vertical inequity present is outside of acceptable limits,reject the null hypothesis and conclude there is statistical evidence that the level of vertical inequity present is outside of acceptable limits,False,-18.677328947492253,0.0,-18.677328947492253,0.0,,,,
fit:LGBSmoothPenalty:668324412c04438f,fold_3,descriptive,May-2026 Exposure Draft / proposed guidance; not adopted IAAO guidance.,IAAO Standard on Ratio Studies (2013) remains the adopted/current guidance.,e950e00d0c3684dd067734d401e5278dcf659f471fcfb0d6db65c7584f7c56b8,matched_beta_core,,Surrogate,PRIMARY,5.0,,-0.0786514918143895,2.559547922699536,,True,nearest_fitted,,668324412c04438f,output/paper_v6_preselection_994/predictions/data_id=d4929d43ec19badf/split_id=3d464d4a611b131b/fold_id=2/68332b9fbab39c6c.parquet,16798.0,10.0,0.9686664017611253,-8.066450175183599,1680.0,1679.0,1.0532238342841205,0.9750868416223155,1.025159963672103,1.07796409777649,0.9672097127063839,0.9853806619994697,35.0,34.0,806|875,806|874,even,odd,False,ED2 App. D.2 rank-based order statistic,0.9,10.0,step5_within_pm10_stop,fail to reject the null hypothesis that the degree of vertical inequity is acceptable,not_run,not applicable - Step 5 did not escalate,,not_run,not applicable - Step 6 did not escalate,fail to reject the null hypothesis that the degree of vertical inequity is acceptable,False,-8.066450175183599,0.0,-8.066450175183599,0.0,,,,
fit:LGBSmoothPenalty:668324412c04438f,fold_4,descriptive,May-2026 Exposure Draft / proposed guidance; not adopted IAAO guidance.,IAAO Standard on Ratio Studies (2013) remains the adopted/current guidance.,e950e00d0c3684dd067734d401e5278dcf659f471fcfb0d6db65c7584f7c56b8,matched_beta_core,,Surrogate,PRIMARY,5.0,,-0.0786514918143895,2.559547922699536,,True,nearest_fitted,,668324412c04438f,output/paper_v6_preselection_994/predictions/data_id=d4929d43ec19badf/split_id=3d464d4a611b131b/fold_id=3/b3999b38783cdfa1.parquet,22323.0,10.0,0.9511104858558938,2.828042075010094,2233.0,2232.0,0.9414583255720909,0.9683561302919285,0.9244779296092168,0.9608100365299467,0.9608692971264611,0.9748638858794749,39.0,40.0,1078|1156,1077|1156,odd,even,False,ED2 App. D.2 rank-based order statistic,0.9,10.0,step5_within_pm10_stop,fail to reject the null hypothesis that the degree of vertical inequity is acceptable,not_run,not applicable - Step 5 did not escalate,,not_run,not applicable - Step 6 did not escalate,fail to reject the null hypothesis that the degree of vertical inequity is acceptable,False,2.828042075010094,0.0,2.828042075010094,0.0,,,,
fit:LGBSmoothPenalty:668324412c04438f,fold_5,descriptive,May-2026 Exposure Draft / proposed guidance; not adopted IAAO guidance.,IAAO Standard on Ratio Studies (2013) remains the adopted/current guidance.,e950e00d0c3684dd067734d401e5278dcf659f471fcfb0d6db65c7584f7c56b8,matched_beta_core,,Surrogate,PRIMARY,5.0,,-0.0786514918143895,2.559547922699536,,True,nearest_fitted,,668324412c04438f,output/paper_v6_preselection_994/predictions/data_id=d4929d43ec19badf/split_id=3d464d4a611b131b/fold_id=4/95bee48accea16af.parquet,28053.0,10.0,0.9705217195629768,-4.421291950459081,2806.0,2805.0,1.0178086936911255,0.9748990950266305,1.0010809785941457,1.0316669508717904,0.9689748181891732,0.9790284457482628,45.0,44.0,1359|1448,1359|1447,even,odd,False,ED2 App. D.2 rank-based order statistic,0.9,10.0,step5_within_pm10_stop,fail to reject the null hypothesis that the degree of vertical inequity is acceptable,not_run,not applicable - Step 5 did not escalate,,not_run,not applicable - Step 6 did not escalate,fail to reject the null hypothesis that the degree of vertical inequity is acceptable,False,-4.421291950459081,0.0,-4.421291950459081,0.0,,,,
fit:LGBSmoothPenalty:668324412c04438f,fold_6,descriptive,May-2026 Exposure Draft / proposed guidance; not adopted IAAO guidance.,IAAO Standard on Ratio Studies (2013) remains the adopted/current guidance.,e950e00d0c3684dd067734d401e5278dcf659f471fcfb0d6db65c7584f7c56b8,matched_beta_core,,Surrogate,PRIMARY,5.0,,-0.0786514918143895,2.559547922699536,,True,nearest_fitted,,668324412c04438f,output/paper_v6_preselection_994/predictions/data_id=d4929d43ec19badf/split_id=3d464d4a611b131b/fold_id=5/9a24f73805b20277.parquet,33113.0,10.0,0.9803707142493931,-13.443167444357462,3312.0,3311.0,1.1084605209217173,0.9766676442297282,1.0877103312643501,1.1285667713328762,0.9719139185844133,0.9827536172445778,48.0,48.0,1609|1704,1608|1704,even,odd,False,ED2 App. D.2 rank-based order statistic,0.9,10.0,step5_outside_pm10_escalate,a statistical test must be conducted; proceed to Step 6,ci_no_overlap_escalate,proceed to Step 7,10.705818981968568,reject_null,reject the null hypothesis and conclude there is statistical evidence that the level of vertical inequity present is outside of acceptable limits,reject the null hypothesis and conclude there is statistical evidence that the level of vertical inequity present is outside of acceptable limits,False,-13.443167444357462,0.0,-13.443167444357462,0.0,,,,
fit:LGBSmoothPenalty:668324412c04438f,fold_7,descriptive,May-2026 Exposure Draft / proposed guidance; not adopted IAAO guidance.,IAAO Standard on Ratio Studies (2013) remains the adopted/current guidance.,e950e00d0c3684dd067734d401e5278dcf659f471fcfb0d6db65c7584f7c56b8,matched_beta_core,,Surrogate,PRIMARY,5.0,,-0.0786514918143895,2.559547922699536,,True,nearest_fitted,,668324412c04438f,output/paper_v6_preselection_994/predictions/data_id=d4929d43ec19badf/split_id=3d464d4a611b131b/fold_id=6/ca6ef97da68d5ecb.parquet,34460.0,10.0,0.955185273048106,-16.848364505848224,3446.0,3446.0,1.1086429473600528,0.9477098508507262,1.0894162914020469,1.1288274254562929,0.9423537634071784,0.9528600877855473,49.0,49.0,1675|1772,1675|1772,even,even,False,ED2 App. D.2 rank-based order statistic,0.9,10.0,step5_outside_pm10_escalate,a statistical test must be conducted; proceed to Step 6,ci_no_overlap_escalate,proceed to Step 7,14.296305383847995,reject_null,reject the null hypothesis and conclude there is statistical evidence that the level of vertical inequity present is outside of acceptable limits,reject the null hypothesis and conclude there is statistical evidence that the level of vertical inequity present is outside of acceptable limits,False,-16.848364505848224,0.0,-16.848364505848224,0.0,,,,
fit:LGBSmoothPenalty:668324412c04438f,pooled_oof,not_applicable,May-2026 Exposure Draft / proposed guidance; not adopted IAAO guidance.,IAAO Standard on Ratio Studies (2013) remains the adopted/current guidance.,e950e00d0c3684dd067734d401e5278dcf659f471fcfb0d6db65c7584f7c56b8,matched_beta_core,,Surrogate,PRIMARY,5.0,,-0.0786514918143895,2.559547922699536,,True,nearest_fitted,,668324412c04438f,"ED2 App. D.2 is a rank-based order-statistic CI on distinct observations and has no row-balanced analogue; the pooled-OOF sample contains 20,988 unique rows twice, so the ED2 procedure is not applied there. No weighted variant was invented.",,,,,,,,,,,,,,,,,,,,,,,,,,,,,,,,,,,,,,,
fit:LGBSmoothPenalty:668324412c04438f,heldout,standards_facing,May-2026 Exposure Draft / proposed guidance; not adopted IAAO guidance.,IAAO Standard on Ratio Studies (2013) remains the adopted/current guidance.,e950e00d0c3684dd067734d401e5278dcf659f471fcfb0d6db65c7584f7c56b8,matched_beta_core,,Surrogate,PRIMARY,5.0,,-0.0786514918143895,2.559547922699536,,True,nearest_fitted,,668324412c04438f,output/paper_v6_preselection_994/reporting_preview/heldout/LGBSmoothPenalty/chunk_03/analysis/data_id=d4929d43ec19badf/split_id=3d464d4a611b131b/test_run_predictions/668324412c04438f.parquet,38290.0,10.0,0.9263135287059081,-4.866043697877179,3829.0,3829.0,0.9719787056346618,0.9269038845484843,0.9563915383858255,0.9886879750635243,0.9219747789154308,0.9313005057375392,51.0,51.0,1864|1966,1864|1966,odd,odd,False,ED2 App. D.2 rank-based order statistic,0.9,10.0,step5_within_pm10_stop,fail to reject the null hypothesis that the degree of vertical inequity is acceptable,not_run,not applicable - Step 5 did not escalate,,not_run,not applicable - Step 6 did not escalate,fail to reject the null hypothesis that the degree of vertical inequity is acceptable,False,-4.866043697877179,0.0,-4.866043697877179,0.0,,,,
fit:LGBSmoothPenalty:668324412c04438f,forward_2025,standards_facing,May-2026 Exposure Draft / proposed guidance; not adopted IAAO guidance.,IAAO Standard on Ratio Studies (2013) remains the adopted/current guidance.,e950e00d0c3684dd067734d401e5278dcf659f471fcfb0d6db65c7584f7c56b8,matched_beta_core,,Surrogate,PRIMARY,5.0,,-0.0786514918143895,2.559547922699536,,True,nearest_fitted,,668324412c04438f,output/paper_v6_preselection_994/reporting_preview/forward_2025/LGBSmoothPenalty/chunk_03/analysis/data_id=d4929d43ec19badf/split_id=3d464d4a611b131b/assess_run_predictions/668324412c04438f.parquet,26641.0,10.0,0.9499976533353462,-9.05444460454458,2665.0,2664.0,1.0155491014826845,0.9295320902169621,0.9965148987528296,1.0397292752866953,0.9240730214104613,0.9351632233951019,43.0,43.0,1290|1376,1290|1375,odd,even,False,ED2 App. D.2 rank-based order statistic,0.9,10.0,step5_within_pm10_stop,fail to reject the null hypothesis that the degree of vertical inequity is acceptable,not_run,not applicable - Step 5 did not escalate,,not_run,not applicable - Step 6 did not escalate,fail to reject the null hypothesis that the degree of vertical inequity is acceptable,False,-9.05444460454458,0.0,-9.05444460454458,0.0,,,,
posthoc:C:b=1.0691861972161865,fold_1,descriptive,May-2026 Exposure Draft / proposed guidance; not adopted IAAO guidance.,IAAO Standard on Ratio Studies (2013) remains the adopted/current guidance.,e950e00d0c3684dd067734d401e5278dcf659f471fcfb0d6db65c7584f7c56b8,matched_beta_core,,C-posthoc,PRIMARY,5.0,,-0.0786514918143895,,1.0691861972161865,True,exact_posthoc_solve,,,output/p0_major_revision_validation/zero_reference_fits/cell=C/block=fold_1_train/eval_predictions.parquet,5209.0,10.0,0.9750406739204733,-5.77702944762352,521.0,520.0,1.1106809712754993,1.0543525844168067,1.0773322259922926,1.1670724086460114,1.0422585572248118,1.075531094282698,19.0,20.0,242|280,241|280,odd,even,False,ED2 App. D.2 rank-based order statistic,0.9,10.0,step5_within_pm10_stop,fail to reject the null hypothesis that the degree of vertical inequity is acceptable,not_run,not applicable - Step 5 did not escalate,,not_run,not applicable - Step 6 did not escalate,fail to reject the null hypothesis that the degree of vertical inequity is acceptable,False,-5.77702944762352,0.0,,,,,,
posthoc:C:b=1.0691861972161865,fold_2,descriptive,May-2026 Exposure Draft / proposed guidance; not adopted IAAO guidance.,IAAO Standard on Ratio Studies (2013) remains the adopted/current guidance.,e950e00d0c3684dd067734d401e5278dcf659f471fcfb0d6db65c7584f7c56b8,matched_beta_core,,C-posthoc,PRIMARY,5.0,,-0.0786514918143895,,1.0691861972161865,True,exact_posthoc_solve,,,output/p0_major_revision_validation/zero_reference_fits/cell=C/block=fold_2_train/eval_predictions.parquet,11197.0,10.0,1.000199617446356,-7.459444631380383,1120.0,1119.0,1.1379866752712613,1.063377338604572,1.1046295689458752,1.1716107804692226,1.053019714151091,1.0759403010814983,29.0,28.0,532|589,532|588,even,odd,False,ED2 App. D.2 rank-based order statistic,0.9,10.0,step5_within_pm10_stop,fail to reject the null hypothesis that the degree of vertical inequity is acceptable,not_run,not applicable - Step 5 did not escalate,,not_run,not applicable - Step 6 did not escalate,fail to reject the null hypothesis that the degree of vertical inequity is acceptable,False,-7.459444631380383,0.0,,,,,,
posthoc:C:b=1.0691861972161865,fold_3,descriptive,May-2026 Exposure Draft / proposed guidance; not adopted IAAO guidance.,IAAO Standard on Ratio Studies (2013) remains the adopted/current guidance.,e950e00d0c3684dd067734d401e5278dcf659f471fcfb0d6db65c7584f7c56b8,matched_beta_core,,C-posthoc,PRIMARY,5.0,,-0.0786514918143895,,1.0691861972161865,True,exact_posthoc_solve,,,output/p0_major_revision_validation/zero_reference_fits/cell=C/block=fold_3_train/eval_predictions.parquet,16798.0,10.0,0.9943837777787216,-4.670085144201244,1680.0,1679.0,1.1149244138673047,1.0684858447849135,1.0811793514707302,1.1441207076463265,1.0615515823015498,1.0796974508174204,35.0,34.0,806|875,806|874,even,odd,False,ED2 App. D.2 rank-based order statistic,0.9,10.0,step5_within_pm10_stop,fail to reject the null hypothesis that the degree of vertical inequity is acceptable,not_run,not applicable - Step 5 did not escalate,,not_run,not applicable - Step 6 did not escalate,fail to reject the null hypothesis that the degree of vertical inequity is acceptable,False,-4.670085144201244,0.0,,,,,,
posthoc:C:b=1.0691861972161865,fold_4,descriptive,May-2026 Exposure Draft / proposed guidance; not adopted IAAO guidance.,IAAO Standard on Ratio Studies (2013) remains the adopted/current guidance.,e950e00d0c3684dd067734d401e5278dcf659f471fcfb0d6db65c7584f7c56b8,matched_beta_core,,C-posthoc,PRIMARY,5.0,,-0.0786514918143895,,1.0691861972161865,True,exact_posthoc_solve,,,output/p0_major_revision_validation/zero_reference_fits/cell=C/block=fold_4_train/eval_predictions.parquet,22323.0,10.0,0.9668401489213684,1.9200636197173029,2233.0,2232.0,1.0244732759597035,1.0430372219199633,1.0008409584025981,1.0458965257003248,1.038439432225711,1.0490978523744785,39.0,40.0,1078|1156,1077|1156,odd,even,False,ED2 App. D.2 rank-based order statistic,0.9,10.0,step5_within_pm10_stop,fail to reject the null hypothesis that the degree of vertical inequity is acceptable,not_run,not applicable - Step 5 did not escalate,,not_run,not applicable - Step 6 did not escalate,fail to reject the null hypothesis that the degree of vertical inequity is acceptable,False,1.9200636197173029,0.0,,,,,,
posthoc:C:b=1.0691861972161865,fold_5,descriptive,May-2026 Exposure Draft / proposed guidance; not adopted IAAO guidance.,IAAO Standard on Ratio Studies (2013) remains the adopted/current guidance.,e950e00d0c3684dd067734d401e5278dcf659f471fcfb0d6db65c7584f7c56b8,matched_beta_core,,C-posthoc,PRIMARY,5.0,,-0.0786514918143895,,1.0691861972161865,True,exact_posthoc_solve,,,output/p0_major_revision_validation/zero_reference_fits/cell=C/block=fold_5_train/eval_predictions.parquet,28053.0,10.0,0.9937187936014855,-4.2687659691976965,2806.0,2805.0,1.0977010137470762,1.055281484056294,1.075039324248325,1.1158915355974315,1.047265900860167,1.0631882638281172,45.0,44.0,1359|1448,1359|1447,even,odd,False,ED2 App. D.2 rank-based order statistic,0.9,10.0,step5_within_pm10_stop,fail to reject the null hypothesis that the degree of vertical inequity is acceptable,not_run,not applicable - Step 5 did not escalate,,not_run,not applicable - Step 6 did not escalate,fail to reject the null hypothesis that the degree of vertical inequity is acceptable,False,-4.2687659691976965,0.0,,,,,,
posthoc:C:b=1.0691861972161865,fold_6,descriptive,May-2026 Exposure Draft / proposed guidance; not adopted IAAO guidance.,IAAO Standard on Ratio Studies (2013) remains the adopted/current guidance.,e950e00d0c3684dd067734d401e5278dcf659f471fcfb0d6db65c7584f7c56b8,matched_beta_core,,C-posthoc,PRIMARY,5.0,,-0.0786514918143895,,1.0691861972161865,True,exact_posthoc_solve,,,output/p0_major_revision_validation/zero_reference_fits/cell=C/block=fold_6_train/eval_predictions.parquet,33113.0,10.0,1.004586126591893,-15.307407108978332,3312.0,3311.0,1.2033793533270476,1.0496032651693101,1.1793162691885746,1.2188047253206487,1.044349985231003,1.0555062672905198,48.0,48.0,1609|1704,1608|1704,even,odd,False,ED2 App. D.2 rank-based order statistic,0.9,10.0,step5_outside_pm10_escalate,a statistical test must be conducted; proceed to Step 6,ci_no_overlap_escalate,proceed to Step 7,12.32447857090026,reject_null,reject the null hypothesis and conclude there is statistical evidence that the level of vertical inequity present is outside of acceptable limits,reject the null hypothesis and conclude there is statistical evidence that the level of vertical inequity present is outside of acceptable limits,False,-15.307407108978332,0.0,,,,,,
posthoc:C:b=1.0691861972161865,fold_7,descriptive,May-2026 Exposure Draft / proposed guidance; not adopted IAAO guidance.,IAAO Standard on Ratio Studies (2013) remains the adopted/current guidance.,e950e00d0c3684dd067734d401e5278dcf659f471fcfb0d6db65c7584f7c56b8,matched_beta_core,,C-posthoc,PRIMARY,5.0,,-0.0786514918143895,,1.0691861972161865,True,exact_posthoc_solve,,,output/p0_major_revision_validation/zero_reference_fits/cell=C/block=fold_7_train/eval_predictions.parquet,34460.0,10.0,0.9754220474556272,-17.439944583527915,3446.0,3446.0,1.2006759027487286,1.0305628382169538,1.1720847396603773,1.2186578037748728,1.025354781675478,1.036034364343475,49.0,49.0,1675|1772,1675|1772,even,even,False,ED2 App. D.2 rank-based order statistic,0.9,10.0,step5_outside_pm10_escalate,a statistical test must be conducted; proceed to Step 6,ci_no_overlap_escalate,proceed to Step 7,13.947847054696728,reject_null,reject the null hypothesis and conclude there is statistical evidence that the level of vertical inequity present is outside of acceptable limits,reject the null hypothesis and conclude there is statistical evidence that the level of vertical inequity present is outside of acceptable limits,False,-17.439944583527915,0.0,,,,,,
posthoc:C:b=1.0691861972161865,pooled_oof,not_applicable,May-2026 Exposure Draft / proposed guidance; not adopted IAAO guidance.,IAAO Standard on Ratio Studies (2013) remains the adopted/current guidance.,e950e00d0c3684dd067734d401e5278dcf659f471fcfb0d6db65c7584f7c56b8,matched_beta_core,,C-posthoc,PRIMARY,5.0,,-0.0786514918143895,,1.0691861972161865,True,exact_posthoc_solve,,,"ED2 App. D.2 is a rank-based order-statistic CI on distinct observations and has no row-balanced analogue; the pooled-OOF sample contains 20,988 unique rows twice, so the ED2 procedure is not applied there. No weighted variant was invented.",,,,,,,,,,,,,,,,,,,,,,,,,,,,,,,,,,,,,,,
posthoc:C:b=1.0691861972161865,heldout,standards_facing,May-2026 Exposure Draft / proposed guidance; not adopted IAAO guidance.,IAAO Standard on Ratio Studies (2013) remains the adopted/current guidance.,e950e00d0c3684dd067734d401e5278dcf659f471fcfb0d6db65c7584f7c56b8,matched_beta_core,,C-posthoc,PRIMARY,5.0,,-0.0786514918143895,,1.0691861972161865,True,exact_posthoc_solve,,,output/p0_major_revision_validation/zero_reference_fits/cell=C/block=development_pool/eval_predictions.parquet,38290.0,10.0,0.9535163729867429,-8.383082779900139,3829.0,3829.0,1.0824848040301371,1.002550737162757,1.062939953487467,1.1050114312202575,0.9971771807865516,1.0087512874969544,51.0,51.0,1864|1966,1864|1966,odd,odd,False,ED2 App. D.2 rank-based order statistic,0.9,10.0,step5_within_pm10_stop,fail to reject the null hypothesis that the degree of vertical inequity is acceptable,not_run,not applicable - Step 5 did not escalate,,not_run,not applicable - Step 6 did not escalate,fail to reject the null hypothesis that the degree of vertical inequity is acceptable,False,-8.383082779900139,0.0,,,,,,
posthoc:C:b=1.0691861972161865,forward_2025,standards_facing,May-2026 Exposure Draft / proposed guidance; not adopted IAAO guidance.,IAAO Standard on Ratio Studies (2013) remains the adopted/current guidance.,e950e00d0c3684dd067734d401e5278dcf659f471fcfb0d6db65c7584f7c56b8,matched_beta_core,,C-posthoc,PRIMARY,5.0,,-0.0786514918143895,,1.0691861972161865,True,exact_posthoc_solve,,,output/p0_major_revision_validation/zero_reference_fits/cell=C/block=production_2016_2024/eval_predictions.parquet,26641.0,10.0,0.9766933705029626,-10.891282031195928,2665.0,2664.0,1.1238209281191271,1.0174464985576561,1.1059343620982385,1.1406644937970727,1.0107554825742433,1.02473132177442,43.0,43.0,1290|1376,1290|1375,odd,even,False,ED2 App. D.2 rank-based order statistic,0.9,10.0,step5_outside_pm10_escalate,a statistical test must be conducted; proceed to Step 6,ci_no_overlap_escalate,proceed to Step 7,8.314077148081974,fail_to_reject_null,fail to reject the null hypothesis that the level of vertical inequity present is within acceptable limits,fail to reject the null hypothesis that the level of vertical inequity present is within acceptable limits,False,-10.891282031195928,0.0,,,1.108579865270312,1.1405850779935682,1.0111165480303788,1.0246872837787906
posthoc:A:b=1.0691027398736879,fold_1,descriptive,May-2026 Exposure Draft / proposed guidance; not adopted IAAO guidance.,IAAO Standard on Ratio Studies (2013) remains the adopted/current guidance.,e950e00d0c3684dd067734d401e5278dcf659f471fcfb0d6db65c7584f7c56b8,matched_beta_core,,A-posthoc,SECONDARY,5.0,,-0.0786514918143895,,1.0691027398736879,True,exact_posthoc_solve,,,output/p0_major_revision_validation/zero_reference_fits/cell=A/block=fold_1_train/eval_predictions.parquet,5209.0,10.0,0.9752670891666666,-9.807014434130263,521.0,520.0,1.151085560175198,1.0554409759693009,1.0967043188871581,1.1747671282509509,1.0447065260657566,1.0745422222761793,19.0,20.0,242|280,241|280,odd,even,False,ED2 App. D.2 rank-based order statistic,0.9,10.0,step5_within_pm10_stop,fail to reject the null hypothesis that the degree of vertical inequity is acceptable,not_run,not applicable - Step 5 did not escalate,,not_run,not applicable - Step 6 did not escalate,fail to reject the null hypothesis that the degree of vertical inequity is acceptable,False,-9.807014434130263,0.0,,,,,,
posthoc:A:b=1.0691027398736879,fold_2,descriptive,May-2026 Exposure Draft / proposed guidance; not adopted IAAO guidance.,IAAO Standard on Ratio Studies (2013) remains the adopted/current guidance.,e950e00d0c3684dd067734d401e5278dcf659f471fcfb0d6db65c7584f7c56b8,matched_beta_core,,A-posthoc,SECONDARY,5.0,,-0.0786514918143895,,1.0691027398736879,True,exact_posthoc_solve,,,output/p0_major_revision_validation/zero_reference_fits/cell=A/block=fold_2_train/eval_predictions.parquet,11197.0,10.0,1.000786207415119,-8.223581995150226,1120.0,1119.0,1.149996509541613,1.0676960351786764,1.117921874757473,1.1797068225109675,1.0574361016024114,1.07735313505383,29.0,28.0,532|589,532|588,even,odd,False,ED2 App. D.2 rank-based order statistic,0.9,10.0,step5_within_pm10_stop,fail to reject the null hypothesis that the degree of vertical inequity is acceptable,not_run,not applicable - Step 5 did not escalate,,not_run,not applicable - Step 6 did not escalate,fail to reject the null hypothesis that the degree of vertical inequity is acceptable,False,-8.223581995150226,0.0,,,,,,
posthoc:A:b=1.0691027398736879,fold_3,descriptive,May-2026 Exposure Draft / proposed guidance; not adopted IAAO guidance.,IAAO Standard on Ratio Studies (2013) remains the adopted/current guidance.,e950e00d0c3684dd067734d401e5278dcf659f471fcfb0d6db65c7584f7c56b8,matched_beta_core,,A-posthoc,SECONDARY,5.0,,-0.0786514918143895,,1.0691027398736879,True,exact_posthoc_solve,,,output/p0_major_revision_validation/zero_reference_fits/cell=A/block=fold_3_train/eval_predictions.parquet,16798.0,10.0,0.9953310730117629,-4.605080768696068,1680.0,1679.0,1.1099173124112376,1.0640815125831167,1.0795469216429243,1.1358769838352465,1.0569011096341117,1.075594655622004,35.0,34.0,806|875,806|874,even,odd,False,ED2 App. D.2 rank-based order statistic,0.9,10.0,step5_within_pm10_stop,fail to reject the null hypothesis that the degree of vertical inequity is acceptable,not_run,not applicable - Step 5 did not escalate,,not_run,not applicable - Step 6 did not escalate,fail to reject the null hypothesis that the degree of vertical inequity is acceptable,False,-4.605080768696068,0.0,,,,,,
posthoc:A:b=1.0691027398736879,fold_4,descriptive,May-2026 Exposure Draft / proposed guidance; not adopted IAAO guidance.,IAAO Standard on Ratio Studies (2013) remains the adopted/current guidance.,e950e00d0c3684dd067734d401e5278dcf659f471fcfb0d6db65c7584f7c56b8,matched_beta_core,,A-posthoc,SECONDARY,5.0,,-0.0786514918143895,,1.0691027398736879,True,exact_posthoc_solve,,,output/p0_major_revision_validation/zero_reference_fits/cell=A/block=fold_4_train/eval_predictions.parquet,22323.0,10.0,0.9695008191099889,1.8047136976896234,2233.0,2232.0,1.0267532026711472,1.0442499167528383,0.9973385571385752,1.0541698584878667,1.036207661318294,1.053199105362735,39.0,40.0,1078|1156,1077|1156,odd,even,False,ED2 App. D.2 rank-based order statistic,0.9,10.0,step5_within_pm10_stop,fail to reject the null hypothesis that the degree of vertical inequity is acceptable,not_run,not applicable - Step 5 did not escalate,,not_run,not applicable - Step 6 did not escalate,fail to reject the null hypothesis that the degree of vertical inequity is acceptable,False,1.8047136976896234,0.0,,,,,,
posthoc:A:b=1.0691027398736879,fold_5,descriptive,May-2026 Exposure Draft / proposed guidance; not adopted IAAO guidance.,IAAO Standard on Ratio Studies (2013) remains the adopted/current guidance.,e950e00d0c3684dd067734d401e5278dcf659f471fcfb0d6db65c7584f7c56b8,matched_beta_core,,A-posthoc,SECONDARY,5.0,,-0.0786514918143895,,1.0691027398736879,True,exact_posthoc_solve,,,output/p0_major_revision_validation/zero_reference_fits/cell=A/block=fold_5_train/eval_predictions.parquet,28053.0,10.0,0.9933455375655181,-5.731021166787084,2806.0,2805.0,1.1065435354960034,1.0496146924787886,1.0834295481365865,1.1242609187505217,1.0439214833731143,1.0574545896906493,45.0,44.0,1359|1448,1359|1447,even,odd,False,ED2 App. D.2 rank-based order statistic,0.9,10.0,step5_within_pm10_stop,fail to reject the null hypothesis that the degree of vertical inequity is acceptable,not_run,not applicable - Step 5 did not escalate,,not_run,not applicable - Step 6 did not escalate,fail to reject the null hypothesis that the degree of vertical inequity is acceptable,False,-5.731021166787084,0.0,,,,,,
posthoc:A:b=1.0691027398736879,fold_6,descriptive,May-2026 Exposure Draft / proposed guidance; not adopted IAAO guidance.,IAAO Standard on Ratio Studies (2013) remains the adopted/current guidance.,e950e00d0c3684dd067734d401e5278dcf659f471fcfb0d6db65c7584f7c56b8,matched_beta_core,,A-posthoc,SECONDARY,5.0,,-0.0786514918143895,,1.0691027398736879,True,exact_posthoc_solve,,,output/p0_major_revision_validation/zero_reference_fits/cell=A/block=fold_6_train/eval_predictions.parquet,33113.0,10.0,1.0006772929556815,-15.080404154778027,3312.0,3311.0,1.1963157861117275,1.0454096060489186,1.1727849968729769,1.2165832719974672,1.0389368281562457,1.0528025408197628,48.0,48.0,1609|1704,1608|1704,even,odd,False,ED2 App. D.2 rank-based order statistic,0.9,10.0,step5_outside_pm10_escalate,a statistical test must be conducted; proceed to Step 6,ci_no_overlap_escalate,proceed to Step 7,11.990124778271346,reject_null,reject the null hypothesis and conclude there is statistical evidence that the level of vertical inequity present is outside of acceptable limits,reject the null hypothesis and conclude there is statistical evidence that the level of vertical inequity present is outside of acceptable limits,False,-15.080404154778027,0.0,,,,,,
posthoc:A:b=1.0691027398736879,fold_7,descriptive,May-2026 Exposure Draft / proposed guidance; not adopted IAAO guidance.,IAAO Standard on Ratio Studies (2013) remains the adopted/current guidance.,e950e00d0c3684dd067734d401e5278dcf659f471fcfb0d6db65c7584f7c56b8,matched_beta_core,,A-posthoc,SECONDARY,5.0,,-0.0786514918143895,,1.0691027398736879,True,exact_posthoc_solve,,,output/p0_major_revision_validation/zero_reference_fits/cell=A/block=fold_7_train/eval_predictions.parquet,34460.0,10.0,0.9771944373716126,-17.73486404916076,3446.0,3446.0,1.2032915602197256,1.0299874552559087,1.184603912637469,1.2256677851686724,1.0233360007538341,1.034500332144874,49.0,49.0,1675|1772,1675|1772,even,even,False,ED2 App. D.2 rank-based order statistic,0.9,10.0,step5_outside_pm10_escalate,a statistical test must be conducted; proceed to Step 6,ci_no_overlap_escalate,proceed to Step 7,15.360666695599784,reject_null,reject the null hypothesis and conclude there is statistical evidence that the level of vertical inequity present is outside of acceptable limits,reject the null hypothesis and conclude there is statistical evidence that the level of vertical inequity present is outside of acceptable limits,False,-17.73486404916076,0.0,,,,,,
posthoc:A:b=1.0691027398736879,pooled_oof,not_applicable,May-2026 Exposure Draft / proposed guidance; not adopted IAAO guidance.,IAAO Standard on Ratio Studies (2013) remains the adopted/current guidance.,e950e00d0c3684dd067734d401e5278dcf659f471fcfb0d6db65c7584f7c56b8,matched_beta_core,,A-posthoc,SECONDARY,5.0,,-0.0786514918143895,,1.0691027398736879,True,exact_posthoc_solve,,,"ED2 App. D.2 is a rank-based order-statistic CI on distinct observations and has no row-balanced analogue; the pooled-OOF sample contains 20,988 unique rows twice, so the ED2 procedure is not applied there. No weighted variant was invented.",,,,,,,,,,,,,,,,,,,,,,,,,,,,,,,,,,,,,,,
posthoc:A:b=1.0691027398736879,heldout,standards_facing,May-2026 Exposure Draft / proposed guidance; not adopted IAAO guidance.,IAAO Standard on Ratio Studies (2013) remains the adopted/current guidance.,e950e00d0c3684dd067734d401e5278dcf659f471fcfb0d6db65c7584f7c56b8,matched_beta_core,,A-posthoc,SECONDARY,5.0,,-0.0786514918143895,,1.0691027398736879,True,exact_posthoc_solve,,,output/p0_major_revision_validation/zero_reference_fits/cell=A/block=development_pool/eval_predictions.parquet,38290.0,10.0,0.9543862327412092,-8.780759937293478,3829.0,3829.0,1.092157208503905,1.0083548445323205,1.0689855651226958,1.114561259174637,1.0029988305472488,1.0152931644066545,51.0,51.0,1864|1966,1864|1966,odd,odd,False,ED2 App. D.2 rank-based order statistic,0.9,10.0,step5_within_pm10_stop,fail to reject the null hypothesis that the degree of vertical inequity is acceptable,not_run,not applicable - Step 5 did not escalate,,not_run,not applicable - Step 6 did not escalate,fail to reject the null hypothesis that the degree of vertical inequity is acceptable,False,-8.780759937293478,0.0,,,,,,
posthoc:A:b=1.0691027398736879,forward_2025,standards_facing,May-2026 Exposure Draft / proposed guidance; not adopted IAAO guidance.,IAAO Standard on Ratio Studies (2013) remains the adopted/current guidance.,e950e00d0c3684dd067734d401e5278dcf659f471fcfb0d6db65c7584f7c56b8,matched_beta_core,,A-posthoc,SECONDARY,5.0,,-0.0786514918143895,,1.0691027398736879,True,exact_posthoc_solve,,,output/p0_major_revision_validation/zero_reference_fits/cell=A/block=production_2016_2024/eval_predictions.parquet,26641.0,10.0,0.9819595904499806,-10.851890439882302,2665.0,2664.0,1.125406002735257,1.0188448238157082,1.1034255960372443,1.1516338323373743,1.0118610618920145,1.025442193498726,43.0,43.0,1290|1376,1290|1375,odd,even,False,ED2 App. D.2 rank-based order statistic,0.9,10.0,step5_outside_pm10_escalate,a statistical test must be conducted; proceed to Step 6,ci_no_overlap_escalate,proceed to Step 7,7.941610153507715,fail_to_reject_null,fail to reject the null hypothesis that the level of vertical inequity present is within acceptable limits,fail to reject the null hypothesis that the level of vertical inequity present is within acceptable limits,False,-10.851890439882302,0.0,,,1.1071807463123444,1.1527695637942705,1.0114830282862928,1.0252695015709907
fit:LGBSmoothPenalty:5625c32dd0094442,fold_1,descriptive,May-2026 Exposure Draft / proposed guidance; not adopted IAAO guidance.,IAAO Standard on Ratio Studies (2013) remains the adopted/current guidance.,e950e00d0c3684dd067734d401e5278dcf659f471fcfb0d6db65c7584f7c56b8,matched_beta_ext,,Surrogate,PRIMARY,,-0.06,-0.06,5.963623316594643,,True,nearest_fitted,-0.0186094650282942,5625c32dd0094442,output/paper_v6_preselection_994/predictions/data_id=d4929d43ec19badf/split_id=3d464d4a611b131b/fold_id=0/c5f21827462f47a4.parquet,5209.0,10.0,0.9500493532076423,-15.964277293506264,521.0,520.0,1.112443413824236,0.9607749006530053,1.0563666499365816,1.1458950025288384,0.9492548671186836,0.9753552373783805,19.0,20.0,242|280,241|280,odd,even,False,ED2 App. D.2 rank-based order statistic,0.9,10.0,step5_outside_pm10_escalate,a statistical test must be conducted; proceed to Step 6,ci_no_overlap_escalate,proceed to Step 7,8.527074123537169,fail_to_reject_null,fail to reject the null hypothesis that the level of vertical inequity present is within acceptable limits,fail to reject the null hypothesis that the level of vertical inequity present is within acceptable limits,False,-15.964277293506264,0.0,-15.964277293506264,0.0,,,,
fit:LGBSmoothPenalty:5625c32dd0094442,fold_2,descriptive,May-2026 Exposure Draft / proposed guidance; not adopted IAAO guidance.,IAAO Standard on Ratio Studies (2013) remains the adopted/current guidance.,e950e00d0c3684dd067734d401e5278dcf659f471fcfb0d6db65c7584f7c56b8,matched_beta_ext,,Surrogate,PRIMARY,,-0.06,-0.06,5.963623316594643,,True,nearest_fitted,-0.0186094650282942,5625c32dd0094442,output/paper_v6_preselection_994/predictions/data_id=d4929d43ec19badf/split_id=3d464d4a611b131b/fold_id=1/81e34a07af1ab0ec.parquet,11197.0,10.0,0.981927652755866,-16.014240091077717,1120.0,1119.0,1.1264244465042506,0.9691761946712423,1.0896421961101421,1.1467027643608767,0.9601356301522342,0.9791367731148038,29.0,28.0,532|589,532|588,even,odd,False,ED2 App. D.2 rank-based order statistic,0.9,10.0,step5_outside_pm10_escalate,a statistical test must be conducted; proceed to Step 6,ci_no_overlap_escalate,proceed to Step 7,11.253927179379776,reject_null,reject the null hypothesis and conclude there is statistical evidence that the level of vertical inequity present is outside of acceptable limits,reject the null hypothesis and conclude there is statistical evidence that the level of vertical inequity present is outside of acceptable limits,False,-16.014240091077717,0.0,-16.014240091077717,0.0,,,,
fit:LGBSmoothPenalty:5625c32dd0094442,fold_3,descriptive,May-2026 Exposure Draft / proposed guidance; not adopted IAAO guidance.,IAAO Standard on Ratio Studies (2013) remains the adopted/current guidance.,e950e00d0c3684dd067734d401e5278dcf659f471fcfb0d6db65c7584f7c56b8,matched_beta_ext,,Surrogate,PRIMARY,,-0.06,-0.06,5.963623316594643,,True,nearest_fitted,-0.0186094650282942,5625c32dd0094442,output/paper_v6_preselection_994/predictions/data_id=d4929d43ec19badf/split_id=3d464d4a611b131b/fold_id=2/1015bae36700b884.parquet,16798.0,10.0,0.9664925787271494,-4.883376216737072,1680.0,1679.0,1.023695186126508,0.9764977174004176,0.9977531111466879,1.0529727753921783,0.9682528089279712,0.9841592991290542,35.0,34.0,806|875,806|874,even,odd,False,ED2 App. D.2 rank-based order statistic,0.9,10.0,step5_within_pm10_stop,fail to reject the null hypothesis that the degree of vertical inequity is acceptable,not_run,not applicable - Step 5 did not escalate,,not_run,not applicable - Step 6 did not escalate,fail to reject the null hypothesis that the degree of vertical inequity is acceptable,False,-4.883376216737072,0.0,-4.883376216737072,0.0,,,,
fit:LGBSmoothPenalty:5625c32dd0094442,fold_4,descriptive,May-2026 Exposure Draft / proposed guidance; not adopted IAAO guidance.,IAAO Standard on Ratio Studies (2013) remains the adopted/current guidance.,e950e00d0c3684dd067734d401e5278dcf659f471fcfb0d6db65c7584f7c56b8,matched_beta_ext,,Surrogate,PRIMARY,,-0.06,-0.06,5.963623316594643,,True,nearest_fitted,-0.0186094650282942,5625c32dd0094442,output/paper_v6_preselection_994/predictions/data_id=d4929d43ec19badf/split_id=3d464d4a611b131b/fold_id=3/9b3114699a2ac25e.parquet,22323.0,10.0,0.9483733761289388,4.347051995366036,2233.0,2232.0,0.9174289549975991,0.9586552387681324,0.9011117346605476,0.9408680501187031,0.9518672080107409,0.9655240337105276,39.0,40.0,1078|1156,1077|1156,odd,even,False,ED2 App. D.2 rank-based order statistic,0.9,10.0,step5_within_pm10_stop,fail to reject the null hypothesis that the degree of vertical inequity is acceptable,not_run,not applicable - Step 5 did not escalate,,not_run,not applicable - Step 6 did not escalate,fail to reject the null hypothesis that the degree of vertical inequity is acceptable,False,4.347051995366036,0.0,4.347051995366036,0.0,,,,
fit:LGBSmoothPenalty:5625c32dd0094442,fold_5,descriptive,May-2026 Exposure Draft / proposed guidance; not adopted IAAO guidance.,IAAO Standard on Ratio Studies (2013) remains the adopted/current guidance.,e950e00d0c3684dd067734d401e5278dcf659f471fcfb0d6db65c7584f7c56b8,matched_beta_ext,,Surrogate,PRIMARY,,-0.06,-0.06,5.963623316594643,,True,nearest_fitted,-0.0186094650282942,5625c32dd0094442,output/paper_v6_preselection_994/predictions/data_id=d4929d43ec19badf/split_id=3d464d4a611b131b/fold_id=4/73558af4bc9c53ab.parquet,28053.0,10.0,0.9732528844998821,-2.5600484550412546,2806.0,2805.0,0.99925020386073,0.9743344584274464,0.9807746370873556,1.0187470421406999,0.9680216620399895,0.979638122143894,45.0,44.0,1359|1448,1359|1447,even,odd,False,ED2 App. D.2 rank-based order statistic,0.9,10.0,step5_within_pm10_stop,fail to reject the null hypothesis that the degree of vertical inequity is acceptable,not_run,not applicable - Step 5 did not escalate,,not_run,not applicable - Step 6 did not escalate,fail to reject the null hypothesis that the degree of vertical inequity is acceptable,False,-2.5600484550412546,0.0,-2.5600484550412546,0.0,,,,
fit:LGBSmoothPenalty:5625c32dd0094442,fold_6,descriptive,May-2026 Exposure Draft / proposed guidance; not adopted IAAO guidance.,IAAO Standard on Ratio Studies (2013) remains the adopted/current guidance.,e950e00d0c3684dd067734d401e5278dcf659f471fcfb0d6db65c7584f7c56b8,matched_beta_ext,,Surrogate,PRIMARY,,-0.06,-0.06,5.963623316594643,,True,nearest_fitted,-0.0186094650282942,5625c32dd0094442,output/paper_v6_preselection_994/predictions/data_id=d4929d43ec19badf/split_id=3d464d4a611b131b/fold_id=5/83209ec72d89df4f.parquet,33113.0,10.0,0.9828956611663878,-9.189029671518314,3312.0,3311.0,1.0701640307912093,0.9798454568465638,1.0505793747435042,1.0870199090404609,0.9747376771691871,0.9847625854077283,48.0,48.0,1609|1704,1608|1704,even,odd,False,ED2 App. D.2 rank-based order statistic,0.9,10.0,step5_within_pm10_stop,fail to reject the null hypothesis that the degree of vertical inequity is acceptable,not_run,not applicable - Step 5 did not escalate,,not_run,not applicable - Step 6 did not escalate,fail to reject the null hypothesis that the degree of vertical inequity is acceptable,False,-9.189029671518314,0.0,-9.189029671518314,0.0,,,,
fit:LGBSmoothPenalty:5625c32dd0094442,fold_7,descriptive,May-2026 Exposure Draft / proposed guidance; not adopted IAAO guidance.,IAAO Standard on Ratio Studies (2013) remains the adopted/current guidance.,e950e00d0c3684dd067734d401e5278dcf659f471fcfb0d6db65c7584f7c56b8,matched_beta_ext,,Surrogate,PRIMARY,,-0.06,-0.06,5.963623316594643,,True,nearest_fitted,-0.0186094650282942,5625c32dd0094442,output/paper_v6_preselection_994/predictions/data_id=d4929d43ec19badf/split_id=3d464d4a611b131b/fold_id=6/88bf17fc481ad2b6.parquet,34460.0,10.0,0.9567060972043024,-10.914799860545044,3446.0,3446.0,1.058248197003358,0.9538256412398768,1.039858136243458,1.0770558884982369,0.9480646173494026,0.959358602567093,49.0,49.0,1675|1772,1675|1772,even,even,False,ED2 App. D.2 rank-based order statistic,0.9,10.0,step5_outside_pm10_escalate,a statistical test must be conducted; proceed to Step 6,ci_no_overlap_escalate,proceed to Step 7,8.414238595489424,fail_to_reject_null,fail to reject the null hypothesis that the level of vertical inequity present is within acceptable limits,fail to reject the null hypothesis that the level of vertical inequity present is within acceptable limits,False,-10.914799860545044,0.0,-10.914799860545044,0.0,,,,
fit:LGBSmoothPenalty:5625c32dd0094442,pooled_oof,not_applicable,May-2026 Exposure Draft / proposed guidance; not adopted IAAO guidance.,IAAO Standard on Ratio Studies (2013) remains the adopted/current guidance.,e950e00d0c3684dd067734d401e5278dcf659f471fcfb0d6db65c7584f7c56b8,matched_beta_ext,,Surrogate,PRIMARY,,-0.06,-0.06,5.963623316594643,,True,nearest_fitted,-0.0186094650282942,5625c32dd0094442,"ED2 App. D.2 is a rank-based order-statistic CI on distinct observations and has no row-balanced analogue; the pooled-OOF sample contains 20,988 unique rows twice, so the ED2 procedure is not applied there. No weighted variant was invented.",,,,,,,,,,,,,,,,,,,,,,,,,,,,,,,,,,,,,,,
fit:LGBSmoothPenalty:5625c32dd0094442,heldout,standards_facing,May-2026 Exposure Draft / proposed guidance; not adopted IAAO guidance.,IAAO Standard on Ratio Studies (2013) remains the adopted/current guidance.,e950e00d0c3684dd067734d401e5278dcf659f471fcfb0d6db65c7584f7c56b8,matched_beta_ext,,Surrogate,PRIMARY,,-0.06,-0.06,5.963623316594643,,True,nearest_fitted,-0.0186094650282942,5625c32dd0094442,output/paper_v6_preselection_994/reporting_preview/heldout/LGBSmoothPenalty/chunk_04/analysis/data_id=d4929d43ec19badf/split_id=3d464d4a611b131b/test_run_predictions/5625c32dd0094442.parquet,38290.0,10.0,0.9231997068293252,-1.5832090899284574,3829.0,3829.0,0.9388498198505854,0.9242336381738706,0.9241152629834181,0.951330268392342,0.9202098335661398,0.9291836782493762,51.0,51.0,1864|1966,1864|1966,odd,odd,False,ED2 App. D.2 rank-based order statistic,0.9,10.0,step5_within_pm10_stop,fail to reject the null hypothesis that the degree of vertical inequity is acceptable,not_run,not applicable - Step 5 did not escalate,,not_run,not applicable - Step 6 did not escalate,fail to reject the null hypothesis that the degree of vertical inequity is acceptable,False,-1.5832090899284574,0.0,-1.5832090899284574,0.0,,,,
fit:LGBSmoothPenalty:5625c32dd0094442,forward_2025,standards_facing,May-2026 Exposure Draft / proposed guidance; not adopted IAAO guidance.,IAAO Standard on Ratio Studies (2013) remains the adopted/current guidance.,e950e00d0c3684dd067734d401e5278dcf659f471fcfb0d6db65c7584f7c56b8,matched_beta_ext,,Surrogate,PRIMARY,,-0.06,-0.06,5.963623316594643,,True,nearest_fitted,-0.0186094650282942,5625c32dd0094442,output/paper_v6_preselection_994/reporting_preview/forward_2025/LGBSmoothPenalty/chunk_04/analysis/data_id=d4929d43ec19badf/split_id=3d464d4a611b131b/assess_run_predictions/5625c32dd0094442.parquet,26641.0,10.0,0.948341111089424,-4.383381632513736,2665.0,2664.0,0.969514854568453,0.9279454444913825,0.9478138875089739,0.9857695919541807,0.9218112644207012,0.9322566700282824,43.0,43.0,1290|1376,1290|1375,odd,even,False,ED2 App. D.2 rank-based order statistic,0.9,10.0,step5_within_pm10_stop,fail to reject the null hypothesis that the degree of vertical inequity is acceptable,not_run,not applicable - Step 5 did not escalate,,not_run,not applicable - Step 6 did not escalate,fail to reject the null hypothesis that the degree of vertical inequity is acceptable,False,-4.383381632513736,0.0,-4.383381632513736,0.0,,,,
NOT_ATTAINED,fold_1,descriptive,May-2026 Exposure Draft / proposed guidance; not adopted IAAO guidance.,IAAO Standard on Ratio Studies (2013) remains the adopted/current guidance.,e950e00d0c3684dd067734d401e5278dcf659f471fcfb0d6db65c7584f7c56b8,matched_beta_ext,,Direct,PRIMARY,,-0.06,-0.06,,,False,NOT_ATTAINED,-0.0786514918143895,,NOT_ATTAINED within the frozen design,,,,,,,,,,,,,,,,,,,,,,,,,,,,,,,,,,,,,,,
NOT_ATTAINED,fold_1,descriptive,May-2026 Exposure Draft / proposed guidance; not adopted IAAO guidance.,IAAO Standard on Ratio Studies (2013) remains the adopted/current guidance.,e950e00d0c3684dd067734d401e5278dcf659f471fcfb0d6db65c7584f7c56b8,matched_beta_ext,,Direct,PRIMARY,,-0.03,-0.03,,,False,NOT_ATTAINED,-0.0786514918143895,,NOT_ATTAINED within the frozen design,,,,,,,,,,,,,,,,,,,,,,,,,,,,,,,,,,,,,,,
NOT_ATTAINED,fold_1,descriptive,May-2026 Exposure Draft / proposed guidance; not adopted IAAO guidance.,IAAO Standard on Ratio Studies (2013) remains the adopted/current guidance.,e950e00d0c3684dd067734d401e5278dcf659f471fcfb0d6db65c7584f7c56b8,matched_beta_ext,,Surrogate,PRIMARY,,0.0,0.0,,,False,NOT_ATTAINED,-0.0186094650282942,,NOT_ATTAINED within the frozen design,,,,,,,,,,,,,,,,,,,,,,,,,,,,,,,,,,,,,,,
NOT_ATTAINED,fold_1,descriptive,May-2026 Exposure Draft / proposed guidance; not adopted IAAO guidance.,IAAO Standard on Ratio Studies (2013) remains the adopted/current guidance.,e950e00d0c3684dd067734d401e5278dcf659f471fcfb0d6db65c7584f7c56b8,matched_beta_ext,,Direct,PRIMARY,,0.0,0.0,,,False,NOT_ATTAINED,-0.0786514918143895,,NOT_ATTAINED within the frozen design,,,,,,,,,,,,,,,,,,,,,,,,,,,,,,,,,,,,,,,
NOT_ATTAINED,fold_2,descriptive,May-2026 Exposure Draft / proposed guidance; not adopted IAAO guidance.,IAAO Standard on Ratio Studies (2013) remains the adopted/current guidance.,e950e00d0c3684dd067734d401e5278dcf659f471fcfb0d6db65c7584f7c56b8,matched_beta_ext,,Direct,PRIMARY,,-0.06,-0.06,,,False,NOT_ATTAINED,-0.0786514918143895,,NOT_ATTAINED within the frozen design,,,,,,,,,,,,,,,,,,,,,,,,,,,,,,,,,,,,,,,
NOT_ATTAINED,fold_2,descriptive,May-2026 Exposure Draft / proposed guidance; not adopted IAAO guidance.,IAAO Standard on Ratio Studies (2013) remains the adopted/current guidance.,e950e00d0c3684dd067734d401e5278dcf659f471fcfb0d6db65c7584f7c56b8,matched_beta_ext,,Direct,PRIMARY,,-0.03,-0.03,,,False,NOT_ATTAINED,-0.0786514918143895,,NOT_ATTAINED within the frozen design,,,,,,,,,,,,,,,,,,,,,,,,,,,,,,,,,,,,,,,
NOT_ATTAINED,fold_2,descriptive,May-2026 Exposure Draft / proposed guidance; not adopted IAAO guidance.,IAAO Standard on Ratio Studies (2013) remains the adopted/current guidance.,e950e00d0c3684dd067734d401e5278dcf659f471fcfb0d6db65c7584f7c56b8,matched_beta_ext,,Surrogate,PRIMARY,,0.0,0.0,,,False,NOT_ATTAINED,-0.0186094650282942,,NOT_ATTAINED within the frozen design,,,,,,,,,,,,,,,,,,,,,,,,,,,,,,,,,,,,,,,
NOT_ATTAINED,fold_2,descriptive,May-2026 Exposure Draft / proposed guidance; not adopted IAAO guidance.,IAAO Standard on Ratio Studies (2013) remains the adopted/current guidance.,e950e00d0c3684dd067734d401e5278dcf659f471fcfb0d6db65c7584f7c56b8,matched_beta_ext,,Direct,PRIMARY,,0.0,0.0,,,False,NOT_ATTAINED,-0.0786514918143895,,NOT_ATTAINED within the frozen design,,,,,,,,,,,,,,,,,,,,,,,,,,,,,,,,,,,,,,,
NOT_ATTAINED,fold_3,descriptive,May-2026 Exposure Draft / proposed guidance; not adopted IAAO guidance.,IAAO Standard on Ratio Studies (2013) remains the adopted/current guidance.,e950e00d0c3684dd067734d401e5278dcf659f471fcfb0d6db65c7584f7c56b8,matched_beta_ext,,Direct,PRIMARY,,-0.06,-0.06,,,False,NOT_ATTAINED,-0.0786514918143895,,NOT_ATTAINED within the frozen design,,,,,,,,,,,,,,,,,,,,,,,,,,,,,,,,,,,,,,,
NOT_ATTAINED,fold_3,descriptive,May-2026 Exposure Draft / proposed guidance; not adopted IAAO guidance.,IAAO Standard on Ratio Studies (2013) remains the adopted/current guidance.,e950e00d0c3684dd067734d401e5278dcf659f471fcfb0d6db65c7584f7c56b8,matched_beta_ext,,Direct,PRIMARY,,-0.03,-0.03,,,False,NOT_ATTAINED,-0.0786514918143895,,NOT_ATTAINED within the frozen design,,,,,,,,,,,,,,,,,,,,,,,,,,,,,,,,,,,,,,,
NOT_ATTAINED,fold_3,descriptive,May-2026 Exposure Draft / proposed guidance; not adopted IAAO guidance.,IAAO Standard on Ratio Studies (2013) remains the adopted/current guidance.,e950e00d0c3684dd067734d401e5278dcf659f471fcfb0d6db65c7584f7c56b8,matched_beta_ext,,Surrogate,PRIMARY,,0.0,0.0,,,False,NOT_ATTAINED,-0.0186094650282942,,NOT_ATTAINED within the frozen design,,,,,,,,,,,,,,,,,,,,,,,,,,,,,,,,,,,,,,,
NOT_ATTAINED,fold_3,descriptive,May-2026 Exposure Draft / proposed guidance; not adopted IAAO guidance.,IAAO Standard on Ratio Studies (2013) remains the adopted/current guidance.,e950e00d0c3684dd067734d401e5278dcf659f471fcfb0d6db65c7584f7c56b8,matched_beta_ext,,Direct,PRIMARY,,0.0,0.0,,,False,NOT_ATTAINED,-0.0786514918143895,,NOT_ATTAINED within the frozen design,,,,,,,,,,,,,,,,,,,,,,,,,,,,,,,,,,,,,,,
NOT_ATTAINED,fold_4,descriptive,May-2026 Exposure Draft / proposed guidance; not adopted IAAO guidance.,IAAO Standard on Ratio Studies (2013) remains the adopted/current guidance.,e950e00d0c3684dd067734d401e5278dcf659f471fcfb0d6db65c7584f7c56b8,matched_beta_ext,,Direct,PRIMARY,,-0.06,-0.06,,,False,NOT_ATTAINED,-0.0786514918143895,,NOT_ATTAINED within the frozen design,,,,,,,,,,,,,,,,,,,,,,,,,,,,,,,,,,,,,,,
NOT_ATTAINED,fold_4,descriptive,May-2026 Exposure Draft / proposed guidance; not adopted IAAO guidance.,IAAO Standard on Ratio Studies (2013) remains the adopted/current guidance.,e950e00d0c3684dd067734d401e5278dcf659f471fcfb0d6db65c7584f7c56b8,matched_beta_ext,,Direct,PRIMARY,,-0.03,-0.03,,,False,NOT_ATTAINED,-0.0786514918143895,,NOT_ATTAINED within the frozen design,,,,,,,,,,,,,,,,,,,,,,,,,,,,,,,,,,,,,,,
NOT_ATTAINED,fold_4,descriptive,May-2026 Exposure Draft / proposed guidance; not adopted IAAO guidance.,IAAO Standard on Ratio Studies (2013) remains the adopted/current guidance.,e950e00d0c3684dd067734d401e5278dcf659f471fcfb0d6db65c7584f7c56b8,matched_beta_ext,,Surrogate,PRIMARY,,0.0,0.0,,,False,NOT_ATTAINED,-0.0186094650282942,,NOT_ATTAINED within the frozen design,,,,,,,,,,,,,,,,,,,,,,,,,,,,,,,,,,,,,,,
NOT_ATTAINED,fold_4,descriptive,May-2026 Exposure Draft / proposed guidance; not adopted IAAO guidance.,IAAO Standard on Ratio Studies (2013) remains the adopted/current guidance.,e950e00d0c3684dd067734d401e5278dcf659f471fcfb0d6db65c7584f7c56b8,matched_beta_ext,,Direct,PRIMARY,,0.0,0.0,,,False,NOT_ATTAINED,-0.0786514918143895,,NOT_ATTAINED within the frozen design,,,,,,,,,,,,,,,,,,,,,,,,,,,,,,,,,,,,,,,
NOT_ATTAINED,fold_5,descriptive,May-2026 Exposure Draft / proposed guidance; not adopted IAAO guidance.,IAAO Standard on Ratio Studies (2013) remains the adopted/current guidance.,e950e00d0c3684dd067734d401e5278dcf659f471fcfb0d6db65c7584f7c56b8,matched_beta_ext,,Direct,PRIMARY,,-0.06,-0.06,,,False,NOT_ATTAINED,-0.0786514918143895,,NOT_ATTAINED within the frozen design,,,,,,,,,,,,,,,,,,,,,,,,,,,,,,,,,,,,,,,
NOT_ATTAINED,fold_5,descriptive,May-2026 Exposure Draft / proposed guidance; not adopted IAAO guidance.,IAAO Standard on Ratio Studies (2013) remains the adopted/current guidance.,e950e00d0c3684dd067734d401e5278dcf659f471fcfb0d6db65c7584f7c56b8,matched_beta_ext,,Direct,PRIMARY,,-0.03,-0.03,,,False,NOT_ATTAINED,-0.0786514918143895,,NOT_ATTAINED within the frozen design,,,,,,,,,,,,,,,,,,,,,,,,,,,,,,,,,,,,,,,
NOT_ATTAINED,fold_5,descriptive,May-2026 Exposure Draft / proposed guidance; not adopted IAAO guidance.,IAAO Standard on Ratio Studies (2013) remains the adopted/current guidance.,e950e00d0c3684dd067734d401e5278dcf659f471fcfb0d6db65c7584f7c56b8,matched_beta_ext,,Surrogate,PRIMARY,,0.0,0.0,,,False,NOT_ATTAINED,-0.0186094650282942,,NOT_ATTAINED within the frozen design,,,,,,,,,,,,,,,,,,,,,,,,,,,,,,,,,,,,,,,
NOT_ATTAINED,fold_5,descriptive,May-2026 Exposure Draft / proposed guidance; not adopted IAAO guidance.,IAAO Standard on Ratio Studies (2013) remains the adopted/current guidance.,e950e00d0c3684dd067734d401e5278dcf659f471fcfb0d6db65c7584f7c56b8,matched_beta_ext,,Direct,PRIMARY,,0.0,0.0,,,False,NOT_ATTAINED,-0.0786514918143895,,NOT_ATTAINED within the frozen design,,,,,,,,,,,,,,,,,,,,,,,,,,,,,,,,,,,,,,,
NOT_ATTAINED,fold_6,descriptive,May-2026 Exposure Draft / proposed guidance; not adopted IAAO guidance.,IAAO Standard on Ratio Studies (2013) remains the adopted/current guidance.,e950e00d0c3684dd067734d401e5278dcf659f471fcfb0d6db65c7584f7c56b8,matched_beta_ext,,Direct,PRIMARY,,-0.06,-0.06,,,False,NOT_ATTAINED,-0.0786514918143895,,NOT_ATTAINED within the frozen design,,,,,,,,,,,,,,,,,,,,,,,,,,,,,,,,,,,,,,,
NOT_ATTAINED,fold_6,descriptive,May-2026 Exposure Draft / proposed guidance; not adopted IAAO guidance.,IAAO Standard on Ratio Studies (2013) remains the adopted/current guidance.,e950e00d0c3684dd067734d401e5278dcf659f471fcfb0d6db65c7584f7c56b8,matched_beta_ext,,Direct,PRIMARY,,-0.03,-0.03,,,False,NOT_ATTAINED,-0.0786514918143895,,NOT_ATTAINED within the frozen design,,,,,,,,,,,,,,,,,,,,,,,,,,,,,,,,,,,,,,,
NOT_ATTAINED,fold_6,descriptive,May-2026 Exposure Draft / proposed guidance; not adopted IAAO guidance.,IAAO Standard on Ratio Studies (2013) remains the adopted/current guidance.,e950e00d0c3684dd067734d401e5278dcf659f471fcfb0d6db65c7584f7c56b8,matched_beta_ext,,Surrogate,PRIMARY,,0.0,0.0,,,False,NOT_ATTAINED,-0.0186094650282942,,NOT_ATTAINED within the frozen design,,,,,,,,,,,,,,,,,,,,,,,,,,,,,,,,,,,,,,,
NOT_ATTAINED,fold_6,descriptive,May-2026 Exposure Draft / proposed guidance; not adopted IAAO guidance.,IAAO Standard on Ratio Studies (2013) remains the adopted/current guidance.,e950e00d0c3684dd067734d401e5278dcf659f471fcfb0d6db65c7584f7c56b8,matched_beta_ext,,Direct,PRIMARY,,0.0,0.0,,,False,NOT_ATTAINED,-0.0786514918143895,,NOT_ATTAINED within the frozen design,,,,,,,,,,,,,,,,,,,,,,,,,,,,,,,,,,,,,,,
NOT_ATTAINED,fold_7,descriptive,May-2026 Exposure Draft / proposed guidance; not adopted IAAO guidance.,IAAO Standard on Ratio Studies (2013) remains the adopted/current guidance.,e950e00d0c3684dd067734d401e5278dcf659f471fcfb0d6db65c7584f7c56b8,matched_beta_ext,,Direct,PRIMARY,,-0.06,-0.06,,,False,NOT_ATTAINED,-0.0786514918143895,,NOT_ATTAINED within the frozen design,,,,,,,,,,,,,,,,,,,,,,,,,,,,,,,,,,,,,,,
NOT_ATTAINED,fold_7,descriptive,May-2026 Exposure Draft / proposed guidance; not adopted IAAO guidance.,IAAO Standard on Ratio Studies (2013) remains the adopted/current guidance.,e950e00d0c3684dd067734d401e5278dcf659f471fcfb0d6db65c7584f7c56b8,matched_beta_ext,,Direct,PRIMARY,,-0.03,-0.03,,,False,NOT_ATTAINED,-0.0786514918143895,,NOT_ATTAINED within the frozen design,,,,,,,,,,,,,,,,,,,,,,,,,,,,,,,,,,,,,,,
NOT_ATTAINED,fold_7,descriptive,May-2026 Exposure Draft / proposed guidance; not adopted IAAO guidance.,IAAO Standard on Ratio Studies (2013) remains the adopted/current guidance.,e950e00d0c3684dd067734d401e5278dcf659f471fcfb0d6db65c7584f7c56b8,matched_beta_ext,,Surrogate,PRIMARY,,0.0,0.0,,,False,NOT_ATTAINED,-0.0186094650282942,,NOT_ATTAINED within the frozen design,,,,,,,,,,,,,,,,,,,,,,,,,,,,,,,,,,,,,,,
NOT_ATTAINED,fold_7,descriptive,May-2026 Exposure Draft / proposed guidance; not adopted IAAO guidance.,IAAO Standard on Ratio Studies (2013) remains the adopted/current guidance.,e950e00d0c3684dd067734d401e5278dcf659f471fcfb0d6db65c7584f7c56b8,matched_beta_ext,,Direct,PRIMARY,,0.0,0.0,,,False,NOT_ATTAINED,-0.0786514918143895,,NOT_ATTAINED within the frozen design,,,,,,,,,,,,,,,,,,,,,,,,,,,,,,,,,,,,,,,
NOT_ATTAINED,pooled_oof,not_applicable,May-2026 Exposure Draft / proposed guidance; not adopted IAAO guidance.,IAAO Standard on Ratio Studies (2013) remains the adopted/current guidance.,e950e00d0c3684dd067734d401e5278dcf659f471fcfb0d6db65c7584f7c56b8,matched_beta_ext,,Direct,PRIMARY,,-0.06,-0.06,,,False,NOT_ATTAINED,-0.0786514918143895,,NOT_ATTAINED within the frozen design,,,,,,,,,,,,,,,,,,,,,,,,,,,,,,,,,,,,,,,
NOT_ATTAINED,pooled_oof,not_applicable,May-2026 Exposure Draft / proposed guidance; not adopted IAAO guidance.,IAAO Standard on Ratio Studies (2013) remains the adopted/current guidance.,e950e00d0c3684dd067734d401e5278dcf659f471fcfb0d6db65c7584f7c56b8,matched_beta_ext,,Direct,PRIMARY,,-0.03,-0.03,,,False,NOT_ATTAINED,-0.0786514918143895,,NOT_ATTAINED within the frozen design,,,,,,,,,,,,,,,,,,,,,,,,,,,,,,,,,,,,,,,
NOT_ATTAINED,pooled_oof,not_applicable,May-2026 Exposure Draft / proposed guidance; not adopted IAAO guidance.,IAAO Standard on Ratio Studies (2013) remains the adopted/current guidance.,e950e00d0c3684dd067734d401e5278dcf659f471fcfb0d6db65c7584f7c56b8,matched_beta_ext,,Surrogate,PRIMARY,,0.0,0.0,,,False,NOT_ATTAINED,-0.0186094650282942,,NOT_ATTAINED within the frozen design,,,,,,,,,,,,,,,,,,,,,,,,,,,,,,,,,,,,,,,
NOT_ATTAINED,pooled_oof,not_applicable,May-2026 Exposure Draft / proposed guidance; not adopted IAAO guidance.,IAAO Standard on Ratio Studies (2013) remains the adopted/current guidance.,e950e00d0c3684dd067734d401e5278dcf659f471fcfb0d6db65c7584f7c56b8,matched_beta_ext,,Direct,PRIMARY,,0.0,0.0,,,False,NOT_ATTAINED,-0.0786514918143895,,NOT_ATTAINED within the frozen design,,,,,,,,,,,,,,,,,,,,,,,,,,,,,,,,,,,,,,,
NOT_ATTAINED,heldout,standards_facing,May-2026 Exposure Draft / proposed guidance; not adopted IAAO guidance.,IAAO Standard on Ratio Studies (2013) remains the adopted/current guidance.,e950e00d0c3684dd067734d401e5278dcf659f471fcfb0d6db65c7584f7c56b8,matched_beta_ext,,Direct,PRIMARY,,-0.06,-0.06,,,False,NOT_ATTAINED,-0.0786514918143895,,NOT_ATTAINED within the frozen design,,,,,,,,,,,,,,,,,,,,,,,,,,,,,,,,,,,,,,,
NOT_ATTAINED,heldout,standards_facing,May-2026 Exposure Draft / proposed guidance; not adopted IAAO guidance.,IAAO Standard on Ratio Studies (2013) remains the adopted/current guidance.,e950e00d0c3684dd067734d401e5278dcf659f471fcfb0d6db65c7584f7c56b8,matched_beta_ext,,Direct,PRIMARY,,-0.03,-0.03,,,False,NOT_ATTAINED,-0.0786514918143895,,NOT_ATTAINED within the frozen design,,,,,,,,,,,,,,,,,,,,,,,,,,,,,,,,,,,,,,,
NOT_ATTAINED,heldout,standards_facing,May-2026 Exposure Draft / proposed guidance; not adopted IAAO guidance.,IAAO Standard on Ratio Studies (2013) remains the adopted/current guidance.,e950e00d0c3684dd067734d401e5278dcf659f471fcfb0d6db65c7584f7c56b8,matched_beta_ext,,Surrogate,PRIMARY,,0.0,0.0,,,False,NOT_ATTAINED,-0.0186094650282942,,NOT_ATTAINED within the frozen design,,,,,,,,,,,,,,,,,,,,,,,,,,,,,,,,,,,,,,,
NOT_ATTAINED,heldout,standards_facing,May-2026 Exposure Draft / proposed guidance; not adopted IAAO guidance.,IAAO Standard on Ratio Studies (2013) remains the adopted/current guidance.,e950e00d0c3684dd067734d401e5278dcf659f471fcfb0d6db65c7584f7c56b8,matched_beta_ext,,Direct,PRIMARY,,0.0,0.0,,,False,NOT_ATTAINED,-0.0786514918143895,,NOT_ATTAINED within the frozen design,,,,,,,,,,,,,,,,,,,,,,,,,,,,,,,,,,,,,,,
NOT_ATTAINED,forward_2025,standards_facing,May-2026 Exposure Draft / proposed guidance; not adopted IAAO guidance.,IAAO Standard on Ratio Studies (2013) remains the adopted/current guidance.,e950e00d0c3684dd067734d401e5278dcf659f471fcfb0d6db65c7584f7c56b8,matched_beta_ext,,Direct,PRIMARY,,-0.06,-0.06,,,False,NOT_ATTAINED,-0.0786514918143895,,NOT_ATTAINED within the frozen design,,,,,,,,,,,,,,,,,,,,,,,,,,,,,,,,,,,,,,,
NOT_ATTAINED,forward_2025,standards_facing,May-2026 Exposure Draft / proposed guidance; not adopted IAAO guidance.,IAAO Standard on Ratio Studies (2013) remains the adopted/current guidance.,e950e00d0c3684dd067734d401e5278dcf659f471fcfb0d6db65c7584f7c56b8,matched_beta_ext,,Direct,PRIMARY,,-0.03,-0.03,,,False,NOT_ATTAINED,-0.0786514918143895,,NOT_ATTAINED within the frozen design,,,,,,,,,,,,,,,,,,,,,,,,,,,,,,,,,,,,,,,
NOT_ATTAINED,forward_2025,standards_facing,May-2026 Exposure Draft / proposed guidance; not adopted IAAO guidance.,IAAO Standard on Ratio Studies (2013) remains the adopted/current guidance.,e950e00d0c3684dd067734d401e5278dcf659f471fcfb0d6db65c7584f7c56b8,matched_beta_ext,,Surrogate,PRIMARY,,0.0,0.0,,,False,NOT_ATTAINED,-0.0186094650282942,,NOT_ATTAINED within the frozen design,,,,,,,,,,,,,,,,,,,,,,,,,,,,,,,,,,,,,,,
NOT_ATTAINED,forward_2025,standards_facing,May-2026 Exposure Draft / proposed guidance; not adopted IAAO guidance.,IAAO Standard on Ratio Studies (2013) remains the adopted/current guidance.,e950e00d0c3684dd067734d401e5278dcf659f471fcfb0d6db65c7584f7c56b8,matched_beta_ext,,Direct,PRIMARY,,0.0,0.0,,,False,NOT_ATTAINED,-0.0786514918143895,,NOT_ATTAINED within the frozen design,,,,,,,,,,,,,,,,,,,,,,,,,,,,,,,,,,,,,,,
posthoc:C:b=1.090830469094053,fold_1,descriptive,May-2026 Exposure Draft / proposed guidance; not adopted IAAO guidance.,IAAO Standard on Ratio Studies (2013) remains the adopted/current guidance.,e950e00d0c3684dd067734d401e5278dcf659f471fcfb0d6db65c7584f7c56b8,matched_beta_ext,,C-posthoc,PRIMARY,,-0.06,-0.06,,1.090830469094053,True,exact_posthoc_solve,,,output/p0_major_revision_validation/zero_reference_fits/cell=C/block=fold_1_train/eval_predictions.parquet,5209.0,10.0,0.9800913138519266,1.4584186165596953,521.0,520.0,1.077485414099952,1.091779248280453,1.0442463807625386,1.1332414699453153,1.0731502257010346,1.1100061735510802,19.0,20.0,242|280,241|280,odd,even,False,ED2 App. D.2 rank-based order statistic,0.9,10.0,step5_within_pm10_stop,fail to reject the null hypothesis that the degree of vertical inequity is acceptable,not_run,not applicable - Step 5 did not escalate,,not_run,not applicable - Step 6 did not escalate,fail to reject the null hypothesis that the degree of vertical inequity is acceptable,False,1.4584186165596953,0.0,,,,,,
posthoc:C:b=1.090830469094053,fold_2,descriptive,May-2026 Exposure Draft / proposed guidance; not adopted IAAO guidance.,IAAO Standard on Ratio Studies (2013) remains the adopted/current guidance.,e950e00d0c3684dd067734d401e5278dcf659f471fcfb0d6db65c7584f7c56b8,matched_beta_ext,,C-posthoc,PRIMARY,,-0.06,-0.06,,1.090830469094053,True,exact_posthoc_solve,,,output/p0_major_revision_validation/zero_reference_fits/cell=C/block=fold_2_train/eval_predictions.parquet,11197.0,10.0,1.0083242979071103,-1.2599873970952271,1120.0,1119.0,1.1097728629204373,1.0970681038449588,1.081277755796815,1.1424076686278206,1.0854263094410082,1.1081860305739704,29.0,28.0,532|589,532|588,even,odd,False,ED2 App. D.2 rank-based order statistic,0.9,10.0,step5_within_pm10_stop,fail to reject the null hypothesis that the degree of vertical inequity is acceptable,not_run,not applicable - Step 5 did not escalate,,not_run,not applicable - Step 6 did not escalate,fail to reject the null hypothesis that the degree of vertical inequity is acceptable,False,-1.2599873970952271,0.0,,,,,,
posthoc:C:b=1.090830469094053,fold_3,descriptive,May-2026 Exposure Draft / proposed guidance; not adopted IAAO guidance.,IAAO Standard on Ratio Studies (2013) remains the adopted/current guidance.,e950e00d0c3684dd067734d401e5278dcf659f471fcfb0d6db65c7584f7c56b8,matched_beta_ext,,C-posthoc,PRIMARY,,-0.06,-0.06,,1.090830469094053,True,exact_posthoc_solve,,,output/p0_major_revision_validation/zero_reference_fits/cell=C/block=fold_3_train/eval_predictions.parquet,16798.0,10.0,1.0016479093362194,1.5138158990106876,1680.0,1679.0,1.087949211370237,1.1031123166738768,1.0523810719071018,1.1139868720119832,1.093477729769471,1.1114018091558833,35.0,34.0,806|875,806|874,even,odd,False,ED2 App. D.2 rank-based order statistic,0.9,10.0,step5_within_pm10_stop,fail to reject the null hypothesis that the degree of vertical inequity is acceptable,not_run,not applicable - Step 5 did not escalate,,not_run,not applicable - Step 6 did not escalate,fail to reject the null hypothesis that the degree of vertical inequity is acceptable,False,1.5138158990106876,0.0,,,,,,
posthoc:C:b=1.090830469094053,fold_4,descriptive,May-2026 Exposure Draft / proposed guidance; not adopted IAAO guidance.,IAAO Standard on Ratio Studies (2013) remains the adopted/current guidance.,e950e00d0c3684dd067734d401e5278dcf659f471fcfb0d6db65c7584f7c56b8,matched_beta_ext,,C-posthoc,PRIMARY,,-0.06,-0.06,,1.090830469094053,True,exact_posthoc_solve,,,output/p0_major_revision_validation/zero_reference_fits/cell=C/block=fold_4_train/eval_predictions.parquet,22323.0,10.0,0.9731496754673676,7.47638869982175,2233.0,2232.0,1.0011133583393201,1.0738698107083144,0.981344874435951,1.023337786777622,1.0681007269064582,1.0808319710888343,39.0,40.0,1078|1156,1077|1156,odd,even,False,ED2 App. D.2 rank-based order statistic,0.9,10.0,step5_within_pm10_stop,fail to reject the null hypothesis that the degree of vertical inequity is acceptable,not_run,not applicable - Step 5 did not escalate,,not_run,not applicable - Step 6 did not escalate,fail to reject the null hypothesis that the degree of vertical inequity is acceptable,False,7.47638869982175,0.0,,,,,,
posthoc:C:b=1.090830469094053,fold_5,descriptive,May-2026 Exposure Draft / proposed guidance; not adopted IAAO guidance.,IAAO Standard on Ratio Studies (2013) remains the adopted/current guidance.,e950e00d0c3684dd067734d401e5278dcf659f471fcfb0d6db65c7584f7c56b8,matched_beta_ext,,C-posthoc,PRIMARY,,-0.06,-0.06,,1.090830469094053,True,exact_posthoc_solve,,,output/p0_major_revision_validation/zero_reference_fits/cell=C/block=fold_5_train/eval_predictions.parquet,28053.0,10.0,1.00108308169575,1.1169282224986663,2806.0,2805.0,1.07753379258995,1.0887151720600692,1.0572340959040694,1.0954091120566518,1.0820744954741228,1.0977642831036936,45.0,44.0,1359|1448,1359|1447,even,odd,False,ED2 App. D.2 rank-based order statistic,0.9,10.0,step5_within_pm10_stop,fail to reject the null hypothesis that the degree of vertical inequity is acceptable,not_run,not applicable - Step 5 did not escalate,,not_run,not applicable - Step 6 did not escalate,fail to reject the null hypothesis that the degree of vertical inequity is acceptable,False,1.1169282224986663,0.0,,,,,,
posthoc:C:b=1.090830469094053,fold_6,descriptive,May-2026 Exposure Draft / proposed guidance; not adopted IAAO guidance.,IAAO Standard on Ratio Studies (2013) remains the adopted/current guidance.,e950e00d0c3684dd067734d401e5278dcf659f471fcfb0d6db65c7584f7c56b8,matched_beta_ext,,C-posthoc,PRIMARY,,-0.06,-0.06,,1.090830469094053,True,exact_posthoc_solve,,,output/p0_major_revision_validation/zero_reference_fits/cell=C/block=fold_6_train/eval_predictions.parquet,33113.0,10.0,1.0129703407240727,-9.930695496829182,3312.0,3311.0,1.1837497898257063,1.0831547898152056,1.1593072894318295,1.1997360417226242,1.0771863821281833,1.0891999116670352,48.0,48.0,1609|1704,1608|1704,even,odd,False,ED2 App. D.2 rank-based order statistic,0.9,10.0,step5_within_pm10_stop,fail to reject the null hypothesis that the degree of vertical inequity is acceptable,not_run,not applicable - Step 5 did not escalate,,not_run,not applicable - Step 6 did not escalate,fail to reject the null hypothesis that the degree of vertical inequity is acceptable,False,-9.930695496829182,0.0,,,,,,
posthoc:C:b=1.090830469094053,fold_7,descriptive,May-2026 Exposure Draft / proposed guidance; not adopted IAAO guidance.,IAAO Standard on Ratio Studies (2013) remains the adopted/current guidance.,e950e00d0c3684dd067734d401e5278dcf659f471fcfb0d6db65c7584f7c56b8,matched_beta_ext,,C-posthoc,PRIMARY,,-0.06,-0.06,,1.090830469094053,True,exact_posthoc_solve,,,output/p0_major_revision_validation/zero_reference_fits/cell=C/block=fold_7_train/eval_predictions.parquet,34460.0,10.0,0.9825839366922091,-11.556470314955407,3446.0,3446.0,1.1768447647488882,1.0632927437855328,1.152930790136819,1.1968456934836125,1.0578165393565946,1.069175420157653,49.0,49.0,1675|1772,1675|1772,even,even,False,ED2 App. D.2 rank-based order statistic,0.9,10.0,step5_outside_pm10_escalate,a statistical test must be conducted; proceed to Step 6,ci_no_overlap_escalate,proceed to Step 7,8.523991371273766,fail_to_reject_null,fail to reject the null hypothesis that the level of vertical inequity present is within acceptable limits,fail to reject the null hypothesis that the level of vertical inequity present is within acceptable limits,False,-11.556470314955407,0.0,,,,,,
posthoc:C:b=1.090830469094053,pooled_oof,not_applicable,May-2026 Exposure Draft / proposed guidance; not adopted IAAO guidance.,IAAO Standard on Ratio Studies (2013) remains the adopted/current guidance.,e950e00d0c3684dd067734d401e5278dcf659f471fcfb0d6db65c7584f7c56b8,matched_beta_ext,,C-posthoc,PRIMARY,,-0.06,-0.06,,1.090830469094053,True,exact_posthoc_solve,,,"ED2 App. D.2 is a rank-based order-statistic CI on distinct observations and has no row-balanced analogue; the pooled-OOF sample contains 20,988 unique rows twice, so the ED2 procedure is not applied there. No weighted variant was invented.",,,,,,,,,,,,,,,,,,,,,,,,,,,,,,,,,,,,,,,
posthoc:C:b=1.090830469094053,heldout,standards_facing,May-2026 Exposure Draft / proposed guidance; not adopted IAAO guidance.,IAAO Standard on Ratio Studies (2013) remains the adopted/current guidance.,e950e00d0c3684dd067734d401e5278dcf659f471fcfb0d6db65c7584f7c56b8,matched_beta_ext,,C-posthoc,PRIMARY,,-0.06,-0.06,,1.090830469094053,True,exact_posthoc_solve,,,output/p0_major_revision_validation/zero_reference_fits/cell=C/block=development_pool/eval_predictions.parquet,38290.0,10.0,0.9617750757765854,-2.937752311557076,3829.0,3829.0,1.0633965422053775,1.035141972684771,1.0438613196706186,1.0842174906344322,1.0296045554437065,1.0413372264461482,51.0,51.0,1864|1966,1864|1966,odd,odd,False,ED2 App. D.2 rank-based order statistic,0.9,10.0,step5_within_pm10_stop,fail to reject the null hypothesis that the degree of vertical inequity is acceptable,not_run,not applicable - Step 5 did not escalate,,not_run,not applicable - Step 6 did not escalate,fail to reject the null hypothesis that the degree of vertical inequity is acceptable,False,-2.937752311557076,0.0,,,,,,
posthoc:C:b=1.090830469094053,forward_2025,standards_facing,May-2026 Exposure Draft / proposed guidance; not adopted IAAO guidance.,IAAO Standard on Ratio Studies (2013) remains the adopted/current guidance.,e950e00d0c3684dd067734d401e5278dcf659f471fcfb0d6db65c7584f7c56b8,matched_beta_ext,,C-posthoc,PRIMARY,,-0.06,-0.06,,1.090830469094053,True,exact_posthoc_solve,,,output/p0_major_revision_validation/zero_reference_fits/cell=C/block=production_2016_2024/eval_predictions.parquet,26641.0,10.0,0.986520533125695,-5.178285873079069,2665.0,2664.0,1.1049797592324917,1.0538949058306195,1.0897409015887323,1.1227840197741146,1.0450552597440892,1.0613403713444225,43.0,43.0,1290|1376,1290|1375,odd,even,False,ED2 App. D.2 rank-based order statistic,0.9,10.0,step5_within_pm10_stop,fail to reject the null hypothesis that the degree of vertical inequity is acceptable,not_run,not applicable - Step 5 did not escalate,,not_run,not applicable - Step 6 did not escalate,fail to reject the null hypothesis that the degree of vertical inequity is acceptable,False,-5.178285873079069,0.0,,,,,,
posthoc:A:b=1.0907453222671446,fold_1,descriptive,May-2026 Exposure Draft / proposed guidance; not adopted IAAO guidance.,IAAO Standard on Ratio Studies (2013) remains the adopted/current guidance.,e950e00d0c3684dd067734d401e5278dcf659f471fcfb0d6db65c7584f7c56b8,matched_beta_ext,,A-posthoc,SECONDARY,,-0.06,-0.06,,1.0907453222671446,True,exact_posthoc_solve,,,output/p0_major_revision_validation/zero_reference_fits/cell=A/block=fold_1_train/eval_predictions.parquet,5209.0,10.0,0.978928778262388,-2.0565288383125915,521.0,520.0,1.1071444759750628,1.0870125233435557,1.0612331181049766,1.1361363410804897,1.0788080626900394,1.1093586201435044,19.0,20.0,242|280,241|280,odd,even,False,ED2 App. D.2 rank-based order statistic,0.9,10.0,step5_within_pm10_stop,fail to reject the null hypothesis that the degree of vertical inequity is acceptable,not_run,not applicable - Step 5 did not escalate,,not_run,not applicable - Step 6 did not escalate,fail to reject the null hypothesis that the degree of vertical inequity is acceptable,False,-2.0565288383125915,0.0,,,,,,
posthoc:A:b=1.0907453222671446,fold_2,descriptive,May-2026 Exposure Draft / proposed guidance; not adopted IAAO guidance.,IAAO Standard on Ratio Studies (2013) remains the adopted/current guidance.,e950e00d0c3684dd067734d401e5278dcf659f471fcfb0d6db65c7584f7c56b8,matched_beta_ext,,A-posthoc,SECONDARY,,-0.06,-0.06,,1.0907453222671446,True,exact_posthoc_solve,,,output/p0_major_revision_validation/zero_reference_fits/cell=A/block=fold_2_train/eval_predictions.parquet,11197.0,10.0,1.0086681975267104,-2.262497043487612,1120.0,1119.0,1.1242584219403038,1.1014373337926622,1.0871083737521012,1.1509773959481926,1.0920532846958582,1.1148287621148447,29.0,28.0,532|589,532|588,even,odd,False,ED2 App. D.2 rank-based order statistic,0.9,10.0,step5_within_pm10_stop,fail to reject the null hypothesis that the degree of vertical inequity is acceptable,not_run,not applicable - Step 5 did not escalate,,not_run,not applicable - Step 6 did not escalate,fail to reject the null hypothesis that the degree of vertical inequity is acceptable,False,-2.262497043487612,0.0,,,,,,
posthoc:A:b=1.0907453222671446,fold_3,descriptive,May-2026 Exposure Draft / proposed guidance; not adopted IAAO guidance.,IAAO Standard on Ratio Studies (2013) remains the adopted/current guidance.,e950e00d0c3684dd067734d401e5278dcf659f471fcfb0d6db65c7584f7c56b8,matched_beta_ext,,A-posthoc,SECONDARY,,-0.06,-0.06,,1.0907453222671446,True,exact_posthoc_solve,,,output/p0_major_revision_validation/zero_reference_fits/cell=A/block=fold_3_train/eval_predictions.parquet,16798.0,10.0,1.0018199472291536,1.5252821341221718,1680.0,1679.0,1.0842090390241692,1.0994896196953277,1.056562936336945,1.1093885620968216,1.08903401603995,1.1094534221274286,35.0,34.0,806|875,806|874,even,odd,False,ED2 App. D.2 rank-based order statistic,0.9,10.0,step5_within_pm10_stop,fail to reject the null hypothesis that the degree of vertical inequity is acceptable,not_run,not applicable - Step 5 did not escalate,,not_run,not applicable - Step 6 did not escalate,fail to reject the null hypothesis that the degree of vertical inequity is acceptable,False,1.5252821341221718,0.0,,,,,,
posthoc:A:b=1.0907453222671446,fold_4,descriptive,May-2026 Exposure Draft / proposed guidance; not adopted IAAO guidance.,IAAO Standard on Ratio Studies (2013) remains the adopted/current guidance.,e950e00d0c3684dd067734d401e5278dcf659f471fcfb0d6db65c7584f7c56b8,matched_beta_ext,,A-posthoc,SECONDARY,,-0.06,-0.06,,1.0907453222671446,True,exact_posthoc_solve,,,output/p0_major_revision_validation/zero_reference_fits/cell=A/block=fold_4_train/eval_predictions.parquet,22323.0,10.0,0.9763109269376412,7.589207749114474,2233.0,2232.0,1.0029609379872964,1.0770552025098992,0.9771673492575945,1.029934705368733,1.0685568388345736,1.0846243466486656,39.0,40.0,1078|1156,1077|1156,odd,even,False,ED2 App. D.2 rank-based order statistic,0.9,10.0,step5_within_pm10_stop,fail to reject the null hypothesis that the degree of vertical inequity is acceptable,not_run,not applicable - Step 5 did not escalate,,not_run,not applicable - Step 6 did not escalate,fail to reject the null hypothesis that the degree of vertical inequity is acceptable,False,7.589207749114474,0.0,,,,,,
posthoc:A:b=1.0907453222671446,fold_5,descriptive,May-2026 Exposure Draft / proposed guidance; not adopted IAAO guidance.,IAAO Standard on Ratio Studies (2013) remains the adopted/current guidance.,e950e00d0c3684dd067734d401e5278dcf659f471fcfb0d6db65c7584f7c56b8,matched_beta_ext,,A-posthoc,SECONDARY,,-0.06,-0.06,,1.0907453222671446,True,exact_posthoc_solve,,,output/p0_major_revision_validation/zero_reference_fits/cell=A/block=fold_5_train/eval_predictions.parquet,28053.0,10.0,1.0006493070589249,-0.5417957128993873,2806.0,2805.0,1.0873913708719125,1.0819698958251098,1.066621800369098,1.1051609303501448,1.0766191574079649,1.0905354743813844,45.0,44.0,1359|1448,1359|1447,even,odd,False,ED2 App. D.2 rank-based order statistic,0.9,10.0,step5_within_pm10_stop,fail to reject the null hypothesis that the degree of vertical inequity is acceptable,not_run,not applicable - Step 5 did not escalate,,not_run,not applicable - Step 6 did not escalate,fail to reject the null hypothesis that the degree of vertical inequity is acceptable,False,-0.5417957128993873,0.0,,,,,,
posthoc:A:b=1.0907453222671446,fold_6,descriptive,May-2026 Exposure Draft / proposed guidance; not adopted IAAO guidance.,IAAO Standard on Ratio Studies (2013) remains the adopted/current guidance.,e950e00d0c3684dd067734d401e5278dcf659f471fcfb0d6db65c7584f7c56b8,matched_beta_ext,,A-posthoc,SECONDARY,,-0.06,-0.06,,1.0907453222671446,True,exact_posthoc_solve,,,output/p0_major_revision_validation/zero_reference_fits/cell=A/block=fold_6_train/eval_predictions.parquet,33113.0,10.0,1.0087510669013042,-9.593323642138794,3312.0,3311.0,1.1742798156394625,1.0775070610480924,1.1508098400710962,1.1949741687190114,1.07077902053815,1.0861496254399703,48.0,48.0,1609|1704,1608|1704,even,odd,False,ED2 App. D.2 rank-based order statistic,0.9,10.0,step5_within_pm10_stop,fail to reject the null hypothesis that the degree of vertical inequity is acceptable,not_run,not applicable - Step 5 did not escalate,,not_run,not applicable - Step 6 did not escalate,fail to reject the null hypothesis that the degree of vertical inequity is acceptable,False,-9.593323642138794,0.0,,,,,,
posthoc:A:b=1.0907453222671446,fold_7,descriptive,May-2026 Exposure Draft / proposed guidance; not adopted IAAO guidance.,IAAO Standard on Ratio Studies (2013) remains the adopted/current guidance.,e950e00d0c3684dd067734d401e5278dcf659f471fcfb0d6db65c7584f7c56b8,matched_beta_ext,,A-posthoc,SECONDARY,,-0.06,-0.06,,1.0907453222671446,True,exact_posthoc_solve,,,output/p0_major_revision_validation/zero_reference_fits/cell=A/block=fold_7_train/eval_predictions.parquet,34460.0,10.0,0.9846914296737261,-12.149081793267252,3446.0,3446.0,1.1818849013161312,1.0622539341137776,1.1616349764253262,1.2045899886421494,1.0567612551852126,1.0679534766584216,49.0,49.0,1675|1772,1675|1772,even,even,False,ED2 App. D.2 rank-based order statistic,0.9,10.0,step5_outside_pm10_escalate,a statistical test must be conducted; proceed to Step 6,ci_no_overlap_escalate,proceed to Step 7,9.513792538840889,fail_to_reject_null,fail to reject the null hypothesis that the level of vertical inequity present is within acceptable limits,fail to reject the null hypothesis that the level of vertical inequity present is within acceptable limits,False,-12.149081793267252,0.0,,,,,,
posthoc:A:b=1.0907453222671446,pooled_oof,not_applicable,May-2026 Exposure Draft / proposed guidance; not adopted IAAO guidance.,IAAO Standard on Ratio Studies (2013) remains the adopted/current guidance.,e950e00d0c3684dd067734d401e5278dcf659f471fcfb0d6db65c7584f7c56b8,matched_beta_ext,,A-posthoc,SECONDARY,,-0.06,-0.06,,1.0907453222671446,True,exact_posthoc_solve,,,"ED2 App. D.2 is a rank-based order-statistic CI on distinct observations and has no row-balanced analogue; the pooled-OOF sample contains 20,988 unique rows twice, so the ED2 procedure is not applied there. No weighted variant was invented.",,,,,,,,,,,,,,,,,,,,,,,,,,,,,,,,,,,,,,,
posthoc:A:b=1.0907453222671446,heldout,standards_facing,May-2026 Exposure Draft / proposed guidance; not adopted IAAO guidance.,IAAO Standard on Ratio Studies (2013) remains the adopted/current guidance.,e950e00d0c3684dd067734d401e5278dcf659f471fcfb0d6db65c7584f7c56b8,matched_beta_ext,,A-posthoc,SECONDARY,,-0.06,-0.06,,1.0907453222671446,True,exact_posthoc_solve,,,output/p0_major_revision_validation/zero_reference_fits/cell=A/block=development_pool/eval_predictions.parquet,38290.0,10.0,0.9624724727235343,-3.4192062438476656,3829.0,3829.0,1.0747111179544953,1.0418021990718171,1.0503716482425436,1.095594742692087,1.0348676445543996,1.0483759601444618,51.0,51.0,1864|1966,1864|1966,odd,odd,False,ED2 App. D.2 rank-based order statistic,0.9,10.0,step5_within_pm10_stop,fail to reject the null hypothesis that the degree of vertical inequity is acceptable,not_run,not applicable - Step 5 did not escalate,,not_run,not applicable - Step 6 did not escalate,fail to reject the null hypothesis that the degree of vertical inequity is acceptable,False,-3.4192062438476656,0.0,,,,,,
posthoc:A:b=1.0907453222671446,forward_2025,standards_facing,May-2026 Exposure Draft / proposed guidance; not adopted IAAO guidance.,IAAO Standard on Ratio Studies (2013) remains the adopted/current guidance.,e950e00d0c3684dd067734d401e5278dcf659f471fcfb0d6db65c7584f7c56b8,matched_beta_ext,,A-posthoc,SECONDARY,,-0.06,-0.06,,1.0907453222671446,True,exact_posthoc_solve,,,output/p0_major_revision_validation/zero_reference_fits/cell=A/block=production_2016_2024/eval_predictions.parquet,26641.0,10.0,0.9923584442445291,-5.479754592867108,2665.0,2664.0,1.1083128716702206,1.0539340642440265,1.0858141263033867,1.133054993966326,1.0471618348917162,1.0603836492095537,43.0,43.0,1290|1376,1290|1375,odd,even,False,ED2 App. D.2 rank-based order statistic,0.9,10.0,step5_within_pm10_stop,fail to reject the null hypothesis that the degree of vertical inequity is acceptable,not_run,not applicable - Step 5 did not escalate,,not_run,not applicable - Step 6 did not escalate,fail to reject the null hypothesis that the degree of vertical inequity is acceptable,False,-5.479754592867108,0.0,,,,,,
fit:LGBSmoothPenalty:6443da161c33cd6d,fold_1,descriptive,May-2026 Exposure Draft / proposed guidance; not adopted IAAO guidance.,IAAO Standard on Ratio Studies (2013) remains the adopted/current guidance.,e950e00d0c3684dd067734d401e5278dcf659f471fcfb0d6db65c7584f7c56b8,matched_beta_ext,,Surrogate,PRIMARY,,-0.03,-0.03,28.11768697974231,,True,nearest_fitted,-0.0186094650282942,6443da161c33cd6d,output/paper_v6_preselection_994/predictions/data_id=d4929d43ec19badf/split_id=3d464d4a611b131b/fold_id=0/026d018ec065206d.parquet,5209.0,10.0,0.9494652245554419,-13.486506743063483,521.0,520.0,1.0969701023956788,0.9689204108629663,1.071018086589179,1.1414957592496313,0.9539486796307842,0.985112157002575,19.0,20.0,242|280,241|280,odd,even,False,ED2 App. D.2 rank-based order statistic,0.9,10.0,step5_outside_pm10_escalate,a statistical test must be conducted; proceed to Step 6,ci_no_overlap_escalate,proceed to Step 7,9.047822644249742,fail_to_reject_null,fail to reject the null hypothesis that the level of vertical inequity present is within acceptable limits,fail to reject the null hypothesis that the level of vertical inequity present is within acceptable limits,False,-13.486506743063483,0.0,-13.486506743063485,-1.7763568394002505e-15,,,,
fit:LGBSmoothPenalty:6443da161c33cd6d,fold_2,descriptive,May-2026 Exposure Draft / proposed guidance; not adopted IAAO guidance.,IAAO Standard on Ratio Studies (2013) remains the adopted/current guidance.,e950e00d0c3684dd067734d401e5278dcf659f471fcfb0d6db65c7584f7c56b8,matched_beta_ext,,Surrogate,PRIMARY,,-0.03,-0.03,28.11768697974231,,True,nearest_fitted,-0.0186094650282942,6443da161c33cd6d,output/paper_v6_preselection_994/predictions/data_id=d4929d43ec19badf/split_id=3d464d4a611b131b/fold_id=1/4ad63f3c5577b223.parquet,11197.0,10.0,0.9790855105714791,-13.729045920187133,1120.0,1119.0,1.1038968538145646,0.9694777544703076,1.0703978002800967,1.135360394806713,0.9583539381103735,0.9781925864881881,29.0,28.0,532|589,532|588,even,odd,False,ED2 App. D.2 rank-based order statistic,0.9,10.0,step5_outside_pm10_escalate,a statistical test must be conducted; proceed to Step 6,ci_no_overlap_escalate,proceed to Step 7,9.417483232704532,fail_to_reject_null,fail to reject the null hypothesis that the level of vertical inequity present is within acceptable limits,fail to reject the null hypothesis that the level of vertical inequity present is within acceptable limits,False,-13.729045920187133,0.0,-13.729045920187133,0.0,,,,
fit:LGBSmoothPenalty:6443da161c33cd6d,fold_3,descriptive,May-2026 Exposure Draft / proposed guidance; not adopted IAAO guidance.,IAAO Standard on Ratio Studies (2013) remains the adopted/current guidance.,e950e00d0c3684dd067734d401e5278dcf659f471fcfb0d6db65c7584f7c56b8,matched_beta_ext,,Surrogate,PRIMARY,,-0.03,-0.03,28.11768697974231,,True,nearest_fitted,-0.0186094650282942,6443da161c33cd6d,output/paper_v6_preselection_994/predictions/data_id=d4929d43ec19badf/split_id=3d464d4a611b131b/fold_id=2/2e63e75e12775ad4.parquet,16798.0,10.0,0.9650974500892044,-1.9151500939258346,1680.0,1679.0,1.0015265273803517,0.9830434626584925,0.9834463394707403,1.0295668526519919,0.9751544172267113,0.991987582785435,35.0,34.0,806|875,806|874,even,odd,False,ED2 App. D.2 rank-based order statistic,0.9,10.0,step5_within_pm10_stop,fail to reject the null hypothesis that the degree of vertical inequity is acceptable,not_run,not applicable - Step 5 did not escalate,,not_run,not applicable - Step 6 did not escalate,fail to reject the null hypothesis that the degree of vertical inequity is acceptable,False,-1.9151500939258346,0.0,-1.9151500939258344,2.220446049250313e-16,,,,
fit:LGBSmoothPenalty:6443da161c33cd6d,fold_4,descriptive,May-2026 Exposure Draft / proposed guidance; not adopted IAAO guidance.,IAAO Standard on Ratio Studies (2013) remains the adopted/current guidance.,e950e00d0c3684dd067734d401e5278dcf659f471fcfb0d6db65c7584f7c56b8,matched_beta_ext,,Surrogate,PRIMARY,,-0.03,-0.03,28.11768697974231,,True,nearest_fitted,-0.0186094650282942,6443da161c33cd6d,output/paper_v6_preselection_994/predictions/data_id=d4929d43ec19badf/split_id=3d464d4a611b131b/fold_id=3/37a067ba49bf63f1.parquet,22323.0,10.0,0.9460659773304352,7.557064198255486,2233.0,2232.0,0.89005810264838,0.9615529159130942,0.8722661708380001,0.9128771223323345,0.9568472020627675,0.9679295236396723,39.0,40.0,1078|1156,1077|1156,odd,even,False,ED2 App. D.2 rank-based order statistic,0.9,10.0,step5_within_pm10_stop,fail to reject the null hypothesis that the degree of vertical inequity is acceptable,not_run,not applicable - Step 5 did not escalate,,not_run,not applicable - Step 6 did not escalate,fail to reject the null hypothesis that the degree of vertical inequity is acceptable,False,7.557064198255486,0.0,7.557064198255486,0.0,,,,
fit:LGBSmoothPenalty:6443da161c33cd6d,fold_5,descriptive,May-2026 Exposure Draft / proposed guidance; not adopted IAAO guidance.,IAAO Standard on Ratio Studies (2013) remains the adopted/current guidance.,e950e00d0c3684dd067734d401e5278dcf659f471fcfb0d6db65c7584f7c56b8,matched_beta_ext,,Surrogate,PRIMARY,,-0.03,-0.03,28.11768697974231,,True,nearest_fitted,-0.0186094650282942,6443da161c33cd6d,output/paper_v6_preselection_994/predictions/data_id=d4929d43ec19badf/split_id=3d464d4a611b131b/fold_id=4/9787974a071dd27f.parquet,28053.0,10.0,0.9664530280301457,2.2254758544836744,2806.0,2805.0,0.9514721128764783,0.9729802916602155,0.9314926611340704,0.9631983397958883,0.9682626508444528,0.9799452550207725,45.0,44.0,1359|1448,1359|1447,even,odd,False,ED2 App. D.2 rank-based order statistic,0.9,10.0,step5_within_pm10_stop,fail to reject the null hypothesis that the degree of vertical inequity is acceptable,not_run,not applicable - Step 5 did not escalate,,not_run,not applicable - Step 6 did not escalate,fail to reject the null hypothesis that the degree of vertical inequity is acceptable,False,2.2254758544836744,0.0,2.2254758544836744,0.0,,,,
fit:LGBSmoothPenalty:6443da161c33cd6d,fold_6,descriptive,May-2026 Exposure Draft / proposed guidance; not adopted IAAO guidance.,IAAO Standard on Ratio Studies (2013) remains the adopted/current guidance.,e950e00d0c3684dd067734d401e5278dcf659f471fcfb0d6db65c7584f7c56b8,matched_beta_ext,,Surrogate,PRIMARY,,-0.03,-0.03,28.11768697974231,,True,nearest_fitted,-0.0186094650282942,6443da161c33cd6d,output/paper_v6_preselection_994/predictions/data_id=d4929d43ec19badf/split_id=3d464d4a611b131b/fold_id=5/8dcad97a73a8f5e9.parquet,33113.0,10.0,0.9846595576860714,-5.9605197642305185,3312.0,3311.0,1.0464218895015533,0.9877310619552903,1.0263565538320818,1.058644297987626,0.9828115217910252,0.9941039549718081,48.0,48.0,1609|1704,1608|1704,even,odd,False,ED2 App. D.2 rank-based order statistic,0.9,10.0,step5_within_pm10_stop,fail to reject the null hypothesis that the degree of vertical inequity is acceptable,not_run,not applicable - Step 5 did not escalate,,not_run,not applicable - Step 6 did not escalate,fail to reject the null hypothesis that the degree of vertical inequity is acceptable,False,-5.9605197642305185,0.0,-5.960519764230519,-8.881784197001252e-16,,,,
fit:LGBSmoothPenalty:6443da161c33cd6d,fold_7,descriptive,May-2026 Exposure Draft / proposed guidance; not adopted IAAO guidance.,IAAO Standard on Ratio Studies (2013) remains the adopted/current guidance.,e950e00d0c3684dd067734d401e5278dcf659f471fcfb0d6db65c7584f7c56b8,matched_beta_ext,,Surrogate,PRIMARY,,-0.03,-0.03,28.11768697974231,,True,nearest_fitted,-0.0186094650282942,6443da161c33cd6d,output/paper_v6_preselection_994/predictions/data_id=d4929d43ec19badf/split_id=3d464d4a611b131b/fold_id=6/2048249e69ed61c8.parquet,34460.0,10.0,0.9577823776209743,-8.216845044261769,3446.0,3446.0,1.034798273894331,0.9560987800639695,1.0149810779578907,1.0543923034825227,0.95088837398948,0.9600189521794729,49.0,49.0,1675|1772,1675|1772,even,even,False,ED2 App. D.2 rank-based order statistic,0.9,10.0,step5_within_pm10_stop,fail to reject the null hypothesis that the degree of vertical inequity is acceptable,not_run,not applicable - Step 5 did not escalate,,not_run,not applicable - Step 6 did not escalate,fail to reject the null hypothesis that the degree of vertical inequity is acceptable,False,-8.216845044261769,0.0,-8.216845044261769,0.0,,,,
fit:LGBSmoothPenalty:6443da161c33cd6d,pooled_oof,not_applicable,May-2026 Exposure Draft / proposed guidance; not adopted IAAO guidance.,IAAO Standard on Ratio Studies (2013) remains the adopted/current guidance.,e950e00d0c3684dd067734d401e5278dcf659f471fcfb0d6db65c7584f7c56b8,matched_beta_ext,,Surrogate,PRIMARY,,-0.03,-0.03,28.11768697974231,,True,nearest_fitted,-0.0186094650282942,6443da161c33cd6d,"ED2 App. D.2 is a rank-based order-statistic CI on distinct observations and has no row-balanced analogue; the pooled-OOF sample contains 20,988 unique rows twice, so the ED2 procedure is not applied there. No weighted variant was invented.",,,,,,,,,,,,,,,,,,,,,,,,,,,,,,,,,,,,,,,
fit:LGBSmoothPenalty:6443da161c33cd6d,heldout,standards_facing,May-2026 Exposure Draft / proposed guidance; not adopted IAAO guidance.,IAAO Standard on Ratio Studies (2013) remains the adopted/current guidance.,e950e00d0c3684dd067734d401e5278dcf659f471fcfb0d6db65c7584f7c56b8,matched_beta_ext,,Surrogate,PRIMARY,,-0.03,-0.03,28.11768697974231,,True,nearest_fitted,-0.0186094650282942,6443da161c33cd6d,output/paper_v6_preselection_994/reporting_preview/heldout/LGBSmoothPenalty/chunk_06/analysis/data_id=d4929d43ec19badf/split_id=3d464d4a611b131b/test_run_predictions/6443da161c33cd6d.parquet,38290.0,10.0,0.9282300560254256,3.1794801991264436,3829.0,3829.0,0.9023263291405794,0.9318392199742481,0.8874180642407202,0.9152894551135985,0.9261445568621994,0.9367164606996797,51.0,51.0,1864|1966,1864|1966,odd,odd,False,ED2 App. D.2 rank-based order statistic,0.9,10.0,step5_within_pm10_stop,fail to reject the null hypothesis that the degree of vertical inequity is acceptable,not_run,not applicable - Step 5 did not escalate,,not_run,not applicable - Step 6 did not escalate,fail to reject the null hypothesis that the degree of vertical inequity is acceptable,False,3.1794801991264436,0.0,3.179480199126444,4.440892098500626e-16,,,,
fit:LGBSmoothPenalty:6443da161c33cd6d,forward_2025,standards_facing,May-2026 Exposure Draft / proposed guidance; not adopted IAAO guidance.,IAAO Standard on Ratio Studies (2013) remains the adopted/current guidance.,e950e00d0c3684dd067734d401e5278dcf659f471fcfb0d6db65c7584f7c56b8,matched_beta_ext,,Surrogate,PRIMARY,,-0.03,-0.03,28.11768697974231,,True,nearest_fitted,-0.0186094650282942,6443da161c33cd6d,output/paper_v6_preselection_994/reporting_preview/forward_2025/LGBSmoothPenalty/chunk_06/analysis/data_id=d4929d43ec19badf/split_id=3d464d4a611b131b/assess_run_predictions/6443da161c33cd6d.parquet,26641.0,10.0,0.9509843799265446,-0.356684801048217,2665.0,2664.0,0.9326262071387923,0.9292341903952517,0.9151701212613136,0.9498530869114249,0.9233615260195612,0.9346156569194202,43.0,43.0,1290|1376,1290|1375,odd,even,False,ED2 App. D.2 rank-based order statistic,0.9,10.0,step5_within_pm10_stop,fail to reject the null hypothesis that the degree of vertical inequity is acceptable,not_run,not applicable - Step 5 did not escalate,,not_run,not applicable - Step 6 did not escalate,fail to reject the null hypothesis that the degree of vertical inequity is acceptable,False,-0.356684801048217,0.0,-0.356684801048217,0.0,,,,
posthoc:C:b=1.125644207469395,fold_1,descriptive,May-2026 Exposure Draft / proposed guidance; not adopted IAAO guidance.,IAAO Standard on Ratio Studies (2013) remains the adopted/current guidance.,e950e00d0c3684dd067734d401e5278dcf659f471fcfb0d6db65c7584f7c56b8,matched_beta_ext,,C-posthoc,PRIMARY,,-0.03,-0.03,,1.125644207469395,True,exact_posthoc_solve,,,output/p0_major_revision_validation/zero_reference_fits/cell=C/block=fold_1_train/eval_predictions.parquet,5209.0,10.0,0.9874719733622084,13.276072718903997,521.0,520.0,1.0235557180461536,1.1546532153085167,0.9895168368139973,1.0771549153604405,1.1325278493852213,1.1700760879078962,19.0,20.0,242|280,241|280,odd,even,False,ED2 App. D.2 rank-based order statistic,0.9,10.0,step5_outside_pm10_escalate,a statistical test must be conducted; proceed to Step 6,ci_no_overlap_escalate,proceed to Step 7,5.607544874032575,fail_to_reject_null,fail to reject the null hypothesis that the level of vertical inequity present is within acceptable limits,fail to reject the null hypothesis that the level of vertical inequity present is within acceptable limits,False,13.276072718903997,0.0,,,,,,
posthoc:C:b=1.125644207469395,fold_2,descriptive,May-2026 Exposure Draft / proposed guidance; not adopted IAAO guidance.,IAAO Standard on Ratio Studies (2013) remains the adopted/current guidance.,e950e00d0c3684dd067734d401e5278dcf659f471fcfb0d6db65c7584f7c56b8,matched_beta_ext,,C-posthoc,PRIMARY,,-0.03,-0.03,,1.125644207469395,True,exact_posthoc_solve,,,output/p0_major_revision_validation/zero_reference_fits/cell=C/block=fold_2_train/eval_predictions.parquet,11197.0,10.0,1.019354876008206,8.422426332982214,1120.0,1119.0,1.0659121476658133,1.1517665611692667,1.0363722040198338,1.0969551589120174,1.1396389985486284,1.1646534207199928,29.0,28.0,532|589,532|588,even,odd,False,ED2 App. D.2 rank-based order statistic,0.9,10.0,step5_within_pm10_stop,fail to reject the null hypothesis that the degree of vertical inequity is acceptable,not_run,not applicable - Step 5 did not escalate,,not_run,not applicable - Step 6 did not escalate,fail to reject the null hypothesis that the degree of vertical inequity is acceptable,False,8.422426332982214,0.0,,,,,,
posthoc:C:b=1.125644207469395,fold_3,descriptive,May-2026 Exposure Draft / proposed guidance; not adopted IAAO guidance.,IAAO Standard on Ratio Studies (2013) remains the adopted/current guidance.,e950e00d0c3684dd067734d401e5278dcf659f471fcfb0d6db65c7584f7c56b8,matched_beta_ext,,C-posthoc,PRIMARY,,-0.03,-0.03,,1.125644207469395,True,exact_posthoc_solve,,,output/p0_major_revision_validation/zero_reference_fits/cell=C/block=fold_3_train/eval_predictions.parquet,16798.0,10.0,1.0124037503332972,11.023216377412435,1680.0,1679.0,1.0449983503184563,1.156597806330734,1.0102572515817123,1.0749369529088628,1.147560948855978,1.1635244018537676,35.0,34.0,806|875,806|874,even,odd,False,ED2 App. D.2 rank-based order statistic,0.9,10.0,step5_outside_pm10_escalate,a statistical test must be conducted; proceed to Step 6,ci_no_overlap_escalate,proceed to Step 7,7.173422256012612,fail_to_reject_null,fail to reject the null hypothesis that the level of vertical inequity present is within acceptable limits,fail to reject the null hypothesis that the level of vertical inequity present is within acceptable limits,False,11.023216377412435,0.0,,,,,,
posthoc:C:b=1.125644207469395,fold_4,descriptive,May-2026 Exposure Draft / proposed guidance; not adopted IAAO guidance.,IAAO Standard on Ratio Studies (2013) remains the adopted/current guidance.,e950e00d0c3684dd067734d401e5278dcf659f471fcfb0d6db65c7584f7c56b8,matched_beta_ext,,C-posthoc,PRIMARY,,-0.03,-0.03,,1.125644207469395,True,exact_posthoc_solve,,,output/p0_major_revision_validation/zero_reference_fits/cell=C/block=fold_4_train/eval_predictions.parquet,22323.0,10.0,0.9832849508519506,15.803648469345863,2233.0,2232.0,0.9711356646675912,1.1265305617522137,0.9460127437768798,0.9905976721471675,1.1196783804070338,1.134515420652994,39.0,40.0,1078|1156,1077|1156,odd,even,False,ED2 App. D.2 rank-based order statistic,0.9,10.0,step5_outside_pm10_escalate,a statistical test must be conducted; proceed to Step 6,ci_no_overlap_escalate,proceed to Step 7,13.12749759345208,reject_null,reject the null hypothesis and conclude there is statistical evidence that the level of vertical inequity present is outside of acceptable limits,reject the null hypothesis and conclude there is statistical evidence that the level of vertical inequity present is outside of acceptable limits,False,15.803648469345863,0.0,,,,,,
posthoc:C:b=1.125644207469395,fold_5,descriptive,May-2026 Exposure Draft / proposed guidance; not adopted IAAO guidance.,IAAO Standard on Ratio Studies (2013) remains the adopted/current guidance.,e950e00d0c3684dd067734d401e5278dcf659f471fcfb0d6db65c7584f7c56b8,matched_beta_ext,,C-posthoc,PRIMARY,,-0.03,-0.03,,1.125644207469395,True,exact_posthoc_solve,,,output/p0_major_revision_validation/zero_reference_fits/cell=C/block=fold_5_train/eval_predictions.parquet,28053.0,10.0,1.0136124694552442,10.058036743021152,2806.0,2805.0,1.0434565253872654,1.145406039996918,1.0273335387774394,1.0646681974122576,1.137489626607647,1.1523579857575206,45.0,44.0,1359|1448,1359|1447,even,odd,False,ED2 App. D.2 rank-based order statistic,0.9,10.0,step5_outside_pm10_escalate,a statistical test must be conducted; proceed to Step 6,ci_no_overlap_escalate,proceed to Step 7,7.18434622598187,fail_to_reject_null,fail to reject the null hypothesis that the level of vertical inequity present is within acceptable limits,fail to reject the null hypothesis that the level of vertical inequity present is within acceptable limits,False,10.058036743021152,0.0,,,,,,
posthoc:C:b=1.125644207469395,fold_6,descriptive,May-2026 Exposure Draft / proposed guidance; not adopted IAAO guidance.,IAAO Standard on Ratio Studies (2013) remains the adopted/current guidance.,e950e00d0c3684dd067734d401e5278dcf659f471fcfb0d6db65c7584f7c56b8,matched_beta_ext,,C-posthoc,PRIMARY,,-0.03,-0.03,,1.125644207469395,True,exact_posthoc_solve,,,output/p0_major_revision_validation/zero_reference_fits/cell=C/block=fold_6_train/eval_predictions.parquet,33113.0,10.0,1.0253130833397086,-1.240884502476917,3312.0,3311.0,1.1505531462489405,1.1378301950959098,1.128594636515636,1.1709755041314656,1.1313294467581112,1.1455738017977308,48.0,48.0,1609|1704,1608|1704,even,odd,False,ED2 App. D.2 rank-based order statistic,0.9,10.0,step5_within_pm10_stop,fail to reject the null hypothesis that the degree of vertical inequity is acceptable,not_run,not applicable - Step 5 did not escalate,,not_run,not applicable - Step 6 did not escalate,fail to reject the null hypothesis that the degree of vertical inequity is acceptable,False,-1.240884502476917,0.0,,,,,,
posthoc:C:b=1.125644207469395,fold_7,descriptive,May-2026 Exposure Draft / proposed guidance; not adopted IAAO guidance.,IAAO Standard on Ratio Studies (2013) remains the adopted/current guidance.,e950e00d0c3684dd067734d401e5278dcf659f471fcfb0d6db65c7584f7c56b8,matched_beta_ext,,C-posthoc,PRIMARY,,-0.03,-0.03,,1.125644207469395,True,exact_posthoc_solve,,,output/p0_major_revision_validation/zero_reference_fits/cell=C/block=fold_7_train/eval_predictions.parquet,34460.0,10.0,0.9935959941888886,-2.464175624719147,3446.0,3446.0,1.1432897610716732,1.1188058107746848,1.121704411664733,1.1630872162716173,1.1121489109506593,1.1238856634446053,49.0,49.0,1675|1772,1675|1772,even,even,False,ED2 App. D.2 rank-based order statistic,0.9,10.0,step5_within_pm10_stop,fail to reject the null hypothesis that the degree of vertical inequity is acceptable,not_run,not applicable - Step 5 did not escalate,,not_run,not applicable - Step 6 did not escalate,fail to reject the null hypothesis that the degree of vertical inequity is acceptable,False,-2.464175624719147,0.0,,,,,,
posthoc:C:b=1.125644207469395,pooled_oof,not_applicable,May-2026 Exposure Draft / proposed guidance; not adopted IAAO guidance.,IAAO Standard on Ratio Studies (2013) remains the adopted/current guidance.,e950e00d0c3684dd067734d401e5278dcf659f471fcfb0d6db65c7584f7c56b8,matched_beta_ext,,C-posthoc,PRIMARY,,-0.03,-0.03,,1.125644207469395,True,exact_posthoc_solve,,,"ED2 App. D.2 is a rank-based order-statistic CI on distinct observations and has no row-balanced analogue; the pooled-OOF sample contains 20,988 unique rows twice, so the ED2 procedure is not applied there. No weighted variant was invented.",,,,,,,,,,,,,,,,,,,,,,,,,,,,,,,,,,,,,,,
posthoc:C:b=1.125644207469395,heldout,standards_facing,May-2026 Exposure Draft / proposed guidance; not adopted IAAO guidance.,IAAO Standard on Ratio Studies (2013) remains the adopted/current guidance.,e950e00d0c3684dd067734d401e5278dcf659f471fcfb0d6db65c7584f7c56b8,matched_beta_ext,,C-posthoc,PRIMARY,,-0.03,-0.03,,1.125644207469395,True,exact_posthoc_solve,,,output/p0_major_revision_validation/zero_reference_fits/cell=C/block=development_pool/eval_predictions.parquet,38290.0,10.0,0.9739509388581766,5.711908076933303,3829.0,3829.0,1.0330147758887804,1.0886459582307884,1.0148576468668513,1.0509302393087496,1.0819290849024519,1.0974962750158537,51.0,51.0,1864|1966,1864|1966,odd,odd,False,ED2 App. D.2 rank-based order statistic,0.9,10.0,step5_within_pm10_stop,fail to reject the null hypothesis that the degree of vertical inequity is acceptable,not_run,not applicable - Step 5 did not escalate,,not_run,not applicable - Step 6 did not escalate,fail to reject the null hypothesis that the degree of vertical inequity is acceptable,False,5.711908076933303,0.0,,,,,,
posthoc:C:b=1.125644207469395,forward_2025,standards_facing,May-2026 Exposure Draft / proposed guidance; not adopted IAAO guidance.,IAAO Standard on Ratio Studies (2013) remains the adopted/current guidance.,e950e00d0c3684dd067734d401e5278dcf659f471fcfb0d6db65c7584f7c56b8,matched_beta_ext,,C-posthoc,PRIMARY,,-0.03,-0.03,,1.125644207469395,True,exact_posthoc_solve,,,output/p0_major_revision_validation/zero_reference_fits/cell=C/block=production_2016_2024/eval_predictions.parquet,26641.0,10.0,1.0012500798568815,3.123190819505584,2665.0,2664.0,1.0793208476425238,1.1105917982169062,1.058033000000483,1.0962728031298,1.1035959028329922,1.118685685243529,43.0,43.0,1290|1376,1290|1375,odd,even,False,ED2 App. D.2 rank-based order statistic,0.9,10.0,step5_within_pm10_stop,fail to reject the null hypothesis that the degree of vertical inequity is acceptable,not_run,not applicable - Step 5 did not escalate,,not_run,not applicable - Step 6 did not escalate,fail to reject the null hypothesis that the degree of vertical inequity is acceptable,False,3.123190819505584,0.0,,,,,,
posthoc:A:b=1.125556343190564,fold_1,descriptive,May-2026 Exposure Draft / proposed guidance; not adopted IAAO guidance.,IAAO Standard on Ratio Studies (2013) remains the adopted/current guidance.,e950e00d0c3684dd067734d401e5278dcf659f471fcfb0d6db65c7584f7c56b8,matched_beta_ext,,A-posthoc,SECONDARY,,-0.03,-0.03,,1.125556343190564,True,exact_posthoc_solve,,,output/p0_major_revision_validation/zero_reference_fits/cell=A/block=fold_1_train/eval_predictions.parquet,5209.0,10.0,0.9869490328960245,10.538676792046333,521.0,520.0,1.0483330366513661,1.1523444053305052,1.011330421222163,1.0814814705144424,1.1329497541931923,1.1736865111027135,19.0,20.0,242|280,241|280,odd,even,False,ED2 App. D.2 rank-based order statistic,0.9,10.0,step5_outside_pm10_escalate,a statistical test must be conducted; proceed to Step 6,ci_no_overlap_escalate,proceed to Step 7,5.214887695641736,fail_to_reject_null,fail to reject the null hypothesis that the level of vertical inequity present is within acceptable limits,fail to reject the null hypothesis that the level of vertical inequity present is within acceptable limits,False,10.538676792046333,0.0,,,,,,
posthoc:A:b=1.125556343190564,fold_2,descriptive,May-2026 Exposure Draft / proposed guidance; not adopted IAAO guidance.,IAAO Standard on Ratio Studies (2013) remains the adopted/current guidance.,e950e00d0c3684dd067734d401e5278dcf659f471fcfb0d6db65c7584f7c56b8,matched_beta_ext,,A-posthoc,SECONDARY,,-0.03,-0.03,,1.125556343190564,True,exact_posthoc_solve,,,output/p0_major_revision_validation/zero_reference_fits/cell=A/block=fold_2_train/eval_predictions.parquet,11197.0,10.0,1.0188382148245712,8.553039401048604,1120.0,1119.0,1.0749854576872848,1.1621270916341706,1.0493543906919034,1.1028236031642409,1.1480972435075283,1.1725896443360324,29.0,28.0,532|589,532|588,even,odd,False,ED2 App. D.2 rank-based order statistic,0.9,10.0,step5_within_pm10_stop,fail to reject the null hypothesis that the degree of vertical inequity is acceptable,not_run,not applicable - Step 5 did not escalate,,not_run,not applicable - Step 6 did not escalate,fail to reject the null hypothesis that the degree of vertical inequity is acceptable,False,8.553039401048604,0.0,,,,,,
posthoc:A:b=1.125556343190564,fold_3,descriptive,May-2026 Exposure Draft / proposed guidance; not adopted IAAO guidance.,IAAO Standard on Ratio Studies (2013) remains the adopted/current guidance.,e950e00d0c3684dd067734d401e5278dcf659f471fcfb0d6db65c7584f7c56b8,matched_beta_ext,,A-posthoc,SECONDARY,,-0.03,-0.03,,1.125556343190564,True,exact_posthoc_solve,,,output/p0_major_revision_validation/zero_reference_fits/cell=A/block=fold_3_train/eval_predictions.parquet,16798.0,10.0,1.0119075622150984,12.218222627643513,1680.0,1679.0,1.035040256815702,1.158677375553103,1.0194500367772366,1.065568493419778,1.1471998412448223,1.16800557893877,35.0,34.0,806|875,806|874,even,odd,False,ED2 App. D.2 rank-based order statistic,0.9,10.0,step5_outside_pm10_escalate,a statistical test must be conducted; proceed to Step 6,ci_no_overlap_escalate,proceed to Step 7,8.06707557816355,fail_to_reject_null,fail to reject the null hypothesis that the level of vertical inequity present is within acceptable limits,fail to reject the null hypothesis that the level of vertical inequity present is within acceptable limits,False,12.218222627643513,0.0,,,,,,
posthoc:A:b=1.125556343190564,fold_4,descriptive,May-2026 Exposure Draft / proposed guidance; not adopted IAAO guidance.,IAAO Standard on Ratio Studies (2013) remains the adopted/current guidance.,e950e00d0c3684dd067734d401e5278dcf659f471fcfb0d6db65c7584f7c56b8,matched_beta_ext,,A-posthoc,SECONDARY,,-0.03,-0.03,,1.125556343190564,True,exact_posthoc_solve,,,output/p0_major_revision_validation/zero_reference_fits/cell=A/block=fold_4_train/eval_predictions.parquet,22323.0,10.0,0.9862331532691817,16.034587754498585,2233.0,2232.0,0.9703552329412795,1.128493653366185,0.9482164664121504,0.9986983486025311,1.12028443939257,1.1382144545694262,39.0,40.0,1078|1156,1077|1156,odd,even,False,ED2 App. D.2 rank-based order statistic,0.9,10.0,step5_outside_pm10_escalate,a statistical test must be conducted; proceed to Step 6,ci_no_overlap_escalate,proceed to Step 7,12.328331326827053,reject_null,reject the null hypothesis and conclude there is statistical evidence that the level of vertical inequity present is outside of acceptable limits,reject the null hypothesis and conclude there is statistical evidence that the level of vertical inequity present is outside of acceptable limits,False,16.034587754498585,0.0,,,,,,
posthoc:A:b=1.125556343190564,fold_5,descriptive,May-2026 Exposure Draft / proposed guidance; not adopted IAAO guidance.,IAAO Standard on Ratio Studies (2013) remains the adopted/current guidance.,e950e00d0c3684dd067734d401e5278dcf659f471fcfb0d6db65c7584f7c56b8,matched_beta_ext,,A-posthoc,SECONDARY,,-0.03,-0.03,,1.125556343190564,True,exact_posthoc_solve,,,output/p0_major_revision_validation/zero_reference_fits/cell=A/block=fold_5_train/eval_predictions.parquet,28053.0,10.0,1.013256662896148,8.312965870442973,2806.0,2805.0,1.0519884824716597,1.1362201630382058,1.033708389762597,1.0735656733562775,1.1303166224838719,1.145425795755064,45.0,44.0,1359|1448,1359|1447,even,odd,False,ED2 App. D.2 rank-based order statistic,0.9,10.0,step5_within_pm10_stop,fail to reject the null hypothesis that the degree of vertical inequity is acceptable,not_run,not applicable - Step 5 did not escalate,,not_run,not applicable - Step 6 did not escalate,fail to reject the null hypothesis that the degree of vertical inequity is acceptable,False,8.312965870442973,0.0,,,,,,
posthoc:A:b=1.125556343190564,fold_6,descriptive,May-2026 Exposure Draft / proposed guidance; not adopted IAAO guidance.,IAAO Standard on Ratio Studies (2013) remains the adopted/current guidance.,e950e00d0c3684dd067734d401e5278dcf659f471fcfb0d6db65c7584f7c56b8,matched_beta_ext,,A-posthoc,SECONDARY,,-0.03,-0.03,,1.125556343190564,True,exact_posthoc_solve,,,output/p0_major_revision_validation/zero_reference_fits/cell=A/block=fold_6_train/eval_predictions.parquet,33113.0,10.0,1.0210014495834487,-0.7443480762810432,3312.0,3311.0,1.1407463085453413,1.1331465038965653,1.1200640347276063,1.1610783877466297,1.125956367658539,1.1423827974728842,48.0,48.0,1609|1704,1608|1704,even,odd,False,ED2 App. D.2 rank-based order statistic,0.9,10.0,step5_within_pm10_stop,fail to reject the null hypothesis that the degree of vertical inequity is acceptable,not_run,not applicable - Step 5 did not escalate,,not_run,not applicable - Step 6 did not escalate,fail to reject the null hypothesis that the degree of vertical inequity is acceptable,False,-0.7443480762810432,0.0,,,,,,
posthoc:A:b=1.125556343190564,fold_7,descriptive,May-2026 Exposure Draft / proposed guidance; not adopted IAAO guidance.,IAAO Standard on Ratio Studies (2013) remains the adopted/current guidance.,e950e00d0c3684dd067734d401e5278dcf659f471fcfb0d6db65c7584f7c56b8,matched_beta_ext,,A-posthoc,SECONDARY,,-0.03,-0.03,,1.125556343190564,True,exact_posthoc_solve,,,output/p0_major_revision_validation/zero_reference_fits/cell=A/block=fold_7_train/eval_predictions.parquet,34460.0,10.0,0.9960870189640103,-2.8198836247252936,3446.0,3446.0,1.1450799841647474,1.116991489428967,1.1273665843778564,1.168524024402788,1.1099918769970867,1.1236636587147286,49.0,49.0,1675|1772,1675|1772,even,even,False,ED2 App. D.2 rank-based order statistic,0.9,10.0,step5_within_pm10_stop,fail to reject the null hypothesis that the degree of vertical inequity is acceptable,not_run,not applicable - Step 5 did not escalate,,not_run,not applicable - Step 6 did not escalate,fail to reject the null hypothesis that the degree of vertical inequity is acceptable,False,-2.8198836247252936,0.0,,,,,,
posthoc:A:b=1.125556343190564,pooled_oof,not_applicable,May-2026 Exposure Draft / proposed guidance; not adopted IAAO guidance.,IAAO Standard on Ratio Studies (2013) remains the adopted/current guidance.,e950e00d0c3684dd067734d401e5278dcf659f471fcfb0d6db65c7584f7c56b8,matched_beta_ext,,A-posthoc,SECONDARY,,-0.03,-0.03,,1.125556343190564,True,exact_posthoc_solve,,,"ED2 App. D.2 is a rank-based order-statistic CI on distinct observations and has no row-balanced analogue; the pooled-OOF sample contains 20,988 unique rows twice, so the ED2 procedure is not applied there. No weighted variant was invented.",,,,,,,,,,,,,,,,,,,,,,,,,,,,,,,,,,,,,,,
posthoc:A:b=1.125556343190564,heldout,standards_facing,May-2026 Exposure Draft / proposed guidance; not adopted IAAO guidance.,IAAO Standard on Ratio Studies (2013) remains the adopted/current guidance.,e950e00d0c3684dd067734d401e5278dcf659f471fcfb0d6db65c7584f7c56b8,matched_beta_ext,,A-posthoc,SECONDARY,,-0.03,-0.03,,1.125556343190564,True,exact_posthoc_solve,,,output/p0_major_revision_validation/zero_reference_fits/cell=A/block=development_pool/eval_predictions.parquet,38290.0,10.0,0.9750702055766065,5.287632764429346,3829.0,3829.0,1.0431981822048886,1.0947563138711458,1.0202505470984693,1.0618533846862779,1.0894431308310681,1.1022136262340259,51.0,51.0,1864|1966,1864|1966,odd,odd,False,ED2 App. D.2 rank-based order statistic,0.9,10.0,step5_within_pm10_stop,fail to reject the null hypothesis that the degree of vertical inequity is acceptable,not_run,not applicable - Step 5 did not escalate,,not_run,not applicable - Step 6 did not escalate,fail to reject the null hypothesis that the degree of vertical inequity is acceptable,False,5.287632764429346,0.0,,,,,,
posthoc:A:b=1.125556343190564,forward_2025,standards_facing,May-2026 Exposure Draft / proposed guidance; not adopted IAAO guidance.,IAAO Standard on Ratio Studies (2013) remains the adopted/current guidance.,e950e00d0c3684dd067734d401e5278dcf659f471fcfb0d6db65c7584f7c56b8,matched_beta_ext,,A-posthoc,SECONDARY,,-0.03,-0.03,,1.125556343190564,True,exact_posthoc_solve,,,output/p0_major_revision_validation/zero_reference_fits/cell=A/block=production_2016_2024/eval_predictions.parquet,26641.0,10.0,1.0070431935784823,3.1363600669863327,2665.0,2664.0,1.0806806955134525,1.1122651960941519,1.0594145084079085,1.1086179233507172,1.104239207521795,1.1201209160341268,43.0,43.0,1290|1376,1290|1375,odd,even,False,ED2 App. D.2 rank-based order statistic,0.9,10.0,step5_within_pm10_stop,fail to reject the null hypothesis that the degree of vertical inequity is acceptable,not_run,not applicable - Step 5 did not escalate,,not_run,not applicable - Step 6 did not escalate,fail to reject the null hypothesis that the degree of vertical inequity is acceptable,False,3.1363600669863327,0.0,,,,,,
posthoc:C:b=1.160457945844737,fold_1,descriptive,May-2026 Exposure Draft / proposed guidance; not adopted IAAO guidance.,IAAO Standard on Ratio Studies (2013) remains the adopted/current guidance.,e950e00d0c3684dd067734d401e5278dcf659f471fcfb0d6db65c7584f7c56b8,matched_beta_ext,,C-posthoc,PRIMARY,,0.0,0.0,,1.160457945844737,True,exact_posthoc_solve,,,output/p0_major_revision_validation/zero_reference_fits/cell=C/block=fold_1_train/eval_predictions.parquet,5209.0,10.0,0.9921210153573647,23.983472585911365,521.0,520.0,0.9742059806105661,1.2121510523478651,0.9420874757121919,1.012302808530194,1.19644073647705,1.2287540432830901,19.0,20.0,242|280,241|280,odd,even,False,ED2 App. D.2 rank-based order statistic,0.9,10.0,step5_outside_pm10_escalate,a statistical test must be conducted; proceed to Step 6,ci_no_overlap_escalate,proceed to Step 7,18.56002696208678,reject_null,reject the null hypothesis and conclude there is statistical evidence that the level of vertical inequity present is outside of acceptable limits,reject the null hypothesis and conclude there is statistical evidence that the level of vertical inequity present is outside of acceptable limits,False,23.983472585911365,0.0,,,,,,
posthoc:C:b=1.160457945844737,fold_2,descriptive,May-2026 Exposure Draft / proposed guidance; not adopted IAAO guidance.,IAAO Standard on Ratio Studies (2013) remains the adopted/current guidance.,e950e00d0c3684dd067734d401e5278dcf659f471fcfb0d6db65c7584f7c56b8,matched_beta_ext,,C-posthoc,PRIMARY,,0.0,0.0,,1.160457945844737,True,exact_posthoc_solve,,,output/p0_major_revision_validation/zero_reference_fits/cell=C/block=fold_2_train/eval_predictions.parquet,11197.0,10.0,1.030274326148748,18.22622184752893,1120.0,1119.0,1.020942516110832,1.2087226004328366,0.9931286242331299,1.0492612839213349,1.198912256847845,1.2248385981304282,29.0,28.0,532|589,532|588,even,odd,False,ED2 App. D.2 rank-based order statistic,0.9,10.0,step5_outside_pm10_escalate,a statistical test must be conducted; proceed to Step 6,ci_no_overlap_escalate,proceed to Step 7,14.525352047344324,reject_null,reject the null hypothesis and conclude there is statistical evidence that the level of vertical inequity present is outside of acceptable limits,reject the null hypothesis and conclude there is statistical evidence that the level of vertical inequity present is outside of acceptable limits,False,18.22622184752893,0.0,,,,,,
posthoc:C:b=1.160457945844737,fold_3,descriptive,May-2026 Exposure Draft / proposed guidance; not adopted IAAO guidance.,IAAO Standard on Ratio Studies (2013) remains the adopted/current guidance.,e950e00d0c3684dd067734d401e5278dcf659f471fcfb0d6db65c7584f7c56b8,matched_beta_ext,,C-posthoc,PRIMARY,,0.0,0.0,,1.160457945844737,True,exact_posthoc_solve,,,output/p0_major_revision_validation/zero_reference_fits/cell=C/block=fold_3_train/eval_predictions.parquet,16798.0,10.0,1.021985840332857,20.563009899673663,1680.0,1679.0,1.0025616641840291,1.2127127137049376,0.9763134832404228,1.0335137990960197,1.203348374781662,1.2223982375481808,35.0,34.0,806|875,806|874,even,odd,False,ED2 App. D.2 rank-based order statistic,0.9,10.0,step5_outside_pm10_escalate,a statistical test must be conducted; proceed to Step 6,ci_no_overlap_escalate,proceed to Step 7,16.618094789877695,reject_null,reject the null hypothesis and conclude there is statistical evidence that the level of vertical inequity present is outside of acceptable limits,reject the null hypothesis and conclude there is statistical evidence that the level of vertical inequity present is outside of acceptable limits,False,20.563009899673663,0.0,,,,,,
posthoc:C:b=1.160457945844737,fold_4,descriptive,May-2026 Exposure Draft / proposed guidance; not adopted IAAO guidance.,IAAO Standard on Ratio Studies (2013) remains the adopted/current guidance.,e950e00d0c3684dd067734d401e5278dcf659f471fcfb0d6db65c7584f7c56b8,matched_beta_ext,,C-posthoc,PRIMARY,,0.0,0.0,,1.160457945844737,True,exact_posthoc_solve,,,output/p0_major_revision_validation/zero_reference_fits/cell=C/block=fold_4_train/eval_predictions.parquet,22323.0,10.0,0.9924055882976283,24.53387506328373,2233.0,2232.0,0.9370050862715538,1.1804806334255398,0.9150219173232412,0.9580054521318959,1.1740173644961045,1.1898920921439886,39.0,40.0,1078|1156,1077|1156,odd,even,False,ED2 App. D.2 rank-based order statistic,0.9,10.0,step5_outside_pm10_escalate,a statistical test must be conducted; proceed to Step 6,ci_no_overlap_escalate,proceed to Step 7,21.766494960468254,reject_null,reject the null hypothesis and conclude there is statistical evidence that the level of vertical inequity present is outside of acceptable limits,reject the null hypothesis and conclude there is statistical evidence that the level of vertical inequity present is outside of acceptable limits,False,24.53387506328373,0.0,,,,,,
posthoc:C:b=1.160457945844737,fold_5,descriptive,May-2026 Exposure Draft / proposed guidance; not adopted IAAO guidance.,IAAO Standard on Ratio Studies (2013) remains the adopted/current guidance.,e950e00d0c3684dd067734d401e5278dcf659f471fcfb0d6db65c7584f7c56b8,matched_beta_ext,,C-posthoc,PRIMARY,,0.0,0.0,,1.160457945844737,True,exact_posthoc_solve,,,output/p0_major_revision_validation/zero_reference_fits/cell=C/block=fold_5_train/eval_predictions.parquet,28053.0,10.0,1.0251170414011523,18.511293908606195,2806.0,2805.0,1.0119759617897763,1.201738390230752,0.9962334359265362,1.0342783326029379,1.1956249661350127,1.2116027943384788,45.0,44.0,1359|1448,1359|1447,even,odd,False,ED2 App. D.2 rank-based order statistic,0.9,10.0,step5_outside_pm10_escalate,a statistical test must be conducted; proceed to Step 6,ci_no_overlap_escalate,proceed to Step 7,15.739337755183808,reject_null,reject the null hypothesis and conclude there is statistical evidence that the level of vertical inequity present is outside of acceptable limits,reject the null hypothesis and conclude there is statistical evidence that the level of vertical inequity present is outside of acceptable limits,False,18.511293908606195,0.0,,,,,,
posthoc:C:b=1.160457945844737,fold_6,descriptive,May-2026 Exposure Draft / proposed guidance; not adopted IAAO guidance.,IAAO Standard on Ratio Studies (2013) remains the adopted/current guidance.,e950e00d0c3684dd067734d401e5278dcf659f471fcfb0d6db65c7584f7c56b8,matched_beta_ext,,C-posthoc,PRIMARY,,0.0,0.0,,1.160457945844737,True,exact_posthoc_solve,,,output/p0_major_revision_validation/zero_reference_fits/cell=C/block=fold_6_train/eval_predictions.parquet,33113.0,10.0,1.0379307640457884,7.346716995415788,3312.0,3311.0,1.1185769667942864,1.1948308026370873,1.096514494139216,1.1377933898066526,1.188545547719339,1.2034777130402745,48.0,48.0,1609|1704,1608|1704,even,odd,False,ED2 App. D.2 rank-based order statistic,0.9,10.0,step5_within_pm10_stop,fail to reject the null hypothesis that the degree of vertical inequity is acceptable,not_run,not applicable - Step 5 did not escalate,,not_run,not applicable - Step 6 did not escalate,fail to reject the null hypothesis that the degree of vertical inequity is acceptable,False,7.346716995415788,0.0,,,,,,
posthoc:C:b=1.160457945844737,fold_7,descriptive,May-2026 Exposure Draft / proposed guidance; not adopted IAAO guidance.,IAAO Standard on Ratio Studies (2013) remains the adopted/current guidance.,e950e00d0c3684dd067734d401e5278dcf659f471fcfb0d6db65c7584f7c56b8,matched_beta_ext,,C-posthoc,PRIMARY,,0.0,0.0,,1.160457945844737,True,exact_posthoc_solve,,,output/p0_major_revision_validation/zero_reference_fits/cell=C/block=fold_7_train/eval_predictions.parquet,34460.0,10.0,1.005175173860267,6.4864269268362005,3446.0,3446.0,1.1108519701931847,1.1760519233323297,1.0909740966614723,1.126866276571456,1.1704900333714383,1.1834882955748443,49.0,49.0,1675|1772,1675|1772,even,even,False,ED2 App. D.2 rank-based order statistic,0.9,10.0,step5_within_pm10_stop,fail to reject the null hypothesis that the degree of vertical inequity is acceptable,not_run,not applicable - Step 5 did not escalate,,not_run,not applicable - Step 6 did not escalate,fail to reject the null hypothesis that the degree of vertical inequity is acceptable,False,6.4864269268362005,0.0,,,,,,
posthoc:C:b=1.160457945844737,pooled_oof,not_applicable,May-2026 Exposure Draft / proposed guidance; not adopted IAAO guidance.,IAAO Standard on Ratio Studies (2013) remains the adopted/current guidance.,e950e00d0c3684dd067734d401e5278dcf659f471fcfb0d6db65c7584f7c56b8,matched_beta_ext,,C-posthoc,PRIMARY,,0.0,0.0,,1.160457945844737,True,exact_posthoc_solve,,,"ED2 App. D.2 is a rank-based order-statistic CI on distinct observations and has no row-balanced analogue; the pooled-OOF sample contains 20,988 unique rows twice, so the ED2 procedure is not applied there. No weighted variant was invented.",,,,,,,,,,,,,,,,,,,,,,,,,,,,,,,,,,,,,,,
posthoc:C:b=1.160457945844737,heldout,standards_facing,May-2026 Exposure Draft / proposed guidance; not adopted IAAO guidance.,IAAO Standard on Ratio Studies (2013) remains the adopted/current guidance.,e950e00d0c3684dd067734d401e5278dcf659f471fcfb0d6db65c7584f7c56b8,matched_beta_ext,,C-posthoc,PRIMARY,,0.0,0.0,,1.160457945844737,True,exact_posthoc_solve,,,output/p0_major_revision_validation/zero_reference_fits/cell=C/block=development_pool/eval_predictions.parquet,38290.0,10.0,0.9865503568587511,14.769870796387837,3829.0,3829.0,1.0039101810727211,1.1496223941220618,0.9897436431511707,1.0223954322946798,1.1397751253579254,1.1580039854809567,51.0,51.0,1864|1966,1864|1966,odd,odd,False,ED2 App. D.2 rank-based order statistic,0.9,10.0,step5_outside_pm10_escalate,a statistical test must be conducted; proceed to Step 6,ci_no_overlap_escalate,proceed to Step 7,11.897993067175117,reject_null,reject the null hypothesis and conclude there is statistical evidence that the level of vertical inequity present is outside of acceptable limits,reject the null hypothesis and conclude there is statistical evidence that the level of vertical inequity present is outside of acceptable limits,False,14.769870796387837,0.0,,,0.9887242691020433,1.0230198559942116,1.1397776822879324,1.1580358541807514
posthoc:C:b=1.160457945844737,forward_2025,standards_facing,May-2026 Exposure Draft / proposed guidance; not adopted IAAO guidance.,IAAO Standard on Ratio Studies (2013) remains the adopted/current guidance.,e950e00d0c3684dd067734d401e5278dcf659f471fcfb0d6db65c7584f7c56b8,matched_beta_ext,,C-posthoc,PRIMARY,,0.0,0.0,,1.160457945844737,True,exact_posthoc_solve,,,output/p0_major_revision_validation/zero_reference_fits/cell=C/block=production_2016_2024/eval_predictions.parquet,26641.0,10.0,1.0165157943371854,11.37398814089209,2665.0,2664.0,1.0547712669640896,1.1703896528622961,1.0295845300548123,1.0713310789114436,1.162544527388854,1.1790458458881763,43.0,43.0,1290|1376,1290|1375,odd,even,False,ED2 App. D.2 rank-based order statistic,0.9,10.0,step5_outside_pm10_escalate,a statistical test must be conducted; proceed to Step 6,ci_no_overlap_escalate,proceed to Step 7,8.973146210373017,fail_to_reject_null,fail to reject the null hypothesis that the level of vertical inequity present is within acceptable limits,fail to reject the null hypothesis that the level of vertical inequity present is within acceptable limits,False,11.37398814089209,0.0,,,1.0300136469971386,1.0717822582337726,1.1624373295130948,1.178945129563881
posthoc:A:b=1.1603673641139836,fold_1,descriptive,May-2026 Exposure Draft / proposed guidance; not adopted IAAO guidance.,IAAO Standard on Ratio Studies (2013) remains the adopted/current guidance.,e950e00d0c3684dd067734d401e5278dcf659f471fcfb0d6db65c7584f7c56b8,matched_beta_ext,,A-posthoc,SECONDARY,,0.0,0.0,,1.1603673641139836,True,exact_posthoc_solve,,,output/p0_major_revision_validation/zero_reference_fits/cell=A/block=fold_1_train/eval_predictions.parquet,5209.0,10.0,0.9936093062269157,21.95623675244235,521.0,520.0,0.9986013700851386,1.21676058175462,0.9541700578155804,1.0254756003302503,1.1931629080864525,1.2468289996133104,19.0,20.0,242|280,241|280,odd,even,False,ED2 App. D.2 rank-based order statistic,0.9,10.0,step5_outside_pm10_escalate,a statistical test must be conducted; proceed to Step 6,ci_no_overlap_escalate,proceed to Step 7,16.87658385497313,reject_null,reject the null hypothesis and conclude there is statistical evidence that the level of vertical inequity present is outside of acceptable limits,reject the null hypothesis and conclude there is statistical evidence that the level of vertical inequity present is outside of acceptable limits,False,21.95623675244235,0.0,,,,,,
posthoc:A:b=1.1603673641139836,fold_2,descriptive,May-2026 Exposure Draft / proposed guidance; not adopted IAAO guidance.,IAAO Standard on Ratio Studies (2013) remains the adopted/current guidance.,e950e00d0c3684dd067734d401e5278dcf659f471fcfb0d6db65c7584f7c56b8,matched_beta_ext,,A-posthoc,SECONDARY,,0.0,0.0,,1.1603673641139836,True,exact_posthoc_solve,,,output/p0_major_revision_validation/zero_reference_fits/cell=A/block=fold_2_train/eval_predictions.parquet,11197.0,10.0,1.0295328024541444,18.070773226363087,1120.0,1119.0,1.033687674518148,1.2197322125406571,1.002183328638901,1.0598806774335319,1.2067270801685757,1.2357893261387964,29.0,28.0,532|589,532|588,even,odd,False,ED2 App. D.2 rank-based order statistic,0.9,10.0,step5_outside_pm10_escalate,a statistical test must be conducted; proceed to Step 6,ci_no_overlap_escalate,proceed to Step 7,14.263402038769362,reject_null,reject the null hypothesis and conclude there is statistical evidence that the level of vertical inequity present is outside of acceptable limits,reject the null hypothesis and conclude there is statistical evidence that the level of vertical inequity present is outside of acceptable limits,False,18.070773226363087,0.0,,,,,,
posthoc:A:b=1.1603673641139836,fold_3,descriptive,May-2026 Exposure Draft / proposed guidance; not adopted IAAO guidance.,IAAO Standard on Ratio Studies (2013) remains the adopted/current guidance.,e950e00d0c3684dd067734d401e5278dcf659f471fcfb0d6db65c7584f7c56b8,matched_beta_ext,,A-posthoc,SECONDARY,,0.0,0.0,,1.1603673641139836,True,exact_posthoc_solve,,,output/p0_major_revision_validation/zero_reference_fits/cell=A/block=fold_3_train/eval_predictions.parquet,16798.0,10.0,1.0208574895347313,21.77031885955425,1680.0,1679.0,0.9956604887782694,1.217904419351621,0.9787417053438476,1.0208757791188363,1.20678660929361,1.2255136961694737,35.0,34.0,806|875,806|874,even,odd,False,ED2 App. D.2 rank-based order statistic,0.9,10.0,step5_outside_pm10_escalate,a statistical test must be conducted; proceed to Step 6,ci_no_overlap_escalate,proceed to Step 7,18.211242223388574,reject_null,reject the null hypothesis and conclude there is statistical evidence that the level of vertical inequity present is outside of acceptable limits,reject the null hypothesis and conclude there is statistical evidence that the level of vertical inequity present is outside of acceptable limits,False,21.77031885955425,0.0,,,,,,
posthoc:A:b=1.1603673641139836,fold_4,descriptive,May-2026 Exposure Draft / proposed guidance; not adopted IAAO guidance.,IAAO Standard on Ratio Studies (2013) remains the adopted/current guidance.,e950e00d0c3684dd067734d401e5278dcf659f471fcfb0d6db65c7584f7c56b8,matched_beta_ext,,A-posthoc,SECONDARY,,0.0,0.0,,1.1603673641139836,True,exact_posthoc_solve,,,output/p0_major_revision_validation/zero_reference_fits/cell=A/block=fold_4_train/eval_predictions.parquet,22323.0,10.0,0.9954101617179136,24.88382489347391,2233.0,2232.0,0.9372248296281646,1.1849209512418957,0.9172842827099661,0.9653323478567424,1.1749520421048507,1.19347136151034,39.0,40.0,1078|1156,1077|1156,odd,even,False,ED2 App. D.2 rank-based order statistic,0.9,10.0,step5_outside_pm10_escalate,a statistical test must be conducted; proceed to Step 6,ci_no_overlap_escalate,proceed to Step 7,21.05862510850194,reject_null,reject the null hypothesis and conclude there is statistical evidence that the level of vertical inequity present is outside of acceptable limits,reject the null hypothesis and conclude there is statistical evidence that the level of vertical inequity present is outside of acceptable limits,False,24.88382489347391,0.0,,,,,,
posthoc:A:b=1.1603673641139836,fold_5,descriptive,May-2026 Exposure Draft / proposed guidance; not adopted IAAO guidance.,IAAO Standard on Ratio Studies (2013) remains the adopted/current guidance.,e950e00d0c3684dd067734d401e5278dcf659f471fcfb0d6db65c7584f7c56b8,matched_beta_ext,,A-posthoc,SECONDARY,,0.0,0.0,,1.1603673641139836,True,exact_posthoc_solve,,,output/p0_major_revision_validation/zero_reference_fits/cell=A/block=fold_5_train/eval_predictions.parquet,28053.0,10.0,1.0254242585897162,16.768965003404684,2806.0,2805.0,1.0222180552965976,1.194171090355929,1.0028731595661546,1.0410939478731644,1.1869114360354445,1.2021647230338577,45.0,44.0,1359|1448,1359|1447,even,odd,False,ED2 App. D.2 rank-based order statistic,0.9,10.0,step5_outside_pm10_escalate,a statistical test must be conducted; proceed to Step 6,ci_no_overlap_escalate,proceed to Step 7,14.220210507095409,reject_null,reject the null hypothesis and conclude there is statistical evidence that the level of vertical inequity present is outside of acceptable limits,reject the null hypothesis and conclude there is statistical evidence that the level of vertical inequity present is outside of acceptable limits,False,16.768965003404684,0.0,,,,,,
posthoc:A:b=1.1603673641139836,fold_6,descriptive,May-2026 Exposure Draft / proposed guidance; not adopted IAAO guidance.,IAAO Standard on Ratio Studies (2013) remains the adopted/current guidance.,e950e00d0c3684dd067734d401e5278dcf659f471fcfb0d6db65c7584f7c56b8,matched_beta_ext,,A-posthoc,SECONDARY,,0.0,0.0,,1.1603673641139836,True,exact_posthoc_solve,,,output/p0_major_revision_validation/zero_reference_fits/cell=A/block=fold_6_train/eval_predictions.parquet,33113.0,10.0,1.0337159872716328,8.292301076115137,3312.0,3311.0,1.1069846283552818,1.1927034702917816,1.0885273813714103,1.1279992192589305,1.1844563063310996,1.2001942447401857,48.0,48.0,1609|1704,1608|1704,even,odd,False,ED2 App. D.2 rank-based order statistic,0.9,10.0,step5_within_pm10_stop,fail to reject the null hypothesis that the degree of vertical inequity is acceptable,not_run,not applicable - Step 5 did not escalate,,not_run,not applicable - Step 6 did not escalate,fail to reject the null hypothesis that the degree of vertical inequity is acceptable,False,8.292301076115137,0.0,,,,,,
posthoc:A:b=1.1603673641139836,fold_7,descriptive,May-2026 Exposure Draft / proposed guidance; not adopted IAAO guidance.,IAAO Standard on Ratio Studies (2013) remains the adopted/current guidance.,e950e00d0c3684dd067734d401e5278dcf659f471fcfb0d6db65c7584f7c56b8,matched_beta_ext,,A-posthoc,SECONDARY,,0.0,0.0,,1.1603673641139836,True,exact_posthoc_solve,,,output/p0_major_revision_validation/zero_reference_fits/cell=A/block=fold_7_train/eval_predictions.parquet,34460.0,10.0,1.007531155296786,6.015301870665376,3446.0,3446.0,1.1128552580892987,1.1734612985214028,1.0945366228804847,1.134248847943971,1.1668512396740942,1.1813786866877238,49.0,49.0,1675|1772,1675|1772,even,even,False,ED2 App. D.2 rank-based order statistic,0.9,10.0,step5_within_pm10_stop,fail to reject the null hypothesis that the degree of vertical inequity is acceptable,not_run,not applicable - Step 5 did not escalate,,not_run,not applicable - Step 6 did not escalate,fail to reject the null hypothesis that the degree of vertical inequity is acceptable,False,6.015301870665376,0.0,,,,,,
posthoc:A:b=1.1603673641139836,pooled_oof,not_applicable,May-2026 Exposure Draft / proposed guidance; not adopted IAAO guidance.,IAAO Standard on Ratio Studies (2013) remains the adopted/current guidance.,e950e00d0c3684dd067734d401e5278dcf659f471fcfb0d6db65c7584f7c56b8,matched_beta_ext,,A-posthoc,SECONDARY,,0.0,0.0,,1.1603673641139836,True,exact_posthoc_solve,,,"ED2 App. D.2 is a rank-based order-statistic CI on distinct observations and has no row-balanced analogue; the pooled-OOF sample contains 20,988 unique rows twice, so the ED2 procedure is not applied there. No weighted variant was invented.",,,,,,,,,,,,,,,,,,,,,,,,,,,,,,,,,,,,,,,
posthoc:A:b=1.1603673641139836,heldout,standards_facing,May-2026 Exposure Draft / proposed guidance; not adopted IAAO guidance.,IAAO Standard on Ratio Studies (2013) remains the adopted/current guidance.,e950e00d0c3684dd067734d401e5278dcf659f471fcfb0d6db65c7584f7c56b8,matched_beta_ext,,A-posthoc,SECONDARY,,0.0,0.0,,1.1603673641139836,True,exact_posthoc_solve,,,output/p0_major_revision_validation/zero_reference_fits/cell=A/block=development_pool/eval_predictions.parquet,38290.0,10.0,0.9875412379916094,14.339888470103128,3829.0,3829.0,1.0123471593354259,1.1539594714596983,0.9915886993146356,1.0295658338813216,1.1459773734220524,1.1635334882983135,51.0,51.0,1864|1966,1864|1966,odd,odd,False,ED2 App. D.2 rank-based order statistic,0.9,10.0,step5_outside_pm10_escalate,a statistical test must be conducted; proceed to Step 6,ci_no_overlap_escalate,proceed to Step 7,11.788018065704298,reject_null,reject the null hypothesis and conclude there is statistical evidence that the level of vertical inequity present is outside of acceptable limits,reject the null hypothesis and conclude there is statistical evidence that the level of vertical inequity present is outside of acceptable limits,False,14.339888470103128,0.0,,,0.9922938442452667,1.0306259230672075,1.1458595984116353,1.1635334882983135
posthoc:A:b=1.1603673641139836,forward_2025,standards_facing,May-2026 Exposure Draft / proposed guidance; not adopted IAAO guidance.,IAAO Standard on Ratio Studies (2013) remains the adopted/current guidance.,e950e00d0c3684dd067734d401e5278dcf659f471fcfb0d6db65c7584f7c56b8,matched_beta_ext,,A-posthoc,SECONDARY,,0.0,0.0,,1.1603673641139836,True,exact_posthoc_solve,,,output/p0_major_revision_validation/zero_reference_fits/cell=A/block=production_2016_2024/eval_predictions.parquet,26641.0,10.0,1.0222576845090428,11.831783498796264,2665.0,2664.0,1.0541071136388267,1.1750584296697444,1.0358665194100358,1.0808729176224747,1.166541591823111,1.1828979687949859,43.0,43.0,1290|1376,1290|1375,odd,even,False,ED2 App. D.2 rank-based order statistic,0.9,10.0,step5_outside_pm10_escalate,a statistical test must be conducted; proceed to Step 6,ci_no_overlap_escalate,proceed to Step 7,8.380340446330827,fail_to_reject_null,fail to reject the null hypothesis that the level of vertical inequity present is within acceptable limits,fail to reject the null hypothesis that the level of vertical inequity present is within acceptable limits,False,11.831783498796264,0.0,,,1.0304896937263222,1.078605658918798,1.1663602014239451,1.1828979687949859
fit:LGBCovPenalty:fb9e0c7172609cb1,fold_1,descriptive,May-2026 Exposure Draft / proposed guidance; not adopted IAAO guidance.,IAAO Standard on Ratio Studies (2013) remains the adopted/current guidance.,e950e00d0c3684dd067734d401e5278dcf659f471fcfb0d6db65c7584f7c56b8,plan_display_anchor,,Direct,DISPLAY_ANCHOR,,,,0.0104811313415468,,True,exact_anchor,,fb9e0c7172609cb1,output/paper_v12_lower_rho_extension_994_v2/predictions/data_id=d4929d43ec19badf/split_id=3d464d4a611b131b/fold_id=0/ddb48ece0c136dd6.parquet,5209.0,10.0,0.9574110159327223,-31.219839895214992,521.0,520.0,1.2554631999801484,0.9565610136668012,1.2173969626527588,1.3024464555706048,0.940065290773096,0.977344097388327,19.0,20.0,242|280,241|280,odd,even,False,ED2 App. D.2 rank-based order statistic,0.9,10.0,step5_outside_pm10_escalate,a statistical test must be conducted; proceed to Step 6,ci_no_overlap_escalate,proceed to Step 7,25.073125467495192,reject_null,reject the null hypothesis and conclude there is statistical evidence that the level of vertical inequity present is outside of acceptable limits,reject the null hypothesis and conclude there is statistical evidence that the level of vertical inequity present is outside of acceptable limits,False,-31.219839895214992,0.0,-31.219839895214992,0.0,,,,
fit:LGBCovPenalty:fb9e0c7172609cb1,fold_2,descriptive,May-2026 Exposure Draft / proposed guidance; not adopted IAAO guidance.,IAAO Standard on Ratio Studies (2013) remains the adopted/current guidance.,e950e00d0c3684dd067734d401e5278dcf659f471fcfb0d6db65c7584f7c56b8,plan_display_anchor,,Direct,DISPLAY_ANCHOR,,,,0.0104811313415468,,True,exact_anchor,,fb9e0c7172609cb1,output/paper_v12_lower_rho_extension_994_v2/predictions/data_id=d4929d43ec19badf/split_id=3d464d4a611b131b/fold_id=1/185ba764255f2179.parquet,11197.0,10.0,0.9730277248495202,-29.51606247830442,1120.0,1119.0,1.2488598691605914,0.961660397962783,1.207362518148405,1.2871257505502098,0.9497122543022635,0.9709868534778183,29.0,28.0,532|589,532|588,even,odd,False,ED2 App. D.2 rank-based order statistic,0.9,10.0,step5_outside_pm10_escalate,a statistical test must be conducted; proceed to Step 6,ci_no_overlap_escalate,proceed to Step 7,24.29279851271888,reject_null,reject the null hypothesis and conclude there is statistical evidence that the level of vertical inequity present is outside of acceptable limits,reject the null hypothesis and conclude there is statistical evidence that the level of vertical inequity present is outside of acceptable limits,False,-29.51606247830442,0.0,-29.51606247830442,0.0,,,,
fit:LGBCovPenalty:fb9e0c7172609cb1,fold_3,descriptive,May-2026 Exposure Draft / proposed guidance; not adopted IAAO guidance.,IAAO Standard on Ratio Studies (2013) remains the adopted/current guidance.,e950e00d0c3684dd067734d401e5278dcf659f471fcfb0d6db65c7584f7c56b8,plan_display_anchor,,Direct,DISPLAY_ANCHOR,,,,0.0104811313415468,,True,exact_anchor,,fb9e0c7172609cb1,output/paper_v12_lower_rho_extension_994_v2/predictions/data_id=d4929d43ec19badf/split_id=3d464d4a611b131b/fold_id=2/66aaadd619b1d8aa.parquet,16798.0,10.0,0.9703619259141245,-24.001481236958686,1680.0,1679.0,1.19601124587921,0.9631100103003405,1.1641343985054657,1.2228687833022103,0.954724775663522,0.972292818175009,35.0,34.0,806|875,806|874,even,odd,False,ED2 App. D.2 rank-based order statistic,0.9,10.0,step5_outside_pm10_escalate,a statistical test must be conducted; proceed to Step 6,ci_no_overlap_escalate,proceed to Step 7,19.770105896285383,reject_null,reject the null hypothesis and conclude there is statistical evidence that the level of vertical inequity present is outside of acceptable limits,reject the null hypothesis and conclude there is statistical evidence that the level of vertical inequity present is outside of acceptable limits,False,-24.001481236958686,0.0,-24.00148123695869,-3.552713678800501e-15,,,,
fit:LGBCovPenalty:fb9e0c7172609cb1,fold_4,descriptive,May-2026 Exposure Draft / proposed guidance; not adopted IAAO guidance.,IAAO Standard on Ratio Studies (2013) remains the adopted/current guidance.,e950e00d0c3684dd067734d401e5278dcf659f471fcfb0d6db65c7584f7c56b8,plan_display_anchor,,Direct,DISPLAY_ANCHOR,,,,0.0104811313415468,,True,exact_anchor,,fb9e0c7172609cb1,output/paper_v12_lower_rho_extension_994_v2/predictions/data_id=d4929d43ec19badf/split_id=3d464d4a611b131b/fold_id=3/4c465c7966e34605.parquet,22323.0,10.0,0.9484231902396887,-14.882903761444197,2233.0,2232.0,1.0909604119490464,0.9498075012944547,1.0652021516708698,1.1107479880278985,0.9426485626492243,0.956978930981876,39.0,40.0,1078|1156,1077|1156,odd,even,False,ED2 App. D.2 rank-based order statistic,0.9,10.0,step5_outside_pm10_escalate,a statistical test must be conducted; proceed to Step 6,ci_no_overlap_escalate,proceed to Step 7,11.41085770600393,reject_null,reject the null hypothesis and conclude there is statistical evidence that the level of vertical inequity present is outside of acceptable limits,reject the null hypothesis and conclude there is statistical evidence that the level of vertical inequity present is outside of acceptable limits,False,-14.882903761444197,0.0,-14.882903761444195,1.7763568394002505e-15,,,,
fit:LGBCovPenalty:fb9e0c7172609cb1,fold_5,descriptive,May-2026 Exposure Draft / proposed guidance; not adopted IAAO guidance.,IAAO Standard on Ratio Studies (2013) remains the adopted/current guidance.,e950e00d0c3684dd067734d401e5278dcf659f471fcfb0d6db65c7584f7c56b8,plan_display_anchor,,Direct,DISPLAY_ANCHOR,,,,0.0104811313415468,,True,exact_anchor,,fb9e0c7172609cb1,output/paper_v12_lower_rho_extension_994_v2/predictions/data_id=d4929d43ec19badf/split_id=3d464d4a611b131b/fold_id=4/bd218999cb8911cc.parquet,28053.0,10.0,0.9674063874004337,-22.412099270646568,2806.0,2805.0,1.168066879724588,0.951250799829827,1.1440869402542397,1.1953502857813663,0.9461150049161569,0.9563127977097927,45.0,44.0,1359|1448,1359|1447,even,odd,False,ED2 App. D.2 rank-based order statistic,0.9,10.0,step5_outside_pm10_escalate,a statistical test must be conducted; proceed to Step 6,ci_no_overlap_escalate,proceed to Step 7,19.4100581710055,reject_null,reject the null hypothesis and conclude there is statistical evidence that the level of vertical inequity present is outside of acceptable limits,reject the null hypothesis and conclude there is statistical evidence that the level of vertical inequity present is outside of acceptable limits,False,-22.412099270646568,0.0,-22.412099270646568,0.0,,,,
fit:LGBCovPenalty:fb9e0c7172609cb1,fold_6,descriptive,May-2026 Exposure Draft / proposed guidance; not adopted IAAO guidance.,IAAO Standard on Ratio Studies (2013) remains the adopted/current guidance.,e950e00d0c3684dd067734d401e5278dcf659f471fcfb0d6db65c7584f7c56b8,plan_display_anchor,,Direct,DISPLAY_ANCHOR,,,,0.0104811313415468,,True,exact_anchor,,fb9e0c7172609cb1,output/paper_v12_lower_rho_extension_994_v2/predictions/data_id=d4929d43ec19badf/split_id=3d464d4a611b131b/fold_id=5/b0a81b1c428dd77d.parquet,33113.0,10.0,0.9768552882618758,-34.02307605098812,3312.0,3311.0,1.284790201245454,0.9524339836120167,1.2599879619715963,1.3066499220031491,0.9452515030768893,0.9569401379148897,48.0,48.0,1609|1704,1608|1704,even,odd,False,ED2 App. D.2 rank-based order statistic,0.9,10.0,step5_outside_pm10_escalate,a statistical test must be conducted; proceed to Step 6,ci_no_overlap_escalate,proceed to Step 7,31.022796078211474,reject_null,reject the null hypothesis and conclude there is statistical evidence that the level of vertical inequity present is outside of acceptable limits,reject the null hypothesis and conclude there is statistical evidence that the level of vertical inequity present is outside of acceptable limits,False,-34.02307605098812,0.0,-34.02307605098812,0.0,,,,
fit:LGBCovPenalty:fb9e0c7172609cb1,fold_7,descriptive,May-2026 Exposure Draft / proposed guidance; not adopted IAAO guidance.,IAAO Standard on Ratio Studies (2013) remains the adopted/current guidance.,e950e00d0c3684dd067734d401e5278dcf659f471fcfb0d6db65c7584f7c56b8,plan_display_anchor,,Direct,DISPLAY_ANCHOR,,,,0.0104811313415468,,True,exact_anchor,,fb9e0c7172609cb1,output/paper_v12_lower_rho_extension_994_v2/predictions/data_id=d4929d43ec19badf/split_id=3d464d4a611b131b/fold_id=6/7c59862671d9b874.parquet,34460.0,10.0,0.951066199289183,-35.65179022217516,3446.0,3446.0,1.2706921996802583,0.9316200734356644,1.2494480797372953,1.2965485560993901,0.9264537909724271,0.9360164024068464,49.0,49.0,1675|1772,1675|1772,even,even,False,ED2 App. D.2 rank-based order statistic,0.9,10.0,step5_outside_pm10_escalate,a statistical test must be conducted; proceed to Step 6,ci_no_overlap_escalate,proceed to Step 7,32.95582132607641,reject_null,reject the null hypothesis and conclude there is statistical evidence that the level of vertical inequity present is outside of acceptable limits,reject the null hypothesis and conclude there is statistical evidence that the level of vertical inequity present is outside of acceptable limits,False,-35.65179022217516,0.0,-35.65179022217516,0.0,,,,
fit:LGBCovPenalty:fb9e0c7172609cb1,pooled_oof,not_applicable,May-2026 Exposure Draft / proposed guidance; not adopted IAAO guidance.,IAAO Standard on Ratio Studies (2013) remains the adopted/current guidance.,e950e00d0c3684dd067734d401e5278dcf659f471fcfb0d6db65c7584f7c56b8,plan_display_anchor,,Direct,DISPLAY_ANCHOR,,,,0.0104811313415468,,True,exact_anchor,,fb9e0c7172609cb1,"ED2 App. D.2 is a rank-based order-statistic CI on distinct observations and has no row-balanced analogue; the pooled-OOF sample contains 20,988 unique rows twice, so the ED2 procedure is not applied there. No weighted variant was invented.",,,,,,,,,,,,,,,,,,,,,,,,,,,,,,,,,,,,,,,
fit:LGBCovPenalty:fb9e0c7172609cb1,heldout,standards_facing,May-2026 Exposure Draft / proposed guidance; not adopted IAAO guidance.,IAAO Standard on Ratio Studies (2013) remains the adopted/current guidance.,e950e00d0c3684dd067734d401e5278dcf659f471fcfb0d6db65c7584f7c56b8,plan_display_anchor,,Direct,DISPLAY_ANCHOR,,,,0.0104811313415468,,True,exact_anchor,,fb9e0c7172609cb1,output/paper_v12_lower_rho_extension_994_v2/reporting_preview/heldout/LGBCovPenalty/chunk_02/analysis/data_id=d4929d43ec19badf/split_id=3d464d4a611b131b/test_run_predictions/fb9e0c7172609cb1.parquet,38290.0,10.0,0.9259654023580837,-26.94991177387821,3829.0,3829.0,1.157405173411977,0.9078583144198371,1.1387007255061523,1.1796104913194754,0.9031412725444335,0.9118243913143583,51.0,51.0,1864|1966,1864|1966,odd,odd,False,ED2 App. D.2 rank-based order statistic,0.9,10.0,step5_outside_pm10_escalate,a statistical test must be conducted; proceed to Step 6,ci_no_overlap_escalate,proceed to Step 7,24.501599478125833,reject_null,reject the null hypothesis and conclude there is statistical evidence that the level of vertical inequity present is outside of acceptable limits,reject the null hypothesis and conclude there is statistical evidence that the level of vertical inequity present is outside of acceptable limits,False,-26.94991177387821,0.0,-26.94991177387821,0.0,1.13860077550689,1.181111598527499,0.903281677881373,0.912157054026567
fit:LGBCovPenalty:fb9e0c7172609cb1,forward_2025,standards_facing,May-2026 Exposure Draft / proposed guidance; not adopted IAAO guidance.,IAAO Standard on Ratio Studies (2013) remains the adopted/current guidance.,e950e00d0c3684dd067734d401e5278dcf659f471fcfb0d6db65c7584f7c56b8,plan_display_anchor,,Direct,DISPLAY_ANCHOR,,,,0.0104811313415468,,True,exact_anchor,,fb9e0c7172609cb1,output/paper_v12_lower_rho_extension_994_v2/reporting_preview/forward_2025/LGBCovPenalty/chunk_02/analysis/data_id=d4929d43ec19badf/split_id=3d464d4a611b131b/assess_run_predictions/fb9e0c7172609cb1.parquet,26641.0,10.0,0.948128837233418,-29.785523493459962,2665.0,2664.0,1.196876708395515,0.9144715708330865,1.1718518914433562,1.2169474444638881,0.9085671568604551,0.9197188537457087,43.0,43.0,1290|1376,1290|1375,odd,even,False,ED2 App. D.2 rank-based order statistic,0.9,10.0,step5_outside_pm10_escalate,a statistical test must be conducted; proceed to Step 6,ci_no_overlap_escalate,proceed to Step 7,26.592697932630788,reject_null,reject the null hypothesis and conclude there is statistical evidence that the level of vertical inequity present is outside of acceptable limits,reject the null hypothesis and conclude there is statistical evidence that the level of vertical inequity present is outside of acceptable limits,False,-29.785523493459962,0.0,-29.78552349345996,3.552713678800501e-15,1.1724221145030365,1.2169551324449115,0.9089800434843424,0.9196921318903117
fit:LGBSmoothPenalty:f0344de1bfdf0997,fold_1,descriptive,May-2026 Exposure Draft / proposed guidance; not adopted IAAO guidance.,IAAO Standard on Ratio Studies (2013) remains the adopted/current guidance.,e950e00d0c3684dd067734d401e5278dcf659f471fcfb0d6db65c7584f7c56b8,plan_display_anchor,,Surrogate,DISPLAY_ANCHOR,,,,0.0104811313415468,,True,exact_anchor,,f0344de1bfdf0997,output/paper_v12_lower_rho_extension_994_v2/predictions/data_id=d4929d43ec19badf/split_id=3d464d4a611b131b/fold_id=0/5988759ce91ac71a.parquet,5209.0,10.0,0.9571162955214632,-30.69888798001425,521.0,520.0,1.2543407249498648,0.9605166655492687,1.2173872803900987,1.314472198180225,0.9431370521204356,0.9786169553268295,19.0,20.0,242|280,241|280,odd,even,False,ED2 App. D.2 rank-based order statistic,0.9,10.0,step5_outside_pm10_escalate,a statistical test must be conducted; proceed to Step 6,ci_no_overlap_escalate,proceed to Step 7,24.946845663429084,reject_null,reject the null hypothesis and conclude there is statistical evidence that the level of vertical inequity present is outside of acceptable limits,reject the null hypothesis and conclude there is statistical evidence that the level of vertical inequity present is outside of acceptable limits,False,-30.69888798001425,0.0,-30.69888798001425,0.0,,,,
fit:LGBSmoothPenalty:f0344de1bfdf0997,fold_2,descriptive,May-2026 Exposure Draft / proposed guidance; not adopted IAAO guidance.,IAAO Standard on Ratio Studies (2013) remains the adopted/current guidance.,e950e00d0c3684dd067734d401e5278dcf659f471fcfb0d6db65c7584f7c56b8,plan_display_anchor,,Surrogate,DISPLAY_ANCHOR,,,,0.0104811313415468,,True,exact_anchor,,f0344de1bfdf0997,output/paper_v12_lower_rho_extension_994_v2/predictions/data_id=d4929d43ec19badf/split_id=3d464d4a611b131b/fold_id=1/df694e6b36aa106d.parquet,11197.0,10.0,0.974571670302692,-26.458566058378427,1120.0,1119.0,1.226225787353547,0.9683680981802671,1.1987110444767388,1.2527619030463721,0.9606051531231715,0.9770020658732171,29.0,28.0,532|589,532|588,even,odd,False,ED2 App. D.2 rank-based order statistic,0.9,10.0,step5_outside_pm10_escalate,a statistical test must be conducted; proceed to Step 6,ci_no_overlap_escalate,proceed to Step 7,22.749376506569405,reject_null,reject the null hypothesis and conclude there is statistical evidence that the level of vertical inequity present is outside of acceptable limits,reject the null hypothesis and conclude there is statistical evidence that the level of vertical inequity present is outside of acceptable limits,False,-26.458566058378427,0.0,-26.458566058378427,0.0,,,,
fit:LGBSmoothPenalty:f0344de1bfdf0997,fold_3,descriptive,May-2026 Exposure Draft / proposed guidance; not adopted IAAO guidance.,IAAO Standard on Ratio Studies (2013) remains the adopted/current guidance.,e950e00d0c3684dd067734d401e5278dcf659f471fcfb0d6db65c7584f7c56b8,plan_display_anchor,,Surrogate,DISPLAY_ANCHOR,,,,0.0104811313415468,,True,exact_anchor,,f0344de1bfdf0997,output/paper_v12_lower_rho_extension_994_v2/predictions/data_id=d4929d43ec19badf/split_id=3d464d4a611b131b/fold_id=2/4f97824e0aa2c23a.parquet,16798.0,10.0,0.9709994800457715,-24.076125313040155,1680.0,1679.0,1.1960075356428579,0.9622284840380696,1.1596474715587577,1.2201942743997762,0.9543214121895985,0.9725079236111418,35.0,34.0,806|875,806|874,even,odd,False,ED2 App. D.2 rank-based order statistic,0.9,10.0,step5_outside_pm10_escalate,a statistical test must be conducted; proceed to Step 6,ci_no_overlap_escalate,proceed to Step 7,19.272878286072245,reject_null,reject the null hypothesis and conclude there is statistical evidence that the level of vertical inequity present is outside of acceptable limits,reject the null hypothesis and conclude there is statistical evidence that the level of vertical inequity present is outside of acceptable limits,False,-24.076125313040155,0.0,-24.076125313040155,0.0,,,,
fit:LGBSmoothPenalty:f0344de1bfdf0997,fold_4,descriptive,May-2026 Exposure Draft / proposed guidance; not adopted IAAO guidance.,IAAO Standard on Ratio Studies (2013) remains the adopted/current guidance.,e950e00d0c3684dd067734d401e5278dcf659f471fcfb0d6db65c7584f7c56b8,plan_display_anchor,,Surrogate,DISPLAY_ANCHOR,,,,0.0104811313415468,,True,exact_anchor,,f0344de1bfdf0997,output/paper_v12_lower_rho_extension_994_v2/predictions/data_id=d4929d43ec19badf/split_id=3d464d4a611b131b/fold_id=3/cee691e0898dc679.parquet,22323.0,10.0,0.9458714763234854,-14.54256493081459,2233.0,2232.0,1.0858722612423202,0.9483182876359227,1.0646161817461162,1.1173197683349518,0.9394302422634087,0.9552395246832425,39.0,40.0,1078|1156,1077|1156,odd,even,False,ED2 App. D.2 rank-based order statistic,0.9,10.0,step5_outside_pm10_escalate,a statistical test must be conducted; proceed to Step 6,ci_no_overlap_escalate,proceed to Step 7,11.563585518828688,reject_null,reject the null hypothesis and conclude there is statistical evidence that the level of vertical inequity present is outside of acceptable limits,reject the null hypothesis and conclude there is statistical evidence that the level of vertical inequity present is outside of acceptable limits,False,-14.54256493081459,0.0,-14.54256493081459,0.0,,,,
fit:LGBSmoothPenalty:f0344de1bfdf0997,fold_5,descriptive,May-2026 Exposure Draft / proposed guidance; not adopted IAAO guidance.,IAAO Standard on Ratio Studies (2013) remains the adopted/current guidance.,e950e00d0c3684dd067734d401e5278dcf659f471fcfb0d6db65c7584f7c56b8,plan_display_anchor,,Surrogate,DISPLAY_ANCHOR,,,,0.0104811313415468,,True,exact_anchor,,f0344de1bfdf0997,output/paper_v12_lower_rho_extension_994_v2/predictions/data_id=d4929d43ec19badf/split_id=3d464d4a611b131b/fold_id=4/b83236b36fa0548e.parquet,28053.0,10.0,0.9674978723828861,-21.058201843285374,2806.0,2805.0,1.159402599825023,0.9556649450291433,1.1347450628426468,1.1887321433728522,0.9502697085138304,0.9624559163255153,45.0,44.0,1359|1448,1359|1447,even,odd,False,ED2 App. D.2 rank-based order statistic,0.9,10.0,step5_outside_pm10_escalate,a statistical test must be conducted; proceed to Step 6,ci_no_overlap_escalate,proceed to Step 7,17.807702883396964,reject_null,reject the null hypothesis and conclude there is statistical evidence that the level of vertical inequity present is outside of acceptable limits,reject the null hypothesis and conclude there is statistical evidence that the level of vertical inequity present is outside of acceptable limits,False,-21.058201843285374,0.0,-21.05820184328537,3.552713678800501e-15,,,,
fit:LGBSmoothPenalty:f0344de1bfdf0997,fold_6,descriptive,May-2026 Exposure Draft / proposed guidance; not adopted IAAO guidance.,IAAO Standard on Ratio Studies (2013) remains the adopted/current guidance.,e950e00d0c3684dd067734d401e5278dcf659f471fcfb0d6db65c7584f7c56b8,plan_display_anchor,,Surrogate,DISPLAY_ANCHOR,,,,0.0104811313415468,,True,exact_anchor,,f0344de1bfdf0997,output/paper_v12_lower_rho_extension_994_v2/predictions/data_id=d4929d43ec19badf/split_id=3d464d4a611b131b/fold_id=5/c0557ed111cbcaf1.parquet,33113.0,10.0,0.9790986970229162,-33.59576583095422,3312.0,3311.0,1.27750157445494,0.9485658689491971,1.2478260672572796,1.3046030767929875,0.9432376109273832,0.9533271824908733,48.0,48.0,1609|1704,1608|1704,even,odd,False,ED2 App. D.2 rank-based order statistic,0.9,10.0,step5_outside_pm10_escalate,a statistical test must be conducted; proceed to Step 6,ci_no_overlap_escalate,proceed to Step 7,30.078569776659958,reject_null,reject the null hypothesis and conclude there is statistical evidence that the level of vertical inequity present is outside of acceptable limits,reject the null hypothesis and conclude there is statistical evidence that the level of vertical inequity present is outside of acceptable limits,False,-33.59576583095422,0.0,-33.59576583095422,0.0,,,,
fit:LGBSmoothPenalty:f0344de1bfdf0997,fold_7,descriptive,May-2026 Exposure Draft / proposed guidance; not adopted IAAO guidance.,IAAO Standard on Ratio Studies (2013) remains the adopted/current guidance.,e950e00d0c3684dd067734d401e5278dcf659f471fcfb0d6db65c7584f7c56b8,plan_display_anchor,,Surrogate,DISPLAY_ANCHOR,,,,0.0104811313415468,,True,exact_anchor,,f0344de1bfdf0997,output/paper_v12_lower_rho_extension_994_v2/predictions/data_id=d4929d43ec19badf/split_id=3d464d4a611b131b/fold_id=6/fc76fe1905c5c937.parquet,34460.0,10.0,0.9497195621765565,-35.4613938911713,3446.0,3446.0,1.2678627672340888,0.9310789724291526,1.2487692121346694,1.2900354518843538,0.926154717836749,0.9359563976054955,49.0,49.0,1675|1772,1675|1772,even,even,False,ED2 App. D.2 rank-based order statistic,0.9,10.0,step5_outside_pm10_escalate,a statistical test must be conducted; proceed to Step 6,ci_no_overlap_escalate,proceed to Step 7,32.937387728675716,reject_null,reject the null hypothesis and conclude there is statistical evidence that the level of vertical inequity present is outside of acceptable limits,reject the null hypothesis and conclude there is statistical evidence that the level of vertical inequity present is outside of acceptable limits,False,-35.4613938911713,0.0,-35.4613938911713,0.0,,,,
fit:LGBSmoothPenalty:f0344de1bfdf0997,pooled_oof,not_applicable,May-2026 Exposure Draft / proposed guidance; not adopted IAAO guidance.,IAAO Standard on Ratio Studies (2013) remains the adopted/current guidance.,e950e00d0c3684dd067734d401e5278dcf659f471fcfb0d6db65c7584f7c56b8,plan_display_anchor,,Surrogate,DISPLAY_ANCHOR,,,,0.0104811313415468,,True,exact_anchor,,f0344de1bfdf0997,"ED2 App. D.2 is a rank-based order-statistic CI on distinct observations and has no row-balanced analogue; the pooled-OOF sample contains 20,988 unique rows twice, so the ED2 procedure is not applied there. No weighted variant was invented.",,,,,,,,,,,,,,,,,,,,,,,,,,,,,,,,,,,,,,,
fit:LGBSmoothPenalty:f0344de1bfdf0997,heldout,standards_facing,May-2026 Exposure Draft / proposed guidance; not adopted IAAO guidance.,IAAO Standard on Ratio Studies (2013) remains the adopted/current guidance.,e950e00d0c3684dd067734d401e5278dcf659f471fcfb0d6db65c7584f7c56b8,plan_display_anchor,,Surrogate,DISPLAY_ANCHOR,,,,0.0104811313415468,,True,exact_anchor,,f0344de1bfdf0997,output/paper_v12_lower_rho_extension_994_v2/reporting_preview/heldout/LGBSmoothPenalty/chunk_02/analysis/data_id=d4929d43ec19badf/split_id=3d464d4a611b131b/test_run_predictions/f0344de1bfdf0997.parquet,38290.0,10.0,0.9286581037886212,-25.818375995630635,3829.0,3829.0,1.148098343482976,0.9083339025329359,1.1291014341779633,1.1695507386118287,0.9031534164490896,0.9130708013350695,51.0,51.0,1864|1966,1864|1966,odd,odd,False,ED2 App. D.2 rank-based order statistic,0.9,10.0,step5_outside_pm10_escalate,a statistical test must be conducted; proceed to Step 6,ci_no_overlap_escalate,proceed to Step 7,23.26266598671346,reject_null,reject the null hypothesis and conclude there is statistical evidence that the level of vertical inequity present is outside of acceptable limits,reject the null hypothesis and conclude there is statistical evidence that the level of vertical inequity present is outside of acceptable limits,False,-25.818375995630635,0.0,-25.818375995630635,0.0,1.129177777102292,1.17059165436417,0.9028630841418602,0.9132031704135092
fit:LGBSmoothPenalty:f0344de1bfdf0997,forward_2025,standards_facing,May-2026 Exposure Draft / proposed guidance; not adopted IAAO guidance.,IAAO Standard on Ratio Studies (2013) remains the adopted/current guidance.,e950e00d0c3684dd067734d401e5278dcf659f471fcfb0d6db65c7584f7c56b8,plan_display_anchor,,Surrogate,DISPLAY_ANCHOR,,,,0.0104811313415468,,True,exact_anchor,,f0344de1bfdf0997,output/paper_v12_lower_rho_extension_994_v2/reporting_preview/forward_2025/LGBSmoothPenalty/chunk_02/analysis/data_id=d4929d43ec19badf/split_id=3d464d4a611b131b/assess_run_predictions/f0344de1bfdf0997.parquet,26641.0,10.0,0.9479013321418384,-27.35202794815776,2665.0,2664.0,1.1740945035208306,0.9148242662324352,1.1503320515545088,1.2050409909747166,0.9087187374503211,0.9214349403442292,43.0,43.0,1290|1376,1290|1375,odd,even,False,ED2 App. D.2 rank-based order statistic,0.9,10.0,step5_outside_pm10_escalate,a statistical test must be conducted; proceed to Step 6,ci_no_overlap_escalate,proceed to Step 7,24.147778196816457,reject_null,reject the null hypothesis and conclude there is statistical evidence that the level of vertical inequity present is outside of acceptable limits,reject the null hypothesis and conclude there is statistical evidence that the level of vertical inequity present is outside of acceptable limits,False,-27.35202794815776,0.0,-27.35202794815776,0.0,1.1515799229616988,1.2050409909747166,0.9086682064547059,0.9209888350089843
fit:LGBCovPenalty:f4658932d5e4d8f2,fold_1,descriptive,May-2026 Exposure Draft / proposed guidance; not adopted IAAO guidance.,IAAO Standard on Ratio Studies (2013) remains the adopted/current guidance.,e950e00d0c3684dd067734d401e5278dcf659f471fcfb0d6db65c7584f7c56b8,plan_display_anchor,,Direct,DISPLAY_ANCHOR,,,,0.1,,True,exact_anchor,,f4658932d5e4d8f2,output/paper_v6_preselection_994/predictions/data_id=d4929d43ec19badf/split_id=3d464d4a611b131b/fold_id=0/96a3f64e2334f868.parquet,5209.0,10.0,0.9618291648258396,-29.30973989772299,521.0,520.0,1.258489113185104,0.976579486714209,1.2205863527532275,1.3089831562006478,0.955022665095083,0.9863668291598587,19.0,20.0,242|280,241|280,odd,even,False,ED2 App. D.2 rank-based order statistic,0.9,10.0,step5_outside_pm10_escalate,a statistical test must be conducted; proceed to Step 6,ci_no_overlap_escalate,proceed to Step 7,24.351468239765776,reject_null,reject the null hypothesis and conclude there is statistical evidence that the level of vertical inequity present is outside of acceptable limits,reject the null hypothesis and conclude there is statistical evidence that the level of vertical inequity present is outside of acceptable limits,False,-29.30973989772299,0.0,-29.30973989772299,0.0,,,,
fit:LGBCovPenalty:f4658932d5e4d8f2,fold_2,descriptive,May-2026 Exposure Draft / proposed guidance; not adopted IAAO guidance.,IAAO Standard on Ratio Studies (2013) remains the adopted/current guidance.,e950e00d0c3684dd067734d401e5278dcf659f471fcfb0d6db65c7584f7c56b8,plan_display_anchor,,Direct,DISPLAY_ANCHOR,,,,0.1,,True,exact_anchor,,f4658932d5e4d8f2,output/paper_v6_preselection_994/predictions/data_id=d4929d43ec19badf/split_id=3d464d4a611b131b/fold_id=1/d1bd2b507e4833b9.parquet,11197.0,10.0,0.976321136086468,-27.250818277271286,1120.0,1119.0,1.232770602000124,0.96671510340261,1.2007343843653862,1.2782068146522934,0.9590273972115604,0.974922721306267,29.0,28.0,532|589,532|588,even,odd,False,ED2 App. D.2 rank-based order statistic,0.9,10.0,step5_outside_pm10_escalate,a statistical test must be conducted; proceed to Step 6,ci_no_overlap_escalate,proceed to Step 7,23.12883074151947,reject_null,reject the null hypothesis and conclude there is statistical evidence that the level of vertical inequity present is outside of acceptable limits,reject the null hypothesis and conclude there is statistical evidence that the level of vertical inequity present is outside of acceptable limits,False,-27.250818277271286,0.0,-27.25081827727129,-3.552713678800501e-15,,,,
fit:LGBCovPenalty:f4658932d5e4d8f2,fold_3,descriptive,May-2026 Exposure Draft / proposed guidance; not adopted IAAO guidance.,IAAO Standard on Ratio Studies (2013) remains the adopted/current guidance.,e950e00d0c3684dd067734d401e5278dcf659f471fcfb0d6db65c7584f7c56b8,plan_display_anchor,,Direct,DISPLAY_ANCHOR,,,,0.1,,True,exact_anchor,,f4658932d5e4d8f2,output/paper_v6_preselection_994/predictions/data_id=d4929d43ec19badf/split_id=3d464d4a611b131b/fold_id=2/5d77acd9893af92a.parquet,16798.0,10.0,0.9775819285562715,-24.893549340303185,1680.0,1679.0,1.21653012845516,0.9731752887281171,1.1850479008516623,1.2461947591203186,0.9650983445071896,0.9830520181822193,35.0,34.0,806|875,806|874,even,odd,False,ED2 App. D.2 rank-based order statistic,0.9,10.0,step5_outside_pm10_escalate,a statistical test must be conducted; proceed to Step 6,ci_no_overlap_escalate,proceed to Step 7,20.662808586054563,reject_null,reject the null hypothesis and conclude there is statistical evidence that the level of vertical inequity present is outside of acceptable limits,reject the null hypothesis and conclude there is statistical evidence that the level of vertical inequity present is outside of acceptable limits,False,-24.893549340303185,0.0,-24.893549340303185,0.0,,,,
fit:LGBCovPenalty:f4658932d5e4d8f2,fold_4,descriptive,May-2026 Exposure Draft / proposed guidance; not adopted IAAO guidance.,IAAO Standard on Ratio Studies (2013) remains the adopted/current guidance.,e950e00d0c3684dd067734d401e5278dcf659f471fcfb0d6db65c7584f7c56b8,plan_display_anchor,,Direct,DISPLAY_ANCHOR,,,,0.1,,True,exact_anchor,,f4658932d5e4d8f2,output/paper_v6_preselection_994/predictions/data_id=d4929d43ec19badf/split_id=3d464d4a611b131b/fold_id=3/7eb5b8785216ae81.parquet,22323.0,10.0,0.9487719919530195,-14.927451749046535,2233.0,2232.0,1.090235016235723,0.9486075349284684,1.063377181136067,1.1138847042831945,0.940260902879331,0.9568601565969079,39.0,40.0,1078|1156,1077|1156,odd,even,False,ED2 App. D.2 rank-based order statistic,0.9,10.0,step5_outside_pm10_escalate,a statistical test must be conducted; proceed to Step 6,ci_no_overlap_escalate,proceed to Step 7,11.226830623435346,reject_null,reject the null hypothesis and conclude there is statistical evidence that the level of vertical inequity present is outside of acceptable limits,reject the null hypothesis and conclude there is statistical evidence that the level of vertical inequity present is outside of acceptable limits,False,-14.927451749046535,0.0,-14.927451749046536,-1.7763568394002505e-15,,,,
fit:LGBCovPenalty:f4658932d5e4d8f2,fold_5,descriptive,May-2026 Exposure Draft / proposed guidance; not adopted IAAO guidance.,IAAO Standard on Ratio Studies (2013) remains the adopted/current guidance.,e950e00d0c3684dd067734d401e5278dcf659f471fcfb0d6db65c7584f7c56b8,plan_display_anchor,,Direct,DISPLAY_ANCHOR,,,,0.1,,True,exact_anchor,,f4658932d5e4d8f2,output/paper_v6_preselection_994/predictions/data_id=d4929d43ec19badf/split_id=3d464d4a611b131b/fold_id=4/08373cbae1b5e2d1.parquet,28053.0,10.0,0.9682794728031251,-20.871252587037542,2806.0,2805.0,1.1586774347943676,0.9565853802771919,1.1358800627860501,1.1769752987097593,0.9492022208916323,0.9627868392557227,45.0,44.0,1359|1448,1359|1447,even,odd,False,ED2 App. D.2 rank-based order statistic,0.9,10.0,step5_outside_pm10_escalate,a statistical test must be conducted; proceed to Step 6,ci_no_overlap_escalate,proceed to Step 7,17.876370241458325,reject_null,reject the null hypothesis and conclude there is statistical evidence that the level of vertical inequity present is outside of acceptable limits,reject the null hypothesis and conclude there is statistical evidence that the level of vertical inequity present is outside of acceptable limits,False,-20.871252587037542,0.0,-20.871252587037542,0.0,,,,
fit:LGBCovPenalty:f4658932d5e4d8f2,fold_6,descriptive,May-2026 Exposure Draft / proposed guidance; not adopted IAAO guidance.,IAAO Standard on Ratio Studies (2013) remains the adopted/current guidance.,e950e00d0c3684dd067734d401e5278dcf659f471fcfb0d6db65c7584f7c56b8,plan_display_anchor,,Direct,DISPLAY_ANCHOR,,,,0.1,,True,exact_anchor,,f4658932d5e4d8f2,output/paper_v6_preselection_994/predictions/data_id=d4929d43ec19badf/split_id=3d464d4a611b131b/fold_id=5/27db1053bc094d44.parquet,33113.0,10.0,0.9772650843695061,-32.63959183770592,3312.0,3311.0,1.2700634700903417,0.9510881353797225,1.2517065202214481,1.293948369307782,0.946612714017488,0.9574971850455626,48.0,48.0,1609|1704,1608|1704,even,odd,False,ED2 App. D.2 rank-based order statistic,0.9,10.0,step5_outside_pm10_escalate,a statistical test must be conducted; proceed to Step 6,ci_no_overlap_escalate,proceed to Step 7,30.105376717280155,reject_null,reject the null hypothesis and conclude there is statistical evidence that the level of vertical inequity present is outside of acceptable limits,reject the null hypothesis and conclude there is statistical evidence that the level of vertical inequity present is outside of acceptable limits,False,-32.63959183770592,0.0,-32.63959183770592,0.0,,,,
fit:LGBCovPenalty:f4658932d5e4d8f2,fold_7,descriptive,May-2026 Exposure Draft / proposed guidance; not adopted IAAO guidance.,IAAO Standard on Ratio Studies (2013) remains the adopted/current guidance.,e950e00d0c3684dd067734d401e5278dcf659f471fcfb0d6db65c7584f7c56b8,plan_display_anchor,,Direct,DISPLAY_ANCHOR,,,,0.1,,True,exact_anchor,,f4658932d5e4d8f2,output/paper_v6_preselection_994/predictions/data_id=d4929d43ec19badf/split_id=3d464d4a611b131b/fold_id=6/fb787777d06587ff.parquet,34460.0,10.0,0.9512924668200584,-35.700034226043734,3446.0,3446.0,1.2744995586280714,0.9348878223835348,1.2535190050146627,1.2991007477870293,0.9299060812706527,0.9408069526414213,49.0,49.0,1675|1772,1675|1772,even,even,False,ED2 App. D.2 rank-based order statistic,0.9,10.0,step5_outside_pm10_escalate,a statistical test must be conducted; proceed to Step 6,ci_no_overlap_escalate,proceed to Step 7,32.87233561499362,reject_null,reject the null hypothesis and conclude there is statistical evidence that the level of vertical inequity present is outside of acceptable limits,reject the null hypothesis and conclude there is statistical evidence that the level of vertical inequity present is outside of acceptable limits,False,-35.700034226043734,0.0,-35.700034226043734,0.0,,,,
fit:LGBCovPenalty:f4658932d5e4d8f2,pooled_oof,not_applicable,May-2026 Exposure Draft / proposed guidance; not adopted IAAO guidance.,IAAO Standard on Ratio Studies (2013) remains the adopted/current guidance.,e950e00d0c3684dd067734d401e5278dcf659f471fcfb0d6db65c7584f7c56b8,plan_display_anchor,,Direct,DISPLAY_ANCHOR,,,,0.1,,True,exact_anchor,,f4658932d5e4d8f2,"ED2 App. D.2 is a rank-based order-statistic CI on distinct observations and has no row-balanced analogue; the pooled-OOF sample contains 20,988 unique rows twice, so the ED2 procedure is not applied there. No weighted variant was invented.",,,,,,,,,,,,,,,,,,,,,,,,,,,,,,,,,,,,,,,
fit:LGBCovPenalty:f4658932d5e4d8f2,heldout,standards_facing,May-2026 Exposure Draft / proposed guidance; not adopted IAAO guidance.,IAAO Standard on Ratio Studies (2013) remains the adopted/current guidance.,e950e00d0c3684dd067734d401e5278dcf659f471fcfb0d6db65c7584f7c56b8,plan_display_anchor,,Direct,DISPLAY_ANCHOR,,,,0.1,,True,exact_anchor,,f4658932d5e4d8f2,output/paper_v6_preselection_994/reporting_preview/heldout/LGBCovPenalty/chunk_00/analysis/data_id=d4929d43ec19badf/split_id=3d464d4a611b131b/test_run_predictions/f4658932d5e4d8f2.parquet,38290.0,10.0,0.9244339728930562,-27.009437220675043,3829.0,3829.0,1.1549981333210855,0.9053137197659433,1.13727229461463,1.1717235571492735,0.8999888268764114,0.9102443189502881,51.0,51.0,1864|1966,1864|1966,odd,odd,False,ED2 App. D.2 rank-based order statistic,0.9,10.0,step5_outside_pm10_escalate,a statistical test must be conducted; proceed to Step 6,ci_no_overlap_escalate,proceed to Step 7,24.55859286021781,reject_null,reject the null hypothesis and conclude there is statistical evidence that the level of vertical inequity present is outside of acceptable limits,reject the null hypothesis and conclude there is statistical evidence that the level of vertical inequity present is outside of acceptable limits,False,-27.009437220675043,0.0,-27.009437220675043,0.0,1.1372201623623974,1.1700162962389475,0.899779949377623,0.9098696709457967
fit:LGBCovPenalty:f4658932d5e4d8f2,forward_2025,standards_facing,May-2026 Exposure Draft / proposed guidance; not adopted IAAO guidance.,IAAO Standard on Ratio Studies (2013) remains the adopted/current guidance.,e950e00d0c3684dd067734d401e5278dcf659f471fcfb0d6db65c7584f7c56b8,plan_display_anchor,,Direct,DISPLAY_ANCHOR,,,,0.1,,True,exact_anchor,,f4658932d5e4d8f2,output/paper_v6_preselection_994/reporting_preview/forward_2025/LGBCovPenalty/chunk_00/analysis/data_id=d4929d43ec19badf/split_id=3d464d4a611b131b/assess_run_predictions/f4658932d5e4d8f2.parquet,26641.0,10.0,0.9519759277805985,-27.730031869502053,2665.0,2664.0,1.182821688279488,0.9188384601159402,1.1563764407517891,1.2047744267290594,0.9142012943595506,0.9240822332301883,43.0,43.0,1290|1376,1290|1375,odd,even,False,ED2 App. D.2 rank-based order statistic,0.9,10.0,step5_outside_pm10_escalate,a statistical test must be conducted; proceed to Step 6,ci_no_overlap_escalate,proceed to Step 7,24.401269059729582,reject_null,reject the null hypothesis and conclude there is statistical evidence that the level of vertical inequity present is outside of acceptable limits,reject the null hypothesis and conclude there is statistical evidence that the level of vertical inequity present is outside of acceptable limits,False,-27.730031869502053,0.0,-27.730031869502053,0.0,1.1567380298323247,1.2071296507233098,0.9142280168948145,0.9239799419435064
fit:LGBSmoothPenalty:d180237df9651574,fold_1,descriptive,May-2026 Exposure Draft / proposed guidance; not adopted IAAO guidance.,IAAO Standard on Ratio Studies (2013) remains the adopted/current guidance.,e950e00d0c3684dd067734d401e5278dcf659f471fcfb0d6db65c7584f7c56b8,plan_display_anchor,,Surrogate,DISPLAY_ANCHOR,,,,0.1,,True,exact_anchor,,d180237df9651574,output/paper_v6_preselection_994/predictions/data_id=d4929d43ec19badf/split_id=3d464d4a611b131b/fold_id=0/94c3b3ad6418ce07.parquet,5209.0,10.0,0.9602950826130687,-29.423805118165316,521.0,520.0,1.2533335182064802,0.9707781645390863,1.1994341722459392,1.29649634560994,0.9565628287464869,0.9854083518611788,19.0,20.0,242|280,241|280,odd,even,False,ED2 App. D.2 rank-based order statistic,0.9,10.0,step5_outside_pm10_escalate,a statistical test must be conducted; proceed to Step 6,ci_no_overlap_escalate,proceed to Step 7,22.28750560737774,reject_null,reject the null hypothesis and conclude there is statistical evidence that the level of vertical inequity present is outside of acceptable limits,reject the null hypothesis and conclude there is statistical evidence that the level of vertical inequity present is outside of acceptable limits,False,-29.423805118165316,0.0,-29.42380511816532,-3.552713678800501e-15,,,,
fit:LGBSmoothPenalty:d180237df9651574,fold_2,descriptive,May-2026 Exposure Draft / proposed guidance; not adopted IAAO guidance.,IAAO Standard on Ratio Studies (2013) remains the adopted/current guidance.,e950e00d0c3684dd067734d401e5278dcf659f471fcfb0d6db65c7584f7c56b8,plan_display_anchor,,Surrogate,DISPLAY_ANCHOR,,,,0.1,,True,exact_anchor,,d180237df9651574,output/paper_v6_preselection_994/predictions/data_id=d4929d43ec19badf/split_id=3d464d4a611b131b/fold_id=1/e675400afd014450.parquet,11197.0,10.0,0.9754501561389728,-24.972689562148464,1120.0,1119.0,1.2079744852253134,0.9643783458992352,1.171421784428811,1.240260530636175,0.9538582825904763,0.972033582745902,29.0,28.0,532|589,532|588,even,odd,False,ED2 App. D.2 rank-based order statistic,0.9,10.0,step5_outside_pm10_escalate,a statistical test must be conducted; proceed to Step 6,ci_no_overlap_escalate,proceed to Step 7,20.44063455503739,reject_null,reject the null hypothesis and conclude there is statistical evidence that the level of vertical inequity present is outside of acceptable limits,reject the null hypothesis and conclude there is statistical evidence that the level of vertical inequity present is outside of acceptable limits,False,-24.972689562148464,0.0,-24.972689562148464,0.0,,,,
fit:LGBSmoothPenalty:d180237df9651574,fold_3,descriptive,May-2026 Exposure Draft / proposed guidance; not adopted IAAO guidance.,IAAO Standard on Ratio Studies (2013) remains the adopted/current guidance.,e950e00d0c3684dd067734d401e5278dcf659f471fcfb0d6db65c7584f7c56b8,plan_display_anchor,,Surrogate,DISPLAY_ANCHOR,,,,0.1,,True,exact_anchor,,d180237df9651574,output/paper_v6_preselection_994/predictions/data_id=d4929d43ec19badf/split_id=3d464d4a611b131b/fold_id=2/6863379e9b9bbb77.parquet,16798.0,10.0,0.9708235338396017,-22.829637476021524,1680.0,1679.0,1.1842369931418495,0.9626014998343673,1.1488516169446976,1.207823352747744,0.9535342814346468,0.9694884920446029,35.0,34.0,806|875,806|874,even,odd,False,ED2 App. D.2 rank-based order statistic,0.9,10.0,step5_outside_pm10_escalate,a statistical test must be conducted; proceed to Step 6,ci_no_overlap_escalate,proceed to Step 7,18.475358151930518,reject_null,reject the null hypothesis and conclude there is statistical evidence that the level of vertical inequity present is outside of acceptable limits,reject the null hypothesis and conclude there is statistical evidence that the level of vertical inequity present is outside of acceptable limits,False,-22.829637476021524,0.0,-22.829637476021524,0.0,,,,
fit:LGBSmoothPenalty:d180237df9651574,fold_4,descriptive,May-2026 Exposure Draft / proposed guidance; not adopted IAAO guidance.,IAAO Standard on Ratio Studies (2013) remains the adopted/current guidance.,e950e00d0c3684dd067734d401e5278dcf659f471fcfb0d6db65c7584f7c56b8,plan_display_anchor,,Surrogate,DISPLAY_ANCHOR,,,,0.1,,True,exact_anchor,,d180237df9651574,output/paper_v6_preselection_994/predictions/data_id=d4929d43ec19badf/split_id=3d464d4a611b131b/fold_id=3/cfa719a1dc09c678.parquet,22323.0,10.0,0.9479519114342075,-12.320182988252663,2233.0,2232.0,1.0698545938831954,0.9530651837538622,1.039444537837049,1.095172155836398,0.9455646050085537,0.9592075764411411,39.0,40.0,1078|1156,1077|1156,odd,even,False,ED2 App. D.2 rank-based order statistic,0.9,10.0,step5_outside_pm10_escalate,a statistical test must be conducted; proceed to Step 6,ci_no_overlap_escalate,proceed to Step 7,8.464243853310348,fail_to_reject_null,fail to reject the null hypothesis that the level of vertical inequity present is within acceptable limits,fail to reject the null hypothesis that the level of vertical inequity present is within acceptable limits,False,-12.320182988252663,0.0,-12.320182988252665,-1.7763568394002505e-15,,,,
fit:LGBSmoothPenalty:d180237df9651574,fold_5,descriptive,May-2026 Exposure Draft / proposed guidance; not adopted IAAO guidance.,IAAO Standard on Ratio Studies (2013) remains the adopted/current guidance.,e950e00d0c3684dd067734d401e5278dcf659f471fcfb0d6db65c7584f7c56b8,plan_display_anchor,,Surrogate,DISPLAY_ANCHOR,,,,0.1,,True,exact_anchor,,d180237df9651574,output/paper_v6_preselection_994/predictions/data_id=d4929d43ec19badf/split_id=3d464d4a611b131b/fold_id=4/3a47ddb0dbc7afee.parquet,28053.0,10.0,0.9668964758781766,-19.705978655291595,2806.0,2805.0,1.1470059155200452,0.956469502364725,1.1243134139232966,1.1700062392080177,0.9491023181204042,0.9630307763916793,45.0,44.0,1359|1448,1359|1447,even,odd,False,ED2 App. D.2 rank-based order statistic,0.9,10.0,step5_outside_pm10_escalate,a statistical test must be conducted; proceed to Step 6,ci_no_overlap_escalate,proceed to Step 7,16.680445275708916,reject_null,reject the null hypothesis and conclude there is statistical evidence that the level of vertical inequity present is outside of acceptable limits,reject the null hypothesis and conclude there is statistical evidence that the level of vertical inequity present is outside of acceptable limits,False,-19.705978655291595,0.0,-19.705978655291595,0.0,,,,
fit:LGBSmoothPenalty:d180237df9651574,fold_6,descriptive,May-2026 Exposure Draft / proposed guidance; not adopted IAAO guidance.,IAAO Standard on Ratio Studies (2013) remains the adopted/current guidance.,e950e00d0c3684dd067734d401e5278dcf659f471fcfb0d6db65c7584f7c56b8,plan_display_anchor,,Surrogate,DISPLAY_ANCHOR,,,,0.1,,True,exact_anchor,,d180237df9651574,output/paper_v6_preselection_994/predictions/data_id=d4929d43ec19badf/split_id=3d464d4a611b131b/fold_id=5/c59c29e3a65634f0.parquet,33113.0,10.0,0.9775635918657084,-29.883623834577186,3312.0,3311.0,1.2469099020862462,0.9547784755493165,1.219363483897352,1.265855413223746,0.9496928956429874,0.9600693902889492,48.0,48.0,1609|1704,1608|1704,even,odd,False,ED2 App. D.2 rank-based order statistic,0.9,10.0,step5_outside_pm10_escalate,a statistical test must be conducted; proceed to Step 6,ci_no_overlap_escalate,proceed to Step 7,26.524524416210348,reject_null,reject the null hypothesis and conclude there is statistical evidence that the level of vertical inequity present is outside of acceptable limits,reject the null hypothesis and conclude there is statistical evidence that the level of vertical inequity present is outside of acceptable limits,False,-29.883623834577186,0.0,-29.883623834577183,3.552713678800501e-15,,,,
fit:LGBSmoothPenalty:d180237df9651574,fold_7,descriptive,May-2026 Exposure Draft / proposed guidance; not adopted IAAO guidance.,IAAO Standard on Ratio Studies (2013) remains the adopted/current guidance.,e950e00d0c3684dd067734d401e5278dcf659f471fcfb0d6db65c7584f7c56b8,plan_display_anchor,,Surrogate,DISPLAY_ANCHOR,,,,0.1,,True,exact_anchor,,d180237df9651574,output/paper_v6_preselection_994/predictions/data_id=d4929d43ec19badf/split_id=3d464d4a611b131b/fold_id=6/c654f8d6d5c1daf5.parquet,34460.0,10.0,0.9517033250354416,-32.62832165614331,3446.0,3446.0,1.2489250293600307,0.9384002072552557,1.222502809349271,1.2722364829343173,0.9322671274897494,0.9433396624011808,49.0,49.0,1675|1772,1675|1772,even,even,False,ED2 App. D.2 rank-based order statistic,0.9,10.0,step5_outside_pm10_escalate,a statistical test must be conducted; proceed to Step 6,ci_no_overlap_escalate,proceed to Step 7,29.333001115415243,reject_null,reject the null hypothesis and conclude there is statistical evidence that the level of vertical inequity present is outside of acceptable limits,reject the null hypothesis and conclude there is statistical evidence that the level of vertical inequity present is outside of acceptable limits,False,-32.62832165614331,0.0,-32.62832165614331,0.0,,,,
fit:LGBSmoothPenalty:d180237df9651574,pooled_oof,not_applicable,May-2026 Exposure Draft / proposed guidance; not adopted IAAO guidance.,IAAO Standard on Ratio Studies (2013) remains the adopted/current guidance.,e950e00d0c3684dd067734d401e5278dcf659f471fcfb0d6db65c7584f7c56b8,plan_display_anchor,,Surrogate,DISPLAY_ANCHOR,,,,0.1,,True,exact_anchor,,d180237df9651574,"ED2 App. D.2 is a rank-based order-statistic CI on distinct observations and has no row-balanced analogue; the pooled-OOF sample contains 20,988 unique rows twice, so the ED2 procedure is not applied there. No weighted variant was invented.",,,,,,,,,,,,,,,,,,,,,,,,,,,,,,,,,,,,,,,
fit:LGBSmoothPenalty:d180237df9651574,heldout,standards_facing,May-2026 Exposure Draft / proposed guidance; not adopted IAAO guidance.,IAAO Standard on Ratio Studies (2013) remains the adopted/current guidance.,e950e00d0c3684dd067734d401e5278dcf659f471fcfb0d6db65c7584f7c56b8,plan_display_anchor,,Surrogate,DISPLAY_ANCHOR,,,,0.1,,True,exact_anchor,,d180237df9651574,output/paper_v6_preselection_994/reporting_preview/heldout/LGBSmoothPenalty/chunk_00/analysis/data_id=d4929d43ec19badf/split_id=3d464d4a611b131b/test_run_predictions/d180237df9651574.parquet,38290.0,10.0,0.9270364477296001,-22.72713032924059,3829.0,3829.0,1.121792531525131,0.9111037498500624,1.10461014597992,1.1398905225201796,0.9060444478762786,0.9165373845382793,51.0,51.0,1864|1966,1864|1966,odd,odd,False,ED2 App. D.2 rank-based order statistic,0.9,10.0,step5_outside_pm10_escalate,a statistical test must be conducted; proceed to Step 6,ci_no_overlap_escalate,proceed to Step 7,20.287526116394744,reject_null,reject the null hypothesis and conclude there is statistical evidence that the level of vertical inequity present is outside of acceptable limits,reject the null hypothesis and conclude there is statistical evidence that the level of vertical inequity present is outside of acceptable limits,False,-22.72713032924059,0.0,-22.72713032924059,0.0,1.1054336388181103,1.137991787395861,0.9061726509449974,0.9168802543911897
fit:LGBSmoothPenalty:d180237df9651574,forward_2025,standards_facing,May-2026 Exposure Draft / proposed guidance; not adopted IAAO guidance.,IAAO Standard on Ratio Studies (2013) remains the adopted/current guidance.,e950e00d0c3684dd067734d401e5278dcf659f471fcfb0d6db65c7584f7c56b8,plan_display_anchor,,Surrogate,DISPLAY_ANCHOR,,,,0.1,,True,exact_anchor,,d180237df9651574,output/paper_v6_preselection_994/reporting_preview/forward_2025/LGBSmoothPenalty/chunk_00/analysis/data_id=d4929d43ec19badf/split_id=3d464d4a611b131b/assess_run_predictions/d180237df9651574.parquet,26641.0,10.0,0.9483319934668895,-24.70141129736727,2665.0,2664.0,1.1542052573061792,0.9199538711354007,1.1303282558100267,1.183228368789204,0.913169308980013,0.9252297463037179,43.0,43.0,1290|1376,1290|1375,odd,even,False,ED2 App. D.2 rank-based order statistic,0.9,10.0,step5_outside_pm10_escalate,a statistical test must be conducted; proceed to Step 6,ci_no_overlap_escalate,proceed to Step 7,21.627289906830473,reject_null,reject the null hypothesis and conclude there is statistical evidence that the level of vertical inequity present is outside of acceptable limits,reject the null hypothesis and conclude there is statistical evidence that the level of vertical inequity present is outside of acceptable limits,False,-24.70141129736727,0.0,-24.70141129736727,0.0,1.1307849982095577,1.183228368789204,0.9131681935261036,0.9251450358607163
fit:LGBCovPenalty:e732a8e35bd1a796,fold_1,descriptive,May-2026 Exposure Draft / proposed guidance; not adopted IAAO guidance.,IAAO Standard on Ratio Studies (2013) remains the adopted/current guidance.,e950e00d0c3684dd067734d401e5278dcf659f471fcfb0d6db65c7584f7c56b8,plan_display_anchor,,Direct,DISPLAY_ANCHOR,,,,0.954095476349994,,True,exact_anchor,,e732a8e35bd1a796,output/paper_v6_preselection_994/predictions/data_id=d4929d43ec19badf/split_id=3d464d4a611b131b/fold_id=0/fabf54a5f055442d.parquet,5209.0,10.0,0.9578231920326559,-25.799035451861613,521.0,520.0,1.2217748591543292,0.9746657142756717,1.1770879377735395,1.2690341491526917,0.9594735829581217,0.9881449912759639,19.0,20.0,242|280,241|280,odd,even,False,ED2 App. D.2 rank-based order statistic,0.9,10.0,step5_outside_pm10_escalate,a statistical test must be conducted; proceed to Step 6,ci_no_overlap_escalate,proceed to Step 7,19.726286445059664,reject_null,reject the null hypothesis and conclude there is statistical evidence that the level of vertical inequity present is outside of acceptable limits,reject the null hypothesis and conclude there is statistical evidence that the level of vertical inequity present is outside of acceptable limits,False,-25.799035451861613,0.0,-25.799035451861613,0.0,,,,
fit:LGBCovPenalty:e732a8e35bd1a796,fold_2,descriptive,May-2026 Exposure Draft / proposed guidance; not adopted IAAO guidance.,IAAO Standard on Ratio Studies (2013) remains the adopted/current guidance.,e950e00d0c3684dd067734d401e5278dcf659f471fcfb0d6db65c7584f7c56b8,plan_display_anchor,,Direct,DISPLAY_ANCHOR,,,,0.954095476349994,,True,exact_anchor,,e732a8e35bd1a796,output/paper_v6_preselection_994/predictions/data_id=d4929d43ec19badf/split_id=3d464d4a611b131b/fold_id=1/a831b720a2c49f8e.parquet,11197.0,10.0,0.9824689421483688,-22.089250759430072,1120.0,1119.0,1.2050660776662703,0.9880460494015971,1.170653141754311,1.243514390043123,0.9765976089246458,0.9984739939515535,29.0,28.0,532|589,532|588,even,odd,False,ED2 App. D.2 rank-based order statistic,0.9,10.0,step5_outside_pm10_escalate,a statistical test must be conducted; proceed to Step 6,ci_no_overlap_escalate,proceed to Step 7,17.52514918448746,reject_null,reject the null hypothesis and conclude there is statistical evidence that the level of vertical inequity present is outside of acceptable limits,reject the null hypothesis and conclude there is statistical evidence that the level of vertical inequity present is outside of acceptable limits,False,-22.089250759430072,0.0,-22.089250759430072,0.0,,,,
fit:LGBCovPenalty:e732a8e35bd1a796,fold_3,descriptive,May-2026 Exposure Draft / proposed guidance; not adopted IAAO guidance.,IAAO Standard on Ratio Studies (2013) remains the adopted/current guidance.,e950e00d0c3684dd067734d401e5278dcf659f471fcfb0d6db65c7584f7c56b8,plan_display_anchor,,Direct,DISPLAY_ANCHOR,,,,0.954095476349994,,True,exact_anchor,,e732a8e35bd1a796,output/paper_v6_preselection_994/predictions/data_id=d4929d43ec19badf/split_id=3d464d4a611b131b/fold_id=2/b4c8c63d33701360.parquet,16798.0,10.0,0.977949139693314,-19.077432186167602,1680.0,1679.0,1.1764272877892807,0.9898597038490793,1.1399852280729472,1.2022621456582872,0.9799974341853974,0.9992032033372197,35.0,34.0,806|875,806|874,even,odd,False,ED2 App. D.2 rank-based order statistic,0.9,10.0,step5_outside_pm10_escalate,a statistical test must be conducted; proceed to Step 6,ci_no_overlap_escalate,proceed to Step 7,14.395638691381942,reject_null,reject the null hypothesis and conclude there is statistical evidence that the level of vertical inequity present is outside of acceptable limits,reject the null hypothesis and conclude there is statistical evidence that the level of vertical inequity present is outside of acceptable limits,False,-19.077432186167602,0.0,-19.0774321861676,3.552713678800501e-15,,,,
fit:LGBCovPenalty:e732a8e35bd1a796,fold_4,descriptive,May-2026 Exposure Draft / proposed guidance; not adopted IAAO guidance.,IAAO Standard on Ratio Studies (2013) remains the adopted/current guidance.,e950e00d0c3684dd067734d401e5278dcf659f471fcfb0d6db65c7584f7c56b8,plan_display_anchor,,Direct,DISPLAY_ANCHOR,,,,0.954095476349994,,True,exact_anchor,,e732a8e35bd1a796,output/paper_v6_preselection_994/predictions/data_id=d4929d43ec19badf/split_id=3d464d4a611b131b/fold_id=3/fb74278e9ab1c0fd.parquet,22323.0,10.0,0.9540337277913589,-10.972498480226818,2233.0,2232.0,1.077732304960024,0.9730509686772659,1.053378329513341,1.1024058897130316,0.9671756458625502,0.9792601589480885,39.0,40.0,1078|1156,1077|1156,odd,even,False,ED2 App. D.2 rank-based order statistic,0.9,10.0,step5_outside_pm10_escalate,a statistical test must be conducted; proceed to Step 6,ci_no_overlap_escalate,proceed to Step 7,7.768925605684841,fail_to_reject_null,fail to reject the null hypothesis that the level of vertical inequity present is within acceptable limits,fail to reject the null hypothesis that the level of vertical inequity present is within acceptable limits,False,-10.972498480226818,0.0,-10.972498480226818,0.0,,,,
fit:LGBCovPenalty:e732a8e35bd1a796,fold_5,descriptive,May-2026 Exposure Draft / proposed guidance; not adopted IAAO guidance.,IAAO Standard on Ratio Studies (2013) remains the adopted/current guidance.,e950e00d0c3684dd067734d401e5278dcf659f471fcfb0d6db65c7584f7c56b8,plan_display_anchor,,Direct,DISPLAY_ANCHOR,,,,0.954095476349994,,True,exact_anchor,,e732a8e35bd1a796,output/paper_v6_preselection_994/predictions/data_id=d4929d43ec19badf/split_id=3d464d4a611b131b/fold_id=4/cf94e5605c7911e2.parquet,28053.0,10.0,0.9751293749838794,-16.504990937076695,2806.0,2805.0,1.1472654060130982,0.9863203910472363,1.1291987177254157,1.1746453854611625,0.9795456051766595,0.9926147216404504,45.0,44.0,1359|1448,1359|1447,even,odd,False,ED2 App. D.2 rank-based order statistic,0.9,10.0,step5_outside_pm10_escalate,a statistical test must be conducted; proceed to Step 6,ci_no_overlap_escalate,proceed to Step 7,14.006756394475685,reject_null,reject the null hypothesis and conclude there is statistical evidence that the level of vertical inequity present is outside of acceptable limits,reject the null hypothesis and conclude there is statistical evidence that the level of vertical inequity present is outside of acceptable limits,False,-16.504990937076695,0.0,-16.504990937076695,0.0,,,,
fit:LGBCovPenalty:e732a8e35bd1a796,fold_6,descriptive,May-2026 Exposure Draft / proposed guidance; not adopted IAAO guidance.,IAAO Standard on Ratio Studies (2013) remains the adopted/current guidance.,e950e00d0c3684dd067734d401e5278dcf659f471fcfb0d6db65c7584f7c56b8,plan_display_anchor,,Direct,DISPLAY_ANCHOR,,,,0.954095476349994,,True,exact_anchor,,e732a8e35bd1a796,output/paper_v6_preselection_994/predictions/data_id=d4929d43ec19badf/split_id=3d464d4a611b131b/fold_id=5/35c365b5a6f58206.parquet,33113.0,10.0,0.9838972652000293,-27.802984507612692,3312.0,3311.0,1.2489978030452427,0.9754449988308536,1.2274412998960047,1.273457194972727,0.9706181100839603,0.9809538764422826,48.0,48.0,1609|1704,1608|1704,even,odd,False,ED2 App. D.2 rank-based order statistic,0.9,10.0,step5_outside_pm10_escalate,a statistical test must be conducted; proceed to Step 6,ci_no_overlap_escalate,proceed to Step 7,25.0521504807324,reject_null,reject the null hypothesis and conclude there is statistical evidence that the level of vertical inequity present is outside of acceptable limits,reject the null hypothesis and conclude there is statistical evidence that the level of vertical inequity present is outside of acceptable limits,False,-27.802984507612692,0.0,-27.80298450761269,3.552713678800501e-15,,,,
fit:LGBCovPenalty:e732a8e35bd1a796,fold_7,descriptive,May-2026 Exposure Draft / proposed guidance; not adopted IAAO guidance.,IAAO Standard on Ratio Studies (2013) remains the adopted/current guidance.,e950e00d0c3684dd067734d401e5278dcf659f471fcfb0d6db65c7584f7c56b8,plan_display_anchor,,Direct,DISPLAY_ANCHOR,,,,0.954095476349994,,True,exact_anchor,,e732a8e35bd1a796,output/paper_v6_preselection_994/predictions/data_id=d4929d43ec19badf/split_id=3d464d4a611b131b/fold_id=6/6a8e09729eb5f8e6.parquet,34460.0,10.0,0.958978051276852,-31.31691066812392,3446.0,3446.0,1.2581239364839103,0.957801636838623,1.2316824408691875,1.2786618386703805,0.9528804469137924,0.961864505618055,49.0,49.0,1675|1772,1675|1772,even,even,False,ED2 App. D.2 rank-based order statistic,0.9,10.0,step5_outside_pm10_escalate,a statistical test must be conducted; proceed to Step 6,ci_no_overlap_escalate,proceed to Step 7,28.13598652147227,reject_null,reject the null hypothesis and conclude there is statistical evidence that the level of vertical inequity present is outside of acceptable limits,reject the null hypothesis and conclude there is statistical evidence that the level of vertical inequity present is outside of acceptable limits,False,-31.31691066812392,0.0,-31.31691066812392,0.0,,,,
fit:LGBCovPenalty:e732a8e35bd1a796,pooled_oof,not_applicable,May-2026 Exposure Draft / proposed guidance; not adopted IAAO guidance.,IAAO Standard on Ratio Studies (2013) remains the adopted/current guidance.,e950e00d0c3684dd067734d401e5278dcf659f471fcfb0d6db65c7584f7c56b8,plan_display_anchor,,Direct,DISPLAY_ANCHOR,,,,0.954095476349994,,True,exact_anchor,,e732a8e35bd1a796,"ED2 App. D.2 is a rank-based order-statistic CI on distinct observations and has no row-balanced analogue; the pooled-OOF sample contains 20,988 unique rows twice, so the ED2 procedure is not applied there. No weighted variant was invented.",,,,,,,,,,,,,,,,,,,,,,,,,,,,,,,,,,,,,,,
fit:LGBCovPenalty:e732a8e35bd1a796,heldout,standards_facing,May-2026 Exposure Draft / proposed guidance; not adopted IAAO guidance.,IAAO Standard on Ratio Studies (2013) remains the adopted/current guidance.,e950e00d0c3684dd067734d401e5278dcf659f471fcfb0d6db65c7584f7c56b8,plan_display_anchor,,Direct,DISPLAY_ANCHOR,,,,0.954095476349994,,True,exact_anchor,,e732a8e35bd1a796,output/paper_v6_preselection_994/reporting_preview/heldout/LGBCovPenalty/chunk_02/analysis/data_id=d4929d43ec19badf/split_id=3d464d4a611b131b/test_run_predictions/e732a8e35bd1a796.parquet,38290.0,10.0,0.9360594997777163,-21.918421971296763,3829.0,3829.0,1.1379218118813919,0.9327523408177023,1.116443854942199,1.155417072238868,0.928353273991529,0.9386886628221615,51.0,51.0,1864|1966,1864|1966,odd,odd,False,ED2 App. D.2 rank-based order statistic,0.9,10.0,step5_outside_pm10_escalate,a statistical test must be conducted; proceed to Step 6,ci_no_overlap_escalate,proceed to Step 7,18.98973218713647,reject_null,reject the null hypothesis and conclude there is statistical evidence that the level of vertical inequity present is outside of acceptable limits,reject the null hypothesis and conclude there is statistical evidence that the level of vertical inequity present is outside of acceptable limits,False,-21.918421971296763,0.0,-21.918421971296763,0.0,1.1159605531443832,1.1538727597034633,0.9282399814721561,0.9390806284780613
fit:LGBCovPenalty:e732a8e35bd1a796,forward_2025,standards_facing,May-2026 Exposure Draft / proposed guidance; not adopted IAAO guidance.,IAAO Standard on Ratio Studies (2013) remains the adopted/current guidance.,e950e00d0c3684dd067734d401e5278dcf659f471fcfb0d6db65c7584f7c56b8,plan_display_anchor,,Direct,DISPLAY_ANCHOR,,,,0.954095476349994,,True,exact_anchor,,e732a8e35bd1a796,output/paper_v6_preselection_994/reporting_preview/forward_2025/LGBCovPenalty/chunk_02/analysis/data_id=d4929d43ec19badf/split_id=3d464d4a611b131b/assess_run_predictions/e732a8e35bd1a796.parquet,26641.0,10.0,0.9573523263182272,-23.88851350334731,2665.0,2664.0,1.1721229727855371,0.9434257330383978,1.1461357135456227,1.1951110363534252,0.9368078304992226,0.949507224244301,43.0,43.0,1290|1376,1290|1375,odd,even,False,ED2 App. D.2 rank-based order statistic,0.9,10.0,step5_outside_pm10_escalate,a statistical test must be conducted; proceed to Step 6,ci_no_overlap_escalate,proceed to Step 7,20.5387801226235,reject_null,reject the null hypothesis and conclude there is statistical evidence that the level of vertical inequity present is outside of acceptable limits,reject the null hypothesis and conclude there is statistical evidence that the level of vertical inequity present is outside of acceptable limits,False,-23.88851350334731,0.0,-23.88851350334731,0.0,1.1461357135456227,1.1947053570872423,0.9365527762329448,0.9491411007117954
fit:LGBSmoothPenalty:4a39ef84979943f2,fold_1,descriptive,May-2026 Exposure Draft / proposed guidance; not adopted IAAO guidance.,IAAO Standard on Ratio Studies (2013) remains the adopted/current guidance.,e950e00d0c3684dd067734d401e5278dcf659f471fcfb0d6db65c7584f7c56b8,plan_display_anchor,,Surrogate,DISPLAY_ANCHOR,,,,0.954095476349994,,True,exact_anchor,,4a39ef84979943f2,output/paper_v6_preselection_994/predictions/data_id=d4929d43ec19badf/split_id=3d464d4a611b131b/fold_id=0/0341d69aa93d0465.parquet,5209.0,10.0,0.9513508353015048,-23.778808278979888,521.0,520.0,1.193887734614307,0.9676678434274886,1.1306741024944338,1.2415124816441687,0.951921760594227,0.9784004567103041,19.0,20.0,242|280,241|280,odd,even,False,ED2 App. D.2 rank-based order statistic,0.9,10.0,step5_outside_pm10_escalate,a statistical test must be conducted; proceed to Step 6,ci_no_overlap_escalate,proceed to Step 7,16.00604531301754,reject_null,reject the null hypothesis and conclude there is statistical evidence that the level of vertical inequity present is outside of acceptable limits,reject the null hypothesis and conclude there is statistical evidence that the level of vertical inequity present is outside of acceptable limits,False,-23.778808278979888,0.0,-23.778808278979888,0.0,,,,
fit:LGBSmoothPenalty:4a39ef84979943f2,fold_2,descriptive,May-2026 Exposure Draft / proposed guidance; not adopted IAAO guidance.,IAAO Standard on Ratio Studies (2013) remains the adopted/current guidance.,e950e00d0c3684dd067734d401e5278dcf659f471fcfb0d6db65c7584f7c56b8,plan_display_anchor,,Surrogate,DISPLAY_ANCHOR,,,,0.954095476349994,,True,exact_anchor,,4a39ef84979943f2,output/paper_v6_preselection_994/predictions/data_id=d4929d43ec19badf/split_id=3d464d4a611b131b/fold_id=1/fa77ddf786ded9b8.parquet,11197.0,10.0,0.9753158261914289,-20.418866739332397,1120.0,1119.0,1.1654481544945847,0.9662997156569381,1.1248131973807656,1.1968938206352109,0.9580727147215228,0.976519038474082,29.0,28.0,532|589,532|588,even,odd,False,ED2 App. D.2 rank-based order statistic,0.9,10.0,step5_outside_pm10_escalate,a statistical test must be conducted; proceed to Step 6,ci_no_overlap_escalate,proceed to Step 7,15.204732141563484,reject_null,reject the null hypothesis and conclude there is statistical evidence that the level of vertical inequity present is outside of acceptable limits,reject the null hypothesis and conclude there is statistical evidence that the level of vertical inequity present is outside of acceptable limits,False,-20.418866739332397,0.0,-20.4188667393324,-3.552713678800501e-15,,,,
fit:LGBSmoothPenalty:4a39ef84979943f2,fold_3,descriptive,May-2026 Exposure Draft / proposed guidance; not adopted IAAO guidance.,IAAO Standard on Ratio Studies (2013) remains the adopted/current guidance.,e950e00d0c3684dd067734d401e5278dcf659f471fcfb0d6db65c7584f7c56b8,plan_display_anchor,,Surrogate,DISPLAY_ANCHOR,,,,0.954095476349994,,True,exact_anchor,,4a39ef84979943f2,output/paper_v6_preselection_994/predictions/data_id=d4929d43ec19badf/split_id=3d464d4a611b131b/fold_id=2/03d0b7cb3b0ea3d9.parquet,16798.0,10.0,0.9726283445010513,-11.736174462062719,1680.0,1679.0,1.0910322221727875,0.9768828627946717,1.0645710277193465,1.1127542421623202,0.9684371538174886,0.9832477598299014,35.0,34.0,806|875,806|874,even,odd,False,ED2 App. D.2 rank-based order statistic,0.9,10.0,step5_outside_pm10_escalate,a statistical test must be conducted; proceed to Step 6,ci_no_overlap_escalate,proceed to Step 7,8.361186299908125,fail_to_reject_null,fail to reject the null hypothesis that the level of vertical inequity present is within acceptable limits,fail to reject the null hypothesis that the level of vertical inequity present is within acceptable limits,False,-11.736174462062719,0.0,-11.73617446206272,-1.7763568394002505e-15,,,,
fit:LGBSmoothPenalty:4a39ef84979943f2,fold_4,descriptive,May-2026 Exposure Draft / proposed guidance; not adopted IAAO guidance.,IAAO Standard on Ratio Studies (2013) remains the adopted/current guidance.,e950e00d0c3684dd067734d401e5278dcf659f471fcfb0d6db65c7584f7c56b8,plan_display_anchor,,Surrogate,DISPLAY_ANCHOR,,,,0.954095476349994,,True,exact_anchor,,4a39ef84979943f2,output/paper_v6_preselection_994/predictions/data_id=d4929d43ec19badf/split_id=3d464d4a611b131b/fold_id=3/d29fb369408f69e1.parquet,22323.0,10.0,0.9489230113436665,-3.8259913672684194,2233.0,2232.0,0.9955574391814463,0.9592517266854141,0.9682038392323893,1.0211857401499282,0.9531824434113004,0.9659800520993789,39.0,40.0,1078|1156,1077|1156,odd,even,False,ED2 App. D.2 rank-based order statistic,0.9,10.0,step5_within_pm10_stop,fail to reject the null hypothesis that the degree of vertical inequity is acceptable,not_run,not applicable - Step 5 did not escalate,,not_run,not applicable - Step 6 did not escalate,fail to reject the null hypothesis that the degree of vertical inequity is acceptable,False,-3.8259913672684194,0.0,-3.8259913672684194,0.0,,,,
fit:LGBSmoothPenalty:4a39ef84979943f2,fold_5,descriptive,May-2026 Exposure Draft / proposed guidance; not adopted IAAO guidance.,IAAO Standard on Ratio Studies (2013) remains the adopted/current guidance.,e950e00d0c3684dd067734d401e5278dcf659f471fcfb0d6db65c7584f7c56b8,plan_display_anchor,,Surrogate,DISPLAY_ANCHOR,,,,0.954095476349994,,True,exact_anchor,,4a39ef84979943f2,output/paper_v6_preselection_994/predictions/data_id=d4929d43ec19badf/split_id=3d464d4a611b131b/fold_id=4/f23744ec9def95f0.parquet,28053.0,10.0,0.9716537502863196,-9.594004184359136,2806.0,2805.0,1.0657140355638937,0.9724935341039417,1.0459467553965487,1.0874494405208697,0.9657944646648846,0.9776979461326806,45.0,44.0,1359|1448,1359|1447,even,odd,False,ED2 App. D.2 rank-based order statistic,0.9,10.0,step5_within_pm10_stop,fail to reject the null hypothesis that the degree of vertical inequity is acceptable,not_run,not applicable - Step 5 did not escalate,,not_run,not applicable - Step 6 did not escalate,fail to reject the null hypothesis that the degree of vertical inequity is acceptable,False,-9.594004184359136,0.0,-9.594004184359136,0.0,,,,
fit:LGBSmoothPenalty:4a39ef84979943f2,fold_6,descriptive,May-2026 Exposure Draft / proposed guidance; not adopted IAAO guidance.,IAAO Standard on Ratio Studies (2013) remains the adopted/current guidance.,e950e00d0c3684dd067734d401e5278dcf659f471fcfb0d6db65c7584f7c56b8,plan_display_anchor,,Surrogate,DISPLAY_ANCHOR,,,,0.954095476349994,,True,exact_anchor,,4a39ef84979943f2,output/paper_v6_preselection_994/predictions/data_id=d4929d43ec19badf/split_id=3d464d4a611b131b/fold_id=5/b325ad098fc13a86.parquet,33113.0,10.0,0.9849625815968209,-20.683459770503735,3312.0,3311.0,1.1779304967427335,0.97420615742364,1.1559639425793362,1.1968230673667126,0.9702615538056097,0.9792353343832303,48.0,48.0,1609|1704,1608|1704,even,odd,False,ED2 App. D.2 rank-based order statistic,0.9,10.0,step5_outside_pm10_escalate,a statistical test must be conducted; proceed to Step 6,ci_no_overlap_escalate,proceed to Step 7,17.942672290108074,reject_null,reject the null hypothesis and conclude there is statistical evidence that the level of vertical inequity present is outside of acceptable limits,reject the null hypothesis and conclude there is statistical evidence that the level of vertical inequity present is outside of acceptable limits,False,-20.683459770503735,0.0,-20.68345977050373,3.552713678800501e-15,,,,
fit:LGBSmoothPenalty:4a39ef84979943f2,fold_7,descriptive,May-2026 Exposure Draft / proposed guidance; not adopted IAAO guidance.,IAAO Standard on Ratio Studies (2013) remains the adopted/current guidance.,e950e00d0c3684dd067734d401e5278dcf659f471fcfb0d6db65c7584f7c56b8,plan_display_anchor,,Surrogate,DISPLAY_ANCHOR,,,,0.954095476349994,,True,exact_anchor,,4a39ef84979943f2,output/paper_v6_preselection_994/predictions/data_id=d4929d43ec19badf/split_id=3d464d4a611b131b/fold_id=6/8e3355c0a59224af.parquet,34460.0,10.0,0.951889337616207,-22.029143057718837,3446.0,3446.0,1.1544240912564705,0.944731027321824,1.1353355327460437,1.1753358457405159,0.9388320954526752,0.9515906769717986,49.0,49.0,1675|1772,1675|1772,even,even,False,ED2 App. D.2 rank-based order statistic,0.9,10.0,step5_outside_pm10_escalate,a statistical test must be conducted; proceed to Step 6,ci_no_overlap_escalate,proceed to Step 7,19.303174067942905,reject_null,reject the null hypothesis and conclude there is statistical evidence that the level of vertical inequity present is outside of acceptable limits,reject the null hypothesis and conclude there is statistical evidence that the level of vertical inequity present is outside of acceptable limits,False,-22.029143057718837,0.0,-22.02914305771884,-3.552713678800501e-15,,,,
fit:LGBSmoothPenalty:4a39ef84979943f2,pooled_oof,not_applicable,May-2026 Exposure Draft / proposed guidance; not adopted IAAO guidance.,IAAO Standard on Ratio Studies (2013) remains the adopted/current guidance.,e950e00d0c3684dd067734d401e5278dcf659f471fcfb0d6db65c7584f7c56b8,plan_display_anchor,,Surrogate,DISPLAY_ANCHOR,,,,0.954095476349994,,True,exact_anchor,,4a39ef84979943f2,"ED2 App. D.2 is a rank-based order-statistic CI on distinct observations and has no row-balanced analogue; the pooled-OOF sample contains 20,988 unique rows twice, so the ED2 procedure is not applied there. No weighted variant was invented.",,,,,,,,,,,,,,,,,,,,,,,,,,,,,,,,,,,,,,,
fit:LGBSmoothPenalty:4a39ef84979943f2,heldout,standards_facing,May-2026 Exposure Draft / proposed guidance; not adopted IAAO guidance.,IAAO Standard on Ratio Studies (2013) remains the adopted/current guidance.,e950e00d0c3684dd067734d401e5278dcf659f471fcfb0d6db65c7584f7c56b8,plan_display_anchor,,Surrogate,DISPLAY_ANCHOR,,,,0.954095476349994,,True,exact_anchor,,4a39ef84979943f2,output/paper_v6_preselection_994/reporting_preview/heldout/LGBSmoothPenalty/chunk_02/analysis/data_id=d4929d43ec19badf/split_id=3d464d4a611b131b/test_run_predictions/4a39ef84979943f2.parquet,38290.0,10.0,0.9288215572126783,-12.603916773596092,3829.0,3829.0,1.043497434459192,0.9264295384128869,1.026507029637975,1.0621931322987337,0.9217983545201148,0.9315367823152023,51.0,51.0,1864|1966,1864|1966,odd,odd,False,ED2 App. D.2 rank-based order statistic,0.9,10.0,step5_outside_pm10_escalate,a statistical test must be conducted; proceed to Step 6,ci_no_overlap_escalate,proceed to Step 7,10.224810846097402,reject_null,reject the null hypothesis and conclude there is statistical evidence that the level of vertical inequity present is outside of acceptable limits,reject the null hypothesis and conclude there is statistical evidence that the level of vertical inequity present is outside of acceptable limits,False,-12.603916773596092,0.0,-12.603916773596092,0.0,1.0264185388698202,1.0622243152243422,0.9218431781070118,0.9313860283026997
fit:LGBSmoothPenalty:4a39ef84979943f2,forward_2025,standards_facing,May-2026 Exposure Draft / proposed guidance; not adopted IAAO guidance.,IAAO Standard on Ratio Studies (2013) remains the adopted/current guidance.,e950e00d0c3684dd067734d401e5278dcf659f471fcfb0d6db65c7584f7c56b8,plan_display_anchor,,Surrogate,DISPLAY_ANCHOR,,,,0.954095476349994,,True,exact_anchor,,4a39ef84979943f2,output/paper_v6_preselection_994/reporting_preview/forward_2025/LGBSmoothPenalty/chunk_02/analysis/data_id=d4929d43ec19badf/split_id=3d464d4a611b131b/assess_run_predictions/4a39ef84979943f2.parquet,26641.0,10.0,0.9496424188107003,-15.315800907707123,2665.0,2664.0,1.073830904956004,0.9283855627558228,1.048294622080018,1.0921650898706452,0.9233017766382662,0.9337869712579385,43.0,43.0,1290|1376,1290|1375,odd,even,False,ED2 App. D.2 rank-based order statistic,0.9,10.0,step5_outside_pm10_escalate,a statistical test must be conducted; proceed to Step 6,ci_no_overlap_escalate,proceed to Step 7,12.0579755657382,reject_null,reject the null hypothesis and conclude there is statistical evidence that the level of vertical inequity present is outside of acceptable limits,reject the null hypothesis and conclude there is statistical evidence that the level of vertical inequity present is outside of acceptable limits,False,-15.315800907707123,0.0,-15.315800907707125,-1.7763568394002505e-15,1.0493525901892675,1.0933792996659226,0.9234664477726852,0.933860837362395
fit:LGBCovPenalty:c4e386c3295790e0,fold_1,descriptive,May-2026 Exposure Draft / proposed guidance; not adopted IAAO guidance.,IAAO Standard on Ratio Studies (2013) remains the adopted/current guidance.,e950e00d0c3684dd067734d401e5278dcf659f471fcfb0d6db65c7584f7c56b8,plan_display_anchor,,Direct,DISPLAY_ANCHOR,,,,10.481131341546853,,True,exact_anchor,,c4e386c3295790e0,output/paper_v6_preselection_994/predictions/data_id=d4929d43ec19badf/split_id=3d464d4a611b131b/fold_id=0/88155825763db25c.parquet,5209.0,10.0,0.9718016351205854,-13.062587719763902,521.0,520.0,1.15102212729918,1.0240796862494537,1.1091746389156685,1.2106314314896092,1.0105722318385422,1.0402670075781357,19.0,20.0,242|280,241|280,odd,even,False,ED2 App. D.2 rank-based order statistic,0.9,10.0,step5_outside_pm10_escalate,a statistical test must be conducted; proceed to Step 6,ci_no_overlap_escalate,proceed to Step 7,7.090709548866152,fail_to_reject_null,fail to reject the null hypothesis that the level of vertical inequity present is within acceptable limits,fail to reject the null hypothesis that the level of vertical inequity present is within acceptable limits,False,-13.062587719763902,0.0,-13.062587719763902,0.0,,,,
fit:LGBCovPenalty:c4e386c3295790e0,fold_2,descriptive,May-2026 Exposure Draft / proposed guidance; not adopted IAAO guidance.,IAAO Standard on Ratio Studies (2013) remains the adopted/current guidance.,e950e00d0c3684dd067734d401e5278dcf659f471fcfb0d6db65c7584f7c56b8,plan_display_anchor,,Direct,DISPLAY_ANCHOR,,,,10.481131341546853,,True,exact_anchor,,c4e386c3295790e0,output/paper_v6_preselection_994/predictions/data_id=d4929d43ec19badf/split_id=3d464d4a611b131b/fold_id=1/4f0912f8203864ff.parquet,11197.0,10.0,0.9869229645952323,-9.693531769240325,1120.0,1119.0,1.132375279926523,1.0367075888155557,1.1010553202337447,1.164182505325679,1.0257946768165935,1.0483983189077999,29.0,28.0,532|589,532|588,even,odd,False,ED2 App. D.2 rank-based order statistic,0.9,10.0,step5_within_pm10_stop,fail to reject the null hypothesis that the degree of vertical inequity is acceptable,not_run,not applicable - Step 5 did not escalate,,not_run,not applicable - Step 6 did not escalate,fail to reject the null hypothesis that the degree of vertical inequity is acceptable,False,-9.693531769240325,0.0,-9.693531769240323,1.7763568394002505e-15,,,,
fit:LGBCovPenalty:c4e386c3295790e0,fold_3,descriptive,May-2026 Exposure Draft / proposed guidance; not adopted IAAO guidance.,IAAO Standard on Ratio Studies (2013) remains the adopted/current guidance.,e950e00d0c3684dd067734d401e5278dcf659f471fcfb0d6db65c7584f7c56b8,plan_display_anchor,,Direct,DISPLAY_ANCHOR,,,,10.481131341546853,,True,exact_anchor,,c4e386c3295790e0,output/paper_v6_preselection_994/predictions/data_id=d4929d43ec19badf/split_id=3d464d4a611b131b/fold_id=2/848e7357af93e2d2.parquet,16798.0,10.0,0.998577129284133,-7.023860511700639,1680.0,1679.0,1.1276186330677356,1.0574799684050735,1.102579999622468,1.152807561981472,1.046551259865451,1.0676219338117683,35.0,34.0,806|875,806|874,even,odd,False,ED2 App. D.2 rank-based order statistic,0.9,10.0,step5_within_pm10_stop,fail to reject the null hypothesis that the degree of vertical inequity is acceptable,not_run,not applicable - Step 5 did not escalate,,not_run,not applicable - Step 6 did not escalate,fail to reject the null hypothesis that the degree of vertical inequity is acceptable,False,-7.023860511700639,0.0,-7.023860511700639,0.0,,,,
fit:LGBCovPenalty:c4e386c3295790e0,fold_4,descriptive,May-2026 Exposure Draft / proposed guidance; not adopted IAAO guidance.,IAAO Standard on Ratio Studies (2013) remains the adopted/current guidance.,e950e00d0c3684dd067734d401e5278dcf659f471fcfb0d6db65c7584f7c56b8,plan_display_anchor,,Direct,DISPLAY_ANCHOR,,,,10.481131341546853,,True,exact_anchor,,c4e386c3295790e0,output/paper_v6_preselection_994/predictions/data_id=d4929d43ec19badf/split_id=3d464d4a611b131b/fold_id=3/c71a726d9aec44c0.parquet,22323.0,10.0,0.9648212559816073,2.969865185226905,2233.0,2232.0,1.0044495513023646,1.0331034418834313,0.9780882330095179,1.033751657544803,1.024673452010825,1.040177534129129,39.0,40.0,1078|1156,1077|1156,odd,even,False,ED2 App. D.2 rank-based order statistic,0.9,10.0,step5_within_pm10_stop,fail to reject the null hypothesis that the degree of vertical inequity is acceptable,not_run,not applicable - Step 5 did not escalate,,not_run,not applicable - Step 6 did not escalate,fail to reject the null hypothesis that the degree of vertical inequity is acceptable,False,2.969865185226905,0.0,2.969865185226905,0.0,,,,
fit:LGBCovPenalty:c4e386c3295790e0,fold_5,descriptive,May-2026 Exposure Draft / proposed guidance; not adopted IAAO guidance.,IAAO Standard on Ratio Studies (2013) remains the adopted/current guidance.,e950e00d0c3684dd067734d401e5278dcf659f471fcfb0d6db65c7584f7c56b8,plan_display_anchor,,Direct,DISPLAY_ANCHOR,,,,10.481131341546853,,True,exact_anchor,,c4e386c3295790e0,output/paper_v6_preselection_994/predictions/data_id=d4929d43ec19badf/split_id=3d464d4a611b131b/fold_id=4/527dbcded20dd69e.parquet,28053.0,10.0,0.9929987434644245,-7.686217526290258,2806.0,2805.0,1.120002362186425,1.0436783187304204,1.099701895177515,1.14487797525482,1.0358959903201297,1.0506621257616964,45.0,44.0,1359|1448,1359|1447,even,odd,False,ED2 App. D.2 rank-based order statistic,0.9,10.0,step5_within_pm10_stop,fail to reject the null hypothesis that the degree of vertical inequity is acceptable,not_run,not applicable - Step 5 did not escalate,,not_run,not applicable - Step 6 did not escalate,fail to reject the null hypothesis that the degree of vertical inequity is acceptable,False,-7.686217526290258,0.0,-7.686217526290258,0.0,,,,
fit:LGBCovPenalty:c4e386c3295790e0,fold_6,descriptive,May-2026 Exposure Draft / proposed guidance; not adopted IAAO guidance.,IAAO Standard on Ratio Studies (2013) remains the adopted/current guidance.,e950e00d0c3684dd067734d401e5278dcf659f471fcfb0d6db65c7584f7c56b8,plan_display_anchor,,Direct,DISPLAY_ANCHOR,,,,10.481131341546853,,True,exact_anchor,,c4e386c3295790e0,output/paper_v6_preselection_994/predictions/data_id=d4929d43ec19badf/split_id=3d464d4a611b131b/fold_id=5/fa731f74d76f0a4d.parquet,33113.0,10.0,0.9983477067654227,-15.437255872422028,3312.0,3311.0,1.1960758219444285,1.0419583319545926,1.1769902694374903,1.2252944492484508,1.0363820204956475,1.0489720787788646,48.0,48.0,1609|1704,1608|1704,even,odd,False,ED2 App. D.2 rank-based order statistic,0.9,10.0,step5_outside_pm10_escalate,a statistical test must be conducted; proceed to Step 6,ci_no_overlap_escalate,proceed to Step 7,12.823006432638163,reject_null,reject the null hypothesis and conclude there is statistical evidence that the level of vertical inequity present is outside of acceptable limits,reject the null hypothesis and conclude there is statistical evidence that the level of vertical inequity present is outside of acceptable limits,False,-15.437255872422028,0.0,-15.437255872422028,0.0,,,,
fit:LGBCovPenalty:c4e386c3295790e0,fold_7,descriptive,May-2026 Exposure Draft / proposed guidance; not adopted IAAO guidance.,IAAO Standard on Ratio Studies (2013) remains the adopted/current guidance.,e950e00d0c3684dd067734d401e5278dcf659f471fcfb0d6db65c7584f7c56b8,plan_display_anchor,,Direct,DISPLAY_ANCHOR,,,,10.481131341546853,,True,exact_anchor,,c4e386c3295790e0,output/paper_v6_preselection_994/predictions/data_id=d4929d43ec19badf/split_id=3d464d4a611b131b/fold_id=6/67b4f37785a19fcc.parquet,34460.0,10.0,0.972073865435039,-19.591845275966826,3446.0,3446.0,1.2056426745554432,1.0151954668713004,1.1841612905874603,1.2272337357105236,1.0099415042224158,1.022728745261584,49.0,49.0,1675|1772,1675|1772,even,even,False,ED2 App. D.2 rank-based order statistic,0.9,10.0,step5_outside_pm10_escalate,a statistical test must be conducted; proceed to Step 6,ci_no_overlap_escalate,proceed to Step 7,16.60702453446058,reject_null,reject the null hypothesis and conclude there is statistical evidence that the level of vertical inequity present is outside of acceptable limits,reject the null hypothesis and conclude there is statistical evidence that the level of vertical inequity present is outside of acceptable limits,False,-19.591845275966826,0.0,-19.591845275966826,0.0,,,,
fit:LGBCovPenalty:c4e386c3295790e0,pooled_oof,not_applicable,May-2026 Exposure Draft / proposed guidance; not adopted IAAO guidance.,IAAO Standard on Ratio Studies (2013) remains the adopted/current guidance.,e950e00d0c3684dd067734d401e5278dcf659f471fcfb0d6db65c7584f7c56b8,plan_display_anchor,,Direct,DISPLAY_ANCHOR,,,,10.481131341546853,,True,exact_anchor,,c4e386c3295790e0,"ED2 App. D.2 is a rank-based order-statistic CI on distinct observations and has no row-balanced analogue; the pooled-OOF sample contains 20,988 unique rows twice, so the ED2 procedure is not applied there. No weighted variant was invented.",,,,,,,,,,,,,,,,,,,,,,,,,,,,,,,,,,,,,,,
fit:LGBCovPenalty:c4e386c3295790e0,heldout,standards_facing,May-2026 Exposure Draft / proposed guidance; not adopted IAAO guidance.,IAAO Standard on Ratio Studies (2013) remains the adopted/current guidance.,e950e00d0c3684dd067734d401e5278dcf659f471fcfb0d6db65c7584f7c56b8,plan_display_anchor,,Direct,DISPLAY_ANCHOR,,,,10.481131341546853,,True,exact_anchor,,c4e386c3295790e0,output/paper_v6_preselection_994/reporting_preview/heldout/LGBCovPenalty/chunk_05/analysis/data_id=d4929d43ec19badf/split_id=3d464d4a611b131b/test_run_predictions/c4e386c3295790e0.parquet,38290.0,10.0,0.953158401151625,-10.491046129642976,3829.0,3829.0,1.1025377617710492,1.0025414742176648,1.0872804803426026,1.1191192734526048,0.9971116318969494,1.0079087968828386,51.0,51.0,1864|1966,1864|1966,odd,odd,False,ED2 App. D.2 rank-based order statistic,0.9,10.0,step5_outside_pm10_escalate,a statistical test must be conducted; proceed to Step 6,ci_no_overlap_escalate,proceed to Step 7,8.327229069571807,fail_to_reject_null,fail to reject the null hypothesis that the level of vertical inequity present is within acceptable limits,fail to reject the null hypothesis that the level of vertical inequity present is within acceptable limits,False,-10.491046129642976,0.0,-10.491046129642976,0.0,1.0896412129905892,1.1161458169725473,0.9972143973750454,1.0086345988830603
fit:LGBCovPenalty:c4e386c3295790e0,forward_2025,standards_facing,May-2026 Exposure Draft / proposed guidance; not adopted IAAO guidance.,IAAO Standard on Ratio Studies (2013) remains the adopted/current guidance.,e950e00d0c3684dd067734d401e5278dcf659f471fcfb0d6db65c7584f7c56b8,plan_display_anchor,,Direct,DISPLAY_ANCHOR,,,,10.481131341546853,,True,exact_anchor,,c4e386c3295790e0,output/paper_v6_preselection_994/reporting_preview/forward_2025/LGBCovPenalty/chunk_05/analysis/data_id=d4929d43ec19badf/split_id=3d464d4a611b131b/assess_run_predictions/c4e386c3295790e0.parquet,26641.0,10.0,0.9781338178652249,-11.918165376473569,2665.0,2664.0,1.1320365384361426,1.0154609324197503,1.1078487812188513,1.1547778775353004,1.0076950309174095,1.0233601574910174,43.0,43.0,1290|1376,1290|1375,odd,even,False,ED2 App. D.2 rank-based order statistic,0.9,10.0,step5_outside_pm10_escalate,a statistical test must be conducted; proceed to Step 6,ci_no_overlap_escalate,proceed to Step 7,8.637736696624007,fail_to_reject_null,fail to reject the null hypothesis that the level of vertical inequity present is within acceptable limits,fail to reject the null hypothesis that the level of vertical inequity present is within acceptable limits,False,-11.918165376473569,0.0,-11.918165376473569,0.0,1.1078487812188513,1.1547829542334724,1.00776049308629,1.0233408402006576
fit:LGBSmoothPenalty:036679c4ab8799e9,fold_1,descriptive,May-2026 Exposure Draft / proposed guidance; not adopted IAAO guidance.,IAAO Standard on Ratio Studies (2013) remains the adopted/current guidance.,e950e00d0c3684dd067734d401e5278dcf659f471fcfb0d6db65c7584f7c56b8,plan_display_anchor,,Surrogate,DISPLAY_ANCHOR,,,,10.481131341546853,,True,exact_anchor,,036679c4ab8799e9,output/paper_v6_preselection_994/predictions/data_id=d4929d43ec19badf/split_id=3d464d4a611b131b/fold_id=0/428119eaf06a870e.parquet,5209.0,10.0,0.9470003538393666,-13.152288588743863,521.0,520.0,1.0858993499008904,0.9613471304275114,1.0468321999168115,1.1317948043170278,0.9423105686578467,0.9722029829549155,19.0,20.0,242|280,241|280,odd,even,False,ED2 App. D.2 rank-based order statistic,0.9,10.0,step5_outside_pm10_escalate,a statistical test must be conducted; proceed to Step 6,ci_no_overlap_escalate,proceed to Step 7,7.880590187673247,fail_to_reject_null,fail to reject the null hypothesis that the level of vertical inequity present is within acceptable limits,fail to reject the null hypothesis that the level of vertical inequity present is within acceptable limits,False,-13.152288588743863,0.0,-13.152288588743865,-1.7763568394002505e-15,,,,
fit:LGBSmoothPenalty:036679c4ab8799e9,fold_2,descriptive,May-2026 Exposure Draft / proposed guidance; not adopted IAAO guidance.,IAAO Standard on Ratio Studies (2013) remains the adopted/current guidance.,e950e00d0c3684dd067734d401e5278dcf659f471fcfb0d6db65c7584f7c56b8,plan_display_anchor,,Surrogate,DISPLAY_ANCHOR,,,,10.481131341546853,,True,exact_anchor,,036679c4ab8799e9,output/paper_v6_preselection_994/predictions/data_id=d4929d43ec19badf/split_id=3d464d4a611b131b/fold_id=1/742007dc14f695e7.parquet,11197.0,10.0,0.978988102534806,-16.083322460770432,1120.0,1119.0,1.1214104720527045,0.9639566586694538,1.0885021249697158,1.1576388348266138,0.9568089896231587,0.971733521164601,29.0,28.0,532|589,532|588,even,odd,False,ED2 App. D.2 rank-based order statistic,0.9,10.0,step5_outside_pm10_escalate,a statistical test must be conducted; proceed to Step 6,ci_no_overlap_escalate,proceed to Step 7,11.927479353709849,reject_null,reject the null hypothesis and conclude there is statistical evidence that the level of vertical inequity present is outside of acceptable limits,reject the null hypothesis and conclude there is statistical evidence that the level of vertical inequity present is outside of acceptable limits,False,-16.083322460770432,0.0,-16.083322460770432,0.0,,,,
fit:LGBSmoothPenalty:036679c4ab8799e9,fold_3,descriptive,May-2026 Exposure Draft / proposed guidance; not adopted IAAO guidance.,IAAO Standard on Ratio Studies (2013) remains the adopted/current guidance.,e950e00d0c3684dd067734d401e5278dcf659f471fcfb0d6db65c7584f7c56b8,plan_display_anchor,,Surrogate,DISPLAY_ANCHOR,,,,10.481131341546853,,True,exact_anchor,,036679c4ab8799e9,output/paper_v6_preselection_994/predictions/data_id=d4929d43ec19badf/split_id=3d464d4a611b131b/fold_id=2/9d85a46408c0ee93.parquet,16798.0,10.0,0.9685972485175472,-4.1544430812666615,1680.0,1679.0,1.0199397227348297,0.9796999013584532,0.9947179686686475,1.0457496378908067,0.9716905220080503,0.9880356636667825,35.0,34.0,806|875,806|874,even,odd,False,ED2 App. D.2 rank-based order statistic,0.9,10.0,step5_within_pm10_stop,fail to reject the null hypothesis that the degree of vertical inequity is acceptable,not_run,not applicable - Step 5 did not escalate,,not_run,not applicable - Step 6 did not escalate,fail to reject the null hypothesis that the degree of vertical inequity is acceptable,False,-4.1544430812666615,0.0,-4.1544430812666615,0.0,,,,
fit:LGBSmoothPenalty:036679c4ab8799e9,fold_4,descriptive,May-2026 Exposure Draft / proposed guidance; not adopted IAAO guidance.,IAAO Standard on Ratio Studies (2013) remains the adopted/current guidance.,e950e00d0c3684dd067734d401e5278dcf659f471fcfb0d6db65c7584f7c56b8,plan_display_anchor,,Surrogate,DISPLAY_ANCHOR,,,,10.481131341546853,,True,exact_anchor,,036679c4ab8799e9,output/paper_v6_preselection_994/predictions/data_id=d4929d43ec19badf/split_id=3d464d4a611b131b/fold_id=3/1b623ee80ad9aa5b.parquet,22323.0,10.0,0.9483576602927125,6.45574143554639,2233.0,2232.0,0.9039990896504208,0.9652226080831157,0.8868110033444981,0.9279192126237935,0.9568935629258428,0.9707014220852372,39.0,40.0,1078|1156,1077|1156,odd,even,False,ED2 App. D.2 rank-based order statistic,0.9,10.0,step5_within_pm10_stop,fail to reject the null hypothesis that the degree of vertical inequity is acceptable,not_run,not applicable - Step 5 did not escalate,,not_run,not applicable - Step 6 did not escalate,fail to reject the null hypothesis that the degree of vertical inequity is acceptable,False,6.45574143554639,0.0,6.45574143554639,0.0,,,,
fit:LGBSmoothPenalty:036679c4ab8799e9,fold_5,descriptive,May-2026 Exposure Draft / proposed guidance; not adopted IAAO guidance.,IAAO Standard on Ratio Studies (2013) remains the adopted/current guidance.,e950e00d0c3684dd067734d401e5278dcf659f471fcfb0d6db65c7584f7c56b8,plan_display_anchor,,Surrogate,DISPLAY_ANCHOR,,,,10.481131341546853,,True,exact_anchor,,036679c4ab8799e9,output/paper_v6_preselection_994/predictions/data_id=d4929d43ec19badf/split_id=3d464d4a611b131b/fold_id=4/4f1f92a8d84ac17c.parquet,28053.0,10.0,0.9685231743423224,0.08534603545446928,2806.0,2805.0,0.971335929755848,0.972162525887607,0.9567466664365282,0.9860529072142733,0.9646298410910638,0.9794071600832795,45.0,44.0,1359|1448,1359|1447,even,odd,False,ED2 App. D.2 rank-based order statistic,0.9,10.0,step5_within_pm10_stop,fail to reject the null hypothesis that the degree of vertical inequity is acceptable,not_run,not applicable - Step 5 did not escalate,,not_run,not applicable - Step 6 did not escalate,fail to reject the null hypothesis that the degree of vertical inequity is acceptable,False,0.08534603545446928,0.0,0.0853460354544692,-8.326672684688674e-17,,,,
fit:LGBSmoothPenalty:036679c4ab8799e9,fold_6,descriptive,May-2026 Exposure Draft / proposed guidance; not adopted IAAO guidance.,IAAO Standard on Ratio Studies (2013) remains the adopted/current guidance.,e950e00d0c3684dd067734d401e5278dcf659f471fcfb0d6db65c7584f7c56b8,plan_display_anchor,,Surrogate,DISPLAY_ANCHOR,,,,10.481131341546853,,True,exact_anchor,,036679c4ab8799e9,output/paper_v6_preselection_994/predictions/data_id=d4929d43ec19badf/split_id=3d464d4a611b131b/fold_id=5/64040e6eb05e2b35.parquet,33113.0,10.0,0.9846726742937777,-7.457211283834879,3312.0,3311.0,1.057216377664323,0.9837872558880488,1.040183438605291,1.0765519865418511,0.9776850414371532,0.9879491843265183,48.0,48.0,1609|1704,1608|1704,even,odd,False,ED2 App. D.2 rank-based order statistic,0.9,10.0,step5_within_pm10_stop,fail to reject the null hypothesis that the degree of vertical inequity is acceptable,not_run,not applicable - Step 5 did not escalate,,not_run,not applicable - Step 6 did not escalate,fail to reject the null hypothesis that the degree of vertical inequity is acceptable,False,-7.457211283834879,0.0,-7.457211283834879,0.0,,,,
fit:LGBSmoothPenalty:036679c4ab8799e9,fold_7,descriptive,May-2026 Exposure Draft / proposed guidance; not adopted IAAO guidance.,IAAO Standard on Ratio Studies (2013) remains the adopted/current guidance.,e950e00d0c3684dd067734d401e5278dcf659f471fcfb0d6db65c7584f7c56b8,plan_display_anchor,,Surrogate,DISPLAY_ANCHOR,,,,10.481131341546853,,True,exact_anchor,,036679c4ab8799e9,output/paper_v6_preselection_994/predictions/data_id=d4929d43ec19badf/split_id=3d464d4a611b131b/fold_id=6/e97f35220ba5de28.parquet,34460.0,10.0,0.9575104240241603,-11.278086639172338,3446.0,3446.0,1.0611466140887411,0.9531577588881899,1.0391774981299904,1.072515278787832,0.947291333518329,0.9577750692795771,49.0,49.0,1675|1772,1675|1772,even,even,False,ED2 App. D.2 rank-based order statistic,0.9,10.0,step5_outside_pm10_escalate,a statistical test must be conducted; proceed to Step 6,ci_no_overlap_escalate,proceed to Step 7,8.501466595872724,fail_to_reject_null,fail to reject the null hypothesis that the level of vertical inequity present is within acceptable limits,fail to reject the null hypothesis that the level of vertical inequity present is within acceptable limits,False,-11.278086639172338,0.0,-11.278086639172338,0.0,,,,
fit:LGBSmoothPenalty:036679c4ab8799e9,pooled_oof,not_applicable,May-2026 Exposure Draft / proposed guidance; not adopted IAAO guidance.,IAAO Standard on Ratio Studies (2013) remains the adopted/current guidance.,e950e00d0c3684dd067734d401e5278dcf659f471fcfb0d6db65c7584f7c56b8,plan_display_anchor,,Surrogate,DISPLAY_ANCHOR,,,,10.481131341546853,,True,exact_anchor,,036679c4ab8799e9,"ED2 App. D.2 is a rank-based order-statistic CI on distinct observations and has no row-balanced analogue; the pooled-OOF sample contains 20,988 unique rows twice, so the ED2 procedure is not applied there. No weighted variant was invented.",,,,,,,,,,,,,,,,,,,,,,,,,,,,,,,,,,,,,,,
fit:LGBSmoothPenalty:036679c4ab8799e9,heldout,standards_facing,May-2026 Exposure Draft / proposed guidance; not adopted IAAO guidance.,IAAO Standard on Ratio Studies (2013) remains the adopted/current guidance.,e950e00d0c3684dd067734d401e5278dcf659f471fcfb0d6db65c7584f7c56b8,plan_display_anchor,,Surrogate,DISPLAY_ANCHOR,,,,10.481131341546853,,True,exact_anchor,,036679c4ab8799e9,output/paper_v6_preselection_994/reporting_preview/heldout/LGBSmoothPenalty/chunk_05/analysis/data_id=d4929d43ec19badf/split_id=3d464d4a611b131b/test_run_predictions/036679c4ab8799e9.parquet,38290.0,10.0,0.9274426581602049,0.23990057691511532,3829.0,3829.0,0.9272188261928778,0.929443766480361,0.9127449914929127,0.9390727068999473,0.9254891793375085,0.93606731955604,51.0,51.0,1864|1966,1864|1966,odd,odd,False,ED2 App. D.2 rank-based order statistic,0.9,10.0,step5_within_pm10_stop,fail to reject the null hypothesis that the degree of vertical inequity is acceptable,not_run,not applicable - Step 5 did not escalate,,not_run,not applicable - Step 6 did not escalate,fail to reject the null hypothesis that the degree of vertical inequity is acceptable,False,0.23990057691511532,0.0,0.2399005769151153,-2.7755575615628914e-17,,,,
fit:LGBSmoothPenalty:036679c4ab8799e9,forward_2025,standards_facing,May-2026 Exposure Draft / proposed guidance; not adopted IAAO guidance.,IAAO Standard on Ratio Studies (2013) remains the adopted/current guidance.,e950e00d0c3684dd067734d401e5278dcf659f471fcfb0d6db65c7584f7c56b8,plan_display_anchor,,Surrogate,DISPLAY_ANCHOR,,,,10.481131341546853,,True,exact_anchor,,036679c4ab8799e9,output/paper_v6_preselection_994/reporting_preview/forward_2025/LGBSmoothPenalty/chunk_05/analysis/data_id=d4929d43ec19badf/split_id=3d464d4a611b131b/assess_run_predictions/036679c4ab8799e9.parquet,26641.0,10.0,0.94911049683698,-1.9669814457915356,2665.0,2664.0,0.9483856918768149,0.9297168645039716,0.9334697284807988,0.9690796398059159,0.9246570928649642,0.9349457579234696,43.0,43.0,1290|1376,1290|1375,odd,even,False,ED2 App. D.2 rank-based order statistic,0.9,10.0,step5_within_pm10_stop,fail to reject the null hypothesis that the degree of vertical inequity is acceptable,not_run,not applicable - Step 5 did not escalate,,not_run,not applicable - Step 6 did not escalate,fail to reject the null hypothesis that the degree of vertical inequity is acceptable,False,-1.9669814457915356,0.0,-1.966981445791536,-4.440892098500626e-16,,,,
fit:LGBCovPenalty:a72f544c5161823f,fold_1,descriptive,May-2026 Exposure Draft / proposed guidance; not adopted IAAO guidance.,IAAO Standard on Ratio Studies (2013) remains the adopted/current guidance.,e950e00d0c3684dd067734d401e5278dcf659f471fcfb0d6db65c7584f7c56b8,plan_display_anchor,,Direct,DISPLAY_ANCHOR,,,,100.0,,True,exact_anchor,,a72f544c5161823f,output/paper_v6_preselection_994/predictions/data_id=d4929d43ec19badf/split_id=3d464d4a611b131b/fold_id=0/0e3cb1e39b3d87e9.parquet,5209.0,10.0,0.9784460708437585,2.038186663052231,521.0,520.0,1.0452466350400862,1.0651891923611823,1.0048380070228435,1.0934507300106129,1.0456565298836116,1.0880446655975977,19.0,20.0,242|280,241|280,odd,even,False,ED2 App. D.2 rank-based order statistic,0.9,10.0,step5_within_pm10_stop,fail to reject the null hypothesis that the degree of vertical inequity is acceptable,not_run,not applicable - Step 5 did not escalate,,not_run,not applicable - Step 6 did not escalate,fail to reject the null hypothesis that the degree of vertical inequity is acceptable,False,2.038186663052231,0.0,2.038186663052231,0.0,,,,
fit:LGBCovPenalty:a72f544c5161823f,fold_2,descriptive,May-2026 Exposure Draft / proposed guidance; not adopted IAAO guidance.,IAAO Standard on Ratio Studies (2013) remains the adopted/current guidance.,e950e00d0c3684dd067734d401e5278dcf659f471fcfb0d6db65c7584f7c56b8,plan_display_anchor,,Direct,DISPLAY_ANCHOR,,,,100.0,,True,exact_anchor,,a72f544c5161823f,output/paper_v6_preselection_994/predictions/data_id=d4929d43ec19badf/split_id=3d464d4a611b131b/fold_id=1/f0669eaca5eda745.parquet,11197.0,10.0,0.994779595935346,-0.030610532384126057,1120.0,1119.0,1.074115217818889,1.0738107104885246,1.0376936326834807,1.1004989129238476,1.0619106048959905,1.0881453334547777,29.0,28.0,532|589,532|588,even,odd,False,ED2 App. D.2 rank-based order statistic,0.9,10.0,step5_within_pm10_stop,fail to reject the null hypothesis that the degree of vertical inequity is acceptable,not_run,not applicable - Step 5 did not escalate,,not_run,not applicable - Step 6 did not escalate,fail to reject the null hypothesis that the degree of vertical inequity is acceptable,False,-0.030610532384126057,0.0,-0.030610532384126,5.551115123125783e-17,,,,
fit:LGBCovPenalty:a72f544c5161823f,fold_3,descriptive,May-2026 Exposure Draft / proposed guidance; not adopted IAAO guidance.,IAAO Standard on Ratio Studies (2013) remains the adopted/current guidance.,e950e00d0c3684dd067734d401e5278dcf659f471fcfb0d6db65c7584f7c56b8,plan_display_anchor,,Direct,DISPLAY_ANCHOR,,,,100.0,,True,exact_anchor,,a72f544c5161823f,output/paper_v6_preselection_994/predictions/data_id=d4929d43ec19badf/split_id=3d464d4a611b131b/fold_id=2/c88f2f9b6d5b71a6.parquet,16798.0,10.0,0.99327951322506,0.16154391430840045,1680.0,1679.0,1.072311255833939,1.0739158384396261,1.0420429652546976,1.09810256367591,1.0605363680203128,1.0862846408785056,35.0,34.0,806|875,806|874,even,odd,False,ED2 App. D.2 rank-based order statistic,0.9,10.0,step5_within_pm10_stop,fail to reject the null hypothesis that the degree of vertical inequity is acceptable,not_run,not applicable - Step 5 did not escalate,,not_run,not applicable - Step 6 did not escalate,fail to reject the null hypothesis that the degree of vertical inequity is acceptable,False,0.16154391430840045,0.0,0.1615439143084004,-5.551115123125783e-17,,,,
fit:LGBCovPenalty:a72f544c5161823f,fold_4,descriptive,May-2026 Exposure Draft / proposed guidance; not adopted IAAO guidance.,IAAO Standard on Ratio Studies (2013) remains the adopted/current guidance.,e950e00d0c3684dd067734d401e5278dcf659f471fcfb0d6db65c7584f7c56b8,plan_display_anchor,,Direct,DISPLAY_ANCHOR,,,,100.0,,True,exact_anchor,,a72f544c5161823f,output/paper_v6_preselection_994/predictions/data_id=d4929d43ec19badf/split_id=3d464d4a611b131b/fold_id=3/00f82e4e53fa5da4.parquet,22323.0,10.0,0.9682603481934807,11.918234078641206,2233.0,2232.0,0.9445266941857782,1.0599262289741436,0.9236899551104707,0.9746559552157313,1.05169372928768,1.0680005198420917,39.0,40.0,1078|1156,1077|1156,odd,even,False,ED2 App. D.2 rank-based order statistic,0.9,10.0,step5_outside_pm10_escalate,a statistical test must be conducted; proceed to Step 6,ci_no_overlap_escalate,proceed to Step 7,7.956307847954417,fail_to_reject_null,fail to reject the null hypothesis that the level of vertical inequity present is within acceptable limits,fail to reject the null hypothesis that the level of vertical inequity present is within acceptable limits,False,11.918234078641206,0.0,11.918234078641206,0.0,,,,
fit:LGBCovPenalty:a72f544c5161823f,fold_5,descriptive,May-2026 Exposure Draft / proposed guidance; not adopted IAAO guidance.,IAAO Standard on Ratio Studies (2013) remains the adopted/current guidance.,e950e00d0c3684dd067734d401e5278dcf659f471fcfb0d6db65c7584f7c56b8,plan_display_anchor,,Direct,DISPLAY_ANCHOR,,,,100.0,,True,exact_anchor,,a72f544c5161823f,output/paper_v6_preselection_994/predictions/data_id=d4929d43ec19badf/split_id=3d464d4a611b131b/fold_id=4/56db93c3c081e992.parquet,28053.0,10.0,0.9972268085991666,3.1279064168469928,2806.0,2805.0,1.0597597994541628,1.0909521207908546,1.0391283277488281,1.088209961629537,1.082317876856119,1.0993244144735244,45.0,44.0,1359|1448,1359|1447,even,odd,False,ED2 App. D.2 rank-based order statistic,0.9,10.0,step5_within_pm10_stop,fail to reject the null hypothesis that the degree of vertical inequity is acceptable,not_run,not applicable - Step 5 did not escalate,,not_run,not applicable - Step 6 did not escalate,fail to reject the null hypothesis that the degree of vertical inequity is acceptable,False,3.1279064168469928,0.0,3.1279064168469928,0.0,,,,
fit:LGBCovPenalty:a72f544c5161823f,fold_6,descriptive,May-2026 Exposure Draft / proposed guidance; not adopted IAAO guidance.,IAAO Standard on Ratio Studies (2013) remains the adopted/current guidance.,e950e00d0c3684dd067734d401e5278dcf659f471fcfb0d6db65c7584f7c56b8,plan_display_anchor,,Direct,DISPLAY_ANCHOR,,,,100.0,,True,exact_anchor,,a72f544c5161823f,output/paper_v6_preselection_994/predictions/data_id=d4929d43ec19badf/split_id=3d464d4a611b131b/fold_id=5/5ac7dd70b0602a7c.parquet,33113.0,10.0,1.0179229856210135,-6.204931156089682,3312.0,3311.0,1.1365216155527365,1.07336019507294,1.1195222964619407,1.151502722569696,1.068450921412979,1.080753277639652,48.0,48.0,1609|1704,1608|1704,even,odd,False,ED2 App. D.2 rank-based order statistic,0.9,10.0,step5_within_pm10_stop,fail to reject the null hypothesis that the degree of vertical inequity is acceptable,not_run,not applicable - Step 5 did not escalate,,not_run,not applicable - Step 6 did not escalate,fail to reject the null hypothesis that the degree of vertical inequity is acceptable,False,-6.204931156089682,0.0,-6.204931156089682,0.0,,,,
fit:LGBCovPenalty:a72f544c5161823f,fold_7,descriptive,May-2026 Exposure Draft / proposed guidance; not adopted IAAO guidance.,IAAO Standard on Ratio Studies (2013) remains the adopted/current guidance.,e950e00d0c3684dd067734d401e5278dcf659f471fcfb0d6db65c7584f7c56b8,plan_display_anchor,,Direct,DISPLAY_ANCHOR,,,,100.0,,True,exact_anchor,,a72f544c5161823f,output/paper_v6_preselection_994/predictions/data_id=d4929d43ec19badf/split_id=3d464d4a611b131b/fold_id=6/5fe83c305058cd30.parquet,34460.0,10.0,0.9926978445361737,-8.050433031092242,3446.0,3446.0,1.1325327705447383,1.0526162953692575,1.1097304662135539,1.15840843116952,1.045741233399408,1.0615220572425017,49.0,49.0,1675|1772,1675|1772,even,even,False,ED2 App. D.2 rank-based order statistic,0.9,10.0,step5_within_pm10_stop,fail to reject the null hypothesis that the degree of vertical inequity is acceptable,not_run,not applicable - Step 5 did not escalate,,not_run,not applicable - Step 6 did not escalate,fail to reject the null hypothesis that the degree of vertical inequity is acceptable,False,-8.050433031092242,0.0,-8.050433031092242,0.0,,,,
fit:LGBCovPenalty:a72f544c5161823f,pooled_oof,not_applicable,May-2026 Exposure Draft / proposed guidance; not adopted IAAO guidance.,IAAO Standard on Ratio Studies (2013) remains the adopted/current guidance.,e950e00d0c3684dd067734d401e5278dcf659f471fcfb0d6db65c7584f7c56b8,plan_display_anchor,,Direct,DISPLAY_ANCHOR,,,,100.0,,True,exact_anchor,,a72f544c5161823f,"ED2 App. D.2 is a rank-based order-statistic CI on distinct observations and has no row-balanced analogue; the pooled-OOF sample contains 20,988 unique rows twice, so the ED2 procedure is not applied there. No weighted variant was invented.",,,,,,,,,,,,,,,,,,,,,,,,,,,,,,,,,,,,,,,
fit:LGBCovPenalty:a72f544c5161823f,heldout,standards_facing,May-2026 Exposure Draft / proposed guidance; not adopted IAAO guidance.,IAAO Standard on Ratio Studies (2013) remains the adopted/current guidance.,e950e00d0c3684dd067734d401e5278dcf659f471fcfb0d6db65c7584f7c56b8,plan_display_anchor,,Direct,DISPLAY_ANCHOR,,,,100.0,,True,exact_anchor,,a72f544c5161823f,output/paper_v6_preselection_994/reporting_preview/heldout/LGBCovPenalty/chunk_07/analysis/data_id=d4929d43ec19badf/split_id=3d464d4a611b131b/test_run_predictions/a72f544c5161823f.parquet,38290.0,10.0,0.9675928306890242,0.7461041886769486,3829.0,3829.0,1.0417017194432687,1.0489209700823774,1.026788579549216,1.0580137073076759,1.040976097411058,1.0557140233234346,51.0,51.0,1864|1966,1864|1966,odd,odd,False,ED2 App. D.2 rank-based order statistic,0.9,10.0,step5_within_pm10_stop,fail to reject the null hypothesis that the degree of vertical inequity is acceptable,not_run,not applicable - Step 5 did not escalate,,not_run,not applicable - Step 6 did not escalate,fail to reject the null hypothesis that the degree of vertical inequity is acceptable,False,0.7461041886769486,0.0,0.7461041886769486,0.0,,,,
fit:LGBCovPenalty:a72f544c5161823f,forward_2025,standards_facing,May-2026 Exposure Draft / proposed guidance; not adopted IAAO guidance.,IAAO Standard on Ratio Studies (2013) remains the adopted/current guidance.,e950e00d0c3684dd067734d401e5278dcf659f471fcfb0d6db65c7584f7c56b8,plan_display_anchor,,Direct,DISPLAY_ANCHOR,,,,100.0,,True,exact_anchor,,a72f544c5161823f,output/paper_v6_preselection_994/reporting_preview/forward_2025/LGBCovPenalty/chunk_07/analysis/data_id=d4929d43ec19badf/split_id=3d464d4a611b131b/assess_run_predictions/a72f544c5161823f.parquet,26641.0,10.0,0.9917583694750562,-4.541540029388903,2665.0,2664.0,1.0930030043346268,1.0479619009901024,1.0733241942673557,1.112127565614033,1.041238702830387,1.0578048035949201,43.0,43.0,1290|1376,1290|1375,odd,even,False,ED2 App. D.2 rank-based order statistic,0.9,10.0,step5_within_pm10_stop,fail to reject the null hypothesis that the degree of vertical inequity is acceptable,not_run,not applicable - Step 5 did not escalate,,not_run,not applicable - Step 6 did not escalate,fail to reject the null hypothesis that the degree of vertical inequity is acceptable,False,-4.541540029388903,0.0,-4.541540029388903,0.0,,,,
fit:LGBSmoothPenalty:d5704816049673ad,fold_1,descriptive,May-2026 Exposure Draft / proposed guidance; not adopted IAAO guidance.,IAAO Standard on Ratio Studies (2013) remains the adopted/current guidance.,e950e00d0c3684dd067734d401e5278dcf659f471fcfb0d6db65c7584f7c56b8,plan_display_anchor,,Surrogate,DISPLAY_ANCHOR,,,,100.0,,True,exact_anchor,,d5704816049673ad,output/paper_v6_preselection_994/predictions/data_id=d4929d43ec19badf/split_id=3d464d4a611b131b/fold_id=0/e82b9818b0ea9d3a.parquet,5209.0,10.0,0.9460648426286324,-11.883173656903304,521.0,520.0,1.0803665645407547,0.9679440363842854,1.0439306386606002,1.1216246915041292,0.9534429708150876,0.9793645528718883,19.0,20.0,242|280,241|280,odd,even,False,ED2 App. D.2 rank-based order statistic,0.9,10.0,step5_outside_pm10_escalate,a statistical test must be conducted; proceed to Step 6,ci_no_overlap_escalate,proceed to Step 7,6.824699838682901,fail_to_reject_null,fail to reject the null hypothesis that the level of vertical inequity present is within acceptable limits,fail to reject the null hypothesis that the level of vertical inequity present is within acceptable limits,False,-11.883173656903304,0.0,-11.883173656903304,0.0,,,,
fit:LGBSmoothPenalty:d5704816049673ad,fold_2,descriptive,May-2026 Exposure Draft / proposed guidance; not adopted IAAO guidance.,IAAO Standard on Ratio Studies (2013) remains the adopted/current guidance.,e950e00d0c3684dd067734d401e5278dcf659f471fcfb0d6db65c7584f7c56b8,plan_display_anchor,,Surrogate,DISPLAY_ANCHOR,,,,100.0,,True,exact_anchor,,d5704816049673ad,output/paper_v6_preselection_994/predictions/data_id=d4929d43ec19badf/split_id=3d464d4a611b131b/fold_id=1/922013ae19369d8d.parquet,11197.0,10.0,0.9662341725279934,-12.133088447022761,1120.0,1119.0,1.0819601966847379,0.9647261499265579,1.0561662396723066,1.111646970764728,0.9565249316878136,0.9734739831369182,29.0,28.0,532|589,532|588,even,odd,False,ED2 App. D.2 rank-based order statistic,0.9,10.0,step5_outside_pm10_escalate,a statistical test must be conducted; proceed to Step 6,ci_no_overlap_escalate,proceed to Step 7,8.55820037072769,fail_to_reject_null,fail to reject the null hypothesis that the level of vertical inequity present is within acceptable limits,fail to reject the null hypothesis that the level of vertical inequity present is within acceptable limits,False,-12.133088447022761,0.0,-12.13308844702276,1.7763568394002505e-15,,,,
fit:LGBSmoothPenalty:d5704816049673ad,fold_3,descriptive,May-2026 Exposure Draft / proposed guidance; not adopted IAAO guidance.,IAAO Standard on Ratio Studies (2013) remains the adopted/current guidance.,e950e00d0c3684dd067734d401e5278dcf659f471fcfb0d6db65c7584f7c56b8,plan_display_anchor,,Surrogate,DISPLAY_ANCHOR,,,,100.0,,True,exact_anchor,,d5704816049673ad,output/paper_v6_preselection_994/predictions/data_id=d4929d43ec19badf/split_id=3d464d4a611b131b/fold_id=2/62a1ec3ed40bb03f.parquet,16798.0,10.0,0.9633262185753262,-1.3151232709111211,1680.0,1679.0,0.9984597293444465,0.9857908020691742,0.9808139060982921,1.0246204846585438,0.9765133355421363,0.9923754458785357,35.0,34.0,806|875,806|874,even,odd,False,ED2 App. D.2 rank-based order statistic,0.9,10.0,step5_within_pm10_stop,fail to reject the null hypothesis that the degree of vertical inequity is acceptable,not_run,not applicable - Step 5 did not escalate,,not_run,not applicable - Step 6 did not escalate,fail to reject the null hypothesis that the degree of vertical inequity is acceptable,False,-1.3151232709111211,0.0,-1.3151232709111211,0.0,,,,
fit:LGBSmoothPenalty:d5704816049673ad,fold_4,descriptive,May-2026 Exposure Draft / proposed guidance; not adopted IAAO guidance.,IAAO Standard on Ratio Studies (2013) remains the adopted/current guidance.,e950e00d0c3684dd067734d401e5278dcf659f471fcfb0d6db65c7584f7c56b8,plan_display_anchor,,Surrogate,DISPLAY_ANCHOR,,,,100.0,,True,exact_anchor,,d5704816049673ad,output/paper_v6_preselection_994/predictions/data_id=d4929d43ec19badf/split_id=3d464d4a611b131b/fold_id=3/c218ca81dd91fc85.parquet,22323.0,10.0,0.9385014426865427,7.623357250628076,2233.0,2232.0,0.8884411292679332,0.9599864470462268,0.8717087236390176,0.90454180430186,0.9534590723784305,0.9666507236040648,39.0,40.0,1078|1156,1077|1156,odd,even,False,ED2 App. D.2 rank-based order statistic,0.9,10.0,step5_within_pm10_stop,fail to reject the null hypothesis that the degree of vertical inequity is acceptable,not_run,not applicable - Step 5 did not escalate,,not_run,not applicable - Step 6 did not escalate,fail to reject the null hypothesis that the degree of vertical inequity is acceptable,False,7.623357250628076,0.0,7.623357250628076,0.0,,,,
fit:LGBSmoothPenalty:d5704816049673ad,fold_5,descriptive,May-2026 Exposure Draft / proposed guidance; not adopted IAAO guidance.,IAAO Standard on Ratio Studies (2013) remains the adopted/current guidance.,e950e00d0c3684dd067734d401e5278dcf659f471fcfb0d6db65c7584f7c56b8,plan_display_anchor,,Surrogate,DISPLAY_ANCHOR,,,,100.0,,True,exact_anchor,,d5704816049673ad,output/paper_v6_preselection_994/predictions/data_id=d4929d43ec19badf/split_id=3d464d4a611b131b/fold_id=4/a69745be6e9db482.parquet,28053.0,10.0,0.9695987778843919,3.533724258426627,2806.0,2805.0,0.9371696752461948,0.9714326224697036,0.9246598521710229,0.9502281461032797,0.9662002414341184,0.9804883028695259,45.0,44.0,1359|1448,1359|1447,even,odd,False,ED2 App. D.2 rank-based order statistic,0.9,10.0,step5_within_pm10_stop,fail to reject the null hypothesis that the degree of vertical inequity is acceptable,not_run,not applicable - Step 5 did not escalate,,not_run,not applicable - Step 6 did not escalate,fail to reject the null hypothesis that the degree of vertical inequity is acceptable,False,3.533724258426627,0.0,3.533724258426627,0.0,,,,
fit:LGBSmoothPenalty:d5704816049673ad,fold_6,descriptive,May-2026 Exposure Draft / proposed guidance; not adopted IAAO guidance.,IAAO Standard on Ratio Studies (2013) remains the adopted/current guidance.,e950e00d0c3684dd067734d401e5278dcf659f471fcfb0d6db65c7584f7c56b8,plan_display_anchor,,Surrogate,DISPLAY_ANCHOR,,,,100.0,,True,exact_anchor,,d5704816049673ad,output/paper_v6_preselection_994/predictions/data_id=d4929d43ec19badf/split_id=3d464d4a611b131b/fold_id=5/a98cf53a175524a3.parquet,33113.0,10.0,0.9881168642075633,-4.1724417469022965,3312.0,3311.0,1.029786085501264,0.9885574849508857,1.0133283370578046,1.041435309701371,0.9829456662789395,0.9935140159497652,48.0,48.0,1609|1704,1608|1704,even,odd,False,ED2 App. D.2 rank-based order statistic,0.9,10.0,step5_within_pm10_stop,fail to reject the null hypothesis that the degree of vertical inequity is acceptable,not_run,not applicable - Step 5 did not escalate,,not_run,not applicable - Step 6 did not escalate,fail to reject the null hypothesis that the degree of vertical inequity is acceptable,False,-4.1724417469022965,0.0,-4.1724417469022965,0.0,,,,
fit:LGBSmoothPenalty:d5704816049673ad,fold_7,descriptive,May-2026 Exposure Draft / proposed guidance; not adopted IAAO guidance.,IAAO Standard on Ratio Studies (2013) remains the adopted/current guidance.,e950e00d0c3684dd067734d401e5278dcf659f471fcfb0d6db65c7584f7c56b8,plan_display_anchor,,Surrogate,DISPLAY_ANCHOR,,,,100.0,,True,exact_anchor,,d5704816049673ad,output/paper_v6_preselection_994/predictions/data_id=d4929d43ec19badf/split_id=3d464d4a611b131b/fold_id=6/081f1207d4f51951.parquet,34460.0,10.0,0.9588385509953878,-7.248098183459013,3446.0,3446.0,1.0240589788532701,0.9545614192562687,1.011221962178024,1.0439548502084013,0.9479203306547177,0.9589907716668519,49.0,49.0,1675|1772,1675|1772,even,even,False,ED2 App. D.2 rank-based order statistic,0.9,10.0,step5_within_pm10_stop,fail to reject the null hypothesis that the degree of vertical inequity is acceptable,not_run,not applicable - Step 5 did not escalate,,not_run,not applicable - Step 6 did not escalate,fail to reject the null hypothesis that the degree of vertical inequity is acceptable,False,-7.248098183459013,0.0,-7.248098183459013,0.0,,,,
fit:LGBSmoothPenalty:d5704816049673ad,pooled_oof,not_applicable,May-2026 Exposure Draft / proposed guidance; not adopted IAAO guidance.,IAAO Standard on Ratio Studies (2013) remains the adopted/current guidance.,e950e00d0c3684dd067734d401e5278dcf659f471fcfb0d6db65c7584f7c56b8,plan_display_anchor,,Surrogate,DISPLAY_ANCHOR,,,,100.0,,True,exact_anchor,,d5704816049673ad,"ED2 App. D.2 is a rank-based order-statistic CI on distinct observations and has no row-balanced analogue; the pooled-OOF sample contains 20,988 unique rows twice, so the ED2 procedure is not applied there. No weighted variant was invented.",,,,,,,,,,,,,,,,,,,,,,,,,,,,,,,,,,,,,,,
fit:LGBSmoothPenalty:d5704816049673ad,heldout,standards_facing,May-2026 Exposure Draft / proposed guidance; not adopted IAAO guidance.,IAAO Standard on Ratio Studies (2013) remains the adopted/current guidance.,e950e00d0c3684dd067734d401e5278dcf659f471fcfb0d6db65c7584f7c56b8,plan_display_anchor,,Surrogate,DISPLAY_ANCHOR,,,,100.0,,True,exact_anchor,,d5704816049673ad,output/paper_v6_preselection_994/reporting_preview/heldout/LGBSmoothPenalty/chunk_07/analysis/data_id=d4929d43ec19badf/split_id=3d464d4a611b131b/test_run_predictions/d5704816049673ad.parquet,38290.0,10.0,0.9225357447665429,4.01611843191782,3829.0,3829.0,0.8945267833447027,0.9315769114313022,0.8785380311352358,0.9095695609178173,0.926997294865037,0.9365497860449961,51.0,51.0,1864|1966,1864|1966,odd,odd,False,ED2 App. D.2 rank-based order statistic,0.9,10.0,step5_within_pm10_stop,fail to reject the null hypothesis that the degree of vertical inequity is acceptable,not_run,not applicable - Step 5 did not escalate,,not_run,not applicable - Step 6 did not escalate,fail to reject the null hypothesis that the degree of vertical inequity is acceptable,False,4.01611843191782,0.0,4.01611843191782,0.0,,,,
fit:LGBSmoothPenalty:d5704816049673ad,forward_2025,standards_facing,May-2026 Exposure Draft / proposed guidance; not adopted IAAO guidance.,IAAO Standard on Ratio Studies (2013) remains the adopted/current guidance.,e950e00d0c3684dd067734d401e5278dcf659f471fcfb0d6db65c7584f7c56b8,plan_display_anchor,,Surrogate,DISPLAY_ANCHOR,,,,100.0,,True,exact_anchor,,d5704816049673ad,output/paper_v6_preselection_994/reporting_preview/forward_2025/LGBSmoothPenalty/chunk_07/analysis/data_id=d4929d43ec19badf/split_id=3d464d4a611b131b/assess_run_predictions/d5704816049673ad.parquet,26641.0,10.0,0.9476132843923124,1.6516199941362943,2665.0,2664.0,0.9131523209962608,0.9288032914683758,0.8966318343333685,0.929098426804325,0.9235655302363927,0.9335820071150884,43.0,43.0,1290|1376,1290|1375,odd,even,False,ED2 App. D.2 rank-based order statistic,0.9,10.0,step5_within_pm10_stop,fail to reject the null hypothesis that the degree of vertical inequity is acceptable,not_run,not applicable - Step 5 did not escalate,,not_run,not applicable - Step 6 did not escalate,fail to reject the null hypothesis that the degree of vertical inequity is acceptable,False,1.6516199941362943,0.0,1.6516199941362943,0.0,,,,
