county_key,family,rho_tilde,raw_rho,Var_train_y,n_train,n_eval,evaluation_layer,fold,anchor_roles,on_frozen_grid,fit_status,fit_error,R2_price,R2_log,NMSE,RMSE_log,MAE,MAPE,median_ratio,mean_ratio,weighted_mean_ratio,COD,COV,PRD,PRB,MKI,VEI,beta_log,Delta_NL,dCor,Delta_NMSE,Delta_R2_price,Delta_PRD,Delta_PRB,Delta_MKI,Delta_VEI,Delta_beta_log,Delta_Delta_NL,Delta_dCor,A_beta,I_PRD,Delta_I_PRD,I_PRB,Delta_I_PRB,I_MKI,Delta_I_MKI,I_VEI,Delta_I_VEI,I_beta_log,Delta_I_beta_log,raw_rho_reproduced
allegheny,direct,0.0,0.0,0.424901125559354,110681,12113.0,FORWARD_2025,,"grid,baseline_rho0",True,OK,,0.7173798320428917,0.7649731754721103,0.2350268245278897,0.3326720109529582,60955.24549939408,0.2543728828055664,0.9575961162300104,1.0407530389294644,0.9380400223534116,26.167728608275475,0.471268672049887,1.1094974778563926,-0.113004683482237,0.8593394115026766,-39.8705857035468,-0.2238636773670337,0.1412505713399588,0.4679292663655508,0.0,0.0,0.0,0.0,0.0,0.0,0.0,0.0,0.0,0.0,0.1094974778563926,0.0,0.113004683482237,0.0,0.1406605884973234,0.0,39.8705857035468,0.0,0.2238636773670337,0.0,True
allegheny,direct,0.001,0.0023534887055984,0.424901125559354,110681,12113.0,FORWARD_2025,,grid,True,OK,,0.7174766703976992,0.7644707857642563,0.2355292142357437,0.3330273784219752,60923.94774750495,0.2547112336493385,0.957577789125249,1.041452927304257,0.9384821650722904,26.205023109250654,0.4730872134742088,1.109720531795119,-0.1139722850628708,0.8593540920439889,-40.29147148890968,-0.224961760949352,0.1418980636890989,0.4701743485365671,0.000502389707854,9.68383548075602e-05,0.0002230539387266,-0.0009676015806337,1.4680541312372952e-05,-0.4208857853628771,-0.0010980835823183,0.00064749234914,0.0022450821710162,-0.0049051440378067,0.1097205317951193,0.0002230539387266,0.1139722850628708,0.0009676015806337,0.140645907956011,-1.4680541312372952e-05,40.29147148890968,0.4208857853628771,0.224961760949352,0.0010980835823183,True
allegheny,direct,0.0014512854854972,0.0034155839987166,0.424901125559354,110681,12113.0,FORWARD_2025,,grid,True,OK,,0.7169328992617832,0.7652279163577933,0.2347720836422066,0.3324916737962669,61034.91377756727,0.2547700452264601,0.9558416748393472,1.04091565485516,0.9380825373036954,26.23543286641612,0.476586201189705,1.1096205434620232,-0.1128192617463575,0.8590837106932382,-40.629664325735625,-0.2242446047672585,0.1408753404068178,0.4694869301180164,-0.000254740885683,-0.0004469327811085,0.0001230656056305,0.0001854217358794,-0.0002557008094383,-0.7590786221888237,-0.0003809274002248,-0.000375230933141,0.0015576637524655,-0.001701604318776,0.1096205434620232,0.0001230656056305,0.1128192617463575,-0.0001854217358794,0.1409162893067618,0.0002557008094383,40.629664325735625,0.7590786221888237,0.2242446047672585,0.0003809274002248,True
allegheny,direct,0.0021062295604149,0.004956987481834,0.424901125559354,110681,12113.0,FORWARD_2025,,grid,True,OK,,0.7166224686920637,0.7645403337956345,0.2354596662043654,0.3329782059473628,61176.09539671208,0.2550524818394619,0.956255407302706,1.0412434994070847,0.9381113497614982,26.27343609123361,0.4794124457136486,1.109935936359587,-0.1133111731687655,0.8587604420408912,-40.39360682934509,-0.2252247605834647,0.1409581912508019,0.4706114197140551,0.0004328416764757,-0.0007573633508279,0.0004384585031944,-0.0003064896865285,-0.0005789694617853,-0.5230211257982873,-0.001361083216431,-0.0002923800891569,0.0026821533485043,-0.0060799645232283,0.1099359363595871,0.0004384585031944,0.1133111731687655,0.0003064896865285,0.1412395579591088,0.0005789694617853,40.39360682934509,0.5230211257982873,0.2252247605834647,0.001361083216431,True
allegheny,direct,0.0030567403901553,0.0071940039841771,0.424901125559354,110681,12113.0,FORWARD_2025,,grid,True,OK,,0.7169223338978026,0.7647486887497408,0.2352513112502592,0.3328308494710699,61097.55639260719,0.255072628397802,0.9568779457050928,1.0414215278948713,0.9382791001148268,26.261120437535507,0.4768068339983285,1.1099272356886367,-0.113339076960773,0.8586374166227373,-40.31428667027231,-0.2249739728830604,0.1405438237545841,0.4698959362019108,0.0002244867223695,-0.0004574981450891,0.000429757832244,-0.0003343934785359,-0.0007019948799392,-0.4437009667255083,-0.0011102955160267,-0.0007067475853746,0.0019666698363599,-0.0049596947976799,0.1099272356886367,0.000429757832244,0.113339076960773,0.0003343934785359,0.1413625833772627,0.0007019948799392,40.31428667027231,0.4437009667255083,0.2249739728830604,0.0011102955160267,True
allegheny,direct,0.0044362029611655,0.0104405535648455,0.424901125559354,110681,12113.0,FORWARD_2025,,grid,True,OK,,0.7166644374880284,0.7644409661605938,0.2355590338394063,0.3330484595225946,61147.55787083129,0.255270569344302,0.957008568966539,1.0415470140307788,0.9383882127533172,26.27441205878772,0.4705474431494529,1.1099319022505454,-0.1141624342356631,0.8586239116578406,-40.07594141865808,-0.2251622502645368,0.1408698893837727,0.4705537225703282,0.0005322093115165,-0.0007153945548632,0.0004344243941527,-0.0011577507534261,-0.0007154998448359,-0.2053557151112741,-0.0012985728975031,-0.000380681956186,0.0026244562047774,-0.0058007306624114,0.1099319022505453,0.0004344243941527,0.1141624342356631,0.0011577507534261,0.1413760883421594,0.0007154998448359,40.07594141865808,0.2053557151112741,0.2251622502645368,0.0012985728975031,True
allegheny,direct,0.0064381969682594,0.0151522238492165,0.424901125559354,110681,12113.0,FORWARD_2025,,grid,True,OK,,0.7163907630743243,0.7647837741141105,0.2352162258858895,0.3328060293606257,61094.64089794442,0.2548523109061724,0.956633885829781,1.0413238433702157,0.9379328047454352,26.232589458576555,0.4724959425146751,1.110232884596506,-0.1144666143879015,0.8581545111212937,-40.49404187271796,-0.2255628541816283,0.141172909769602,0.4709405628693436,0.0001894013579997,-0.0009890689685674,0.0007354067401132,-0.0014619309056645,-0.0011849003813828,-0.6234561691711562,-0.0016991768145946,-7.766157035676846e-05,0.0030112965037927,-0.0075902300658126,0.1102328845965059,0.0007354067401132,0.1144666143879015,0.0014619309056645,0.1418454888787063,0.0011849003813828,40.49404187271796,0.6234561691711562,0.2255628541816283,0.0016991768145946,True
allegheny,direct,0.0093436618128071,0.0219902025453728,0.424901125559354,110681,12113.0,FORWARD_2025,,grid,True,OK,,0.7193515554118083,0.7648453526483668,0.2351546473516332,0.3327624629593966,60933.661279711385,0.2546643957797951,0.9570457963829134,1.0410404360704315,0.9383195089104144,26.202797603674945,0.4706017985820279,1.1094732936750915,-0.1138585996236217,0.8593274832252366,-40.35514257291421,-0.2245936049362027,0.1408786732148017,0.469410801280017,0.0001278228237434,0.0019717233689166,-2.418418130112343e-05,-0.0008539161413847,-1.1928277440009794e-05,-0.4845568693674096,-0.000729927569169,-0.0003718981251571,0.0014815349144661,-0.003260589559477,0.1094732936750915,-2.418418130112343e-05,0.1138585996236217,0.0008539161413847,0.1406725167747634,1.1928277440009794e-05,40.35514257291421,0.4845568693674096,0.2245936049362027,0.000729927569169,True
allegheny,direct,0.0135603207703216,0.0319140617772437,0.424901125559354,110681,12113.0,FORWARD_2025,,grid,True,OK,,0.7173204070707553,0.7645380172593638,0.2354619827406363,0.3329798439225768,61029.14702843582,0.2549143327097114,0.9570632587932032,1.0416250325670102,0.9386585508024172,26.24994964827267,0.4738149673672168,1.109695353732805,-0.1135694675070109,0.8594346683408419,-39.73373570400493,-0.2248096366033763,0.1421748472675864,0.4699060724899525,0.0004351582127465,-5.942497213640152e-05,0.0001978758764122,-0.0005647840247739,9.525683816535846e-05,0.136849999541873,-0.0009459592363426,0.0009242759276275,0.0019768061244017,-0.0042256039365944,0.1096953537328049,0.0001978758764122,0.1135694675070109,0.0005647840247739,0.140565331659158,-9.525683816535846e-05,39.73373570400493,-0.136849999541873,0.2248096366033763,0.0009459592363426,True
allegheny,direct,0.0196798967126543,0.0463164146405755,0.424901125559354,110681,12113.0,FORWARD_2025,,grid,True,OK,,0.7169396989712955,0.7642923463411848,0.2357076536588152,0.3331535070689765,61131.67095655874,0.2554273188049578,0.9575026326517914,1.042293497150215,0.9391486403940822,26.28680805203672,0.4772745678736644,1.1098280424628535,-0.1131408215161762,0.8591174080191117,-39.91243946880968,-0.2249481880989576,0.1417207451417549,0.4699073681387999,0.0006808291309254,-0.0004401330715961,0.000330564606461,-0.0001361380339392,-0.0002220034835648,-0.0418537652628785,-0.0010845107319239,0.000470173801796,0.001978101773249,-0.0048445140573021,0.1098280424628537,0.000330564606461,0.1131408215161762,0.0001361380339392,0.1408825919808882,0.0002220034835648,39.91243946880968,0.0418537652628785,0.2249481880989576,0.0010845107319239,True
allegheny,direct,0.0285611484551597,0.0672183403081383,0.424901125559354,110681,12113.0,FORWARD_2025,,grid,True,OK,,0.7165015968907016,0.7652535431620988,0.2347464568379011,0.3324735265543554,60967.29703592916,0.2546401830800692,0.9570855651177614,1.041908414300551,0.9398846507676288,26.219578368007777,0.4776327881080085,1.1085492389407536,-0.1109372843899977,0.8610010985887949,-40.30797845440843,-0.222738376590577,0.1409676441893795,0.4670161143174033,-0.0002803676899885,-0.00087823515219,-0.0009482389156389,0.0020673990922392,0.0016616870861183,-0.4373927508616262,0.0011253007764567,-0.0002829271505792,-0.0009131520481474,0.0050267233599121,0.1085492389407536,-0.0009482389156389,0.1109372843899977,-0.0020673990922392,0.138998901411205,-0.0016616870861183,40.30797845440843,0.4373927508616262,0.222738376590577,-0.0011253007764567,True
allegheny,direct,0.0414503802021047,0.0975530016484141,0.424901125559354,110681,12113.0,FORWARD_2025,,grid,True,OK,,0.7174552165538544,0.7643695445575687,0.2356304554424313,0.3330989459159703,60978.36044518851,0.2550178866879291,0.9583221920411248,1.0418595342634749,0.9400276140073112,26.23082958981605,0.4808729460611888,1.1083286477320138,-0.1097912982101287,0.8620286494674055,-39.66598717574722,-0.2219987726767962,0.1424717027219189,0.4649550891884196,0.0006036309145416,7.538451096267273e-05,-0.0011688301243788,0.0032133852721083,0.0026892379647289,0.2045985277995825,0.0018649046902374,0.0012211313819601,-0.0029741771771312,0.008330537191971,0.1083286477320137,-0.0011688301243788,0.1097912982101287,-0.0032133852721083,0.1379713505325944,-0.0026892379647289,39.66598717574722,-0.2045985277995825,0.2219987726767962,-0.0018649046902374,True
allegheny,direct,0.060156335155656,0.1415772553590301,0.424901125559354,110681,12113.0,FORWARD_2025,,grid,True,OK,,0.7165768220847438,0.7641328449481466,0.2358671550518534,0.3332662090985946,61099.20400381909,0.2555444311133431,0.9576344143830394,1.042369912124145,0.940845603325692,26.30698299757445,0.4773294470548513,1.1079075126031157,-0.1096500408104049,0.862661604249155,-38.84454361990597,-0.2218485831234155,0.1425798099507624,0.4643009124732453,0.0008403305239636,-0.0008030099581478,-0.0015899652532771,0.003354642671832,0.0033221927464783,1.0260420836408315,0.0020150942436181,0.0013292386108035,-0.0036283538923055,0.0090014345664228,0.1079075126031154,-0.0015899652532771,0.1096500408104049,-0.003354642671832,0.137338395750845,-0.0033221927464783,38.84454361990597,-1.0260420836408315,0.2218485831234155,-0.0020150942436181,True
allegheny,direct,0.0873040160721099,0.2054690157790944,0.424901125559354,110681,12113.0,FORWARD_2025,,grid,True,OK,,0.7167689358210863,0.7643606346896602,0.2356393653103397,0.3331052435729255,60896.78719603927,0.2549685506096484,0.9588259496843649,1.0426744760172608,0.9423195518266604,26.236834562432072,0.4771500835852462,1.1064977628831592,-0.1073346648351251,0.8650594051856463,-38.27733273776528,-0.2195451866149595,0.1425597080954177,0.4609071117279893,0.00061254078245,-0.0006108962218054,-0.0029997149732334,0.0056700186471118,0.0057199936829697,1.5932529657815238,0.0043184907520741,0.0013091367554589,-0.0070221546375614,0.0192907165774546,0.1064977628831591,-0.0029997149732334,0.1073346648351251,-0.0056700186471118,0.1349405948143537,-0.0057199936829697,38.27733273776528,-1.5932529657815238,0.2195451866149595,-0.0043184907520741,True
allegheny,direct,0.1267030513510693,0.2981942003195996,0.424901125559354,110681,12113.0,FORWARD_2025,,grid,True,OK,,0.7181347066866819,0.7642947364630297,0.2357052635369703,0.3331518179437377,60986.93134423193,0.2549578420156925,0.9603209810981406,1.042773008307003,0.9436886519953992,26.22461365869471,0.4751278451311645,1.104996871692897,-0.104680527400941,0.8678609292431705,-38.30238955873458,-0.2167328268131234,0.1436083634772843,0.4551250301815353,0.0006784390090805,0.0007548746437902,-0.0045006061634955,0.0083241560812959,0.0085215177404939,1.5681961448122197,0.0071308505539103,0.0023577921373255,-0.0128042361840154,0.0318535397871579,0.104996871692897,-0.0045006061634955,0.104680527400941,-0.0083241560812959,0.1321390707568295,-0.0085215177404939,38.30238955873458,-1.5681961448122197,0.2167328268131234,-0.0071308505539103,True
allegheny,direct,0.1838822993940162,0.4327649147832862,0.424901125559354,110681,12113.0,FORWARD_2025,,grid,True,OK,,0.7178680848422583,0.7638581143540658,0.2361418856459342,0.3334602415784879,60911.04728570623,0.2548088898276892,0.963144904741698,1.0435631853440657,0.9467982106621649,26.15838147052967,0.4760933607598245,1.1022023210354677,-0.0994403907755985,0.873058664761381,-36.06079236231405,-0.2123656340211873,0.1449376070136436,0.4480568655773915,0.0011150611180444,0.0004882527993665,-0.0072951568209249,0.0135642927066384,0.0137192532587044,3.809793341232748,0.0114980433458463,0.0036870356736848,-0.0198724007881593,0.0513618085840468,0.1022023210354676,-0.0072951568209249,0.0994403907755985,-0.0135642927066384,0.1269413352386189,-0.0137192532587044,36.06079236231405,-3.809793341232748,0.2123656340211873,-0.0114980433458463,True
allegheny,direct,0.2668657121503905,0.6280654394574258,0.424901125559354,110681,12113.0,FORWARD_2025,,"grid,activity",True,OK,,0.7184602700297736,0.7635895715238405,0.2364104284761595,0.3336497948050324,61074.75615398418,0.2558188085818828,0.9636627535500764,1.0457134803563222,0.951236420125785,26.281464165568767,0.4767179530421681,1.0993202722600173,-0.0946062673638602,0.8785487874966376,-34.59130935433203,-0.2075847757503382,0.147057450599492,0.4399266655700972,0.0013836039482697,0.0010804379868819,-0.0101772055963753,0.0183984161183767,0.0192093759939609,5.2792763492147685,0.0162789016166954,0.0058068792595331,-0.0280026007954535,0.0727179228366089,0.0993202722600172,-0.0101772055963753,0.0946062673638602,-0.0183984161183767,0.1214512125033624,-0.0192093759939609,34.59130935433203,-5.2792763492147685,0.2075847757503382,-0.0162789016166954,True
allegheny,direct,0.3872983346207417,0.911502256226997,0.424901125559354,110681,12113.0,FORWARD_2025,,"grid,direct_common_lo",True,OK,,0.720180525368143,0.7635870122359216,0.2364129877640783,0.3336516007820012,60777.65064553477,0.2552727357747053,0.9672414479022444,1.0466745445840837,0.9549478638579888,26.17362759317981,0.4782029360965855,1.0960541242068644,-0.0885368145231804,0.8847701763343364,-32.85831579462268,-0.2015803856784162,0.1494291665333445,0.430661427314046,0.0013861632361886,0.0028006933252513,-0.0134433536495282,0.0244678689590565,0.0254307648316598,7.012269908924125,0.0222832916886174,0.0081785951933856,-0.0372678390515048,0.0995395588543072,0.0960541242068644,-0.0134433536495282,0.0885368145231804,-0.0244678689590565,0.1152298236656635,-0.0254307648316598,32.85831579462268,-7.012269908924125,0.2015803856784162,-0.0222832916886174,True
allegheny,direct,0.5620804515923291,1.3228499944602117,0.424901125559354,110681,12113.0,FORWARD_2025,,"grid,direct_common_hi",True,OK,,0.7200567311884549,0.7620414884542188,0.2379585115457812,0.3347404293909917,60998.67774581232,0.2566936362539894,0.9713624080301766,1.050316267906668,0.9625122617212972,26.26620498446312,0.4852544460004173,1.091223779350455,-0.0798509013700946,0.8945443942764935,-29.80228198709411,-0.1938526805599192,0.1541352413604888,0.4170590644418261,0.0029316870178915,0.0026768991455632,-0.0182736985059379,0.0331537821121423,0.0352049827738168,10.068303716452691,0.0300109968071144,0.01288467002053,-0.0508702019237247,0.1340592505228537,0.0912237793504546,-0.0182736985059379,0.0798509013700946,-0.0331537821121423,0.1054556057235065,-0.0352049827738168,29.80228198709411,-10.068303716452691,0.1938526805599192,-0.0300109968071144,True
allegheny,direct,0.8157392010776716,1.9198329964501863,0.424901125559354,110681,12113.0,FORWARD_2025,,grid,True,OK,,0.7194005506432027,0.761270607462217,0.238729392537783,0.3352821969081605,61386.91988807782,0.2573876545812561,0.9778848056201688,1.0526392130076945,0.9707860226140944,26.228563890537604,0.4899006056190715,1.084316408031081,-0.0679860902822198,0.9070176214675773,-27.05834350245739,-0.1827343398454957,0.155301578655288,0.4000777427017026,0.0037025680098933,0.002020718600311,-0.0251810698253116,0.0450185932000171,0.0476782099649005,12.812242201089411,0.0411293375215379,0.0140510073153292,-0.0678515236638481,0.1837249258355778,0.0843164080310809,-0.0251810698253116,0.0679860902822198,-0.0450185932000171,0.0929823785324228,-0.0476782099649005,27.05834350245739,-12.812242201089411,0.1827343398454957,-0.0411293375215379,True
allegheny,direct,1.1838704624751253,2.7862257623267968,0.424901125559354,110681,12113.0,FORWARD_2025,,grid,True,OK,,0.7144480793815611,0.7599229982014128,0.2400770017985872,0.336227186434751,62300.6430333648,0.2588355776558095,0.9839723105262158,1.055679065734406,0.9807968587555638,26.256301305883124,0.4975684836617919,1.0763483348364846,-0.0539979497547449,0.9219185304607777,-22.40502925579769,-0.1694158227599534,0.1587039048924756,0.3789228221541039,0.0050501772706975,-0.0029317526613306,-0.033149143019908,0.059006733727492,0.0625791189581009,17.465556447749112,0.0544478546070802,0.0174533335525167,-0.0890064442114469,0.2432187983663415,0.0763483348364846,-0.033149143019908,0.0539979497547449,-0.059006733727492,0.0780814695392224,-0.0625791189581009,22.40502925579769,-17.465556447749112,0.1694158227599534,-0.0544478546070802,True
allegheny,direct,1.7181340188990342,4.043609008183315,0.424901125559354,110681,12113.0,FORWARD_2025,,grid,True,OK,,0.7059551786714982,0.7563330657284436,0.2436669342715564,0.3387317038248082,63557.93788607272,0.261390646655254,0.9892733877051476,1.0591033944459924,0.9920640867566872,26.402590121098783,0.5055740539536473,1.0675755816425874,-0.0382267708493425,0.9382383684353716,-18.420956988928047,-0.1542095176206029,0.1609514786450144,0.3560220536980792,0.0086401097436666,-0.0114246533713935,-0.0419218962138052,0.0747779126328945,0.078898956932695,21.449628714618758,0.0696541597464307,0.0197009073050556,-0.1119072126674716,0.3111454281715825,0.0675755816425873,-0.0419218962138052,0.0382267708493425,-0.0747779126328945,0.0617616315646284,-0.078898956932695,18.420956988928047,-21.449628714618758,0.1542095176206029,-0.0696541597464307,True
allegheny,direct,2.4935029637671797,5.868431062602267,0.424901125559354,110681,12113.0,FORWARD_2025,,grid,True,OK,,0.6985735120657632,0.7521323841688438,0.2478676158311562,0.3416389998162261,65309.07778320033,0.2652838535450317,0.9957258764362724,1.064554219409622,1.0053808111734954,26.639106619797925,0.5132774848441213,1.0588567113858662,-0.0227777012883412,0.9546942316146818,-13.284388916182763,-0.1387905988200015,0.1629166168341259,0.3347866264034138,0.0128407913032665,-0.0188063199771284,-0.0506407664705264,0.0902269821938958,0.0953548201120052,26.58619678736404,0.0850730785470321,0.021666045494167,-0.133142639962137,0.3800218041069314,0.0588567113858662,-0.0506407664705264,0.0227777012883412,-0.0902269821938958,0.0453057683853181,-0.0953548201120052,13.284388916182763,-26.58619678736404,0.1387905988200015,-0.0850730785470321,True
allegheny,direct,3.618784659359615,8.516768823795715,0.424901125559354,110681,12113.0,FORWARD_2025,,grid,True,OK,,0.6799635376038067,0.7485636721859514,0.2514363278140485,0.3440896105053425,67443.49033222393,0.2692513150296694,1.00442235274044,1.0700261969713984,1.0191881433138543,26.80369546459211,0.5259424844045044,1.0498809312010302,-0.00751016195972,0.9719693166066458,-9.467318520174524,-0.1239260363061224,0.1676152562408892,0.3183221378735925,0.0164095032861588,-0.037416294439085,-0.0596165466553624,0.1054945215225169,0.1126299051039692,30.40326718337228,0.0999376410609112,0.0263646849009303,-0.1496071284919582,0.446421868149067,0.0498809312010302,-0.0596165466553624,0.00751016195972,-0.1054945215225169,0.0280306833933542,-0.1126299051039692,9.467318520174524,-30.40326718337228,0.1239260363061224,-0.0999376410609112,True
allegheny,direct,5.2518896512686215,12.360262977309976,0.424901125559354,110681,12113.0,FORWARD_2025,,grid,True,OK,,0.6580507393402653,0.742558227228372,0.257441772771628,0.3481745762618565,70361.6137373026,0.2744542036641417,1.0091408059353737,1.0746816565288535,1.032931187403083,27.18391201224877,0.5370916387719733,1.0404194099616029,0.0081070616334403,0.99028438018926,-4.482775478916352,-0.1082640433642035,0.1700534960549562,0.3011806298927549,0.0224149482437383,-0.0593290927026264,-0.0690780678947897,0.1211117451156773,0.1309449686865834,35.38781022463045,0.1155996340028301,0.0288029247149974,-0.1667486364727959,0.5163840573086798,0.0404194099616028,-0.0690780678947897,0.0081070616334403,-0.1048976218487966,0.0097156198107399,-0.1309449686865834,4.482775478916352,-35.38781022463045,0.1082640433642035,-0.1155996340028301,True
allegheny,direct,7.621991222319222,17.938270255898658,0.424901125559354,110681,12113.0,FORWARD_2025,,grid,True,OK,,0.6451883781128518,0.7392803656210571,0.2607196343789428,0.3503841210204999,72521.2666246006,0.2776325085695066,1.01510984678519,1.0783292070761783,1.0448242155579268,27.318511131937097,0.5105231655784851,1.0320675870824454,0.0179146427087536,1.0051959641599282,0.3148029975498906,-0.0948494744086759,0.1715632446417484,0.2895087554852515,0.0256928098510531,-0.0721914539300399,-0.0774298907739472,0.1309193261909906,0.1458565526572516,40.18538870109669,0.1290142029583577,0.0303126733017896,-0.1784205108802992,0.5763069939516524,0.0320675870824453,-0.0774298907739472,0.0179146427087536,-0.0950900407734833,0.0051959641599281,-0.1354646243373952,0.3148029975498906,-39.55578270599691,0.0948494744086759,-0.1290142029583577,True
allegheny,direct,11.061685231539125,26.03355125731228,0.424901125559354,110681,12113.0,FORWARD_2025,,grid,True,OK,,0.6162581600589527,0.7340184210663203,0.2659815789336797,0.3539022525808543,74833.96986959025,0.282188538743131,1.016596734391086,1.082431125986661,1.0538948338964294,27.71814833240449,0.5474419004992221,1.0270769826100468,0.0295669058911419,1.015047860984009,2.219419309896752,-0.0860628690173514,0.171643537795744,0.2823228278756382,0.0309547544057899,-0.1011216719839389,-0.0824204952463458,0.1425715893733789,0.1557084494813324,42.09000501344355,0.1378008083496822,0.0303929664557852,-0.1856064384899126,0.6155567976476692,0.0270769826100467,-0.0824204952463458,0.0295669058911419,-0.083437777591095,0.015047860984009,-0.1256127275133144,2.219419309896752,-37.65116639365005,0.0860628690173514,-0.1378008083496822,True
allegheny,direct,16.05366322167172,37.78211507568529,0.424901125559354,110681,12113.0,FORWARD_2025,,grid,True,OK,,0.5956301977553979,0.7279908774648067,0.2720091225351933,0.3578897676727501,77371.67622742862,0.2868100004641913,1.0235602023987374,1.0858308679374309,1.0633156653029543,27.946835971840876,0.5352591268916141,1.0211745235861465,0.0363684129646148,1.026890396487631,6.320676293570269,-0.0773851214791458,0.1736538660190305,0.2760486547473221,0.0369822980073036,-0.1217496342874937,-0.0883229542702461,0.1493730964468518,0.1675509849849544,46.19126199711707,0.1464785558878878,0.0324032946790716,-0.1918806116182287,0.654320332850292,0.0211745235861464,-0.0883229542702461,0.0363684129646148,-0.0766362705176221,0.026890396487631,-0.1137701920096924,6.320676293570269,-33.549909409976536,0.0773851214791458,-0.1464785558878878,True
allegheny,direct,23.298448422672752,54.83263522072787,0.424901125559354,110681,12113.0,FORWARD_2025,,"grid,guardrail",True,OK,,0.5856353454154382,0.7250306431965936,0.2749693568034064,0.3598319281019462,78654.90772011026,0.2894260251974985,1.0239050539499377,1.08719052433375,1.0671995124490468,28.186279249097623,0.5567764919106499,1.0187322160959644,0.0434746511298742,1.0311335783143614,7.479374489642588,-0.0711333189009614,0.1721629085164659,0.2706422306092688,0.0399425322755167,-0.1317444866274535,-0.0907652617604282,0.1564793346121112,0.1717941668116848,47.34996019318939,0.1527303584660722,0.0309123371765071,-0.1972870357562819,0.6822471615869357,0.0187322160959644,-0.0907652617604282,0.0434746511298742,-0.0695300323523627,0.0311335783143613,-0.109527010182962,7.479374489642588,-32.391211213904214,0.0711333189009614,-0.1527303584660722,True
allegheny,direct,33.81270003043063,79.57780762740617,0.424901125559354,110681,12113.0,FORWARD_2025,,grid,True,OK,,0.5729771242378685,0.7197601681489665,0.2802398318510335,0.3632640988088459,80520.53877150643,0.2939353019307776,1.025858192646686,1.0909551695876702,1.0737980324733565,28.560520940974826,0.5623355571498434,1.0159779926908552,0.0486443485233038,1.036944127377839,8.979319227929599,-0.0672119493816347,0.172786502288121,0.2686491584837508,0.0452130073231437,-0.1444027078050231,-0.0935194851655374,0.1616490320055409,0.1776047158751624,48.8499049314764,0.156651727985399,0.0315359309481621,-0.1992801078818,0.699763935926783,0.0159779926908552,-0.0935194851655374,0.0486443485233038,-0.0643603349589331,0.036944127377839,-0.1037164611194844,8.979319227929599,-30.8912664756172,0.0672119493816347,-0.156651727985399,True
allegheny,direct,49.071880779635485,115.49011717734476,0.424901125559354,110681,12113.0,FORWARD_2025,,grid,True,OK,,0.5612925835062039,0.7109136990634457,0.2890863009365543,0.3689532183893724,82567.82485134064,0.3002059609389452,1.0288432010169777,1.0939276084503924,1.0780136165720853,29.07748174109461,0.5782586606972081,1.0147623291892278,0.0545257384783233,1.0399140481170717,10.56100596468811,-0.0635736323229865,0.1710545976847158,0.2641709062873815,0.0540594764086646,-0.1560872485366877,-0.0947351486671648,0.1675304219605604,0.1805746366143951,50.43159166823492,0.1602900450440471,0.0298040263447569,-0.2037583600781693,0.7160163137195544,0.0147623291892278,-0.0947351486671648,0.0545257384783233,-0.0584789450039136,0.0399140481170716,-0.1007465403802517,10.56100596468811,-29.30957973885869,0.0635736323229865,-0.1602900450440471,True
allegheny,direct,71.21730832153513,167.60913077785398,0.424901125559354,110681,12113.0,FORWARD_2025,,grid,True,OK,,0.5302421435941456,0.6998290698417902,0.3001709301582099,0.3759601918410796,85071.68120039816,0.3067464478396574,1.0316571655154645,1.097915893366197,1.0836618597389398,29.616094333121872,0.5828616040999233,1.013153580611106,0.0610518033132444,1.0431608435925197,13.93621788300793,-0.0606676912410085,0.1667689764523476,0.2598343757507046,0.0651441056303202,-0.1871376884487461,-0.0963438972452865,0.1740564867954814,0.1838214320898431,53.806803586554736,0.1631959861260251,0.0255184051123888,-0.2080948906148462,0.7289971649061167,0.013153580611106,-0.0963438972452865,0.0610518033132444,-0.0519528801689925,0.0431608435925197,-0.0974997449048037,13.93621788300793,-25.93436782053887,0.0606676912410085,-0.1631959861260251,True
allegheny,direct,103.35664588322452,243.24869873470533,0.424901125559354,110681,12113.0,FORWARD_2025,,grid,True,OK,,0.4776190874038067,0.6738076541058489,0.3261923458941511,0.3919172960049656,89723.84905262358,0.3219789064217347,1.0309008056325022,1.1045056073099395,1.091098798572326,31.115764623635105,0.609808557793032,1.0122874379067746,0.0719886663214226,1.0464051990907757,17.6135235628208,-0.0591125299184991,0.15883693719501,0.2532275338494796,0.0911655213662614,-0.2397607446390849,-0.097210039949618,0.1849933498036596,0.1870657875880991,57.4841092663676,0.1647511474485345,0.0175863658550512,-0.2147017325160712,0.7359440771555732,0.0122874379067745,-0.097210039949618,0.0719886663214226,-0.0410160171608143,0.0464051990907756,-0.0942553894065477,17.6135235628208,-22.257062140726003,0.0591125299184991,-0.1647511474485345,True
allegheny,direct,150.0,353.0233058397644,0.424901125559354,110681,12113.0,FORWARD_2025,,grid,True,OK,,0.3020547398932718,0.5884219887443849,0.411578011255615,0.4402340490682182,104265.5784698956,0.3690821488819127,1.0228842567428351,1.1265607759132643,1.1125993358386224,36.02150402562797,0.6804818286893973,1.012548488593262,0.1141807089533029,1.047937901412229,29.09021625592867,-0.0565553016252759,0.127105801612042,0.2194821509018175,0.1765511867277253,-0.4153250921496199,-0.0969489892631305,0.2271853924355399,0.1885984899095524,68.96080195947548,0.1673083757417577,-0.0141447697279167,-0.2484471154637332,0.7473672268299639,0.012548488593262,-0.0969489892631305,0.1141807089533029,0.0011760254710659,0.0479379014122289,-0.0927226870850944,29.09021625592867,-10.780369447618131,0.0565553016252759,-0.1673083757417577,True
allegheny,surrogate,0.001,0.0023534887055984,0.424901125559354,110681,12113.0,FORWARD_2025,,grid,True,OK,,0.7155619048270415,0.7646824495423403,0.2353175504576596,0.3328777034075593,61180.29701573541,0.2552653795177279,0.9557104420701336,1.0415715212536218,0.9386261422196543,26.310624043949804,0.4767361868126342,1.1096766586859843,-0.1133061253358956,0.8592635802981873,-40.62869203108456,-0.2247666533576692,0.141515270924274,0.4697517120333893,-0.0001186744970445,-0.0007284903277166,-0.0006623267518466,0.0015475305981634,0.0010848418208622,-0.718017869300219,0.0014163640618782,-0.0001736816955587,-0.0024224419981275,0.0062620265572416,0.1096766586859845,-0.0006623267518466,0.1133061253358956,-0.0015475305981634,0.1407364197018127,-0.0010848418208622,40.62869203108456,0.718017869300219,0.2247666533576692,-0.0014163640618782,True
allegheny,surrogate,0.0014512854854972,0.0034155839987166,0.424901125559354,110681,12113.0,FORWARD_2025,,grid,True,OK,,0.7172989868404854,0.7646080440022585,0.2353919559977415,0.3329303258908965,61208.553817888336,0.2553238616382469,0.9559558945941288,1.0412205748671806,0.9379471997097394,26.294204372739365,0.4759433593619813,1.1101057449602711,-0.113973321681021,0.8584729797426325,-40.81215524923261,-0.2254328519209764,0.141098642676652,0.4710446156766101,-4.426895696274524e-05,0.0010085916857273,-0.00023324047756,0.000880334253038,0.0002942412653074,-0.9014810874482676,0.0007501654985711,-0.0005903099431807,-0.0011295383549066,0.0033166305195214,0.1101057449602711,-0.00023324047756,0.113973321681021,-0.000880334253038,0.1415270202573675,-0.0002942412653074,40.81215524923261,0.9014810874482676,0.2254328519209764,-0.0007501654985711,True
allegheny,surrogate,0.0021062295604149,0.004956987481834,0.424901125559354,110681,12113.0,FORWARD_2025,,grid,True,OK,,0.7165994487561045,0.7644966654837551,0.2355033345162449,0.3330090815581821,61209.987177207535,0.2550839002581115,0.9562089003290388,1.0408592535468484,0.9381165228664377,26.265531855299656,0.4737742642989948,1.1095202228892398,-0.1130529820849444,0.8593788442720071,-39.92814856094808,-0.224588371329421,0.1408087481867241,0.4693803036917222,6.71095615406847e-05,0.0003090536013463,-0.0008187625485913,0.0018006738491146,0.0012001057946819,-0.0174743991637384,0.0015946460901264,-0.0008802044331086,-0.0027938503397946,0.0070502467794411,0.1095202228892398,-0.0008187625485913,0.1130529820849444,-0.0018006738491146,0.1406211557279929,-0.0012001057946819,39.92814856094808,0.0174743991637384,0.224588371329421,-0.0015946460901264,True
allegheny,surrogate,0.0030567403901553,0.0071940039841771,0.424901125559354,110681,12113.0,FORWARD_2025,,grid,True,OK,,0.7163374949417245,0.7648222190221944,0.2351777809778056,0.3327788305140957,61172.60276104405,0.2548979046268016,0.9568131431463004,1.0408304859807955,0.938238941313786,26.220744415769147,0.4737361718062187,1.1093447949659327,-0.1130333373378824,0.8596779418493371,-39.94798113858548,-0.224386134812029,0.1409249835147178,0.4691392415177832,-0.0002584439768985,4.7099786966375845e-05,-0.0009941904718984,0.0018203185961766,0.001499203372012,-0.0373069768011404,0.0017968826075184,-0.0007639691051149,-0.0030349125137335,0.007944374551275,0.1093447949659327,-0.0009941904718984,0.1130333373378824,-0.0018203185961766,0.1403220581506629,-0.001499203372012,39.94798113858548,0.0373069768011404,0.224386134812029,-0.0017968826075184,True
allegheny,surrogate,0.0044362029611655,0.0104405535648455,0.424901125559354,110681,12113.0,FORWARD_2025,,grid,True,OK,,0.716107536019934,0.7645263593524902,0.2354736406475098,0.3329880868667644,61098.174738327776,0.2549584140707843,0.9570901450222336,1.0414926486736524,0.9384122780435746,26.23487648597431,0.4786088182563454,1.1098455050534743,-0.1126687361964775,0.8587676199359134,-39.79988101164806,-0.2246156480212832,0.1405587518973536,0.4695716229093177,3.741569280557577e-05,-0.000182859134824,-0.0004934803843568,0.0021849197375816,0.0005888814585883,0.1107931501362813,0.0015673693982643,-0.0011302007224791,-0.0026025311221991,0.0069296511123866,0.1098455050534743,-0.0004934803843568,0.1126687361964775,-0.0021849197375816,0.1412323800640865,-0.0005888814585883,39.79988101164806,-0.1107931501362813,0.2246156480212832,-0.0015673693982643,True
allegheny,surrogate,0.0064381969682594,0.0151522238492165,0.424901125559354,110681,12113.0,FORWARD_2025,,grid,True,OK,,0.7165568546529276,0.7642247451283225,0.2357752548716775,0.3332012780391288,61212.73755773496,0.2554440406171104,0.9571684381966916,1.04121257380929,0.9380566397506644,26.2772195805139,0.4782621125836002,1.1099677031080386,-0.1129075616946462,0.8587291835177839,-40.2228501234961,-0.2249341251574344,0.1412148963939093,0.4699018429443078,0.0003390299169732,0.0002664594981695,-0.0003712823297925,0.0019460942394128,0.0005504450404588,-0.312175961711759,0.0012488922621131,-0.0004740562259233,-0.0022723110872089,0.0055216005001672,0.1099677031080386,-0.0003712823297925,0.1129075616946462,-0.0019460942394128,0.141270816482216,-0.0005504450404588,40.2228501234961,0.312175961711759,0.2249341251574344,-0.0012488922621131,True
allegheny,surrogate,0.0093436618128071,0.0219902025453728,0.424901125559354,110681,12113.0,FORWARD_2025,,grid,True,OK,,0.7167228862785262,0.7637703526678082,0.2362296473321918,0.3335222007570816,61147.99177493504,0.2554297933321573,0.9570051903292104,1.040481682813136,0.9380131467545816,26.287583031305445,0.4834005695963143,1.1092399785792808,-0.110924241022222,0.860124430710042,-39.82024072868822,-0.2235609478724233,0.1411454575005408,0.4672871197996529,0.0007934223774875,0.000432491123768,-0.0010990068585503,0.003929414911837,0.0019456922327169,0.0904334330961234,0.0026220695471241,-0.0005434951192919,-0.0048870342318638,0.0115926897476148,0.1092399785792808,-0.0010990068585503,0.110924241022222,-0.003929414911837,0.139875569289958,-0.0019456922327169,39.82024072868822,-0.0904334330961234,0.2235609478724233,-0.0026220695471241,True
allegheny,surrogate,0.0135603207703216,0.0319140617772437,0.424901125559354,110681,12113.0,FORWARD_2025,,grid,True,OK,,0.7173830279972077,0.7644789214447361,0.2355210785552639,0.3330216266349873,61066.5960760675,0.254509911122224,0.9567645645538672,1.040041492698082,0.9390250516928348,26.203092340436584,0.4734219271342841,1.1075758743849689,-0.1100589155270736,0.8627435282855531,-39.46287654955109,-0.2215981069764858,0.1411989499075189,0.4652958645762554,8.485360055973667e-05,0.0010926328424495,-0.0027631110528623,0.0047947404069855,0.004564789808228,0.4477976122332521,0.0045849104430616,-0.0004900027123138,-0.0068782894552614,0.020270798821987,0.1075758743849688,-0.0027631110528623,0.1100589155270736,-0.0047947404069855,0.1372564717144468,-0.004564789808228,39.46287654955109,-0.4477976122332521,0.2215981069764858,-0.0045849104430616,True
allegheny,surrogate,0.0196798967126543,0.0463164146405755,0.424901125559354,110681,12113.0,FORWARD_2025,,grid,True,OK,,0.7174014366068522,0.7636226774872463,0.2363773225127536,0.3336264325009714,61170.30929133413,0.2554187389286653,0.9561962263206252,1.0401519552136476,0.9394203510616772,26.2962819164522,0.476637851368673,1.1072274025553412,-0.108921994756125,0.8638944798152693,-39.59989871768853,-0.2211125405645838,0.142567937309495,0.4642630143963314,0.0009410975580494,0.001111041452094,-0.0031115828824899,0.005931661177934,0.0057157413379442,0.3107754440958103,0.0050704768549637,0.0008789846896622,-0.0079111396351854,0.022417584276712,0.1072274025553412,-0.0031115828824899,0.108921994756125,-0.005931661177934,0.1361055201847306,-0.0057157413379442,39.59989871768853,-0.3107754440958103,0.2211125405645838,-0.0050704768549637,True
allegheny,surrogate,0.0285611484551597,0.0672183403081383,0.424901125559354,110681,12113.0,FORWARD_2025,,grid,True,OK,,0.7149599138957601,0.7639466425775696,0.2360533574224303,0.3333977295637017,61150.5764831408,0.2550428141422352,0.9572927676334836,1.0403874723624804,0.9414089919777924,26.24789701993386,0.4830518980239801,1.1051386604845843,-0.1045181512692342,0.867640031168107,-38.48358239976644,-0.2177230271897534,0.1429415337452103,0.4585571085993711,0.0006171324677261,-0.001330481258998,-0.0052003249532466,0.0103355046648248,0.0094612926907818,1.427091762017902,0.0084599902297941,0.0012525811253775,-0.0136170454321457,0.0374032954653782,0.1051386604845845,-0.0052003249532466,0.1045181512692342,-0.0103355046648248,0.132359968831893,-0.0094612926907818,38.48358239976644,-1.427091762017902,0.2177230271897534,-0.0084599902297941,True
allegheny,surrogate,0.0414503802021047,0.0975530016484141,0.424901125559354,110681,12113.0,FORWARD_2025,,grid,True,OK,,0.7150220273758492,0.7630543601333359,0.236945639866664,0.3340272574612239,61088.94638466841,0.2552943109358273,0.9566069206036936,1.0396319042842015,0.9416762001282112,26.285268264768668,0.4904537104825486,1.1040227034968637,-0.1008984896104735,0.8696570206401055,-37.06157071378717,-0.2151971456442144,0.1432346244770607,0.454871673750051,0.0015094149119597,-0.0012683677789089,-0.0063162819409674,0.0139551663235855,0.0114782821627804,2.849103447997173,0.0109858717753331,0.0015456718572279,-0.0173024802814658,0.048570718972041,0.1040227034968637,-0.0063162819409674,0.1008984896104735,-0.0139551663235855,0.1303429793598944,-0.0114782821627804,37.06157071378717,-2.849103447997173,0.2151971456442144,-0.0109858717753331,True
allegheny,surrogate,0.060156335155656,0.1415772553590301,0.424901125559354,110681,12113.0,FORWARD_2025,,grid,True,OK,,0.7166278288807613,0.7624806223332372,0.2375193776667627,0.3344314180800145,61150.82481053388,0.2550607971462227,0.9554982640023704,1.0382304636608892,0.9419256808650084,26.288258743000377,0.4863152668290081,1.1022424430634912,-0.0979127948837811,0.8725962741781031,-37.1831523795038,-0.2122541667432677,0.1428858193035991,0.4488123808661589,0.0020831527120585,0.0003374337260031,-0.0080965423743399,0.0169408610502779,0.014417535700778,2.7275217822805478,0.0139288506762797,0.0011968666837663,-0.0233617731653578,0.0615822126488087,0.1022424430634911,-0.0080965423743399,0.0979127948837811,-0.0169408610502779,0.1274037258218968,-0.014417535700778,37.1831523795038,-2.7275217822805478,0.2122541667432677,-0.0139288506762797,True
allegheny,surrogate,0.0873040160721099,0.2054690157790944,0.424901125559354,110681,12113.0,FORWARD_2025,,grid,True,OK,,0.718686325239033,0.7618490606667497,0.2381509393332503,0.3348757478187798,61165.33800546715,0.2553372616380829,0.955140774576782,1.0363901254422423,0.9422792083770242,26.305891778404945,0.5045140988492383,1.0998758289778188,-0.0907533580821388,0.8771751788607521,-35.19713521086108,-0.2070480785187143,0.1440441300050322,0.4397855582007178,0.002714714378546,0.0023959300842748,-0.0104631564600123,0.0241002978519202,0.018996440383427,4.713538950923265,0.0191349389008331,0.0023551773851994,-0.032388595830799,0.0845993616989364,0.0998758289778187,-0.0104631564600123,0.0907533580821388,-0.0241002978519202,0.1228248211392478,-0.018996440383427,35.19713521086108,-4.713538950923265,0.2070480785187143,-0.0191349389008331,True
allegheny,surrogate,0.1267030513510693,0.2981942003195996,0.424901125559354,110681,12113.0,FORWARD_2025,,"grid,activity",True,OK,,0.7180491309073043,0.7601390929245813,0.2398609070754188,0.3360758323331027,61273.23214373181,0.2550195834896492,0.955080647817892,1.0334637976754282,0.9431407504483548,26.28570195674746,0.5014365103538463,1.09576836456715,-0.0823386114998137,0.8839882845804896,-33.61324668480779,-0.1993721523521523,0.1439570653351083,0.4259217290704601,0.0044246821207145,0.0017587357525461,-0.014570620870681,0.0325150444342454,0.0258095461031645,6.297427476976552,0.0268108650673951,0.0022681127152755,-0.0462524249610566,0.1185361543641609,0.0957683645671501,-0.014570620870681,0.0823386114998137,-0.0325150444342454,0.1160117154195103,-0.0258095461031645,33.61324668480779,-6.297427476976552,0.1993721523521523,-0.0268108650673951,True
allegheny,surrogate,0.1838822993940162,0.4327649147832862,0.424901125559354,110681,12113.0,FORWARD_2025,,grid,True,OK,,0.7197974916268516,0.7579709491663273,0.2420290508336726,0.3375913387678473,61497.62260721643,0.2553598910381484,0.9535362180905677,1.0310544034204827,0.9436502567401466,26.341518942653323,0.4985335550090214,1.0926234545649094,-0.0764709677316342,0.8895983841977992,-32.495736039293696,-0.1933604550995889,0.144686350693593,0.4146912067033131,0.0065928258789683,0.0035070964720934,-0.0177155308729217,0.0383826882024249,0.0314196457204741,7.414938122490646,0.0328225623199586,0.0029973980737602,-0.0574829473282036,0.1451150607787495,0.0926234545649093,-0.0177155308729217,0.0764709677316342,-0.0383826882024249,0.1104016158022007,-0.0314196457204741,32.495736039293696,-7.414938122490646,0.1933604550995889,-0.0328225623199586,True
allegheny,surrogate,0.2668657121503905,0.6280654394574258,0.424901125559354,110681,12113.0,FORWARD_2025,,grid,True,OK,,0.7174609618731058,0.7541883533228065,0.2458116466771934,0.3402191655833315,61972.69488329871,0.2555999408144552,0.95156765834875,1.0261376270124352,0.9435554770848028,26.3875101081489,0.5052737869297482,1.0875223046585212,-0.0644349145263266,0.8982232670761034,-28.55206108484029,-0.1830573644992433,0.1432736393048062,0.3955619460428107,0.0103754217224892,0.0011705667183476,-0.0228166807793099,0.0504187414077324,0.0400445285987783,11.358613076944057,0.0431256529203041,0.0015846866849734,-0.0766122079887061,0.1906670686964541,0.0875223046585211,-0.0228166807793099,0.0644349145263266,-0.0504187414077324,0.1017767329238965,-0.0400445285987783,28.55206108484029,-11.358613076944057,0.1830573644992433,-0.0431256529203041,True
allegheny,surrogate,0.3872983346207417,0.911502256226997,0.424901125559354,110681,12113.0,FORWARD_2025,,grid,True,OK,,0.7152175305349666,0.7495424310276853,0.2504575689723148,0.3434192437067953,62459.38749722267,0.2570834814699085,0.949667616034982,1.0216795723366825,0.9438939690022158,26.56266315862787,0.5137743595579326,1.0824092598204575,-0.0520483907201147,0.9077663629123356,-26.064688826968357,-0.1721632881108089,0.1465427993316947,0.3780023708258854,0.0150213440176105,-0.0010728646197915,-0.0279297256173736,0.0628052652139443,0.0495876244350106,13.845985334815987,0.0540197293087385,0.0048538467118619,-0.0941717832056314,0.2388319420486695,0.0824092598204575,-0.0279297256173736,0.0520483907201147,-0.0628052652139443,0.0922336370876643,-0.0495876244350106,26.064688826968357,-13.845985334815987,0.1721632881108089,-0.0540197293087385,True
allegheny,surrogate,0.5620804515923291,1.3228499944602117,0.424901125559354,110681,12113.0,FORWARD_2025,,"grid,guardrail",True,OK,,0.7071666883400494,0.743532279443985,0.2564677205560149,0.3475152784071611,62965.59266436133,0.2580664715880817,0.9470872251614116,1.0160753814976802,0.9430739283865152,26.69832412067665,0.5309028292188708,1.077407985645475,-0.0372469729197537,0.916310755604922,-24.35254185053906,-0.1606500531076313,0.1461894927747363,0.3575506608098409,0.0210314956013107,-0.0091237068147087,-0.0329309997923561,0.0776066830143053,0.0581320171275968,15.558132311245284,0.0655329643119161,0.0045005401549035,-0.1146234932216758,0.2897342384921805,0.077407985645475,-0.0329309997923561,0.0372469729197537,-0.0776066830143053,0.083689244395078,-0.0581320171275968,24.35254185053906,-15.558132311245284,0.1606500531076313,-0.0655329643119161,True
allegheny,surrogate,0.8157392010776716,1.9198329964501863,0.424901125559354,110681,12113.0,FORWARD_2025,,grid,True,OK,,0.6987684949546573,0.7350777551140806,0.2649222448859194,0.3531968000924766,63538.07507013097,0.260165106497804,0.9445009379494822,1.0101183752718714,0.9428506726574716,26.938027231046203,0.5402799926360202,1.0713450226691812,-0.0224370731043789,0.9266818511716848,-22.571844152187275,-0.1476563059197126,0.1471681505073582,0.3388488249567874,0.0294860199312151,-0.0175219002001008,-0.0389939627686499,0.0924165828296802,0.0685031126943596,17.338830009597068,0.0785267114998349,0.0054791978875254,-0.1333253290747293,0.347182173072594,0.0713450226691811,-0.0389939627686499,0.0224370731043789,-0.0924165828296802,0.0733181488283153,-0.0685031126943596,22.571844152187275,-17.338830009597068,0.1476563059197126,-0.0785267114998349,True
allegheny,surrogate,1.1838704624751253,2.7862257623267968,0.424901125559354,110681,12113.0,FORWARD_2025,,grid,True,OK,,0.6951281750571966,0.7241336910868679,0.2758663089131322,0.3604183375010755,64354.53442753273,0.2619752345099954,0.9407436145970354,1.000236429725394,0.940146942075164,27.18372995572486,0.5430352180779889,1.063914995583133,-0.0064336054286399,0.9399582725887644,-18.09804897580608,-0.131814854347455,0.1492249979900615,0.3156891517412332,0.0404300839584279,-0.0211622200975615,-0.046423989854698,0.1084200505054191,0.0817795341114392,21.812625185978263,0.0943681630720924,0.0075360453702287,-0.1564850022902836,0.4172203737871649,0.063914995583133,-0.046423989854698,0.0064336054286399,-0.1084200505054191,0.0600417274112357,-0.0817795341114392,18.09804897580608,-21.812625185978263,0.131814854347455,-0.0943681630720924,True
allegheny,surrogate,1.7181340188990342,4.043609008183315,0.424901125559354,110681,12113.0,FORWARD_2025,,grid,True,OK,,0.6770679963241026,0.7120326102563048,0.2879673897436952,0.3682385077287622,65348.109207271045,0.2649620652628503,0.9375853875163884,0.9926888312379888,0.9393355353296632,27.54119375740566,0.5537151993033018,1.0567989753412246,0.0104139738021089,0.9524013040708832,-15.717204455306945,-0.1162168334284406,0.1518379458956459,0.2996927716315286,0.0525311647889909,-0.0392223988306554,-0.0535400100966065,0.1252676297361681,0.094222565593558,24.1934697064774,0.1099661839911068,0.0101489932758132,-0.1724813823999881,0.4861823192814262,0.0567989753412245,-0.0535400100966065,0.0104139738021089,-0.1044396821319501,0.0475986959291169,-0.094222565593558,15.717204455306945,-24.1934697064774,0.1162168334284406,-0.1099661839911068,True
allegheny,surrogate,2.4935029637671797,5.868431062602267,0.424901125559354,110681,12113.0,FORWARD_2025,,grid,True,OK,,0.6754090781645488,0.6978024244374362,0.3021975755625638,0.3772272303174816,66429.61828025716,0.2685443612888673,0.9350250242618878,0.9835184054806376,0.9359525062172802,27.942968918887907,0.5707351359271742,1.050820847155587,0.0240192576282943,0.963511804878626,-12.994530558620644,-0.1028329849950165,0.1556908026039644,0.2873579187334236,0.0667613506078596,-0.0408813169902093,-0.0595181382822438,0.1388729135623534,0.1053330664013009,26.916143603163697,0.123350032424531,0.0140018499841316,-0.1848162352980931,0.5453549688734087,0.0508208471555873,-0.0595181382822438,0.0240192576282943,-0.0908343983057647,0.036488195121374,-0.1053330664013009,12.994530558620644,-26.916143603163697,0.1028329849950165,-0.123350032424531,True
allegheny,surrogate,3.618784659359615,8.516768823795715,0.424901125559354,110681,12113.0,FORWARD_2025,,grid,True,OK,,0.6898581280016575,0.6837772204197193,0.3162227795802807,0.385881646497212,67240.84430341676,0.2715951337297639,0.9301532931912716,0.9750388086353492,0.9326575458237653,28.33748335438854,0.5597180586480349,1.0454413980794537,0.0324206217599146,0.9738847027118586,-12.359068649737388,-0.0907004450345698,0.1601665281079039,0.2807328933472711,0.0807865546255764,-0.0264322671531006,-0.0648975873583774,0.1472742776939737,0.1157059642345335,27.551605512046955,0.1354825723849776,0.0184775754880711,-0.1914412606842456,0.5989953354175599,0.0454413980794536,-0.0648975873583774,0.0324206217599146,-0.0824330341741444,0.0261152972881414,-0.1157059642345335,12.359068649737388,-27.551605512046955,0.0907004450345698,-0.1354825723849776,True
allegheny,surrogate,5.2518896512686215,12.360262977309976,0.424901125559354,110681,12113.0,FORWARD_2025,,grid,True,OK,,0.6634833250759904,0.6663174025604278,0.3336825974395722,0.3963914932717838,68763.97066358384,0.2763182668664926,0.9265760591814772,0.966655443626132,0.9292262364559782,28.879515518698785,0.5734326670384883,1.0402799724132918,0.0460628053680941,0.9838678837901864,-10.91924841996815,-0.0802847715277265,0.1652799196409224,0.2771873105049023,0.0982463724848679,-0.0528070700787677,-0.0700590130245393,0.1609164613021532,0.1256891453128614,28.991425741816197,0.145898245891821,0.0235909670210897,-0.1949868435266145,0.6450450947039669,0.0402799724132918,-0.0700590130245393,0.0460628053680941,-0.0687908505659649,0.0161321162098134,-0.1256891453128614,10.91924841996815,-28.991425741816197,0.0802847715277265,-0.145898245891821,True
allegheny,surrogate,7.621991222319222,17.938270255898658,0.424901125559354,110681,12113.0,FORWARD_2025,,grid,True,OK,,0.6650102689765729,0.6538672179262928,0.3461327820737072,0.4037187441029529,69581.41224970517,0.2789350668982058,0.9221681584116052,0.9587823382025,0.9254912471044356,29.21995885129235,0.5838047829858266,1.0359712652088515,0.0539362639855383,0.9926106190578636,-9.369566160853465,-0.0716948476392926,0.1696917525167939,0.2762659588864518,0.110696557119003,-0.0512801261781852,-0.0743677202289794,0.1687899199195974,0.1344318805805384,30.54110800093088,0.1544881697802548,0.0280027998969611,-0.1959081951450649,0.683022852656061,0.0359712652088517,-0.0743677202289794,0.0539362639855383,-0.0609173919485207,0.0073893809421364,-0.1344318805805384,9.369566160853465,-30.54110800093088,0.0716948476392926,-0.1544881697802548,True
allegheny,surrogate,11.061685231539125,26.03355125731228,0.424901125559354,110681,12113.0,FORWARD_2025,,grid,True,OK,,0.6562815263805395,0.6399178791351423,0.3600821208648576,0.4117734356824057,70701.94122992616,0.2830868750199133,0.9192783454069888,0.954339373233192,0.9248595288715544,29.747197694186124,0.5844303025117595,1.0318749425630147,0.0622948536537175,1.000091754273549,-7.662957751381985,-0.0633635509585886,0.172399134984448,0.2768997636027488,0.1246458959101534,-0.0600088687742186,-0.0784640428748164,0.1771485095877766,0.1419130157962239,32.24771641040236,0.1628194664609589,0.0307101823646152,-0.1952743904287679,0.7198571684051089,0.0318749425630147,-0.0784640428748164,0.0622948536537175,-0.0525588022803415,9.175427354901622e-05,-0.1417295072491259,7.662957751381985,-32.24771641040236,0.0633635509585886,-0.1628194664609589,True
allegheny,surrogate,16.05366322167172,37.78211507568529,0.424901125559354,110681,12113.0,FORWARD_2025,,grid,True,OK,,0.6639628749062159,0.6295779628603717,0.3704220371396282,0.4176437195445098,71288.72944458938,0.2855462738580123,0.9192995034266396,0.9500507444436956,0.9223767860970044,29.97404714590117,0.5862808433916116,1.0300028781771409,0.0655689999611155,1.003767311891678,-7.438693861067278,-0.0590104221565686,0.17249659919421,0.2773118203627226,0.134985812184924,-0.0523275202485422,-0.0803361072606902,0.1804226558951746,0.1455885734143528,32.471980300717064,0.1671725952629789,0.0308076465743772,-0.1948623336687941,0.7391032146011651,0.0300028781771408,-0.0803361072606902,0.0655689999611155,-0.0492846559729435,0.0037673118916778,-0.138053949630997,7.438693861067278,-32.471980300717064,0.0590104221565686,-0.1671725952629789,True
allegheny,surrogate,23.298448422672752,54.83263522072787,0.424901125559354,110681,12113.0,FORWARD_2025,,grid,True,OK,,0.6558391972742924,0.6192375564976476,0.3807624435023524,0.4234329006955488,71979.98595956246,0.2887210335921211,0.9151819514515324,0.946796634341215,0.9206188036894802,30.395769196141625,0.5906389649541268,1.0284350379840432,0.0712975048152776,1.006654002562308,-7.443233544582582,-0.0543705299298283,0.1748048282228072,0.2795842958877123,0.1453262185476481,-0.0604511978804657,-0.0819039474537879,0.1861511607493366,0.1484752640849828,32.46744061720176,0.1718124874897192,0.0331158756029744,-0.1925898581438044,0.7596170987984644,0.0284350379840432,-0.0819039474537879,0.0712975048152776,-0.0435561511187815,0.0066540025623078,-0.135167258960367,7.443233544582582,-32.46744061720176,0.0543705299298283,-0.1718124874897192,True
allegheny,surrogate,33.81270003043063,79.57780762740617,0.424901125559354,110681,12113.0,FORWARD_2025,,grid,True,OK,,0.6486330238635905,0.6140526607398493,0.3859473392601507,0.4263061251815729,72231.38521917938,0.2897667536389138,0.9152801350559644,0.9453348115969928,0.9199674959291438,30.51479490162272,0.6087302578279483,1.0275741434127827,0.074987645963126,1.0081689103469835,-6.625055474820957,-0.0522445858643429,0.17443154221916,0.2797326180110726,0.1505111143054464,-0.0676573712911676,-0.0827648420250484,0.1898413018971851,0.1499901718696586,33.28561868696339,0.1739384315552045,0.0327425895993273,-0.1924415360204442,0.7690163193488821,0.0275741434127827,-0.0827648420250484,0.074987645963126,-0.0398660099709331,0.0081689103469837,-0.1336523511756912,6.625055474820957,-33.28561868696339,0.0522445858643429,-0.1739384315552045,True
allegheny,surrogate,49.071880779635485,115.49011717734476,0.424901125559354,110681,12113.0,FORWARD_2025,,grid,True,OK,,0.6438283096612301,0.6095211522267008,0.3904788477732991,0.4288015076023275,72622.70399978998,0.2914780454605433,0.9154252821173644,0.943879858450766,0.9197110377789836,30.65481111254078,0.6101450645583568,1.0262787111157738,0.077690481877045,1.0112090517142978,-6.612593320940389,-0.0497853981597026,0.1780148769436595,0.2821144371535669,0.1550426228185949,-0.072462085493528,-0.0840602743220573,0.1925441378111041,0.1530303132369727,33.29808084084395,0.1763976192598449,0.0363259243238267,-0.1900597168779499,0.7798888761513181,0.0262787111157738,-0.0840602743220573,0.077690481877045,-0.0371631740570141,0.0112090517142977,-0.1306122098083771,6.612593320940389,-33.29808084084395,0.0497853981597026,-0.1763976192598449,True
allegheny,surrogate,71.21730832153513,167.60913077785398,0.424901125559354,110681,12113.0,FORWARD_2025,,grid,True,OK,,0.6456948754227531,0.6062432720224604,0.3937567279775396,0.4305975364388792,72969.99421155974,0.2925786846491454,0.912813248397766,0.9429368215636802,0.919154154543326,30.87828505114123,0.6111901105409706,1.0258745139787464,0.0787477298309006,1.0120123678912725,-7.149597750685761,-0.0491776154753214,0.1779021514302932,0.2815619299106529,0.1583205030228353,-0.070595519732005,-0.0844644714590847,0.1936013857649597,0.1538336294139474,32.761076411098585,0.177005401944226,0.0362131988104604,-0.1906122241208638,0.782576003997233,0.0258745139787464,-0.0844644714590847,0.0787477298309006,-0.0361059261031584,0.0120123678912724,-0.1298088936314024,7.149597750685761,-32.761076411098585,0.0491776154753214,-0.177005401944226,True
allegheny,surrogate,103.35664588322452,243.24869873470533,0.424901125559354,110681,12113.0,FORWARD_2025,,grid,True,OK,,0.6286404194448636,0.6042305338927882,0.3957694661072117,0.4316966609790077,73105.05990524286,0.2929920972911677,0.914865100667922,0.9424672599721624,0.9192058349026124,30.85900043487374,0.6136173361744263,1.025306002405886,0.0811194400152469,1.0125425619617827,-7.511599882659125,-0.0475117253035122,0.1761656092197422,0.2818177353633831,0.1603332411525074,-0.0876499757098945,-0.0850329830319451,0.195973095949306,0.1543638234844576,32.399074279125216,0.1786712921160352,0.0344766565999094,-0.1903564186681337,0.7899412349982818,0.0253060024058859,-0.0850329830319451,0.0811194400152469,-0.0337342159188121,0.0125425619617827,-0.1292786995608922,7.511599882659125,-32.399074279125216,0.0475117253035122,-0.1786712921160352,True
allegheny,surrogate,150.0,353.0233058397644,0.424901125559354,110681,12113.0,FORWARD_2025,,grid,True,OK,,0.6413426069211978,0.6020749989483742,0.3979250010516257,0.4328706697485379,73343.46135060678,0.2934747096213577,0.9120266750595069,0.940322408288182,0.9183673406503566,30.947664594988712,0.610202686221962,1.0239066293693302,0.0818232613541403,1.0151495995190338,-6.538425521755977,-0.0454950540453667,0.1780333922799954,0.2824778958535472,0.1624887760969214,-0.0749477882335603,-0.0864323560685009,0.1966769172881994,0.1569708610417087,33.37224864002837,0.1806879633741808,0.0363444396601627,-0.1896962581779696,0.798857338785176,0.0239066293693301,-0.0864323560685009,0.0818232613541403,-0.0330303945799187,0.0151495995190338,-0.1266716620036411,6.538425521755977,-33.37224864002837,0.0454950540453667,-0.1806879633741808,True
cook,direct,0.0,0.0,0.4592773327323234,278479,24993.0,FORWARD_2025,,"grid,baseline_rho0",True,OK,,0.8300692205617126,0.8299046140512939,0.1700953859487061,0.2832592463139092,86319.08244387286,0.2061275633958556,0.9474556423827454,1.009273549685955,0.927588233536117,21.06571747770865,0.3587715787643546,1.0880620443388338,-0.108621949113751,0.8870854569585077,-27.75606859622483,-0.1838684198004877,0.1314448979238395,0.3985844353531498,0.0,0.0,0.0,0.0,0.0,0.0,0.0,0.0,0.0,0.0,0.0880620443388338,0.0,0.108621949113751,0.0,0.1129145430414922,0.0,27.75606859622483,0.0,0.1838684198004877,0.0,True
cook,direct,0.001,0.0021773336690727,0.4592773327323234,278479,24993.0,FORWARD_2025,,grid,True,OK,,0.8306166116425341,0.8297203036854356,0.1702796963145644,0.2834126704647969,86313.75262179924,0.2060918505797976,0.9482577949499386,1.0094399153783884,0.927746334799898,21.05391742060701,0.35922444681421,1.0880559453744547,-0.1087420820220428,0.8872072426830534,-28.40473763447101,-0.1841142792691517,0.1319290132867295,0.3990131972817535,0.0001843103658582,0.0005473910808214,-6.0989643790865244e-06,-0.0001201329082917,0.0001217857245456,-0.6486690382461866,-0.000245859468664,0.0004841153628899,0.0004287619286036,-0.001337148972786,0.0880559453744547,-6.0989643790865244e-06,0.1087420820220428,0.0001201329082917,0.1127927573169466,-0.0001217857245456,28.40473763447101,0.6486690382461866,0.1841142792691517,0.000245859468664,True
cook,direct,0.0014512854854972,0.0031599327510096,0.4592773327323234,278479,24993.0,FORWARD_2025,,grid,True,OK,,0.8293653356552045,0.8296134292265182,0.1703865707734818,0.2835015971695374,86370.23139498848,0.2061742353101278,0.9482168607621566,1.0094872934936974,0.9276687056100285,21.06835169320084,0.3594271232617525,1.0881980683285697,-0.1086402600107924,0.8868763716110075,-28.430481810895525,-0.1841993395927789,0.1310960639619529,0.3986005039233414,0.0002911848247756,-0.000703884906508,0.0001360239897358,-1.8310897041365348e-05,-0.0002090853475001,-0.6744132146706967,-0.0003309197922911,-0.0003488339618866,1.6068570191596354e-05,-0.0017997641609703,0.0881980683285696,0.0001360239897358,0.1086402600107924,1.8310897041365348e-05,0.1131236283889924,0.0002090853475001,28.430481810895525,0.6744132146706967,0.1841993395927789,0.0003309197922911,True
cook,direct,0.0021062295604149,0.0045859645366876,0.4592773327323234,278479,24993.0,FORWARD_2025,,grid,True,OK,,0.8298569038197219,0.829663974707636,0.170336025292364,0.2834595434224204,86435.37880160545,0.2061182373247006,0.9479543095078378,1.0090647970519573,0.9273664800804202,21.055805346340147,0.3591018050281243,1.0880971209617716,-0.1082606641912387,0.886821917629479,-28.25656930773212,-0.1838520910499448,0.130495117776076,0.3978235292870123,0.0002406393436578,-0.0002123167419907,3.507662293777969e-05,0.0003612849225123,-0.0002635393290286,-0.5005007115072893,1.632875054294325e-05,-0.0009497801477635,-0.0007609060661374,8.880671602362611e-05,0.0880971209617715,3.507662293777969e-05,0.1082606641912387,-0.0003612849225123,0.1131780823705209,0.0002635393290286,28.25656930773212,0.5005007115072893,0.1838520910499448,-1.632875054294325e-05,True
cook,direct,0.0030567403901553,0.0066555437690997,0.4592773327323234,278479,24993.0,FORWARD_2025,,grid,True,OK,,0.8302700859762205,0.8294675053551129,0.170532494644887,0.2836229705755441,86444.89045514436,0.2063667499827927,0.948036138148006,1.0094726264218792,0.927579801382776,21.089302191004144,0.3593710122616415,1.0882865548786451,-0.1091205486957077,0.886950102382845,-29.106911266294777,-0.1845072570115312,0.1319342069370503,0.3991224886841343,0.0004371086961809,0.0002008654145079,0.0002245105398113,-0.0004985995819566,-0.0001353545756627,-1.350842670069948,-0.0006388372110435,0.0004893090132107,0.0005380533309845,-0.0034744259603511,0.0882865548786451,0.0002245105398113,0.1091205486957077,0.0004985995819566,0.113049897617155,0.0001353545756627,29.106911266294777,1.350842670069948,0.1845072570115312,0.0006388372110435,True
cook,direct,0.0044362029611655,0.0096590940701859,0.4592773327323234,278479,24993.0,FORWARD_2025,,grid,True,OK,,0.82941843518849,0.8297661614347364,0.1702338385652636,0.2833745051913737,86384.66499251038,0.2061718816567227,0.94807012661874,1.0094815158288704,0.9278884027372418,21.071693784351247,0.3583647475706431,1.0879341878300577,-0.1085059400093698,0.8873906774147394,-29.01649468632976,-0.1839133227237349,0.1315865861756646,0.3982719148389006,0.0001384526165575,-0.0006507853732226,-0.0001278565087763,0.0001160091043812,0.0003052204562317,-1.260426090104929,-4.490292324721423e-05,0.0001416882518251,-0.0003125205142492,-0.0002442122649226,0.0879341878300574,-0.0001278565087763,0.1085059400093698,-0.0001160091043812,0.1126093225852605,-0.0003052204562317,29.01649468632976,1.260426090104929,0.1839133227237349,4.490292324721423e-05,True
cook,direct,0.0064381969682594,0.0140181030271131,0.4592773327323234,278479,24993.0,FORWARD_2025,,grid,True,OK,,0.8306516669023984,0.8300260225397339,0.169973977460266,0.2831581377048864,86176.93377946707,0.2059978418087003,0.9482164191679388,1.0096814263974805,0.9280242770856664,21.050668637445867,0.3591961462426334,1.0879903159088111,-0.1085990935673403,0.8871667721859602,-27.59760056828778,-0.1839047194714911,0.1312789776132418,0.3983157041937792,-0.00012140848844,0.0005824463406858,-7.172843002245521e-05,2.285554641066889e-05,8.1315227452472e-05,0.1584680279370474,-3.6299671003436895e-05,-0.0001659203105977,-0.0002687311593705,-0.0001974219990732,0.0879903159088113,-7.172843002245521e-05,0.1085990935673403,-2.285554641066889e-05,0.1128332278140398,-8.1315227452472e-05,27.59760056828778,-0.1584680279370474,0.1839047194714911,3.6299671003436895e-05,True
cook,direct,0.0093436618128071,0.0203442694574539,0.4592773327323234,278479,24993.0,FORWARD_2025,,grid,True,OK,,0.8301311165378147,0.8298530907151034,0.1701469092848965,0.2833021438806665,86377.10838416206,0.2061551689226927,0.9482387233721556,1.0095242021295303,0.9282119726975672,21.06477637177673,0.3589439139734905,1.0876009271843947,-0.1075789760858327,0.8877779008733797,-28.19358199152348,-0.1831038824419076,0.1307703912444303,0.3965830848506292,5.1523336190434366e-05,6.189597610206654e-05,-0.000461117154439,0.0010429730279182,0.0006924439148719,-0.4375133952986516,0.0007645373585801,-0.0006745066794092,-0.0020013505025205,0.0041580678150696,0.0876009271843947,-0.000461117154439,0.1075789760858327,-0.0010429730279182,0.1122220991266202,-0.0006924439148719,28.19358199152348,0.4375133952986516,0.1831038824419076,-0.0007645373585801,True
cook,direct,0.0135603207703216,0.0295253429766473,0.4592773327323234,278479,24993.0,FORWARD_2025,,grid,True,OK,,0.8299439814516758,0.8299306270570246,0.1700693729429753,0.2832375858023826,86285.97860560463,0.2060495523664177,0.9480601514573864,1.0094818973955824,0.9280727215361232,21.06819522442518,0.3591182839398776,1.087718531070187,-0.1078976751280699,0.8876553418261891,-28.976961253022413,-0.1832811411774396,0.131547159965027,0.3968251324980182,-2.6013005730768368e-05,-0.0001252391100368,-0.0003435132686471,0.000724273985681,0.0005698848676813,-1.2208926567975844,0.000587278623048,0.0001022620411875,-0.0017593028551316,0.0031940157188782,0.0877185310701866,-0.0003435132686471,0.1078976751280699,-0.000724273985681,0.1123446581738109,-0.0005698848676813,28.976961253022413,1.2208926567975844,0.1832811411774396,-0.000587278623048,True
cook,direct,0.0196798967126543,0.0428497017163356,0.4592773327323234,278479,24993.0,FORWARD_2025,,grid,True,OK,,0.8301679225945985,0.8299515890201167,0.1700484109798833,0.2832201299880968,86385.5128040797,0.2060911008754921,0.9484849243208386,1.0098214860830323,0.9283424077857668,21.05421557825699,0.3587498747831439,1.08776834669398,-0.1077665225586613,0.8874761680739229,-29.12562547123416,-0.183313496533274,0.1312031092025389,0.3971776767224452,-4.697496882280494e-05,9.870203288586676e-05,-0.0002936976448537,0.0008554265550897,0.0003907111154152,-1.3695568750093337,0.0005549232672137,-0.0002417887213006,-0.0014067586307046,0.0030180455557068,0.08776834669398,-0.0002936976448537,0.1077665225586613,-0.0008554265550897,0.112523831926077,-0.0003907111154152,29.12562547123416,1.3695568750093337,0.183313496533274,-0.0005549232672137,True
cook,direct,0.0285611484551597,0.0621871501588033,0.4592773327323234,278479,24993.0,FORWARD_2025,,grid,True,OK,,0.8305336134945479,0.8298698071845321,0.1701301928154679,0.2832882267076393,86383.73334369111,0.2062496442314109,0.9478546063159772,1.0094132632563195,0.928897346132668,21.08517934004768,0.3588839786486901,1.0866790258997596,-0.106399816921855,0.8895566399515242,-27.968269803444784,-0.1817996806550647,0.1318741397789014,0.3944040431418923,3.480686676179956e-05,0.0004643929328352,-0.0013830184390741,0.002222132191896,0.0024711829930165,-0.2122012072199552,0.0020687391454229,0.0004292418550618,-0.0041803922112575,0.0112511933678863,0.0866790258997596,-0.0013830184390741,0.106399816921855,-0.002222132191896,0.1104433600484757,-0.0024711829930165,27.968269803444784,0.2122012072199552,0.1817996806550647,-0.0020687391454229,True
cook,direct,0.0414503802021047,0.0902513084099076,0.4592773327323234,278479,24993.0,FORWARD_2025,,grid,True,OK,,0.8316027282922177,0.8296040847219422,0.1703959152780577,0.2835093710969038,86159.4946001834,0.2062087661830379,0.9483504153365304,1.0097482330901275,0.9293468011633156,21.07535311380047,0.3596325396780866,1.0865139168996647,-0.1060022864572398,0.8900987084560313,-27.94024108874374,-0.1814184420317285,0.1328155702786875,0.3935750107862419,0.0003005293293516,0.001533507730505,-0.0015481274391691,0.0026196626565112,0.0030132514975236,-0.1841724925189112,0.0024499777687591,0.001370672354848,-0.0050094245669079,0.0133246251390946,0.0865139168996647,-0.0015481274391691,0.1060022864572398,-0.0026196626565112,0.1099012915439686,-0.0030132514975236,27.94024108874374,0.1841724925189112,0.1814184420317285,-0.0024499777687591,True
cook,direct,0.060156335155656,0.1309804139424324,0.4592773327323234,278479,24993.0,FORWARD_2025,,grid,True,OK,,0.8319178506211209,0.8299191332188518,0.1700808667811482,0.283247156696651,86173.37015492306,0.2062609446666054,0.9486979379524978,1.010503998700596,0.9306032111482176,21.09426422177525,0.3588870855151251,1.0858591358757437,-0.105125230435019,0.8910944683923487,-27.023366793342404,-0.1804731202931674,0.132090349862082,0.3917332706300815,-1.4519167557874855e-05,0.0018486300594082,-0.0022029084630901,0.003496718678732,0.004009011433841,0.7327018028824241,0.0033952995073203,0.0006454519382424,-0.0068511647230682,0.018465919873595,0.0858591358757436,-0.0022029084630901,0.105125230435019,-0.003496718678732,0.1089055316076512,-0.004009011433841,27.023366793342404,-0.7327018028824241,0.1804731202931674,-0.0033952995073203,True
cook,direct,0.0873040160721099,0.1900899736390703,0.4592773327323234,278479,24993.0,FORWARD_2025,,grid,True,OK,,0.8325705488954303,0.8302788427345932,0.1697211572654068,0.2829474738827983,85921.59133884369,0.2056489441668328,0.949619104062856,1.0103416981533848,0.9310882777898072,21.021290690672668,0.358281841334842,1.0851191259240287,-0.1037915668347931,0.8922386585921148,-26.34359965613765,-0.179132777397241,0.1320236647080214,0.3893014796026993,-0.0003742286832993,0.0025013283337176,-0.002942918414805,0.0048303822789579,0.0051532016336071,1.4124689400871802,0.0047356424032466,0.0005787667841818,-0.0092829557504505,0.0257556050592334,0.0851191259240287,-0.002942918414805,0.1037915668347931,-0.0048303822789579,0.1077613414078851,-0.0051532016336071,26.34359965613765,-1.4124689400871802,0.179132777397241,-0.0047356424032466,True
cook,direct,0.1267030513510693,0.2758748196809324,0.4592773327323234,278479,24993.0,FORWARD_2025,,grid,True,OK,,0.8331965832341846,0.8300127285088732,0.1699872714911268,0.2831692106922827,85883.94980528977,0.20605287904003,0.9505797284349274,1.0112446467067755,0.9329534153282588,21.070810665564775,0.3588097472346122,1.0839176212790538,-0.1019594805754641,0.8949055385015037,-26.504710450255867,-0.1772804607133682,0.134887513044176,0.3850425934805633,-0.0001081144575792,0.0031273626724719,-0.00414442305978,0.0066624685382868,0.0078200815429959,1.251358145968961,0.0065879590871195,0.0034426151203364,-0.0135418418725865,0.0358297476764524,0.0839176212790537,-0.00414442305978,0.1019594805754641,-0.0066624685382868,0.1050944614984963,-0.0078200815429959,26.504710450255867,-1.251358145968961,0.1772804607133682,-0.0065879590871195,True
cook,direct,0.1838822993940162,0.400373121617101,0.4592773327323234,278479,24993.0,FORWARD_2025,,"grid,activity",True,OK,,0.8332548237389525,0.8304479486040464,0.1695520513959536,0.2828064778987177,85893.82144430502,0.205941160534686,0.950957166542431,1.0119149406577452,0.935524153000422,21.06809210584311,0.3582366742771985,1.0816556017418917,-0.0980315358737289,0.898624917857054,-25.686595172123305,-0.1735064042567245,0.1340680198145681,0.3781463947973607,-0.0005433345527525,0.0031856031772399,-0.0064064425969421,0.0105904132400221,0.0115394608985462,2.069473424101524,0.0103620155437631,0.0026231218907285,-0.0204380405557891,0.0563556023106458,0.0816556017418916,-0.0064064425969421,0.0980315358737289,-0.0105904132400221,0.101375082142946,-0.0115394608985462,25.686595172123305,-2.069473424101524,0.1735064042567245,-0.0103620155437631,True
cook,direct,0.2668657121503905,0.581055700186113,0.4592773327323234,278479,24993.0,FORWARD_2025,,grid,True,OK,,0.8360343177717328,0.8306652892256075,0.1693347107743925,0.2826251617625194,85704.25358566424,0.2059677358126236,0.9524169680315272,1.0131984553627371,0.9388395739002892,21.07906744709292,0.3568038396228373,1.0792029687814857,-0.0945627455702863,0.9033427571364006,-24.092919462999557,-0.1696903177710994,0.1365515106246103,0.3706214048430692,-0.0007606751743135,0.0059650972100201,-0.0088590755573481,0.0140592035434647,0.0162573001778928,3.663149133225275,0.0141781020293882,0.0051066127007707,-0.0279630305100806,0.0771100444805731,0.0792029687814857,-0.0088590755573481,0.0945627455702863,-0.0140592035434647,0.0966572428635994,-0.0162573001778928,24.092919462999557,-3.663149133225275,0.1696903177710994,-0.0141781020293882,True
cook,direct,0.3872983346207417,0.8432777039455319,0.4592773327323234,278479,24993.0,FORWARD_2025,,"grid,direct_common_lo",True,OK,,0.837963876028657,0.8305127667290033,0.1694872332709967,0.2827524156277303,85629.37886343985,0.2061816125085205,0.9545513688721978,1.0144288001442217,0.9431671543024124,21.108924092694963,0.3574525555123678,1.0755556907561268,-0.0886334167043659,0.9099808301900664,-22.49320186371096,-0.1637797455942858,0.1385764927949198,0.3594958649883172,-0.0006081526777093,0.0078946554669443,-0.012506353582707,0.019988532409385,0.0228953732315586,5.262866732513871,0.0200886742062019,0.0071315948710802,-0.0390885703648326,0.109255707032234,0.0755556907561267,-0.012506353582707,0.0886334167043659,-0.019988532409385,0.0900191698099336,-0.0228953732315586,22.49320186371096,-5.262866732513871,0.1637797455942858,-0.0200886742062019,True
cook,direct,0.5620804515923291,1.223836691979575,0.4592773327323234,278479,24993.0,FORWARD_2025,,"grid,guardrail",True,OK,,0.8389902370096551,0.830796244381145,0.1692037556188549,0.2825158564101728,85658.65143422404,0.20614721104766,0.9565802034963636,1.0159754610758465,0.9490366993407408,21.110843263667743,0.356100745240594,1.0705333753495576,-0.0811089339649877,0.9191368513591648,-19.82641555762989,-0.155894073560606,0.1409633214124259,0.3458539476064887,-0.0008916303298511,0.0089210164479425,-0.0175286689892761,0.0275130151487632,0.0320513944006569,7.929653038594939,0.0279743462398817,0.0095184234885863,-0.0527304877466611,0.1521432895884795,0.0705333753495576,-0.0175286689892761,0.0811089339649877,-0.0275130151487632,0.0808631486408353,-0.0320513944006569,19.82641555762989,-7.929653038594939,0.155894073560606,-0.0279743462398817,True
cook,direct,0.8157392010776716,1.7761364276888922,0.4592773327323234,278479,24993.0,FORWARD_2025,,grid,True,OK,,0.8399591561539471,0.8305034242380668,0.1694965757619332,0.2827602084727355,85744.19873220043,0.2064069160592327,0.9599553531383246,1.018253995004151,0.9559881672268692,21.12287206660854,0.3550773874048142,1.0651324251825234,-0.0722757104681365,0.9288552870739272,-17.316060678912912,-0.1468797410325508,0.1426072399218526,0.3304497158768115,-0.0005988101867729,0.0098899355922345,-0.0229296191563104,0.0363462386456145,0.0417698301154195,10.440007917311917,0.0369886787679368,0.011162341998013,-0.0681347194763383,0.2011692862106098,0.0651324251825233,-0.0229296191563104,0.0722757104681365,-0.0363462386456145,0.0711447129260727,-0.0417698301154195,17.316060678912912,-10.440007917311917,0.1468797410325508,-0.0369886787679368,True
cook,direct,1.1838704624751253,2.5776810177677767,0.4592773327323234,278479,24993.0,FORWARD_2025,,grid,True,OK,,0.8380492721434678,0.8299350353364421,0.1700649646635579,0.2832339149518078,86454.52564748151,0.2074657609696894,0.9632550517325325,1.0214161840625922,0.9649679353839236,21.2249439027317,0.3551140980031971,1.0584975382173814,-0.0623013736332112,0.9414216679677188,-14.38012016566146,-0.1364998578235394,0.1471984906039841,0.314012428275602,-3.0421285148157784e-05,0.0079800515817551,-0.0295645061214524,0.0463205754805397,0.054336211009211,13.37594843056337,0.0473685619769482,0.0157535926801445,-0.0845720070775478,0.257622064889376,0.0584975382173813,-0.0295645061214524,0.0623013736332112,-0.0463205754805397,0.0585783320322812,-0.054336211009211,14.38012016566146,-13.37594843056337,0.1364998578235394,-0.0473685619769482,True
cook,direct,1.7181340188990342,3.740951047328084,0.4592773327323234,278479,24993.0,FORWARD_2025,,grid,True,OK,,0.8348561075933896,0.8288965148098236,0.1711034851901763,0.284097398341546,87771.23447315462,0.2087993285241039,0.9669370446955948,1.024675704758515,0.9750217754420938,21.35692459664266,0.3545365449246108,1.0509259696214552,-0.0504024944448358,0.9551623412340312,-10.922916834870628,-0.1241229976620718,0.1488920760095789,0.2960520291495713,0.0010080992414702,0.0047868870316769,-0.0371360747173785,0.0582194546689152,0.0680768842755233,16.833151761354202,0.0597454221384159,0.0174471780857393,-0.1025324062035785,0.3249357459168061,0.0509259696214552,-0.0371360747173785,0.0504024944448358,-0.0582194546689152,0.0448376587659689,-0.0680768842755233,10.922916834870628,-16.833151761354202,0.1241229976620718,-0.0597454221384159,True
cook,direct,2.4935029637671797,5.429187956942882,0.4592773327323234,278479,24993.0,FORWARD_2025,,grid,True,OK,,0.8300524265779499,0.8274055489312788,0.1725944510687211,0.2853325011090815,89604.17163506807,0.2109543233894611,0.972096370447785,1.0289215716214688,0.986695750914864,21.53366103110122,0.3548588202583736,1.0427951784199467,-0.037922168419114,0.9703744969417945,-6.018752238583163,-0.1106285235638199,0.1528271773377529,0.2786052093544059,0.002499065120015,-1.6793983762752873e-05,-0.045266865918887,0.070699780694637,0.0832890399832866,21.737316357641667,0.0732398962366677,0.0213822794139133,-0.1199792259987438,0.3983277624082431,0.0427951784199467,-0.045266865918887,0.037922168419114,-0.070699780694637,0.0296255030582056,-0.0832890399832866,6.018752238583163,-21.737316357641667,0.1106285235638199,-0.0732398962366677,True
cook,direct,3.618784659359615,7.879301679947527,0.4592773327323234,278479,24993.0,FORWARD_2025,,grid,True,OK,,0.820920152725459,0.8249397048138768,0.1750602951861231,0.2873635346666938,91825.31996848925,0.2132713572523272,0.9764904540048006,1.032081466278238,0.9974996829478514,21.72144167440073,0.3552878099171859,1.0346684654858127,-0.025404015117442,0.9853868724413124,-2.1257163694984187,-0.0972373432433168,0.1551148349519611,0.2640481847632859,0.004964909237417,-0.0091490678362535,-0.053393578853021,0.083217933996309,0.0983014154828046,25.63035222672641,0.0866310765571709,0.0236699370281216,-0.1345362505898639,0.4711579979377246,0.0346684654858127,-0.053393578853021,0.025404015117442,-0.083217933996309,0.0146131275586876,-0.0983014154828046,2.1257163694984187,-25.63035222672641,0.0972373432433168,-0.0866310765571709,True
cook,direct,5.2518896512686215,11.43511616396173,0.4592773327323234,278479,24993.0,FORWARD_2025,,grid,True,OK,,0.8078556001164885,0.8225910339934877,0.1774089660065123,0.2892847974472113,94436.06817629248,0.2156883440910075,0.9806008360084332,1.036036782206308,1.0083891059387755,21.917900102998424,0.354791482718291,1.0274176665581816,-0.0146784159080315,0.9987625617404976,0.6353328909829703,-0.0858049203257637,0.1559045909260827,0.254531562723904,0.0073135800578062,-0.0222136204452241,-0.0606443777806522,0.0939435332057194,0.1116771047819897,28.3914014872078,0.0980634994747239,0.0244596930022431,-0.1440528726292458,0.5333351947067956,0.0274176665581815,-0.0606443777806522,0.0146784159080315,-0.0939435332057194,0.0012374382595025,-0.1116771047819897,0.6353328909829703,-27.12073570524186,0.0858049203257637,-0.0980634994747239,True
cook,direct,7.621991222319222,16.595618113732343,0.4592773327323234,278479,24993.0,FORWARD_2025,,grid,True,OK,,0.795521293316266,0.8198023969691045,0.1801976030308955,0.291549521941946,97054.7264328003,0.2184800844030386,0.9838373074737004,1.039430620584559,1.0188133940327342,22.156254530893698,0.356974378000236,1.0202365091316834,-0.0041181346134031,1.0121570328151177,3.3085486568473805,-0.0742669832329551,0.1584769319705384,0.2477184083149695,0.0101022170821893,-0.0345479272454466,-0.0678255352071504,0.1045038145003478,0.1250715758566097,31.06461725307221,0.1096014365675326,0.0270320340466988,-0.1508660270381802,0.5960862484512518,0.0202365091316834,-0.0678255352071504,0.0041181346134031,-0.1045038145003478,0.0121570328151174,-0.1007575102263748,3.3085486568473805,-24.447519939377447,0.0742669832329551,-0.1096014365675326,True
cook,direct,11.061685231539125,24.08497969131455,0.4592773327323234,278479,24993.0,FORWARD_2025,,grid,True,OK,,0.7833958640949696,0.8169209935823837,0.1830790064176163,0.2938712512882681,99396.9706932482,0.2210723227602016,0.9856862969890696,1.042132747076021,1.0261392723186498,22.3922807025154,0.3582737887236863,1.0155860663253176,0.0038209928373956,1.020763300556475,6.9833309678448,-0.0661700972245045,0.1582692632025345,0.2424202510157165,0.0129836204689101,-0.0466733564667429,-0.0724759780135162,0.1124429419511467,0.1336778435979669,34.73939956406963,0.1176983225759831,0.0268243652786949,-0.1561641843374333,0.6401225545077043,0.0155860663253175,-0.0724759780135162,0.0038209928373956,-0.1048009562763553,0.0207633005564746,-0.0921512424850176,6.9833309678448,-20.77273762838003,0.0661700972245045,-0.1176983225759831,True
cook,direct,16.05366322167172,34.95418144450019,0.4592773327323234,278479,24993.0,FORWARD_2025,,grid,True,OK,,0.769586151897097,0.8143790900625631,0.1856209099374369,0.295904300794818,101603.90241360292,0.2233422385363976,0.9876149155414096,1.0440122013735706,1.032324274698709,22.58629747797321,0.3590636889730877,1.0113219527636053,0.0103483466702214,1.0286449440481555,9.605233026888238,-0.0593826753108503,0.158537502078442,0.2392850097971726,0.0155255239887307,-0.0604830686646156,-0.0767400915752285,0.1189702957839724,0.1415594870896478,37.36130162311306,0.1244857444896373,0.0270926041546024,-0.1592994255559772,0.6770371150451752,0.0113219527636052,-0.0767400915752285,0.0103483466702214,-0.0982736024435296,0.0286449440481555,-0.0842695989933367,9.605233026888238,-18.150835569336596,0.0593826753108503,-0.1244857444896373,True
cook,direct,23.298448422672752,50.72849618783948,0.4592773327323234,278479,24993.0,FORWARD_2025,,grid,True,OK,,0.7634850202455852,0.8120456649781472,0.1879543350218528,0.2977583863322423,103167.7230266341,0.2253879969863382,0.9894105393644612,1.0451897719104688,1.0364415250278776,22.75823107552614,0.3604421540155216,1.0084406564879345,0.0155687350231426,1.033542887756227,11.657330518260173,-0.0536520741327432,0.1560125802163331,0.2358771416781095,0.0178589490731466,-0.0665842003161274,-0.0796213878508993,0.1241906841368937,0.1464574307977192,39.413399114485,0.1302163456677445,0.0245676822924935,-0.1627072936750403,0.7082039743912516,0.0084406564879344,-0.0796213878508993,0.0155687350231426,-0.0930532140906083,0.0335428877562269,-0.0793716552852653,11.657330518260173,-16.098738077964654,0.0536520741327432,-0.1302163456677445,True
cook,direct,33.81270003043063,73.62153021851265,0.4592773327323234,278479,24993.0,FORWARD_2025,,grid,True,OK,,0.745584322562435,0.8082716412681794,0.1917283587318206,0.300732944171218,105561.17700232351,0.2282221193065204,0.9889567192521812,1.0465916511403106,1.0406709667924574,23.053939618012727,0.3635212351438657,1.0056892952112442,0.0202199582573928,1.0386950832527977,12.511401514570265,-0.0498624525634181,0.1529128271281116,0.2332717041480041,0.0216329727831144,-0.0844848979992776,-0.0823727491275896,0.1288419073711438,0.1516096262942897,40.267470110795095,0.1340059672370696,0.021467929204272,-0.1653127312051457,0.728814482565723,0.0056892952112441,-0.0823727491275896,0.0202199582573928,-0.0884019908563582,0.0386950832527974,-0.0742194597886948,12.511401514570265,-15.244667081654564,0.0498624525634181,-0.1340059672370696,True
cook,direct,49.071880779635485,106.8458582262226,0.4592773327323234,278479,24993.0,FORWARD_2025,,grid,True,OK,,0.7423363663154872,0.8055953518163453,0.1944046481836546,0.30282459919375,107185.10312679286,0.2304429145395068,0.988064617367087,1.047823027303562,1.042896274695185,23.296220770544508,0.3674292444294331,1.0047241060572558,0.0227661417922716,1.0407928433181592,14.714988757946696,-0.0485821601058351,0.1519127698281653,0.2320680526358546,0.0243092622349485,-0.0877328542462254,-0.0833379382815779,0.1313880909060226,0.1537073863596515,42.47105735417153,0.1352862596946525,0.0204678719043257,-0.1665163827172952,0.7357775731223949,0.0047241060572558,-0.0833379382815779,0.0227661417922716,-0.0858558073214794,0.0407928433181592,-0.072121699723333,14.714988757946696,-13.041079838278131,0.0485821601058351,-0.1352862596946525,True
cook,direct,71.21730832153513,155.0638432292109,0.4592773327323234,278479,24993.0,FORWARD_2025,,grid,True,OK,,0.7257434156667566,0.7988455343072791,0.2011544656927209,0.3080368460185047,110497.05236917132,0.2358443541233267,0.9858706802293798,1.0491862344885616,1.0459144681296906,23.88621035835055,0.3736250309528351,1.003128139497603,0.0270293305805765,1.044073669813883,17.277688588451948,-0.0468947291075635,0.1482451687163331,0.2281989531848454,0.0310590797440147,-0.104325804894956,-0.0849339048412307,0.1356512796943276,0.1569882128553753,45.03375718467677,0.1369736906929242,0.0168002707924936,-0.1703854821683044,0.7449549566018561,0.003128139497603,-0.0849339048412307,0.0270293305805765,-0.0815926185331745,0.044073669813883,-0.0688408732276092,17.277688588451948,-10.47838000777288,0.0468947291075635,-0.1369736906929242,True
cook,direct,103.35664588322452,225.04190500397056,0.4592773327323234,278479,24993.0,FORWARD_2025,,grid,True,OK,,0.7123335822077739,0.7939746428502762,0.2060253571497238,0.3117440452566604,112772.55847888376,0.2391826441002183,0.9860853682555648,1.0505840611245412,1.048403680991022,24.222008990810764,0.3786993723122774,1.002079714305713,0.030668952131451,1.0461144884050062,17.695842633631155,-0.0454027578503544,0.1435904327584255,0.2243270510886675,0.0359299712010177,-0.1177356383539387,-0.0859823300331208,0.1392909012452021,0.1590290314464985,45.45191122985598,0.1384656619501333,0.0121455348345859,-0.1742573842644823,0.7530692986885941,0.0020797143057129,-0.0859823300331208,0.030668952131451,-0.0779529969823,0.0461144884050062,-0.066800054636486,17.695842633631155,-10.060225962593671,0.0454027578503544,-0.1384656619501333,True
cook,direct,150.0,326.6000503609073,0.4592773327323234,278479,24993.0,FORWARD_2025,,grid,True,OK,,0.5929244019009272,0.758706163057846,0.241293836942154,0.3373734820026964,128584.03614582894,0.2642550344734498,0.9886074779754072,1.0630522193618073,1.065305903299831,26.709684141591094,0.4069436394593071,0.9978844724965448,0.0497985167190895,1.054868173913625,18.17591468545332,-0.0445091344762709,0.1253452427075465,0.1989302656809582,0.0711984509934479,-0.2371448186607854,-0.0901775718422889,0.1584204658328405,0.1677827169551172,45.93198328167815,0.1393592853242168,-0.0060996552162929,-0.1996541696721916,0.7579294229832019,0.0021155275034551,-0.0859465168353786,0.0497985167190895,-0.0588234323946615,0.0548681739136249,-0.0580463691278673,18.17591468545332,-9.580153910771507,0.0445091344762709,-0.1393592853242168,True
cook,surrogate,0.001,0.0021773336690727,0.4592773327323234,278479,24993.0,FORWARD_2025,,grid,True,OK,,0.8294277716204455,0.8301499619032608,0.1698500380967391,0.2830548841373502,86397.11520740988,0.2060672151195315,0.947667044689332,1.0094294571364866,0.9277928208441544,21.06487166000176,0.3587795816164752,1.0879901573479034,-0.1083474897299277,0.8870546388330404,-28.653782104797337,-0.1836666242465093,0.1312719514467824,0.3979462908778516,-0.0002418545495547,-0.0010823976852664,9.41357165573642e-05,0.000158418777212,-0.000224764353224,-0.1682561324678353,0.0002233500801009,0.0003774004353969,-0.0004629735561906,0.0012145854112975,0.0879901573479033,9.41357165573642e-05,0.1083474897299277,-0.000158418777212,0.1129453611669596,0.000224764353224,28.653782104797337,0.1682561324678353,0.1836666242465093,-0.0002233500801009,True
cook,surrogate,0.0014512854854972,0.0031599327510096,0.4592773327323234,278479,24993.0,FORWARD_2025,,grid,True,OK,,0.8314037314519536,0.8298343935636183,0.1701656064363816,0.2833177092459513,86285.31771112094,0.2061259876293184,0.9474429087392126,1.0093506324932648,0.9281610809648252,21.06589686333152,0.3589247098162752,1.08747355733128,-0.1080120313465586,0.8881941562893376,-28.403881148080902,-0.1832591438688109,0.1317753034269165,0.3973351306959356,7.371379008777601e-05,0.0008935621462416,-0.0004224643000658,0.0004938771605811,0.0009147531030732,0.0816448242485954,0.0006308304577993,0.0008807524155311,-0.0010741337381066,0.0034304777088005,0.0874735573312801,-0.0004224643000658,0.1080120313465586,-0.0004938771605811,0.1118058437106623,-0.0009147531030732,28.403881148080902,-0.0816448242485954,0.1832591438688109,-0.0006308304577993,True
cook,surrogate,0.0021062295604149,0.0045859645366876,0.4592773327323234,278479,24993.0,FORWARD_2025,,grid,True,OK,,0.8295226043497028,0.8294401620330398,0.1705598379669601,0.28364570783569,86429.0892918271,0.2064790758385633,0.9480334923870714,1.0094436524127297,0.928002350829252,21.10280434174602,0.360022166168718,1.0877598009430716,-0.1079087830115899,0.8877182175886351,-28.64040951120401,-0.1835404600558636,0.131600018481541,0.3975746983937898,0.0004679453206662,-0.000987564956009,-0.0001362206882744,0.0005971254955498,0.0004388144023707,-0.1548835388745075,0.0003495142707466,0.0007054674701556,-0.0008345660402524,0.0019006706158209,0.0877598009430715,-0.0001362206882744,0.1079087830115899,-0.0005971254955498,0.1122817824113648,-0.0004388144023707,28.64040951120401,0.1548835388745075,0.1835404600558636,-0.0003495142707466,True
cook,surrogate,0.0030567403901553,0.0066555437690997,0.4592773327323234,278479,24993.0,FORWARD_2025,,grid,True,OK,,0.8303769847672318,0.8297419508474803,0.1702580491525197,0.283394655178383,86368.89507775898,0.2060544501278159,0.9477663908783898,1.008854261083783,0.9276364108471312,21.04821070229258,0.3585070738006042,1.0875535385275383,-0.1074441372722597,0.8878415027764696,-28.121203404766035,-0.1829650438574171,0.1308545007687884,0.3965860859900076,0.0001661565062258,-0.0001331845384801,-0.0003424831038076,0.00106177123488,0.0005620995902051,0.364322567563466,0.0009249304691931,-4.005024259701173e-05,-0.0018231784440346,0.0050298036778795,0.0875535385275383,-0.0003424831038076,0.1074441372722597,-0.00106177123488,0.1121584972235304,-0.0005620995902051,28.121203404766035,-0.364322567563466,0.1829650438574171,-0.0009249304691931,True
cook,surrogate,0.0044362029611655,0.0096590940701859,0.4592773327323234,278479,24993.0,FORWARD_2025,,grid,True,OK,,0.8309145233322155,0.8300216021308999,0.1699783978691,0.283161819640834,86268.57867078389,0.2060546617727388,0.9478140801936916,1.009580458085103,0.9284483065010756,21.06066126492024,0.3580978004720119,1.087384672917095,-0.107616302398402,0.8880561580853373,-27.75407880604966,-0.1829222870949799,0.1307217712752793,0.396819585122058,-0.0001134947771938,0.0004043540265036,-0.0005113487142509,0.0008896061087377,0.0007767548990729,0.7314471662798425,0.0009676872316303,-0.0001727797361061,-0.0015896793119842,0.0052623164214032,0.087384672917095,-0.0005113487142509,0.107616302398402,-0.0008896061087377,0.1119438419146626,-0.0007767548990729,27.75407880604966,-0.7314471662798425,0.1829222870949799,-0.0009676872316303,True
cook,surrogate,0.0064381969682594,0.0140181030271131,0.4592773327323234,278479,24993.0,FORWARD_2025,,grid,True,OK,,0.8308438731459151,0.8298074624536214,0.1701925375463786,0.2833401278729707,86362.94444166606,0.2060901050630518,0.9477374667528022,1.0087986724395637,0.9280482988442496,21.058463028830555,0.3586090406698006,1.0870109602009692,-0.1065460184734213,0.8888571593590093,-28.55599551283205,-0.1818743460329173,0.1316937978411453,0.3943453429265902,0.0001006449000847,0.0003337038402032,-0.0008850614303768,0.0019598900337184,0.0015777561727449,-0.0704695405025503,0.0020156282936929,0.0007992468297598,-0.004063921507452,0.0109610559307217,0.0870109602009692,-0.0008850614303768,0.1065460184734213,-0.0019598900337184,0.1111428406409906,-0.0015777561727449,28.55599551283205,0.0704695405025503,0.1818743460329173,-0.0020156282936929,True
cook,surrogate,0.0093436618128071,0.0203442694574539,0.4592773327323234,278479,24993.0,FORWARD_2025,,grid,True,OK,,0.8312109801264851,0.8297446363795695,0.1702553636204304,0.2833924201344442,86414.60837644673,0.206243328886779,0.9479427617403058,1.009337689054682,0.9287076928388244,21.08340424754323,0.3585153864096347,1.0868195631818145,-0.1059438436545607,0.8888945068044557,-27.58804603690636,-0.1814491578235676,0.1300126995110458,0.3938051348290311,0.0001634709741365,0.0007008108207732,-0.0010764584495315,0.002562064852579,0.0016151036181912,0.8974799354231457,0.0024408165030426,-0.0008818515003395,-0.0046041296050111,0.0132732440252967,0.0868195631818145,-0.0010764584495315,0.1059438436545607,-0.002562064852579,0.1111054931955443,-0.0016151036181912,27.58804603690636,-0.8974799354231457,0.1814491578235676,-0.0024408165030426,True
cook,surrogate,0.0135603207703216,0.0295253429766473,0.4592773327323234,278479,24993.0,FORWARD_2025,,grid,True,OK,,0.8317135184939526,0.8296586367632308,0.1703413632367692,0.2834639848769727,86329.21085095206,0.2061327246241025,0.947814139054665,1.0086511713976063,0.928917359362192,21.07097472262217,0.3584259461570076,1.085835205071591,-0.1044519697509259,0.890723529144722,-27.549002094255307,-0.1799710955768111,0.1308919181896726,0.3908688316563786,0.0002494705904753,0.0012033491882407,-0.002060816559755,0.0040539387562139,0.0034441259584575,0.936523878074194,0.0039188787497992,-2.6328217128113174e-06,-0.0075404327776636,0.0213109973186401,0.0858352050715909,-0.002060816559755,0.1044519697509259,-0.0040539387562139,0.109276470855278,-0.0034441259584575,27.549002094255307,-0.936523878074194,0.1799710955768111,-0.0039188787497992,True
cook,surrogate,0.0196798967126543,0.0428497017163356,0.4592773327323234,278479,24993.0,FORWARD_2025,,grid,True,OK,,0.8331215510621455,0.8295438826931242,0.1704561173068758,0.2835594495627567,86250.23069814422,0.206277796902383,0.9484481833658566,1.0091331413582458,0.9298504171156788,21.07932846543534,0.3590653321036109,1.0852639551300045,-0.1035039187970859,0.8917403174491675,-27.01230539603857,-0.1791470667723456,0.1306249471568171,0.3894494462972253,0.0003642246605819,0.0026113817564336,-0.0026320665013417,0.0050019897100538,0.004460914262903,1.4732205762909274,0.0047429075542646,-0.0002696038545682,-0.0089598181368169,0.0257920942761167,0.0852639551300042,-0.0026320665013417,0.1035039187970859,-0.0050019897100538,0.1082596825508325,-0.004460914262903,27.01230539603857,-1.4732205762909274,0.1791470667723456,-0.0047429075542646,True
cook,surrogate,0.0285611484551597,0.0621871501588033,0.4592773327323234,278479,24993.0,FORWARD_2025,,grid,True,OK,,0.8337533752619306,0.8298698023570616,0.1701301976429383,0.2832882307268128,86328.92041168644,0.205848836859991,0.9475783434967232,1.0078468703583716,0.9298151295049578,21.038849629228828,0.3575126956546653,1.0839217801230645,-0.1007496943787052,0.8936231077410975,-26.400077539327167,-0.1762037830042914,0.1296827138452194,0.3839588403406675,3.830499664442266e-05,0.0032432059562187,-0.0039742415082815,0.0077562141284345,0.0063437045548331,2.085448433002334,0.0076861913223188,-0.001211837166166,-0.0144504240933747,0.0417977725564705,0.0839217801230645,-0.0039742415082815,0.1007496943787052,-0.0077562141284345,0.1063768922589024,-0.0063437045548331,26.400077539327167,-2.085448433002334,0.1762037830042914,-0.0076861913223188,True
cook,surrogate,0.0414503802021047,0.0902513084099076,0.4592773327323234,278479,24993.0,FORWARD_2025,,grid,True,OK,,0.8345849031540737,0.8295048806499365,0.1704951193500634,0.2835918883086355,86301.9367286319,0.2060124437812864,0.9469732545204836,1.0074961487055396,0.9309761950835436,21.06939902676356,0.35698970255484,1.0821932440658475,-0.0971281111608813,0.8962980066693723,-25.43140347997307,-0.1727584307150049,0.1285999953938029,0.377015799443677,0.0004032267037695,0.0040747338483618,-0.0057027775654983,0.0113777973462584,0.0090186034831079,3.0541224923564307,0.0111315436116053,-0.0022945556175824,-0.0213934649903652,0.0605337167095059,0.0821932440658477,-0.0057027775654983,0.0971281111608813,-0.0113777973462584,0.1037019933306276,-0.0090186034831079,25.43140347997307,-3.0541224923564307,0.1727584307150049,-0.0111315436116053,True
cook,surrogate,0.060156335155656,0.1309804139424324,0.4592773327323234,278479,24993.0,FORWARD_2025,,"grid,activity",True,OK,,0.8355573491350167,0.8295024401239885,0.1704975598760114,0.283593918017427,86319.89235906815,0.2060999783581613,0.9477652524640796,1.0072644440369969,0.9323861406720032,21.07984173603567,0.3565783300612986,1.080308254379485,-0.0936916587108736,0.8993211800371639,-24.2567727648046,-0.1694038251498566,0.128178454151331,0.3712470168531186,0.0004056672297176,0.0050471798293048,-0.0075877672518609,0.0148142497962661,0.0120417768508994,4.2287532075249,0.0144861491767536,-0.0027160968600543,-0.0271622475809236,0.0787761770580518,0.080308254379485,-0.0075877672518609,0.0936916587108736,-0.0148142497962661,0.1006788199628361,-0.0120417768508994,24.2567727648046,-4.2287532075249,0.1694038251498566,-0.0144861491767536,True
cook,surrogate,0.0873040160721099,0.1900899736390703,0.4592773327323234,278479,24993.0,FORWARD_2025,,grid,True,OK,,0.8378034191834864,0.8289474669419465,0.1710525330580534,0.2840550951530427,86356.17302642469,0.2060663582704564,0.948065437517213,1.0061701298234282,0.9341424718092964,21.07388059989993,0.3555279250088241,1.07710564521772,-0.0875435952620771,0.9046303947100092,-23.78453166642732,-0.1632936860954849,0.1276162560318733,0.3593623498029942,0.0009606404117596,0.0072932498777745,-0.0107903764136259,0.0209623132450627,0.0173509915237446,4.700994305902185,0.0205962882311253,-0.003278294979512,-0.039046914631048,0.1120033232183932,0.0771056452177201,-0.0107903764136259,0.0875435952620771,-0.0209623132450627,0.0953696052899909,-0.0173509915237446,23.78453166642732,-4.700994305902185,0.1632936860954849,-0.0205962882311253,True
cook,surrogate,0.1267030513510693,0.2758748196809324,0.4592773327323234,278479,24993.0,FORWARD_2025,,grid,True,OK,,0.8379531137559131,0.8278969069486946,0.1721030930513055,0.2849260560079195,86626.12514297462,0.2064640823975939,0.9472277042208884,1.0048814013522174,0.9353288410757564,21.127743759749567,0.3558478280787518,1.0743616118973365,-0.0809131473937992,0.9089779585860724,-20.594292817286767,-0.1568713773351742,0.1263846778943556,0.3460924403706071,0.0020112004050116,0.0074429444502012,-0.0135344097340095,0.0275927611133405,0.021698555399808,7.891233155042734,0.0270185969914361,-0.0045098731170297,-0.0523168240634351,0.1469280589677384,0.0743616118973364,-0.0135344097340095,0.0809131473937992,-0.0275927611133405,0.0910220414139275,-0.021698555399808,20.594292817286767,-7.891233155042734,0.1568713773351742,-0.0270185969914361,True
cook,surrogate,0.1838822993940162,0.400373121617101,0.4592773327323234,278479,24993.0,FORWARD_2025,,grid,True,OK,,0.8400975773018784,0.8270087759011845,0.1729912240988155,0.2856602846787113,86705.0303212967,0.2065154791001206,0.9467133195521732,1.002957452830845,0.9371397635422576,21.13763651256677,0.3541421677186985,1.07023252224386,-0.0718606640417753,0.9149984698541652,-18.515039682129885,-0.1474956748867827,0.1229015769999161,0.3284013930116936,0.0028993314525216,0.0095874079961665,-0.017663499387486,0.0366452444653644,0.0277190666679006,9.970486290199617,0.0363942994398275,-0.0079929740114692,-0.0700078714223486,0.1979134510899817,0.07023252224386,-0.017663499387486,0.0718606640417753,-0.0366452444653644,0.0850015301458348,-0.0277190666679006,18.515039682129885,-9.970486290199617,0.1474956748867827,-0.0363942994398275,True
cook,surrogate,0.2668657121503905,0.581055700186113,0.4592773327323234,278479,24993.0,FORWARD_2025,,grid,True,OK,,0.8398269387868927,0.8244568168882169,0.175543183111783,0.2877595948370892,87075.8952098325,0.2072392961908332,0.9462481034897252,1.000474191706403,0.9391047103392656,21.22592895769939,0.353896511819619,1.065348922959791,-0.0608406903830537,0.9228383072617906,-15.456325853733972,-0.1363094042498112,0.1217518541369564,0.3078032948225074,0.0054512904654891,0.0093167694811808,-0.022547098671555,0.047665218124086,0.0355589040755262,13.02920011859553,0.0475805700767991,-0.0091426968744289,-0.0906059696115348,0.2587447752441925,0.065348922959791,-0.022547098671555,0.0608406903830537,-0.047665218124086,0.0771616927382093,-0.0355589040755262,15.456325853733972,-13.02920011859553,0.1363094042498112,-0.0475805700767991,True
cook,surrogate,0.3872983346207417,0.8432777039455319,0.4592773327323234,278479,24993.0,FORWARD_2025,,"grid,guardrail",True,OK,,0.843050347729305,0.8210325890069718,0.1789674109930282,0.2905526270590611,87532.3581816057,0.2085404341455644,0.9456310439211292,0.998001496612956,0.9412089965615824,21.38852995854074,0.3542686690352052,1.0603399460256409,-0.0491278125545757,0.9304711662488516,-13.559001607236596,-0.1242291251519076,0.1199432315891583,0.2861318046631378,0.0088755183467343,0.0125401784235931,-0.0275560756057051,0.059378095952564,0.043191763062587,14.926524365092906,0.0596608491747026,-0.010951319422227,-0.1122774597709044,0.3244377481326845,0.0603399460256408,-0.0275560756057051,0.0491278125545757,-0.059378095952564,0.0695288337511484,-0.043191763062587,13.559001607236596,-14.926524365092906,0.1242291251519076,-0.0596608491747026,True
cook,surrogate,0.5620804515923291,1.223836691979575,0.4592773327323234,278479,24993.0,FORWARD_2025,,grid,True,OK,,0.84253705026002,0.8162141121271393,0.1837858878728607,0.2944380339324116,88183.10237069053,0.2097891220880553,0.9454777543828868,0.994586549289998,0.943330023209606,21.52063220224273,0.3533141073726832,1.0543357306767316,-0.0352660730304712,0.9395076746277724,-9.596984753183484,-0.10945591689889,0.1175252586539376,0.2622424438803821,0.0136939952265668,0.0120268809543081,-0.0335602909546144,0.0732398354766685,0.0522282714415079,18.888541219146017,0.0744340574277202,-0.0133692923574477,-0.1361668205536602,0.4047749623126085,0.0543357306767315,-0.0335602909546144,0.0352660730304712,-0.0732398354766685,0.0604923253722275,-0.0522282714415079,9.596984753183484,-18.888541219146017,0.10945591689889,-0.0744340574277202,True
cook,surrogate,0.8157392010776716,1.7761364276888922,0.4592773327323234,278479,24993.0,FORWARD_2025,,grid,True,OK,,0.8415205912229844,0.8081281001721741,0.1918718998278259,0.3008454978387341,89480.49272012534,0.2127842831704555,0.9449663967536462,0.9913221840081506,0.94537301392555,21.853706483683204,0.357065290222056,1.0486042751440536,-0.0206840095019834,0.94833829843422,-5.752951463766149,-0.0944721991543034,0.1154423421775843,0.2404202240081759,0.021780007181532,0.0110104219172725,-0.0392917464872923,0.0878218990051563,0.0610588952479554,22.732574508563356,0.0894177751723068,-0.015452208833801,-0.1579890404258663,0.4862569343421099,0.0486042751440536,-0.0392917464872923,0.0206840095019834,-0.0878218990051563,0.05166170156578,-0.0610588952479554,5.752951463766149,-22.732574508563356,0.0944721991543034,-0.0894177751723068,True
cook,surrogate,1.1838704624751253,2.5776810177677767,0.4592773327323234,278479,24993.0,FORWARD_2025,,grid,True,OK,,0.8413687719850428,0.799466049068722,0.200533950931278,0.3075613680223683,90705.33544680198,0.2161967196164438,0.9445385992887544,0.9873514164040416,0.9474308134975302,22.225870825771047,0.3600668109726456,1.0421356391810193,-0.005691025661355,0.958779322214504,-2.620717564952398,-0.0780520950068236,0.1173003187049928,0.2240346951863616,0.0304420582849841,0.0108586026793309,-0.0457603824503267,0.1028148828457847,0.0714999190282396,25.864808407377105,0.1058378793197866,-0.0135942323063925,-0.1743745692476806,0.5755500249937828,0.0421356391810192,-0.0457603824503267,0.005691025661355,-0.1028148828457847,0.0412206777854959,-0.0714999190282396,2.620717564952398,-25.864808407377105,0.0780520950068236,-0.1058378793197866,True
cook,surrogate,1.7181340188990342,3.740951047328084,0.4592773327323234,278479,24993.0,FORWARD_2025,,grid,True,OK,,0.840165233024541,0.7883706917366979,0.2116293082633021,0.3159553655643126,92393.32412869856,0.2205761303346483,0.9427765327664592,0.9833416741373806,0.948706884920046,22.72209297404829,0.3639290940130851,1.036507365728935,0.008167858353072,0.9678558696228232,-0.0744050246155425,-0.0629811301446072,0.1199422016180744,0.2148417192581641,0.0415374156170082,0.0096550637188291,-0.051388655902411,0.1166737668602118,0.0805764664365589,28.41112094771396,0.1209088441820031,-0.0109523493933109,-0.1835675451758782,0.6575064498473132,0.0365073657289349,-0.051388655902411,0.008167858353072,-0.1003380501540677,0.0321441303771766,-0.0805764664365589,0.0744050246155425,-28.41112094771396,0.0629811301446072,-0.1209088441820031,True
cook,surrogate,2.4935029637671797,5.429187956942882,0.4592773327323234,278479,24993.0,FORWARD_2025,,grid,True,OK,,0.8381018835998861,0.7759128276853728,0.2240871723146272,0.3251219768833647,94103.91676324028,0.2252435662382022,0.942273934366288,0.9791149813257316,0.9503335533062792,23.222055116319694,0.3692996398871302,1.0302856064792405,0.0227554616603358,0.9782027907415012,1.4822668387570728,-0.0468965226173483,0.1229725993253786,0.21245908538088,0.0539952796683333,0.0075917142941742,-0.0576104151521057,0.1312613701674757,0.0909233875552368,29.96779281108657,0.1369934517092619,-0.0079219516860067,-0.1859501790531622,0.744975098348458,0.0302856064792402,-0.0576104151521057,0.0227554616603358,-0.0857504468468039,0.0217972092584987,-0.0909233875552368,1.4822668387570728,-27.003259133572428,0.0468965226173483,-0.1369934517092619,True
cook,surrogate,3.618784659359615,7.879301679947527,0.4592773327323234,278479,24993.0,FORWARD_2025,,grid,True,OK,,0.8372813861733341,0.762438130738082,0.237561869261918,0.3347543241781018,96159.74338832252,0.2310284763778288,0.939690573511638,0.975341379901956,0.9509226130269518,23.8719574615274,0.3748760660871484,1.0256790263902498,0.0343596653283015,0.9859979947099098,2.690278989910392,-0.0344195716033781,0.128130066307152,0.2169599200873343,0.0674699766156241,0.0067712168676222,-0.0622169952410962,0.1428655738354413,0.0987185915236453,31.17580496223989,0.1494704027232321,-0.0027644847042333,-0.1814493443467079,0.8128251867486534,0.0256790263902497,-0.0622169952410962,0.0343596653283015,-0.0741462431788382,0.0140020052900902,-0.0987185915236453,2.690278989910392,-25.79524698241911,0.0344195716033781,-0.1494704027232321,True
cook,surrogate,5.2518896512686215,11.43511616396173,0.4592773327323234,278479,24993.0,FORWARD_2025,,grid,True,OK,,0.8344114279761781,0.7489347217069484,0.2510652782930516,0.3441368318769588,97837.85241577534,0.23614488755626,0.9373350093537222,0.9715296740903157,0.9512850417526578,24.46731632144888,0.3824740121420142,1.0212813525379931,0.0454487959947958,0.994000309689718,4.918806732716154,-0.0221382366103641,0.1336418202052232,0.226574002322658,0.0809733856467577,0.0039012586704662,-0.0666146690933529,0.1539547045019356,0.1067209065034536,33.404332705045654,0.1617517377162461,0.0027472691938378,-0.1718352621113842,0.8796115085042973,0.0212813525379931,-0.0666146690933529,0.0454487959947958,-0.0630571125123439,0.0059996903102819,-0.1067209065034536,4.918806732716154,-23.56671923961335,0.0221382366103641,-0.1617517377162461,True
cook,surrogate,7.621991222319222,16.595618113732343,0.4592773327323234,278479,24993.0,FORWARD_2025,,grid,True,OK,,0.8319913633081896,0.7341794711104104,0.2658205288895895,0.3541050232889658,100145.956131087,0.2425902876511963,0.9355577871017328,0.9671521804558196,0.950802237565624,25.146400130425263,0.3875442327002654,1.0171959449023356,0.0555966787628386,1.0013528772476217,5.159740966172951,-0.0112620893280906,0.1401134865022651,0.2374380584069456,0.0957286362432957,0.0014811940024777,-0.0707000767290104,0.1641025872699784,0.114073474061357,33.64526693850245,0.1726278849985196,0.0092189354908797,-0.1609712060270966,0.938756371197878,0.0171959449023355,-0.0707000767290104,0.0555966787628386,-0.0529092297443011,0.0013528772476214,-0.1113677195661141,5.159740966172951,-23.32578500615655,0.0112620893280906,-0.1726278849985196,True
cook,surrogate,11.061685231539125,24.08497969131455,0.4592773327323234,278479,24993.0,FORWARD_2025,,grid,True,OK,,0.8280755905605799,0.7218911846629221,0.2781088153370778,0.362197298146809,102321.73459793456,0.2481425616829471,0.9315377513463708,0.9645491825662676,0.9509227107006069,25.819601849230946,0.3958925257842592,1.0143297364889112,0.0639938946331256,1.0067582839929634,6.467969277056049,-0.0032109170569283,0.1444871543615147,0.2458342861499677,0.1080169226907839,-0.0024345787451319,-0.0735662851424348,0.1724998031402654,0.119478880806699,34.953495249385554,0.1806790572696819,0.0135926033501292,-0.1525749782840745,0.9825389226971916,0.0143297364889112,-0.0735662851424348,0.0639938946331256,-0.0445120138740141,0.0067582839929634,-0.1059623128207721,6.467969277056049,-22.01755669527345,0.0032109170569283,-0.1806790572696819,True
cook,surrogate,16.05366322167172,34.95418144450019,0.4592773327323234,278479,24993.0,FORWARD_2025,,grid,True,OK,,0.8275495016587177,0.7114498506817455,0.2885501493182545,0.3689338300442047,103763.70910056282,0.252552651752943,0.9313700076627052,0.9623608942514236,0.950877418781284,26.29520817050771,0.4006166347155681,1.0120767148775682,0.0695524469470663,1.0112090577660602,6.540430549974287,0.0026963559142324,0.1482678833594452,0.2536344363613296,0.1184582566719607,-0.0029606676469942,-0.0758193067537778,0.1780583554542061,0.1239296545797957,35.02595652230379,0.1865863302408427,0.0173733323480598,-0.1447748280727126,0.9853371238747176,0.0120767148775682,-0.0758193067537778,0.0695524469470663,-0.0389534615600734,0.0112090577660601,-0.1015115390476754,6.540430549974287,-21.945095422355216,0.0026963559142324,-0.1811936184123778,True
cook,surrogate,23.298448422672752,50.72849618783948,0.4592773327323234,278479,24993.0,FORWARD_2025,,grid,True,OK,,0.8249093567263295,0.7014726125233401,0.2985273874766599,0.3752579648551533,105177.32555703873,0.2565704501051322,0.9300217443005058,0.96031871399466,0.9510114207144764,26.77622269206709,0.4046814690624267,1.0097867313446047,0.0756673478898592,1.0152065447438368,6.955367030388864,0.0091146537338099,0.1523977346277084,0.2629568807752935,0.128435494830366,-0.0056008125793823,-0.0781092902867413,0.184173256396999,0.1279271415575723,35.44089300271837,0.1930046280604202,0.021503183616323,-0.1354523836587487,0.9504341997589209,0.0097867313446047,-0.0781092902867413,0.0756673478898592,-0.0328385606172805,0.0152065447438367,-0.0975140520698988,6.955367030388864,-21.53015894194064,0.0091146537338099,-0.1747753205928003,True
cook,surrogate,33.81270003043063,73.62153021851265,0.4592773327323234,278479,24993.0,FORWARD_2025,,grid,True,OK,,0.8225061035839982,0.6932015402508633,0.3067984597491366,0.3804209416539909,106724.84552731938,0.2604326546044553,0.92634306379179,0.9571416132808642,0.9493544080973166,27.2309692427654,0.4094128148974681,1.0082026323542908,0.079890769088289,1.0188766741597128,7.107309286131486,0.0127409213365325,0.1557995073635456,0.2679444471130591,0.1367065671028427,-0.0080040657217136,-0.0796933892770552,0.1883966775954288,0.1315972709734484,35.59283525846099,0.1966308956631429,0.0249049563521602,-0.1304648173209831,0.9307144319140356,0.0082026323542907,-0.0796933892770552,0.079890769088289,-0.0286151394188507,0.0188766741597128,-0.0938439226540227,7.107309286131486,-21.378216686198016,0.0127409213365325,-0.1711490529900777,True
cook,surrogate,49.071880779635485,106.8458582262226,0.4592773327323234,278479,24993.0,FORWARD_2025,,grid,True,OK,,0.820923882014297,0.688594256958884,0.311405743041116,0.3832667443503139,107330.76094334372,0.2624301117369043,0.9246242418241106,0.9560785502362382,0.9490956654072902,27.460735274647654,0.4128163405734424,1.0073574088297532,0.0828781565543163,1.0204193187220376,8.036415175963564,0.0152097342159446,0.1572396169588122,0.2718640797888265,0.1413138503948222,-0.0095862872914148,-0.0805386128015928,0.1913840650614561,0.1331399155357732,36.52194114829307,0.1990997085425549,0.0263450659474268,-0.1265451846452158,0.9172889426319112,0.0073574088297532,-0.0805386128015928,0.0828781565543163,-0.0256277519528234,0.0204193187220376,-0.0923012780916979,8.036415175963564,-20.449110796365936,0.0152097342159446,-0.1686802401106656,True
cook,surrogate,71.21730832153513,155.0638432292109,0.4592773327323234,278479,24993.0,FORWARD_2025,,grid,True,OK,,0.8213274361727902,0.6825045256877871,0.317495474312213,0.3869961088459995,107990.95631919356,0.2647612348532948,0.9257749244803246,0.9561915713193416,0.9502918984853324,27.73614880160241,0.4139503458657935,1.006208274366447,0.0856501836217565,1.0223196937759695,8.32851402945323,0.01847896213221,0.1576427896686403,0.2760753236456962,0.1474035816659191,-0.0091827331329216,-0.0816877472648986,0.1941560921288963,0.1350402905897051,36.81404000178273,0.2023689364588203,0.0267482386572548,-0.122333940788346,0.8995107688721015,0.0062082743664473,-0.0816877472648986,0.0856501836217565,-0.0228557248853832,0.0223196937759695,-0.090400903037766,8.32851402945323,-20.157011942876277,0.01847896213221,-0.1654110121944002,True
cook,surrogate,103.35664588322452,225.04190500397056,0.4592773327323234,278479,24993.0,FORWARD_2025,,grid,True,OK,,0.8200412611205743,0.6790736497443983,0.3209263502556016,0.3890814424945014,108513.90189980742,0.266028804904688,0.924470428732854,0.9538414872951072,0.9486272116946608,27.85852061583391,0.418702380534825,1.0054966540450927,0.0876818321910952,1.0241763939544877,8.059546553956876,0.0202587984007663,0.1602385824826351,0.2792583724942526,0.1508344576093077,-0.0104689081851375,-0.0823993675862533,0.196187740698235,0.136896990768223,36.545072526286376,0.2041487727273766,0.0293440314712497,-0.1191508919397896,0.8898319580773646,0.0054966540450926,-0.0823993675862533,0.0876818321910952,-0.0208240763160446,0.0241763939544874,-0.0885442028592481,8.059546553956876,-20.425979418372627,0.0202587984007663,-0.1636311759258439,True
cook,surrogate,150.0,326.6000503609073,0.4592773327323234,278479,24993.0,FORWARD_2025,,grid,True,OK,,0.819464936093771,0.676215198617313,0.323784801382687,0.3908103512677798,108990.10714583404,0.2675744182951109,0.9229884331293116,0.9537400593851744,0.9485281414357526,28.04850409491845,0.4201761454778572,1.0054947425613885,0.0886398879032688,1.0242951776035325,8.239400226927707,0.020349318970456,0.1604072255497112,0.2808960702826732,0.1536929087363931,-0.0110452332119408,-0.0824012790699575,0.1971457964104086,0.1370157744172678,36.72492619925721,0.2042392932970664,0.0295126745383258,-0.117513194151369,0.8893397041085379,0.0054947425613884,-0.0824012790699575,0.0886398879032688,-0.0198660206038709,0.0242951776035322,-0.0884254192102033,8.239400226927707,-20.246125745401795,0.020349318970456,-0.1635406553561542,True
king,direct,0.0,0.0,0.3366192517389094,177707,17812.0,FORWARD_2025,,"grid,baseline_rho0",True,OK,,0.7495201525774808,0.8295618801857598,0.1704381198142401,0.2361539506390883,203888.4531417701,0.167495140730251,1.007472283261592,1.046911338218225,0.9780788233193156,16.610268727671514,0.539750578511684,1.0703752225871856,-0.0765379867988673,0.8643815148260575,-6.773403832352139,-0.1728477383522239,0.1358817665895247,0.3081006843426243,0.0,0.0,0.0,0.0,0.0,0.0,0.0,0.0,0.0,0.0,0.0703752225871856,0.0,0.0765379867988673,0.0,0.1356184851739424,0.0,6.773403832352139,0.0,0.1728477383522239,0.0,True
king,direct,0.001,0.002970715414624,0.3366192517389094,177707,17812.0,FORWARD_2025,,grid,True,OK,,0.7518983853221615,0.8296638793609816,0.1703361206390183,0.2360832765636381,203742.70715676577,0.1674226621942827,1.0069317092399857,1.0468949728053278,0.9783046849783256,16.613416303709347,0.5342265711784207,1.070111376220714,-0.0768848809133065,0.8651537546683767,-7.012230567888291,-0.172799212688594,0.1373062093686711,0.3084985889715745,-0.0001019991752218,0.0023782327446806,-0.0002638463664716,-0.0003468941144392,0.0007722398423192,-0.2388267355361515,4.852566362983923e-05,0.0014244427791464,0.0003979046289502,0.0002807422538034,0.0701113762207139,-0.0002638463664716,0.0768848809133065,0.0003468941144392,0.1348462453316232,-0.0007722398423192,7.012230567888291,0.2388267355361515,0.172799212688594,-4.852566362983923e-05,True
king,direct,0.0014512854854972,0.0043113561627867,0.3366192517389094,177707,17812.0,FORWARD_2025,,grid,True,OK,,0.7504487751098982,0.8291104580672709,0.170889541932729,0.2364664823121544,204408.54102160645,0.1677753274202625,1.0068964783837375,1.0467348042749305,0.9780863176795797,16.64956060808732,0.5330381354717477,1.0701865319598918,-0.0770017935897873,0.8649246372243702,-6.959149633554034,-0.17311240061668,0.1367216471769621,0.3083690934773568,0.0004514221184889,0.0009286225324173,-0.0001886906272938,-0.0004638067909199,0.0005431223983126,-0.1857458012018948,-0.0002646622644561,0.0008398805874374,0.0002684091347325,-0.0015311873153749,0.0701865319598917,-0.0001886906272938,0.0770017935897873,0.0004638067909199,0.1350753627756298,-0.0005431223983126,6.959149633554034,0.1857458012018948,0.17311240061668,0.0002646622644561,True
king,direct,0.0021062295604149,0.0062570086218614,0.3366192517389094,177707,17812.0,FORWARD_2025,,grid,True,OK,,0.7512511248512451,0.8294874145140819,0.170512585485918,0.2362055337068866,203986.96422386295,0.1674692292439901,1.0074608364353463,1.0471111215692477,0.9785752808912092,16.60748862753203,0.5307953526555029,1.0700363497999066,-0.0769298334418987,0.8650026292795738,-6.967073041164938,-0.1728254948904318,0.1361664833637502,0.3081738155861853,7.446567167795903e-05,0.0017309722737642,-0.000338872787279,-0.0003918466430314,0.0006211144535163,-0.1936692088127989,2.224346179208192e-05,0.0002847167742255,7.313124356106426e-05,0.0001286881853597,0.0700363497999065,-0.000338872787279,0.0769298334418987,0.0003918466430314,0.1349973707204261,-0.0006211144535163,6.967073041164938,0.1936692088127989,0.1728254948904318,-2.224346179208192e-05,True
king,direct,0.0030567403901553,0.0090807057955385,0.3366192517389094,177707,17812.0,FORWARD_2025,,grid,True,OK,,0.7502591271641373,0.8292003545179323,0.1707996454820677,0.2364042775289295,203515.1824111107,0.1673831836465547,1.0074326573845993,1.0468450933766924,0.9777327056214098,16.59891313054289,0.546712952003298,1.070686382237114,-0.0765304755092692,0.8641939579726821,-6.79582854517152,-0.173154017580836,0.1372790825336028,0.3085555846340444,0.0003615256678275,0.0007389745866565,0.0003111596499283,7.511289598069459e-06,-0.0001875568533754,-0.0224247128193804,-0.0003062792286121,0.0013973159440781,0.0004549002914201,-0.0017719597116625,0.0706863822371139,0.0003111596499283,0.0765304755092692,-7.511289598069459e-06,0.1358060420273179,0.0001875568533754,6.79582854517152,0.0224247128193804,0.173154017580836,0.0003062792286121,True
king,direct,0.0044362029611655,0.0131786965191355,0.3366192517389094,177707,17812.0,FORWARD_2025,,grid,True,OK,,0.7500471192727606,0.8297922870494825,0.1702077129505174,0.2359942742337372,203545.93177285604,0.1670601967114871,1.0071645616475675,1.0465904675889608,0.9775161496105432,16.572990988047064,0.5324570465676018,1.0706630964674473,-0.0770731235984616,0.8630859009647442,-6.826350469211755,-0.1733905703476281,0.1340223598836876,0.3098072691197115,-0.0002304068637226,0.0005269666952797,0.0002878738802616,-0.0005351367995942,-0.0012956138613132,-0.052946636859616,-0.0005428319954042,-0.001859406705837,0.0017065847770872,-0.0031405212505475,0.0706630964674472,0.0002878738802616,0.0770731235984616,0.0005351367995942,0.1369140990352557,0.0012956138613132,6.826350469211755,0.052946636859616,0.1733905703476281,0.0005428319954042,True
king,direct,0.0064381969682594,0.0191260509759942,0.3366192517389094,177707,17812.0,FORWARD_2025,,grid,True,OK,,0.7520127746084018,0.829365249549089,0.170634750450911,0.236290134130942,203831.69719641496,0.1675710536417228,1.0078073353137396,1.0472598944731162,0.978365986661035,16.610803441913607,0.5351014869091508,1.0704173169870737,-0.076845273128001,0.8642287404289987,-7.312396837641411,-0.1731925622203979,0.1359808423453089,0.3087264735836202,0.0001966306366709,0.0024926220309209,4.209439988800412e-05,-0.0003072863291337,-0.0001527743970588,-0.5389930052892717,-0.0003448238681739,9.9075755784217e-05,0.0006257892409959,-0.0019949573622497,0.0704173169870736,4.209439988800412e-05,0.076845273128001,0.0003072863291337,0.1357712595710013,0.0001527743970588,7.312396837641411,0.5389930052892717,0.1731925622203979,0.0003448238681739,True
king,direct,0.0093436618128071,0.0277573601763404,0.3366192517389094,177707,17812.0,FORWARD_2025,,grid,True,OK,,0.7496627433800187,0.8290208032717754,0.1709791967282246,0.2365285035862059,204189.2967841381,0.1677217529567929,1.0070712584959671,1.0472742804112725,0.9785020511799531,16.640634042164848,0.5434424765089039,1.0702831732936977,-0.076245224714042,0.8647898326314275,-6.726606647880314,-0.1729852166885613,0.135235206959445,0.3087440029294692,0.0005410769139844,0.0001425908025378,-9.204929348816115e-05,0.0002927620848253,0.0004083178053699,0.0467971844718251,-0.0001374783363374,-0.0006465596300796,0.0006433185868449,-0.0007953724916973,0.0702831732936974,-9.204929348816115e-05,0.076245224714042,-0.0002927620848253,0.1352101673685725,-0.0004083178053699,6.726606647880314,-0.0467971844718251,0.1729852166885613,0.0001374783363374,True
king,direct,0.0135603207703216,0.0402838539396414,0.3366192517389094,177707,17812.0,FORWARD_2025,,grid,True,OK,,0.7500864585697016,0.8291974076572723,0.1708025923427277,0.2364063168992645,204071.77072493668,0.1678136528616043,1.006590402241788,1.046848517314782,0.9778628499150858,16.65997203934377,0.5438216036543546,1.070547385459716,-0.0761536608675132,0.8643454619509306,-7.4577882512892435,-0.1727195920370082,0.1365205508006995,0.3072431095644704,0.0003644725284875,0.0005663059922207,0.0001721628725304,0.0003843259313541,-3.60528751268685e-05,-0.6843844189371042,0.0001281463152156,0.0006387842111748,-0.0008575747781538,0.0007413826552622,0.070547385459716,0.0001721628725304,0.0761536608675132,-0.0003843259313541,0.1356545380490693,3.60528751268685e-05,7.4577882512892435,0.6843844189371042,0.1727195920370082,-0.0001281463152156,True
king,direct,0.0196798967126543,0.0584633725224918,0.3366192517389094,177707,17812.0,FORWARD_2025,,grid,True,OK,,0.7510728023582123,0.8288113262991511,0.1711886737008489,0.2366733519340332,204136.47576748813,0.1680620474603168,1.0073892023402176,1.0476889677504826,0.9785918194886324,16.667951785952283,0.5518263533413668,1.0706087531959516,-0.0759990759617741,0.8644417651599411,-6.612888436769516,-0.1729630510591821,0.1365308815931029,0.3077650784469939,0.0007505538866087,0.0015526497807314,0.0002335306087659,0.0005389108370931,6.025033388357137e-05,0.1605153955826237,-0.0001153127069582,0.0006491150035782,-0.0003356058956303,-0.0006671346009936,0.0706087531959516,0.0002335306087659,0.0759990759617741,-0.0005389108370931,0.1355582348400589,-6.025033388357137e-05,6.612888436769516,-0.1605153955826237,0.1729630510591821,0.0001153127069582,True
king,direct,0.0285611484551597,0.0848470439751095,0.3366192517389094,177707,17812.0,FORWARD_2025,,grid,True,OK,,0.7524906707823358,0.8294685232585974,0.1705314767414025,0.2362186180651022,204201.36230512516,0.1676812535016935,1.0072001749252824,1.047295372188216,0.9789843000052532,16.633839181689098,0.5397574926952075,1.0697774950860768,-0.0753802728945901,0.8660458526921713,-6.457073560973477,-0.1714895776663133,0.1358545801932065,0.3049612460260801,9.33569271623913e-05,0.0029705182048549,-0.0005977275011088,0.0011577139042771,0.0016643378661137,0.3163302713786624,0.0013581606859105,-2.718639631812958e-05,-0.0031394383165441,0.007857555434963,0.0697774950860767,-0.0005977275011088,0.0753802728945901,-0.0011577139042771,0.1339541473078287,-0.0016643378661137,6.457073560973477,-0.3163302713786624,0.1714895776663133,-0.0013581606859105,True
king,direct,0.0414503802021047,0.123137283408421,0.3366192517389094,177707,17812.0,FORWARD_2025,,grid,True,OK,,0.7503749592428772,0.8296583173333433,0.1703416826666567,0.2360871309750959,204229.81397700304,0.1676206167052824,1.00766449126289,1.0474129580196778,0.9794588406828362,16.61852475056954,0.5390056476823504,1.0693792475133177,-0.0746453582871223,0.8671440702723044,-6.990154629071,-0.1706798330474868,0.1372618817793859,0.3027267288380503,-9.643714758339472e-05,0.0008548066653963,-0.0009959750738679,0.001892628511745,0.0027625554462469,-0.2167507967188608,0.002167905304737,0.0013801151898611,-0.0053739555045739,0.0125422833148058,0.0693792475133177,-0.0009959750738679,0.0746453582871223,-0.001892628511745,0.1328559297276955,-0.0027625554462469,6.990154629071,0.2167507967188608,0.1706798330474868,-0.002167905304737,True
king,direct,0.060156335155656,0.1787073521341994,0.3366192517389094,177707,17812.0,FORWARD_2025,,grid,True,OK,,0.7518549899885458,0.8298193081082946,0.1701806918917054,0.2359755410395763,204123.19800307305,0.1674972737000105,1.008159430323458,1.0477302529628545,0.9803760450926956,16.59691071926025,0.5262058254922556,1.0687024210835243,-0.0742067645897203,0.8681614214407877,-6.507342027612084,-0.1696752245850062,0.1369204285984956,0.2995517776417224,-0.0002574279225347,0.0023348374110649,-0.0016728015036611,0.0023312222091469,0.0037799066147301,0.2660618047400556,0.0031725137672176,0.0010386620089709,-0.0085489067009018,0.0183543840229648,0.0687024210835245,-0.0016728015036611,0.0742067645897203,-0.0023312222091469,0.1318385785592123,-0.0037799066147301,6.507342027612084,-0.2660618047400556,0.1696752245850062,-0.0031725137672176,True
king,direct,0.0873040160721099,0.2593553863040048,0.3366192517389094,177707,17812.0,FORWARD_2025,,grid,True,OK,,0.751802031829718,0.8291304610553759,0.1708695389446241,0.2364526424521994,205033.77404727176,0.1682530487688843,1.0082621407762375,1.0483244975204429,0.9814275954032392,16.66911827503748,0.5411138271917412,1.0681628501486329,-0.0717439693488041,0.8701664767411199,-5.602302997929956,-0.1679180344223608,0.1369578026227477,0.2956399989496797,0.0004314191303839,0.0022818792522372,-0.0022123724385529,0.0047940174500631,0.0057849619150623,1.1711008344221838,0.004929703929863,0.001076036033223,-0.0124606853929445,0.0285205000473736,0.0681628501486326,-0.0022123724385529,0.0717439693488041,-0.0047940174500631,0.1298335232588801,-0.0057849619150623,5.602302997929956,-1.1711008344221838,0.1679180344223608,-0.004929703929863,True
king,direct,0.1267030513510693,0.3763987077285274,0.3366192517389094,177707,17812.0,FORWARD_2025,,grid,True,OK,,0.7550496061055694,0.829620275649484,0.1703797243505159,0.236113491671094,203965.96080444028,0.1678291907796006,1.0089581249753063,1.04885959078898,0.98237638834425,16.612012181503992,0.5385316055095644,1.0676758961570567,-0.0712503439564406,0.87157382482114,-5.441426037522644,-0.1665992199983441,0.1398189644361643,0.290673846149503,-5.839546372415905e-05,0.0055294535280885,-0.0026993264301289,0.0052876428424267,0.0071923099950824,1.3319777948294949,0.0062485183538797,0.0039371978466395,-0.0174268381931212,0.0361504200948624,0.0676758961570567,-0.0026993264301289,0.0712503439564406,-0.0052876428424267,0.12842617517886,-0.0071923099950824,5.441426037522644,-1.3319777948294949,0.1665992199983441,-0.0062485183538797,True
king,direct,0.1838822993940162,0.5462619812863233,0.3366192517389094,177707,17812.0,FORWARD_2025,,"grid,activity",True,OK,,0.748908261043991,0.8289484143848724,0.1710515856151275,0.236578568809145,205467.01398824464,0.1688218025131985,1.0099773862708203,1.0501010193795268,0.9847017214662308,16.68987755323489,0.5453118086335452,1.066415338256864,-0.0676760423731211,0.8754257505799817,-4.909484165420409,-0.1633390285055147,0.1403833379330329,0.2827322364741008,0.0006134658008874,-0.0006118915334898,-0.0039598843303216,0.0088619444257461,0.0110442357539242,1.8639196669317304,0.0095087098467091,0.0045015713435082,-0.0253684478685234,0.0550120582274128,0.0664153382568639,-0.0039598843303216,0.0676760423731211,-0.0088619444257461,0.1245742494200182,-0.0110442357539242,4.909484165420409,-1.8639196669317304,0.1633390285055147,-0.0095087098467091,True
king,direct,0.2668657121503905,0.7927820847197965,0.3366192517389094,177707,17812.0,FORWARD_2025,,grid,True,OK,,0.7526223257313458,0.828654629662632,0.171345370337368,0.2367816460012833,205590.7937230228,0.1690042997882911,1.010404727301144,1.0512196310785151,0.9868326668815476,16.696369878480237,0.5355126791410265,1.065246081081238,-0.0651367237412845,0.8782070824440682,-4.523290746081226,-0.1601546698062397,0.1412738346440142,0.2733635539389084,0.0009072505231279,0.0031021731538649,-0.0051291415059477,0.0114012630575827,0.0138255676180106,2.250113086270913,0.0126930685459841,0.0053920680544894,-0.0347371304037158,0.0734349703790661,0.0652460810812378,-0.0051291415059477,0.0651367237412845,-0.0114012630575827,0.1217929175559318,-0.0138255676180106,4.523290746081226,-2.250113086270913,0.1601546698062397,-0.0126930685459841,True
king,direct,0.3872983346207417,1.1505531327160703,0.3366192517389094,177707,17812.0,FORWARD_2025,,"grid,direct_common_lo",True,OK,,0.7519663238706408,0.8277388305692308,0.1722611694307692,0.2374135727436142,207543.10764565365,0.1705614778129388,1.0124548819420078,1.0533939805637658,0.9906755964240708,16.806312058972836,0.5433894360781557,1.063308700008441,-0.0602611603567107,0.8833540305692574,-3.2034537850030813,-0.1554589398321801,0.1425431841281443,0.2610165089501553,0.001823049616529,0.0024461712931599,-0.0070665225787447,0.0162768264421566,0.0189725157431999,3.569950047349058,0.0173887985200437,0.0066614175386196,-0.0470841753924689,0.1006018284405282,0.0633087000084409,-0.0070665225787447,0.0602611603567107,-0.0162768264421566,0.1166459694307425,-0.0189725157431999,3.2034537850030813,-3.569950047349058,0.1554589398321801,-0.0173887985200437,True
king,direct,0.5620804515923291,1.669781061804193,0.3366192517389094,177707,17812.0,FORWARD_2025,,"grid,direct_common_hi",True,OK,,0.7561419351862749,0.8280123583062825,0.1719876416937174,0.2372250073324621,208427.6899828959,0.1711697318679876,1.0148076381218512,1.0556637694403028,0.9957517416973906,16.80885895149181,0.5382651252413938,1.0601676353995468,-0.0544045222357918,0.8912242038599284,-1.9037820130600167,-0.1484182353103454,0.1436789968488546,0.245086993662701,0.0015495218794773,0.006621782608794,-0.0102075871876388,0.0221334645630754,0.0268426890338708,4.869621819292123,0.0244295030418784,0.0077972302593299,-0.0630136906799232,0.1413353930735084,0.0601676353995468,-0.0102075871876388,0.0544045222357918,-0.0221334645630754,0.1087757961400716,-0.0268426890338708,1.9037820130600167,-4.869621819292123,0.1484182353103454,-0.0244295030418784,True
king,direct,0.8157392010776716,2.423329018954566,0.3366192517389094,177707,17812.0,FORWARD_2025,,grid,True,OK,,0.7493499696832774,0.826213239660451,0.1737867603395489,0.2384625543417317,211354.2866063928,0.1732489156819409,1.016633933404531,1.0591720537693912,1.002273554945133,16.970958916937366,0.5360515438917267,1.0567694304050286,-0.046437494116946,0.9004011525030743,0.138295497568583,-0.1399918074235551,0.146996936041997,0.2239053621960987,0.0033486405253088,-0.0001701828942034,-0.013605792182157,0.0301004926819212,0.0360196376770167,6.911699329920722,0.0328559309286687,0.0111151694524723,-0.0841953221465255,0.1900859753323237,0.0567694304050285,-0.013605792182157,0.046437494116946,-0.0301004926819212,0.0995988474969257,-0.0360196376770167,0.138295497568583,-6.635108334783556,0.1399918074235551,-0.0328559309286687,True
king,direct,1.1838704624751253,3.516942231792987,0.3366192517389094,177707,17812.0,FORWARD_2025,,grid,True,OK,,0.7409784646400477,0.8244605604682269,0.175539439531773,0.2396620124036088,215081.45356950656,0.1755030857604869,1.0187390839557326,1.0625472563017546,1.0094793392385448,17.137689704611212,0.5501262575879873,1.052569592066381,-0.0366850653294665,0.9120592278886408,2.141517782955638,-0.1300950552149061,0.1497659945103329,0.2025939645384575,0.0051013197175329,-0.0085416879374331,-0.0178056305208049,0.0398529214694008,0.0476777130625832,8.914921615307778,0.0427526831373177,0.0138842279208082,-0.1055067198041667,0.2473430288697076,0.0525695920663806,-0.0178056305208049,0.0366850653294665,-0.0398529214694008,0.0879407721113592,-0.0476777130625832,2.141517782955638,-4.631886049396501,0.1300950552149061,-0.0427526831373177,True
king,direct,1.7181340188990342,5.104087214333372,0.3366192517389094,177707,17812.0,FORWARD_2025,,grid,True,OK,,0.7381359472790542,0.8218630957686384,0.1781369042313615,0.2414286457599619,219417.6293916565,0.1786607901771868,1.0226880055626808,1.0672444910021293,1.0182699777056332,17.344376424669512,0.5532341655286037,1.048095804029149,-0.0269592911763942,0.9239006926426984,4.147151660768388,-0.1192139839167729,0.1530728897342098,0.1805282660181789,0.0076987844171214,-0.0113842052984266,-0.0222794185580366,0.0495786956224731,0.0595191778166407,10.920555493120528,0.0536337544354509,0.0171911231446851,-0.1275724183244453,0.3102948001908922,0.048095804029149,-0.0222794185580366,0.0269592911763942,-0.0495786956224731,0.0760993073573017,-0.0595191778166407,4.147151660768388,-2.626252171583752,0.1192139839167729,-0.0536337544354509,True
king,direct,2.4935029637671797,7.407487690873975,0.3366192517389094,177707,17812.0,FORWARD_2025,,grid,True,OK,,0.7348161551766442,0.8194974713753959,0.1805025286246041,0.2430264220874576,223759.68255030664,0.1815531148928256,1.0256448678842236,1.0717594775424266,1.0264977538019335,17.54227099796996,0.5583248428910744,1.0440933490335007,-0.0178593997601534,0.9348505810040152,6.525564323225431,-0.1092326771726395,0.1549759595432646,0.1643784262518819,0.010064408810364,-0.0147039974008366,-0.0262818735536849,0.0586785870387138,0.0704690661779576,13.298968155577567,0.0636150611795843,0.0190941929537399,-0.1437222580907423,0.3680410388127354,0.0440933490335007,-0.0262818735536849,0.0178593997601534,-0.0586785870387138,0.0651494189959848,-0.0704690661779576,6.525564323225431,-0.2478395091267087,0.1092326771726395,-0.0636150611795843,True
king,direct,3.618784659359615,10.75037936976474,0.3366192517389094,177707,17812.0,FORWARD_2025,,grid,True,OK,,0.7259374767792899,0.816931997522247,0.1830680024777529,0.2447473901416085,228112.43900752056,0.1844373642032158,1.0279784048875165,1.0754042663279564,1.0342554282055243,17.754259853742525,0.5586356108287286,1.039785953257047,-0.0084886760454684,0.9461656440540664,9.155277272049082,-0.0986315228316384,0.1578060056504436,0.1493923958134938,0.0126298826635128,-0.0235826757981909,-0.0305892693301386,0.0680493107533988,0.0817841292280089,15.92868110440122,0.0742162155205854,0.0219242390609188,-0.1587082885291304,0.4293733677287107,0.039785953257047,-0.0305892693301386,0.0084886760454684,-0.0680493107533988,0.0538343559459335,-0.0817841292280089,9.155277272049082,2.3818734396969425,0.0986315228316384,-0.0742162155205854,True
king,direct,5.2518896512686215,15.60186954292835,0.3366192517389094,177707,17812.0,FORWARD_2025,,grid,True,OK,,0.7183803610239621,0.8134399191699977,0.1865600808300022,0.2470706789217524,234031.3367274413,0.1876791943331284,1.0306988183143848,1.079177802208764,1.0422083619268014,18.001969525194433,0.5642700041299329,1.035472216144586,0.0011627493618396,0.958009725464668,11.453345705648504,-0.0879054230820602,0.1602621196733565,0.1424980977023257,0.0161219610157621,-0.0311397915535187,-0.0349030064425996,0.0777007361607069,0.0936282106386103,18.226749538000643,0.0849423152701636,0.0243803530838318,-0.1656025866402985,0.4914285606507083,0.0354722161445859,-0.0349030064425996,0.0011627493618396,-0.0753752374370277,0.0419902745353321,-0.0936282106386103,11.453345705648504,4.6799418732963645,0.0879054230820602,-0.0849423152701636,True
king,direct,7.621991222319222,22.642766814273102,0.3366192517389094,177707,17812.0,FORWARD_2025,,grid,True,OK,,0.6926653469331013,0.8098006024439517,0.1901993975560483,0.2494689025395523,240126.9309391874,0.1908211747333684,1.032597566177126,1.0826559658460502,1.0502233067399416,18.251949672117725,0.570997270508071,1.0308816790657451,0.0105824643409675,0.97003544538424,13.801379677421568,-0.0785859620736365,0.1605068016250587,0.1390936088208705,0.0197612777418082,-0.0568548056443795,-0.0394935435214403,0.0871204511398349,0.1056539305581824,20.574783509773702,0.0942617762785873,0.024625035035534,-0.1690070755217537,0.5453457313193393,0.0308816790657453,-0.0394935435214403,0.0105824643409675,-0.0659555224578997,0.02996455461576,-0.1056539305581824,13.801379677421568,7.027975845069427,0.0785859620736365,-0.0942617762785873,True
king,direct,11.061685231539125,32.86111882905276,0.3366192517389094,177707,17812.0,FORWARD_2025,,grid,True,OK,,0.6865575389071601,0.805806740191534,0.194193259808466,0.252074505573779,245975.3878811052,0.1943918330087812,1.0344912070459051,1.086398077941438,1.0562879811418182,18.524048943544905,0.5715697204170547,1.0285055755032555,0.0165489753510114,0.975941228126432,15.148453262587244,-0.0732701726463128,0.1579637094655441,0.1397291588161438,0.0237551399942259,-0.0629626136703207,-0.0418696470839299,0.0930869621498787,0.1115597133003744,21.921857094939384,0.099577565705911,0.0220819428760194,-0.1683715255264804,0.5760999053571354,0.0285055755032557,-0.0418696470839299,0.0165489753510114,-0.0599890114478558,0.024058771873568,-0.1115597133003744,15.148453262587244,8.375049430235105,0.0732701726463128,-0.099577565705911,True
king,direct,16.05366322167172,47.69086479380376,0.3366192517389094,177707,17812.0,FORWARD_2025,,grid,True,OK,,0.6748866838302647,0.8019033753290363,0.1980966246709636,0.2545953022565376,251142.8917533259,0.1979121274251108,1.0373857482210505,1.089276309623234,1.0616084131179444,18.785463942639748,0.5866773200964168,1.0260622430676003,0.0231154432791711,0.9826901679372254,15.963754746067137,-0.066823847167705,0.1575385991991726,0.1389027424444993,0.0276585048567235,-0.0746334687472161,-0.0443129795195851,0.0996534300780384,0.1183086531111679,22.73715857841928,0.1060238911845188,0.0216568326096479,-0.1691979418981249,0.6133947264526338,0.0260622430676005,-0.0443129795195851,0.0231154432791711,-0.0534225435196961,0.0173098320627745,-0.1183086531111679,15.963754746067137,9.190350913714996,0.066823847167705,-0.1060238911845188,True
king,direct,23.298448422672752,69.2130598660579,0.3366192517389094,177707,17812.0,FORWARD_2025,,"grid,guardrail",True,OK,,0.6532348615666683,0.7979151306778051,0.2020848693221948,0.2571453924027124,256166.72005476116,0.2011132188331621,1.0381550066128271,1.0922383788103631,1.066993881410537,19.080095872206257,0.5931545146220076,1.0236594584464287,0.0288087033340065,0.9893098920174688,17.734554721945656,-0.0616034206713776,0.1585319976568776,0.1403085864197626,0.0316467495079547,-0.0962852910108125,-0.0467157641407569,0.1053466901328738,0.1249283771914112,24.507958554297797,0.1112443176808462,0.0226502310673529,-0.1677920979228616,0.6435971840959585,0.0236594584464286,-0.0467157641407569,0.0288087033340065,-0.0477292834648608,0.0106901079825312,-0.1249283771914112,17.734554721945656,10.961150889593515,0.0616034206713776,-0.1112443176808462,True
king,direct,33.81270003043063,100.4479091904602,0.3366192517389094,177707,17812.0,FORWARD_2025,,grid,True,OK,,0.6538654624047736,0.7944345653041968,0.2055654346958032,0.259350382877762,259128.94529816657,0.2034691511918652,1.037571402293345,1.093738124243248,1.06914683549944,19.3170718529335,0.5939428674537575,1.0230008525744927,0.032543527044193,0.9915503476819708,19.686272337429845,-0.0584727816325159,0.1589400126560875,0.1416436269015545,0.0351273148815631,-0.0956546901727072,-0.0473743700126929,0.1090815138430603,0.1271688328559134,26.459676169781982,0.1143749567197079,0.0230582460665628,-0.1664570574410697,0.6617093044436493,0.0230008525744926,-0.0473743700126929,0.032543527044193,-0.0439944597546742,0.008449652318029,-0.1271688328559134,19.686272337429845,12.912868505077704,0.0584727816325159,-0.1143749567197079,True
king,direct,49.071880779635485,145.778592656658,0.3366192517389094,177707,17812.0,FORWARD_2025,,grid,True,OK,,0.6332435889794074,0.7888331588090469,0.2111668411909531,0.2628601247777835,264330.117511195,0.2072836843565088,1.0374647822096186,1.0956495537170663,1.0727955741518742,19.68694330338969,0.6037379747901284,1.0213032008295335,0.037877967252423,0.9966540020135396,20.703630688387765,-0.0549622149627183,0.1561486857282665,0.1392085503178435,0.0407287213767129,-0.1162765635980734,-0.0490720217576519,0.1144159540512904,0.1322724871874822,27.477034520739902,0.1178855233895055,0.0202669191387418,-0.1688921340247807,0.682019472822271,0.0213032008295337,-0.0490720217576519,0.037877967252423,-0.0386600195464442,0.0033459979864602,-0.1322724871874822,20.703630688387765,13.930226856035626,0.0549622149627183,-0.1178855233895055,True
king,direct,71.21730832153513,211.5663556188198,0.3366192517389094,177707,17812.0,FORWARD_2025,,grid,True,OK,,0.6136571429520601,0.7806157436080338,0.2193842563919662,0.2679258252685855,272078.9534182957,0.2129007457422334,1.036112888717441,1.097575521071497,1.0768356728808626,20.28967532228921,0.6320945816554104,1.0192599936210778,0.0457172483404652,1.0022343888058514,21.73814378815189,-0.050907757530119,0.1509103657360067,0.1398995160135697,0.0489461365777261,-0.1358630096254207,-0.0511152289661078,0.1222552351393325,0.1378528739797938,28.511547620504032,0.1219399808221048,0.0150285991464819,-0.1682011683290545,0.7054762878853484,0.0192599936210777,-0.0511152289661078,0.0457172483404652,-0.030820738458402,0.0022343888058513,-0.1333840963680911,21.73814378815189,14.964739955799756,0.050907757530119,-0.1219399808221048,True
king,direct,103.35664588322452,307.043181129137,0.3366192517389094,177707,17812.0,FORWARD_2025,,grid,True,OK,,0.5963800801123519,0.7710949134649738,0.2289050865350261,0.2736777997508444,279828.7868627535,0.2189163494245641,1.03658139894033,1.0997300779882295,1.0799564249801012,20.864019663926868,0.6470887577762731,1.018309676715422,0.051817248568376,1.0051217314813488,22.89141040486772,-0.0494413643564633,0.1451193658478053,0.1359331245126898,0.0584669667207859,-0.1531400724651289,-0.0520655458717636,0.1283552353672434,0.1407402166552912,29.664814237219858,0.1234063739957605,0.0092375992582806,-0.1721675598299344,0.7139600157468464,0.018309676715422,-0.0520655458717636,0.051817248568376,-0.0247207382304912,0.0051217314813487,-0.1304967536925937,22.89141040486772,16.118006572515583,0.0494413643564633,-0.1234063739957605,True
king,direct,150.0,445.6073121936112,0.3366192517389094,177707,17812.0,FORWARD_2025,,grid,True,OK,,0.3702792131701207,0.7122829729295608,0.2877170270704391,0.3068277462778289,329716.63976715377,0.2531190163035733,1.0341358443269264,1.109612525371949,1.094988727528768,24.279449162425028,0.6891698007588205,1.0133552040085243,0.0846968120045161,1.0176115592836958,29.0242222522747,-0.0479436826457411,0.1144019357263103,0.1157839416628029,0.117278907256199,-0.3792409394073601,-0.0570200185786613,0.1612347988033834,0.1532300444576383,35.79762608462684,0.1249040557064827,-0.0214798308632143,-0.1923167426798213,0.7226247615225203,0.0133552040085243,-0.0570200185786613,0.0846968120045161,0.0081588252056488,0.0176115592836958,-0.1180069258902466,29.0242222522747,22.25081841992256,0.0479436826457411,-0.1249040557064827,True
king,surrogate,0.001,0.002970715414624,0.3366192517389094,177707,17812.0,FORWARD_2025,,grid,True,OK,,0.7496821981051531,0.8292744606689114,0.1707255393310885,0.236352986697141,203922.77105894272,0.1674784170671108,1.0065706960469218,1.046923492056436,0.9785298723503498,16.62640018152053,0.5420561169208968,1.0698942583549444,-0.0758433479959797,0.8657796359200804,-6.819917870292908,-0.1723761735398797,0.1365246918262759,0.3068854187474292,-0.0004740607676375,-0.0019740854025986,-0.0008791381719746,0.0007640403628836,0.0014123771570365,0.8033681302240243,0.0008331764045959,-0.0023347522207996,-0.0011018749356213,0.0048102276514691,0.0698942583549444,-0.0008791381719746,0.0758433479959797,-0.0007640403628836,0.1342203640799195,-0.0014123771570365,6.819917870292908,-0.8033681302240243,0.1723761735398797,-0.0008331764045959,True
king,surrogate,0.0014512854854972,0.0043113561627867,0.3366192517389094,177707,17812.0,FORWARD_2025,,grid,True,OK,,0.7493187774696881,0.8289677399094583,0.1710322600905417,0.2365652040277666,204399.05317118365,0.1679293015569917,1.0070991903334705,1.0474247268527164,0.9786806535716044,16.65888448576764,0.5386342177569753,1.0702415778121668,-0.0762111006694082,0.8649840068973447,-6.753234321293723,-0.172640481706882,0.1370845897046446,0.3060471994794512,-0.0001673400081843,-0.0023375060380637,-0.0005318187147522,0.0003962876894551,0.0006167481343007,0.8700516792232094,0.0005688682375936,-0.0017748543424309,-0.0019400942035994,0.0032842813495691,0.0702415778121667,-0.0005318187147522,0.0762111006694082,-0.0003962876894551,0.1350159931026553,-0.0006167481343007,6.753234321293723,-0.8700516792232094,0.172640481706882,-0.0005688682375936,True
king,surrogate,0.0021062295604149,0.0062570086218614,0.3366192517389094,177707,17812.0,FORWARD_2025,,grid,True,OK,,0.7462106319392624,0.8289502036621174,0.1710497963378826,0.2365773314462896,204804.5620228778,0.1678563027403136,1.0068919314667322,1.0475038723742456,0.9793135394009292,16.658138562511493,0.5345529784286326,1.069630746670806,-0.0757922297588898,0.8663440152557523,-6.321103533686009,-0.1720788057448892,0.1365366660898183,0.3059767987379456,-0.0001498037608434,-0.0054456515684894,-0.0011426498561131,0.0008151585999735,0.0019767564927084,1.3021824668309234,0.0011305441995864,-0.0023227779572572,-0.0020104949451049,0.0065270391000765,0.0696307466708059,-0.0011426498561131,0.0757922297588898,-0.0008151585999735,0.1336559847442476,-0.0019767564927084,6.321103533686009,-1.3021824668309234,0.1720788057448892,-0.0011305441995864,True
king,surrogate,0.0030567403901553,0.0090807057955385,0.3366192517389094,177707,17812.0,FORWARD_2025,,grid,True,OK,,0.7525788656319152,0.8289258826747563,0.1710741173252436,0.2365941499105545,204632.21868941776,0.1682572509057093,1.0082462699086197,1.047845639407707,0.9795844668847826,16.670655197053986,0.5406072429803809,1.0696838045421488,-0.0754521442402024,0.8662847717690106,-6.749091474956282,-0.1718933891430229,0.1360182410199465,0.306124770015957,-0.0001254827734824,0.0009225821241634,-0.0010895919847702,0.0011552441186609,0.0019175130059667,0.8741945255606502,0.0013159608014527,-0.0028412030271291,-0.0018625236670935,0.0075975159647823,0.0696838045421488,-0.0010895919847702,0.0754521442402024,-0.0011552441186609,0.1337152282309893,-0.0019175130059667,6.749091474956282,-0.8741945255606502,0.1718933891430229,-0.0013159608014527,True
king,surrogate,0.0044362029611655,0.0131786965191355,0.3366192517389094,177707,17812.0,FORWARD_2025,,grid,True,OK,,0.7502027025835503,0.8289890602617923,0.1710109397382077,0.236550458825053,204983.11581556327,0.1681716910614792,1.0075322161885714,1.0478398892431473,0.9798802975036744,16.67492860155977,0.5400159848863492,1.0693549935768742,-0.0743325754988094,0.8672032367344874,-7.2459736424755,-0.1708451494850418,0.1358874622891507,0.3034624705482973,-0.0001886603605184,-0.0014535809242015,-0.0014184029500448,0.0022748128600539,0.0028359779714435,0.3773123580414328,0.0023642004594338,-0.0029719817579249,-0.0045248231347533,0.0136493812845076,0.0693549935768742,-0.0014184029500448,0.0743325754988094,-0.0022748128600539,0.1327967632655126,-0.0028359779714435,7.2459736424755,-0.3773123580414328,0.1708451494850418,-0.0023642004594338,True
king,surrogate,0.0064381969682594,0.0191260509759942,0.3366192517389094,177707,17812.0,FORWARD_2025,,grid,True,OK,,0.7485405337009239,0.8285548080514096,0.1714451919485903,0.2368506075493541,205220.29168508688,0.1685435785802339,1.0077164233778706,1.0482436133465896,0.9806476105077656,16.709666626323536,0.5383004374538773,1.068929962317273,-0.0737141588510521,0.8682502434089131,-6.156032046175966,-0.1702103761798301,0.136871855030011,0.3013638862939941,0.0002455918498642,-0.0031157498068279,-0.001843434209646,0.0028932295078112,0.0038829846458692,1.4672539543409666,0.0029989737646454,-0.0019875890170645,-0.0066234073890565,0.0173141563409067,0.068929962317273,-0.001843434209646,0.0737141588510521,-0.0028932295078112,0.1317497565910869,-0.0038829846458692,6.156032046175966,-1.4672539543409666,0.1702103761798301,-0.0029989737646454,True
king,surrogate,0.0093436618128071,0.0277573601763404,0.3366192517389094,177707,17812.0,FORWARD_2025,,grid,True,OK,,0.7506693957094299,0.8280543890561868,0.1719456109438132,0.2371960187548554,206076.9058532382,0.1688966301984629,1.0086549399188711,1.048542873167435,0.981228306584378,16.72440125975858,0.5318076608468963,1.0686023488431318,-0.073131614793036,0.8688141204743751,-6.445647557043178,-0.1695847822942974,0.1356824277181965,0.3002462237588739,0.0007460108450871,-0.0009868877983219,-0.0021710476837872,0.0034757735658274,0.0044468617113312,1.1776384434737546,0.0036245676501781,-0.003177016328879,-0.0077410699241766,0.0209259352993361,0.0686023488431317,-0.0021710476837872,0.073131614793036,-0.0034757735658274,0.1311858795256248,-0.0044468617113312,6.445647557043178,-1.1776384434737546,0.1695847822942974,-0.0036245676501781,True
king,surrogate,0.0135603207703216,0.0402838539396414,0.3366192517389094,177707,17812.0,FORWARD_2025,,grid,True,OK,,0.7471825754904831,0.8278398984794507,0.1721601015205493,0.2373439156807437,206820.3737602722,0.1694694974437244,1.0095213219433488,1.0497035048955343,0.9828183394176516,16.764112541960497,0.5410537632070188,1.068054454007761,-0.0714321948691502,0.870616585864253,-5.80287372724178,-0.1684077700165776,0.136711336432288,0.2976426068408444,0.0009605014218231,-0.0044737080172687,-0.002718942519158,0.0051751934897131,0.006249327101209,1.8204122732751529,0.004801579927898,-0.0021481076147876,-0.0103446868422061,0.0277212513610681,0.068054454007761,-0.002718942519158,0.0714321948691502,-0.0051751934897131,0.129383414135747,-0.006249327101209,5.80287372724178,-1.8204122732751529,0.1684077700165776,-0.004801579927898,True
king,surrogate,0.0196798967126543,0.0584633725224918,0.3366192517389094,177707,17812.0,FORWARD_2025,,grid,True,OK,,0.7480978879347919,0.8259463873250494,0.1740536126749505,0.2386455656375242,208068.809659228,0.1707969864910575,1.0093537232198797,1.0509013035902166,0.9846214243818472,16.89850822874148,0.5435436697689541,1.0673150894009646,-0.068740106828151,0.8728355987428863,-5.3908785403760895,-0.166459415523582,0.1356379166374149,0.2914944076080218,0.0028540125762244,-0.0035583955729598,-0.0034583071259544,0.0078672815307123,0.0084683399798424,2.232407460140843,0.0067499344208936,-0.0032215274096606,-0.0164928860750288,0.0389698040149528,0.0673150894009646,-0.0034583071259544,0.068740106828151,-0.0078672815307123,0.1271644012571137,-0.0084683399798424,5.3908785403760895,-2.232407460140843,0.166459415523582,-0.0067499344208936,True
king,surrogate,0.0285611484551597,0.0848470439751095,0.3366192517389094,177707,17812.0,FORWARD_2025,,grid,True,OK,,0.7479502164782277,0.8253996821447589,0.174600317855241,0.2390200665583847,209318.8452584285,0.1718170473207807,1.009532810854218,1.051973262690282,0.98691665062764,16.99622398764652,0.5455008472240289,1.0659190540774326,-0.0656360759243773,0.8760626726998286,-5.03773204042408,-0.1636415023108924,0.1345075143931844,0.2862491827672974,0.0034007177565149,-0.0037060670295241,-0.0048543424494864,0.010971312434486,0.0116954139367847,2.5855539600928523,0.0095678476335832,-0.0043519296538911,-0.0217381109157532,0.0552386325371601,0.0659190540774325,-0.0048543424494864,0.0656360759243773,-0.010971312434486,0.1239373273001713,-0.0116954139367847,5.03773204042408,-2.5855539600928523,0.1636415023108924,-0.0095678476335832,True
king,surrogate,0.0414503802021047,0.123137283408421,0.3366192517389094,177707,17812.0,FORWARD_2025,,grid,True,OK,,0.7455466288333306,0.8239980466926553,0.1760019533073447,0.239977537117743,211339.11152320387,0.1731967170647,1.009156462169172,1.0527552676064624,0.988669473978723,17.1408017190658,0.552030998987987,1.0648202410557268,-0.0623377496359797,0.8787865844739522,-4.337486067946737,-0.1614569758864042,0.1322070105330858,0.2817224629097247,0.0048023532086186,-0.0061096546744212,-0.0059531554711922,0.0142696387228836,0.0144193257109083,3.285799932570195,0.0117523740580713,-0.0066524335139898,-0.0262648307733259,0.067850690865353,0.0648202410557268,-0.0059531554711922,0.0623377496359797,-0.0142696387228836,0.1212134155260478,-0.0144193257109083,4.337486067946737,-3.285799932570195,0.1614569758864042,-0.0117523740580713,True
king,surrogate,0.060156335155656,0.1787073521341994,0.3366192517389094,177707,17812.0,FORWARD_2025,,grid,True,OK,,0.7440710398050905,0.8225774462070576,0.1774225537929424,0.2409440805087253,212511.99941012997,0.1743901357358515,1.009730590675898,1.0541146390524154,0.9913537908985034,17.246207264749195,0.5500726844019211,1.063308224299046,-0.0583208536089283,0.8831297476907113,-4.023459511203716,-0.1574860566613863,0.1334582988581362,0.2711058029378982,0.0062229536942162,-0.0075852437026613,-0.0074651722278731,0.018286534749935,0.0187624889276674,3.599826489313217,0.0157232932830893,-0.0054011451889394,-0.0368814907451524,0.0907762386275892,0.0633082242990459,-0.0074651722278731,0.0583208536089283,-0.018286534749935,0.1168702523092887,-0.0187624889276674,4.023459511203716,-3.599826489313217,0.1574860566613863,-0.0157232932830893,True
king,surrogate,0.0873040160721099,0.2593553863040048,0.3366192517389094,177707,17812.0,FORWARD_2025,,"grid,activity",True,OK,,0.7444567727532775,0.8205895815689809,0.1794104184310191,0.2422901046663257,214257.69192687364,0.17625992697828,1.009722861514851,1.05621344042666,0.9946016262947132,17.434606654216374,0.5560924683005671,1.0619462229932954,-0.053551054633756,0.886408538675856,-3.4074946623284266,-0.1538646165449227,0.131371921508464,0.2623480017507509,0.008210818332293,-0.0071995107544743,-0.0088271735336236,0.0230563337251073,0.0220412799128121,4.215791338188506,0.0193447333995528,-0.0074875225386116,-0.0456392919322997,0.1116841175476617,0.0619462229932954,-0.0088271735336236,0.053551054633756,-0.0230563337251073,0.113591461324144,-0.0220412799128121,3.4074946623284266,-4.215791338188506,0.1538646165449227,-0.0193447333995528,True
king,surrogate,0.1267030513510693,0.3763987077285274,0.3366192517389094,177707,17812.0,FORWARD_2025,,grid,True,OK,,0.7446744522201221,0.8180750056670614,0.1819249943329385,0.2439821381970908,216490.14971862076,0.1785290607742803,1.0089989920286666,1.0575987495930326,0.9973835911178448,17.67230979483296,0.5608458073897776,1.0603731192406125,-0.0472096158869093,0.8900515451030943,-2.309215023530161,-0.1488799627133522,0.1273543244993838,0.2493905841406146,0.0107253942342124,-0.0069818312876297,-0.0104002772863065,0.029397772471954,0.0256842863400503,5.314070976986772,0.0243293872311233,-0.0115051195476917,-0.0585967095424359,0.1404623205324796,0.0603731192406125,-0.0104002772863065,0.0472096158869093,-0.029397772471954,0.1099484548969057,-0.0256842863400503,2.309215023530161,-5.314070976986772,0.1488799627133522,-0.0243293872311233,True
king,surrogate,0.1838822993940162,0.5462619812863233,0.3366192517389094,177707,17812.0,FORWARD_2025,,grid,True,OK,,0.7501801242393897,0.8164093714161691,0.1835906285838309,0.2450964959734778,216979.24948577103,0.1799114578238677,1.007033625569451,1.0579611032539329,0.9983143979898744,17.853050910408328,0.5669919095476113,1.0597474156279407,-0.0437151332414337,0.8920990434141003,-1.8707468890429544,-0.1452009654916592,0.1298258930638117,0.2363943962351702,0.0123910284851047,-0.001476159268362,-0.0110259808989783,0.0328922551174297,0.0277317846510564,5.752539111473978,0.0280083844528164,-0.0090335509832638,-0.0715928974478803,0.1617024973639982,0.0597474156279407,-0.0110259808989783,0.0437151332414337,-0.0328922551174297,0.1079009565858997,-0.0277317846510564,1.8707468890429544,-5.752539111473978,0.1452009654916592,-0.0280083844528164,True
king,surrogate,0.2668657121503905,0.7927820847197965,0.3366192517389094,177707,17812.0,FORWARD_2025,,"grid,guardrail",True,OK,,0.7404298923945631,0.8122450669698547,0.1877549330301452,0.2478606168513417,220393.53607696132,0.1835881442245117,1.0081927957094647,1.0614723822279666,1.0025845871157884,18.193562268154324,0.5984479049203888,1.0587359868373654,-0.0351656800197205,0.8964360191239207,-1.245265486479412,-0.1393103191026486,0.1307446755575393,0.219878666767682,0.0165553329314191,-0.0112263911131886,-0.0120374096895536,0.0414417083391428,0.0320687603608768,6.37802051403752,0.0338990308418269,-0.0081147684895363,-0.0881086269153685,0.1957113218928062,0.0587359868373653,-0.0120374096895536,0.0351656800197205,-0.0414417083391428,0.1035639808760793,-0.0320687603608768,1.245265486479412,-6.37802051403752,0.1393103191026486,-0.0338990308418269,True
king,surrogate,0.3872983346207417,1.1505531327160703,0.3366192517389094,177707,17812.0,FORWARD_2025,,grid,True,OK,,0.7412503459088252,0.808035121832795,0.1919648781672049,0.2506240459833073,222910.21355889316,0.1871779170367436,1.0091736230724568,1.0635260641128303,1.0056517608651607,18.527032173870296,0.5964102518927308,1.0575490497802942,-0.0276151212729694,0.8989267980605148,-0.1949074765309731,-0.1332327368048703,0.1295174911640063,0.2021027632488978,0.0207652780684788,-0.0104059375989266,-0.0132243467466248,0.0489922670858939,0.0345595392974709,7.428378523985959,0.0399766131396052,-0.0093419528830692,-0.1058845304341527,0.2307993947926035,0.0575490497802941,-0.0132243467466248,0.0276151212729694,-0.0489922670858939,0.1010732019394852,-0.0345595392974709,0.1949074765309731,-7.428378523985959,0.1332327368048703,-0.0399766131396052,True
king,surrogate,0.5620804515923291,1.669781061804193,0.3366192517389094,177707,17812.0,FORWARD_2025,,grid,True,OK,,0.7336698199235892,0.799955625548554,0.200044374451446,0.2558438721610622,227949.39762845036,0.1920009272105955,1.009355868775844,1.0677877658824462,1.011837315416527,19.00212183061493,0.6022761815045469,1.0552958955095335,-0.015649195439698,0.9043937796482312,1.423790771942168,-0.124857843335296,0.127426391241044,0.1794070358224091,0.0288447743527199,-0.0179864635841626,-0.0154775010173855,0.0609581929191654,0.0400265208851872,9.0470767724591,0.0483515066091796,-0.0114330528060315,-0.1285802578606415,0.279150673013202,0.0552958955095335,-0.0154775010173855,0.015649195439698,-0.0609581929191654,0.0956062203517689,-0.0400265208851872,1.423790771942168,-6.199495228574764,0.124857843335296,-0.0483515066091796,True
king,surrogate,0.8157392010776716,2.423329018954566,0.3366192517389094,177707,17812.0,FORWARD_2025,,grid,True,OK,,0.73943668103858,0.7981930145100542,0.2018069854899457,0.2569685332223775,229203.46380247653,0.1942750215725817,1.0101262749175834,1.0690952445374318,1.0153409606307675,19.20789590338367,0.5716443973587465,1.0529421012161966,-0.0122413918896096,0.9091408749776544,2.405217518166275,-0.1173152750747981,0.1296225736410151,0.1600090935227144,0.0306073853912196,-0.0122196024691718,-0.0178312953107224,0.0643659964692537,0.0447736162146105,10.028503518683207,0.0558940748696774,-0.0092368704060604,-0.1479782001603361,0.3226966378408268,0.0529421012161965,-0.0178312953107224,0.0122413918896096,-0.0643659964692537,0.0908591250223456,-0.0447736162146105,2.405217518166275,-5.218068482350658,0.1173152750747981,-0.0558940748696774,True
king,surrogate,1.1838704624751253,3.516942231792987,0.3366192517389094,177707,17812.0,FORWARD_2025,,grid,True,OK,,0.7315049614542066,0.7893926565693881,0.2106073434306119,0.2625116628773518,234440.154617776,0.2004082790033228,1.0106531670199603,1.0726044910544108,1.0206454818999025,19.804304215536128,0.5985815636205235,1.0509079891852244,0.0008256879182618,0.9144177228754624,4.088243994901888,-0.1084689960995243,0.1273716346449188,0.1404491882426062,0.0394077433318857,-0.0201513220535451,-0.0198654073416946,0.0774330762771252,0.0500504641124186,11.711529995418822,0.0647403538449513,-0.0114878094021567,-0.1675381054404443,0.3737693944680507,0.0509079891852244,-0.0198654073416946,0.0008256879182618,-0.0757817004406016,0.0855822771245374,-0.0500504641124186,4.088243994901888,-3.535042005615044,0.1084689960995243,-0.0647403538449513,True
king,surrogate,1.7181340188990342,5.104087214333372,0.3366192517389094,177707,17812.0,FORWARD_2025,,grid,True,OK,,0.7224496381922523,0.7810164058759549,0.2189835941240451,0.2676810565058553,239237.6175905617,0.2070456263315457,1.011970085240529,1.0770648784018086,1.0245635463510208,20.43080515757841,0.6530226982946544,1.0512426313016612,0.0107662854644557,0.9156938923076277,4.149224531494498,-0.1024841915186133,0.1311778911725824,0.1298911973642784,0.047783994025319,-0.0292066453154995,-0.0195307652252578,0.0873736738233192,0.0513266335445837,11.772510532011433,0.0707251584258623,-0.0076815528744932,-0.1780960963187722,0.4083218281722903,0.0512426313016611,-0.0195307652252578,0.0107662854644557,-0.0658411028944076,0.0843061076923723,-0.0513266335445837,4.149224531494498,-3.474061469022434,0.1024841915186133,-0.0707251584258623,True
king,surrogate,2.4935029637671797,7.407487690873975,0.3366192517389094,177707,17812.0,FORWARD_2025,,grid,True,OK,,0.7259717263807932,0.7734425237729106,0.2265574762270894,0.2722707872453392,243932.16093095555,0.21262116354855,1.011996625454335,1.0786501030888993,1.029603567609047,20.981723682330912,0.6106150272143623,1.0476363301593337,0.0187629200826391,0.9227414354366392,6.76016449612961,-0.0908111648778518,0.1336286843453185,0.1197731629509496,0.0553578761283633,-0.0256845571269586,-0.0231370663675853,0.0953703084415026,0.0583741766735953,14.383450496646542,0.0823981850666238,-0.005230759701757,-0.1882141307321009,0.4757144178015653,0.0476363301593336,-0.0231370663675853,0.0187629200826391,-0.0578444682762242,0.0772585645633607,-0.0583741766735953,6.76016449612961,-0.8631215043873226,0.0908111648778518,-0.0823981850666238,True
king,surrogate,3.618784659359615,10.75037936976474,0.3366192517389094,177707,17812.0,FORWARD_2025,,grid,True,OK,,0.7214524139779779,0.7640428508798446,0.2359571491201554,0.277861527052934,248950.0704689785,0.2187254527141797,1.0137569086255998,1.0831462706982071,1.0340506523812516,21.534287898090607,0.6182143434762095,1.047478929783465,0.0267527706761408,0.9225154921426824,6.885096543604921,-0.0864670193609251,0.1337335532140187,0.123488929974298,0.0647575490214292,-0.0302038695297739,-0.023294466743454,0.1033601590350043,0.0581482333796384,14.508382544121854,0.0867423305835504,-0.0051258908330568,-0.1844983637087525,0.5007947354536968,0.047478929783465,-0.023294466743454,0.0267527706761408,-0.0498546176827225,0.0774845078573176,-0.0581482333796384,6.885096543604921,-0.7381894569120115,0.0864670193609251,-0.0867423305835504,True
king,surrogate,5.2518896512686215,15.60186954292835,0.3366192517389094,177707,17812.0,FORWARD_2025,,grid,True,OK,,0.7164563879085255,0.7543328798119803,0.2456671201880197,0.2835210871162047,254746.80088578133,0.2258504164339817,1.0133028588774171,1.085131628682825,1.036638682739309,22.254026480595822,0.646767638959093,1.0467790241199313,0.0352700291084773,0.9253807642912416,7.613178018998542,-0.078624090157998,0.1408059896466501,0.1337375233994609,0.0744675200892936,-0.0351998955992263,-0.0239943724069877,0.1118774174673407,0.0610135055281977,15.236464019515472,0.0945852597864775,0.0019465455995745,-0.1742497702835897,0.5460747922487903,0.0467790241199312,-0.0239943724069877,0.0352700291084773,-0.041337359250386,0.0746192357087583,-0.0610135055281977,7.613178018998542,-0.0101079815183906,0.078624090157998,-0.0945852597864775,True
king,surrogate,7.621991222319222,22.642766814273102,0.3366192517389094,177707,17812.0,FORWARD_2025,,grid,True,OK,,0.715122984475619,0.7466246629975902,0.2533753370024098,0.2879347075031002,258036.51401078264,0.2312714238436173,1.0152385739824192,1.0871554139465762,1.038129574848213,22.739078516070585,0.665163273019695,1.04722516368492,0.0398038155570871,0.9249878641021032,7.840689972734799,-0.0754581637937875,0.1432311416370378,0.1425911334511443,0.0821757369036836,-0.0365332990321328,-0.0235482328419991,0.1164112039159506,0.0606206053390592,15.463975973251731,0.0977511861506881,0.0043716975899622,-0.1653961602319063,0.5643528261148918,0.0472251636849199,-0.0235482328419991,0.0398038155570871,-0.0368035728017762,0.0750121358978969,-0.0606206053390592,7.840689972734799,0.2174039722178662,0.0754581637937875,-0.0977511861506881,True
king,surrogate,11.061685231539125,32.86111882905276,0.3366192517389094,177707,17812.0,FORWARD_2025,,grid,True,OK,,0.7129082234823648,0.7378078326717321,0.2621921673282678,0.2929015734996741,263547.0101604499,0.2361182902159378,1.015252754900796,1.08625827921608,1.0391930445765705,23.212959787669572,0.6483245974445405,1.045290174799704,0.0469774152059957,0.9285974794684756,9.203448612665587,-0.0681468891708732,0.1423616319209359,0.1531657265700348,0.0909925672295417,-0.038748060025387,-0.0254832217272149,0.1235848035648591,0.0642302207054317,16.82673461318252,0.1050624607736023,0.0035021878738603,-0.1548215671130157,0.6065634494170288,0.0452901747997041,-0.0254832217272149,0.0469774152059957,-0.0296299731528677,0.0714025205315244,-0.0642302207054317,9.203448612665587,1.580162612148655,0.0681468891708732,-0.1050624607736023,True
king,surrogate,16.05366322167172,47.69086479380376,0.3366192517389094,177707,17812.0,FORWARD_2025,,grid,True,OK,,0.7048454916789635,0.7297541106210463,0.2702458893789536,0.2973660584611411,267939.1459963413,0.2414356295769757,1.0153940711789753,1.088801423886202,1.0417345857549978,23.73328708295305,0.673660867672199,1.0451812186854603,0.0525705085572625,0.9295980611739906,9.325545116452805,-0.065757460085732,0.1437152034526797,0.1625866150490756,0.0990462892802274,-0.0468107918287883,-0.0255921778414585,0.129177896916126,0.0652308024109467,16.948831116969735,0.1074518898587436,0.004855759405604,-0.145400678633975,0.6203584846498681,0.0451812186854605,-0.0255921778414585,0.0525705085572625,-0.0240368798016008,0.0704019388260094,-0.0652308024109467,9.325545116452805,1.7022591159358722,0.065757460085732,-0.1074518898587436,True
king,surrogate,23.298448422672752,69.2130598660579,0.3366192517389094,177707,17812.0,FORWARD_2025,,grid,True,OK,,0.6997162139464028,0.7238041455285069,0.2761958544714931,0.3006217688866366,271604.3575604206,0.2452675061657018,1.0150943234915892,1.0880634911879763,1.042915636303026,24.123709647470047,0.6666799194654753,1.043290035467291,0.0581787447118507,0.9326685785159012,9.723531817037587,-0.0602534325377612,0.1411946185402926,0.1701145938404485,0.104996254372767,-0.051940069561349,-0.0274833610596281,0.1347861330707142,0.0683013197528574,17.346817817554523,0.1129559174067143,0.002335174493217,-0.137872699842602,0.6521352192761173,0.0432900354672909,-0.0274833610596281,0.0581787447118507,-0.0184286436470126,0.0673314214840986,-0.0683013197528574,9.723531817037587,2.100245816520657,0.0602534325377612,-0.1129559174067143,True
king,surrogate,33.81270003043063,100.4479091904602,0.3366192517389094,177707,17812.0,FORWARD_2025,,grid,True,OK,,0.7003979452599565,0.7175322547662504,0.2824677452337496,0.3040158873055386,274938.3947858625,0.248992437817562,1.013991901159095,1.0880600677457175,1.0429772690037329,24.523062367351685,0.6608867575182344,1.0432251019095062,0.0598257276711081,0.9330309985336118,10.265846098522864,-0.0580779050177119,0.1433172364720679,0.1769716049789914,0.1112681451350235,-0.0512583382477953,-0.0275482946174128,0.1364331160299715,0.0686637397705679,17.8891320990398,0.1151314449267636,0.0044577924249923,-0.1310156887040591,0.6646953236858775,0.0432251019095062,-0.0275482946174128,0.0598257276711081,-0.0167816606877553,0.0669690014663881,-0.0686637397705679,10.265846098522864,2.642560098005932,0.0580779050177119,-0.1151314449267636,True
king,surrogate,49.071880779635485,145.778592656658,0.3366192517389094,177707,17812.0,FORWARD_2025,,grid,True,OK,,0.7009182507401479,0.7155464429663351,0.2844535570336649,0.3050826657095825,274169.92476955417,0.2505187018843344,1.0152916945551267,1.0893493978315845,1.0428604893305728,24.63407099890431,0.7100376187893704,1.044578262362642,0.0621908436656082,0.9308980639907936,10.533523809889576,-0.0581092994410473,0.1451990909809811,0.1816370356389949,0.1132539569349388,-0.0507380327676039,-0.0261951341642769,0.1387982320244716,0.0665308052277496,18.156809810406507,0.1151000505034282,0.0063396469339054,-0.1263502580440556,0.6645140723657528,0.044578262362642,-0.0261951341642769,0.0621908436656082,-0.0144165446932551,0.0691019360092064,-0.0665308052277496,10.533523809889576,2.910237809372642,0.0581092994410473,-0.1151000505034282,True
king,surrogate,71.21730832153513,211.5663556188198,0.3366192517389094,177707,17812.0,FORWARD_2025,,grid,True,OK,,0.7035085447245495,0.71216848524652,0.28783151475348,0.3068887862939589,276617.9045235002,0.2527435880438964,1.015153179536823,1.0896119125581127,1.044379179001052,24.863467360856053,0.677278479061445,1.0433106427881162,0.0637801604333241,0.9321735262934678,10.683634012025507,-0.0558787296957649,0.1421522577694015,0.1849000458940591,0.1166319146547539,-0.0481477387832023,-0.0274627537388028,0.1403875487921875,0.0678062675304239,18.30692001254244,0.1173306202487106,0.0032928137223259,-0.1230872477889914,0.6773919553784045,0.0433106427881162,-0.0274627537388028,0.0637801604333241,-0.0128272279255392,0.0678264737065321,-0.0678062675304239,10.683634012025507,3.0603480115085766,0.0558787296957649,-0.1173306202487106,True
king,surrogate,103.35664588322452,307.043181129137,0.3366192517389094,177707,17812.0,FORWARD_2025,,grid,True,OK,,0.7018657800551739,0.7109154751574717,0.2890845248425283,0.3075560467183858,276916.1601655016,0.2524235623711103,1.0135047998657802,1.0888666901457271,1.0443924400945226,24.87446540974804,0.6443500717945322,1.0425838490818449,0.0633439784608687,0.9335664028957102,10.531861132265878,-0.0548100099334315,0.1440191261646589,0.1887205827228812,0.1178849247438022,-0.0497905034525779,-0.0281895474450741,0.1399513668197321,0.0691991441326663,18.15514713278281,0.1183993400110441,0.0051596821175833,-0.1192667109601693,0.6835620597213631,0.0425838490818448,-0.0281895474450741,0.0633439784608687,-0.0132634098979947,0.0664335971042897,-0.0691991441326663,10.531861132265878,2.908575131748945,0.0548100099334315,-0.1183993400110441,True
king,surrogate,150.0,445.6073121936112,0.3366192517389094,177707,17812.0,FORWARD_2025,,grid,True,OK,,0.6995183067999762,0.7082365798630145,0.2917634201369855,0.3089777943573564,277736.38930523564,0.2540989384851229,1.0158076661390965,1.0908289708983128,1.045620371273554,24.975079054213705,0.6680568214750827,1.043236150391461,0.0645831773626236,0.9337331951499618,10.68843307634618,-0.0549599777008427,0.1443600782252325,0.1870246158379211,0.1205638200382594,-0.0521379767077756,-0.0275372461354581,0.141190565721487,0.0693659363869179,18.311719076863117,0.1182493722436329,0.0055006341781569,-0.1209626778451295,0.6826962417533418,0.0432361503914608,-0.0275372461354581,0.0645831773626236,-0.0120242109962398,0.0662668048500382,-0.0693659363869179,10.68843307634618,3.0651470758292465,0.0549599777008427,-0.1182493722436329,True
maricopa,direct,0.0,0.0,0.3199621908506297,553132,47512.0,FORWARD_2025,,"grid,baseline_rho0",True,OK,,0.2966316136725366,0.8399446721230637,0.1600553278769363,0.2323315211984082,116737.14522295917,0.1504084926536725,1.013734963944949,1.0563571115807855,0.9651696164979636,14.77379564044528,0.4490947792707925,1.0944782072747874,-0.0599713097973128,0.8352473135083265,-14.787236664412962,-0.1761491226551611,0.1655623784437447,0.3506905324725472,0.0,0.0,0.0,0.0,0.0,0.0,0.0,0.0,0.0,0.0,0.0944782072747874,0.0,0.0599713097973128,0.0,0.1647526864916735,0.0,14.787236664412962,0.0,0.1761491226551611,0.0,True
maricopa,direct,0.001,0.0031253692736053,0.3199621908506297,553132,47512.0,FORWARD_2025,,grid,True,OK,,0.2978734040181432,0.840079128770499,0.159920871229501,0.232233914073452,116682.55967123184,0.1503156532766044,1.014368909532141,1.0564379559106154,0.9653393922620428,14.74990941661756,0.4447090890346051,1.0943694667168868,-0.06024203765431,0.8353972625845801,-14.70810014420824,-0.1759079456770445,0.1653859694335886,0.3503501453397158,-0.0001344566474352,0.0012417903456065,-0.0001087405579005,-0.0002707278569972,0.0001499490762536,0.079136520204722,0.0002411769781165,-0.0001764090101561,-0.0003403871328313,0.001369163663612,0.0943694667168868,-0.0001087405579005,0.06024203765431,0.0002707278569972,0.1646027374154198,-0.0001499490762536,14.70810014420824,-0.079136520204722,0.1759079456770445,-0.0002411769781165,True
maricopa,direct,0.0014512854854972,0.0045358030636024,0.3199621908506297,553132,47512.0,FORWARD_2025,,grid,True,OK,,0.297493444049838,0.8397808421622786,0.1602191578377214,0.232450396119242,116785.73664425744,0.150532296836401,1.014487760992468,1.0568360314056735,0.9657320808406608,14.769650641538412,0.4420578208323453,1.0943366720153975,-0.0602533551784462,0.8355312272548742,-14.5165323438796,-0.1758999553428927,0.1651336422885949,0.349710921568629,0.000163829960785,0.0008618303773013,-0.0001415352593898,-0.0002820453811333,0.0002839137465476,0.2707043205333619,0.0002491673122684,-0.0004287361551498,-0.0009796109039181,0.0014145248554898,0.0943366720153975,-0.0001415352593898,0.0602533551784462,0.0002820453811333,0.1644687727451258,-0.0002839137465476,14.5165323438796,-0.2707043205333619,0.1758999553428927,-0.0002491673122684,True
maricopa,direct,0.0021062295604149,0.00658274515128,0.3199621908506297,553132,47512.0,FORWARD_2025,,grid,True,OK,,0.2964787602302682,0.8399310764676626,0.1600689235323373,0.2323413885120054,116795.95846931654,0.150345519644187,1.0136361259490554,1.0562683361196332,0.9650510197059836,14.767580058757671,0.447894931300051,1.0945207191651278,-0.0600223678447054,0.8351718497356081,-14.672279276864902,-0.176251517396857,0.1654144751465683,0.3509042396522061,1.3595655401016373e-05,-0.0001528534422684,4.251189034043534e-05,-5.1058047392686656e-05,-7.546377271838711e-05,0.1149573875480598,-0.0001023947416958,-0.0001479032971764,0.0002137071796588,-0.0005812957802593,0.0945207191651278,4.251189034043534e-05,0.0600223678447054,5.1058047392686656e-05,0.1648281502643919,7.546377271838711e-05,14.672279276864902,-0.1149573875480598,0.176251517396857,0.0001023947416958,True
maricopa,direct,0.0030567403901553,0.0095534424927798,0.3199621908506297,553132,47512.0,FORWARD_2025,,grid,True,OK,,0.2974498664681786,0.8397706066073045,0.1602293933926954,0.2324578210141234,116796.82585665183,0.1504475724588597,1.014357791136503,1.0563851048169557,0.9653315692094058,14.7630908689429,0.4379042308633571,1.0943235863322294,-0.0605642842328341,0.8355273947149644,-14.405293387108149,-0.1758351515932595,0.1646950092626018,0.3495785280098676,0.000174065515759,0.0008182527956419,-0.000154620942558,-0.0005929744355213,0.0002800812066379,0.3819432773048152,0.0003139710619016,-0.0008673691811429,-0.0011120044626796,0.0017824162684949,0.0943235863322293,-0.000154620942558,0.0605642842328341,0.0005929744355213,0.1644726052850356,-0.0002800812066379,14.405293387108149,-0.3819432773048152,0.1758351515932595,-0.0003139710619016,True
maricopa,direct,0.0044362029611655,0.0138647724263038,0.3199621908506297,553132,47512.0,FORWARD_2025,,grid,True,OK,,0.2969334364524897,0.8401379473348672,0.1598620526651328,0.2321912025701049,116785.1496704812,0.1504521237787863,1.01433353054131,1.0566113468686935,0.9655088671908398,14.764494358558984,0.44414158057607,1.094356958049404,-0.0600241797055784,0.8354704641270818,-14.301497447790371,-0.1757527380842048,0.1658193651965538,0.3495364098334466,-0.0001932752118035,0.000301822779953,-0.0001212492253834,-5.286990826561255e-05,0.0002231506187553,0.4857392166225907,0.0003963845709563,0.000256986752809,-0.0011541226391005,0.0022502784287622,0.0943569580494039,-0.0001212492253834,0.0600241797055784,5.286990826561255e-05,0.1645295358729182,-0.0002231506187553,14.301497447790371,-0.4857392166225907,0.1757527380842048,-0.0003963845709563,True
maricopa,direct,0.0064381969682594,0.0201217429820169,0.3199621908506297,553132,47512.0,FORWARD_2025,,grid,True,OK,,0.2967418077515612,0.8399774309281439,0.1600225690718561,0.2323077441314652,116905.11584058926,0.1505507549719278,1.0144986563470757,1.0566923285776038,0.9654910759306088,14.77075030458939,0.4449717604248448,1.0944610001279285,-0.0599681726834922,0.8352656763649372,-14.614093824195772,-0.1759591591905464,0.1650599845963939,0.3500781523804384,-3.275880508024631e-05,0.0001101940790245,-1.7207146858932987e-05,3.1371138205574245e-06,1.836285661072079e-05,0.1731428402171886,0.0001899634646147,-0.0005023938473508,-0.0006123800921087,0.0010784241315049,0.0944610001279284,-1.7207146858932987e-05,0.0599681726834922,-3.1371138205574245e-06,0.1647343236350628,-1.836285661072079e-05,14.614093824195772,-0.1731428402171886,0.1759591591905464,-0.0001899634646147,True
maricopa,direct,0.0093436618128071,0.0292023935327067,0.3199621908506297,553132,47512.0,FORWARD_2025,,grid,True,OK,,0.2976262665009073,0.8398725916913531,0.1601274083086469,0.2323838302079059,116756.74933724746,0.1504896393487949,1.0142396664413895,1.0566159399015778,0.9655662322937396,14.771059184685106,0.4435635850396232,1.0942966982094495,-0.0599530324390435,0.8356879625715606,-14.491834896351529,-0.1756095475703354,0.1654242275786284,0.3490487981580946,7.208043171058609e-05,0.0009946528283706,-0.0001815090653376,1.827735826921001e-05,0.0004406490632341,0.2954017680614349,0.0005395750848257,-0.0001381508651163,-0.0016417343144526,0.0030631721389954,0.0942966982094497,-0.0001815090653376,0.0599530324390435,-1.827735826921001e-05,0.1643120374284393,-0.0004406490632341,14.491834896351529,-0.2954017680614349,0.1756095475703354,-0.0005395750848257,True
maricopa,direct,0.0135603207703216,0.0423810098757952,0.3199621908506297,553132,47512.0,FORWARD_2025,,grid,True,OK,,0.2976749165930732,0.8395496768920102,0.1604503231079898,0.2326180261680722,116902.20009878992,0.150597636479745,1.0142412427265717,1.056741835422384,0.9656047889501648,14.77830410540519,0.4430797915044687,1.094383382844762,-0.0601232934273992,0.8354723375956505,-14.370561830339708,-0.1758706229711516,0.164703312095441,0.3492096873689873,0.0003949952310534,0.0010433029205365,-9.482443002539752e-05,-0.0001519836300864,0.000225024087324,0.4166748340732535,0.0002784996840095,-0.0008590663483037,-0.0014808451035599,0.001581044968102,0.094383382844762,-9.482443002539752e-05,0.0601232934273992,0.0001519836300864,0.1645276624043494,-0.000225024087324,14.370561830339708,-0.4166748340732535,0.1758706229711516,-0.0002784996840095,True
maricopa,direct,0.0196798967126543,0.0615069444934561,0.3199621908506297,553132,47512.0,FORWARD_2025,,grid,True,OK,,0.2979031613995626,0.839828699919079,0.1601713000809209,0.2324156768461816,116868.04964233476,0.1505177178841428,1.0141800452331533,1.0566346898977763,0.9655828794442886,14.773973306171712,0.4432117687594469,1.0942972502846051,-0.0596426970584692,0.8357259664184288,-14.339843272213333,-0.1754312875296634,0.1650449478363033,0.3482980753134368,0.0001159722039845,0.0012715477270259,-0.0001809569901822,0.0003286127388435,0.0004786529101022,0.4473933921996291,0.0007178351254976,-0.0005174306074414,-0.0023924571591104,0.0040751558377214,0.0942972502846051,-0.0001809569901822,0.0596426970584692,-0.0003286127388435,0.1642740335815712,-0.0004786529101022,14.339843272213333,-0.4473933921996291,0.1754312875296634,-0.0007178351254976,True
maricopa,direct,0.0285611484551597,0.0892641358006362,0.3199621908506297,553132,47512.0,FORWARD_2025,,grid,True,OK,,0.2966134816511274,0.8396270115569056,0.1603729884430944,0.2325619602003117,116782.77532365108,0.1504531185349105,1.014427089062659,1.0567283991711651,0.9655537922819828,14.76237981418848,0.44152753183821,1.094427268183268,-0.0601967098321987,0.8354387779620269,-14.499260195820188,-0.1760475075412138,0.1658255205677646,0.3496840624758579,0.000317660566158,-1.813202140921177e-05,-5.093909151931975e-05,-0.0002254000348859,0.0001914644537004,0.2879764685927739,0.0001016151139473,0.0002631421240198,-0.0010064699966892,0.0005768698271989,0.094427268183268,-5.093909151931975e-05,0.0601967098321987,0.0002254000348859,0.164561222037973,-0.0001914644537004,14.499260195820188,-0.2879764685927739,0.1760475075412138,-0.0001016151139473,True
maricopa,direct,0.0414503802021047,0.1295477446629164,0.3199621908506297,553132,47512.0,FORWARD_2025,,grid,True,OK,,0.298774899815209,0.8400138931410294,0.1599861068589706,0.2322812761868559,116844.5496709668,0.1504908076414035,1.0144538045886675,1.0567690699803256,0.9660824707153576,14.765430777011288,0.4385139189625261,1.093870453107194,-0.0599223490522416,0.8365279486685853,-14.274152442188218,-0.1750514436635583,0.1651046187278413,0.3476452607182467,-6.922101796569269e-05,0.0021432861426723,-0.0006077541675932,4.896074507115822e-05,0.0012806351602587,0.5130842222247445,0.0010976789916028,-0.0004577597159033,-0.0030452717543004,0.0062315325506997,0.0938704531071941,-0.0006077541675932,0.0599223490522416,-4.896074507115822e-05,0.1634720513314147,-0.0012806351602587,14.274152442188218,-0.5130842222247445,0.1750514436635583,-0.0010976789916028,True
maricopa,direct,0.060156335155656,0.1880107615081909,0.3199621908506297,553132,47512.0,FORWARD_2025,,grid,True,OK,,0.2968058662727075,0.839638413179577,0.160361586820423,0.2325536931259324,117029.22880928748,0.1507092418140244,1.0151901305829276,1.0573816454575733,0.9670641366436554,14.770266514014311,0.4435700372427689,1.093393504517062,-0.0583548157782664,0.8375390559233831,-13.956778159206577,-0.1741249025153906,0.1649569018093983,0.3447566237176934,0.0003062589434866,0.0001742526001708,-0.0010847027577254,0.0016164940190463,0.0022917424150565,0.8304585052063871,0.0020242201397705,-0.0006054766343464,-0.0059339087548538,0.0114915141742333,0.0933935045170619,-0.0010847027577254,0.0583548157782664,-0.0016164940190463,0.1624609440766169,-0.0022917424150565,13.956778159206577,-0.8304585052063871,0.1741249025153906,-0.0020242201397705,True
maricopa,direct,0.0873040160721099,0.2728572892941174,0.3199621908506297,553132,47512.0,FORWARD_2025,,grid,True,OK,,0.2975584591059778,0.8399539637660869,0.1600460362339131,0.232324777365142,116931.10346214092,0.1506975757246762,1.0150472313075758,1.05761010509512,0.9676492039700856,14.771405489502609,0.445459442528274,1.0929685063098709,-0.0577056573502254,0.8385801113252321,-13.932965542042568,-0.1733131412092347,0.166337923906802,0.3431489602599911,-9.29164302324037e-06,0.0009268454334411,-0.0015097009649165,0.0022656524470874,0.0033327978169056,0.8542711223703954,0.0028359814459264,0.0007755454630572,-0.007541572212556,0.0160998897024219,0.0929685063098708,-0.0015097009649165,0.0577056573502254,-0.0022656524470874,0.1614198886747678,-0.0033327978169056,13.932965542042568,-0.8542711223703954,0.1733131412092347,-0.0028359814459264,True
maricopa,direct,0.1267030513510693,0.3959938235646694,0.3199621908506297,553132,47512.0,FORWARD_2025,,grid,True,OK,,0.2980805973285566,0.8397222819119794,0.1602777180880206,0.2324928726556248,116941.22897313512,0.1507769254870209,1.0153828420804707,1.0579386833594748,0.9685773182802192,14.77154335806069,0.4467477687964314,1.0922604353753849,-0.0562630143105082,0.8401358781975387,-13.661180763427836,-0.1720397852405351,0.1667088364565137,0.3392867101411254,0.0002223902110843,0.0014489836560199,-0.0022177718994025,0.0037082954868045,0.0048885646892121,1.1260559009851256,0.004109337414626,0.0011464580127689,-0.0114038223314217,0.0233287418789516,0.0922604353753848,-0.0022177718994025,0.0562630143105082,-0.0037082954868045,0.1598641218024613,-0.0048885646892121,13.661180763427836,-1.1260559009851256,0.1720397852405351,-0.004109337414626,True
maricopa,direct,0.1838822993940162,0.5747000884859529,0.3199621908506297,553132,47512.0,FORWARD_2025,,grid,True,OK,,0.2965553113097046,0.8395969379583698,0.1604030620416302,0.2325837645179898,117132.66576849928,0.1510774333802517,1.0159927423704096,1.0589806836250095,0.9703004943934098,14.783737714852135,0.4493235999768947,1.091394562554602,-0.0542664915244863,0.842082721046269,-13.278275646897812,-0.1700899516611228,0.1675475060876741,0.3328998020136065,0.0003477341646938,-7.630236283207026e-05,-0.0030836447201854,0.0057048182728264,0.0068354075379425,1.5089610175151495,0.0060591709940383,0.0019851276439293,-0.0177907304589406,0.034397962945862,0.0913945625546019,-0.0030836447201854,0.0542664915244863,-0.0057048182728264,0.1579172789537309,-0.0068354075379425,13.278275646897812,-1.5089610175151495,0.1700899516611228,-0.0060591709940383,True
maricopa,direct,0.2668657121503905,0.834053896933633,0.3199621908506297,553132,47512.0,FORWARD_2025,,"grid,activity",True,OK,,0.298042310021691,0.8396167832144636,0.1603832167855364,0.2325693763040596,117170.74211919976,0.1514143541943453,1.0171742327347528,1.0601171096956932,0.9723474376416972,14.789553193368466,0.4472691787641887,1.0902657513726473,-0.0530749428442041,0.8446316056563581,-12.783219887091064,-0.1682698983200049,0.1687745759766698,0.329103853674372,0.0003278889086,0.0014106963491543,-0.0042124559021401,0.0068963669531086,0.0093842921480316,2.004016777321897,0.0078792243351561,0.003212197532925,-0.0215866787981751,0.0447304205458972,0.0902657513726472,-0.0042124559021401,0.0530749428442041,-0.0068963669531086,0.1553683943436419,-0.0093842921480316,12.783219887091064,-2.004016777321897,0.1682698983200049,-0.0078792243351561,True
maricopa,direct,0.3872983346207417,1.2104503147421783,0.3199621908506297,553132,47512.0,FORWARD_2025,,"grid,direct_common_lo",True,OK,,0.2978349336034348,0.8391557755880757,0.1608442244119242,0.2329033866913876,117543.135717463,0.1519999174422583,1.0183845695110318,1.0615725237309324,0.9752604384891927,14.81698597897591,0.4490789400103879,1.0885015754104086,-0.0499477810523955,0.8484996454807455,-12.368439384340348,-0.1650311954008387,0.1697858574057281,0.3195049189455017,0.0007888965349879,0.0012033199308981,-0.0059766318643788,0.0100235287449172,0.013252331972419,2.4187972800726136,0.0111179272543224,0.0042234789619833,-0.0311856135270454,0.0631165633228131,0.0885015754104086,-0.0059766318643788,0.0499477810523955,-0.0100235287449172,0.1515003545192544,-0.013252331972419,12.368439384340348,-2.4187972800726136,0.1650311954008387,-0.0111179272543224,True
maricopa,direct,0.5620804515923291,1.756708972700869,0.3199621908506297,553132,47512.0,FORWARD_2025,,"grid,direct_common_hi",True,OK,,0.3004104048096407,0.8393670734002583,0.1606329265997417,0.2327503561767469,117843.78212611446,0.1525028109865518,1.0194792800935726,1.062680594860387,0.9780888273382904,14.840743097773757,0.45172722268231,1.086486794611793,-0.0461722927073627,0.8530208071196647,-10.963992110871528,-0.1607437627436687,0.1712074565422781,0.3073142521215972,0.0005775987228054,0.0037787911371041,-0.007991412662994,0.01379901708995,0.0177734936113381,3.823244553541434,0.0154053599114923,0.0056450780985333,-0.0433762803509499,0.0874563533401794,0.0864867946117933,-0.007991412662994,0.0461722927073627,-0.01379901708995,0.1469791928803353,-0.0177734936113381,10.963992110871528,-3.823244553541434,0.1607437627436687,-0.0154053599114923,True
maricopa,direct,0.8157392010776716,2.549486234323508,0.3199621908506297,553132,47512.0,FORWARD_2025,,"grid,guardrail",True,OK,,0.3001813845197491,0.838500406298053,0.1614995937019469,0.2333773936407726,118548.34145745516,0.1536546486298022,1.0219703291049886,1.065910296319458,0.9832716182939636,14.88309388389258,0.4556777132427147,1.0840446083137,-0.0419016487428085,0.8585110613987108,-10.197531474276577,-0.1561930864976451,0.1732271158708145,0.2953533862470933,0.0014442658250106,0.0035497708472124,-0.0104335989610873,0.0180696610545042,0.0232637478903843,4.589705190136387,0.019956036157516,0.0076647374270698,-0.0553371462254538,0.1132905793495377,0.0840446083137,-0.0104335989610873,0.0419016487428085,-0.0180696610545042,0.1414889386012892,-0.0232637478903843,10.197531474276577,-4.589705190136387,0.1561930864976451,-0.019956036157516,True
maricopa,direct,1.1838704624751253,3.7000323673486784,0.3199621908506297,553132,47512.0,FORWARD_2025,,grid,True,OK,,0.3000772285741052,0.8379839764809843,0.1620160235190156,0.2337502331200361,119407.64457466922,0.1548587653265977,1.0234043855600954,1.0683557776982633,0.9883137651126348,14.957024629508345,0.4593302158481444,1.0809884627848994,-0.0362963527204436,0.865247341474044,-9.035926102276733,-0.1504055897681001,0.1750233770377871,0.280341039266651,0.0019606956420793,0.0034456149015685,-0.013489744489888,0.0236749570768691,0.0300000279657175,5.751310562136229,0.0257435328870609,0.0094609985940423,-0.0703494932058962,0.1461462452893274,0.0809884627848993,-0.013489744489888,0.0362963527204436,-0.0236749570768691,0.1347526585259559,-0.0300000279657175,9.035926102276733,-5.751310562136229,0.1504055897681001,-0.0257435328870609,True
maricopa,direct,1.7181340188990342,5.369803270603066,0.3199621908506297,553132,47512.0,FORWARD_2025,,grid,True,OK,,0.3000051413944011,0.8365746740200535,0.1634253259799465,0.2347646744452681,120700.48522777265,0.1562742873870114,1.025797769950905,1.0711557117105923,0.9945683795747108,15.029147578449445,0.4702730715634108,1.077005597311098,-0.0290046693470211,0.8739013584809443,-7.529661988680075,-0.1436647087774143,0.1771143166773109,0.2635479010118504,0.0033699981030101,0.0033735277218645,-0.0174726099636892,0.0309666404502916,0.0386540449726178,7.257574675732887,0.0324844138777468,0.0115519382335662,-0.0871426314606968,0.1844142814230193,0.0770055973110981,-0.0174726099636892,0.0290046693470211,-0.0309666404502916,0.1260986415190557,-0.0386540449726178,7.529661988680075,-7.257574675732887,0.1436647087774143,-0.0324844138777468,True
maricopa,direct,2.4935029637671797,7.793117546601746,0.3199621908506297,553132,47512.0,FORWARD_2025,,grid,True,OK,,0.2997675841767167,0.8352755981874609,0.164724401812539,0.2356959053929953,121979.50758814834,0.1579354146074014,1.028293405865433,1.0744947736070911,1.0011452182138232,15.112337789355331,0.4635704000705865,1.07326565023617,-0.0234757242971917,0.8822328253823725,-5.842757104434795,-0.1365505485739334,0.1786928484168129,0.2464650437715379,0.0046690739356027,0.00313597050418,-0.0212125570386174,0.036495585500121,0.0469855118740459,8.944479559978166,0.0395985740812277,0.0131304699730681,-0.1042254887010093,0.2248014266795301,0.0732656502361699,-0.0212125570386174,0.0234757242971917,-0.036495585500121,0.1177671746176275,-0.0469855118740459,5.842757104434795,-8.944479559978166,0.1365505485739334,-0.0395985740812277,True
maricopa,direct,3.618784659359615,11.310038382156842,0.3199621908506297,553132,47512.0,FORWARD_2025,,grid,True,OK,,0.2991845981271097,0.8341473714228523,0.1658526285771476,0.2365016896236857,123520.07263907533,0.1594640474868855,1.0306116006582031,1.0773815037925574,1.00698477534048,15.189571602682978,0.4675831007963891,1.069908433747943,-0.0183070669953163,0.8894646993851771,-4.720942362734991,-0.1311983620834999,0.1805031664760407,0.2347956877164037,0.0057973007002112,0.002552984454573,-0.0245697735268444,0.0416642428019964,0.0542173858768506,10.06629430167797,0.0449507605716612,0.0149407880322959,-0.1158948447561435,0.2551858328562849,0.0699084337479429,-0.0245697735268444,0.0183070669953163,-0.0416642428019964,0.1105353006148228,-0.0542173858768506,4.720942362734991,-10.06629430167797,0.1311983620834999,-0.0449507605716612,True
maricopa,direct,5.2518896512686215,16.414094544440715,0.3199621908506297,553132,47512.0,FORWARD_2025,,grid,True,OK,,0.29884619255284,0.8321665104585566,0.1678334895414434,0.2379098266148676,125492.93088783714,0.1615471560427861,1.0328669086436628,1.0806064707206482,1.0128837034706504,15.31548880804266,0.4763137061252329,1.0668613455009153,-0.0121160356700224,0.8962399638481301,-3.136989740280116,-0.1254265964983804,0.1809416194846031,0.2224171158973236,0.007778161664507,0.0022145788803034,-0.0276168617738721,0.0478552741272903,0.0609926503398036,11.650246924132846,0.0507225261567807,0.0153792410408583,-0.1282734165752236,0.2879521929614026,0.0668613455009152,-0.0276168617738721,0.0121160356700224,-0.0478552741272903,0.1037600361518699,-0.0609926503398036,3.136989740280116,-11.650246924132846,0.1254265964983804,-0.0507225261567807,True
maricopa,direct,7.621991222319222,23.821537169925964,0.3199621908506297,553132,47512.0,FORWARD_2025,,grid,True,OK,,0.2974804163430972,0.8314587731245024,0.1685412268754974,0.2384109200860158,127127.19969336032,0.1630157404627669,1.0343080291257714,1.0830194322382976,1.018100349603647,15.413340108630132,0.4755454409444673,1.0637649153739357,-0.0071869454100998,0.9031111895523228,-1.8324159267805349,-0.1197404239854156,0.1839417543977551,0.2131385888570341,0.0084858989985611,0.0008488026705605,-0.0307132919008519,0.0527843643872129,0.0678638760439962,12.954820737632428,0.0564086986697454,0.0183793759540103,-0.137551943615513,0.3202326405007087,0.0637649153739354,-0.0307132919008519,0.0071869454100998,-0.0527843643872129,0.0968888104476772,-0.0678638760439962,1.8324159267805349,-12.954820737632428,0.1197404239854156,-0.0564086986697454,True
maricopa,direct,11.061685231539125,34.571851136946144,0.3199621908506297,553132,47512.0,FORWARD_2025,,grid,True,OK,,0.2960974741379025,0.8292085827819438,0.1707914172180561,0.2399971527675768,128701.8768341791,0.1648964363716065,1.0368132367782923,1.085664296452126,1.0219631077724618,15.513791812232537,0.4700282885309745,1.0623321802863428,-0.0048120056557585,0.9062629606216986,-1.7168996694123733,-0.1171092907497012,0.1830650704313181,0.2073421577133327,0.0107360893411198,-0.0005341395346341,-0.0321460269884446,0.0551593041415542,0.0710156471133721,13.070336995000588,0.0590398319054599,0.0175026919875734,-0.1433483747592145,0.3351696052499759,0.0623321802863428,-0.0321460269884446,0.0048120056557585,-0.0551593041415542,0.0937370393783013,-0.0710156471133721,1.7168996694123733,-13.070336995000588,0.1171092907497012,-0.0590398319054599,True
maricopa,direct,16.05366322167172,50.17362576182061,0.3199621908506297,553132,47512.0,FORWARD_2025,,grid,True,OK,,0.2940941157818623,0.8280522272583566,0.1719477727416434,0.2408082411571041,130194.4073661666,0.166058384125425,1.0373319249433022,1.0871991381245285,1.0258003332559391,15.599835749449756,0.4702407168232696,1.0598545378453,-0.0009010382135099,0.911865502915816,-0.2932563216198824,-0.1130440372330017,0.1851390605696133,0.2023976484105082,0.011892444864707,-0.0025374978906743,-0.0346236694294874,0.0590702715838028,0.0766181894074895,14.49398034279308,0.0631050854221593,0.0195766821258685,-0.1482928840620389,0.3582480824823478,0.0598545378452999,-0.0346236694294874,0.0009010382135099,-0.0590702715838028,0.0881344970841839,-0.0766181894074895,0.2932563216198824,-14.49398034279308,0.1130440372330017,-0.0631050854221593,True
maricopa,direct,23.298448422672752,72.8162548228998,0.3199621908506297,553132,47512.0,FORWARD_2025,,grid,True,OK,,0.2957066457674108,0.8275374875754393,0.1724625124245606,0.2411684113647294,130866.1468082844,0.166681844530764,1.0375489898949235,1.0879674765611926,1.027556343346134,15.64984932194109,0.479687832616579,1.0587910664035567,0.0016065692001578,0.914063349934621,-0.1117066172964033,-0.1113754413757419,0.1833818066941777,0.1998222968930047,0.0124071845476242,-0.0009249679051258,-0.0356871408712307,0.0615778789974706,0.0788160364262945,14.675530047116558,0.0647736812794192,0.017819428250433,-0.1508682355795424,0.3677207147163803,0.0587910664035566,-0.0356871408712307,0.0016065692001578,-0.0583647405971549,0.0859366500653789,-0.0788160364262945,0.1117066172964033,-14.675530047116558,0.1113754413757419,-0.0647736812794192,True
maricopa,direct,33.81270003043063,105.67717373274162,0.3199621908506297,553132,47512.0,FORWARD_2025,,grid,True,OK,,0.2956761768169622,0.8261415362377399,0.17385846376226,0.2421424806141155,131997.0353554529,0.1679470709158702,1.0379473724889756,1.0886626098792145,1.029076689806521,15.763736629303688,0.4760318386063986,1.0579023124932474,0.0027985372896114,0.916229165556843,0.3072129319693878,-0.1098390791955588,0.1842572969664881,0.1978759980268054,0.0138031358853237,-0.0009554368555744,-0.03657589478154,0.0627698470869242,0.0809818520485164,15.09444959638235,0.0663100434596023,0.0186949185227433,-0.1528145344457418,0.3764426552916436,0.0579023124932474,-0.03657589478154,0.0027985372896114,-0.0571727725077013,0.083770834443157,-0.0809818520485164,0.3072129319693878,-14.480023732443572,0.1098390791955588,-0.0663100434596023,True
maricopa,direct,49.071880779635485,153.3677483866963,0.3199621908506297,553132,47512.0,FORWARD_2025,,grid,True,OK,,0.2930892217835078,0.8242463998706818,0.1757536001293181,0.2434586352753668,134054.0069594071,0.1698683811345202,1.039153263946031,1.090485389617805,1.032302741918043,15.91048538294302,0.4792961089437466,1.0563620005422607,0.0057163542199244,0.9197059033508316,0.6770130532795808,-0.1075792125586735,0.184219660759,0.1948496655611142,0.0156982722523818,-0.0035423918890288,-0.0381162067325266,0.0656876640172372,0.0844585898425051,15.464249717692542,0.0685699100964876,0.0186572823152552,-0.1558408669114329,0.3892719365439231,0.0563620005422607,-0.0381162067325266,0.0057163542199244,-0.0542549555773883,0.0802940966491684,-0.0844585898425051,0.6770130532795808,-14.110223611133382,0.1075792125586735,-0.0685699100964876,True
maricopa,direct,71.21730832153513,222.58038717700245,0.3199621908506297,553132,47512.0,FORWARD_2025,,grid,True,OK,,0.2873811908702968,0.822080610057628,0.177919389942372,0.2449540975640388,136011.05671611382,0.1715751771015529,1.038830029337117,1.091251864864854,1.0342627021650497,16.092650622572297,0.4892125811898176,1.0551012451483626,0.0087965927442618,0.9224505223241476,1.1587133488651356,-0.1060860637995725,0.183669355290563,0.1937439338930043,0.0178640620654356,-0.0092504228022398,-0.0393769621264248,0.0687679025415746,0.0872032088158211,15.945950013278097,0.0700630588555886,0.0181069768468182,-0.1569465985795428,0.3977485541767233,0.0551012451483625,-0.0393769621264248,0.0087965927442618,-0.0511747170530509,0.0775494776758524,-0.0872032088158211,1.1587133488651356,-13.628523315547827,0.1060860637995725,-0.0700630588555886,True
maricopa,direct,103.35664588322452,323.0276852663358,0.3199621908506297,553132,47512.0,FORWARD_2025,,grid,True,OK,,0.2838228186195118,0.8189371285097071,0.1810628714902928,0.2471085487276384,138877.39525987508,0.1743001251845114,1.038216888419758,1.0924594255540443,1.0372011683220366,16.376631884321345,0.4931606274807948,1.053276316031733,0.0124082712057757,0.9264155850240684,1.6964613155576096,-0.1040233406760319,0.1808034307832291,0.1918189911992069,0.0210075436133564,-0.0128087950530247,-0.0412018912430542,0.0723795810030885,0.0911682715157418,16.48369797997057,0.0721257819791291,0.0152410523394843,-0.1588715412733402,0.4094586501025408,0.0532763160317331,-0.0412018912430542,0.0124082712057757,-0.047563038591537,0.0735844149759317,-0.0911682715157418,1.6964613155576096,-13.090775348855352,0.1040233406760319,-0.0721257819791291,True
maricopa,direct,150.0,468.8053910407982,0.3199621908506297,553132,47512.0,FORWARD_2025,,grid,True,OK,,0.2728372431148458,0.8111236000420965,0.1888763999579034,0.2523840565612034,144482.14634464236,0.1800765550594099,1.0371782992630338,1.0941865624439282,1.0401983322065929,16.98393048974848,0.5142544288277036,1.0519018619485854,0.0189308732097732,0.929558368523184,2.53327336909622,-0.1032854845384608,0.1736429249817655,0.1907099477240898,0.0288210720809671,-0.0237943705576908,-0.042576345326202,0.078902183007086,0.0943110550148575,17.32051003350918,0.0728636381167003,0.0080805465380207,-0.1599805847484573,0.4136474653884143,0.0519018619485853,-0.042576345326202,0.0189308732097732,-0.0410404365875395,0.0704416314768159,-0.0943110550148575,2.53327336909622,-12.253963295316742,0.1032854845384608,-0.0728636381167003,True
maricopa,surrogate,0.001,0.0031253692736053,0.3199621908506297,553132,47512.0,FORWARD_2025,,grid,True,OK,,0.297129146761051,0.8397662390448063,0.1602337609551937,0.2324609891817157,117009.7950511296,0.1506112275992574,1.0134540540307584,1.056211564521295,0.9649954653834222,14.799350360358968,0.4472816676744161,1.0945248992456456,-0.0597695783030797,0.8351489550825233,-14.458823651745393,-0.1760421074977355,0.1647189014257516,0.3503617752481291,9.791073803666615e-05,-0.0008134548545016,-0.000363480642225,-0.000333795071088,0.0007150556637337,0.119710799877545,0.0001995576004451,0.0001527978799215,-0.0002238550023881,0.0011322952511485,0.0945248992456455,-0.000363480642225,0.0597695783030797,0.000333795071088,0.1648510449174767,-0.0007150556637337,14.458823651745393,-0.119710799877545,0.1760421074977355,-0.0001995576004451,True
maricopa,surrogate,0.0014512854854972,0.0045358030636024,0.3199621908506297,553132,47512.0,FORWARD_2025,,grid,True,OK,,0.2993159492884178,0.8401534629338752,0.1598465370661248,0.2321799345019494,116827.76608212494,0.1504722901211727,1.0140057032022909,1.0564144154332145,0.9653431965376834,14.773465356248416,0.4473054024438815,1.0943407683631776,-0.0597540489234289,0.8356232607717222,-14.35119879914376,-0.175703014757613,0.1652633711909797,0.3496597817715184,-0.0002893131510322,0.0013733476728651,-0.0005476115246929,-0.0003182656914372,0.0011893613529326,0.2273356524791783,0.0005386503405677,0.0006972676451496,-0.0009258484789988,0.0030563166789626,0.0943407683631776,-0.0005476115246929,0.0597540489234289,0.0003182656914372,0.1643767392282777,-0.0011893613529326,14.35119879914376,-0.2273356524791783,0.175703014757613,-0.0005386503405677,True
maricopa,surrogate,0.0021062295604149,0.00658274515128,0.3199621908506297,553132,47512.0,FORWARD_2025,,grid,True,OK,,0.2984590590798777,0.8397839671456961,0.1602160328543039,0.2324481292018985,116652.91916052275,0.1504909707061755,1.014057313825771,1.0565619529160002,0.9659525301234946,14.77308307598977,0.4483370058399472,1.093803183869627,-0.0591321079555616,0.8365184226141111,-14.133606757409249,-0.175256454674266,0.1649416689099705,0.3488186333272485,8.018263714684726e-05,0.0005164574643249,-0.0010851960182436,0.00030367527643,0.0020845231953215,0.444927694213689,0.0009852104239146,0.0003755653641403,-0.0017669969232688,0.0055901107344046,0.0938031838696269,-0.0010851960182436,0.0591321079555616,-0.00030367527643,0.1634815773858888,-0.0020845231953215,14.133606757409249,-0.444927694213689,0.175256454674266,-0.0009852104239146,True
maricopa,surrogate,0.0030567403901553,0.0095534424927798,0.3199621908506297,553132,47512.0,FORWARD_2025,,grid,True,OK,,0.2983815770539124,0.8395116212905012,0.1604883787094987,0.2326456106998274,116851.89616718654,0.1505268764993449,1.0141241400785783,1.0564458907568688,0.965626011540442,14.777652445721582,0.4479435710366937,1.0940528508252838,-0.0593673441454088,0.8359980134578189,-14.317743846096205,-0.1756527252454748,0.164463180361773,0.3495003487379839,0.0003525284923417,0.0004389754383596,-0.0008355290625867,6.843908658279302e-05,0.0015641140390293,0.2607906055267346,0.0005889398527058,-0.0001029231840571,-0.0010852815125333,0.0033416607382696,0.0940528508252838,-0.0008355290625867,0.0593673441454088,-6.843908658279302e-05,0.1640019865421811,-0.0015641140390293,14.317743846096205,-0.2607906055267346,0.1756527252454748,-0.0005889398527058,True
maricopa,surrogate,0.0044362029611655,0.0138647724263038,0.3199621908506297,553132,47512.0,FORWARD_2025,,grid,True,OK,,0.29871353955994,0.840214777226879,0.159785222773121,0.2321354001810279,116731.20666312352,0.150512510925201,1.014069444645389,1.056648256830815,0.9663287832348384,14.774538291967204,0.4519752108014888,1.0934666080147455,-0.058261197028498,0.8372573072114275,-14.312825185031912,-0.174417786343239,0.1649780710472394,0.347301521471034,-0.000350627444036,0.0007709379443873,-0.0014217718731248,0.0011745862034935,0.002823407792638,0.2657092665910259,0.0018238787549416,0.0004119675014093,-0.0032841087794832,0.0103487376491002,0.0934666080147457,-0.0014217718731248,0.058261197028498,-0.0011745862034935,0.1627426927885724,-0.002823407792638,14.312825185031912,-0.2657092665910259,0.174417786343239,-0.0018238787549416,True
maricopa,surrogate,0.0064381969682594,0.0201217429820169,0.3199621908506297,553132,47512.0,FORWARD_2025,,grid,True,OK,,0.2994768997184186,0.8396832633500888,0.1603167366499111,0.2325211703679163,116868.83231895752,0.1507821052609317,1.0143780868384602,1.0569487168693117,0.9664515138269414,14.7943365242585,0.4506417014692154,1.0936386375805036,-0.058495384604112,0.8367726537186909,-14.243361204646597,-0.1748248698605845,0.1636118315317115,0.3483724638092777,0.000180886432754,0.0015342981028658,-0.0012497423073669,0.0009403986278795,0.0023387542999013,0.3351732469763426,0.0014167952375961,-0.0009542720141186,-0.0022131664412395,0.0080389347025682,0.0936386375805036,-0.0012497423073669,0.058495384604112,-0.0009403986278795,0.163227346281309,-0.0023387542999013,14.243361204646597,-0.3351732469763426,0.1748248698605845,-0.0014167952375961,True
maricopa,surrogate,0.0093436618128071,0.0292023935327067,0.3199621908506297,553132,47512.0,FORWARD_2025,,grid,True,OK,,0.2993841000311015,0.8400476323184352,0.1599523676815648,0.2322567822087089,116904.44178000795,0.1509956177640943,1.014539845510364,1.0573122207476913,0.9675230932415784,14.814390624646794,0.4573980860915637,1.0928030846326204,-0.0568456680396502,0.8387475266326878,-13.899458546883324,-0.1733225301822474,0.1652729812456818,0.3447535551344726,-0.0001834825355922,0.0014414984155487,-0.0020852952552501,0.0025901151923413,0.0043136272138982,0.679075904739614,0.0029191349159332,0.0007068776998517,-0.0058320751160447,0.0165632508879615,0.0928030846326204,-0.0020852952552501,0.0568456680396502,-0.0025901151923413,0.1612524733673122,-0.0043136272138982,13.899458546883324,-0.679075904739614,0.1733225301822474,-0.0029191349159332,True
maricopa,surrogate,0.0135603207703216,0.0423810098757952,0.3199621908506297,553132,47512.0,FORWARD_2025,,grid,True,OK,,0.2995990247868816,0.8398758045489548,0.1601241954510452,0.2323814988771599,117012.6692807522,0.1511126418933679,1.0148557640415563,1.0578007270292575,0.9680642694995336,14.81674773756228,0.4545485277929383,1.0926967974720474,-0.0566382314409588,0.8390648029271782,-13.838766130347372,-0.1727862147509044,0.165080683781007,0.3426631177183174,-1.165476611186822e-05,0.0016564231713288,-0.0021915824158231,0.0027975517910328,0.0046309035083886,0.7397683212755641,0.0034554503472762,0.0005145802351769,-0.0079225125321998,0.0196063192284939,0.0926967974720474,-0.0021915824158231,0.0566382314409588,-0.0027975517910328,0.1609351970728217,-0.0046309035083886,13.838766130347372,-0.7397683212755641,0.1727862147509044,-0.0034554503472762,True
maricopa,surrogate,0.0196798967126543,0.0615069444934561,0.3199621908506297,553132,47512.0,FORWARD_2025,,grid,True,OK,,0.3016706429463768,0.8393968201744297,0.1606031798255702,0.2327288042664542,117310.07402661828,0.1517681875116504,1.015962518289402,1.0589133556129886,0.969568002959338,14.858015364051395,0.4547104864053939,1.092149650546376,-0.0555671884414258,0.8402827268633326,-13.705323598640067,-0.171640525311664,0.1645841442775397,0.3391138186876805,0.0004673296084131,0.003728041330824,-0.0027387293414944,0.0038685947905657,0.005848827444543,0.8732108529828686,0.0046011397865166,1.8040731709634272e-05,-0.0114718115628368,0.0261069922594832,0.0921496505463761,-0.0027387293414944,0.0555671884414258,-0.0038685947905657,0.1597172731366674,-0.005848827444543,13.705323598640067,-0.8732108529828686,0.171640525311664,-0.0046011397865166,True
maricopa,surrogate,0.0285611484551597,0.0892641358006362,0.3199621908506297,553132,47512.0,FORWARD_2025,,grid,True,OK,,0.3026087135944131,0.8395415914333475,0.1604584085666525,0.232623887171354,117325.93631541153,0.1520504795305246,1.0156516309928223,1.0593215180844089,0.9710132667000876,14.891024981084913,0.4608212994251925,1.090944433421008,-0.0533377130330215,0.8428119183338434,-13.200244290664068,-0.1695836463098131,0.1652070383461692,0.3349791625758427,0.0003225583494954,0.0046661119788603,-0.0039439464668626,0.00609807019897,0.0083780189150538,1.3782901609588691,0.0066580187883675,0.0006409348003391,-0.0156064676746745,0.0377777796451167,0.0909444334210078,-0.0039439464668626,0.0533377130330215,-0.00609807019897,0.1571880816661566,-0.0083780189150538,13.200244290664068,-1.3782901609588691,0.1695836463098131,-0.0066580187883675,True
maricopa,surrogate,0.0414503802021047,0.1295477446629164,0.3199621908506297,553132,47512.0,FORWARD_2025,,grid,True,OK,,0.3063985496054154,0.8393347896718455,0.1606652103281544,0.2327737438841852,117306.08646079952,0.1521978318261915,1.015818513860844,1.0591481889738277,0.971786938763324,14.903662709535771,0.4541670597663188,1.0898975348667244,-0.0522825064395218,0.8451294080155146,-13.056869791118888,-0.1677293438412198,0.1649661321700188,0.3304095210977139,0.0005293601109974,0.0084559479898627,-0.0049908450211462,0.0071532767924698,0.010695508596725,1.5216646605040491,0.0085123212569608,0.0004000286241887,-0.0201761091528034,0.0482991422727357,0.0898975348667243,-0.0049908450211462,0.0522825064395218,-0.0071532767924698,0.1548705919844853,-0.010695508596725,13.056869791118888,-1.5216646605040491,0.1677293438412198,-0.0085123212569608,True
maricopa,surrogate,0.060156335155656,0.1880107615081909,0.3199621908506297,553132,47512.0,FORWARD_2025,,grid,True,OK,,0.3066272751255291,0.8389802207127055,0.1610197792872945,0.2330304542766494,117586.90373916444,0.1528171976345197,1.017021765298519,1.0606114571147722,0.9742178391936522,14.93604228383003,0.4576882449712791,1.0886799794105877,-0.0492025574530262,0.8478991426913004,-12.13064545821,-0.1646587166048106,0.1647200759154318,0.3218670315993422,0.0008839290701374,0.0086846735099763,-0.0062084004772831,0.0102332257789653,0.0134652432725108,2.4478889934129384,0.01158294849337,0.0001539723696017,-0.028718598651175,0.0657219647063448,0.0886799794105874,-0.0062084004772831,0.0492025574530262,-0.0102332257789653,0.1521008573086996,-0.0134652432725108,12.13064545821,-2.4478889934129384,0.1646587166048106,-0.01158294849337,True
maricopa,surrogate,0.0873040160721099,0.2728572892941174,0.3199621908506297,553132,47512.0,FORWARD_2025,,"grid,activity",True,OK,,0.3078628789839178,0.8387783145465332,0.1612216854534668,0.2331765094561161,117990.45781411404,0.1536259803171484,1.018342056418827,1.0620155407348002,0.9768088408340896,14.98376049987449,0.4571688141228621,1.087229656754492,-0.0466664341683657,0.850964076834822,-11.869621741062073,-0.1617403144014307,0.1641194364284462,0.3149156709853528,0.0010858352363097,0.009920277368365,-0.0076587231333786,0.0127693490636259,0.0165301774160324,2.708912710560865,0.0145013506967499,-0.0004466671173838,-0.0356699592651645,0.082281058163355,0.0872296567544919,-0.0076587231333786,0.0466664341683657,-0.0127693490636259,0.149035923165178,-0.0165301774160324,11.869621741062073,-2.708912710560865,0.1617403144014307,-0.0145013506967499,True
maricopa,surrogate,0.1267030513510693,0.3959938235646694,0.3199621908506297,553132,47512.0,FORWARD_2025,,grid,True,OK,,0.310512866592324,0.839193680237089,0.160806319762911,0.2328759419965898,117597.63363263504,0.152938551709402,1.0139934864698985,1.058715191621905,0.9747391572504231,15.018676240859936,0.4540102858997284,1.0861523144390384,-0.0455470255402873,0.8532927556839284,-11.544354332137722,-0.1599332350925449,0.1648398733527518,0.3135209805764737,0.0006704695457539,0.0125702649767712,-0.0087360654488322,0.0138887576917043,0.0188588562651388,3.034180119485216,0.0163084300056358,0.0002737698069217,-0.0370646496740436,0.0925344752987366,0.0861523144390383,-0.0087360654488322,0.0455470255402873,-0.0138887576917043,0.1467072443160716,-0.0188588562651388,11.544354332137722,-3.034180119485216,0.1599332350925449,-0.0163084300056358,True
maricopa,surrogate,0.1838822993940162,0.5747000884859529,0.3199621908506297,553132,47512.0,FORWARD_2025,,grid,True,OK,,0.3075738309785663,0.8388860267758805,0.1611139732241194,0.2330986038133654,117864.23221714092,0.1534913156221933,1.013954375088566,1.059122582775263,0.976195473701498,15.07660090058799,0.4585710767570599,1.08494928660069,-0.0424219497428392,0.8560182399952947,-11.0351493273962,-0.1568288932187498,0.166393873625835,0.3051400894846789,0.0009781230069623,0.0096312293630135,-0.0099390932871805,0.0170138334891523,0.0215843405765051,3.543385124226738,0.0194127718794308,0.0018277700800048,-0.0454455407658383,0.1101485955016164,0.08494928660069,-0.0099390932871805,0.0424219497428392,-0.0170138334891523,0.1439817600047053,-0.0215843405765051,11.0351493273962,-3.543385124226738,0.1568288932187498,-0.0194127718794308,True
maricopa,surrogate,0.2668657121503905,0.834053896933633,0.3199621908506297,553132,47512.0,FORWARD_2025,,"grid,guardrail",True,OK,,0.3094946917637976,0.8374368230339596,0.1625631769660404,0.2341446059811938,118444.34952409368,0.1547208302826498,1.0148391650712072,1.059688549954488,0.9780932241800268,15.177347530517505,0.4582285308409538,1.0834228514800988,-0.0384872967566354,0.8593706230376775,-9.668841316112823,-0.1529053137402871,0.1647119195159591,0.2913215546996791,0.0024273267488833,0.0115520901482448,-0.0114655284077718,0.0209484864753561,0.0249367236188879,4.909693135510114,0.0233363513578935,0.0001458159701289,-0.0592640755508381,0.132411092149483,0.0834228514800987,-0.0114655284077718,0.0384872967566354,-0.0209484864753561,0.1406293769623224,-0.0249367236188879,9.668841316112823,-4.909693135510114,0.1529053137402871,-0.0233363513578935,True
maricopa,surrogate,0.3872983346207417,1.2104503147421783,0.3199621908506297,553132,47512.0,FORWARD_2025,,grid,True,OK,,0.3093670280873816,0.8359179678551527,0.1640820321448473,0.2352358891679661,118932.20959162846,0.1560055257336069,1.014252881943705,1.0599284785025256,0.9789223801096806,15.317826805751904,0.4666405500757508,1.0827502772832396,-0.0353755237444155,0.8610587109642359,-8.662837546803276,-0.1504797121341929,0.1632722220454956,0.2826450954978631,0.0039461819276902,0.0114244264718288,-0.0121381026046309,0.024060259487576,0.0266248115454463,5.9156969048196615,0.0257619529639877,-0.0012938815003345,-0.0679405347526542,0.1461740216176251,0.0827502772832395,-0.0121381026046309,0.0353755237444155,-0.024060259487576,0.138941289035764,-0.0266248115454463,8.662837546803276,-5.9156969048196615,0.1504797121341929,-0.0257619529639877,True
maricopa,surrogate,0.5620804515923291,1.756708972700869,0.3199621908506297,553132,47512.0,FORWARD_2025,,grid,True,OK,,0.3059944466614146,0.8339543309408383,0.1660456690591617,0.2366392850409939,119970.11858750512,0.1576004986454746,1.0153851232702769,1.0604823590428176,0.9809209363366612,15.447362825583438,0.4587660015403091,1.0811089046618638,-0.0313606274405519,0.8645704894022125,-7.021996105456245,-0.1457624023422595,0.1609767421013044,0.2656415130512247,0.0059098188420046,0.0080518450458618,-0.0137794752260067,0.0280751557914397,0.0301365899834229,7.556538346166692,0.0304792627559211,-0.0035893614445256,-0.0849441171992925,0.1729401656466521,0.0811089046618638,-0.0137794752260067,0.0313606274405519,-0.0280751557914397,0.1354295105977875,-0.0301365899834229,7.021996105456245,-7.556538346166692,0.1457624023422595,-0.0304792627559211,True
maricopa,surrogate,0.8157392010776716,2.549486234323508,0.3199621908506297,553132,47512.0,FORWARD_2025,,grid,True,OK,,0.3021875075903517,0.8322078540501829,0.1677921459498171,0.2378805218183028,120676.89126991904,0.1590853358973352,1.0161457316735478,1.060580941686915,0.9825147490361872,15.576648581204136,0.4669182825908378,1.0794554918664665,-0.0258179535153316,0.8685037413353107,-5.024553037756131,-0.1405150987713544,0.1599859087165696,0.2471595665046041,0.00765629573266,0.0042449059747989,-0.0154328880214043,0.03361782971666,0.0340698419165211,9.553981413866808,0.0357265663268262,-0.0045801948292605,-0.1034260637459131,0.2027135087887628,0.0794554918664662,-0.0154328880214043,0.0258179535153316,-0.03361782971666,0.1314962586646892,-0.0340698419165211,5.024553037756131,-9.553981413866808,0.1405150987713544,-0.0357265663268262,True
maricopa,surrogate,1.1838704624751253,3.7000323673486784,0.3199621908506297,553132,47512.0,FORWARD_2025,,grid,True,OK,,0.2987017813374611,0.8292081418597197,0.1707918581402803,0.2399974625606912,121632.91042436284,0.1611314240968001,1.016378518817686,1.060643018290933,0.9835952059809504,15.773871080506268,0.4768508066345435,1.0783328465221036,-0.0204117913039539,0.8710553126028225,-3.852634608830019,-0.1357761982182317,0.156955085623726,0.2293496650829831,0.0106560079231232,0.0007591797219084,-0.0165555333657669,0.0390239919280376,0.036621413184033,10.725899842792918,0.0404654668799489,-0.007611017922104,-0.1212359651675341,0.2296021593838578,0.0783328465221036,-0.0165555333657669,0.0204117913039539,-0.0390239919280376,0.1289446873971774,-0.036621413184033,3.852634608830019,-10.725899842792918,0.1357761982182317,-0.0404654668799489,True
maricopa,surrogate,1.7181340188990342,5.369803270603066,0.3199621908506297,553132,47512.0,FORWARD_2025,,grid,True,OK,,0.2985294533567368,0.8263643837778487,0.1736356162221513,0.2419872446897009,122786.9982015566,0.1634521852942212,1.0161321369330354,1.0603613305392157,0.9843702050097994,16.008890949032523,0.4779148158719335,1.0771977099090069,-0.0152484106931217,0.874213156511511,-2.0549826426009394,-0.1305136564163389,0.1552698118202567,0.2103326811404512,0.0134997660049942,0.0005868517411841,-0.0176906699788637,0.0441873725388698,0.0397792570927214,12.523551809022,0.0457280086818417,-0.0092962917255733,-0.140252949110066,0.2594619646629396,0.0771977099090068,-0.0176906699788637,0.0152484106931217,-0.0441873725388698,0.125786843488489,-0.0397792570927214,2.0549826426009394,-12.523551809022,0.1305136564163389,-0.0457280086818417,True
maricopa,surrogate,2.4935029637671797,7.793117546601746,0.3199621908506297,553132,47512.0,FORWARD_2025,,grid,True,OK,,0.2964399983441135,0.8230967877407553,0.1769032122592446,0.2442535743520494,123587.25334211937,0.1653091398627882,1.0167983990765042,1.0593163499333924,0.9848758084935232,16.179333134712603,0.4695913355484352,1.0755836835445622,-0.0103667959919594,0.8778732903696578,-0.1026561624582494,-0.1243989547562479,0.1534349596903185,0.1904985407849777,0.0167673620420876,-0.0015026032714392,-0.0193046963433083,0.0490689872400322,0.0434393909508682,14.475878289164688,0.0518427103419327,-0.0111311438555115,-0.1600870894655395,0.2941569481487378,0.0755836835445622,-0.0193046963433083,0.0103667959919594,-0.0490689872400322,0.1221267096303422,-0.0434393909508682,0.1026561624582494,-14.475878289164688,0.1243989547562479,-0.0518427103419327,True
maricopa,surrogate,3.618784659359615,11.310038382156842,0.3199621908506297,553132,47512.0,FORWARD_2025,,grid,True,OK,,0.2971702146481764,0.8182369881801417,0.1817630118198582,0.2475858518074183,125426.73331831496,0.1696623676089758,1.0179946776698676,1.059541142939778,0.9859542936011552,16.579641925085184,0.4809242440461213,1.0746351527816265,-0.0039390671648831,0.8802473076817573,1.7653677599906228,-0.118729188904361,0.1499744388392155,0.1741314439837183,0.0216271616027012,-0.0007723869673763,-0.0202532271062441,0.0554967160671084,0.0458134082629677,16.34390221161356,0.0575124761938196,-0.0145916647066145,-0.1764541862667989,0.3263273537604211,0.0746351527816264,-0.0202532271062441,0.0039390671648831,-0.0554967160671084,0.1197526923182427,-0.0458134082629677,1.7653677599906228,-12.813166691632317,0.118729188904361,-0.0575124761938196,True
maricopa,surrogate,5.2518896512686215,16.414094544440715,0.3199621908506297,553132,47512.0,FORWARD_2025,,grid,True,OK,,0.2972535659657823,0.8134312850341812,0.1865687149658188,0.2508375085097464,127055.44338851936,0.1734694599166148,1.0189639407073772,1.0596599431480536,0.9868304392606784,16.930974155239547,0.4747838985459031,1.0738014363865167,0.0002624437758265,0.8826147673438253,3.865819526227705,-0.1135505253728962,0.1497211174324557,0.1616549731118901,0.0264328647486617,-0.0006890356497704,-0.0210869435013538,0.0596982270078182,0.0481808679250357,18.444353977850643,0.0626911397252845,-0.0148449861133743,-0.1889306571386272,0.3557112314523386,0.0738014363865167,-0.0210869435013538,0.0002624437758265,-0.059173339456165,0.1173852326561747,-0.0481808679250357,3.865819526227705,-10.712714925395233,0.1135505253728962,-0.0626911397252845,True
maricopa,surrogate,7.621991222319222,23.821537169925964,0.3199621908506297,553132,47512.0,FORWARD_2025,,grid,True,OK,,0.2964649014216726,0.8068510166977706,0.1931489833022293,0.2552226898680985,129179.24709488104,0.1779665723938997,1.0202325036980606,1.0598392068101974,0.9882740628246104,17.34204877785488,0.4876643736862666,1.072414269156316,0.0064348993654405,0.8858542758368687,5.033309256385562,-0.1087923071882823,0.1486450494231315,0.1547500498080483,0.0330131330850723,-0.0014777001938801,-0.0224741107315546,0.0658706825974321,0.0514203764180791,19.6118437080085,0.0674493579098983,-0.0159210541226985,-0.195835580442469,0.3827094908137851,0.0724142691563158,-0.0224741107315546,0.0064348993654405,-0.0530008838665511,0.1141457241631312,-0.0514203764180791,5.033309256385562,-9.545225195237377,0.1087923071882823,-0.0674493579098983,True
maricopa,surrogate,11.061685231539125,34.571851136946144,0.3199621908506297,553132,47512.0,FORWARD_2025,,grid,True,OK,,0.2966499218167091,0.8015000191228563,0.1984999808771436,0.2587338809755244,130651.323280623,0.1817063524649504,1.020323102700647,1.058906899888141,0.9885486275990032,17.706983990594146,0.4865930121610726,1.0711733043017062,0.0119566214782416,0.8892234048708395,7.679056670562897,-0.1026520013536776,0.1499191681225825,0.1500382894083935,0.0383641306599865,-0.0012926797988436,-0.0237150755861643,0.0713924047102333,0.0547895054520499,22.25759112218584,0.073589663744503,-0.0146469354232475,-0.2005473408421237,0.4175497530819837,0.0711733043017062,-0.0237150755861643,0.0119566214782416,-0.0474791617537499,0.1107765951291605,-0.0547895054520499,7.679056670562897,-6.899477781060041,0.1026520013536776,-0.073589663744503,True
maricopa,surrogate,16.05366322167172,50.17362576182061,0.3199621908506297,553132,47512.0,FORWARD_2025,,grid,True,OK,,0.2978646779000659,0.7961189173247825,0.2038810826752175,0.2622174163151075,132057.87172085533,0.1852146208866348,1.020853521325655,1.0581039309204825,0.9883897978244326,18.040314714944987,0.4882380284560004,1.0705330359029397,0.0156558991941949,0.8910326119668376,7.991040754775754,-0.0990966363874264,0.150333606582832,0.151343593992262,0.0437452324580605,-7.792371548687171e-05,-0.0243553439849308,0.0750916824261866,0.056598712548048,22.56957520639869,0.0771450287107543,-0.014232496962998,-0.1992420362582553,0.4377229905753463,0.0705330359029396,-0.0243553439849308,0.0156558991941949,-0.0437798840377966,0.1089673880331624,-0.056598712548048,7.991040754775754,-6.587493696847184,0.0990966363874264,-0.0771450287107543,True
maricopa,surrogate,23.298448422672752,72.8162548228998,0.3199621908506297,553132,47512.0,FORWARD_2025,,grid,True,OK,,0.2981084464034322,0.7901047632093889,0.209895236790611,0.2660567978935576,133842.31312363365,0.1888685312379237,1.0218468870108823,1.0579538196108342,0.9890336837250056,18.377512171653773,0.4820624303693999,1.0696843161359824,0.0194367009088336,0.8932341523439099,9.424661034767016,-0.0952750048110991,0.1502951592213694,0.1539074308017904,0.0497593865734539,0.0001658447878795,-0.0252040637518882,0.0788724841408252,0.0588002529251203,24.003195486389952,0.0809666602870815,-0.0142709443244606,-0.1966781994487268,0.4594070320544049,0.0696843161359823,-0.0252040637518882,0.0194367009088336,-0.039999082323158,0.1067658476560901,-0.0588002529251203,9.424661034767016,-5.153873416855923,0.0952750048110991,-0.0809666602870815,True
maricopa,surrogate,33.81270003043063,105.67717373274162,0.3199621908506297,553132,47512.0,FORWARD_2025,,grid,True,OK,,0.2974501531031742,0.7863712122495289,0.2136287877504711,0.2684126354846375,134769.1165381809,0.1910770859089291,1.02043935286179,1.0559873616925357,0.988546202729584,18.62786014055788,0.4903554395551106,1.0682225664078546,0.0243906583045244,0.897038493103706,10.634015691581595,-0.0900288342742884,0.1534965837079581,0.1560071768693074,0.053492937533314,-0.0004924485123785,-0.0266658134800159,0.0838264415365161,0.0626045936849164,25.21255014320453,0.0862128308238922,-0.0110695198378719,-0.1945784533812099,0.4891739463302552,0.0682225664078546,-0.0266658134800159,0.0243906583045244,-0.0350451249274671,0.102961506896294,-0.0626045936849164,10.634015691581595,-3.944518760041341,0.0900288342742884,-0.0862128308238922,True
maricopa,surrogate,49.071880779635485,153.3677483866963,0.3199621908506297,553132,47512.0,FORWARD_2025,,grid,True,OK,,0.2958123410667509,0.7831568277405689,0.216843172259431,0.2704244432956192,135371.65511378727,0.192571548656657,1.0187991369811025,1.0539105752313858,0.9870771092984232,18.82433996612174,0.4865777987782965,1.067708454895145,0.0262223664550336,0.8983013618153136,10.77763396566402,-0.0882205083129796,0.1544802818825195,0.1595928234936232,0.0567073220422739,-0.0021302605488018,-0.0271799249927255,0.0856581496870252,0.063867462396524,25.35616841728696,0.088021156785201,-0.0100858216633105,-0.1909928067568941,0.4994344370053823,0.0677084548951449,-0.0271799249927255,0.0262223664550336,-0.033213416776958,0.1016986381846863,-0.063867462396524,10.77763396566402,-3.800900485958918,0.0882205083129796,-0.088021156785201,True
maricopa,surrogate,71.21730832153513,222.58038717700245,0.3199621908506297,553132,47512.0,FORWARD_2025,,grid,True,OK,,0.2957295108418011,0.7804975547881707,0.2195024452118293,0.2720775759095206,135802.412856322,0.1937857457204804,1.016035105864152,1.0504444666696775,0.984658443554164,19.019543704221388,0.4922017787534983,1.066811007965418,0.0293922500032927,0.9003022268411757,11.4745448922499,-0.0852383001721483,0.1542388050977406,0.1612649320825273,0.0593665949946722,-0.0022130907737516,-0.0280773719224525,0.0888280332352843,0.0658683274223861,26.05307934387284,0.0910033649260323,-0.0103272984480894,-0.18932069816799,0.5163555670864559,0.066811007965418,-0.0280773719224525,0.0293922500032927,-0.0300435332286989,0.0996977731588243,-0.0658683274223861,11.4745448922499,-3.103989559373037,0.0852383001721483,-0.0910033649260323,True
maricopa,surrogate,103.35664588322452,323.0276852663358,0.3199621908506297,553132,47512.0,FORWARD_2025,,grid,True,OK,,0.2965723365354156,0.7778066624894151,0.2221933375105849,0.273740202702251,136504.40129707142,0.1955670103486311,1.0170994450946051,1.051552575948195,0.9865162808208128,19.16656120787016,0.4928622282791196,1.0659252121751803,0.0318257960244172,0.9026080057897014,11.992273163947386,-0.0822749392849885,0.1559320919835398,0.1648756006470288,0.0620574872934278,-0.0013702650801371,-0.02896316771269,0.0912615792564088,0.0681741063709118,26.570807615570324,0.0939667258131921,-0.0086340115622903,-0.1857100296034884,0.5331697573377165,0.0659252121751805,-0.02896316771269,0.0318257960244172,-0.0276099872075744,0.0973919942102986,-0.0681741063709118,11.992273163947386,-2.5862612876755517,0.0822749392849885,-0.0939667258131921,True
maricopa,surrogate,150.0,468.8053910407982,0.3199621908506297,553132,47512.0,FORWARD_2025,,grid,True,OK,,0.2965086563105924,0.776986460819258,0.2230135391807419,0.274244977858723,136797.34409321597,0.1961781764932595,1.0177712203726408,1.0523101065378953,0.9864925959310744,19.205644706691665,0.4886806415775018,1.06671870714316,0.0307531783523836,0.9007346512515714,11.873621902706118,-0.0833292437865891,0.1551210783865657,0.1663912347355832,0.0628776889635849,-0.0014339453049603,-0.0281696727447107,0.0901889615843753,0.0663007518327818,26.452156354329052,0.0929124213115916,-0.0094450251592644,-0.1841943955149341,0.5271876049277675,0.0667187071431598,-0.0281696727447107,0.0307531783523836,-0.0286826048796079,0.0992653487484286,-0.0663007518327818,11.873621902706118,-2.70491254891682,0.0833292437865891,-0.0929124213115916,True
miami_dade,direct,0.0,0.0,0.53927142777508,140853,11909.0,FORWARD_2025,,"grid,baseline_rho0",True,OK,,0.7245652239271061,0.8352774231119381,0.1647225768880619,0.2832616760534575,232175.81685194312,0.1973611049913944,0.9838044566512318,1.055617597906526,0.947758091250734,19.996558028522504,0.4978315625150569,1.113804891407946,-0.0470609590498617,0.8834894850207794,-13.471352549995752,-0.1589252685791278,0.1625076505857386,0.3353048106476914,0.0,0.0,0.0,0.0,0.0,0.0,0.0,0.0,0.0,0.0,0.1138048914079459,0.0,0.0470609590498617,0.0,0.1165105149792206,0.0,13.471352549995752,0.0,0.1589252685791278,0.0,True
miami_dade,direct,0.001,0.0018543537604537,0.53927142777508,140853,11909.0,FORWARD_2025,,grid,True,OK,,0.7170023373335839,0.8349626899488336,0.1650373100511663,0.2835321590082191,233303.23118329173,0.1977153951747944,0.983478545646978,1.0561579828871552,0.9478989039460288,20.03575706328168,0.4975842831388228,1.114209520119131,-0.0475868641535672,0.8830435436072843,-13.37300761240731,-0.1593389625354785,0.1619804077824247,0.3352941102780831,0.0003147331631044,-0.0075628865935222,0.0004046287111854,-0.0005259051037055,-0.000445941413495,0.0983449375884415,-0.0004136939563507,-0.0005272428033139,-1.070036960831855e-05,-0.0026030722492988,0.1142095201191313,0.0004046287111854,0.0475868641535672,0.0005259051037055,0.1169564563927156,0.000445941413495,13.37300761240731,-0.0983449375884415,0.1593389625354785,0.0004136939563507,True
miami_dade,direct,0.0014512854854972,0.0026911966975237,0.53927142777508,140853,11909.0,FORWARD_2025,,grid,True,OK,,0.7371011891059622,0.8351327173530326,0.1648672826469674,0.283386068830624,232170.51401476067,0.1975561892606126,0.9852988111681348,1.0566671984807687,0.9514087756638986,19.99242298216206,0.4975831678417545,1.110634277830179,-0.0461444590576967,0.8871711271699524,-13.011021983478946,-0.1578473554112828,0.1616278281291871,0.3336569774045082,0.0001447057589054,0.0125359651788561,-0.0031706135777669,0.0009164999921649,0.0036816421491729,0.4603305665168058,0.001077913167845,-0.0008798224565514,-0.0016478332431831,0.006782515942758,0.1106342778301789,-0.0031706135777669,0.0461444590576967,-0.0009164999921649,0.1128288728300476,-0.0036816421491729,13.011021983478946,-0.4603305665168058,0.1578473554112828,-0.001077913167845,True
miami_dade,direct,0.0021062295604149,0.0039056947057343,0.53927142777508,140853,11909.0,FORWARD_2025,,grid,True,OK,,0.7252650878517882,0.8353070467155358,0.1646929532844642,0.2832362041082428,231726.2024882063,0.197357367704556,0.9844259267183308,1.0562711796904,0.9491091030053466,19.988115971061127,0.498773582949768,1.1129080696262692,-0.0469424849056208,0.8845737727707021,-13.463615461508285,-0.1587514174341296,0.1622546667365794,0.3346086927537449,-2.9623603597705998e-05,0.0006998639246821,-0.0008968217816767,0.0001184741442409,0.0010842877499227,0.0077370884874685,0.0001738511449981,-0.0002529838491592,-0.0006961178939464,0.0010939175786991,0.1129080696262692,-0.0008968217816767,0.0469424849056208,-0.0001184741442409,0.1154262272292978,-0.0010842877499227,13.463615461508285,-0.0077370884874685,0.1587514174341296,-0.0001738511449981,True
miami_dade,direct,0.0030567403901553,0.0056682780372155,0.53927142777508,140853,11909.0,FORWARD_2025,,grid,True,OK,,0.7260462846449479,0.8353698655773065,0.1646301344226935,0.2831821815390332,232532.56649204757,0.1972216351206406,0.9847243367454888,1.056181152509144,0.9495634287098668,19.96542857962689,0.4958685027016466,1.1122807814367226,-0.0475548262359639,0.8851648787181154,-13.577836797877287,-0.1589582490860243,0.1619382379645133,0.3352342286721376,-9.24424653684086e-05,0.0014810607178418,-0.0015241099712233,-0.0004938671861022,0.001675393697336,-0.1064842478815357,-3.298050689645726e-05,-0.0005694126212253,-7.058197555376289e-05,-0.0002075221089214,0.1122807814367226,-0.0015241099712233,0.0475548262359639,0.0004938671861022,0.1148351212818845,-0.001675393697336,13.577836797877287,0.1064842478815357,0.1589582490860243,3.298050689645726e-05,True
miami_dade,direct,0.0044362029611655,0.0082262896431736,0.53927142777508,140853,11909.0,FORWARD_2025,,grid,True,OK,,0.7318694530749092,0.8350322006138855,0.1649677993861144,0.2834724434669812,232851.6599862645,0.197764148125571,0.98367242560236,1.0563260579883118,0.9502273214604948,20.03546744877612,0.5014613464778465,1.1116561628271682,-0.0455914141481645,0.8862698472074747,-12.67092890507256,-0.1577776840140826,0.1629277962310945,0.3328093453681786,0.0002452224980525,0.0073042291478031,-0.0021487285807777,0.0014695449016971,0.0027803621866953,0.8004236449231907,0.0011475845650452,0.0004201456453559,-0.0024954652795127,0.0072209068784669,0.1116561628271681,-0.0021487285807777,0.0455914141481645,-0.0014695449016971,0.1137301527925253,-0.0027803621866953,12.67092890507256,-0.8004236449231907,0.1577776840140826,-0.0011475845650452,True
miami_dade,direct,0.0064381969682594,0.0119386947586339,0.53927142777508,140853,11909.0,FORWARD_2025,,grid,True,OK,,0.7273655446310325,0.8349550643631465,0.1650449356368535,0.28353870926585,233051.98105570627,0.1978539396403797,0.9839827534941504,1.056518558978604,0.9495098727030732,20.03943019516541,0.4997302604976313,1.1126988663855568,-0.0461990364140241,0.8848437452470155,-13.25259371120733,-0.1585892081380356,0.1623181740362341,0.3349962799344099,0.0003223587487915,0.0028003207039264,-0.0011060250223891,0.0008619226358375,0.001354260226236,0.2187588387884211,0.0003360604410921,-0.0001894765495044,-0.0003085307132814,0.0021145815520511,0.1126988663855568,-0.0011060250223891,0.0461990364140241,-0.0008619226358375,0.1151562547529845,-0.001354260226236,13.25259371120733,-0.2187588387884211,0.1585892081380356,-0.0003360604410921,True
miami_dade,direct,0.0093436618128071,0.0173264544189872,0.53927142777508,140853,11909.0,FORWARD_2025,,grid,True,OK,,0.7297058691824257,0.8350537886164847,0.1649462113835152,0.2834538949863443,232760.4960196575,0.1975259865045749,0.9841303347018836,1.0568985459376623,0.9501572544850648,20.007417799215165,0.4985256124685434,1.1123406582949742,-0.0460223806026573,0.8854103072927384,-12.77212742090538,-0.1578689455695583,0.1636375174115587,0.3334040715190348,0.0002236344954533,0.0051406452553196,-0.0014642331129717,0.0010385784472043,0.0019208222719589,0.6992251290903724,0.0010563230095694,0.0011298668258201,-0.0019007391286565,0.0066466649326033,0.1123406582949742,-0.0014642331129717,0.0460223806026573,-0.0010385784472043,0.1145896927072616,-0.0019208222719589,12.77212742090538,-0.6992251290903724,0.1578689455695583,-0.0010563230095694,True
miami_dade,direct,0.0135603207703216,0.0251456318134054,0.53927142777508,140853,11909.0,FORWARD_2025,,grid,True,OK,,0.728092318328645,0.835199315468955,0.164800684531045,0.2833288261676803,232211.4317619764,0.1978593582506924,0.9858672572492924,1.0573655154485246,0.950222667143139,20.01372567779949,0.4995213295243844,1.1127555172173618,-0.045880149259952,0.8850614588573092,-12.608339966593231,-0.1575562061980286,0.1640884076844305,0.3306971128922887,7.810764298316064e-05,0.0035270944015388,-0.0010493741905841,0.0011808097899096,0.0015719738365298,0.8630125834025204,0.0013690623810992,0.0015807570986919,-0.0046076977554027,0.0086145041209577,0.1127555172173617,-0.0010493741905841,0.045880149259952,-0.0011808097899096,0.1149385411426907,-0.0015719738365298,12.608339966593231,-0.8630125834025204,0.1575562061980286,-0.0013690623810992,True
miami_dade,direct,0.0196798967126543,0.0364934904744525,0.53927142777508,140853,11909.0,FORWARD_2025,,grid,True,OK,,0.7231125736956687,0.8353318186144817,0.1646681813855183,0.2832149021571245,232495.91436792523,0.1974227864770008,0.9846011787893928,1.0564732026045875,0.9484875753148864,19.99304762986481,0.4981276457444541,1.1138503340477088,-0.047627289976759,0.8834351206859214,-13.057888955185,-0.1592136290196394,0.1631341609192611,0.3354673802050369,-5.439550254357495e-05,-0.0014526502314373,4.544263976291596e-05,-0.0005663309268973,-5.436433485794812e-05,0.4134635948107501,-0.0002883604405115,0.0006265103335225,0.0001625695573455,-0.0018144404794131,0.1138503340477088,4.544263976291596e-05,0.047627289976759,0.0005663309268973,0.1165648793140785,5.436433485794812e-05,13.057888955185,-0.4134635948107501,0.1592136290196394,0.0002883604405115,True
miami_dade,direct,0.0285611484551597,0.0529624730407041,0.53927142777508,140853,11909.0,FORWARD_2025,,grid,True,OK,,0.7326049918826174,0.8350682752846513,0.1649317247153486,0.2834414473143202,232053.0688430508,0.1976606599758986,0.9845490536636048,1.057097148442674,0.9503637366188916,20.01654949401899,0.5002737783161719,1.112307959269898,-0.0461314229206852,0.885432555890205,-12.500415385831472,-0.1582081630518516,0.1631500227843297,0.3328797686819482,0.0002091478272867,0.0080397679555113,-0.001496932138048,0.0009295361291764,0.0019430708694255,0.9709371641642796,0.0007171055272761,0.000642372198591,-0.0024250419657431,0.0045122184388136,0.1123079592698979,-0.001496932138048,0.0461314229206852,-0.0009295361291764,0.114567444109795,-0.0019430708694255,12.500415385831472,-0.9709371641642796,0.1582081630518516,-0.0007171055272761,True
miami_dade,direct,0.0414503802021047,0.0768636684000119,0.53927142777508,140853,11909.0,FORWARD_2025,,grid,True,OK,,0.721461019692296,0.8348721176344164,0.1651278823655836,0.2836099494226999,234184.5836201001,0.1982146563977569,0.9837995685061282,1.057599958891006,0.9516571037736862,20.083348192176476,0.5003838348831574,1.1113246091446338,-0.0449975585891243,0.886849792672394,-12.304544680946089,-0.1569480134027795,0.1649012690308716,0.3314095091177148,0.0004053054775216,-0.00310420423481,-0.002480282263312,0.0020634004607373,0.0033603076516146,1.1668078690496646,0.0019772551763482,0.002393618445133,-0.0038953015299766,0.0124414147229445,0.1113246091446338,-0.002480282263312,0.0449975585891243,-0.0020634004607373,0.1131502073276059,-0.0033603076516146,12.304544680946089,-1.1668078690496646,0.1569480134027795,-0.0019772551763482,True
miami_dade,direct,0.060156335155656,0.1115511263110088,0.53927142777508,140853,11909.0,FORWARD_2025,,grid,True,OK,,0.7216916779686207,0.8348307963070112,0.1651692036929888,0.2836454322447249,233680.14630287336,0.1980719359570842,0.9843326348781882,1.0577675785712173,0.9528061770004644,20.059932490768357,0.5003849272286202,1.1101602866400202,-0.0444270430126078,0.8882228686104241,-12.34414440152173,-0.1563774226199271,0.1647140638920317,0.3313686925393062,0.0004466268049268,-0.0028735459584854,-0.0036446047679257,0.0026339160372538,0.0047333835896447,1.127208148474022,0.0025478459592006,0.0022064133062931,-0.0039361181083852,0.0160317234759436,0.1101602866400202,-0.0036446047679257,0.0444270430126078,-0.0026339160372538,0.1117771313895759,-0.0047333835896447,12.34414440152173,-1.127208148474022,0.1563774226199271,-0.0025478459592006,True
miami_dade,direct,0.0873040160721099,0.1618925305060344,0.53927142777508,140853,11909.0,FORWARD_2025,,grid,True,OK,,0.7214219678844356,0.8347384461537052,0.1652615538462948,0.2837247177230868,233450.70777790068,0.1983358135671829,0.9853980162756087,1.058889655573227,0.9542296449153552,20.074244736277223,0.4997166565425362,1.109680108153793,-0.0432403574040075,0.8890827616267399,-11.868611480320205,-0.1548586514342411,0.1654667251389864,0.326112713551243,0.0005389769582328,-0.0031432560426705,-0.0041247832541528,0.0038206016458541,0.0055932766059605,1.6027410696755489,0.0040666171448866,0.0029590745532478,-0.0091920970964483,0.0255882351575951,0.109680108153793,-0.0041247832541528,0.0432403574040075,-0.0038206016458541,0.11091723837326,-0.0055932766059605,11.868611480320205,-1.6027410696755489,0.1548586514342411,-0.0040666171448866,True
miami_dade,direct,0.1267030513510693,0.2349522797338241,0.53927142777508,140853,11909.0,FORWARD_2025,,grid,True,OK,,0.7332401241482382,0.8352160576784617,0.1647839423215382,0.2833144340216108,232897.25955900075,0.1983649383043724,0.9865859361958133,1.05940045805249,0.9556947927306136,20.06347826316856,0.4970390948190438,1.108513372795062,-0.0429679727583226,0.8903540978508301,-11.893072867440804,-0.1538995886367674,0.1654663124738684,0.3241501427673743,6.136543347637358e-05,0.0086749002211321,-0.0052915186128839,0.004092986291539,0.0068646128300506,1.578279682554948,0.0050256799423604,0.0029586618881298,-0.011154667880317,0.0316229130036559,0.108513372795062,-0.0052915186128839,0.0429679727583226,-0.004092986291539,0.1096459021491699,-0.0068646128300506,11.893072867440804,-1.578279682554948,0.1538995886367674,-0.0050256799423604,True
miami_dade,direct,0.1838822993940162,0.3409828333621824,0.53927142777508,140853,11909.0,FORWARD_2025,,grid,True,OK,,0.7291637061733376,0.8348658399279226,0.1651341600720774,0.2836153404053564,233746.14687309563,0.1986548010122349,0.9879310352698984,1.0610119395558857,0.9593053602087978,20.06973139798067,0.4986699248292827,1.1060210685416696,-0.0407393420901439,0.8936012452263516,-11.667608692091427,-0.1517049990724189,0.1663915611742781,0.320211138720999,0.0004115831840154,0.0045984822462314,-0.0077838228662763,0.0063216169597177,0.0101117602055722,1.8037438579043243,0.0072202695067088,0.0038839105885395,-0.0150936719266923,0.045431853419294,0.1060210685416696,-0.0077838228662763,0.0407393420901439,-0.0063216169597177,0.1063987547736483,-0.0101117602055722,11.667608692091427,-1.8037438579043243,0.1517049990724189,-0.0072202695067088,True
miami_dade,direct,0.2668657121503905,0.4948634368622535,0.53927142777508,140853,11909.0,FORWARD_2025,,grid,True,OK,,0.7262707210108135,0.8346078173631837,0.1653921826368163,0.2838368287822993,234892.75623474916,0.1994430597507187,0.9902106023351886,1.063693861294688,0.9663367249607708,20.116524434160187,0.4998364624489317,1.100748666400803,-0.0351368943110026,0.9002606824804943,-9.396419746019424,-0.1463132183067433,0.1673134626119626,0.3093967255217053,0.0006696057487544,0.0017054970837073,-0.0130562250071428,0.011924064738859,0.0167711974597148,4.074932803976328,0.0126120502723844,0.0048058120262239,-0.0259080851259861,0.0793583700385883,0.100748666400803,-0.0130562250071428,0.0351368943110026,-0.011924064738859,0.0997393175195057,-0.0167711974597148,9.396419746019424,-4.074932803976328,0.1463132183067433,-0.0126120502723844,True
miami_dade,direct,0.3872983346207417,0.71818812322146,0.53927142777508,140853,11909.0,FORWARD_2025,,"grid,activity",True,OK,,0.7202279417636198,0.8341067788484992,0.1658932211515008,0.284266430830714,236085.76461036745,0.2002678453049064,0.991707188421522,1.0663646425592552,0.971641237176453,20.17748567750212,0.5046144427859339,1.097488045750368,-0.0311424404629411,0.9046677353349282,-8.611986523329717,-0.14265607039249,0.1689712333889169,0.3017892288408226,0.0011706442634389,-0.0043372821634862,-0.0163168456575779,0.0159185185869206,0.0211782503141487,4.859366026666034,0.0162691981866377,0.0064635828031783,-0.0335155818068687,0.1023701160431731,0.0974880457503679,-0.0163168456575779,0.0311424404629411,-0.0159185185869206,0.0953322646650718,-0.0211782503141487,8.611986523329717,-4.859366026666034,0.14265607039249,-0.0162691981866377,True
miami_dade,direct,0.5620804515923291,1.0422959990877958,0.53927142777508,140853,11909.0,FORWARD_2025,,"grid,direct_common_hi",True,OK,,0.7370190883875176,0.8330779138386719,0.1669220861613281,0.2851465744179805,237838.24528701103,0.2017255916189289,0.9939484798103836,1.069296258241671,0.9799778263708352,20.2873894552834,0.5056954095401135,1.0911433192336706,-0.0261242558722706,0.9127659841402386,-7.128467219158733,-0.1374329740444684,0.1701063542952284,0.2916001827070585,0.0021995092732662,0.0124538644604115,-0.0226615721742753,0.020936703177591,0.0292764991194591,6.342885330837019,0.0214922945346594,0.0075987037094898,-0.0437046279406328,0.1352352255044866,0.0911433192336705,-0.0226615721742753,0.0261242558722706,-0.020936703177591,0.0872340158597614,-0.0292764991194591,7.128467219158733,-6.342885330837019,0.1374329740444684,-0.0214922945346594,True
miami_dade,direct,0.8157392010776716,1.5126690550679447,0.53927142777508,140853,11909.0,FORWARD_2025,,grid,True,OK,,0.727993466852034,0.8320318314817383,0.1679681685182616,0.2860386700462289,241219.48468831857,0.2033952991795014,0.9970814087127006,1.0737494984448832,0.9900917926198995,20.396834280832422,0.5079969097617449,1.0844948988049032,-0.0195481290346306,0.9213464636712966,-5.2701989494495605,-0.1311365404902629,0.1720313862565106,0.2775365197918864,0.0032455916301997,0.0034282429249279,-0.0293099926030426,0.027512830015231,0.0378569786505171,8.201153600546192,0.0277887280888648,0.009523735670772,-0.0577682908558049,0.1748540577424228,0.0844948988049032,-0.0293099926030426,0.0195481290346306,-0.027512830015231,0.0786535363287034,-0.0378569786505171,5.2701989494495605,-8.201153600546192,0.1311365404902629,-0.0277887280888648,True
miami_dade,direct,1.1838704624751253,2.1953146439809075,0.53927142777508,140853,11909.0,FORWARD_2025,,grid,True,OK,,0.7315220942265077,0.8307629339487772,0.1692370660512227,0.2871170614733943,244975.5078250825,0.2059856859609751,1.0008277859366894,1.0794024311992505,1.0034887083686177,20.58138312568688,0.511662262794984,1.0756498027307615,-0.0115936218421461,0.93274252189216,-3.88315613706061,-0.1224156148381896,0.1755290393297393,0.2629960085651671,0.0045144891631608,0.0069568702994016,-0.0381550886771842,0.0354673372077155,0.0492530368713806,9.588196412935142,0.0365096537409381,0.0130213887440007,-0.0723088020825243,0.2297284381983613,0.0756498027307617,-0.0381550886771842,0.0115936218421461,-0.0354673372077155,0.06725747810784,-0.0492530368713806,3.88315613706061,-9.588196412935142,0.1224156148381896,-0.0365096537409381,True
miami_dade,direct,1.7181340188990342,3.1860282789089944,0.53927142777508,140853,11909.0,FORWARD_2025,,grid,True,OK,,0.7376333051376144,0.8285981614387785,0.1714018385612214,0.2889475355884323,248637.0499359121,0.2093785076517077,1.0050190703983712,1.0851508548388598,1.0172922284030883,20.827936516063872,0.5113614427033019,1.0667051458186143,-0.0036200047736397,0.9440959297537828,-0.7035764395721731,-0.1141491732596284,0.1775776794887425,0.2514744706064656,0.0066792616731595,0.0130680812105082,-0.0470997455893313,0.0434409542762219,0.0606064447330033,12.76777611042358,0.0447760953194994,0.0150700289030039,-0.0838303400412258,0.2817430841540829,0.0667051458186145,-0.0470997455893313,0.0036200047736397,-0.0434409542762219,0.0559040702462172,-0.0606064447330033,0.7035764395721731,-12.76777611042358,0.1141491732596284,-0.0447760953194994,True
miami_dade,direct,2.4935029637671797,4.623836597564321,0.53927142777508,140853,11909.0,FORWARD_2025,,grid,True,OK,,0.7449722326952879,0.8262716064225424,0.1737283935774576,0.2909019675258155,254042.0948625241,0.2127385914983322,1.0077871950442885,1.0911656762359128,1.0330633298868666,21.09313295152533,0.5189627921599381,1.056242772991864,0.0064347115661635,0.9575475387483624,1.997432836420178,-0.1039542081525129,0.1800252563033843,0.2375794757860531,0.0090058166893957,0.0204070087681818,-0.0575621184160819,0.0534956706160252,0.0740580537275831,15.468785386415927,0.0549710604266148,0.0175176057176457,-0.0977253348616383,0.345892512361841,0.0562427729918639,-0.0575621184160819,0.0064347115661635,-0.0406262474836981,0.0424524612516374,-0.0740580537275831,1.997432836420178,-11.473919713575574,0.1039542081525129,-0.0549710604266148,True
miami_dade,direct,3.618784659359615,6.710506941355964,0.53927142777508,140853,11909.0,FORWARD_2025,,grid,True,OK,,0.7065235540582242,0.8228238511414536,0.1771761488585464,0.293774357730472,264572.32976568333,0.2169296059282093,1.0123260096722877,1.097202552560685,1.050603664491181,21.391097858371147,0.5226169591091795,1.0443543932355046,0.0178733681604752,0.9728354965844022,4.904427861683657,-0.0932591800377162,0.1824860163080944,0.2273962873917521,0.0124535719704845,-0.0180416698688818,-0.0694504981724413,0.0649343272103369,0.0893460115636227,18.375780411679408,0.0656660885414115,0.0199783657223558,-0.1079085232559392,0.4131884698292446,0.0443543932355046,-0.0694504981724413,0.0178733681604752,-0.0291875908893864,0.0271645034155978,-0.0893460115636227,4.904427861683657,-8.566924688312096,0.0932591800377162,-0.0656660885414115,True
miami_dade,direct,5.2518896512686215,9.738861324318274,0.53927142777508,140853,11909.0,FORWARD_2025,,grid,True,OK,,0.7061593174825045,0.8198479712451827,0.1801520287548172,0.2962312255475784,271766.47033282067,0.2211246004011207,1.0166989744789268,1.1044720469868388,1.0670799016991035,21.691483234774125,0.5249340370391273,1.0350415608317578,0.0251691715417343,0.9844242015784952,7.343339997304434,-0.0861985651431879,0.183296937855412,0.2229956737156054,0.0154294518667553,-0.0184059064446016,-0.0787633305761881,0.072230130591596,0.1009347165577158,20.814692547300183,0.0727267034359399,0.0207892872696733,-0.112309136932086,0.4576157340248871,0.0350415608317578,-0.0787633305761881,0.0251691715417343,-0.0218917875081273,0.0155757984215048,-0.1009347165577158,7.343339997304434,-6.128012552691318,0.0861985651431879,-0.0727267034359399,True
miami_dade,direct,7.621991222319222,14.133868085253372,0.53927142777508,140853,11909.0,FORWARD_2025,,grid,True,OK,,0.6774858579870577,0.8156762600921224,0.1843237399078776,0.2996414524123968,282209.0053548607,0.2255586690421247,1.019024131241966,1.1099780663776897,1.0820327011476234,22.049358705655816,0.5316871107105628,1.02582672889685,0.0355553057266137,0.9965512268847998,11.126787952486806,-0.0769776450246206,0.1858924408076002,0.2220716283843781,0.0196011630198157,-0.0470793659400483,-0.0879781625110958,0.0826162647764754,0.1130617418640204,24.59814050248256,0.0819476235545071,0.0233847902218616,-0.1132331822633133,0.5156362124611165,0.0258267288968501,-0.0879781625110958,0.0355553057266137,-0.0115056533232479,0.0034487731152001,-0.1130617418640204,11.126787952486806,-2.344564597508945,0.0769776450246206,-0.0819476235545071,True
miami_dade,direct,11.061685231539125,20.51227760606065,0.53927142777508,140853,11909.0,FORWARD_2025,,grid,True,OK,,0.6616307568232977,0.8136101820261805,0.1863898179738194,0.3013161077479179,290439.0497861519,0.2285820996105689,1.0207607402997878,1.1137006729090129,1.093212995494502,22.301910842162265,0.5352088268614262,1.0187407920496256,0.0424728393660817,1.005768923758614,12.72328482969598,-0.0703352038458277,0.187855633053182,0.2202244223910011,0.0216672410857575,-0.0629344671038083,-0.0950640993583202,0.0895337984159435,0.1222794387378346,26.19463737969173,0.0885900647333001,0.0253479824674434,-0.1150803882566902,0.5574322165716001,0.0187407920496256,-0.0950640993583202,0.0424728393660817,-0.0045881196837799,0.005768923758614,-0.1107415912206065,12.72328482969598,-0.7480677202997725,0.0703352038458277,-0.0885900647333001,True
miami_dade,direct,16.05366322167172,29.76917076416554,0.53927142777508,140853,11909.0,FORWARD_2025,,grid,True,OK,,0.6165317562273296,0.8085972565567559,0.1914027434432442,0.3053411492615798,302408.9483555529,0.2336508647942731,1.0241413621194375,1.1192455550109155,1.1107019936609894,22.681826063860388,0.5384835364987197,1.0076920374670129,0.0513573225698948,1.0192581279603663,14.324963267218772,-0.0633221394226944,0.1864722206366189,0.2190014514226338,0.0266801665551822,-0.1080334676997765,-0.106112853940933,0.0984182816197566,0.1357686429395871,27.796315817214523,0.0956031291564333,0.0239645700508802,-0.1163033592250576,0.6015602805719547,0.0076920374670128,-0.106112853940933,0.0513573225698948,0.0042963635200331,0.0192581279603665,-0.097252387018854,14.324963267218772,0.8536107172230203,0.0633221394226944,-0.0956031291564333,True
miami_dade,direct,23.298448422672752,43.20356544532172,0.53927142777508,140853,11909.0,FORWARD_2025,,"grid,guardrail",True,OK,,0.6055283704771346,0.8034168345736855,0.1965831654263144,0.3094456760915622,309534.7993293049,0.2392047040581928,1.026368207023453,1.1230600115595128,1.115240702752388,23.1642937543342,0.5452514987972206,1.0070113194289152,0.0565154171683709,1.020658723475736,16.159690546625605,-0.0610582447944889,0.1839006780608319,0.2156381593367216,0.0318605885382525,-0.1190368534499715,-0.1067935719790307,0.1035763762182326,0.1371692384549566,29.631043096621354,0.0978670237846388,0.0213930274750933,-0.1196666513109698,0.6158053068566092,0.0070113194289151,-0.1067935719790307,0.0565154171683709,0.0094544581185092,0.020658723475736,-0.0958517915034845,16.159690546625605,2.688337996629853,0.0610582447944889,-0.0978670237846388,True
miami_dade,direct,33.81270003043063,62.700707452524775,0.53927142777508,140853,11909.0,FORWARD_2025,,grid,True,OK,,0.57461955143484,0.8006909638572097,0.1993090361427903,0.3115837150437967,314965.98938410863,0.241843293720562,1.0276333832380862,1.1243772918574602,1.1159975172333485,23.383510526215197,0.5457670190090029,1.007508775328538,0.0578943224882749,1.0203494832955036,16.245008589788785,-0.060620268464765,0.181381782575307,0.2140751644476394,0.0345864592547283,-0.1499456724922661,-0.1062961160794078,0.1049552815381366,0.1368599982747241,29.71636113978454,0.0983050001143628,0.0188741319895683,-0.121229646200052,0.6185611702485021,0.0075087753285381,-0.1062961160794078,0.0578943224882749,0.0108333634384132,0.0203494832955035,-0.096161031683717,16.245008589788785,2.7736560397930337,0.060620268464765,-0.0983050001143628,True
miami_dade,direct,49.071880779635485,90.99662665625677,0.53927142777508,140853,11909.0,FORWARD_2025,,grid,True,OK,,0.5673791494373974,0.7948381585621436,0.2051618414378565,0.3161255157641753,322494.08662859333,0.2473627552177558,1.028487939611073,1.1277332926677657,1.1211353116171476,23.892873072852787,0.5579171825304831,1.0058850889649538,0.0630646708753075,1.022680324064687,19.20730179381692,-0.0591704197449776,0.1778420195722143,0.2148729282134047,0.0404392645497946,-0.1571860744897086,-0.1079198024429921,0.1101256299251692,0.1391908390439072,32.67865434381267,0.0997548488341502,0.0153343689864756,-0.1204318824342866,0.627684003469108,0.0058850889649537,-0.1079198024429921,0.0630646708753075,0.0160037118254457,0.0226803240646866,-0.0938301909145339,19.20730179381692,5.735949243821166,0.0591704197449776,-0.0997548488341502,True
miami_dade,direct,71.21730832153513,132.06208349543513,0.53927142777508,140853,11909.0,FORWARD_2025,,grid,True,OK,,0.5412415657169901,0.7852338148615706,0.2147661851384294,0.3234403573411374,335370.20661017153,0.255217673545534,1.0255262115244077,1.131041874452672,1.1327913604527515,24.75387436123797,0.575428120336561,0.998455597331374,0.0740194232042695,1.0321935396016773,20.800215182581358,-0.0556613366199431,0.1716734246715175,0.2154105063067226,0.0500436082503675,-0.1833236582101159,-0.1153492940765718,0.1210803822541312,0.1487040545808978,34.271567732577104,0.1032639319591846,0.0091657740857789,-0.1198943043409687,0.64976408649434,0.0015444026686258,-0.11226048873932,0.0740194232042695,0.0269584641544078,0.0321935396016772,-0.0843169753775433,20.800215182581358,7.328862632585602,0.0556613366199431,-0.1032639319591846,True
miami_dade,direct,103.35664588322452,191.65978496144731,0.53927142777508,140853,11909.0,FORWARD_2025,,grid,True,OK,,0.4601399937367466,0.766008148893043,0.233991851106957,0.3376071402980233,358510.86158954113,0.2708520889377332,1.0240610860383672,1.139263867020749,1.1553496187861572,26.339729550056205,0.604868073748204,0.986077156642586,0.0934024647310487,1.0473198680637008,23.126820557049268,-0.0512776851369641,0.157733755460986,0.214181121388265,0.069269274218895,-0.2644252301903594,-0.12772773476536,0.1404634237809104,0.1638303830429214,36.59817310704502,0.1076475834421636,-0.0047738951247525,-0.1211236892594264,0.6773471859106324,0.0139228433574141,-0.0998820480505318,0.0934024647310487,0.046341505681187,0.0473198680637008,-0.0691906469155198,23.126820557049268,9.655468007053516,0.0512776851369641,-0.1076475834421636,True
miami_dade,direct,150.0,278.1530640680674,0.53927142777508,140853,11909.0,FORWARD_2025,,grid,True,OK,,0.0175155921855411,0.6723704961039736,0.3276295038960264,0.3994870989873509,466791.783818414,0.3358739493961366,1.0254612513013353,1.1759501215600463,1.2184882392693377,32.64821771555532,0.7209383398060921,0.9650894310356256,0.1857815388255819,1.0760297172110276,27.45684781320117,-0.0478878267587777,0.1138232988422157,0.2112904504153894,0.1629069270079645,-0.707049631741565,-0.1487154603723202,0.2328424978754436,0.1925402321902481,40.92820036319692,0.11103744182035,-0.0486843517435228,-0.1240143602323019,0.6986770751629423,0.0349105689643742,-0.0788943224435716,0.1857815388255819,0.1387205797757202,0.0760297172110275,-0.040480797768193,27.45684781320117,13.98549526320542,0.0478878267587777,-0.11103744182035,True
miami_dade,surrogate,0.001,0.0018543537604537,0.53927142777508,140853,11909.0,FORWARD_2025,,grid,True,OK,,0.7250423325174042,0.8352242593244505,0.1647757406755494,0.2833073833540138,231768.72742535427,0.197353504975188,0.9847025577478076,1.0564141186041818,0.9490411732395791,19.98055216206224,0.4989912400175679,1.113138342563244,-0.0467468956911794,0.8843462056842897,-12.577283558819245,-0.1584718862212734,0.1629676827408275,0.3345330525826354,-7.772454662863248e-05,0.0065982014999081,-0.0005670397273667,8.491228832635533e-05,0.0005176865992393,0.784327923309224,0.0004814251175287,-0.0002480144001398,-0.0019047331161375,0.0030287202793947,0.1131383425632439,-0.0005670397273667,0.0467468956911794,-8.491228832635533e-05,0.1156537943157103,-0.0005176865992393,12.577283558819245,-0.784327923309224,0.1584718862212734,-0.0004814251175287,True
miami_dade,surrogate,0.0014512854854972,0.0026911966975237,0.53927142777508,140853,11909.0,FORWARD_2025,,grid,True,OK,,0.7316428193674418,0.8352924427493689,0.1647075572506311,0.2832487616590262,231327.19500018252,0.1972964307895704,0.9833312673509552,1.0561851194122285,0.9484233909907822,19.99406961072111,0.4987969811665196,1.113621964035357,-0.0471786275454946,0.8837535365152511,-13.348177300130889,-0.1588289956130662,0.1627086827127188,0.335326790952082,-0.0001459079715469,0.0131986883499457,-8.34182552535978e-05,-0.0003468195659887,-7.498256979920903e-05,0.0134341819975816,0.000124315725736,-0.0005070144282485,-0.0011109947466909,0.0007820895625825,0.113621964035357,-8.34182552535978e-05,0.0471786275454946,0.0003468195659887,0.1162464634847488,7.498256979920903e-05,13.348177300130889,-0.0134341819975816,0.1588289956130662,-0.000124315725736,True
miami_dade,surrogate,0.0021062295604149,0.0039056947057343,0.53927142777508,140853,11909.0,FORWARD_2025,,grid,True,OK,,0.7278922689720532,0.8349654007034568,0.1650345992965432,0.2835298304763658,232946.5939425444,0.197772095376574,0.9840092045462616,1.0568973028592676,0.9512589760870244,20.03150108496612,0.5007851526120987,1.1110510696117513,-0.0448786276973319,0.8869875872507924,-12.864208943056942,-0.1569708464052391,0.1638200511675941,0.3320480432619969,0.0001811340743651,0.0094481379545571,-0.0026543126788594,0.0019531802821738,0.003159068165742,0.4974025390715262,0.0019824649335631,0.0006043540266267,-0.004389742436776,0.0124719951844071,0.1110510696117512,-0.0026543126788594,0.0448786276973319,-0.0019531802821738,0.1130124127492075,-0.003159068165742,12.864208943056942,-0.4974025390715262,0.1569708464052391,-0.0019824649335631,True
miami_dade,surrogate,0.0030567403901553,0.0056682780372155,0.53927142777508,140853,11909.0,FORWARD_2025,,grid,True,OK,,0.7309994874847252,0.8353043528584393,0.1646956471415607,0.283238520524104,232033.08416618712,0.197385879429402,0.9843175377491108,1.0562395762400596,0.9490816991470756,19.99106373175494,0.4986782982764515,1.1129069048421067,-0.046447855277908,0.8845982260418571,-13.01447954979498,-0.1581272210298915,0.162856979315676,0.3343652630848098,-0.0001578180806173,0.0125553564672291,-0.0007984774485039,0.0003839527015977,0.0007697069568067,0.3471319323334878,0.0008260903089106,-0.0003587178252913,-0.0020725226139631,0.0051970625962607,0.1129069048421067,-0.0007984774485039,0.046447855277908,-0.0003839527015977,0.1154017739581428,-0.0007697069568067,13.01447954979498,-0.3471319323334878,0.1581272210298915,-0.0008260903089106,True
miami_dade,surrogate,0.0044362029611655,0.0082262896431736,0.53927142777508,140853,11909.0,FORWARD_2025,,grid,True,OK,,0.7271214009254989,0.83506751718384,0.16493248281616,0.283442098726123,233284.7116300475,0.1979216745431853,0.9848563391093718,1.0568123682813664,0.9506620961620474,20.035619011583925,0.4965052048625649,1.1116593083366446,-0.0460716922901191,0.8859839294531888,-12.687826465742924,-0.1580576948102769,0.1629121479658717,0.3336002167900617,7.901759398193375e-05,0.0086772699080028,-0.002046073953966,0.0007601156893866,0.0021554103681384,0.6737850163855441,0.0008956165285252,-0.0003035491750956,-0.0028375689087112,0.0056344628556767,0.1116593083366446,-0.002046073953966,0.0460716922901191,-0.0007601156893866,0.1140160705468111,-0.0021554103681384,12.687826465742924,-0.6737850163855441,0.1580576948102769,-0.0008956165285252,True
miami_dade,surrogate,0.0064381969682594,0.0119386947586339,0.53927142777508,140853,11909.0,FORWARD_2025,,grid,True,OK,,0.7450728154373744,0.8349893868271043,0.1650106131728957,0.2835092256191878,231537.70401388084,0.1979195544199833,0.9838247759121976,1.0567672100232806,0.9521390744424711,20.046952829480585,0.5011033145390414,1.1098874506773864,-0.0447636047931031,0.8882844688726766,-11.489522352403736,-0.156728197366124,0.1635670027068939,0.3323442764481878,0.0001571479507176,0.0266286844198783,-0.0038179316132243,0.0020682031864026,0.0044559497876263,1.872089129724733,0.0022251139726781,0.0003513055659265,-0.0040935092505851,0.0139985380231271,0.1098874506773863,-0.0038179316132243,0.0447636047931031,-0.0020682031864026,0.1117155311273233,-0.0044559497876263,11.489522352403736,-1.872089129724733,0.156728197366124,-0.0022251139726781,True
miami_dade,surrogate,0.0093436618128071,0.0173264544189872,0.53927142777508,140853,11909.0,FORWARD_2025,,grid,True,OK,,0.7408578756896784,0.8353146089619381,0.1646853910380619,0.2832297013207497,231891.07649353932,0.198090480616621,0.9841469501516672,1.0571857927563264,0.953929848584672,20.06582710318737,0.5008459483104618,1.1082427018347871,-0.043352274472746,0.8904745224026244,-12.221937954029968,-0.154802578865467,0.1647414730977507,0.327328978065736,-0.0001680741841161,0.0224137446721823,-0.0054626804558233,0.0034795335067598,0.006646003317574,1.1396735280985002,0.0041507324733352,0.0015257759567833,-0.0091088076330369,0.0261129034580985,0.1082427018347873,-0.0054626804558233,0.043352274472746,-0.0034795335067598,0.1095254775973756,-0.006646003317574,12.221937954029968,-1.1396735280985002,0.154802578865467,-0.0041507324733352,True
miami_dade,surrogate,0.0135603207703216,0.0251456318134054,0.53927142777508,140853,11909.0,FORWARD_2025,,grid,True,OK,,0.7528215803567644,0.8352198531278474,0.1647801468721525,0.2833111712286125,230743.17458202373,0.1982181860698074,0.9839096626895404,1.0571953420420146,0.9546392418289936,20.07923527150479,0.5037802285452422,1.107429168757544,-0.0434443303689675,0.8911921560574896,-12.282158430075626,-0.1552599654491141,0.1632630409279824,0.3296427908225272,-7.331835002549747e-05,0.0343774493392683,-0.0062762135330667,0.0033874776105382,0.0073636369724392,1.079453052052843,0.003693345889688,4.734378701506947e-05,-0.0067949948762457,0.0232354133335157,0.1074291687575439,-0.0062762135330667,0.0434443303689675,-0.0033874776105382,0.1088078439425104,-0.0073636369724392,12.282158430075626,-1.079453052052843,0.1552599654491141,-0.003693345889688,True
miami_dade,surrogate,0.0196798967126543,0.0364934904744525,0.53927142777508,140853,11909.0,FORWARD_2025,,grid,True,OK,,0.7408903942009906,0.8356212996240809,0.164378700375919,0.2829658516159771,231399.7689958629,0.1980482201021645,0.984753925485888,1.057688919881202,0.9552802475721224,20.050495110644636,0.5004131618126894,1.1072027528773412,-0.0428087439621388,0.8916645984568811,-11.56601265459299,-0.1538672131774636,0.1640903948373191,0.3267808378417357,-0.0004747648462589,0.0224462631834945,-0.0065026294132695,0.0040230640173669,0.0078360793718307,1.7955988275354784,0.0050860981613385,0.0008746976963517,-0.0096569478570372,0.0319974344573279,0.1072027528773411,-0.0065026294132695,0.0428087439621388,-0.0040230640173669,0.1083354015431189,-0.0078360793718307,11.56601265459299,-1.7955988275354784,0.1538672131774636,-0.0050860981613385,True
miami_dade,surrogate,0.0285611484551597,0.0529624730407041,0.53927142777508,140853,11909.0,FORWARD_2025,,grid,True,OK,,0.7656639368044474,0.8357740942449171,0.1642259057550829,0.2828343086856253,230944.93757900855,0.1983739806321061,0.9847358086145744,1.0581653006703875,0.9584991766460282,20.08221021163176,0.4999955670649291,1.1039814393718212,-0.0402365974383775,0.8956719911640542,-11.596644952435335,-0.1510211280972079,0.1645866467233121,0.3209529101410888,-0.0006275594670951,0.0472198057869513,-0.0097239429187894,0.0065952105411282,0.0118434720790038,1.7649665296931314,0.0079321832415942,0.0013709495823447,-0.0154848755576841,0.0499025982836379,0.1039814393718212,-0.0097239429187894,0.0402365974383775,-0.0065952105411282,0.1043280088359458,-0.0118434720790038,11.596644952435335,-1.7649665296931314,0.1510211280972079,-0.0079321832415942,True
miami_dade,surrogate,0.0414503802021047,0.0768636684000119,0.53927142777508,140853,11909.0,FORWARD_2025,,grid,True,OK,,0.7641125254625936,0.8350717968093704,0.1649282031906296,0.283438421361027,230351.4271722655,0.1992816271525161,0.9848664063827282,1.059264555200223,0.9603099239953784,20.17689643740172,0.5010283077778411,1.1030444742184302,-0.0376030769921752,0.8970466516092328,-10.76591789013024,-0.1486343066504996,0.164915989866301,0.3134780321286364,7.473796845158809e-05,0.0456683944450975,-0.0106609080721804,0.0092287309873305,0.0132181325241824,2.595693591998227,0.0103190046883026,0.0017002927253336,-0.0229597535701365,0.0649184631725482,0.1030444742184302,-0.0106609080721804,0.0376030769921752,-0.0092287309873305,0.1029533483907672,-0.0132181325241824,10.76591789013024,-2.595693591998227,0.1486343066504996,-0.0103190046883026,True
miami_dade,surrogate,0.060156335155656,0.1115511263110088,0.53927142777508,140853,11909.0,FORWARD_2025,,"grid,activity",True,OK,,0.7815092852244206,0.834920165137889,0.1650798348621109,0.2835686852181705,229132.1694609892,0.1999189010305922,0.9859140007742846,1.06086739958843,0.9649231454856578,20.227273652393507,0.5047014556211838,1.0994320164788691,-0.0347957309370932,0.9017660953096992,-9.843106576472415,-0.1457060516253968,0.167314623862715,0.3079496780165168,0.0002263696399329,0.0630651542069246,-0.0142733658117415,0.0120360770424125,0.0179375762246489,3.5185049056560533,0.0132472597134054,0.0040989267217476,-0.0284881076822561,0.0833405708999006,0.0994320164788691,-0.0142733658117415,0.0347957309370932,-0.0120360770424125,0.0982339046903006,-0.0179375762246489,9.843106576472415,-3.5185049056560533,0.1457060516253968,-0.0132472597134054,True
miami_dade,surrogate,0.0873040160721099,0.1618925305060344,0.53927142777508,140853,11909.0,FORWARD_2025,,grid,True,OK,,0.7783471445849637,0.834220683482404,0.1657793165175961,0.2841688233955382,229981.46572493247,0.2016077340375469,0.9859042540461316,1.0621751391389518,0.9659168346795124,20.39928632616217,0.5071594431895851,1.0996548574405762,-0.0315731318001098,0.9021213388645318,-9.012944010540544,-0.1422357857536564,0.1669964636679449,0.2964352103905818,0.000925851295418,0.0599030135674676,-0.0140505248500344,0.0152586761793959,0.0182928197794814,4.348667471587925,0.0167175255851458,0.0037807665269775,-0.0400025753081911,0.105172553149982,0.0996548574405762,-0.0140505248500344,0.0315731318001098,-0.0152586761793959,0.0978786611354681,-0.0182928197794814,9.012944010540544,-4.348667471587925,0.1422357857536564,-0.0167175255851458,True
miami_dade,surrogate,0.1267030513510693,0.2349522797338241,0.53927142777508,140853,11909.0,FORWARD_2025,,"grid,guardrail",True,OK,,0.7765720602848816,0.8334130438993305,0.1665869561006695,0.2848601857086618,230605.57194130425,0.2033697301785023,0.9862489149465384,1.0629540733044092,0.9696030049242188,20.570942118211875,0.5109787026254209,1.0962776186811491,-0.0259931383157465,0.9067431210620736,-7.272546520560699,-0.136468216178536,0.1676688985278941,0.2835497206254593,0.0017334908784914,0.0581279292673855,-0.0174277636094615,0.0208386696637592,0.0229146019770232,6.08906496156777,0.0224850951602661,0.0044532013869267,-0.0528880650733136,0.1414572302450505,0.0962776186811491,-0.0174277636094615,0.0259931383157465,-0.0208386696637592,0.0932568789379264,-0.0229146019770232,7.272546520560699,-6.08906496156777,0.136468216178536,-0.0224850951602661,True
miami_dade,surrogate,0.1838822993940162,0.3409828333621824,0.53927142777508,140853,11909.0,FORWARD_2025,,grid,True,OK,,0.7774985984690116,0.832195642594677,0.1678043574053229,0.285899156282886,230850.82874625936,0.2050741486594564,0.9862770527472448,1.064827117578768,0.97253828109313,20.741254488496192,0.5141319426893527,1.094894811114176,-0.0213154546957009,0.9091460224351448,-6.996872733871269,-0.1318430154224419,0.1688756694040399,0.2713728004131485,0.0029508921831448,0.0590544674515155,-0.0188105711764345,0.0255163532838049,0.0253175033500944,6.364738748257199,0.0271102959163603,0.0056599722630725,-0.0650649852856244,0.1705550874531695,0.094894811114176,-0.0188105711764345,0.0213154546957009,-0.0255163532838049,0.0908539775648552,-0.0253175033500944,6.996872733871269,-6.364738748257199,0.1318430154224419,-0.0271102959163603,True
miami_dade,surrogate,0.2668657121503905,0.4948634368622535,0.53927142777508,140853,11909.0,FORWARD_2025,,grid,True,OK,,0.785342207516581,0.8306176386299213,0.1693823613700787,0.2872402845238266,231998.04771725263,0.2074313368653598,0.985452439758834,1.0656139043586557,0.9759882613915644,20.996242950239147,0.5141390449402174,1.091830656691816,-0.0158170934697847,0.9135838667734804,-5.133047190457576,-0.1260321270803973,0.1698099661225383,0.256778875078205,0.0045288961479006,0.0668980764990849,-0.0218747255987945,0.031014714509721,0.0297553476884301,8.228564291670892,0.0329211842584048,0.0065942689815709,-0.0796589106205679,0.207112289647334,0.0918306566918161,-0.0218747255987945,0.0158170934697847,-0.031014714509721,0.0864161332265195,-0.0297553476884301,5.133047190457576,-8.228564291670892,0.1260321270803973,-0.0329211842584048,True
miami_dade,surrogate,0.3872983346207417,0.71818812322146,0.53927142777508,140853,11909.0,FORWARD_2025,,grid,True,OK,,0.7740804459255924,0.8276514066789012,0.1723485933210987,0.2897444515797128,235062.29936696205,0.2108796742612492,0.9853440586563638,1.066236557005494,0.9782387797356514,21.345296253000097,0.5210396486696006,1.0899553146866885,-0.007912431051515,0.9169826279329828,-2.575195686859489,-0.1187020892765552,0.1682233473250929,0.2355408498520733,0.0074951280989206,0.0556363149080963,-0.0237500676039223,0.0389193769279908,0.0331541088479324,10.78641579526898,0.040251222062247,0.0050076501841256,-0.1008969358466996,0.2532266973441858,0.0899553146866882,-0.0237500676039223,0.007912431051515,-0.0389193769279908,0.0830173720670172,-0.0331541088479324,2.575195686859489,-10.78641579526898,0.1187020892765552,-0.040251222062247,True
miami_dade,surrogate,0.5620804515923291,1.0422959990877958,0.53927142777508,140853,11909.0,FORWARD_2025,,grid,True,OK,,0.7675468759993775,0.8237298152127607,0.1762701847872393,0.293022309229717,237143.5969858104,0.2150342276462579,0.9834564927265592,1.0669658570559517,0.9807898809297222,21.79506835819294,0.528249485813251,1.0878638511691625,0.000925712601068,0.9204211653481464,-0.6753321939829766,-0.1109622049900574,0.1656259773350223,0.2151584983230481,0.0114167195650612,0.0491027449818814,-0.0258415311214483,0.0477575205805738,0.0365926462630959,12.686279288145492,0.0479911063487448,0.0024102801940549,-0.1212792873757248,0.30191951299746,0.0878638511691622,-0.0258415311214483,0.000925712601068,-0.0459060953784377,0.0795788346518536,-0.0365926462630959,0.6753321939829766,-12.686279288145492,0.1109622049900574,-0.0479911063487448,True
miami_dade,surrogate,0.8157392010776716,1.5126690550679447,0.53927142777508,140853,11909.0,FORWARD_2025,,grid,True,OK,,0.7662735278549522,0.8185004360609284,0.1814995639390716,0.2973370646308954,241742.89164584345,0.2205280563532732,0.9805870114725062,1.0668574340556274,0.9838159881453904,22.40045520198518,0.5351667459476999,1.0844074978561589,0.010589480212752,0.9256317324737312,1.0702108296098816,-0.1025251006042446,0.1617137996293963,0.1936298190229351,0.0166460987168935,0.0478293968374561,-0.0292978844344518,0.0574212881922578,0.0418032133886807,14.431822311738353,0.0564282107345575,-0.001501897511571,-0.1428079666758378,0.3549986487181966,0.0844074978561588,-0.0292978844344518,0.010589480212752,-0.0362423277667537,0.0743682675262689,-0.0418032133886807,1.0702108296098816,-12.291400652518586,0.1025251006042446,-0.0564282107345575,True
miami_dade,surrogate,1.1838704624751253,2.1953146439809075,0.53927142777508,140853,11909.0,FORWARD_2025,,grid,True,OK,,0.7730275409222179,0.812473231575148,0.1875267684248521,0.3022337025271722,244034.56045498143,0.2248244338295936,0.977056471631522,1.0633376926593945,0.9826784692603926,22.896495463182102,0.535943191729857,1.0820809918219836,0.0173418136029392,0.9291204840527094,3.375262441566296,-0.0953784139986695,0.1568160960393353,0.175876139561471,0.022673303202674,0.0545834099047218,-0.031624390468627,0.064173621582445,0.045291964967659,16.736873923694766,0.0635748973401326,-0.0063996011016319,-0.1605616461373019,0.3999595655143384,0.0820809918219835,-0.031624390468627,0.0173418136029392,-0.0294899943765665,0.0708795159472905,-0.045291964967659,3.375262441566296,-9.986349040562173,0.0953784139986695,-0.0635748973401326,True
miami_dade,surrogate,1.7181340188990342,3.1860282789089944,0.53927142777508,140853,11909.0,FORWARD_2025,,grid,True,OK,,0.7757578383208722,0.8037689106961805,0.1962310893038195,0.3091684467105052,248744.22711226385,0.2319325767600154,0.9733742966119396,1.0601667106654855,0.9864467184725764,23.67271263070864,0.5476641860861274,1.074732867789411,0.0302580256115491,0.939147813600558,7.820937863644152,-0.0835808323971231,0.1542176331868522,0.1581523087977898,0.0313776240816414,0.0573137073033761,-0.0389725145011996,0.0770898335910549,0.0553192945155075,21.18254934577262,0.075372478941679,-0.008998063954115,-0.1782854769009831,0.4741799859773027,0.074732867789411,-0.0389725145011996,0.0302580256115491,-0.0165737823679566,0.0608521863994421,-0.0553192945155075,7.820937863644152,-5.540673618484316,0.0835808323971231,-0.075372478941679,True
miami_dade,surrogate,2.4935029637671797,4.623836597564321,0.53927142777508,140853,11909.0,FORWARD_2025,,grid,True,OK,,0.7724635769451009,0.7937590538408857,0.2062409461591142,0.3169557996514675,253192.57308445964,0.2398783704127059,0.9703815656125864,1.0572757073169377,0.9856695453414086,24.53197413584084,0.5557650363621053,1.0726472298083702,0.040983403781562,0.9422873937380892,12.102071795273904,-0.0731740008973508,0.1466201002794813,0.1441097354017441,0.0413874809369362,0.0540194459276048,-0.0410581524822404,0.0878152117610678,0.058458874653039,25.46368327740237,0.0857793104414513,-0.016595596861486,-0.1923280502970288,0.5396509812784988,0.0726472298083702,-0.0410581524822404,0.040983403781562,-0.0058484041979437,0.0577126062619106,-0.058458874653039,12.102071795273904,-1.2595396868545643,0.0731740008973508,-0.0857793104414513,True
miami_dade,surrogate,3.618784659359615,6.710506941355964,0.53927142777508,140853,11909.0,FORWARD_2025,,grid,True,OK,,0.7738579501310512,0.7846550007283546,0.2153449992716454,0.3238759144598472,256870.72556134025,0.2457686864433245,0.9659323280528525,1.0522410579425352,0.9842471477603566,25.208948441822947,0.5650752717818905,1.0690821511008672,0.0501622209974486,0.947756217970625,15.74663316826735,-0.0645161891896922,0.1458081583470921,0.1421691990144259,0.0504915340494673,0.0554138191135551,-0.0446232311897434,0.0969940289769545,0.0639276988855747,29.108244650395815,0.0944371221491099,-0.0174075387938752,-0.194268586684347,0.594118621082522,0.0690821511008672,-0.0446232311897434,0.0501622209974486,0.0033304130179428,0.0522437820293749,-0.0639276988855747,15.74663316826735,2.385021686138881,0.0645161891896922,-0.0944371221491099,True
miami_dade,surrogate,5.2518896512686215,9.738861324318274,0.53927142777508,140853,11909.0,FORWARD_2025,,grid,True,OK,,0.779053931109158,0.7717447011694677,0.2282552988305323,0.3334430661455083,260228.9648140396,0.2535082459694588,0.9571214169758004,1.0429099090192755,0.9828730423360326,26.11644581279281,0.5717910746598632,1.0610830332069656,0.0643016001771006,0.9588981897654092,19.149831852539105,-0.0477510950443369,0.1456671150232588,0.1518236184756465,0.0634018336083542,0.0606098000916619,-0.052622349083645,0.1111334081566064,0.0750696706803587,32.511443334667575,0.1112022162944652,-0.0175485821177085,-0.1846141672231264,0.6995904354420304,0.0610830332069656,-0.052622349083645,0.0643016001771006,0.0174697921975947,0.0411018102345909,-0.0750696706803587,19.149831852539105,5.788220370410636,0.0477510950443369,-0.1112022162944652,True
miami_dade,surrogate,7.621991222319222,14.133868085253372,0.53927142777508,140853,11909.0,FORWARD_2025,,grid,True,OK,,0.7742236703342896,0.758946808076546,0.241053191923454,0.3426633844045412,264973.77973510936,0.261228432638966,0.9514268621788792,1.038048834988648,0.9812318586157076,27.03641382319473,0.5826931575718403,1.0579037216067322,0.0742138993639506,0.9638245161969494,24.172894712831557,-0.0380737625764417,0.1443911303765513,0.1625241826258778,0.0761997267012759,0.0557795393167935,-0.0558016606838784,0.1210457073434564,0.079995997111899,37.53450619496002,0.1208795487623604,-0.018824566764416,-0.1739136030728951,0.760472038891413,0.0579037216067321,-0.0558016606838784,0.0742138993639506,0.0273820913844448,0.0361754838030505,-0.079995997111899,24.172894712831557,10.811283230703085,0.0380737625764417,-0.1208795487623604,True
miami_dade,surrogate,11.061685231539125,20.51227760606065,0.53927142777508,140853,11909.0,FORWARD_2025,,grid,True,OK,,0.7839401176717231,0.7469135820138635,0.2530864179861365,0.351112002917072,267224.6961393434,0.2663717880868457,0.9462400094696962,1.0307109534418455,0.9785815074784998,27.615963740898003,0.587435799004425,1.0532704180131782,0.0828356651980175,0.9700554209840172,26.66398993472102,-0.0279717659827149,0.1440258007016375,0.1778585728135559,0.0882329527639584,0.065495986654227,-0.0604349642774324,0.1296674731775234,0.0862269018989667,40.02560141684949,0.1309815453560873,-0.0191898964393298,-0.158579212885217,0.8240252703946865,0.0532704180131782,-0.0604349642774324,0.0828356651980175,0.0360038572185117,0.0299445790159829,-0.0862269018989667,26.66398993472102,13.302378452592553,0.0279717659827149,-0.1309815453560873,True
miami_dade,surrogate,16.05366322167172,29.76917076416554,0.53927142777508,140853,11909.0,FORWARD_2025,,grid,True,OK,,0.7812912443587864,0.7298883916123391,0.270111608387661,0.3627295032769724,272094.3424756643,0.2748407067622869,0.9373419763627148,1.0210916976492397,0.9740679400568588,28.66112729256882,0.5949697560460414,1.0482756444993309,0.0941944776222668,0.9774848241229116,29.65639147043688,-0.0154469601521083,0.1473887425309349,0.199269326321036,0.1052581431654829,0.0628471133412903,-0.0654297377912798,0.1410262856017727,0.0936563050378613,43.01800295256535,0.1435063511866938,-0.0158269546100324,-0.1371684593777369,0.9028207715711954,0.0482756444993308,-0.0654297377912798,0.0941944776222668,0.047362669642761,0.0225151758770882,-0.0936563050378613,29.65639147043688,16.294779988308406,0.0154469601521083,-0.1435063511866938,True
miami_dade,surrogate,23.298448422672752,43.20356544532172,0.53927142777508,140853,11909.0,FORWARD_2025,,grid,True,OK,,0.7725556585328355,0.7209767874886714,0.2790232125113286,0.3686645883907748,274953.41999318445,0.2785308825611343,0.937541712069793,1.019307934409048,0.9729012674147798,29.009925343716823,0.5971678928712428,1.0476992563876304,0.0981569348517319,0.9784962553848624,31.304292053030824,-0.0117787512607038,0.1456743638502075,0.2035798039037746,0.1141697472891505,0.0541115275153394,-0.0660061259029802,0.1449887428312377,0.094667736299812,44.665903535159295,0.1471745600780984,-0.0175413332907598,-0.1328579817949983,0.925898044139528,0.0476992563876303,-0.0660061259029802,0.0981569348517319,0.0513251268722261,0.0215037446151376,-0.094667736299812,31.304292053030824,17.942680570902354,0.0117787512607038,-0.1471745600780984,True
miami_dade,surrogate,33.81270003043063,62.700707452524775,0.53927142777508,140853,11909.0,FORWARD_2025,,grid,True,OK,,0.778116999068382,0.7123735954267129,0.2876264045732871,0.3743050038236747,275765.8274729421,0.283118733431416,0.9308885714258788,1.0138290581524825,0.9706124003745475,29.56646427991024,0.6126033987526434,1.0445251449098094,0.1060695748085451,0.9838837319471866,33.14664400104584,-0.0034559369909677,0.1514291073530552,0.2218574548910842,0.122772939351109,0.059672868050886,-0.0691802373808012,0.1529013827880509,0.1000552128621362,46.50825548317431,0.1554973743478344,-0.0117865897879121,-0.1145803308076887,0.978258162967102,0.0445251449098094,-0.0691802373808012,0.1060695748085451,0.0592377668290393,0.0161162680528134,-0.1000552128621362,33.14664400104584,19.785032518917376,0.0034559369909677,-0.1554973743478344,True
miami_dade,surrogate,49.071880779635485,90.99662665625677,0.53927142777508,140853,11909.0,FORWARD_2025,,grid,True,OK,,0.7737588263769637,0.7008267221807825,0.2991732778192175,0.3817443838747786,279133.3176567828,0.2878273091053668,0.9276440430964144,1.0097325897760328,0.9686924818686632,30.13812180975209,0.6130133543680204,1.042366497805579,0.1103443676776948,0.9868314965164872,35.205249884316586,0.0012038689467218,0.1511332036530902,0.2277151906520469,0.1343198125970394,0.0553146953594676,-0.0713388844850315,0.1571761756572007,0.1030029774314369,48.56686136644505,0.1601571802855241,-0.0120824934878771,-0.108722595046726,0.9924262732460108,0.0423664978055791,-0.0713388844850315,0.1103443676776948,0.063512559698189,0.0131685034835127,-0.1030029774314369,35.205249884316586,21.84363840218812,0.0012038689467218,-0.1577494423920803,True
miami_dade,surrogate,71.21730832153513,132.06208349543513,0.53927142777508,140853,11909.0,FORWARD_2025,,grid,True,OK,,0.768031520171026,0.6964445020757654,0.3035554979242347,0.3845300710996041,279724.0472755449,0.2883798363275389,0.927966828047938,1.00644401692236,0.967256609227596,30.175685366399023,0.6143683568705932,1.0405139725290242,0.1120016668283582,0.9895818486634532,36.08431671127423,0.0048177918101741,0.1528710332420533,0.2336764576036082,0.1387020327020566,0.04958738915353,-0.0731914097615864,0.158833474807864,0.1057533295784027,49.44592819340269,0.1637711031489764,-0.010344663898914,-0.1027613280951647,0.9696905225213882,0.0405139725290242,-0.0731914097615864,0.1120016668283582,0.0651698588488524,0.0104181513365468,-0.1057533295784027,36.08431671127423,22.72270522914576,0.0048177918101741,-0.154135519528628,True
miami_dade,surrogate,103.35664588322452,191.65978496144731,0.53927142777508,140853,11909.0,FORWARD_2025,,grid,True,OK,,0.7711742203148004,0.6942668395250983,0.3057331604749017,0.3859068873647712,280805.1627080713,0.2903129995800346,0.9224436083804362,1.0046582959126256,0.9661088434631128,30.479225247022097,0.6144300301380898,1.039901769568042,0.1155066409547246,0.9903752773850606,35.63321465515668,0.0075474585269473,0.1525852934963094,0.2389591179757922,0.1408796952527236,0.0527300892973043,-0.0738036127225687,0.1623384489342304,0.1065467583000102,48.994826137285145,0.1665007698657495,-0.0106304036446579,-0.0974786677229807,0.9525177647236288,0.0399017695680419,-0.0738036127225687,0.1155066409547246,0.0686748329752188,0.0096247226149394,-0.1065467583000102,35.63321465515668,22.27160317302821,0.0075474585269473,-0.1514058528118549,True
miami_dade,surrogate,150.0,278.1530640680674,0.53927142777508,140853,11909.0,FORWARD_2025,,grid,True,OK,,0.778993626891086,0.6877451525372882,0.3122548474627117,0.3900011173234939,281359.1075249129,0.2931129387869882,0.9245566202109629,1.003901115713388,0.9657789449214744,30.72343300314593,0.6171078264104187,1.0394729777371707,0.1166218647678718,0.9908511211167536,37.314099405408754,0.0088237987986413,0.1506117227496489,0.2388445800863786,0.1474013822405337,0.0605494958735899,-0.0742324045534399,0.1634536727473776,0.1070226020317032,50.67571088753722,0.1677771101374436,-0.0126039743913184,-0.0975932056123942,0.9444881095944342,0.0394729777371707,-0.0742324045534399,0.1166218647678718,0.069790056788366,0.0091488788832464,-0.1070226020317032,37.314099405408754,23.952487923280287,0.0088237987986413,-0.1501295125401608,True
middlesex,direct,0.0,0.0,0.3293507612665395,74121,9222.0,FORWARD_2025,,"grid,baseline_rho0",True,OK,,0.2530398671955366,0.7914073719200468,0.2085926280799531,0.2604683654092021,199020.3642486216,0.1830606636203344,0.947721086439895,1.009254930132233,0.9231933683092548,18.526224813312204,0.5533849313636555,1.0932215988299314,-0.1064914549875083,0.8440043351487322,-6.840316709720199,-0.2043290427420361,0.2083345693715377,0.3183931195842451,0.0,0.0,0.0,0.0,0.0,0.0,0.0,0.0,0.0,0.0,0.0932215988299314,0.0,0.1064914549875083,0.0,0.1559956648512678,0.0,6.840316709720199,0.0,0.2043290427420361,0.0,True
middlesex,direct,0.001,0.0030362765707734,0.3293507612665395,74121,9222.0,FORWARD_2025,,grid,True,OK,,0.2510549673738663,0.7920301386027443,0.2079698613972556,0.2600792522480742,199581.87618597853,0.1827118254748634,0.94751574523923,1.0077705109662038,0.9210678950261812,18.469552181408314,0.553248216281158,1.0941327087918509,-0.1087048566986862,0.8411591274575763,-7.489113949441057,-0.2061712997262975,0.2063302717596552,0.3241389637955338,-0.0006227666826975,-0.0019848998216702,0.0009111099619194,-0.0022134017111779,-0.0028452076911559,-0.6487972397208583,-0.0018422569842613,-0.0020042976118824,0.0057458442112887,-0.0090161288847576,0.0941327087918508,0.0009111099619194,0.1087048566986862,0.0022134017111779,0.1588408725424237,0.0028452076911559,7.489113949441057,0.6487972397208583,0.2061712997262975,0.0018422569842613,True
middlesex,direct,0.0014512854854972,0.0044065041171188,0.3293507612665395,74121,9222.0,FORWARD_2025,,grid,True,OK,,0.253164898595262,0.7917988667204376,0.2082011332795623,0.260223822006878,199374.66992488288,0.1829363792827103,0.9471080363417964,1.0076502334515396,0.9213590753985508,18.50079348164629,0.5509596321794432,1.093656382573387,-0.1080378119350164,0.8427503998313632,-7.327078661195713,-0.2050876765562652,0.2089557073235251,0.320923220166644,-0.0003914948003908,0.0001250313997254,0.0004347837434555,-0.001546356947508,-0.0012539353173689,-0.4867619514755139,-0.000758633814229,0.0006211379519874,0.0025301005823988,-0.0037128046216456,0.0936563825733869,0.0004347837434555,0.1080378119350164,0.001546356947508,0.1572496001686367,0.0012539353173689,7.327078661195713,0.4867619514755139,0.2050876765562652,0.000758633814229,True
middlesex,direct,0.0021062295604149,0.0063950954669582,0.3293507612665395,74121,9222.0,FORWARD_2025,,grid,True,OK,,0.2542023697010653,0.7923112913413558,0.2076887086586442,0.2599033932954643,198843.29322156773,0.1825202326897651,0.946965800975754,1.0076686268972024,0.921037394757517,18.48280850183545,0.5513520210482269,1.0940583223143647,-0.1088389212891179,0.841448709886951,-7.562499293354512,-0.2059831884810657,0.2071402780797106,0.3231823393032929,-0.0009039194213089,0.0011625025055287,0.0008367234844333,-0.0023474663016095,-0.0025556252617812,-0.7221825836343134,-0.0016541457390296,-0.0011942912918271,0.0047892197190478,-0.0080954998703635,0.0940583223143647,0.0008367234844333,0.1088389212891179,0.0023474663016095,0.158551290113049,0.0025556252617812,7.562499293354512,0.7221825836343134,0.2059831884810657,0.0016541457390296,True
middlesex,direct,0.0030567403901553,0.0092811092295656,0.3293507612665395,74121,9222.0,FORWARD_2025,,grid,True,OK,,0.2563624261186786,0.792477750377534,0.207522249622466,0.2597992183001082,198286.31902575897,0.1823465752750135,0.9495430571217566,1.0092599901116477,0.9228846661983854,18.450498408336077,0.5527099753168698,1.0935927609124398,-0.1071974271549905,0.843075650533757,-7.50497964615123,-0.2045273031803281,0.2087367282741011,0.3190603975406318,-0.0010703784574871,0.003322558923142,0.0003711620825084,-0.0007059721674822,-0.0009286846149751,-0.6646629364310312,-0.000198260438292,0.0004021589025634,0.0006672779563867,-0.0009702998439742,0.0935927609124398,0.0003711620825084,0.1071974271549905,0.0007059721674822,0.156924349466243,0.0009286846149751,7.50497964615123,0.6646629364310312,0.2045273031803281,0.000198260438292,True
middlesex,direct,0.0044362029611655,0.0134695391141829,0.3293507612665395,74121,9222.0,FORWARD_2025,,grid,True,OK,,0.256868380004788,0.7909901299430184,0.2090098700569815,0.2607287390486417,199282.65858580824,0.1834476016709566,0.9466780569781028,1.0090495883388375,0.9225758889197434,18.585312361359147,0.5532457237187913,1.0937307168522987,-0.1069438407928583,0.8428524226363472,-7.288117279333334,-0.2048840579425258,0.2074636029621549,0.3189175103391193,0.0004172419770283,0.0038285128092514,0.0005091180223673,-0.00045238580535,-0.001151912512385,-0.4478005696131353,-0.0005550152004896,-0.0008709664093827,0.0005243907548742,-0.0027162815086954,0.0937307168522987,0.0005091180223673,0.1069438407928583,0.00045238580535,0.1571475773636528,0.001151912512385,7.288117279333334,0.4478005696131353,0.2048840579425258,0.0005550152004896,True
middlesex,direct,0.0064381969682594,0.0195481466127508,0.3293507612665395,74121,9222.0,FORWARD_2025,,grid,True,OK,,0.2540980735176764,0.7919275638452163,0.2080724361547836,0.2601433823999055,198851.89563059775,0.1823969817837315,0.9486326774984072,1.0081889640826258,0.9218321933648226,18.46105546245707,0.5483628163438582,1.0936794910607193,-0.1084357500629584,0.8420454935055959,-7.782215912926432,-0.2054736527448114,0.2062090469740672,0.3209340489409506,-0.0005201919251695,0.0010582063221398,0.0004578922307878,-0.0019442950754501,-0.0019588416431363,-0.9418992032062334,-0.0011446100027753,-0.0021255223974704,0.0025409293567055,-0.0056017979011451,0.0936794910607192,0.0004578922307878,0.1084357500629584,0.0019442950754501,0.1579545064944041,0.0019588416431363,7.782215912926432,0.9418992032062334,0.2054736527448114,0.0011446100027753,True
middlesex,direct,0.0093436618128071,0.0283699414474569,0.3293507612665395,74121,9222.0,FORWARD_2025,,grid,True,OK,,0.2530873173571145,0.7925829917644227,0.2074170082355773,0.2597333335638054,198550.2659433527,0.182644638878703,0.9482682849743108,1.0089561678324546,0.9233588239788496,18.496501137458846,0.551197763609535,1.0927021452881742,-0.1060983190202554,0.8451100480176231,-7.364128890901585,-0.2030365588039524,0.2096303428242029,0.3160701606040964,-0.0011756198443758,4.745016157792215e-05,-0.0005194535417571,0.0003931359672529,0.0011057128688909,-0.5238121811813867,0.0012924839380837,0.0012957734526652,-0.0023229589801486,0.0063255028298422,0.0927021452881742,-0.0005194535417571,0.1060983190202554,-0.0003931359672529,0.1548899519823768,-0.0011057128688909,7.364128890901585,0.5238121811813867,0.2030365588039524,-0.0012924839380837,True
middlesex,direct,0.0135603207703216,0.0411728842471004,0.3293507612665395,74121,9222.0,FORWARD_2025,,grid,True,OK,,0.2492748785517785,0.790981936643474,0.2090180633565259,0.260733849352101,199379.0458994569,0.1830093866012139,0.9478986831960444,1.009114691344985,0.923668039860894,18.52856310359737,0.5520979673211301,1.0925079658455648,-0.1057280892996567,0.846165959069441,-7.337131794658286,-0.203826082812799,0.2104926667228895,0.3172863842771504,0.0004254352765727,-0.003764988643758,-0.0007136329843666,0.0007633656878515,0.0021616239207088,-0.4968150849380874,0.000502959929237,0.0021580973513518,-0.0011067353070947,0.0024615195299086,0.0925079658455647,-0.0007136329843666,0.1057280892996567,-0.0007633656878515,0.1538340409305589,-0.0021616239207088,7.337131794658286,0.4968150849380874,0.203826082812799,-0.000502959929237,True
middlesex,direct,0.0196798967126543,0.059753609303874,0.3293507612665395,74121,9222.0,FORWARD_2025,,grid,True,OK,,0.2523508113455183,0.7919772428019558,0.2080227571980441,0.260112324890373,198786.3314931316,0.1826324865647823,0.949039604583255,1.00915883933117,0.923211287408278,18.50553850683463,0.5499726237046736,1.093096296693005,-0.1076555235226,0.8441558933925005,-7.596129734197056,-0.2045759745087452,0.2089191576886553,0.3192401069500274,-0.000569870881909,-0.0006890558500183,-0.0001253021369265,-0.0011640685350917,0.0001515582437683,-0.7558130244768577,-0.000246931766709,0.0005845883171175,0.0008469873657823,-0.0012085005802175,0.0930962966930049,-0.0001253021369265,0.1076555235226,0.0011640685350917,0.1558441066074994,-0.0001515582437683,7.596129734197056,0.7558130244768577,0.2045759745087452,0.000246931766709,True
middlesex,direct,0.0285611484551597,0.0867195458887842,0.3293507612665395,74121,9222.0,FORWARD_2025,,grid,True,OK,,0.2534636806737642,0.7919341918938783,0.2080658081061217,0.260139238994943,198685.63046985207,0.1824968533557008,0.9492009301776628,1.009734617617144,0.9237647295948592,18.467836336245345,0.5516292707980702,1.0930647006408103,-0.1065653564461984,0.8442800034386222,-7.686908975528149,-0.2042263581642698,0.2092697680905227,0.3186011716301575,-0.0005268199738314,0.0004238134782276,-0.0001568981891209,-7.390145869008713e-05,0.00027566828989,-0.8465922658079501,0.0001026845777662,0.0009351987189849,0.0002080520459124,0.000502545190778,0.0930647006408105,-0.0001568981891209,0.1065653564461984,7.390145869008713e-05,0.1557199965613778,-0.00027566828989,7.686908975528149,0.8465922658079501,0.2042263581642698,-0.0001026845777662,True
middlesex,direct,0.0414503802021047,0.1258548182573029,0.3293507612665395,74121,9222.0,FORWARD_2025,,grid,True,OK,,0.2542925102152369,0.7912747030205438,0.2087252969794561,0.2605511836729191,199306.99822617095,0.1831912187749224,0.949803929025396,1.0104598075736233,0.9248537729298236,18.56042423066178,0.5491736391842869,1.0925616969400582,-0.1054047247877945,0.8458073427572643,-7.848993972924388,-0.2032269996020496,0.2099866962994159,0.3152341450957374,0.0001326688995029,0.0012526430197002,-0.0006599018898731,0.0010867301997138,0.0018030076085321,-1.0086772632041896,0.0011020431399865,0.0016521269278782,-0.0031589744885076,0.0053934728279321,0.0925616969400582,-0.0006599018898731,0.1054047247877945,-0.0010867301997138,0.1541926572427356,-0.0018030076085321,7.848993972924388,1.0086772632041896,0.2032269996020496,-0.0011020431399865,True
middlesex,direct,0.060156335155656,0.1826512710167147,0.3293507612665395,74121,9222.0,FORWARD_2025,,grid,True,OK,,0.2568873821892083,0.7922950823981522,0.2077049176018478,0.2599135351013795,198586.49420642573,0.1827531036289361,0.9484040370971912,1.0100644570586288,0.9245549617423232,18.528103887850808,0.5549071928801255,1.0924871953043904,-0.104456403556691,0.8461621072555218,-6.825810740735344,-0.2021448130197199,0.2110140184927036,0.3131269355824326,-0.0008877104781053,0.0038475149936717,-0.0007344035255409,0.0020350514308172,0.0021577721067895,0.0145059689848547,0.0021842297223162,0.0026794491211659,-0.0052661840018124,0.0106897663347536,0.0924871953043904,-0.0007344035255409,0.104456403556691,-0.0020350514308172,0.1538378927444782,-0.0021577721067895,6.825810740735344,-0.0145059689848547,0.2021448130197199,-0.0021842297223162,True
middlesex,direct,0.0873040160721099,0.2650791385341776,0.3293507612665395,74121,9222.0,FORWARD_2025,,grid,True,OK,,0.2617645667367294,0.7923842080120869,0.207615791987913,0.2598577650233494,198707.2919492564,0.1829326505458105,0.9488194045443384,1.0102519274038635,0.926380365371966,18.55917821634905,0.5459456047170728,1.0905368519962324,-0.1020984852968485,0.8499822686611201,-6.602099106848873,-0.1993400856075751,0.2092348722872624,0.3091101980691639,-0.0009768360920401,0.0087246995411928,-0.002684746833699,0.0043929696906597,0.0059779335123879,0.2382176028713258,0.0049889571344609,0.0009003029157246,-0.0092829215150812,0.0244162898602696,0.0905368519962324,-0.002684746833699,0.1020984852968485,-0.0043929696906597,0.1500177313388798,-0.0059779335123879,6.602099106848873,-0.2382176028713258,0.1993400856075751,-0.0049889571344609,True
middlesex,direct,0.1267030513510693,0.3847055062627595,0.3293507612665395,74121,9222.0,FORWARD_2025,,grid,True,OK,,0.2585794876249002,0.7925705933661195,0.2074294066338805,0.2597410962570092,197673.4475661716,0.1822779249393668,0.9515512908675484,1.0118290845794915,0.9284450103401428,18.47450998252529,0.5468063255486977,1.089810460835802,-0.1006972523075672,0.8521175688929167,-5.827885069134417,-0.1980757658011021,0.2113515519915343,0.3059685631985286,-0.0011632214460726,0.0055396204293636,-0.0034111379941295,0.005794202679941,0.0081132337441844,1.012431640585782,0.0062532769409339,0.0030169826199965,-0.0124245563857164,0.0306039555464892,0.0898104608358019,-0.0034111379941295,0.1006972523075672,-0.005794202679941,0.1478824311070833,-0.0081132337441844,5.827885069134417,-1.012431640585782,0.1980757658011021,-0.0062532769409339,True
middlesex,direct,0.1838822993940162,0.558317517430004,0.3293507612665395,74121,9222.0,FORWARD_2025,,grid,True,OK,,0.2530509662840028,0.7928745240640536,0.2071254759359464,0.2595507369618396,198119.56091406711,0.1825676032462197,0.950943951661664,1.012108416898893,0.9298935546835436,18.50952956741701,0.547346481103813,1.088413197189358,-0.09664645118799,0.8562138423901008,-5.313289245760492,-0.1938899183582629,0.2156401478837591,0.2938655440620464,-0.0014671521440067,1.109908846619323e-05,-0.0048084016405733,0.0098450037995183,0.0122095072413686,1.5270274639597066,0.0104391243837732,0.0073055785122213,-0.0245275755221986,0.0510897728667605,0.088413197189358,-0.0048084016405733,0.09664645118799,-0.0098450037995183,0.1437861576098992,-0.0122095072413686,5.313289245760492,-1.5270274639597066,0.1938899183582629,-0.0104391243837732,True
middlesex,direct,0.2668657121503905,0.8102781093450075,0.3293507612665395,74121,9222.0,FORWARD_2025,,grid,True,OK,,0.2592960073312955,0.7925980654764142,0.2074019345235858,0.259723895532102,198336.1467506873,0.1834345644448936,0.9521894122293548,1.0132987021898296,0.931706717293732,18.593556466601587,0.5489454449300996,1.0875726056082244,-0.0943610065688374,0.858132243436273,-4.010812028446695,-0.1919209275294132,0.2145263882721576,0.2901812724237342,-0.0011906935563673,0.0062561401357589,-0.0056489932217069,0.0121304484186708,0.0141279082875408,2.8295046812735034,0.0124081152126229,0.0061918189006198,-0.0282118471605108,0.0607261456624551,0.0875726056082244,-0.0056489932217069,0.0943610065688374,-0.0121304484186708,0.1418677565637269,-0.0141279082875408,4.010812028446695,-2.8295046812735034,0.1919209275294132,-0.0124081152126229,True
middlesex,direct,0.3872983346207417,1.175944859308541,0.3293507612665395,74121,9222.0,FORWARD_2025,,"grid,activity",True,OK,,0.2667264145486708,0.7924782396301037,0.2075217603698963,0.2597989120497898,197905.04325855977,0.1837655125444738,0.9537998930885172,1.0159376286717456,0.935476939639552,18.659210253956832,0.5543524253007349,1.0860103393496754,-0.08945602705513,0.86294811215483,-3.915332846714568,-0.1871778392154863,0.2160737713790727,0.2781474381887218,-0.0010708677100568,0.0136865473531342,-0.007211259480256,0.0170354279323783,0.0189437770060978,2.924983863005631,0.0171512035265497,0.0077392020075349,-0.0402456813955233,0.0839391370721736,0.0860103393496753,-0.007211259480256,0.08945602705513,-0.0170354279323783,0.1370518878451699,-0.0189437770060978,3.915332846714568,-2.924983863005631,0.1871778392154863,-0.0171512035265497,True
middlesex,direct,0.5620804515923291,1.70663170605956,0.3293507612665395,74121,9222.0,FORWARD_2025,,"grid,direct_common_hi",True,OK,,0.262342260821516,0.7927612686841188,0.2072387313158812,0.2596216879154938,198313.79793151247,0.1845925836796951,0.9566347532324326,1.0187144024896857,0.942606479316853,18.7669345156794,0.5501718933093799,1.080741990260868,-0.0781611739995357,0.8763856433285054,-0.2002696373574054,-0.1752726914934702,0.2234727251947516,0.2521315309339443,-0.0013538967640719,0.0093023936259794,-0.0124796085690634,0.0283302809879725,0.0323813081797732,6.640047072362793,0.0290563512485658,0.0151381558232138,-0.0662615886503007,0.1422037261988709,0.0807419902608679,-0.0124796085690634,0.0781611739995357,-0.0283302809879725,0.1236143566714945,-0.0323813081797732,0.2002696373574054,-6.640047072362793,0.1752726914934702,-0.0290563512485658,True
middlesex,direct,0.8157392010776716,2.476809824093602,0.3293507612665395,74121,9222.0,FORWARD_2025,,grid,True,OK,,0.2683601007160919,0.7914290574420328,0.2085709425579672,0.2604548257665799,200732.42319753545,0.1860680992578728,0.9599651848009207,1.021537973789654,0.9479865199327904,18.921004592998784,0.5530546526983158,1.0775870250371054,-0.0703563074819659,0.8850706751586289,0.4595239087380457,-0.1687005806676642,0.2256096166406714,0.2405621308546878,-2.168552198597573e-05,0.0153202335205553,-0.015634573792826,0.0361351475055423,0.0410663400098967,7.299840618458244,0.0356284620743719,0.0172750472691337,-0.0778309887295573,0.1743680761004326,0.0775870250371053,-0.015634573792826,0.0703563074819659,-0.0361351475055423,0.114929324841371,-0.0410663400098967,0.4595239087380457,-6.380792800982153,0.1687005806676642,-0.0356284620743719,True
middlesex,direct,1.1838704624751253,3.594558148043974,0.3293507612665395,74121,9222.0,FORWARD_2025,,grid,True,OK,,0.2586050046360124,0.790106146028235,0.2098938539717649,0.2612795188467318,200438.9869161237,0.1869926761802706,0.9610649717247608,1.0249348058154573,0.9543343176645336,19.068843612798556,0.5507090268166333,1.0739787795996885,-0.0613897048016378,0.8939934339942759,3.889918120013161,-0.1588014655699606,0.2278393778384636,0.2178726250996595,0.0013012258918117,0.0055651374404758,-0.0192428192302429,0.0451017501858704,0.0499890988455437,10.73023482973336,0.0455275771720754,0.0195048084669259,-0.1005204944845855,0.2228150074072127,0.0739787795996884,-0.0192428192302429,0.0613897048016378,-0.0451017501858704,0.1060065660057241,-0.0499890988455437,3.889918120013161,-2.9503985897070377,0.1588014655699606,-0.0455275771720754,True
middlesex,direct,1.7181340188990342,5.216730067031998,0.3293507612665395,74121,9222.0,FORWARD_2025,,grid,True,OK,,0.2642158713269833,0.78903082172456,0.21096917827544,0.2619479550054581,203913.3555842964,0.1897103527966041,0.9638014600755002,1.0292262479600816,0.9643320971986036,19.322559002419617,0.5584740113571588,1.0672944009122958,-0.0458580698737696,0.9115817364776672,5.698378026584703,-0.143510250853333,0.232791845143309,0.1971893784931634,0.0023765501954868,0.0111760041314467,-0.0259271979176356,0.0606333851137386,0.0675774013289349,12.5386947363049,0.0608187918887031,0.0244572757717713,-0.1212037410910816,0.2976512348540017,0.0672944009122957,-0.0259271979176356,0.0458580698737696,-0.0606333851137386,0.0884182635223328,-0.0675774013289349,5.698378026584703,-1.1419386831354954,0.143510250853333,-0.0608187918887031,True
middlesex,direct,2.4935029637671797,7.5709646280404925,0.3293507612665395,74121,9222.0,FORWARD_2025,,grid,True,OK,,0.2634179463255581,0.7872811647773958,0.2127188352226041,0.2630319349605524,206962.79141315265,0.1916823255318205,0.9661544137886664,1.0341647589592602,0.973974845991762,19.561970953552823,0.5551475905032921,1.0617982211914407,-0.0345749048725471,0.9262262621603192,9.599823242173407,-0.1317926870522976,0.2415398534857182,0.1849393815782519,0.0041262071426509,0.0103780791300215,-0.0314233776384906,0.0719165501149611,0.0822219270115869,16.440139951893606,0.0725363556897385,0.0332052841141804,-0.1334537380059931,0.3549977757264547,0.0617982211914407,-0.0314233776384906,0.0345749048725471,-0.0719165501149611,0.0737737378396808,-0.0822219270115869,9.599823242173407,2.7595065324532104,0.1317926870522976,-0.0725363556897385,True
middlesex,direct,3.618784659359615,10.987631075888048,0.3293507612665395,74121,9222.0,FORWARD_2025,,grid,True,OK,,0.2629081133026344,0.782581267399069,0.217418732600931,0.2659218273950544,212315.3911756152,0.1957960876752188,0.971362634634878,1.0404046803284854,0.9865073638521302,19.96268142540921,0.5629754000057635,1.0546344796311464,-0.0167530491593161,0.945641080909664,14.324257333541928,-0.113959590392553,0.2454431133046866,0.1750904650176601,0.0088261045209778,0.0098682461070978,-0.0385871191987849,0.0897384058281921,0.1016367457609319,21.164574043262128,0.090369452349483,0.0371085439331489,-0.143302654566585,0.4422741433951404,0.0546344796311464,-0.0385871191987849,0.0167530491593161,-0.0897384058281921,0.0543589190903358,-0.1016367457609319,14.324257333541928,7.483940623821729,0.113959590392553,-0.090369452349483,True
middlesex,direct,5.2518896512686215,15.94618950043456,0.3293507612665395,74121,9222.0,FORWARD_2025,,grid,True,OK,,0.2600892178018574,0.7792580464070569,0.220741953592943,0.2679464130260213,216234.36485394507,0.1990539259069132,0.9725804441320194,1.043960768465687,0.9931061091880992,20.29797413940577,0.5653436171486321,1.0512076794282974,-0.0078778581717361,0.9544098749347326,16.834181265235376,-0.105477041916221,0.2457742418032636,0.1713590470083618,0.0121493255129898,0.0070493506063208,-0.042013919401634,0.0986135968157721,0.1104055397860004,23.67449797495557,0.0988520008258151,0.0374396724317258,-0.1470340725758832,0.4837883029218466,0.0512076794282974,-0.042013919401634,0.0078778581717361,-0.0986135968157721,0.0455901250652673,-0.1104055397860004,16.834181265235376,9.993864555515175,0.105477041916221,-0.0988520008258151,True
middlesex,direct,7.621991222319222,23.14247337096889,0.3293507612665395,74121,9222.0,FORWARD_2025,,grid,True,OK,,0.2664575850569747,0.7742443210705948,0.2257556789294052,0.2709722694191174,221700.3139672788,0.2032083404016543,0.9744783313298108,1.04805537980937,1.001518429306047,20.704337526493298,0.569197508043444,1.0464663945680643,0.0034449874332808,0.9670008952830182,19.31856392373435,-0.0947724536639781,0.2463833894449793,0.171325384791921,0.017163050849452,0.013417717861438,-0.046755204261867,0.1099364424207892,0.122996560134286,26.158880633454547,0.109556589078058,0.0380488200734416,-0.1470677347923241,0.5361772737142041,0.0464663945680643,-0.046755204261867,0.0034449874332808,-0.1030464675542274,0.0329991047169817,-0.122996560134286,19.31856392373435,12.47824721401415,0.0947724536639781,-0.109556589078058,True
middlesex,direct,11.061685231539125,33.58633570179314,0.3293507612665395,74121,9222.0,FORWARD_2025,,"grid,guardrail",True,OK,,0.2445651594344701,0.7690128649162482,0.2309871350837517,0.27409392050415,227305.4875025998,0.207174691064131,0.977714003443307,1.0519523456060258,1.0097431113804771,21.080254531981847,0.5705594260383346,1.041801953140182,0.0157281987544831,0.9796618468034776,21.758279128451765,-0.0826913361509779,0.2523193846907753,0.1756790262467497,0.0223945070037985,-0.0084747077610665,-0.0514196456897493,0.1222196537419914,0.1356575116547453,28.598595838171963,0.1216377065910581,0.0439848153192376,-0.1427140933374954,0.595303070766229,0.041801953140182,-0.0514196456897493,0.0157281987544831,-0.0907632562330251,0.0203381531965224,-0.1356575116547453,21.758279128451765,14.917962418731566,0.0826913361509779,-0.1216377065910581,True
middlesex,direct,16.05366322167172,48.74336151504957,0.3293507612665395,74121,9222.0,FORWARD_2025,,grid,True,OK,,0.2493280384538149,0.7633741919335194,0.2366258080664806,0.2774192298221576,233115.2974252822,0.2119536237861901,0.978292419078138,1.0564365298012772,1.0160699124285864,21.566007240358267,0.5876007199612214,1.0397281888568155,0.0227376235535764,0.9860685301484567,22.124346325276395,-0.0783727518976977,0.2522626957084961,0.17859101817105,0.0280331799865274,-0.0037118287417217,-0.0534934099731159,0.1292290785410847,0.1420641949997246,28.964663034996597,0.1259562908443384,0.0439281263369584,-0.139802101413195,0.6164385109137779,0.0397281888568155,-0.0534934099731159,0.0227376235535764,-0.0837538314339318,0.0139314698515431,-0.1420641949997246,22.124346325276395,15.284029615556197,0.0783727518976977,-0.1259562908443384,True
middlesex,direct,23.298448422672752,70.74053308113535,0.3293507612665395,74121,9222.0,FORWARD_2025,,grid,True,OK,,0.2480662243782692,0.7581296951148943,0.2418703048851057,0.2804766959177103,239560.36103335867,0.2157935209472274,0.974963208192938,1.0551171488259532,1.0193051490684588,22.004547418144284,0.5722921658823258,1.0351337377136012,0.0312364506973825,0.9963404340769983,23.30566432143686,-0.071109525372961,0.2474756285368433,0.1801132515739423,0.0332776768051525,-0.0049736428172674,-0.0580878611163302,0.1377279056848909,0.1523360989282662,30.14598103115706,0.1332195173690751,0.0391410591653056,-0.1382798680103027,0.6519852272653368,0.0351337377136011,-0.0580878611163302,0.0312364506973825,-0.0752550042901257,0.0036595659230015,-0.1523360989282662,23.30566432143686,16.465347611716663,0.071109525372961,-0.1332195173690751,True
middlesex,direct,33.81270003043063,102.66470889698788,0.3293507612665395,74121,9222.0,FORWARD_2025,,grid,True,OK,,0.2216731817852336,0.7460231404198254,0.2539768595801746,0.2874104674859559,251056.29401207055,0.2228170854458902,0.9721114048985232,1.0589759783354569,1.025793372129071,22.76651494949634,0.6084120380116993,1.0323482361145635,0.0439811528664905,1.004839032584912,25.55475230767377,-0.0681410735065188,0.2393276019139844,0.1762024116465982,0.0453842315002213,-0.0313666854103029,-0.0608733627153676,0.1504726078539989,0.1608346974361797,32.395069017393965,0.1361879692355172,0.0309930325424467,-0.1421907079376468,0.6665130292195101,0.0323482361145637,-0.0608733627153676,0.0439811528664905,-0.0625103021210177,0.0048390325849119,-0.1511566322663559,25.55475230767377,18.714435597953567,0.0681410735065188,-0.1361879692355172,True
middlesex,direct,49.071880779635485,148.9958018949961,0.3293507612665395,74121,9222.0,FORWARD_2025,,grid,True,OK,,0.2044098298088826,0.7274169616254439,0.2725830383745561,0.2977521600251833,263877.92541873286,0.2334768822195626,0.9779051826030332,1.0655375238912694,1.031969118256146,23.78198930549144,0.5909943310168578,1.03252849822856,0.0522850807844806,1.0045516716781435,28.762775246044157,-0.0671664557991549,0.2293153062315446,0.1709900234303525,0.0639904102946029,-0.0486300373866539,-0.0606931006013715,0.1587765357719889,0.1605473365294115,35.60309195576436,0.1371625869428811,0.0209807368600069,-0.1474030961538925,0.6712828734584142,0.0325284982285598,-0.0606931006013715,0.0522850807844806,-0.0542063742030277,0.0045516716781437,-0.151443993173124,28.762775246044157,21.922458536323955,0.0671664557991549,-0.1371625869428811,True
middlesex,direct,71.21730832153513,216.23544469022752,0.3293507612665395,74121,9222.0,FORWARD_2025,,grid,True,OK,,-68.09972489100832,-2.448972816330195,3.448972816330195,1.0591327379953628,1812822.941734797,1.47323820062423,0.9487666519897892,2.004572575662598,2.1075700989857804,155.1373594936338,5.815046490788228,0.9511297283194768,3.1883030506912085,1.2029672860820402,391.2480180232269,-0.0575799977840312,0.0177924910746129,0.1099225141542574,3.2403801882502417,-68.35276475820386,-0.1420918705104547,3.2947945056787167,0.358962950933308,398.0883347329471,0.1467490449580049,-0.1905420782969247,-0.2084706054299876,0.7181996400936232,0.0488702716805232,-0.0443513271494081,3.1883030506912085,3.0818115957037,0.2029672860820401,0.0469716212307723,391.2480180232269,384.4077013135067,0.0575799977840312,-0.1467490449580049,True
middlesex,direct,103.35664588322452,313.8193623289647,0.3293507612665395,74121,9222.0,FORWARD_2025,,grid,True,NUMERICALLY_UNSTABLE_RHO,Non-finite gradient or Hessian in LGBCovPenalty.diff.,,,,,,,,,,,,,,,,,,,,,,,,,,,,,,,,,,,,,,,True
middlesex,direct,150.0,455.4414856160203,0.3293507612665395,74121,9222.0,FORWARD_2025,,grid,True,DIVERGED_OUTSIDE_TRAINING_SUPPORT,"pred_log in [-1.647e+36,3.34e+36] left training-support window [2.787,26.89]",,,,,,,,,,,,,,,,,,,,,,,,,,,,,,,,,,,,,,,True
middlesex,surrogate,0.001,0.0030362765707734,0.3293507612665395,74121,9222.0,FORWARD_2025,,grid,True,OK,,0.2629838838689006,0.791653577981467,0.208346422018533,0.2603146020061228,199222.21706160592,0.1832162609780455,0.9475671660526782,1.008372202065944,0.9218472399183456,18.565687545796703,0.5534502472707266,1.0938604124423723,-0.1085711832751422,0.8422490419216048,-8.278336309862631,-0.205975274310712,0.2069476824169571,0.3235929737587605,0.0011081840084534,0.0017564554403947,0.0007013897232044,-0.0012831468699361,-0.0014327734588536,-0.5477614827246189,-0.0017192678050565,-0.0017891197097309,0.0048359750107138,-0.008417220303428,0.0938604124423723,0.0007013897232044,0.1085711832751422,0.0012831468699361,0.1577509580783952,0.0014327734588536,8.278336309862631,0.5477614827246189,0.205975274310712,0.0017192678050565,True
middlesex,surrogate,0.0014512854854972,0.0044065041171188,0.3293507612665395,74121,9222.0,FORWARD_2025,,grid,True,OK,,0.2535076138498574,0.7916790100419437,0.2083209899580562,0.2602987137113316,199469.20552146327,0.1827219910418878,0.948206229204846,1.00850785532662,0.9223448793708808,18.49742927883041,0.5544558577357966,1.0934173083006755,-0.1068552444636715,0.8432144221445512,-7.46832368657974,-0.2048771225380949,0.2065343465349057,0.3213004507622733,0.0010827519479765,-0.0077198145786484,0.0002582855815078,0.0004327919415344,-0.0004673932359071,0.2622511405582717,-0.0006211160324394,-0.0022024555917823,0.0025434520142266,-0.0030408703423965,0.0934173083006757,0.0002582855815078,0.1068552444636715,-0.0004327919415344,0.1567855778554487,0.0004673932359071,7.46832368657974,-0.2622511405582717,0.2048771225380949,0.0006211160324394,True
middlesex,surrogate,0.0021062295604149,0.0063950954669582,0.3293507612665395,74121,9222.0,FORWARD_2025,,grid,True,OK,,0.2593164233328205,0.79226358299601,0.20773641700399,0.2599332428932768,199132.41511342968,0.1827750028453362,0.948309409594474,1.008984370210579,0.922279046938212,18.50322039925437,0.5541768373911136,1.094012027661489,-0.1082214983882292,0.8417094697775128,-7.28948299805521,-0.2057801620549695,0.2069470413351312,0.3231492738941338,0.0004981789939103,-0.0019110050956853,0.0008530049423212,-0.0009334619830232,-0.0019723456029455,0.4410918290828016,-0.0015241555493139,-0.0017897607915568,0.0043922751460871,-0.0074619864325593,0.094012027661489,0.0008530049423212,0.1082214983882292,0.0009334619830232,0.1582905302224871,0.0019723456029455,7.28948299805521,-0.4410918290828016,0.2057801620549695,0.0015241555493139,True
middlesex,surrogate,0.0030567403901553,0.0092811092295656,0.3293507612665395,74121,9222.0,FORWARD_2025,,grid,True,OK,,0.2608555197439095,0.7924574747976507,0.2075425252023492,0.259811909592621,199362.2817334802,0.1829373049555934,0.9485816299451992,1.0089145717770014,0.9234651608276369,18.4985709445517,0.5484351903079699,1.0925312773822269,-0.1059382672209956,0.8450299693215095,-6.309699779319049,-0.2033768714215863,0.2078433986038102,0.3185563365423824,0.0003042871922696,-0.0003719086845963,-0.0006277453369412,0.0013497691842103,0.0013481539410511,1.4208750478189636,0.0008791350840692,-0.0008934035228779,-0.0002006622056642,0.0043040843650533,0.0925312773822266,-0.0006277453369412,0.1059382672209956,-0.0013497691842103,0.1549700306784904,-0.0013481539410511,6.309699779319049,-1.4208750478189636,0.2033768714215863,-0.0008791350840692,True
middlesex,surrogate,0.0044362029611655,0.0134695391141829,0.3293507612665395,74121,9222.0,FORWARD_2025,,grid,True,OK,,0.25763323213858,0.7926728596541324,0.2073271403458675,0.2596770599350338,198936.96334182756,0.1832038199404816,0.9482264216737966,1.0099317062060145,0.924747584107014,18.52232258106224,0.5539352326142755,1.0921160796340537,-0.1052870635889583,0.8467296001210606,-6.895020366515797,-0.2023277438833096,0.2098859754376457,0.3160911061557226,8.890233578795481e-05,-0.0035941962899258,-0.0010429430851142,0.0020009728162476,0.0030477847406021,0.8355544606222152,0.0019282626223458,0.0011491733109576,-0.002665892592324,0.0094404206531497,0.0921160796340536,-0.0010429430851142,0.1052870635889583,-0.0020009728162476,0.1532703998789394,-0.0030477847406021,6.895020366515797,-0.8355544606222152,0.2023277438833096,-0.0019282626223458,True
middlesex,surrogate,0.0064381969682594,0.0195481466127508,0.3293507612665395,74121,9222.0,FORWARD_2025,,grid,True,OK,,0.2579425284612493,0.7914906991143627,0.2085093008856373,0.2604163351282603,200539.72453144685,0.1834740106946514,0.9468556137580476,1.0088789487749203,0.9242018026816208,18.574130179937068,0.5457081905323377,1.091621922666245,-0.1055101742623692,0.8471925548537872,-7.696852958825242,-0.20310574604708,0.2073367292874391,0.3203693522258544,0.0012710628755576,-0.0032848999672565,-0.0015371000529229,0.0017778621428368,0.0035107394733288,0.03372186831277,0.0011502604585755,-0.001400072839249,0.0016123534778077,0.0056314645441952,0.0916219226662449,-0.0015371000529229,0.1055101742623692,-0.0017778621428368,0.1528074451462128,-0.0035107394733288,7.696852958825242,-0.03372186831277,0.20310574604708,-0.0011502604585755,True
middlesex,surrogate,0.0093436618128071,0.0283699414474569,0.3293507612665395,74121,9222.0,FORWARD_2025,,grid,True,OK,,0.2640565423990978,0.7924272656765448,0.2075727343234552,0.2598308175341338,199870.8895444708,0.1829609177618849,0.9482678728134936,1.0078397562884904,0.9234448973679492,18.509460027456825,0.5470578790607326,1.0913913316983914,-0.1051421855332907,0.8473263360829966,-6.875483422153029,-0.2019218496951096,0.2059194760417716,0.3168632199380828,0.0003344963133755,0.0028291139705919,-0.0017676910207764,0.0021458508719152,0.0036445207025381,0.8550914049849831,0.0023341568105458,-0.0028173260849165,-0.0018937788099638,0.0114276042623071,0.0913913316983914,-0.0017676910207764,0.1051421855332907,-0.0021458508719152,0.1526736639170034,-0.0036445207025381,6.875483422153029,-0.8550914049849831,0.2019218496951096,-0.0023341568105458,True
middlesex,surrogate,0.0135603207703216,0.0411728842471004,0.3293507612665395,74121,9222.0,FORWARD_2025,,grid,True,OK,,0.2640876059674313,0.7919151176326487,0.2080848823673513,0.2601511627466878,200170.7004644055,0.1837266118190078,0.9456597131138595,1.0071342847344629,0.923041789987176,18.595615661232596,0.5485687151625631,1.0911036701257644,-0.1038127895033481,0.8482309022466735,-7.048160754874805,-0.2008172393333135,0.2063292055619672,0.3143537755104227,0.0008466443572716,0.0028601775389254,-0.0020553525934035,0.0034752469018578,0.0045490868662151,0.6824140722632075,0.0034387671723419,-0.0024075965647208,-0.0044032232376239,0.0168355742931199,0.0911036701257643,-0.0020553525934035,0.1038127895033481,-0.0034752469018578,0.1517690977533264,-0.0045490868662151,7.048160754874805,-0.6824140722632075,0.2008172393333135,-0.0034387671723419,True
middlesex,surrogate,0.0196798967126543,0.059753609303874,0.3293507612665395,74121,9222.0,FORWARD_2025,,grid,True,OK,,0.2668050002738525,0.791859839259951,0.208140160740049,0.2601857154201548,200998.43073276876,0.1845522416253145,0.9480698742523462,1.0091878225713955,0.9270999666029204,18.698524212891485,0.5509849597797605,1.088542615602999,-0.0975097538733725,0.8549787581144701,-6.21511494728403,-0.1949787678651589,0.2088315683319843,0.2999046602930995,0.0009019227299694,0.0055775718453466,-0.0046164071161689,0.0097782825318334,0.0112969427340117,1.5154598798539825,0.0092772386404966,9.476620529619284e-05,-0.0188523384549471,0.0454196613319166,0.0885426156029989,-0.0046164071161689,0.0975097538733725,-0.0097782825318334,0.1450212418855299,-0.0112969427340117,6.21511494728403,-1.5154598798539825,0.1949787678651589,-0.0092772386404966,True
middlesex,surrogate,0.0285611484551597,0.0867195458887842,0.3293507612665395,74121,9222.0,FORWARD_2025,,grid,True,OK,,0.2707231145563127,0.7906704995606132,0.2093295004393868,0.2609280238718137,201544.4833768857,0.1849696747585631,0.9471648228766892,1.0083904420249172,0.9271819720924818,18.75360411051647,0.5507973729774202,1.0875863340495746,-0.0966370738776918,0.8572289232491124,-6.1926540284356095,-0.1943235670065988,0.2077970319205296,0.3005940116204248,0.0020912624293071,0.0094956861278068,-0.0055726886695932,0.0106509625275141,0.0135471078686539,1.5379207987024026,0.0099324394990567,-0.0009397702061584,-0.0181629871276218,0.0486274047406372,0.0875863340495746,-0.0055726886695932,0.0966370738776918,-0.0106509625275141,0.1427710767508876,-0.0135471078686539,6.1926540284356095,-1.5379207987024026,0.1943235670065988,-0.0099324394990567,True
middlesex,surrogate,0.0414503802021047,0.1258548182573029,0.3293507612665395,74121,9222.0,FORWARD_2025,,grid,True,OK,,0.260346293926799,0.7891772316431891,0.2108227683568109,0.261857044960417,203595.03668605187,0.1862246789267872,0.9460025203501764,1.0078601880141729,0.9279144802494032,18.84058518363233,0.5499244376054712,1.0861563317163472,-0.0928411267121021,0.86062106883665,-4.526245736950379,-0.1915381304992203,0.2070804090736881,0.2921421823847014,0.0035845303467313,-0.0008811345017069,-0.0070026910028206,0.0144469096931038,0.0169392534561916,3.204329090187633,0.0127178760064351,-0.001656393053,-0.0266148163633452,0.0622643917503744,0.0861563317163471,-0.0070026910028206,0.0928411267121021,-0.0144469096931038,0.1393789311633499,-0.0169392534561916,4.526245736950379,-3.204329090187633,0.1915381304992203,-0.0127178760064351,True
middlesex,surrogate,0.060156335155656,0.1826512710167147,0.3293507612665395,74121,9222.0,FORWARD_2025,,"grid,guardrail",True,OK,,0.2690736287284471,0.7881075420383619,0.2118924579616381,0.2625205201482629,204878.8510099626,0.1872165197056458,0.9443905926344408,1.0066229289641375,0.927795770438056,18.973631114187054,0.5495901807983031,1.0849617567116778,-0.0907100743306523,0.8632177710920781,-4.311055229196689,-0.189546541227712,0.2037987919330598,0.2888466828034306,0.0046542199515585,0.0078462002999412,-0.00819726600749,0.0165779620745536,0.0195359557116197,3.4195195979413238,0.0147094652779434,-0.0049380101936282,-0.029910315944616,0.0720148480800547,0.0849617567116778,-0.00819726600749,0.0907100743306523,-0.0165779620745536,0.1367822289079219,-0.0195359557116197,4.311055229196689,-3.4195195979413238,0.189546541227712,-0.0147094652779434,True
middlesex,surrogate,0.0873040160721099,0.2650791385341776,0.3293507612665395,74121,9222.0,FORWARD_2025,,grid,True,OK,,0.2808612043203382,0.7866921008813261,0.2133078991186739,0.2633958789836617,206485.07176194224,0.189183744717049,0.9430348066382956,1.0066653718642655,0.9291606889669738,19.203572735010745,0.5526067314334789,1.0834136482716037,-0.0848381637639078,0.8669986849726673,-3.6675494690536814,-0.184207257876475,0.2026711655050221,0.2756704205421706,0.0060696611085943,0.0196337758918323,-0.0097453744475644,0.0224498726412982,0.0233168695922089,4.06302535808433,0.0200487486291805,-0.006065636621666,-0.043086578205876,0.0981550015207283,0.0834136482716034,-0.0097453744475644,0.0848381637639078,-0.0224498726412982,0.1330013150273327,-0.0233168695922089,3.6675494690536814,-4.06302535808433,0.184207257876475,-0.0200487486291805,True
middlesex,surrogate,0.1267030513510693,0.3847055062627595,0.3293507612665395,74121,9222.0,FORWARD_2025,,grid,True,OK,,0.2870283939455057,0.7844115358659904,0.2155884641340096,0.2648001738870668,208056.11582960607,0.1905200477850478,0.9415375847944226,1.0036044996236997,0.9280924300590712,19.331098586744304,0.5529129433943599,1.081362660785653,-0.0787510815533042,0.8724512577320424,-3.20709721494764,-0.1783917811026958,0.2026598800408187,0.2610198053909067,0.0083502261239299,0.0258009655169998,-0.0117963619335148,0.0285369548519017,0.0287694423515839,4.523477612190373,0.0258642254029596,-0.0060769220858694,-0.0577371933571399,0.1266265107471565,0.081362660785653,-0.0117963619335148,0.0787510815533042,-0.0285369548519017,0.1275487422679576,-0.0287694423515839,3.20709721494764,-4.523477612190373,0.1783917811026958,-0.0258642254029596,True
middlesex,surrogate,0.1838822993940162,0.558317517430004,0.3293507612665395,74121,9222.0,FORWARD_2025,,grid,True,OK,,0.2688933330247002,0.779837697132241,0.2201623028677589,0.2675943788395089,210829.15379857476,0.1931615856916132,0.9394720062351612,1.00250910972829,0.9306288355365112,19.57791236851204,0.5434165012691833,1.0772383913403454,-0.0695111890240362,0.8820575346809373,-1.773075525090522,-0.171160344401625,0.2040073698712429,0.2453762762989452,0.0129240648576793,0.0076659045961943,-0.0159206313788224,0.0377768473811698,0.0383757193004788,5.9574993020474905,0.0330956621040304,-0.0047294322554452,-0.0733807224491014,0.1620303004558845,0.0772383913403453,-0.0159206313788224,0.0695111890240362,-0.0377768473811698,0.1179424653190627,-0.0383757193004788,1.773075525090522,-5.9574993020474905,0.171160344401625,-0.0330956621040304,True
middlesex,surrogate,0.2668657121503905,0.8102781093450075,0.3293507612665395,74121,9222.0,FORWARD_2025,,"grid,activity",True,OK,,0.2630994191003495,0.769577216181297,0.2304227838187029,0.2737588805274517,214190.52646366844,0.1984562954525749,0.9379728520332532,1.0011134022690673,0.9300694599617152,20.206901395571425,0.5613777229338628,1.076385630714373,-0.0594929326666015,0.8857111422514702,0.8930554209700116,-0.1652534462737259,0.2015656750693017,0.2230138570931532,0.0231845458086232,0.0018719906718436,-0.0167733920047945,0.0477951037386044,0.0420293268710117,8.623630248108023,0.0390025602319296,-0.0071711270573864,-0.0957431416548935,0.1909493918889954,0.0763856307143733,-0.0167733920047945,0.0594929326666015,-0.0477951037386044,0.1142888577485298,-0.0420293268710117,0.8930554209700116,-6.837519406168001,0.1652534462737259,-0.0390025602319296,True
middlesex,surrogate,0.3872983346207417,1.175944859308541,0.3293507612665395,74121,9222.0,FORWARD_2025,,grid,True,OK,,0.248097694313319,0.7601409703365374,0.2398590296634625,0.2793081079459663,218047.99913134545,0.2024472519709,0.9352720493291518,0.9986344528894754,0.9305054353496344,20.63649747584808,0.5680796884074946,1.073217216097445,-0.0468187348964221,0.8941645748256296,2.981311264838641,-0.1552691780216962,0.1995754171093464,0.1964281114758458,0.0326207916533829,-0.0131297341151868,-0.0199418066217229,0.0604693015087838,0.0504827594451712,10.711886091976654,0.0489868284839593,-0.0091613850173417,-0.1223288872722008,0.2398305407121671,0.0732172160974449,-0.0199418066217229,0.0468187348964221,-0.0604693015087838,0.1058354251743703,-0.0504827594451712,2.981311264838641,-4.749263562299371,0.1552691780216962,-0.0489868284839593,True
middlesex,surrogate,0.5620804515923291,1.70663170605956,0.3293507612665395,74121,9222.0,FORWARD_2025,,grid,True,OK,,0.2482268641459487,0.7498065225505772,0.2501934774494228,0.285261721249186,222017.4205192781,0.2074968853052583,0.9302423442407712,0.9920768398621492,0.9284190484748768,21.15883279352792,0.5729242939169853,1.0685657963307018,-0.032171964872092,0.9061379699138056,5.6524867305187545,-0.1405606360716653,0.1985042877715417,0.1675981925509067,0.0429552394393432,-0.0130005642825571,-0.024593226388466,0.0751160715331139,0.0624561545333473,13.383061557656768,0.0636953704339902,-0.0102325143551464,-0.1511588061971399,0.3118408683478623,0.0685657963307018,-0.024593226388466,0.032171964872092,-0.0751160715331139,0.0938620300861943,-0.0624561545333473,5.6524867305187545,-2.0780880966192576,0.1405606360716653,-0.0636953704339902,True
middlesex,surrogate,0.8157392010776716,2.476809824093602,0.3293507612665395,74121,9222.0,FORWARD_2025,,grid,True,OK,,0.2624529462076496,0.7335150515924476,0.2664849484075525,0.294402740769427,228374.76961295432,0.2156720383000366,0.9270156240294464,0.9888006051567598,0.9291302853458634,22.07406489526401,0.5844716352796875,1.064221692858375,-0.0160149130083633,0.9188829600113302,8.506346198729256,-0.1273315903691564,0.1969858890854441,0.14772061579193,0.0592467103974728,0.0012255177791437,-0.0289373298607928,0.0912731233968426,0.0752011446308718,16.236921025867268,0.0769244161364991,-0.0117509130412439,-0.1710363829561166,0.3766078533135778,0.0642216928583749,-0.0289373298607928,0.0160149130083633,-0.0912731233968426,0.0811170399886698,-0.0752011446308718,8.506346198729256,0.7757713715912438,0.1273315903691564,-0.0769244161364991,True
middlesex,surrogate,1.1838704624751253,3.594558148043974,0.3293507612665395,74121,9222.0,FORWARD_2025,,grid,True,OK,,0.2623169803205825,0.7184593591749493,0.2815406408250506,0.3026049682139953,232935.72033423,0.2222109372231953,0.9207556453260164,0.9852629236576896,0.9290073704586308,22.84853363861276,0.592104477256006,1.0605544745799882,-0.0016169952534017,0.9285228625804708,12.288960596387351,-0.1142042255452942,0.1921498134081293,0.1357096270426191,0.074302402814971,0.0010895518920766,-0.0326045481391796,0.1056710411518042,0.0848410472000122,20.01953542352536,0.0900517809603612,-0.0165869887185587,-0.1830473717054275,0.4408770273194774,0.0605544745799881,-0.0326045481391796,0.0016169952534017,-0.1056710411518042,0.0714771374195293,-0.0848410472000122,12.288960596387351,4.558385769249339,0.1142042255452942,-0.0900517809603612,True
middlesex,surrogate,1.7181340188990342,5.216730067031998,0.3293507612665395,74121,9222.0,FORWARD_2025,,grid,True,OK,,0.2446576654200998,0.7007342014470295,0.2992657985529706,0.3119852413440903,238932.5914737793,0.2282499225206511,0.915849975745904,0.9768171028434954,0.923917618141919,23.416647398045374,0.5906404140263265,1.0572556293579096,0.0121864770543736,0.9363677472401862,14.192107364825093,-0.1021017474334324,0.191727411802482,0.1367484342875221,0.0920275605428909,-0.016569763008406,-0.0359033933612582,0.1194745134595796,0.0926859318597278,21.922682191963105,0.102154259072223,-0.017009390324206,-0.1820085644605245,0.5001285436832164,0.0572556293579096,-0.0359033933612582,0.0121864770543736,-0.0951015593508324,0.0636322527598137,-0.0926859318597278,14.192107364825093,6.461532537687081,0.1021017474334324,-0.102154259072223,True
middlesex,surrogate,2.4935029637671797,7.5709646280404925,0.3293507612665395,74121,9222.0,FORWARD_2025,,grid,True,OK,,0.2515923168982938,0.6757734809869884,0.3242265190130116,0.3247355039557226,247413.26919251535,0.2396018189071053,0.906297513782328,0.9711489113872788,0.9248388310991594,24.69199372012728,0.6038908705558887,1.050073676332427,0.0353736181000748,0.956748777121054,18.931440038767523,-0.080896212083193,0.1946288897105753,0.1497366134698677,0.1169882810029319,-0.009635111530212,-0.0430853463867408,0.1426616545052808,0.1130669617405957,26.662014865905533,0.1233597944224625,-0.0141079124161127,-0.1690203852781789,0.603946961134026,0.0500736763324269,-0.0430853463867408,0.0353736181000748,-0.0719144183051311,0.0432512228789458,-0.1130669617405957,18.931440038767523,11.20086521162951,0.080896212083193,-0.1233597944224625,True
middlesex,surrogate,3.618784659359615,10.987631075888048,0.3293507612665395,74121,9222.0,FORWARD_2025,,grid,True,OK,,0.2592449843065026,0.6580355615274454,0.3419644384725545,0.3335001083226067,251030.8045783393,0.2455340513103111,0.9023354242031364,0.9679882516140844,0.924935255204562,25.45530290075248,0.6217148086816516,1.0465470379329422,0.0499938428957071,0.9673899847715652,20.52845134217628,-0.0657948571709189,0.1945993377364856,0.1681983438439845,0.1347262004624749,-0.0019824441220032,-0.0466119847862256,0.1572818793009132,0.1237081693911068,28.25902616931429,0.1384611493347365,-0.0141374643902024,-0.1505586549040622,0.6778804290923157,0.0465470379329422,-0.0466119847862256,0.0499938428957071,-0.0572941935094988,0.0326100152284347,-0.1237081693911068,20.52845134217628,12.797876515038269,0.0657948571709189,-0.1384611493347365,True
middlesex,surrogate,5.2518896512686215,15.94618950043456,0.3293507612665395,74121,9222.0,FORWARD_2025,,grid,True,OK,,0.2521406371307719,0.6352968646940431,0.3647031353059569,0.3444096053390709,257906.81015751816,0.2526086739601711,0.8953601190759506,0.9608977086899814,0.9189233639623136,26.242133088941333,0.6216600759571499,1.0456777424253076,0.0588531284842041,0.9703027227330432,22.022143671270477,-0.0605276443336867,0.1971672669606981,0.1786994719380356,0.1574648972958772,-0.0090867912977339,-0.0474812802938602,0.1661411648894101,0.1266209073525847,29.752718498408484,0.1437283621719688,-0.01156953516599,-0.140057526810011,0.703667738495559,0.0456777424253076,-0.0474812802938602,0.0588531284842041,-0.0484349079210018,0.0296972772669569,-0.1266209073525847,22.022143671270477,14.291568844132462,0.0605276443336867,-0.1437283621719688,True
middlesex,surrogate,7.621991222319222,23.14247337096889,0.3293507612665395,74121,9222.0,FORWARD_2025,,grid,True,OK,,0.2431431825381956,0.6083777875759054,0.3916222124240945,0.3568939327556358,264417.6684379917,0.2607897655653773,0.8884983503605584,0.9529324050871688,0.915226553768484,27.14550557587706,0.6387537251954388,1.0411983799677025,0.0756507504543113,0.9826644496721044,22.831205735631496,-0.0448434687743418,0.196985351270096,0.1999682873505794,0.1843839744140148,-0.0180842458903102,-0.0519606427514656,0.1829387868595173,0.138982634291646,30.561780562769503,0.1594125377313137,-0.0117514508565921,-0.1187887113974672,0.7804545896029735,0.0411983799677022,-0.0519606427514656,0.0756507504543113,-0.0316372859508946,0.0173355503278955,-0.138982634291646,22.831205735631496,15.100630908493484,0.0448434687743418,-0.1594125377313137,True
middlesex,surrogate,11.061685231539125,33.58633570179314,0.3293507612665395,74121,9222.0,FORWARD_2025,,grid,True,OK,,0.2455620743691396,0.5911419690871346,0.4088580309128654,0.3646630608997727,269466.82657934487,0.2657024316041506,0.8827345643196315,0.9481592965112916,0.915694354151912,27.798901422333945,0.6374303077354379,1.0354539068764357,0.0864204421117796,0.9983405903062548,25.044479981163423,-0.0319912919945602,0.1999996499050913,0.217746781435795,0.2016197929027858,-0.0156653540593662,-0.0577051158427324,0.1937084785169856,0.1546587749257965,32.775054808301434,0.1722647145110953,-0.0087371522215967,-0.1010102173122516,0.8433764933435413,0.0354539068764354,-0.0577051158427324,0.0864204421117796,-0.0208675942934264,0.0016594096937451,-0.1546587749257965,25.044479981163423,17.313905154025413,0.0319912919945602,-0.1722647145110953,True
middlesex,surrogate,16.05366322167172,48.74336151504957,0.3293507612665395,74121,9222.0,FORWARD_2025,,grid,True,OK,,0.2553971589122845,0.5783962607953115,0.4216037392046885,0.370303429025409,270638.22208478005,0.2704626245735613,0.8804835911228093,0.9465745840559636,0.9148927708605404,28.378042776868668,0.6374969580507182,1.034628990636382,0.0937531583745626,1.000199575848023,27.2744989818771,-0.0252707938560806,0.1968248394271138,0.2326484374329516,0.2143655011946089,-0.0058302695162213,-0.0585300320827859,0.2010411947797686,0.1565177604675647,35.00507380901512,0.1789852126495748,-0.0119119626995743,-0.086108561315095,0.8762788214241279,0.0346289906363819,-0.0585300320827859,0.0937531583745626,-0.0135348780306434,0.0001995758480231,-0.1561186087715185,27.2744989818771,19.543924154739088,0.0252707938560806,-0.1789852126495748,True
middlesex,surrogate,23.298448422672752,70.74053308113535,0.3293507612665395,74121,9222.0,FORWARD_2025,,grid,True,OK,,0.2520152873364433,0.5539775342423292,0.4460224657576708,0.3808762335673728,277926.1257301554,0.2785447669662498,0.8767553207708235,0.9465525353813724,0.9143885999014252,29.365093037798445,0.6588336476160094,1.0351753461093178,0.1006748645056384,1.0019418080984086,27.195341471042138,-0.0236105399793277,0.19944689205975,0.2347733889692451,0.2387842277475912,-0.0092121410920625,-0.05798367660985,0.2079629009108444,0.1582599927179502,34.92591629818015,0.1806454665263278,-0.0092899100669381,-0.0839836097788015,0.8844071203425101,0.0351753461093178,-0.05798367660985,0.1006748645056384,-0.0066131718995675,0.0019418080984086,-0.154376376521133,27.195341471042138,19.464766643904127,0.0236105399793277,-0.1806454665263278,True
middlesex,surrogate,33.81270003043063,102.66470889698788,0.3293507612665395,74121,9222.0,FORWARD_2025,,grid,True,OK,,0.2503576326174405,0.5433459672880885,0.4566540327119114,0.3853888586241124,279756.2643871732,0.2798307966472335,0.8701267126853114,0.9387068366975932,0.9089213339354084,29.39987059202332,0.6584986443808553,1.0327701657449504,0.1049810415255259,1.0075118864133117,26.484930194374943,-0.0184926618934143,0.1972918572065065,0.2408068462153617,0.2494157947018317,-0.0108697958110653,-0.0603888569742174,0.212269077930732,0.163830071032853,34.21550502151295,0.1857633446122412,-0.0114449449201815,-0.0779501525326849,0.9094633141527602,0.0327701657449504,-0.0603888569742174,0.1049810415255259,-0.00230699487968,0.0075118864133114,-0.1488062982062301,26.484930194374943,18.754355367236933,0.0184926618934143,-0.1857633446122412,True
middlesex,surrogate,49.071880779635485,148.9958018949961,0.3293507612665395,74121,9222.0,FORWARD_2025,,grid,True,OK,,0.2477866498236539,0.5457132583615583,0.4542867416384418,0.3843886341774464,279620.76706242183,0.2791404603618643,0.8739727628323202,0.9408294826906874,0.9121665044407276,29.361520978500028,0.6462685153103791,1.0314229673096074,0.1095451320027817,1.0102220727434623,26.926005468073704,-0.0120134949816149,0.2038291800754308,0.2523111119867456,0.2470485036283622,-0.0134407786048519,-0.0617360554095605,0.2168331684079878,0.1665402573630041,34.65658029521172,0.1922425115240406,-0.0049076220512573,-0.066445886761301,0.941184128745402,0.0314229673096073,-0.0617360554095605,0.1095451320027817,0.0022570955975757,0.0102220727434625,-0.146096111876079,26.926005468073704,19.19543064093569,0.0120134949816149,-0.1922425115240406,True
middlesex,surrogate,71.21730832153513,216.23544469022752,0.3293507612665395,74121,9222.0,FORWARD_2025,,grid,True,OK,,0.2465486520033278,0.5324777628462434,0.4675222371537566,0.3899479511864553,281483.52219641564,0.2824625854705669,0.8635090085148482,0.9346584356169528,0.9060460761646464,29.807451740507076,0.6655332249019651,1.0315793646758278,0.1098092435612027,1.011263526310315,29.15134641950045,-0.0131116257452275,0.1965659990855396,0.2447645949071038,0.260283999143677,-0.014678776425178,-0.06157965804334,0.2170972799664087,0.1675817109298563,36.88192124663846,0.1911443807604279,-0.0121708030411484,-0.0739924038409428,0.935807881640609,0.0315793646758277,-0.06157965804334,0.1098092435612027,0.0025212071559967,0.0112635263103146,-0.1450546583092269,29.15134641950045,21.42077159236244,0.0131116257452275,-0.1911443807604279,True
middlesex,surrogate,103.35664588322452,313.8193623289647,0.3293507612665395,74121,9222.0,FORWARD_2025,,grid,True,OK,,0.2454403370422659,0.5272901830524814,0.4727098169475185,0.392105394655788,282122.020310037,0.2842413093539992,0.8658312906697005,0.9351952046115828,0.9086462750469548,30.056528862249127,0.6586803948009649,1.029218113025617,0.1150240296679992,1.017956486887055,29.10434710710222,-0.0063582849492761,0.204075607729844,0.2617043855164476,0.2654715789374389,-0.0157870913862399,-0.0639409096935508,0.2223120660732052,0.1742746715065966,36.83492193424024,0.1978977215563793,-0.0046611943968441,-0.057052613231599,0.9688710013573084,0.029218113025617,-0.0639409096935508,0.1150240296679992,0.0077359932627932,0.0179564868870549,-0.1383616977324866,29.10434710710222,21.373772279964207,0.0063582849492761,-0.1978977215563793,True
middlesex,surrogate,150.0,455.4414856160203,0.3293507612665395,74121,9222.0,FORWARD_2025,,grid,True,OK,,0.2450144359452398,0.5195618639632164,0.4804381360367836,0.3952976598533531,284511.07691755274,0.2854910581529297,0.8612489820779867,0.9309519829311972,0.905062241508078,30.158549421626866,0.6624407988594552,1.0286054817401065,0.1173023027312777,1.0196681878867768,30.20752628968896,-0.0053858715374778,0.2019335950871368,0.2591188818054828,0.2731998980267039,-0.016212992483266,-0.0645535409790614,0.2245903391364837,0.1759863725063184,37.93810111682697,0.1988701349681777,-0.0068032070395513,-0.0596381169425638,0.9736317593317448,0.0286054817401064,-0.0645535409790614,0.1173023027312777,0.0100142663260717,0.0196681878867768,-0.1366499967327648,30.20752628968896,22.476951462550943,0.0053858715374778,-0.1988701349681777,True
philadelphia,direct,0.0,0.0,0.3988398456357234,63151,2921.0,FORWARD_2025,,"grid,baseline_rho0",True,OK,,0.7487555119715184,0.7194941297097619,0.2805058702902381,0.3152261082435242,78366.37815880767,0.2418967844216798,0.9440598430480512,1.0349478395958238,0.9269916311336192,24.91235306733328,0.4253299085655956,1.1164586656841602,-0.1983349309331228,0.7677388988928648,-40.89000396617866,-0.3054179860081102,0.0741494301463364,0.5714340695138372,0.0,0.0,0.0,0.0,0.0,0.0,0.0,0.0,0.0,0.0,0.1164586656841601,0.0,0.1983349309331228,0.0,0.2322611011071351,0.0,40.89000396617866,0.0,0.3054179860081102,0.0,True
philadelphia,direct,0.001,0.002507272056547,0.3988398456357234,63151,2921.0,FORWARD_2025,,grid,True,OK,,0.7432731425788839,0.7196413188725944,0.2803586811274056,0.315143393477012,78799.09298348623,0.2421348412581302,0.9447636291487368,1.0357727635530831,0.9263242957496302,24.93913781556235,0.4237343569596385,1.118153510930944,-0.2013625128821815,0.7630961238758,-41.653305947989615,-0.3079950679225261,0.0721254088054871,0.5745971650359898,-0.0001471891628325,-0.0054823693926344,0.0016948452467837,-0.0030275819490586,-0.0046427750170648,-0.7633019818109545,-0.0025770819144158,-0.0020240213408493,0.0031630955221525,-0.0084378852342619,0.1181535109309439,0.0016948452467837,0.2013625128821815,0.0030275819490586,0.2369038761242,0.0046427750170648,41.653305947989615,0.7633019818109545,0.3079950679225261,0.0025770819144158,True
philadelphia,direct,0.0014512854854972,0.0036387675438595,0.3988398456357234,63151,2921.0,FORWARD_2025,,grid,True,OK,,0.7430643775128083,0.7199099567281485,0.2800900432718515,0.3149923731218924,78733.06228918218,0.2417858984629595,0.9450640352597038,1.0353982109350024,0.926403062342582,24.894673289248583,0.4232538975122948,1.117654132442963,-0.2000744919986803,0.7629466381001647,-43.95434584661316,-0.3072772064446476,0.0706245233196678,0.5744517360287278,-0.0004158270183866,-0.00569113445871,0.0011954667588027,-0.0017395610655574,-0.0047922607927001,-3.064341880434497,-0.0018592204365373,-0.0035249068266686,0.0030176665148905,-0.0060874621722113,0.1176541324429629,0.0011954667588027,0.2000744919986803,0.0017395610655574,0.2370533618998352,0.0047922607927001,43.95434584661316,3.064341880434497,0.3072772064446476,0.0018592204365373,True
philadelphia,direct,0.0021062295604149,0.0052808905215017,0.3988398456357234,63151,2921.0,FORWARD_2025,,grid,True,OK,,0.7405476380787299,0.7198322918148832,0.2801677081851168,0.3150360415069211,78473.20443472691,0.2415114511412621,0.945135272122256,1.0349315363592355,0.9259136233524924,24.877037028448814,0.4236129027146434,1.1177409104447755,-0.200458854553698,0.7636605850080248,-42.18145933606829,-0.3071193256410701,0.0717049679630503,0.5735967927602361,-0.0003381621051213,-0.0082078738927884,0.0012822447606153,-0.0021239236205752,-0.00407831388484,-1.2914553698896327,-0.0017013396329598,-0.0024444621832861,0.0021627232463988,-0.0055705286227467,0.1177409104447755,0.0012822447606153,0.200458854553698,0.0021239236205752,0.2363394149919752,0.00407831388484,42.18145933606829,1.2914553698896327,0.3071193256410701,0.0017013396329598,True
philadelphia,direct,0.0030567403901553,0.0076640797643553,0.3988398456357234,63151,2921.0,FORWARD_2025,,grid,True,OK,,0.7433663721948797,0.7191072207938676,0.2808927792061323,0.315443433042667,78657.7743559962,0.2419796309644352,0.9424518372612632,1.0339557275276434,0.9249425058133725,24.95287241102184,0.4246990677159107,1.1178594572409746,-0.2010950425906811,0.7641218512448432,-42.55869658777919,-0.307315880645701,0.0726741280920578,0.5736545756940821,0.0003869089158942,-0.0053891397766386,0.0014007915568143,-0.0027601116575582,-0.0036170476480216,-1.6686926216005276,-0.0018978946375907,-0.0014753020542786,0.0022205061802448,-0.0062140892957769,0.1178594572409745,0.0014007915568143,0.2010950425906811,0.0027601116575582,0.2358781487551567,0.0036170476480216,42.55869658777919,1.6686926216005276,0.307315880645701,0.0018978946375907,True
philadelphia,direct,0.0044362029611655,0.0111227677217018,0.3988398456357234,63151,2921.0,FORWARD_2025,,grid,True,OK,,0.7471494041165926,0.7207008376198225,0.2792991623801775,0.3145473420281192,78510.6753683796,0.2415761533052846,0.942884332096488,1.0358569703587677,0.9268011426058952,24.946149659589388,0.4231838373524537,1.1176690691664874,-0.2018517454346104,0.764457456967997,-43.54224942036591,-0.3076390928380678,0.0735432543897592,0.5755723247617651,-0.0012067079100606,-0.0016061078549257,0.0012104034823272,-0.0035168145014876,-0.0032814419248677,-2.652245454187252,-0.0022211068299575,-0.0006061757565772,0.0041382552479278,-0.0072723511113013,0.1176690691664874,0.0012104034823272,0.2018517454346104,0.0035168145014876,0.2355425430320029,0.0032814419248677,43.54224942036591,2.652245454187252,0.3076390928380678,0.0022211068299575,True
philadelphia,direct,0.0064381969682594,0.0161423113530629,0.3988398456357234,63151,2921.0,FORWARD_2025,,grid,True,OK,,0.7452621224138123,0.7184348362783559,0.2815651637216441,0.3158207522897284,78714.60396294785,0.2428382638444974,0.9427192024775304,1.0363181871320448,0.9276507870291848,25.08827958620288,0.4261946987185127,1.1171425730698392,-0.2005160406314425,0.766609538834779,-44.34982735432347,-0.3071129489745546,0.0749271525052607,0.5732753553286297,0.0010592934314059,-0.003493389557706,0.000683907385679,-0.0021811096983196,-0.0011293600580858,-3.4598233881448124,-0.0016949629664443,0.0007777223589242,0.0018412858147924,-0.0055496501322593,0.1171425730698392,0.000683907385679,0.2005160406314425,0.0021811096983196,0.233390461165221,0.0011293600580858,44.34982735432347,3.4598233881448124,0.3071129489745546,0.0016949629664443,True
philadelphia,direct,0.0093436618128071,0.0234271021690773,0.3988398456357234,63151,2921.0,FORWARD_2025,,grid,True,OK,,0.742557877293785,0.7204291561589168,0.2795708438410832,0.3147002889780899,78516.11390461992,0.2412756042129602,0.945837813255706,1.035676244556305,0.927088906123898,24.863062226996693,0.4232540254234969,1.1171272115491104,-0.1989706781001007,0.7649099100049631,-43.37070042120426,-0.3060788539693288,0.0718657628896511,0.5727676146947408,-0.0009350264491549,-0.0061976346777333,0.0006685458649502,-0.0006357471669778,-0.0028289888879017,-2.480696455025601,-0.0006608679612185,-0.0022836672566853,0.0013335451809035,-0.0021638148095213,0.1171272115491104,0.0006685458649502,0.1989706781001007,0.0006357471669778,0.2350900899950369,0.0028289888879017,43.37070042120426,2.480696455025601,0.3060788539693288,0.0006608679612185,True
philadelphia,direct,0.0135603207703216,0.0339994133452423,0.3988398456357234,63151,2921.0,FORWARD_2025,,grid,True,OK,,0.7454624378903997,0.7209578705802446,0.2790421294197552,0.3144025731657776,78323.87300363951,0.2411621633698387,0.9433638273889828,1.035668292750304,0.9266057832924448,24.899718709973875,0.4243232964149842,1.1177010886661367,-0.1997036271401216,0.7641097922276086,-39.78120072663303,-0.3060569653704259,0.0715975289879777,0.5732498990940076,-0.0014637408704828,-0.0032930740811186,0.0012424229819765,-0.0013686962069987,-0.0036291066652562,1.1088032395456295,-0.0006389793623156,-0.0025519011583586,0.0018158295801703,-0.0020921471281611,0.1177010886661367,0.0012424229819765,0.1997036271401216,0.0013686962069987,0.2358902077723914,0.0036291066652562,39.78120072663303,-1.1088032395456295,0.3060569653704259,0.0006389793623156,True
philadelphia,direct,0.0196798967126543,0.0493428551033708,0.3988398456357234,63151,2921.0,FORWARD_2025,,grid,True,OK,,0.7435617965663602,0.7210746199038733,0.2789253800961266,0.3143367943386537,78317.8809793906,0.2408030613872017,0.9424372678581788,1.0347145754759892,0.9259261757486372,24.84142877978532,0.4244496016090234,1.1174914400053475,-0.1996415944766631,0.7639585869278663,-43.695591962067205,-0.3058753482301937,0.071002077894817,0.5734133209482285,-0.0015804901941115,-0.0051937154051581,0.0010327743211873,-0.0013066635435402,-0.0037803119649985,-2.805587995888544,-0.0004573622220834,-0.0031473522515193,0.0019792514343912,-0.0014974960317866,0.1174914400053475,0.0010327743211873,0.1996415944766631,0.0013066635435402,0.2360414130721336,0.0037803119649985,43.695591962067205,2.805587995888544,0.3058753482301937,0.0004573622220834,True
philadelphia,direct,0.0285611484551597,0.0716105694245147,0.3988398456357234,63151,2921.0,FORWARD_2025,,grid,True,OK,,0.7448107656362626,0.7203863835177756,0.2796136164822244,0.3147243616738256,78462.32781559005,0.2417511084188706,0.9459282373152356,1.0367401018339524,0.928514726018598,24.91882630674823,0.422851740020132,1.1165575222262945,-0.1974083260631145,0.7660315655940251,-40.92173130491591,-0.3047658536822,0.0717497131178011,0.5699630934608441,-0.0008922538080137,-0.0039447463352557,9.885654213426244e-05,0.0009266048700083,-0.0017073332988397,-0.031727338737248,0.0006521323259102,-0.0023997170285353,-0.0014709760529931,0.0021352125800899,0.1165575222262944,9.885654213426244e-05,0.1974083260631145,-0.0009266048700083,0.2339684344059749,0.0017073332988397,40.92173130491591,0.031727338737248,0.3047658536822,-0.0006521323259102,True
philadelphia,direct,0.0414503802021047,0.1039273800139894,0.3988398456357234,63151,2921.0,FORWARD_2025,,grid,True,OK,,0.7474701001127628,0.7202791690013299,0.27972083099867,0.3147846945479986,78179.35253301015,0.2417708408163743,0.9446789741716632,1.038252820513796,0.9300748313687008,24.94369062619524,0.424379202332575,1.1163110596014088,-0.1977170952809995,0.7676594621701811,-42.02544361003058,-0.3045536039866557,0.0739247695254119,0.5715147511880383,-0.000785039291568,-0.0012854118587555,-0.0001476060827514,0.0006178356521233,-7.943672268373447e-05,-1.1354396438519174,0.0008643820214545,-0.0002246606209245,8.068167420105521e-05,0.0028301608322163,0.1163110596014087,-0.0001476060827514,0.1977170952809995,-0.0006178356521233,0.2323405378298189,7.943672268373447e-05,42.02544361003058,1.1354396438519174,0.3045536039866557,-0.0008643820214545,True
philadelphia,direct,0.060156335155656,0.150828298160057,0.3988398456357234,63151,2921.0,FORWARD_2025,,grid,True,OK,,0.7532502188652763,0.7206609507023007,0.2793390492976992,0.3145698015941913,77889.0382634205,0.2411763146686943,0.9463491583977532,1.03814031731581,0.930960138732254,24.873126743920302,0.42340502643922,1.1151286442075916,-0.1942003270841182,0.7695910200546122,-39.77381034211259,-0.3018933774298593,0.0727002697902791,0.5674768483771062,-0.0011668209925389,0.0044947068937579,-0.0013300214765685,0.0041346038490046,0.0018521211617473,1.1161936240660708,0.0035246085782509,-0.0014491603560573,-0.003957221136731,0.0115402783716782,0.1151286442075916,-0.0013300214765685,0.1942003270841182,-0.0041346038490046,0.2304089799453877,-0.0018521211617473,39.77381034211259,-1.1161936240660708,0.3018933774298593,-0.0035246085782509,True
philadelphia,direct,0.0873040160721099,0.2188949199219383,0.3988398456357234,63151,2921.0,FORWARD_2025,,grid,True,OK,,0.7516271379631811,0.7202934530430574,0.2797065469569427,0.3147766571503189,78032.87575218301,0.2419342847755783,0.9495766672585968,1.0402243804512366,0.9332917558157878,24.91898253208512,0.4243485036321905,1.114575773298221,-0.1935096316040659,0.7720915964154806,-40.769664321017466,-0.3014389606296243,0.0746927214964858,0.5648680693926185,-0.0007993233332954,0.0028716259916627,-0.0018828923859388,0.0048252993290569,0.0043526975226158,0.1203396451611951,0.0039790253784859,0.0005432913501493,-0.0065660001212187,0.0130281304990999,0.1145757732982213,-0.0018828923859388,0.1935096316040659,-0.0048252993290569,0.2279084035845193,-0.0043526975226158,40.769664321017466,-0.1203396451611951,0.3014389606296243,-0.0039790253784859,True
philadelphia,direct,0.1267030513510693,0.3176790201317859,0.3988398456357234,63151,2921.0,FORWARD_2025,,grid,True,OK,,0.7538333615828345,0.7200503910704814,0.2799496089295186,0.314913396210623,78102.21049080967,0.2419257555597701,0.9496500647804104,1.0405847270011268,0.9355142320269983,24.95146323406169,0.4242750605841549,1.1123130908938392,-0.1866243130993644,0.7770664620374523,-41.01890340256466,-0.2964993390184424,0.0753272636909719,0.5568030334325469,-0.0005562613607195,0.0050778496113161,-0.0041455747903209,0.0117106178337584,0.0093275631445874,-0.1288994363859998,0.0089186469896678,0.0011778335446354,-0.0146310360812903,0.0292014465363904,0.1123130908938392,-0.0041455747903209,0.1866243130993644,-0.0117106178337584,0.2229335379625476,-0.0093275631445874,41.01890340256466,0.1288994363859998,0.2964993390184424,-0.0089186469896678,True
philadelphia,direct,0.1838822993940162,0.4610429509642409,0.3988398456357234,63151,2921.0,FORWARD_2025,,grid,True,OK,,0.758977478925304,0.7216339125663244,0.2783660874336756,0.3140214869231742,77729.12765563172,0.2409153733446799,0.952984871257991,1.0433168143236755,0.9400552311924938,24.807843227264417,0.4227242003022208,1.1098462938184928,-0.1825400412823079,0.78252837168425,-38.7823102123138,-0.2929387498517983,0.0749091716987541,0.5519115309522789,-0.0021397828565625,0.0102219669537856,-0.0066123718656674,0.0157948896508149,0.0147894727913852,2.107693753864865,0.0124792361563119,0.0007597415524176,-0.0195225385615583,0.0408595326012679,0.1098462938184927,-0.0066123718656674,0.1825400412823079,-0.0157948896508149,0.2174716283157499,-0.0147894727913852,38.7823102123138,-2.107693753864865,0.2929387498517983,-0.0124792361563119,True
philadelphia,direct,0.2668657121503905,0.6691049429252107,0.3988398456357234,63151,2921.0,FORWARD_2025,,"grid,activity",True,OK,,0.7638319519048993,0.7220224985169934,0.2779775014830066,0.313802230773909,77495.78390515849,0.2409899791147288,0.9553091263898368,1.0457762549980976,0.944244476614703,24.82203019592762,0.4218862058987541,1.1075270026968074,-0.1772049473569958,0.788712504950382,-38.033400200618914,-0.2880105209949616,0.0770314049990336,0.5447659989641055,-0.0025283688072315,0.0150764399333809,-0.0089316629873528,0.021129983576127,0.0209736060575171,2.856603765559747,0.0174074650131486,0.0028819748526971,-0.0266680705497317,0.0569955464662333,0.1075270026968073,-0.0089316629873528,0.1772049473569958,-0.021129983576127,0.2112874950496179,-0.0209736060575171,38.033400200618914,-2.856603765559747,0.2880105209949616,-0.0174074650131486,True
philadelphia,direct,0.3872983346207417,0.9710622919418064,0.3988398456357234,63151,2921.0,FORWARD_2025,,"grid,direct_common_lo",True,OK,,0.7666994235652618,0.7229005104556148,0.2770994895443852,0.3133062553588337,77296.02815640491,0.240889788791879,0.9592749357742932,1.0501334690615167,0.9523503764164172,24.790662651099293,0.4213675466970992,1.1026755436513251,-0.165559369890993,0.801510473509424,-33.68152455104916,-0.2783252185571188,0.079386609553181,0.5279241690404447,-0.0034063807458529,0.0179439115937434,-0.013783122032835,0.0327755610421298,0.0337715746165591,7.208479415129503,0.0270927674509914,0.0052371794068445,-0.0435099004733925,0.0887071773509502,0.1026755436513251,-0.013783122032835,0.165559369890993,-0.0327755610421298,0.198489526490576,-0.0337715746165591,33.68152455104916,-7.208479415129503,0.2783252185571188,-0.0270927674509914,True
philadelphia,direct,0.5620804515923291,1.4092886098088102,0.3988398456357234,63151,2921.0,FORWARD_2025,,"grid,direct_common_hi",True,OK,,0.7697157339628677,0.722179085659542,0.2778209143404579,0.3137138345616074,77815.14738373063,0.2418409102200272,0.9691462163108792,1.0562752889456843,0.9620780574365932,24.73069396354787,0.4206813309702045,1.0979101755631708,-0.1523180363912389,0.813123848429742,-31.54964122504611,-0.2681491864323394,0.079248005780294,0.5088136276460666,-0.0026849559497801,0.0209602219913493,-0.0185484901209893,0.0460168945418839,0.0453849495368771,9.340362741132552,0.0372687995757708,0.0050985756339575,-0.0626204418677706,0.1220255560678773,0.0979101755631708,-0.0185484901209893,0.1523180363912389,-0.0460168945418839,0.186876151570258,-0.0453849495368771,31.54964122504611,-9.340362741132552,0.2681491864323394,-0.0372687995757708,True
philadelphia,direct,0.8157392010776716,2.0452801042920856,0.3988398456357234,63151,2921.0,FORWARD_2025,,"grid,guardrail",True,OK,,0.7606694032143905,0.7217311073896714,0.2782688926103286,0.3139666599722503,78248.72880405252,0.2423665700300065,0.9749896675692148,1.0620503915014112,0.9713954114872873,24.721816961863457,0.420244142653615,1.0933244886089422,-0.1401928339275266,0.8246099016174372,-27.108780175988947,-0.2582107293357254,0.080332344555807,0.4906733036691041,-0.0022369776799094,0.0119138912428721,-0.023134177075218,0.0581420970055962,0.0568710027245723,13.781223790189712,0.0472072566723848,0.0061829144094705,-0.0807607658447331,0.1545660662929369,0.0933244886089421,-0.023134177075218,0.1401928339275266,-0.0581420970055962,0.1753900983825628,-0.0568710027245723,27.108780175988947,-13.781223790189712,0.2582107293357254,-0.0472072566723848,True
philadelphia,direct,1.1838704624751253,2.96828532913535,0.3988398456357234,63151,2921.0,FORWARD_2025,,grid,True,OK,,0.7688674032725614,0.7190735219773772,0.2809264780226229,0.3154623544111496,79431.25504589416,0.2445766986919229,0.9832140458747788,1.0718004119031057,0.9873292332414249,24.82223902921973,0.419681160371725,1.085555229013487,-0.123382893194692,0.8443990686681909,-24.01705493043917,-0.2439013518928161,0.0830873036523029,0.4669783285479315,0.0004206077323847,0.020111891301043,-0.0309034366706728,0.0749520377384307,0.076660169775326,16.872949035739495,0.061516634115294,0.0089378735059665,-0.1044557409659057,0.2014178500727215,0.0855552290134873,-0.0309034366706728,0.123382893194692,-0.0749520377384307,0.155600931331809,-0.076660169775326,24.01705493043917,-16.872949035739495,0.2439013518928161,-0.061516634115294,True
philadelphia,direct,1.7181340188990342,4.307829414988481,0.3988398456357234,63151,2921.0,FORWARD_2025,,grid,True,OK,,0.7557399206982602,0.7139138066333421,0.2860861933666578,0.318346187105585,81468.5193443,0.2488943700767173,0.9907357651269706,1.082656121979075,1.0048430492952645,25.10837670854636,0.4241645252958409,1.077438036455926,-0.104130497920112,0.8652527312437079,-18.51658676888628,-0.2281826924772805,0.0857069557016484,0.4405319388923763,0.0055803230764196,0.0069844087267418,-0.0390206292282342,0.0942044330130108,0.0975138323508431,22.373417197292383,0.0772352935308297,0.0115575255553119,-0.1309021306214609,0.252883906872396,0.0774380364559259,-0.0390206292282342,0.104130497920112,-0.0942044330130108,0.134747268756292,-0.0975138323508431,18.51658676888628,-22.373417197292383,0.2281826924772805,-0.0772352935308297,True
philadelphia,direct,2.4935029637671797,6.251890303970774,0.3988398456357234,63151,2921.0,FORWARD_2025,,grid,True,OK,,0.7408588849716407,0.7108243915863645,0.2891756084136355,0.3200604651376001,83772.89219010748,0.2512690403930961,1.0036999239949589,1.092851965239758,1.0268361172884324,25.031054006068093,0.4204805830603706,1.064290539492956,-0.078068551477925,0.8973774007601811,-12.162918959014007,-0.2045254875262021,0.0893170350196414,0.4069615951659865,0.0086697381233973,-0.0078966269998776,-0.0521681261912041,0.1202663794551978,0.1296385018673163,28.727085007164654,0.1008924984819081,0.0151676048733049,-0.1644724743478506,0.3303423606467924,0.064290539492956,-0.0521681261912041,0.078068551477925,-0.1202663794551978,0.1026225992398188,-0.1296385018673163,12.162918959014007,-28.727085007164654,0.2045254875262021,-0.1008924984819081,True
philadelphia,direct,3.618784659359615,9.073277655073603,0.3988398456357234,63151,2921.0,FORWARD_2025,,grid,True,OK,,0.717898026985454,0.7046637012695045,0.2953362987304955,0.3234518332568243,86365.94178341409,0.2558166366158066,1.0132984102514866,1.1020694914533824,1.0423733863656388,25.210125215796246,0.4231734980428519,1.0572694064032864,-0.0603625041333758,0.9153166858452298,-6.73361012684752,-0.1886698118420464,0.0901384370573198,0.3815293741076652,0.0148304284402573,-0.0308574849860643,-0.0591892592808738,0.137972426799747,0.147577786952365,34.156393839331145,0.1167481741660638,0.0159890069109833,-0.189904695406172,0.3822570363061841,0.0572694064032863,-0.0591892592808738,0.0603625041333758,-0.137972426799747,0.0846833141547701,-0.147577786952365,6.73361012684752,-34.156393839331145,0.1886698118420464,-0.1167481741660638,True
philadelphia,direct,5.2518896512686215,13.1679161666946,0.3988398456357234,63151,2921.0,FORWARD_2025,,grid,True,OK,,0.6849613099392793,0.6959281551421115,0.3040718448578886,0.3282005523278402,90366.06240195235,0.2626655270021566,1.0258939217883385,1.114263243049602,1.062951895131796,25.480913896801837,0.4244585816535791,1.0482725024084405,-0.0414598003354605,0.9386189871053832,-3.664977515812005,-0.1716988875050074,0.0922535148505825,0.3563619572526978,0.0235659745676504,-0.063794202032239,-0.0681861632757196,0.1568751305976622,0.1708800882125183,37.225026450366656,0.1337190985031028,0.018104084704246,-0.2150721122611393,0.4378232606757875,0.0482725024084405,-0.0681861632757196,0.0414598003354605,-0.1568751305976622,0.0613810128946168,-0.1708800882125183,3.664977515812005,-37.225026450366656,0.1716988875050074,-0.1337190985031028,True
philadelphia,direct,7.621991222319222,19.110405606968104,0.3988398456357234,63151,2921.0,FORWARD_2025,,grid,True,OK,,0.6412243778908147,0.6891663948516193,0.3108336051483806,0.331829647598853,94141.77285878189,0.2671920531855043,1.0320379415685446,1.1198316447521737,1.0748246216035662,25.71111702772332,0.4252830284007595,1.0418738296871726,-0.0294767607618922,0.9537687102509173,-2.6511370675970567,-0.1626653559948949,0.0932584090703821,0.3420940987250407,0.0303277348581424,-0.1075311340807037,-0.0745848359969876,0.1688581701712306,0.1860298113580524,38.238866898581605,0.1427526300132153,0.0191089789240456,-0.2293399707887965,0.4674008622708442,0.0418738296871725,-0.0745848359969876,0.0294767607618922,-0.1688581701712306,0.0462312897490827,-0.1860298113580524,2.6511370675970567,-38.238866898581605,0.1626653559948949,-0.1427526300132153,True
philadelphia,direct,11.061685231539125,27.73465427935756,0.3988398456357234,63151,2921.0,FORWARD_2025,,grid,True,OK,,0.5786679800632154,0.6814770142221644,0.3185229857778355,0.3359089629182443,98394.77363415554,0.2733970187322501,1.0442675175381777,1.1305711512669672,1.0943162588731252,25.891166048284383,0.4289500196641019,1.0331301779534698,-0.0118365312814912,0.9760365781491503,5.65374892781325,-0.1460654255742873,0.0956996088149846,0.3222680646225923,0.0380171154875973,-0.1700875319083029,-0.0833284877306903,0.1864983996516316,0.2082976792562856,46.54375289399191,0.1593525604338229,0.0215501786686481,-0.2491660048912449,0.521752377836685,0.0331301779534698,-0.0833284877306903,0.0118365312814912,-0.1864983996516316,0.0239634218508495,-0.2082976792562856,5.65374892781325,-35.236255038365414,0.1460654255742873,-0.1593525604338229,True
philadelphia,direct,16.05366322167172,40.25090120091507,0.3988398456357234,63151,2921.0,FORWARD_2025,,grid,True,OK,,0.5263368503755144,0.6767109978969423,0.3232890021030576,0.3384127120525798,101298.54921749709,0.276573609365649,1.046963452256113,1.1362775503783262,1.1048736007455675,26.064793810114345,0.4269810212298452,1.0284231151975822,-0.0046173264149379,0.9896238081644564,6.603211922656246,-0.1390853378333305,0.0977761176624456,0.3152379711476197,0.0427831318128194,-0.2224186615960039,-0.0880355504865779,0.1937176045181849,0.2218849092715914,47.4932158888349,0.1663326481747797,0.0236266875161091,-0.2561960983662175,0.5446065909502883,0.0284231151975822,-0.0880355504865779,0.0046173264149379,-0.1937176045181849,0.0103761918355437,-0.2218849092715914,6.603211922656246,-34.28679204352242,0.1390853378333305,-0.1663326481747797,True
philadelphia,direct,23.298448422672752,58.415548691070775,0.3988398456357234,63151,2921.0,FORWARD_2025,,grid,True,OK,,0.4730245529522945,0.6695864453625839,0.3304135546374161,0.3421213134298855,104219.96493549984,0.2808276854911747,1.0521857862890116,1.1407636983641427,1.115085166715201,26.280944810460067,0.4273973127192798,1.0230283142628334,0.0068913491295497,1.0017987080457325,10.565000112975648,-0.1285957959530131,0.0947662996874487,0.3004936505726807,0.0499076843471779,-0.2757309590192238,-0.0934303514213268,0.2052262800626726,0.2340598091528676,51.45500407915431,0.1768221900550971,0.0206168695411122,-0.2709404189411565,0.5789514637504081,0.0230283142628333,-0.0934303514213268,0.0068913491295497,-0.1914435818035731,0.0017987080457324,-0.2304623930614027,10.565000112975648,-30.32500385320301,0.1285957959530131,-0.1768221900550971,True
philadelphia,direct,33.81270003043063,84.77763794270732,0.3988398456357234,63151,2921.0,FORWARD_2025,,grid,True,OK,,0.4512113468073432,0.6618067225325686,0.3381932774674314,0.3461255734868025,106573.69425326052,0.2854708909477466,1.0520306602615204,1.1443539835057257,1.121378200604816,26.685514937485227,0.4318201507695629,1.020488879566695,0.0153250146556742,1.0096159374259397,13.001432531240232,-0.1225300732949507,0.0934193012776533,0.2947340732862909,0.0576874071771932,-0.2975441651641751,-0.0959697861174651,0.2136599455887971,0.2418770385330748,53.891436497418894,0.1828879127131595,0.0192698711313168,-0.2766999962275463,0.5988118614216222,0.020488879566695,-0.0959697861174651,0.0153250146556742,-0.1830099162774486,0.0096159374259396,-0.2226451636811954,13.001432531240232,-27.888571434938427,0.1225300732949507,-0.1828879127131595,True
philadelphia,direct,49.071880779635485,123.03655544098976,0.3988398456357234,63151,2921.0,FORWARD_2025,,grid,True,OK,,0.4354558667397675,0.656595769270458,0.3434042307295419,0.3487819679063161,108317.2696365134,0.2896318013344035,1.0546684313692491,1.1488816777115425,1.1260334540187098,27.012609431787016,0.4396376298680613,1.020290892434225,0.0187036284408377,1.0106356646073789,13.765605406353693,-0.1207671136105625,0.0899410916824783,0.2915737262881083,0.0628983604393038,-0.3132996452317508,-0.096167773249935,0.2170385593739606,0.242896765714514,54.65560937253235,0.1846508723975476,0.0157916615361419,-0.2798603432257289,0.6045841465035539,0.0202908924342251,-0.096167773249935,0.0187036284408377,-0.1796313024922851,0.0106356646073788,-0.2216254364997563,13.765605406353693,-27.124398559824968,0.1207671136105625,-0.1846508723975476,True
philadelphia,direct,71.21730832153513,178.56116709708283,0.3988398456357234,63151,2921.0,FORWARD_2025,,grid,True,OK,,0.3818079246728577,0.6530674023816432,0.3469325976183567,0.3505691995277969,110878.50515547751,0.2910411434716032,1.053658773146302,1.1530239297456637,1.135454172200388,27.110399754286277,0.4409349174509907,1.015473770739005,0.0272745818379957,1.022510325146328,17.80196215396024,-0.1143596391979757,0.0941168097137444,0.2882208600407901,0.0664267273281186,-0.3669475872986606,-0.1009848949451552,0.2256095127711186,0.2547714262534633,58.6919661201389,0.1910583468101345,0.0199673795674079,-0.2832132094730471,0.6255635082508239,0.0154737707390049,-0.1009848949451552,0.0272745818379957,-0.1710603490951271,0.0225103251463281,-0.209750775960807,17.80196215396024,-23.08804181221842,0.1143596391979757,-0.1910583468101345,True
philadelphia,direct,103.35664588322452,259.1432300814406,0.3988398456357234,63151,2921.0,FORWARD_2025,,grid,True,OK,,0.3095716163907706,0.6356888906676027,0.3643111093323973,0.3592422522282258,115954.47681960255,0.3012150117330832,1.0528898187748552,1.1611077878131455,1.1431516411054972,28.126109680519207,0.4531340056906011,1.0157075807460536,0.0362543351630634,1.0241648589768508,19.736674067106964,-0.1165905367998561,0.0880255193962355,0.2824653856152918,0.0838052390421592,-0.4391838955807478,-0.1007510849381065,0.2345892660961863,0.256425960083986,60.62667803328563,0.1888274492082541,0.013876089249899,-0.2889686838985454,0.6182591001803015,0.0157075807460536,-0.1007510849381065,0.0362543351630634,-0.1620805957700594,0.0241648589768508,-0.2080962421302843,19.736674067106964,-21.153329899071696,0.1165905367998561,-0.1888274492082541,True
philadelphia,direct,150.0,376.090808482062,0.3988398456357234,63151,2921.0,FORWARD_2025,,grid,True,OK,,0.1856850643392873,0.5986197618959914,0.4013802381040086,0.3770762645742345,125292.59204484636,0.3213698918312744,1.0676221718855057,1.1709721018846362,1.1607549701117506,29.441201636760777,0.4587408663673477,1.0088021434634926,0.0532840422067334,1.0397292983876647,23.747915857891464,-0.1137585410506071,0.08030047087302,0.2641390502655836,0.1208743678137704,-0.563070447632231,-0.1076565222206675,0.2516189731398562,0.2719903994947998,64.63791982407012,0.1916594449575031,0.0061510407266835,-0.3072950192482536,0.6275316246516458,0.0088021434634926,-0.1076565222206675,0.0532840422067334,-0.1450508887263895,0.0397292983876647,-0.1925318027194704,23.747915857891464,-17.142088108287197,0.1137585410506071,-0.1916594449575031,True
philadelphia,surrogate,0.001,0.002507272056547,0.3988398456357234,63151,2921.0,FORWARD_2025,,grid,True,OK,,0.7483738284335278,0.7195748674570419,0.2804251325429581,0.315180739357911,78541.29432777561,0.2416506628241461,0.9427822726203198,1.0350054734566676,0.9264316588920188,24.967773890828347,0.4246924908831634,1.1171957084179305,-0.1997364981222344,0.7659629454022405,-44.35079217542048,-0.3063269819552281,0.0734575830264218,0.5714402565635134,-7.064338381046475e-05,0.0017591866459041,-0.0014976098660619,0.001883436196308,0.0049823765732599,-2.423737395369372,0.0016935332544527,0.0032637473508569,-0.0024083856714405,0.00549811837468,0.1171957084179304,-0.0014976098660619,0.1997364981222344,-0.001883436196308,0.2340370545977594,-0.0049823765732599,44.35079217542048,2.423737395369372,0.3063269819552281,-0.0016935332544527,True
philadelphia,surrogate,0.0014512854854972,0.0036387675438595,0.3988398456357234,63151,2921.0,FORWARD_2025,,grid,True,OK,,0.7452323278705579,0.7195336832200023,0.2804663167799977,0.3152038827930365,78817.51790004267,0.2417764310918453,0.9418060395675396,1.0342610652098714,0.9259958611554188,24.96786590189546,0.4242828346663445,1.1169175895876724,-0.2001298754944472,0.7654354211256839,-43.377803187965526,-0.3069835005669456,0.072531080479545,0.5735390188115632,-2.945914677082717e-05,-0.0013823139170657,-0.00177572869632,0.0014900588240952,0.0044548522967032,-1.4507484079144175,0.0010370146427352,0.0023372448039801,-0.0003096234233906,0.0033667064092446,0.1169175895876724,-0.00177572869632,0.2001298754944472,-0.0014900588240952,0.2345645788743161,-0.0044548522967032,43.377803187965526,1.4507484079144175,0.3069835005669456,-0.0010370146427352,True
philadelphia,surrogate,0.0021062295604149,0.0052808905215017,0.3988398456357234,63151,2921.0,FORWARD_2025,,grid,True,OK,,0.7565895393241038,0.7196732522391247,0.2803267477608753,0.3151254452614713,78478.41727684379,0.2416597001304914,0.9453400580621402,1.035051087307006,0.9268676884584888,24.883958951009323,0.423974069601874,1.1167193550877164,-0.1999555645530814,0.7667725537801021,-42.15601473791149,-0.3062864132389928,0.0741435792551855,0.5738094276507011,-0.0001690281658932,0.00997489753648,-0.001973963196276,0.0016643697654611,0.0057919849511215,-0.2289599578603756,0.001734101970688,0.0039497435796205,-3.9214584252822426e-05,0.0056298262130611,0.1167193550877163,-0.001973963196276,0.1999555645530814,-0.0016643697654611,0.2332274462198978,-0.0057919849511215,42.15601473791149,0.2289599578603756,0.3062864132389928,-0.001734101970688,True
philadelphia,surrogate,0.0030567403901553,0.0076640797643553,0.3988398456357234,63151,2921.0,FORWARD_2025,,grid,True,OK,,0.7487746944208692,0.7204133849438794,0.2795866150561206,0.3147091653256145,78294.18165188156,0.2411015883604069,0.9454506326118576,1.035671445131899,0.9280288531013908,24.85451073609026,0.4240862227488867,1.1159905661023104,-0.1974120015731773,0.7676577166501433,-41.540615196511474,-0.3046058905048374,0.0731038690035254,0.5715695409838754,-0.0009091608706479,0.0021600526332454,-0.002702752181682,0.0042079327453652,0.0066771478211626,0.3864395835396337,0.0034146247048434,0.0029100333279605,-0.0022791012510785,0.0110857054521805,0.1159905661023104,-0.002702752181682,0.1974120015731773,-0.0042079327453652,0.2323422833498567,-0.0066771478211626,41.540615196511474,-0.3864395835396337,0.3046058905048374,-0.0034146247048434,True
philadelphia,surrogate,0.0044362029611655,0.0111227677217018,0.3988398456357234,63151,2921.0,FORWARD_2025,,grid,True,OK,,0.7514127154449657,0.7191387707720711,0.2808612292279289,0.3154257171851424,78531.07462350646,0.2416085368066202,0.9450524298254568,1.034918067695249,0.926728774992002,24.9021989857562,0.4237845994927859,1.1167432107675523,-0.1971990888084823,0.7649351265567452,-43.11053762826336,-0.3049443568143827,0.0709208992719474,0.5696295447021931,0.0003654533011603,0.0047980736573419,-0.00195010751644,0.0044208455100601,0.0039545577277646,-1.1834828482122504,0.0030761583952981,0.0007270635963825,-0.0042190975327608,0.0099868620543149,0.1167432107675523,-0.00195010751644,0.1971990888084823,-0.0044208455100601,0.2350648734432547,-0.0039545577277646,43.11053762826336,1.1834828482122504,0.3049443568143827,-0.0030761583952981,True
philadelphia,surrogate,0.0064381969682594,0.0161423113530629,0.3988398456357234,63151,2921.0,FORWARD_2025,,grid,True,OK,,0.7535298633130599,0.7197261020520616,0.2802738979479384,0.3150957386672956,78648.15104029849,0.2419719731995597,0.9453102637950594,1.0351176961726667,0.9280767579763166,24.91953819838781,0.424329350484641,1.1153362987235609,-0.1949053886145616,0.7693180076936884,-40.32143333392477,-0.3028526633784878,0.073719728992548,0.5677281475383769,-0.0002218779788301,0.0069152215254362,-0.0033570195604317,0.0067145457039808,0.0083374388647078,1.6056214461263352,0.005167851831193,0.003525893316983,-0.006120494696577,0.0167776221907658,0.1153362987235606,-0.0033570195604317,0.1949053886145616,-0.0067145457039808,0.2306819923063116,-0.0083374388647078,40.32143333392477,-1.6056214461263352,0.3028526633784878,-0.005167851831193,True
philadelphia,surrogate,0.0093436618128071,0.0234271021690773,0.3988398456357234,63151,2921.0,FORWARD_2025,,grid,True,OK,,0.7533531808942494,0.7194852370863338,0.2805147629136662,0.3152311048677589,78513.6953172431,0.2419990311787517,0.9439290825292074,1.03539571725507,0.926959183594457,24.965293213499592,0.4239407990177019,1.1169809152115309,-0.2003017736249724,0.7652101435142169,-42.479933170939226,-0.3066955007469678,0.0730593664601014,0.5745428569367468,1.8986986897673308e-05,0.0067385391066256,-0.0017124030724615,0.00131816069357,0.0042295746852363,-0.5528783908881181,0.0013250144627131,0.0028655307845364,0.0006942147017928,0.0043017084813689,0.1169809152115308,-0.0017124030724615,0.2003017736249724,-0.00131816069357,0.2347898564857831,-0.0042295746852363,42.479933170939226,0.5528783908881181,0.3066955007469678,-0.0013250144627131,True
philadelphia,surrogate,0.0135603207703216,0.0339994133452423,0.3988398456357234,63151,2921.0,FORWARD_2025,,grid,True,OK,,0.7576341891349319,0.7190534568322231,0.2809465431677769,0.3154736201432981,78628.62525231138,0.2422403739722063,0.943671119439753,1.0343193687097725,0.9271627243945264,24.96363626892773,0.423702758692171,1.1155747977090251,-0.1960887667135214,0.7687161547625186,-42.97008045412791,-0.3037254206562197,0.0734018728877514,0.5683051471566849,0.0004507672410083,0.0110195473473081,-0.0031185205749673,0.005531167605021,0.007735585933538,-1.0430256740768016,0.0042950945534611,0.0032080372121864,-0.005543495078269,0.0139441833948537,0.1155747977090251,-0.0031185205749673,0.1960887667135214,-0.005531167605021,0.2312838452374813,-0.007735585933538,42.97008045412791,1.0430256740768016,0.3037254206562197,-0.0042950945534611,True
philadelphia,surrogate,0.0196798967126543,0.0493428551033708,0.3988398456357234,63151,2921.0,FORWARD_2025,,grid,True,OK,,0.7493351209175462,0.719852983968241,0.2801470160317589,0.3150244075921957,78745.13077662086,0.2417507759552046,0.9439604392805144,1.0346894893903518,0.92689684764076,24.897672157053474,0.422862772658317,1.116294107617215,-0.1969479740393659,0.7665846174292923,-42.3280260940402,-0.3041402334971271,0.071765001888685,0.5696834974355784,-0.0003487598950095,0.0027204791299224,-0.0023992106667773,0.0046719602791765,0.0056040486003117,-0.4009713139890891,0.0038802817125537,0.00157116621312,-0.0041651447993754,0.0125974781579476,0.116294107617215,-0.0023992106667773,0.1969479740393659,-0.0046719602791765,0.2334153825707077,-0.0056040486003117,42.3280260940402,0.4009713139890891,0.3041402334971271,-0.0038802817125537,True
philadelphia,surrogate,0.0285611484551597,0.0716105694245147,0.3988398456357234,63151,2921.0,FORWARD_2025,,grid,True,OK,,0.7546082108991259,0.7190300563610019,0.280969943638998,0.3154867580121129,78423.5528879262,0.2419104953125649,0.9448827858758104,1.034971708564587,0.9282044726819986,24.92202694305251,0.4251073299281118,1.1150255563562308,-0.1927013729430416,0.7701225788937545,-42.87518410746489,-0.301150400608146,0.0731763190894825,0.563494826753801,0.0004741677122294,0.0079935691115021,-0.0036677619277616,0.0089185613755008,0.0091420100647738,-0.9481293274137812,0.0068701146015348,0.0029824834139175,-0.0103538154811528,0.022304081261789,0.1150255563562308,-0.0036677619277616,0.1927013729430416,-0.0089185613755008,0.2298774211062455,-0.0091420100647738,42.87518410746489,0.9481293274137812,0.301150400608146,-0.0068701146015348,True
philadelphia,surrogate,0.0414503802021047,0.1039273800139894,0.3988398456357234,63151,2921.0,FORWARD_2025,,grid,True,OK,,0.7639052569414305,0.71934332159115,0.28065667840885,0.3153108342217152,78039.49740121423,0.2416951230043568,0.9432911366563694,1.0354856686797598,0.9295766375280228,24.959993074872678,0.4238508697093275,1.1139325439948402,-0.1920669154298598,0.7723653119696929,-38.82379201132436,-0.2999096336389245,0.0734155481344681,0.5629043983596547,0.0001609024820814,0.0172906151538068,-0.0047607742891522,0.0095530188886826,0.0113847431407123,3.1032627687267507,0.0081108815707564,0.0032217124589031,-0.0109442438752992,0.0263322771382127,0.1139325439948402,-0.0047607742891522,0.1920669154298598,-0.0095530188886826,0.227634688030307,-0.0113847431407123,38.82379201132436,-3.1032627687267507,0.2999096336389245,-0.0081108815707564,True
philadelphia,surrogate,0.060156335155656,0.150828298160057,0.3988398456357234,63151,2921.0,FORWARD_2025,,grid,True,OK,,0.7552308232352478,0.718384758534716,0.2816152414652841,0.3158488361750051,78400.08637657129,0.2422222673279009,0.9448509682606734,1.0372511368477948,0.9331173673994766,25.005102686712437,0.4232064783283265,1.111597718664835,-0.1837270594513363,0.7781797912925495,-38.76902334902925,-0.2943299506548438,0.0732093163117398,0.5522853618754113,0.0011194655385155,0.0086161814476241,-0.0070955996191575,0.0178928748672061,0.0171992224635689,3.158031431021854,0.013690564554837,0.0030154806361748,-0.0215632803595425,0.0444469244054001,0.1115977186648349,-0.0070955996191575,0.1837270594513363,-0.0178928748672061,0.2218202087074504,-0.0171992224635689,38.76902334902925,-3.158031431021854,0.2943299506548438,-0.013690564554837,True
philadelphia,surrogate,0.0873040160721099,0.2188949199219383,0.3988398456357234,63151,2921.0,FORWARD_2025,,"grid,activity",True,OK,,0.7494898467398183,0.7177478039897748,0.2822521960102252,0.3162058263038815,78472.66600817342,0.2425836523229773,0.9456715008444684,1.0376117751453189,0.9335459391627964,25.012582045817965,0.4245325185157427,1.111473717164737,-0.1801460214610144,0.7782319002659486,-35.81621720262699,-0.2922281675037619,0.0712427859447323,0.5462854915922372,0.0017564200834566,0.0028752049521946,-0.0072196011192553,0.021473912857528,0.0172513314369679,6.110837577424121,0.0157923477059189,0.0010489502691674,-0.0275631506427167,0.0512704411755449,0.111473717164737,-0.0072196011192553,0.1801460214610144,-0.021473912857528,0.2217680997340514,-0.0172513314369679,35.81621720262699,-6.110837577424121,0.2922281675037619,-0.0157923477059189,True
philadelphia,surrogate,0.1267030513510693,0.3176790201317859,0.3988398456357234,63151,2921.0,FORWARD_2025,,grid,True,OK,,0.7472321517995989,0.7176317750699195,0.2823682249300804,0.3162708129562767,78343.68622740323,0.2418133311774703,0.9492308280057165,1.0361827949983429,0.9336021739818392,24.876527527794952,0.4228096858407445,1.1098761591128206,-0.172956376059961,0.7808186387828083,-35.380665352020415,-0.2869029500179052,0.0682033600777318,0.5358666160012799,0.0018724490033119,0.0006175100119751,-0.0088171591711718,0.0286635582585814,0.0198380699538277,6.546389428030693,0.0211175651917756,-0.0019904755978331,-0.0379820262336739,0.0685589567870184,0.1098761591128205,-0.0088171591711718,0.172956376059961,-0.0286635582585814,0.2191813612171916,-0.0198380699538277,35.380665352020415,-6.546389428030693,0.2869029500179052,-0.0211175651917756,True
philadelphia,surrogate,0.1838822993940162,0.4610429509642409,0.3988398456357234,63151,2921.0,FORWARD_2025,,grid,True,OK,,0.7483641897307783,0.7159858515708406,0.2840141484291594,0.317191244396481,78003.07819973199,0.2425896367762782,0.9512494573997152,1.0394201593222343,0.9374206156661712,24.953706792142498,0.4243648175657126,1.1088087267886444,-0.1681625193385785,0.7839613240227177,-31.723191036873686,-0.2828680781773597,0.0681787541414584,0.5287331665260439,0.0035183725023908,0.0017495479431546,-0.009884591495348,0.0334574149799639,0.0229807551937371,10.203863743177422,0.0251524370323211,-0.0020150815341064,-0.04511547570891,0.0816583175156335,0.1088087267886444,-0.009884591495348,0.1681625193385785,-0.0334574149799639,0.2160386759772823,-0.0229807551937371,31.723191036873686,-10.203863743177422,0.2828680781773597,-0.0251524370323211,True
philadelphia,surrogate,0.2668657121503905,0.6691049429252107,0.3988398456357234,63151,2921.0,FORWARD_2025,,"grid,guardrail",True,OK,,0.7518522111338903,0.7156711920879522,0.2843288079120478,0.3173669039625038,78085.4828585437,0.2416593726502127,0.9482172958102028,1.0369138615829123,0.9391088120924156,24.909056660975004,0.4212020900020073,1.1041466635507111,-0.1518568980448616,0.7936352559676532,-27.60142133396887,-0.2688581972284797,0.0641296572846017,0.503797371542927,0.0038330319852792,0.0052375693462666,-0.014546654733281,0.0497630362736808,0.0326546871386725,14.32563344608224,0.0391623179812011,-0.0060641783909632,-0.0700512706920268,0.1271419144096358,0.1041466635507113,-0.014546654733281,0.1518568980448616,-0.0497630362736808,0.2063647440323468,-0.0326546871386725,27.60142133396887,-14.32563344608224,0.2688581972284797,-0.0391623179812011,True
philadelphia,surrogate,0.3872983346207417,0.9710622919418064,0.3988398456357234,63151,2921.0,FORWARD_2025,,grid,True,OK,,0.7394197471522284,0.7115459565121387,0.2884540434878613,0.319660900573763,78719.3058970737,0.243090758770569,0.9486830440505768,1.0360370044766605,0.9387372253993724,25.04149449834757,0.4233610024827677,1.103649643845639,-0.1428721103934632,0.7938136052952702,-28.640138019092912,-0.2633795828404415,0.0594570408318553,0.4918123508996782,0.0079582675610927,-0.0071948946353953,-0.0150436744383535,0.0587478239250792,0.0328330364662896,13.286916760958196,0.0446409323692393,-0.0107367948437095,-0.0820362913352756,0.144928438740032,0.1036496438456389,-0.0150436744383535,0.1428721103934632,-0.0587478239250792,0.2061863947047297,-0.0328330364662896,28.640138019092912,-13.286916760958196,0.2633795828404415,-0.0446409323692393,True
philadelphia,surrogate,0.5620804515923291,1.4092886098088102,0.3988398456357234,63151,2921.0,FORWARD_2025,,grid,True,OK,,0.7424286108310079,0.7093366627297895,0.2906633372702106,0.320882720393978,78292.90070428098,0.2429853107011558,0.9483915344423112,1.0362751428172536,0.9418188944044068,25.08722400028557,0.4267759168800553,1.100291307568829,-0.1310331769070295,0.8005858987873834,-24.35175595103206,-0.2535984675331416,0.0558819444543672,0.4760221359743739,0.010167561343442,-0.0041860309566158,-0.0184020107151634,0.0705867574115129,0.0396053299584028,17.575298829019047,0.0544220476765392,-0.0143118912211976,-0.0978265062605799,0.1766831915059039,0.1002913075688289,-0.0184020107151634,0.1310331769070295,-0.0705867574115129,0.1994141012126166,-0.0396053299584028,24.35175595103206,-17.575298829019047,0.2535984675331416,-0.0544220476765392,True
philadelphia,surrogate,0.8157392010776716,2.0452801042920856,0.3988398456357234,63151,2921.0,FORWARD_2025,,grid,True,OK,,0.7488624678242987,0.7036209056636784,0.2963790943363215,0.3240223641066665,78619.83129507456,0.2435033941046347,0.9496259404093952,1.0340175029173029,0.9421654565498804,25.11413234413872,0.4280255399674295,1.0974903566341476,-0.1162111172455118,0.8057188484413895,-19.825879263101967,-0.2422090980211017,0.0507817475593029,0.4506981582251804,0.0158833184095529,0.0022478260366749,-0.0212029616498448,0.0854088170730306,0.0447382796124089,22.10117551694914,0.0658114171885791,-0.0194120881162619,-0.1231504840097734,0.2136592010560688,0.0974903566341476,-0.0212029616498448,0.1162111172455118,-0.0854088170730306,0.1942811515586104,-0.0447382796124089,19.825879263101967,-22.10117551694914,0.2422090980211017,-0.0658114171885791,True
philadelphia,surrogate,1.1838704624751253,2.96828532913535,0.3988398456357234,63151,2921.0,FORWARD_2025,,grid,True,OK,,0.7411736172043555,0.6939982658772988,0.3060017341227011,0.3292404198884295,79599.31565932739,0.2457580825474531,0.951419198387138,1.0334429890171748,0.9454106110124324,25.3416310272366,0.4321335704293746,1.0931154960387734,-0.0952180102571875,0.8142768827410969,-14.33660113073296,-0.2261927916555307,0.0437076146346865,0.4200294674355483,0.0255059581959326,-0.0054410245832682,-0.0255778222452189,0.1064019240613549,0.0532963139121163,27.59045364931815,0.0818277235541501,-0.0264862210408783,-0.1538191747994055,0.2656567323070902,0.0931154960387734,-0.0255778222452189,0.0952180102571875,-0.1064019240613549,0.1857231172589031,-0.0532963139121163,14.33660113073296,-27.59045364931815,0.2261927916555307,-0.0818277235541501,True
philadelphia,surrogate,1.7181340188990342,4.307829414988481,0.3988398456357234,63151,2921.0,FORWARD_2025,,grid,True,OK,,0.7402042593102809,0.6848407661953033,0.3151592338046967,0.3341305772912967,80031.65411205894,0.2479764160564072,0.9555151205347124,1.0359757531785292,0.9494663734468862,25.52999954884919,0.4337063754596695,1.0911136846453913,-0.0819151725812544,0.8149243497559637,-13.776168970887548,-0.2168670836528324,0.0364195858660841,0.4074191433000169,0.0346634578779281,-0.0064103824773428,-0.0275796336386011,0.1197047617372881,0.0539437809269831,28.15088580916356,0.0911534315568484,-0.0337742498094808,-0.166429498934937,0.2959329884075968,0.0911136846453912,-0.0275796336386011,0.0819151725812544,-0.1197047617372881,0.1850756502440362,-0.0539437809269831,13.776168970887548,-28.15088580916356,0.2168670836528324,-0.0911534315568484,True
philadelphia,surrogate,2.4935029637671797,6.251890303970774,0.3988398456357234,63151,2921.0,FORWARD_2025,,grid,True,OK,,0.7359331588592775,0.6739742814721252,0.3260257185278747,0.3398420645467772,80909.12935571498,0.250187643290322,0.9556168639121332,1.0331176164160758,0.949157477908136,25.79714572659337,0.4384656808609214,1.0884575430970431,-0.0676786079795699,0.8216907196022613,-9.174764459263852,-0.2056745779735547,0.0353491674736657,0.382483941666581,0.0455299426011061,-0.0106814829283462,-0.030235775186949,0.1339413263389725,0.0607101507732806,32.75229032078725,0.1023459372361261,-0.0348446682018992,-0.1913647005683728,0.3322698722403457,0.0884575430970433,-0.030235775186949,0.0676786079795699,-0.1339413263389725,0.1783092803977387,-0.0607101507732806,9.174764459263852,-32.75229032078725,0.2056745779735547,-0.1023459372361261,True
philadelphia,surrogate,3.618784659359615,9.073277655073603,0.3988398456357234,63151,2921.0,FORWARD_2025,,grid,True,OK,,0.7432417164383105,0.6648765252470701,0.3351234747529298,0.344551090074736,80914.07228252584,0.251130714119309,0.9575934058727874,1.0311020961852455,0.950968255047652,25.85418217848917,0.4378016864268852,1.084265526963966,-0.0529838033504807,0.8304046531960357,-5.412859648259939,-0.1915982912633069,0.0342971203873288,0.3623950986891841,0.0546276988261613,-0.0033729253493132,-0.0344277913200263,0.1486361309680617,0.0694240843670551,36.51419513179117,0.1164222239463739,-0.035896715288236,-0.2114535435457697,0.3779690578957738,0.084265526963966,-0.0344277913200263,0.0529838033504807,-0.1486361309680617,0.1695953468039642,-0.0694240843670551,5.412859648259939,-36.51419513179117,0.1915982912633069,-0.1164222239463739,True
philadelphia,surrogate,5.2518896512686215,13.1679161666946,0.3988398456357234,63151,2921.0,FORWARD_2025,,grid,True,OK,,0.7329124928769877,0.6523288230628643,0.3476711769371357,0.3509421617465152,82009.18951861575,0.2540544944744174,0.95964468197784,1.029472131669899,0.9506461959366832,26.13232611797444,0.4435215183876796,1.0829182676690223,-0.0418301521356637,0.832956471986394,-0.7057731721746358,-0.1831883572491919,0.031841580806372,0.3452504479147339,0.0671754010103671,-0.013702148910636,-0.0357750506149701,0.1597897821828787,0.0719759031574134,41.22128160787647,0.1248321579604889,-0.0383522548691928,-0.2285981943202199,0.4052722198568855,0.0829182676690223,-0.0357750506149701,0.0418301521356637,-0.1597897821828787,0.167043528013606,-0.0719759031574134,0.7057731721746358,-41.22128160787647,0.1831883572491919,-0.1248321579604889,True
philadelphia,surrogate,7.621991222319222,19.110405606968104,0.3988398456357234,63151,2921.0,FORWARD_2025,,grid,True,OK,,0.7354981295312242,0.6417793104574661,0.358220689542534,0.3562267558731509,82881.18636039966,0.2581192791514244,0.9606084488558544,1.0305142076331115,0.9531965115688872,26.56319279058352,0.4447333659401238,1.0811141198334495,-0.0331210383291624,0.8357396837490554,-0.5034673441365307,-0.1751386290084733,0.0309446381374748,0.3369228293875548,0.0777249136157654,-0.0111165122563995,-0.0375791984505429,0.16849889598938,0.0747591149200748,41.42358743591458,0.1328818862012075,-0.03924919753809,-0.2369258128473991,0.4314059604463357,0.0811141198334495,-0.0375791984505429,0.0331210383291624,-0.16849889598938,0.1642603162509446,-0.0747591149200748,0.5034673441365307,-41.42358743591458,0.1751386290084733,-0.1328818862012075,True
philadelphia,surrogate,11.061685231539125,27.73465427935756,0.3988398456357234,63151,2921.0,FORWARD_2025,,grid,True,OK,,0.7235091734094254,0.6343720478304598,0.3656279521695402,0.3598909270262392,83799.09006861935,0.2604425537519811,0.961620836923914,1.0292684124222466,0.9535299433842348,26.81097661142654,0.4494745285102088,1.0794295654410215,-0.0235077665202373,0.8391634400761643,-0.0892883570656883,-0.1676582728963715,0.0293194340197574,0.3245266489264067,0.0851321762427717,-0.0231054683781982,-0.0392637528429709,0.1781121677983051,0.0781828712471837,41.83776642298542,0.1403622423133093,-0.0408744016558075,-0.2493219933085472,0.4556912133523302,0.0794295654410215,-0.0392637528429709,0.0235077665202373,-0.1781121677983051,0.1608365599238357,-0.0781828712471837,0.0892883570656883,-41.83776642298542,0.1676582728963715,-0.1403622423133093,True
philadelphia,surrogate,16.05366322167172,40.25090120091507,0.3988398456357234,63151,2921.0,FORWARD_2025,,grid,True,OK,,0.7238149775028633,0.6251027509822622,0.3748972490177377,0.3644243013507868,84492.64092533293,0.263030241155985,0.962562808871036,1.0303931895716922,0.9554116024233476,27.063917629715142,0.4552621677279866,1.0784809258733703,-0.0157004232694745,0.8408744459812414,1.898864636541944,-0.1611094419294363,0.029076733675562,0.3159854667914222,0.0944014730909691,-0.0227996642847604,-0.0402123924106221,0.1859195110490679,0.0798938771522608,43.82591941659305,0.1469110732802445,-0.0411171020000028,-0.2578631754435317,0.4769522354062577,0.0784809258733703,-0.0402123924106221,0.0157004232694745,-0.1859195110490679,0.1591255540187586,-0.0798938771522608,1.898864636541944,-40.02819014350917,0.1611094419294363,-0.1469110732802445,True
philadelphia,surrogate,23.298448422672752,58.415548691070775,0.3988398456357234,63151,2921.0,FORWARD_2025,,grid,True,OK,,0.7302157857393932,0.6255494110821342,0.3744505889178657,0.3642071454405236,84017.4080613316,0.2620084008588499,0.9633403874888612,1.0291171602882894,0.9553713914323334,26.92144159376838,0.45559583119725,1.0771906815687595,-0.0149371623916547,0.8455811622012971,-0.544392682980398,-0.1599096391161754,0.0320641560283951,0.3149948016520182,0.0939548129910972,-0.0163988560482305,-0.0415026367152329,0.1866827719268877,0.0846005933723165,41.38266209707071,0.1481108760935054,-0.0381296796471698,-0.2588538405829356,0.4808474396345999,0.0771906815687595,-0.0415026367152329,0.0149371623916547,-0.1866827719268877,0.1544188377987029,-0.0846005933723165,0.544392682980398,-41.38266209707071,0.1599096391161754,-0.1481108760935054,True
philadelphia,surrogate,33.81270003043063,84.77763794270732,0.3988398456357234,63151,2921.0,FORWARD_2025,,grid,True,OK,,0.715053652200752,0.6171228378341629,0.3828771621658371,0.3682823741869615,85816.70106194243,0.2659417421420267,0.959253567293376,1.0273880826702408,0.952565220816588,27.418689358020465,0.4608853826397892,1.078548807177225,-0.0115026034583379,0.8422183963948539,2.985827522722791,-0.1599023252422373,0.0307001871039811,0.3105951587395122,0.1023813862390685,-0.0315609895868717,-0.0401445111067675,0.1901173308602045,0.0812378275658732,44.9128823027739,0.1481181899674435,-0.0394936485715837,-0.2632534834954417,0.4808711843969682,0.0785488071772249,-0.0401445111067675,0.0115026034583379,-0.1901173308602045,0.1577816036051461,-0.0812378275658732,2.985827522722791,-38.94122725732832,0.1599023252422373,-0.1481181899674435,True
philadelphia,surrogate,49.071880779635485,123.03655544098976,0.3988398456357234,63151,2921.0,FORWARD_2025,,grid,True,OK,,0.7234827959693986,0.6174009094127102,0.3825990905872898,0.3681486139733766,85026.57192416032,0.2653849249834226,0.9621331912110156,1.0284261973505735,0.9556562300573808,27.303782136302672,0.4607272516211468,1.0761465943551936,-0.0092491295183158,0.8486778885180767,3.071212623966802,-0.1565044391875085,0.0324786366356532,0.3096881715225348,0.1021033146605212,-0.0231318458182251,-0.0425467239287988,0.1923708048002266,0.0876973196890961,44.99826740401791,0.1515160760221723,-0.0377151990399116,-0.264160470712419,0.491902547202188,0.0761465943551935,-0.0425467239287988,0.0092491295183158,-0.1923708048002266,0.1513221114819233,-0.0876973196890961,3.071212623966802,-38.85584215608431,0.1565044391875085,-0.1515160760221723,True
philadelphia,surrogate,71.21730832153513,178.56116709708283,0.3988398456357234,63151,2921.0,FORWARD_2025,,grid,True,OK,,0.7208188586281177,0.6136311937584651,0.3863688062415349,0.3699578365495709,85464.94892836713,0.2655798521769643,0.960029632455266,1.0250789588504792,0.9527625826170456,27.378231418256867,0.4600510893211333,1.0759017803100486,-0.005254605507769,0.848894374740823,2.326937102221129,-0.1518792419052144,0.032265474534053,0.3035108220242714,0.1058730303147663,-0.025795783159506,-0.0427915379739438,0.1963653288107734,0.0879138059118423,44.25399188227224,0.1561412733044664,-0.0379283611415118,-0.2703378202106825,0.5069184213206558,0.0759017803100485,-0.0427915379739438,0.005254605507769,-0.1963653288107734,0.151105625259177,-0.0879138059118423,2.326937102221129,-39.60011767782998,0.1518792419052144,-0.1561412733044664,True
philadelphia,surrogate,103.35664588322452,259.1432300814406,0.3988398456357234,63151,2921.0,FORWARD_2025,,grid,True,OK,,0.7311560703297146,0.6119893850529228,0.3880106149470771,0.3707430398235508,85525.52688817539,0.2660087326089501,0.9577606654945432,1.0236972458327,0.9527813082625964,27.452463202932925,0.4590939682702251,1.0744304458485014,-0.0029128448678135,0.8506345512261743,3.047530212064528,-0.1494462884711695,0.0314001302654319,0.2993952337024617,0.1075148390203086,-0.015458571457909,-0.0442628724354909,0.1987070894507289,0.0896539823971936,44.97458499211564,0.1585742267385113,-0.038793705410133,-0.2744534085324922,0.5148170946683991,0.0744304458485014,-0.0442628724354909,0.0029128448678135,-0.1987070894507289,0.1493654487738257,-0.0896539823971936,3.047530212064528,-38.87952456798658,0.1494462884711695,-0.1585742267385113,True
philadelphia,surrogate,150.0,376.090808482062,0.3988398456357234,63151,2921.0,FORWARD_2025,,grid,True,OK,,0.7262543795531691,0.6095221144183519,0.3904778855816481,0.37191990697063,85950.33471874992,0.2671636956891109,0.9624463042056056,1.0247732493519517,0.9546193594561408,27.47918664621244,0.459789185511889,1.073488861503687,-0.0003163845521035,0.8535604295513538,5.783982896226255,-0.1466464859264694,0.032215433865265,0.294638363557429,0.1099821096548795,-0.0203602622344546,-0.0452044567803053,0.2013035497664389,0.0925798607223732,47.71103767627736,0.1613740292832114,-0.0379784018102998,-0.2792102786775249,0.5239067572280316,0.073488861503687,-0.0452044567803053,0.0003163845521035,-0.2013035497664389,0.1464395704486462,-0.0925798607223732,5.783982896226255,-36.14307188382485,0.1466464859264694,-0.1613740292832114,True
st_louis_county,direct,0.0,0.0,0.5593765520771489,131321,13719.0,FORWARD_2025,,"grid,baseline_rho0",True,OK,,0.812380349711517,0.8485259990961996,0.1514740009038004,0.3116400401784241,72893.87169194332,0.2258246612646059,0.9063916296181476,0.972336145415447,0.8865420677549035,22.98866794204492,0.4662078778660648,1.0967738371150395,-0.0527297446087076,0.9024529241551154,-28.86524936900117,-0.1358526633691928,0.1014011073565094,0.3632189480083498,0.0,0.0,0.0,0.0,0.0,0.0,0.0,0.0,0.0,0.0,0.0967738371150397,0.0,0.0527297446087076,0.0,0.0975470758448846,0.0,28.86524936900117,0.0,0.1358526633691928,0.0,True
st_louis_county,direct,0.001,0.0017877045369289,0.5593765520771489,131321,13719.0,FORWARD_2025,,grid,True,OK,,0.8136473516828159,0.8479956544747546,0.1520043455252454,0.3121851244938171,72938.57387295413,0.2262420706337253,0.9067441135236158,0.9731482444467132,0.8883696869009958,23.106955928214067,0.4738173536511877,1.095431619061047,-0.0503428825579874,0.9042696747025748,-28.08672637668532,-0.1341399244416771,0.1020443407026211,0.35687257796873,0.0005303446214449,0.0012670019712989,-0.0013422180539928,0.0023868620507201,0.0018167505474594,0.7785229923158532,0.0017127389275157,0.0006432333461117,-0.0063463700396197,0.0126073268277504,0.0954316190610469,-0.0013422180539928,0.0503428825579874,-0.0023868620507201,0.0957303252974252,-0.0018167505474594,28.08672637668532,-0.7785229923158532,0.1341399244416771,-0.0017127389275157,True
st_louis_county,direct,0.0014512854854972,0.0025944696468025,0.5593765520771489,131321,13719.0,FORWARD_2025,,grid,True,OK,,0.8139034582498362,0.8495271334583495,0.1504728665416504,0.3106084744477832,72183.4064613364,0.2252457792520353,0.9109850460718094,0.9780168719904972,0.8922065505880385,23.052572667576605,0.4679465143808234,1.0961776410920796,-0.0510979700689151,0.9029363032066086,-27.72854661109857,-0.1341902042917187,0.1014171223269424,0.3573377926307752,-0.0010011343621499,0.0015231085383192,-0.0005961960229601,0.0016317745397925,0.0004833790514932,1.1367027579025972,0.0016624590774741,1.601497043300648e-05,-0.0058811553775745,0.0122372210911774,0.0961776410920796,-0.0005961960229601,0.0510979700689151,-0.0016317745397925,0.0970636967933914,-0.0004833790514932,27.72854661109857,-1.1367027579025972,0.1341902042917187,-0.0016624590774741,True
st_louis_county,direct,0.0021062295604149,0.0037653161409676,0.5593765520771489,131321,13719.0,FORWARD_2025,,grid,True,OK,,0.8144453710708714,0.8499939030936883,0.1500060969063117,0.3101263436254733,71951.96818220823,0.2247403811546643,0.913985373133944,0.980356305171562,0.8938669390130971,23.011498650755826,0.470487067172808,1.0967586587931717,-0.0519173921768109,0.902020396250256,-28.142743808784378,-0.1351771539885601,0.0998350712587982,0.3601955599136819,-0.0014679039974886,0.0020650213593544,-1.5178321868036804e-05,0.0008123524318967,-0.0004325279048592,0.722505560216792,0.0006755093806327,-0.0015660360977111,-0.0030233880946678,0.0049723675920657,0.0967586587931716,-1.5178321868036804e-05,0.0519173921768109,-0.0008123524318967,0.0979796037497439,0.0004325279048592,28.142743808784378,-0.722505560216792,0.1351771539885601,-0.0006755093806327,True
st_louis_county,direct,0.0030567403901553,0.0054645486636947,0.5593765520771489,131321,13719.0,FORWARD_2025,,grid,True,OK,,0.8130176176073426,0.8485976450938597,0.1514023549061402,0.311566329831123,72656.3724381305,0.2254551778556787,0.9077949552625644,0.9743141238665118,0.8894719497983768,23.03451926572963,0.47055205635518,1.095384878733238,-0.0498778141680771,0.9037469477131232,-27.421343861060627,-0.1331117779194034,0.1006546874714634,0.3542703249786559,-7.1645997660158e-05,0.0006372678958256,-0.0013889583818016,0.0028519304406305,0.0012940235580077,1.443905507940542,0.0027408854497894,-0.0007464198850459,-0.0089486230296939,0.020175426685164,0.095384878733238,-0.0013889583818016,0.0498778141680771,-0.0028519304406305,0.0962530522868768,-0.0012940235580077,27.421343861060627,-1.443905507940542,0.1331117779194034,-0.0027408854497894,True
st_louis_county,direct,0.0044362029611655,0.0079306201604134,0.5593765520771489,131321,13719.0,FORWARD_2025,,grid,True,OK,,0.8141517494899513,0.8492493612803417,0.1507506387196583,0.3108950331270093,72343.84223669893,0.2251873366170248,0.9110114654917786,0.976806244067214,0.8908244505033925,22.998429049498142,0.4682862465725283,1.0965193462249878,-0.0513123456400474,0.9023639609615816,-27.93342527891798,-0.134581601502727,0.1012893137981343,0.3585719904021918,-0.0007233621841421,0.0017713997784343,-0.0002544908900519,0.0014173989686601,-8.896319353368654e-05,0.9318240900831896,0.0012710618664658,-0.000111793558375,-0.004646957606158,0.0093561792234547,0.0965193462249878,-0.0002544908900519,0.0513123456400474,-0.0014173989686601,0.0976360390384183,8.896319353368654e-05,27.93342527891798,-0.9318240900831896,0.134581601502727,-0.0012710618664658,True
st_louis_county,direct,0.0064381969682594,0.0115095939297996,0.5593765520771489,131321,13719.0,FORWARD_2025,,grid,True,OK,,0.813127168142196,0.8481895162552265,0.1518104837447735,0.311985985210106,72946.45479520298,0.225925995550876,0.9072861410618682,0.9729006895530032,0.8880316517192384,23.032405294849468,0.4739603519980627,1.0955698343290552,-0.0503547135777496,0.9037260298995196,-27.57070480026452,-0.1335914472740608,0.1021822388441474,0.3555563595509699,0.000336482840973,0.000746818430679,-0.0012040027859845,0.002375031030958,0.0012731057444042,1.2945445687366508,0.002261216095132,0.000781131487638,-0.0076625884573798,0.0166446210111244,0.0955698343290551,-0.0012040027859845,0.0503547135777496,-0.002375031030958,0.0962739701004804,-0.0012731057444042,27.57070480026452,-1.2945445687366508,0.1335914472740608,-0.002261216095132,True
st_louis_county,direct,0.0093436618128071,0.0167037066142851,0.5593765520771489,131321,13719.0,FORWARD_2025,,grid,True,OK,,0.8115794275810315,0.8487244979426583,0.1512755020573417,0.3114357791582129,73051.35036782823,0.2256836760890047,0.9076911414619476,0.9734790061123098,0.8868237852048415,23.013916277205507,0.4714886983842886,1.0977141370734125,-0.0528218714762794,0.9009280347894648,-28.91699982945854,-0.1363320327453042,0.1006316378168294,0.3620288194446229,-0.0001984988464586,-0.0008009221304854,0.0009402999583725,-9.21268675718248e-05,-0.0015248893656504,-0.0517504604573701,-0.0004793693761113,-0.0007694695396799,-0.0011901285637268,-0.0035285975572565,0.0977141370734122,0.0009402999583725,0.0528218714762794,9.21268675718248e-05,0.099071965210535,0.0015248893656504,28.91699982945854,0.0517504604573701,0.1363320327453042,0.0004793693761113,True
st_louis_county,direct,0.0135603207703216,0.024241846963316,0.5593765520771489,131321,13719.0,FORWARD_2025,,grid,True,OK,,0.814351713657993,0.8492852395702305,0.1507147604297694,0.3108580347899665,72054.7088685654,0.2249651901812662,0.9128699032485612,0.9784411402803478,0.8930336526871301,22.98228644775929,0.4717138434435779,1.0956374794345405,-0.0499356740934559,0.903565211838344,-27.007231787982644,-0.1334911471925897,0.1013280104324855,0.3559749910809819,-0.0007592404740309,0.001971363946476,-0.0011363576804994,0.0027940705152516,0.0011122876832286,1.858017581018526,0.0023615161766031,-7.309692402383827e-05,-0.0072439569273679,0.0173829214535562,0.0956374794345402,-0.0011363576804994,0.0499356740934559,-0.0027940705152516,0.0964347881616559,-0.0011122876832286,27.007231787982644,-1.858017581018526,0.1334911471925897,-0.0023615161766031,True
st_louis_county,direct,0.0196798967126543,0.0351818406395055,0.5593765520771489,131321,13719.0,FORWARD_2025,,grid,True,OK,,0.8132084429241547,0.8477934073419532,0.1522065926580468,0.3123927421052075,72803.89074070059,0.2259633783738119,0.9060560649952276,0.972164914784502,0.8883110703133149,23.062223804384004,0.4713447501274042,1.0943969373719626,-0.0492344170446181,0.9053784872404927,-27.179085131657896,-0.1325653879038792,0.1027279393877112,0.3541693680146995,0.0007325917542463,0.0008280932126377,-0.002376899743077,0.0034953275640894,0.0029255630853773,1.6861642373432737,0.0032872754653136,0.0013268320312018,-0.0090495799936502,0.0241973575179765,0.0943969373719626,-0.002376899743077,0.0492344170446181,-0.0034953275640894,0.0946215127595072,-0.0029255630853773,27.179085131657896,-1.6861642373432737,0.1325653879038792,-0.0032872754653136,True
st_louis_county,direct,0.0285611484551597,0.0510588946731906,0.5593765520771489,131321,13719.0,FORWARD_2025,,grid,True,OK,,0.816580654390529,0.8499060473455899,0.15009395265441,0.3102171479135343,72044.57848377117,0.2252060948423137,0.911119878856313,0.9778364684990408,0.8936523254675472,23.027962962880903,0.4666424734556821,1.0942023431623138,-0.050306847145947,0.9056720290844384,-27.85236802492325,-0.1329754653611105,0.1031300063667904,0.3564982190318206,-0.0013800482493903,0.004200304679012,-0.0025714939527259,0.0024228974627606,0.0032191049293229,1.0128813440779183,0.0028771980080823,0.0017288990102809,-0.0067207289765292,0.0211788119329193,0.0942023431623138,-0.0025714939527259,0.050306847145947,-0.0024228974627606,0.0943279709155616,-0.0032191049293229,27.85236802492325,-1.0128813440779183,0.1329754653611105,-0.0028771980080823,True
st_louis_county,direct,0.0414503802021047,0.0741010327447331,0.5593765520771489,131321,13719.0,FORWARD_2025,,grid,True,OK,,0.8150786953634825,0.8493521038749845,0.1506478961250155,0.3107890713647331,72146.48781244803,0.2249890348956335,0.91150315084829,0.9770775005997552,0.8920838962359113,22.984345365999143,0.4717948607283598,1.0952753487900284,-0.0498647943091019,0.9038032036767388,-26.594150032840652,-0.1331034796994716,0.0999630314455626,0.3549882443281273,-0.0008261047787848,0.0026983456519655,-0.0014984883250113,0.0028649502996056,0.0013502795216235,2.271099336160514,0.0027491836697212,-0.0014380759109468,-0.0082307036802224,0.0202365091823788,0.0952753487900284,-0.0014984883250113,0.0498647943091019,-0.0028649502996056,0.096196796323261,-0.0013502795216235,26.594150032840652,-2.271099336160514,0.1331034796994716,-0.0027491836697212,True
st_louis_county,direct,0.060156335155656,0.1075417532827856,0.5593765520771489,131321,13719.0,FORWARD_2025,,grid,True,OK,,0.8134909247886282,0.8478250604501725,0.1521749395498275,0.3123602575878,73096.67273253064,0.2264261110286286,0.9054971708040254,0.971194679237558,0.8864516887983083,23.03716704165225,0.4777155186814307,1.0955979795741932,-0.0506215024046386,0.9038596917080356,-28.027166066519893,-0.1343896356344776,0.100615761735162,0.358865133128866,0.0007009386460271,0.0011105750771112,-0.0011758575408464,0.002108242204069,0.0014067675529201,0.8380833024812766,0.0014630277347152,-0.0007853456213473,-0.0043538148794837,0.0107692237931271,0.0955979795741932,-0.0011758575408464,0.0506215024046386,-0.002108242204069,0.0961403082919645,-0.0014067675529201,28.027166066519893,-0.8380833024812766,0.1343896356344776,-0.0014630277347152,True
st_louis_county,direct,0.0873040160721099,0.15607378562423,0.5593765520771489,131321,13719.0,FORWARD_2025,,grid,True,OK,,0.8169238954362465,0.8501920596178455,0.1498079403821544,0.3099214390653689,71593.99152663196,0.2245708943010925,0.9133120402195792,0.980097296859016,0.8961953346058176,23.01778988040161,0.473428069493186,1.093620172983942,-0.0480555559906721,0.9060859456617344,-26.59771259116797,-0.1309101657144299,0.1016183506209548,0.3503133149269528,-0.0016660605216459,0.0045435457247295,-0.0031536641310976,0.0046741886180355,0.0036330215066189,2.2675367778332003,0.0049424976547629,0.0002172432644454,-0.0129056330813969,0.0363813084866156,0.0936201729839421,-0.0031536641310976,0.0480555559906721,-0.0046741886180355,0.0939140543382657,-0.0036330215066189,26.59771259116797,-2.2675367778332003,0.1309101657144299,-0.0049424976547629,True
st_louis_county,direct,0.1267030513510693,0.2265076197430502,0.5593765520771489,131321,13719.0,FORWARD_2025,,grid,True,OK,,0.8149574347386296,0.8483250903631432,0.1516749096368567,0.3118466448030101,72261.5333653528,0.2256781856232663,0.9102763501398276,0.9762800201822276,0.8934690373062751,23.10636757431451,0.4782194292945949,1.0926847819210612,-0.0461669566679247,0.9074867309084896,-26.509503208277213,-0.1297138573434918,0.1023415998632061,0.3466792351761725,0.0002009087330563,0.0025770850271126,-0.0040890551939785,0.0065627879407829,0.0050338067533742,2.3557461607239567,0.006138806025701,0.0009404925066967,-0.0165397128321772,0.0451872335326858,0.0926847819210612,-0.0040890551939785,0.0461669566679247,-0.0065627879407829,0.0925132690915103,-0.0050338067533742,26.509503208277213,-2.3557461607239567,0.1297138573434918,-0.006138806025701,True
st_louis_county,direct,0.1838822993940162,0.3287272208876129,0.5593765520771489,131321,13719.0,FORWARD_2025,,grid,True,OK,,0.8175524993589126,0.8489181805277719,0.151081819472228,0.3112363449946118,72016.41268825662,0.2255444297923744,0.9101079252675738,0.9768208831094586,0.8947445048698555,23.077538319374103,0.4724425945835832,1.0917316371242107,-0.0466665250774705,0.9090583705496378,-26.463088372133186,-0.129865421645196,0.102805994795449,0.3484853900742373,-0.0003921814315723,0.0051721496473956,-0.0050421999908289,0.0060632195312371,0.0066054463945224,2.402160996867988,0.0059872417239968,0.0014048874389396,-0.0147335579341125,0.0440715814877026,0.0917316371242107,-0.0050421999908289,0.0466665250774705,-0.0060632195312371,0.0909416294503622,-0.0066054463945224,26.463088372133186,-2.402160996867988,0.129865421645196,-0.0059872417239968,True
st_louis_county,direct,0.2668657121503905,0.4770770443620322,0.5593765520771489,131321,13719.0,FORWARD_2025,,"grid,activity",True,OK,,0.8168860935289749,0.8480391179178677,0.1519608820821323,0.3121404888933344,72125.40543717444,0.2254181980737861,0.9095370084253748,0.9741757474432636,0.8942178318299566,23.06978104841166,0.4793321967640039,1.0894165971278815,-0.0429277046223044,0.9115387390908024,-25.23262973309957,-0.1261965569982914,0.1026417522096123,0.3386560345166308,0.0004868811783318,0.0045057438174579,-0.0073572399871582,0.0098020399864032,0.0090858149356871,3.632619635901598,0.0096561063709014,0.0012406448531029,-0.024562913491719,0.0710777847958713,0.0894165971278815,-0.0073572399871582,0.0429277046223044,-0.0098020399864032,0.0884612609091974,-0.0090858149356871,25.23262973309957,-3.632619635901598,0.1261965569982914,-0.0096561063709014,True
st_louis_county,direct,0.3872983346207417,0.6923749899465321,0.5593765520771489,131321,13719.0,FORWARD_2025,,"grid,direct_common_lo",True,OK,,0.8199373551919813,0.8487649302064,0.1512350697936,0.3113941567709454,71193.5942077909,0.2247416073396585,0.9145706835003174,0.9789556445224532,0.9017418948320286,23.0195882754724,0.4860669169207496,1.0856273287655194,-0.0386444536702671,0.916369911691759,-23.43917300418637,-0.1218792569832778,0.1030577983175752,0.330682399191075,-0.0002389311102003,0.0075570054804643,-0.0111465083495203,0.0140852909384405,0.0139169875366436,5.426076364814797,0.013973406385915,0.0016566909610657,-0.0325365488172747,0.1028570661727914,0.0856273287655193,-0.0111465083495203,0.0386444536702671,-0.0140852909384405,0.083630088308241,-0.0139169875366436,23.43917300418637,-5.426076364814797,0.1218792569832778,-0.013973406385915,True
st_louis_county,direct,0.5620804515923291,1.0048337734306878,0.5593765520771489,131321,13719.0,FORWARD_2025,,"grid,direct_common_hi",True,OK,,0.8236136330512951,0.8483106520913095,0.1516893479086905,0.3118614871374893,70881.10400123593,0.2246956613876641,0.913057965764074,0.9772933623690144,0.9050428334707948,23.052814730012557,0.4797506036907902,1.0798310601732988,-0.0340452400807061,0.9243198596532176,-22.43479126272028,-0.1158709451714726,0.1067529235607457,0.3199242171598049,0.0002153470048901,0.0112332833397781,-0.0169427769417409,0.0186845045280015,0.0218669354981021,6.430458106280888,0.0199817181977202,0.0053518162042363,-0.0432947308485448,0.1470837428002271,0.0798310601732987,-0.0169427769417409,0.0340452400807061,-0.0186845045280015,0.0756801403467825,-0.0218669354981021,22.43479126272028,-6.430458106280888,0.1158709451714726,-0.0199817181977202,True
st_louis_county,direct,0.8157392010776716,1.458300670717362,0.5593765520771489,131321,13719.0,FORWARD_2025,,grid,True,OK,,0.823915580238046,0.8471899043098207,0.1528100956901793,0.3130114520172811,70870.12387157122,0.2247964221019824,0.9146677353866968,0.976674805783754,0.9058311235390716,23.03237730826829,0.4826843798091778,1.078208487657056,-0.0304634472476409,0.925841147851748,-19.753248533414016,-0.1124246016827662,0.1037668488479702,0.3094783096461643,0.0013360947863789,0.011535230526529,-0.0185653494579838,0.0222662973610667,0.0233882236966327,9.112000835587152,0.0234280616864265,0.0023657414914608,-0.0537406383621855,0.1724519866258238,0.0782084876570559,-0.0185653494579838,0.0304634472476409,-0.0222662973610667,0.0741588521482519,-0.0233882236966327,19.753248533414016,-9.112000835587152,0.1124246016827662,-0.0234280616864265,True
st_louis_county,direct,1.1838704624751253,2.1164105969029725,0.5593765520771489,131321,13719.0,FORWARD_2025,,grid,True,OK,,0.8268981516660019,0.847006747583174,0.1529932524168261,0.3131989821151425,70241.98184317404,0.2249982839613114,0.9177869093123778,0.9789170720887376,0.9158965530234274,23.11685417047649,0.4869897643716455,1.068807463962252,-0.0198610501549474,0.9381954864615172,-16.288915046689596,-0.1004321830225601,0.1085508455507504,0.2867081582156989,0.0015192515130256,0.0145178019544849,-0.0279663731527877,0.0328686944537602,0.0357425623064019,12.576334322311574,0.0354204803466327,0.007149738194241,-0.0765107897926509,0.2607271691860331,0.068807463962252,-0.0279663731527877,0.0198610501549474,-0.0328686944537602,0.0618045135384827,-0.0357425623064019,16.288915046689596,-12.576334322311574,0.1004321830225601,-0.0354204803466327,True
st_louis_county,direct,1.7181340188990342,3.071515980637798,0.5593765520771489,131321,13719.0,FORWARD_2025,,grid,True,OK,,0.8280987068569479,0.844835344112502,0.1551646558874979,0.3154137375182356,70319.49097645916,0.2258713451133197,0.92083320648953,0.9795359458356178,0.9224098163628768,23.238968486228025,0.5007691165039729,1.0619313980178495,-0.0112718885356204,0.947325260522562,-13.14205714681694,-0.0914471688747756,0.1112105274184803,0.2690286865152131,0.0036906549836975,0.0157183571454309,-0.0348424390971902,0.0414578560730871,0.0448723363674465,15.72319222218423,0.0444054944944172,0.0098094200619709,-0.0941902614931366,0.3268651007138591,0.0619313980178495,-0.0348424390971902,0.0112718885356204,-0.0414578560730871,0.052674739477438,-0.0448723363674465,13.14205714681694,-15.72319222218423,0.0914471688747756,-0.0444054944944172,True
st_louis_county,direct,2.4935029637671797,4.457646561172405,0.5593765520771489,131321,13719.0,FORWARD_2025,,grid,True,OK,,0.830476432282686,0.8441804913941298,0.1558195086058703,0.3160786185501948,69804.7364554546,0.2258375651757384,0.9266741526864865,0.9835794821442466,0.9320326492071316,23.27256469845736,0.4998723030908963,1.0553058232251469,-0.00281351959959,0.9549698675761282,-10.607183990824987,-0.0815902148729543,0.110919756147694,0.2521540682536361,0.0043455077020698,0.018096082571169,-0.0414680138898928,0.0499162250091176,0.0525169434210128,18.258065378176184,0.0542624484962385,0.0095186487911846,-0.1110648797547136,0.3994213079855122,0.0553058232251468,-0.0414680138898928,0.00281351959959,-0.0499162250091176,0.0450301324238717,-0.0525169434210128,10.607183990824987,-18.258065378176184,0.0815902148729543,-0.0542624484962385,True
st_louis_county,direct,3.618784659359615,6.46931775370612,0.5593765520771489,131321,13719.0,FORWARD_2025,,grid,True,OK,,0.8269632017557419,0.8421999254739814,0.1578000745260186,0.3180810565851161,70598.47070670585,0.227476608911172,0.9316495383002624,0.9859396701344104,0.9430091057503448,23.478890988167013,0.5108052981351263,1.0455250793680366,0.007645452394628,0.9676390020540598,-6.311622520254673,-0.0691549068213849,0.1129547908764641,0.2337012624040378,0.0063260736222182,0.0145828520442249,-0.0512487577470031,0.0603751970033357,0.0651860778989444,22.553626848746497,0.0666977565478079,0.0115536835199547,-0.129517685604312,0.4909565620112303,0.0455250793680366,-0.0512487577470031,0.007645452394628,-0.0450842922140795,0.0323609979459401,-0.0651860778989444,6.311622520254673,-22.553626848746497,0.0691549068213849,-0.0666977565478079,True
st_louis_county,direct,5.2518896512686215,9.38882695702319,0.5593765520771489,131321,13719.0,FORWARD_2025,,grid,True,OK,,0.8245009497411362,0.8422586778914093,0.1577413221085907,0.3180218368069155,70772.04172154437,0.2277530553105856,0.9390420222720756,0.9912322974464104,0.9544523905269212,23.51548586759528,0.5057373723572783,1.0385350880615265,0.0158395916301784,0.9761567701076216,-3.985170602815387,-0.0589603476278621,0.1145654066470279,0.2232284012346494,0.0062673212047903,0.0121206000296192,-0.0582387490535132,0.0685693362388861,0.0737038459525063,24.880078766185783,0.0768923157413307,0.0131642992905184,-0.1399905467737003,0.5659978526322178,0.0385350880615265,-0.0582387490535132,0.0158395916301784,-0.0368901529785292,0.0238432298923783,-0.0737038459525063,3.985170602815387,-24.880078766185783,0.0589603476278621,-0.0768923157413307,True
st_louis_county,direct,7.621991222319222,13.625868288572814,0.5593765520771489,131321,13719.0,FORWARD_2025,,grid,True,OK,,0.8226741063830665,0.8392141728565095,0.1607858271434905,0.3210761785974517,71843.00828042193,0.2300291576545893,0.9360669758238392,0.9897916626103398,0.958520044727304,23.79363117521124,0.5110527423114546,1.0326248971579228,0.023399458063164,0.9838498635873516,-0.3211665882089444,-0.0504868151815696,0.1118010266631027,0.2154068066012491,0.00931182623969,0.0102937566715495,-0.0641489399571169,0.0761292026718717,0.0813969394322361,28.544082780792227,0.0853658481876232,0.0103999193065932,-0.1478121414071006,0.6283708104833634,0.0326248971579228,-0.0641489399571169,0.023399458063164,-0.0293302865455436,0.0161501364126485,-0.0813969394322361,0.3211665882089444,-28.544082780792227,0.0504868151815696,-0.0853658481876232,True
st_louis_county,direct,11.061685231539125,19.775024874502613,0.5593765520771489,131321,13719.0,FORWARD_2025,,grid,True,OK,,0.8214747745335504,0.837850270703053,0.162149729296947,0.322435103497316,72264.3443600276,0.2309462195113837,0.9378806617800248,0.9900330472069552,0.9617092871592294,23.880807079557737,0.5179382958814076,1.0294514781399178,0.0253751515403979,0.9886705891356392,0.3995952776905922,-0.0490345420890796,0.11542480148218,0.2164741835400497,0.0106757283931466,0.0090944248220334,-0.0673223589751219,0.0781048961491056,0.0862176649805238,29.264844646691763,0.0868181212801132,0.0140236941256705,-0.1467447644683,0.6390608702618992,0.0294514781399177,-0.0673223589751219,0.0253751515403979,-0.0273545930683097,0.0113294108643607,-0.0862176649805238,0.3995952776905922,-28.465654091310576,0.0490345420890796,-0.0868181212801132,True
st_louis_county,direct,16.05366322167172,28.699206575712186,0.5593765520771489,131321,13719.0,FORWARD_2025,,grid,True,OK,,0.8185998516761779,0.8373634855548812,0.1626365144451188,0.32291872748496,72746.87531308638,0.2323631533786068,0.945637804142076,0.9974144321334474,0.9721282982972772,24.01658152359149,0.5157213350437453,1.0260111076701088,0.0308247755997095,0.9924544794033188,1.0373722129993272,-0.0424863071021335,0.1147260108451499,0.2107365113452527,0.0111625135413183,0.0062195019646609,-0.0707627294449309,0.0835545202084172,0.0900015552482035,29.902621582000496,0.0933663562670593,0.0133249034886405,-0.152482436663097,0.6872618758553679,0.0260111076701088,-0.0707627294449309,0.0308247755997095,-0.021904969008998,0.0075455205966811,-0.0900015552482035,1.0373722129993272,-27.827877156001843,0.0424863071021335,-0.0933663562670593,True
st_louis_county,direct,23.298448422672752,41.65074194861755,0.5593765520771489,131321,13719.0,FORWARD_2025,,"grid,guardrail",True,OK,,0.8124826502432789,0.835591303917381,0.1644086960826189,0.3246733154055404,73878.35876124745,0.2340484741647129,0.9442451767131654,0.9967885532566838,0.9758208459772112,24.22265354818976,0.5216174227206563,1.0214872508267387,0.0348263060475747,0.9987147458885912,4.63455763146787,-0.0370503918142129,0.11461180694988,0.2091651695172991,0.0129346951788185,0.0001023005317619,-0.0752865862883009,0.0875560506562824,0.0962618217334759,33.49980700046904,0.0988022715549799,0.0132106995933706,-0.1540537784910506,0.7272751899348129,0.0214872508267387,-0.0752865862883009,0.0348263060475747,-0.0179034385611328,0.0012852541114086,-0.0962618217334759,4.63455763146787,-24.2306917375333,0.0370503918142129,-0.0988022715549799,True
st_louis_county,direct,33.81270003043063,60.447117250218966,0.5593765520771489,131321,13719.0,FORWARD_2025,,grid,True,OK,,0.8086240572456456,0.8340235239468596,0.1659764760531403,0.3262176637463135,74335.29957453461,0.2354755275015734,0.9453681333346744,0.9982067896193184,0.9784129596248344,24.35317738780102,0.5302699281340111,1.0202305476432707,0.0373465251849798,1.0006383580467575,5.348889216461616,-0.0357343150796526,0.1139516533043799,0.2082235168150525,0.0145024751493399,-0.0037562924658713,-0.076543289471769,0.0900762697936875,0.0981854338916421,34.214138585462784,0.1001183482895402,0.0125505459478705,-0.1549954311932972,0.7369627198066689,0.0202305476432707,-0.076543289471769,0.0373465251849798,-0.0153832194237277,0.0006383580467574,-0.0969087177981271,5.348889216461616,-23.516360152539555,0.0357343150796526,-0.1001183482895402,True
st_louis_county,direct,49.071880779635485,87.72602390539159,0.5593765520771489,131321,13719.0,FORWARD_2025,,grid,True,OK,,0.8081500479694674,0.8320271697706741,0.1679728302293258,0.3281736620119744,75148.85801837819,0.2373786517184486,0.9498627383321858,1.0025038148745162,0.9840847993668508,24.53451790744145,0.532991083745649,1.0187168987057986,0.0410577141389116,1.001964616295082,6.390808778587546,-0.0318911661160005,0.1110743921170884,0.2045055034701688,0.0164988293255254,-0.0042303017420495,-0.0780569384092411,0.0937874587476192,0.0995116921399665,35.25605814758872,0.1039614972531923,0.0096732847605789,-0.1587134445381809,0.7652518152748085,0.0187168987057986,-0.0780569384092411,0.0410577141389116,-0.011672030469796,0.0019646162950819,-0.0955824595498027,6.390808778587546,-22.47444059041362,0.0318911661160005,-0.1039614972531923,True
st_louis_county,direct,71.21730832153513,127.31550519427722,0.5593765520771489,131321,13719.0,FORWARD_2025,,grid,True,OK,,0.8086767800528923,0.8298886289950541,0.1701113710049459,0.3302561210843425,75538.91300910954,0.2385317797911327,0.9487790262674172,1.00075767208605,0.9827976575240936,24.68738977308175,0.5279413131271845,1.0182743766475817,0.0414503579914594,1.0021249432686714,6.057847262820244,-0.030792092694471,0.1092174595560648,0.2017948952110885,0.0186373701011454,-0.0037035696586246,-0.078499460467458,0.094180102600167,0.099672019113556,34.923096631821416,0.1050605706747218,0.0078163521995553,-0.1614240527972612,0.7733420020571068,0.0182743766475816,-0.078499460467458,0.0414503579914594,-0.0112793866172482,0.0021249432686714,-0.0954221325762132,6.057847262820244,-22.807402106180923,0.030792092694471,-0.1050605706747218,True
st_louis_county,direct,103.35664588322452,184.7711447672008,0.5593765520771489,131321,13719.0,FORWARD_2025,,grid,True,OK,,0.7985744220469905,0.8242839838907834,0.1757160161092166,0.3356524932207305,77732.6096670372,0.2432048633515647,0.9458990340850224,0.9988363792705892,0.983556388433,25.176598236219373,0.5195583975769761,1.0155354497386095,0.0444131631350037,1.005643770038587,7.197800718031703,-0.0296917983119503,0.1057442083050533,0.1968613618488047,0.0242420152054162,-0.0138059276645264,-0.0812383873764301,0.0971429077437113,0.1031908458834716,36.06305008703287,0.1061608650572425,0.0043431009485439,-0.166357586159545,0.7814411762303104,0.0155354497386095,-0.0812383873764301,0.0444131631350037,-0.0083165814737039,0.0056437700385869,-0.0919033058062976,7.197800718031703,-21.667448650969465,0.0296917983119503,-0.1061608650572425,True
st_louis_county,direct,150.0,268.15568053934464,0.5593765520771489,131321,13719.0,FORWARD_2025,,grid,True,OK,,0.7768988020284175,0.8114084477345049,0.188591552265495,0.3477325304410311,81610.52262534556,0.2536825174192387,0.9445436137361244,1.003764083829752,0.9889218960812524,26.334874711925423,0.5400768900528181,1.0150084529499388,0.0527111138871705,1.0051293674199329,7.238590053600833,-0.025538846596716,0.0937900378534698,0.1830788359493952,0.0371175513616945,-0.0354815476830994,-0.0817653841651009,0.1054408584958782,0.1026764432648175,36.103839422602,0.1103138167724768,-0.0076110695030395,-0.1801401120589546,0.8120107036303605,0.0150084529499388,-0.0817653841651009,0.0527111138871705,-1.8630721537127304e-05,0.0051293674199328,-0.0924177084249517,7.238590053600833,-21.62665931540033,0.025538846596716,-0.1103138167724768,True
st_louis_county,surrogate,0.001,0.0017877045369289,0.5593765520771489,131321,13719.0,FORWARD_2025,,grid,True,OK,,0.8119716295501395,0.8485710983795518,0.1514289016204481,0.3115936434743726,72561.20957651181,0.2255508888600134,0.909899866453911,0.975786055631222,0.8902264619357605,23.03475929143916,0.4723303157821057,1.096109919614629,-0.05019711396754,0.9027840346254196,-26.27512069153416,-0.1339647192102924,0.099359704302885,0.3561713087553417,0.0006018727324059,-0.0021481632969784,-0.0013873690968102,0.0025927930379442,0.0015913165073541,2.048765372233941,0.0025567479861378,-0.0003591099128939,-0.0069319522707419,0.0187278091764068,0.0961099196146288,-0.0013873690968102,0.05019711396754,-0.0025927930379442,0.0972159653745805,-0.0015913165073541,26.27512069153416,-2.048765372233941,0.1339647192102924,-0.0025567479861378,True
st_louis_county,surrogate,0.0014512854854972,0.0025944696468025,0.5593765520771489,131321,13719.0,FORWARD_2025,,grid,True,OK,,0.8120469481951025,0.8485756684741506,0.1514243315258494,0.3115889415213238,72845.19559066463,0.2259468844855297,0.9093073661049652,0.9756213432974776,0.8888225781955279,23.05561370571975,0.465868598035843,1.0976558958236269,-0.0529114292885894,0.9010901149522716,-27.775746668724874,-0.1363299730514206,0.1008600243709269,0.3614926736938109,0.0005973026378071,-0.0020728446520154,0.0001586071121875,-0.0001215222831051,-0.0001026031657938,0.5481393950432221,0.0001914941450096,0.001141210155148,-0.0016105873322727,0.001402666913432,0.0976558958236266,0.0001586071121875,0.0529114292885894,0.0001215222831051,0.0989098850477284,0.0001026031657938,27.775746668724874,-0.5481393950432221,0.1363299730514206,-0.0001914941450096,True
st_louis_county,surrogate,0.0021062295604149,0.0037653161409676,0.5593765520771489,131321,13719.0,FORWARD_2025,,grid,True,OK,,0.8126922169445119,0.8493813991292093,0.1506186008707907,0.3107588516014325,72507.79182118925,0.2252608008029159,0.9105806379870997,0.9768748731409902,0.8907306425142819,23.00618593405432,0.4676881594165871,1.096711875077686,-0.0522182380967785,0.9020861187109814,-27.761121789126893,-0.1356086049856293,0.0993806612248323,0.3604233833766138,-0.0002084280172515,-0.001427575902606,-0.000785413633753,0.0005716689087057,0.000893400592916,0.5627642746412036,0.0009128622108009,-0.0003381529909466,-0.0026798776494698,0.0066865836527195,0.096711875077686,-0.000785413633753,0.0522182380967785,-0.0005716689087057,0.0979138812890185,-0.000893400592916,27.761121789126893,-0.5627642746412036,0.1356086049856293,-0.0009128622108009,True
st_louis_county,surrogate,0.0030567403901553,0.0054645486636947,0.5593765520771489,131321,13719.0,FORWARD_2025,,grid,True,OK,,0.8150343609330939,0.8493457559795766,0.1506542440204234,0.3107956192017339,72393.84343267392,0.2256004928235885,0.9113453699868054,0.9780710327254404,0.8915966692387286,23.06910997306725,0.4762051339182132,1.0969882083123372,-0.0521911056510332,0.9020841520323314,-28.46323026757485,-0.1360204971352882,0.1011232547433632,0.3623121271257293,-0.0001727848676188,0.000914568085976,-0.0005090803991019,0.000598801354451,0.000891433914266,-0.1393442038067576,0.000500970061142,0.0014044405275842,-0.0007911339003543,0.0036695332348077,0.0969882083123372,-0.0005090803991019,0.0521911056510332,-0.000598801354451,0.0979158479676686,-0.000891433914266,28.46323026757485,0.1393442038067576,0.1360204971352882,-0.000500970061142,True
st_louis_county,surrogate,0.0044362029611655,0.0079306201604134,0.5593765520771489,131321,13719.0,FORWARD_2025,,grid,True,OK,,0.8140071078097149,0.848625800946607,0.151374199053393,0.3115373579449452,72534.44054360401,0.2256263768360639,0.9087556902929044,0.9754613958792648,0.8909633718599795,23.052173727567656,0.4683697983803668,1.094838942529014,-0.0496468258258637,0.904561799731367,-27.3899233959098,-0.1327163732476303,0.1018142731438201,0.3543291174390292,0.0005471701653507,-0.000112685037403,-0.0026583461824249,0.0031430811796204,0.0033690816133016,0.9339626678582996,0.0038050939487999,0.0020954589280412,-0.0087741435870544,0.0278717627852993,0.0948389425290141,-0.0026583461824249,0.0496468258258637,-0.0031430811796204,0.095438200268633,-0.0033690816133016,27.3899233959098,-0.9339626678582996,0.1327163732476303,-0.0038050939487999,True
st_louis_county,surrogate,0.0064381969682594,0.0115095939297996,0.5593765520771489,131321,13719.0,FORWARD_2025,,grid,True,OK,,0.8140280376284175,0.8493688773871015,0.1506311226128984,0.3107717688683015,72384.28209865355,0.2253870447580243,0.9113778407067836,0.9782212029047034,0.8914232929693651,23.02377315649781,0.4707977336416199,1.0973700268098348,-0.0528205108833558,0.9013567129464634,-28.087928936171306,-0.1364001374436723,0.0986909301868809,0.362626635734305,-0.0001959062751438,-9.17552187004178e-05,-0.0001272619016043,-3.06038778716336e-05,0.000163994828398,0.2359571275967908,0.0001213297527579,-0.001027884028898,-0.0004766252917787,0.0008887228891512,0.0973700268098347,-0.0001272619016043,0.0528205108833558,3.06038778716336e-05,0.0986432870535366,-0.000163994828398,28.087928936171306,-0.2359571275967908,0.1364001374436723,-0.0001213297527579,True
st_louis_county,surrogate,0.0093436618128071,0.0167037066142851,0.5593765520771489,131321,13719.0,FORWARD_2025,,grid,True,OK,,0.8113567507724482,0.8471612830375193,0.1528387169624808,0.313040764107252,73246.72445458254,0.2266158540498951,0.9050763672955796,0.9714732881918474,0.8868173929356573,23.11929847547699,0.4810945865597398,1.0954603460989316,-0.0498005513479968,0.904147357759394,-26.96241308372232,-0.1338238035184823,0.1013093258122503,0.3568304805606897,0.0020116880744385,-0.0027630420746697,-0.0020369426125075,0.0029893556574874,0.0029546396413285,1.3614729800457752,0.0026976636779479,0.0015905115964713,-0.0062727804653939,0.0197599962360974,0.0954603460989316,-0.0020369426125075,0.0498005513479968,-0.0029893556574874,0.095852642240606,-0.0029546396413285,26.96241308372232,-1.3614729800457752,0.1338238035184823,-0.0026976636779479,True
st_louis_county,surrogate,0.0135603207703216,0.024241846963316,0.5593765520771489,131321,13719.0,FORWARD_2025,,grid,True,OK,,0.8151072395863095,0.8485516936709498,0.1514483063290501,0.3116136072662894,72390.93921192255,0.2258519903891997,0.9095255092837996,0.9758614368293492,0.8924306732662739,23.066007968568744,0.4774325513845581,1.0934871089288325,-0.0473686560119213,0.906387898250906,-26.82939276324327,-0.1309756236623664,0.1020276436868354,0.3505780603176075,0.0006212774410078,0.0009874467391915,-0.0040101797826066,0.0054212509935628,0.0051951801328407,1.4944933005248269,0.0055458435340637,0.0023088294710565,-0.0125252007084761,0.0406225017057888,0.0934871089288325,-0.0040101797826066,0.0473686560119213,-0.0054212509935628,0.0936121017490939,-0.0051951801328407,26.82939276324327,-1.4944933005248269,0.1309756236623664,-0.0055458435340637,True
st_louis_county,surrogate,0.0196798967126543,0.0351818406395055,0.5593765520771489,131321,13719.0,FORWARD_2025,,grid,True,OK,,0.8128900154884023,0.8464887887979191,0.1535112112020809,0.3137287018615231,73580.82269281596,0.2271980254587749,0.9033107079866792,0.9679732816812844,0.8851347265904113,23.07395371038514,0.480202079596614,1.0935886397881731,-0.048834408918331,0.9067652573276944,-27.24073353016137,-0.1326885034342048,0.1019696044238779,0.3555822915525183,0.0026841823140386,-0.0012297773587155,-0.003908648923266,0.0039554980871531,0.005572539209629,1.0831525336067216,0.0038329637622253,0.0022507902080989,-0.0075209694735653,0.0280759051373981,0.0935886397881731,-0.003908648923266,0.048834408918331,-0.0039554980871531,0.0932347426723055,-0.005572539209629,27.24073353016137,-1.0831525336067216,0.1326885034342048,-0.0038329637622253,True
st_louis_county,surrogate,0.0285611484551597,0.0510588946731906,0.5593765520771489,131321,13719.0,FORWARD_2025,,grid,True,OK,,0.8128975624676708,0.8473970399747418,0.1526029600252582,0.3127992349472513,73296.58383418048,0.2264840633857673,0.906223964131849,0.9710040116390608,0.8880377825673131,23.03593393695843,0.4670103063467847,1.0934264630406747,-0.0494977570089068,0.9065450483830096,-27.16774527074785,-0.1324981264028215,0.100084909518753,0.3551246567864182,0.0017759311372159,-0.0012222303794471,-0.0040708256707644,0.0032921499965773,0.0053523302649443,1.1561407930202456,0.0040233407936087,0.0003660953029741,-0.0079786042396654,0.029470389355103,0.0934264630406747,-0.0040708256707644,0.0494977570089068,-0.0032921499965773,0.0934549516169903,-0.0053523302649443,27.16774527074785,-1.1561407930202456,0.1324981264028215,-0.0040233407936087,True
st_louis_county,surrogate,0.0414503802021047,0.0741010327447331,0.5593765520771489,131321,13719.0,FORWARD_2025,,grid,True,OK,,0.8133466981733918,0.8473946265474732,0.1526053734525267,0.312801708409163,73099.76008705002,0.2266376725631312,0.907292303592558,0.9726155476582546,0.890769923601946,23.12953908457792,0.4727364057095105,1.0918818899108709,-0.0466771437191713,0.9085606686916496,-26.15600087027681,-0.1299779351062563,0.1014443873480852,0.3488391042990087,0.0017783445644845,-0.0007730946737261,-0.0056153988005684,0.0061127632863129,0.0073679505735843,2.167885193491287,0.0065435320901739,0.0017255731323062,-0.0142641567270749,0.0479304260681507,0.0918818899108706,-0.0056153988005684,0.0466771437191713,-0.0061127632863129,0.0914393313083503,-0.0073679505735843,26.15600087027681,-2.167885193491287,0.1299779351062563,-0.0065435320901739,True
st_louis_county,surrogate,0.060156335155656,0.1075417532827856,0.5593765520771489,131321,13719.0,FORWARD_2025,,grid,True,OK,,0.8147279996080619,0.847999205194881,0.152000794805119,0.3121814782543813,72416.45350245234,0.2262999531284341,0.913028222632072,0.9778916996999362,0.8972169549289455,23.15465500550114,0.4783065843228965,1.0899166520737225,-0.0434250056301605,0.910906950498796,-25.229450673248355,-0.1269839800869351,0.1012912855287513,0.3404719608117845,0.0011737659170767,0.0006082067609439,-0.0075806366377166,0.0093649013753236,0.0097142323807306,3.0944353905197417,0.0095374871094951,0.0015724713129724,-0.0226313002142992,0.0698607135226021,0.0899166520737224,-0.0075806366377166,0.0434250056301605,-0.0093649013753236,0.089093049501204,-0.0097142323807306,25.229450673248355,-3.0944353905197417,0.1269839800869351,-0.0095374871094951,True
st_louis_county,surrogate,0.0873040160721099,0.15607378562423,0.5593765520771489,131321,13719.0,FORWARD_2025,,"grid,activity",True,OK,,0.814360443450656,0.8470715102783979,0.152928489721602,0.3131326858671321,72469.31098864682,0.2270439193201024,0.9128457967053312,0.9779859201854704,0.898862874473944,23.224515324922667,0.488416290006292,1.0880257133301148,-0.0402661942854821,0.9133777470388158,-24.8669051161431,-0.1243887618791714,0.1012555619931657,0.3351113071654747,0.0021014608335598,0.000240650603538,-0.0094715753813243,0.012523712720002,0.0121850289207504,3.456980947624995,0.0121327053172588,0.0015367477773868,-0.0279919538606089,0.0888703115078745,0.0880257133301147,-0.0094715753813243,0.0402661942854821,-0.012523712720002,0.0866222529611842,-0.0121850289207504,24.8669051161431,-3.456980947624995,0.1243887618791714,-0.0121327053172588,True
st_louis_county,surrogate,0.1267030513510693,0.2265076197430502,0.5593765520771489,131321,13719.0,FORWARD_2025,,grid,True,OK,,0.8128360769169074,0.8444611113182627,0.1555388886817373,0.3157938726623387,73095.89713807277,0.2281197692783517,0.9061922622262266,0.970582837279941,0.895616336353596,23.29160567016266,0.4947411985705287,1.083703811423944,-0.0348534997177125,0.9189125446287446,-24.36091190818333,-0.1188844984943094,0.1035117291166248,0.3235124577033084,0.004711859793695,-0.0012837159302104,-0.0137934772874952,0.0179364072877716,0.0177198265106792,3.962974155584771,0.0176369687021208,0.0037929149008459,-0.0395908033227752,0.1291882446351413,0.0837038114239439,-0.0137934772874952,0.0348534997177125,-0.0179364072877716,0.0810874553712553,-0.0177198265106792,24.36091190818333,-3.962974155584771,0.1188844984943094,-0.0176369687021208,True
st_louis_county,surrogate,0.1838822993940162,0.3287272208876129,0.5593765520771489,131321,13719.0,FORWARD_2025,,grid,True,OK,,0.8135781295784557,0.8433163160553714,0.1566836839446286,0.3169538930177969,73436.7741003947,0.2298188402391215,0.906541102327722,0.9723563666480528,0.8973635882823452,23.514888312324345,0.5179944211611536,1.0835701151071353,-0.032530035222519,0.919084423441757,-23.81160148681416,-0.1179114029518421,0.1019282780711787,0.3195095159190038,0.0058566550565863,-0.0005416632686622,-0.0139271736043038,0.0202598717829652,0.0178917053236916,4.512284576953938,0.0186100642445881,0.0022094638553998,-0.0435937451070799,0.1363160287298374,0.0835701151071353,-0.0139271736043038,0.032530035222519,-0.0202598717829652,0.080915576558243,-0.0178917053236916,23.81160148681416,-4.512284576953938,0.1179114029518421,-0.0186100642445881,True
st_louis_county,surrogate,0.2668657121503905,0.4770770443620322,0.5593765520771489,131321,13719.0,FORWARD_2025,,grid,True,OK,,0.8072457567828253,0.8405066472227978,0.1594933527772022,0.3197830918101445,73887.21191790937,0.2303702994231874,0.9055222572586908,0.9687031376529628,0.8957293756784717,23.522840957600955,0.5165052640309157,1.081468537212165,-0.0282577644720949,0.9209694241365388,-21.13005019842345,-0.1134619293398899,0.1013732147068551,0.3084645038665779,0.0086663238891599,-0.0068740360642925,-0.016028751499274,0.0245321425333893,0.0197767060184735,7.193835865344642,0.0230595378565403,0.0016544004910761,-0.0546387571595057,0.1689077793411179,0.081468537212165,-0.016028751499274,0.0282577644720949,-0.0245321425333893,0.079030575863461,-0.0197767060184735,21.13005019842345,-7.193835865344642,0.1134619293398899,-0.0230595378565403,True
st_louis_county,surrogate,0.3872983346207417,0.6923749899465321,0.5593765520771489,131321,13719.0,FORWARD_2025,,"grid,guardrail",True,OK,,0.8051382707807571,0.835117141973705,0.164882858026295,0.3251411644175377,76100.6521079856,0.2339865898116805,0.8909070009958507,0.9553379326805254,0.8846857308846338,23.75616257976717,0.5163853423439685,1.0798613556536552,-0.0250543175403236,0.922682923087614,-21.533858197678075,-0.1102090463627358,0.1031620670915326,0.3001162627147404,0.0140558291382527,-0.0089815220663608,-0.0176359330577839,0.0277355894651605,0.0214902049695487,6.790027866090021,0.0263124208336944,0.0034432528757536,-0.0629869983113433,0.1927346766339354,0.0798613556536551,-0.0176359330577839,0.0250543175403236,-0.0277355894651605,0.0773170769123858,-0.0214902049695487,21.533858197678075,-6.790027866090021,0.1102090463627358,-0.0263124208336944,True
st_louis_county,surrogate,0.5620804515923291,1.0048337734306878,0.5593765520771489,131321,13719.0,FORWARD_2025,,grid,True,OK,,0.8058311833925759,0.8294284285799622,0.1705715714200377,0.3307025384865243,76633.18922833152,0.2369100740222847,0.8869170831768437,0.9501802572055976,0.8854290728318275,24.035873947187376,0.5181958556919138,1.0731297247408869,-0.014742513008728,0.9304289188387864,-18.75702875087527,-0.0994544935473757,0.1053007455987702,0.2785774490912138,0.0197445425319954,-0.008288609454542,-0.0243675639705522,0.0380473939967561,0.029236200720721,9.566857312892823,0.0370669736490545,0.0055819313829913,-0.0845258119348699,0.2715102204089392,0.0731297247408868,-0.0243675639705522,0.014742513008728,-0.0380473939967561,0.0695710811612135,-0.029236200720721,18.75702875087527,-9.566857312892823,0.0994544935473757,-0.0370669736490545,True
st_louis_county,surrogate,0.8157392010776716,1.458300670717362,0.5593765520771489,131321,13719.0,FORWARD_2025,,grid,True,OK,,0.8067122055578627,0.8267162564735147,0.1732837435264853,0.3333213362254222,76234.93201512688,0.2383661490585606,0.8894083747536191,0.9523710376277332,0.8917005305233426,24.271672382373254,0.5254660760710943,1.0680391062106722,-0.0056079763510193,0.9362222613651728,-16.521200864582767,-0.0899064656037765,0.1070138023853637,0.2610689181362462,0.0224567146384431,-0.0074075872892551,-0.0294581825007669,0.0471819306544648,0.0350295432471075,11.80268519918533,0.0466150015926537,0.0072949881695848,-0.1020343428898374,0.3414481440166695,0.0680391062106722,-0.0294581825007669,0.0056079763510193,-0.0471819306544648,0.0637777386348271,-0.0350295432471075,16.521200864582767,-11.80268519918533,0.0899064656037765,-0.0466150015926537,True
st_louis_county,surrogate,1.1838704624751253,2.1164105969029725,0.5593765520771489,131321,13719.0,FORWARD_2025,,grid,True,OK,,0.8083027506364349,0.822471480203217,0.1775285197967829,0.3373791730161833,76596.32931688838,0.240946821139442,0.8888224530429643,0.9511234748715206,0.8936338647089846,24.57260664202988,0.5427666076969143,1.0643323987965223,0.0023741864683293,0.9405568743399066,-16.945132729991265,-0.0823767994436258,0.1117730986903441,0.2491389710853307,0.0267014909087406,-0.005817042210683,-0.0331648899149168,0.0551640934738135,0.0393641562218413,11.378753333776832,0.0541446677528043,0.0120542844745652,-0.1139642899407529,0.3966018595075584,0.0643323987965223,-0.0331648899149168,0.0023741864683293,-0.0504157205371549,0.0594431256600933,-0.0393641562218413,16.945132729991265,-11.378753333776832,0.0823767994436258,-0.0541446677528043,True
st_louis_county,surrogate,1.7181340188990342,3.071515980637798,0.5593765520771489,131321,13719.0,FORWARD_2025,,grid,True,OK,,0.8055833718346821,0.8168544941056715,0.1831455058943286,0.3426749329381134,77504.2310480059,0.2426803667172456,0.8878729020042448,0.945818086703824,0.8897514362978992,24.727556196409203,0.5338182431560248,1.0630138352338137,0.005948129221043,0.9407525168359352,-16.254496906136815,-0.078180238176475,0.1109179777139607,0.2401165002399112,0.0323184770062863,-0.0085364210124357,-0.0344834534776254,0.0587380362265273,0.0395597987178698,12.069389157631282,0.0583412290199552,0.0111991634981818,-0.1229867607861724,0.427341063775798,0.0630138352338136,-0.0344834534776254,0.005948129221043,-0.0468417777844411,0.0592474831640648,-0.0395597987178698,16.254496906136815,-12.069389157631282,0.078180238176475,-0.0583412290199552,True
st_louis_county,surrogate,2.4935029637671797,4.457646561172405,0.5593765520771489,131321,13719.0,FORWARD_2025,,grid,True,OK,,0.8058958927997564,0.8120903597763983,0.1879096402236016,0.3471032929868582,77760.76442281084,0.2440821838597834,0.8853641603357508,0.9422017298647076,0.890439831120157,24.926480675949712,0.5489229629316917,1.0581307090445795,0.0139231287916594,0.9465642552821592,-15.381935378352017,-0.0698298287803072,0.117497636486479,0.2317138514224977,0.0370826113355594,-0.0082239000473615,-0.0393665796668594,0.0667130357971437,0.0453715371640939,12.94195068541608,0.066691638416123,0.0177788222707,-0.1313894096035859,0.4885066047537091,0.0581307090445797,-0.0393665796668594,0.0139231287916594,-0.0388667782138247,0.0534357447178407,-0.0453715371640939,15.381935378352017,-12.94195068541608,0.0698298287803072,-0.066691638416123,True
st_louis_county,surrogate,3.618784659359615,6.46931775370612,0.5593765520771489,131321,13719.0,FORWARD_2025,,grid,True,OK,,0.8023654031872647,0.8074295484155947,0.1925704515844053,0.35138160948323,78283.24993824994,0.2472899911827133,0.8896373051974725,0.945627116870124,0.8957045248552001,25.346303255526408,0.5502043470836273,1.055735558579426,0.0197002053588429,0.948844344618428,-14.299353920339358,-0.0649550057525323,0.1199193486715374,0.2274748639928049,0.041743422696363,-0.0117543896598532,-0.0417617301320132,0.0724901123643271,0.0476516265003628,14.024532143428738,0.0715664614438979,0.0202005344557584,-0.1356283970332787,0.5242139783110186,0.0557355585794259,-0.0417617301320132,0.0197002053588429,-0.0330897016466413,0.0511556553815718,-0.0476516265003628,14.299353920339358,-14.024532143428738,0.0649550057525323,-0.0715664614438979,True
st_louis_county,surrogate,5.2518896512686215,9.38882695702319,0.5593765520771489,131321,13719.0,FORWARD_2025,,grid,True,OK,,0.802832493205833,0.8019530824202109,0.198046917579789,0.3563430123929484,78951.29827973178,0.2504115835847423,0.8878273076877463,0.943486681290686,0.895352108274114,25.684839213064254,0.5622369752866194,1.0537604955321502,0.024488726144423,0.9508768760585168,-14.838109990943533,-0.0612096315489544,0.1233239760436163,0.2274321779085648,0.0472198886917468,-0.0112872996412848,-0.0437367931792889,0.0772786331499072,0.0496841579404514,13.485776072824564,0.0753118356474757,0.0236051618278373,-0.1356710831175188,0.5516483026007577,0.0537604955321502,-0.0437367931792889,0.024488726144423,-0.0283011808610612,0.0491231239414832,-0.0496841579404514,14.838109990943533,-13.485776072824564,0.0612096315489544,-0.0753118356474757,True
st_louis_county,surrogate,7.621991222319222,13.625868288572814,0.5593765520771489,131321,13719.0,FORWARD_2025,,grid,True,OK,,0.8089064719344609,0.8003305832174148,0.1996694167825852,0.3577997049026131,77749.67527653517,0.2506370546233331,0.9002479540369991,0.9527871089669562,0.9084976611451276,25.903280654962725,0.5627371511171598,1.0487502056593117,0.0330718656693033,0.9557698533864596,-13.21538568558095,-0.0501377555822179,0.1293122701392583,0.2250236909079605,0.0488423878945429,-0.005213320912657,-0.0487470830521274,0.0858617726747875,0.0545771352683941,15.108500378187149,0.0863837116142123,0.0295934559234794,-0.1380795701181231,0.6327481925602325,0.0487502056593116,-0.0487470830521274,0.0330718656693033,-0.0197180413361808,0.0442301466135405,-0.0545771352683941,13.21538568558095,-15.108500378187149,0.0501377555822179,-0.0863837116142123,True
st_louis_county,surrogate,11.061685231539125,19.775024874502613,0.5593765520771489,131321,13719.0,FORWARD_2025,,grid,True,OK,,0.80575471464129,0.7931286326130697,0.2068713673869303,0.3641953495018954,78666.42977468783,0.2544989222826225,0.9020168796224612,0.9523776266294626,0.9120557413496554,26.386148571379717,0.5541506575429264,1.0442098914043774,0.0393703910695872,0.9612141819120076,-12.397103441802486,-0.0434690421964485,0.134266661661089,0.225818329164064,0.0560443384988881,-0.0083650782058278,-0.0532873973070617,0.0921602980750714,0.0600214637939422,15.92678262196561,0.0930524249999816,0.03454784744531,-0.1372849318620197,0.6815955535117102,0.0442098914043773,-0.0532873973070617,0.0393703910695872,-0.013419515935897,0.0387858180879924,-0.0600214637939422,12.397103441802486,-15.92678262196561,0.0434690421964485,-0.0930524249999816,True
st_louis_county,surrogate,16.05366322167172,28.699206575712186,0.5593765520771489,131321,13719.0,FORWARD_2025,,grid,True,OK,,0.805585092301444,0.7908246344964401,0.2091753655035598,0.3662178187747383,79155.41140833769,0.2559734924713376,0.9003569927190027,0.9516351152613556,0.9090537238498272,26.56951045835899,0.5633428222279178,1.0468414465442115,0.0389063791962366,0.9574340652963044,-13.91819369103712,-0.0453492370130094,0.1361226380478391,0.2295055274138521,0.0583483366155175,-0.0085347005456738,-0.0506558421672274,0.0916962862017209,0.056241347178239,14.405692372730975,0.0911722301834208,0.0364038238320602,-0.1335977336122315,0.6678233984420934,0.0468414465442117,-0.0506558421672274,0.0389063791962366,-0.0138835278092475,0.0425659347036956,-0.056241347178239,13.91819369103712,-14.405692372730975,0.0453492370130094,-0.0911722301834208,True
st_louis_county,surrogate,23.298448422672752,41.65074194861755,0.5593765520771489,131321,13719.0,FORWARD_2025,,grid,True,OK,,0.806759121808842,0.7869064255128699,0.2130935744871301,0.369631845423035,79540.8765820121,0.2574414634395821,0.8997807376503292,0.9487122532695516,0.9089088146359852,26.74901264424621,0.5550827451175504,1.0437925543163618,0.042230143315641,0.9607143995115852,-13.76850021476206,-0.0405437824398035,0.140431033918285,0.2321080300911038,0.0622665455990878,-0.0073606710382758,-0.0537047343950773,0.0950200503211253,0.0595216813935197,14.555385849006036,0.0959776847566266,0.0407122197025061,-0.1309952309349798,0.7030226581035183,0.0437925543163617,-0.0537047343950773,0.042230143315641,-0.0105597636898431,0.0392856004884148,-0.0595216813935197,13.76850021476206,-14.555385849006036,0.0405437824398035,-0.0959776847566266,True
st_louis_county,surrogate,33.81270003043063,60.447117250218966,0.5593765520771489,131321,13719.0,FORWARD_2025,,grid,True,OK,,0.8030010576127344,0.7808436290742176,0.2191563709257824,0.3748532266042442,80924.5712934453,0.2605595136559364,0.889852030826455,0.9409369352924816,0.9013698177905812,27.073484935587032,0.5596300390556983,1.0438966523184523,0.0424415025287017,0.9613993420356068,-14.050214221815352,-0.0422352519630044,0.1415881727970141,0.2328283180131881,0.0683293420377401,-0.0111187352343834,-0.0536006363929866,0.0952314095341859,0.0602066239175413,14.273671841952744,0.0942862152334258,0.0418693585812351,-0.1302749430128955,0.6906328885095019,0.0438966523184525,-0.0536006363929866,0.0424415025287017,-0.0103484044767825,0.0386006579643932,-0.0602066239175413,14.050214221815352,-14.273671841952744,0.0422352519630044,-0.0942862152334258,True
st_louis_county,surrogate,49.071880779635485,87.72602390539159,0.5593765520771489,131321,13719.0,FORWARD_2025,,grid,True,OK,,0.8003142181144834,0.7766060715298814,0.2233939284701186,0.3784599137532113,81407.218871346,0.2625882377241684,0.8904705843057593,0.9396014555388684,0.9008106587434532,27.24599919021519,0.573683670033153,1.0430620979213598,0.046257644808937,0.962076744902526,-13.982798890116326,-0.0388270970847327,0.1425499107190766,0.2337663741793702,0.0725668995820764,-0.0138055747326344,-0.0544351907900793,0.0990475518144212,0.0608840267844605,14.34108717365177,0.0976943701116974,0.0428310965032976,-0.1293368868467134,0.7155971300186259,0.0430620979213598,-0.0544351907900793,0.046257644808937,-0.0065322621965471,0.037923255097474,-0.0608840267844605,13.982798890116326,-14.34108717365177,0.0388270970847327,-0.0976943701116974,True
st_louis_county,surrogate,71.21730832153513,127.31550519427722,0.5593765520771489,131321,13719.0,FORWARD_2025,,grid,True,OK,,0.8024200878851523,0.7789387152382115,0.2210612847617885,0.3764788196395463,80417.00776877346,0.2623130870533064,0.9031866317264338,0.9515911828383048,0.9137060249700864,27.36258273694701,0.5639323945894733,1.041463180533869,0.048751832456702,0.963433101583666,-12.484020524830218,-0.0350672391504356,0.1443586765197965,0.2360320188391958,0.0702342558737462,-0.0116997049619655,-0.0560341081775701,0.1015417394621862,0.0622403834656007,15.83986553893788,0.1014542280459946,0.0446398623040176,-0.1270712421868878,0.7431375455408774,0.0414631805338689,-0.0560341081775701,0.048751832456702,-0.0040380745487822,0.0365668984163338,-0.0622403834656007,12.484020524830218,-15.83986553893788,0.0350672391504356,-0.1014542280459946,True
st_louis_county,surrogate,103.35664588322452,184.7711447672008,0.5593765520771489,131321,13719.0,FORWARD_2025,,grid,True,OK,,0.8021001255140233,0.7794350120174637,0.2205649879825363,0.3760559726140872,80709.68088140781,0.261708505907341,0.9000369027889491,0.9474981961008642,0.9078937401251608,27.22597184562698,0.5683696724061379,1.0436223472256163,0.0450306908778697,0.9617006084581418,-14.143028194741754,-0.0398419173446644,0.1460645057904164,0.2367672999923945,0.0697379590944941,-0.0120196673330945,-0.0538749414858226,0.097820597883354,0.0605078903400764,14.180857869026342,0.0966795498517657,0.0463456915746374,-0.1263359610336892,0.708163718403795,0.0436223472256165,-0.0538749414858226,0.0450306908778697,-0.0077592161276144,0.0382993915418582,-0.0605078903400764,14.143028194741754,-14.180857869026342,0.0398419173446644,-0.0966795498517657,True
st_louis_county,surrogate,150.0,268.15568053934464,0.5593765520771489,131321,13719.0,FORWARD_2025,,grid,True,OK,,0.7982086087867779,0.7769871985197421,0.2230128014802578,0.3781369352755032,81103.75412035751,0.2636645513758667,0.9009664866815316,0.9488605493613996,0.9111017729222524,27.471060359514336,0.5809009532654884,1.041442984265128,0.0491645705351216,0.9646483598483055,-13.7690168866652,-0.0364769769915178,0.1489840045070577,0.2387003432926141,0.0721857725922156,-0.0159111840603399,-0.0560543044463111,0.1019544775406059,0.0634556417302402,14.554869177102896,0.1000444902049124,0.0492651902912787,-0.1244029177334695,0.7328114197671645,0.041442984265128,-0.0560543044463111,0.0491645705351216,-0.0036253364703625,0.0353516401516944,-0.0634556417302402,13.7690168866652,-14.554869177102896,0.0364769769915178,-0.1000444902049124,True
wayne,direct,0.0,0.0,0.3962207247926818,164695,17347.0,FORWARD_2025,,"grid,baseline_rho0",True,OK,,0.8329506934687078,0.8033506223887754,0.1966493776112245,0.2947854565112466,42740.14937562961,0.2253471001775004,0.9505534258308386,1.015196780564225,0.9318204141289614,23.18861163928017,0.3369839335932504,1.0894768618191322,-0.1103482004742179,0.8629299814347202,-35.02209810324583,-0.2050896818803653,0.1165659274203862,0.485307484124531,0.0,0.0,0.0,0.0,0.0,0.0,0.0,0.0,0.0,0.0,0.0894768618191321,0.0,0.1103482004742179,0.0,0.1370700185652797,0.0,35.02209810324583,0.0,0.2050896818803653,0.0,True
wayne,direct,0.001,0.002523845769358,0.3962207247926818,164695,17347.0,FORWARD_2025,,grid,True,OK,,0.8330012887822873,0.803053284546487,0.196946715453513,0.2950082331230847,42733.567072450125,0.2254177129647752,0.9498361685450658,1.0147448243705428,0.9314298626648092,23.20953660510173,0.3368456046416385,1.0894484545163396,-0.1104613416964811,0.8630438588627094,-34.3663756622885,-0.2051282503103235,0.1168335852362978,0.4849184288072174,0.0002973378422884,5.059531357953784e-05,-2.840730279252135e-05,-0.0001131412222631,0.0001138774279891,0.6557224409573337,-3.856842995819676e-05,0.0002676578159115,-0.0003890553173135,-0.0001880564131973,0.0894484545163396,-2.840730279252135e-05,0.1104613416964811,0.0001131412222631,0.1369561411372906,-0.0001138774279891,34.3663756622885,-0.6557224409573337,0.2051282503103235,3.856842995819676e-05,True
wayne,direct,0.0014512854854972,0.0036628207327029,0.3962207247926818,164695,17347.0,FORWARD_2025,,grid,True,OK,,0.8340650956634698,0.8025965818313382,0.1974034181686618,0.2953500845820093,42747.99437069008,0.2257554245381509,0.9510109586185652,1.015304568278869,0.9315413600889252,23.21954003428539,0.3380815105849026,1.0899189362691828,-0.1108059920419994,0.8620943330709,-34.57868946934218,-0.2058529468398471,0.1161010433648653,0.4861502856111852,0.0007540405574373,0.0011144021947619,0.0004420744500506,-0.0004577915677814,-0.0008356483638202,0.4434086339036511,-0.0007632649594817,-0.0004648840555209,0.0008428014866541,-0.0037216155999839,0.0899189362691827,0.0004420744500506,0.1108059920419994,0.0004577915677814,0.1379056669291,0.0008356483638202,34.57868946934218,-0.4434086339036511,0.2058529468398471,0.0007632649594817,True
wayne,direct,0.0021062295604149,0.00531579856535,0.3962207247926818,164695,17347.0,FORWARD_2025,,grid,True,OK,,0.8329672289008692,0.8026749461609446,0.1973250538390553,0.2952914553823753,42743.33381172938,0.2255362709831051,0.9506971804874284,1.0153272693060291,0.9317861708985176,23.208270915157268,0.3379461116390511,1.0896569417068651,-0.1105109977301531,0.8625815371935875,-34.50506063248029,-0.2055942146395838,0.116042930677736,0.4859134834742168,0.0006756762278308,1.6535432161401964e-05,0.0001800798877329,-0.0001627972559352,-0.0003484442411326,0.5170374707655441,-0.0005045327592184,-0.0005229967426502,0.0006059993496858,-0.002460059202358,0.0896569417068651,0.0001800798877329,0.1105109977301531,0.0001627972559352,0.1374184628064124,0.0003484442411326,34.50506063248029,-0.5170374707655441,0.2055942146395838,0.0005045327592184,True
wayne,direct,0.0030567403901553,0.0077147413017195,0.3962207247926818,164695,17347.0,FORWARD_2025,,grid,True,OK,,0.8333237624712528,0.80271345275801,0.19728654724199,0.2952626419508098,42717.074776108304,0.2254599689997022,0.9504250252110028,1.0150770530313284,0.9317829958510824,23.211432223047392,0.3372826185649515,1.08939211978661,-0.1102130171277639,0.8632703552916807,-34.02765277577822,-0.2050892122473935,0.117151480338777,0.4849333756539636,0.0006371696307655,0.000373069002545,-8.474203252228918e-05,0.000135183346454,0.0003403738569605,0.9944453274676092,4.696329718445469e-07,0.0005855529183908,-0.0003741084705673,2.289890781104198e-06,0.0893921197866098,-8.474203252228918e-05,0.1102130171277639,-0.000135183346454,0.1367296447083192,-0.0003403738569605,34.02765277577822,-0.9944453274676092,0.2050892122473935,-4.696329718445469e-07,True
wayne,direct,0.0044362029611655,0.0111962920755515,0.3962207247926818,164695,17347.0,FORWARD_2025,,grid,True,OK,,0.8329904174396934,0.802861826495434,0.1971381735045659,0.2951515916477244,42760.11847121683,0.2255261156996777,0.9501467906144004,1.0147773929982644,0.9314048371898284,23.221379852223453,0.3371842236766192,1.0895126935994686,-0.1104337013283555,0.8629600283802096,-34.78085624808518,-0.2052717044313133,0.1169192058538719,0.4851215198784228,0.0004887958933414,3.972397098561675e-05,3.583178033639278e-05,-8.550085413763786e-05,3.0046945489359267e-05,0.2412418551606521,-0.0001820225509479,0.0003532784334856,-0.0001859642461082,-0.0008875266141088,0.0895126935994685,3.583178033639278e-05,0.1104337013283555,8.550085413763786e-05,0.1370399716197904,-3.0046945489359267e-05,34.78085624808518,-0.2412418551606521,0.2052717044313133,0.0001820225509479,True
wayne,direct,0.0064381969682594,0.0162490161806355,0.3962207247926818,164695,17347.0,FORWARD_2025,,grid,True,OK,,0.8335041787063688,0.8029183988393147,0.1970816011606853,0.2951092390806881,42678.9448081488,0.225308979292676,0.9506750825632988,1.015130182571123,0.9320413760331794,23.18297343508722,0.3378298407731413,1.0891471223000573,-0.109643057015113,0.8636978522081749,-34.26546916972311,-0.2046070192604054,0.1171281629941988,0.4843408717413105,0.0004322235494607,0.000553485237661,-0.0003297395190748,0.0007051434591049,0.0007678707734546,0.7566289335227196,0.0004826626199599,0.0005622355738125,-0.0009666123832204,0.0023534222469637,0.0891471223000572,-0.0003297395190748,0.109643057015113,-0.0007051434591049,0.1363021477918251,-0.0007678707734546,34.26546916972311,-0.7566289335227196,0.2046070192604054,-0.0004826626199599,True
wayne,direct,0.0093436618128071,0.0235819613365658,0.3962207247926818,164695,17347.0,FORWARD_2025,,grid,True,OK,,0.8338939011767191,0.8029630886210886,0.1970369113789114,0.2950757780291687,42634.75966444337,0.2252342900953133,0.950709258726893,1.0150073057592104,0.9319756892428832,23.176042430905163,0.3368028629851425,1.0890920412138436,-0.1100216657667875,0.8639541677267892,-34.288769237657114,-0.2047071215268606,0.1179226602848643,0.4849806247076735,0.0003875337676869,0.0009432077080113,-0.0003848206052885,0.0003265347074304,0.001024186292069,0.7333288655887173,0.0003825603535047,0.001356732864478,-0.0003268594168575,0.0018653320342457,0.0890920412138436,-0.0003848206052885,0.1100216657667875,-0.0003265347074304,0.1360458322732107,-0.001024186292069,34.288769237657114,-0.7333288655887173,0.2047071215268606,-0.0003825603535047,True
wayne,direct,0.0135603207703216,0.0342241582073146,0.3962207247926818,164695,17347.0,FORWARD_2025,,grid,True,OK,,0.8325812602327622,0.8028865019849384,0.1971134980150616,0.29513311922864,42705.231886653855,0.2252511409237421,0.9502681947839424,1.0148181245481986,0.9317959061359165,23.196596329931737,0.3370217950537063,1.0890991448509026,-0.1098612631437229,0.8636945523413874,-34.35790527709721,-0.2047395051061738,0.1166338810811859,0.4846300414930355,0.000464120403837,-0.0003694332359455,-0.0003777169682295,0.0004869373304949,0.0007645709066671,0.6641928261486214,0.0003501767741915,6.795366079970222e-05,-0.0006774426314954,0.0017074324314171,0.0890991448509026,-0.0003777169682295,0.1098612631437229,-0.0004869373304949,0.1363054476586126,-0.0007645709066671,34.35790527709721,-0.6641928261486214,0.2047395051061738,-0.0003501767741915,True
wayne,direct,0.0196798967126543,0.0496690240596364,0.3962207247926818,164695,17347.0,FORWARD_2025,,grid,True,OK,,0.8340728797701984,0.8031614351927342,0.1968385648072657,0.2949272220935628,42647.08398720446,0.225045990708498,0.9514806150823488,1.0151183667369006,0.932358828007566,23.15381570339068,0.3369591177682626,1.0887636135823269,-0.1091888809444892,0.8644432047720084,-34.11264989144628,-0.2040306586777076,0.1171540079967504,0.4834030601575679,0.0001891871960412,0.0011221863014906,-0.0007132482368052,0.0011593195297287,0.0015132233372882,0.9094482117995496,0.0010590232026577,0.0005880805763641,-0.001904423966963,0.0051637078615955,0.0887636135823268,-0.0007132482368052,0.1091888809444892,-0.0011593195297287,0.1355567952279915,-0.0015132233372882,34.11264989144628,-0.9094482117995496,0.2040306586777076,-0.0010590232026577,True
wayne,direct,0.0285611484551597,0.0720839336965627,0.3962207247926818,164695,17347.0,FORWARD_2025,,grid,True,OK,,0.8347774839475257,0.8027559570809679,0.197244042919032,0.2952308338653286,42672.93034800085,0.2254740257734031,0.9514349633439216,1.0157777054427484,0.9329622772876,23.1976965736272,0.3377664400554979,1.0887661057378628,-0.1088792157771914,0.8644307792913187,-34.213370895257846,-0.2039355457843682,0.116859296652212,0.482651742054547,0.0005946653078074,0.0018267904788179,-0.0007107560812693,0.0014689846970265,0.0015007978565985,0.8087272079879853,0.0011541360959971,0.0002933692318257,-0.002655742069984,0.0056274703115996,0.0887661057378628,-0.0007107560812693,0.1088792157771914,-0.0014689846970265,0.1355692207086812,-0.0015007978565985,34.213370895257846,-0.8087272079879853,0.2039355457843682,-0.0011541360959971,True
wayne,direct,0.0414503802021047,0.1046143667113656,0.3962207247926818,164695,17347.0,FORWARD_2025,,grid,True,OK,,0.83433835902627,0.802994022450709,0.1970059775492909,0.2950526143943379,42620.82974216819,0.2252177920979357,0.9510635987578436,1.015428271252236,0.9331287395933484,23.17728530364386,0.3374881318402117,1.0881974031737072,-0.1078832639877077,0.865583353414455,-34.1353455025318,-0.2028698009772463,0.1173624737460319,0.4809862971767223,0.0003565999380663,0.0013876655575622,-0.001279458645425,0.0024649364865102,0.0026533719797348,0.8867526007140327,0.002219880903119,0.0007965463256457,-0.0043211869478086,0.0108239521499378,0.0881974031737071,-0.001279458645425,0.1078832639877077,-0.0024649364865102,0.1344166465855449,-0.0026533719797348,34.1353455025318,-0.8867526007140327,0.2028698009772463,-0.002219880903119,True
wayne,direct,0.060156335155656,0.1518253119826888,0.3962207247926818,164695,17347.0,FORWARD_2025,,grid,True,OK,,0.8353927906548293,0.8028868920050929,0.1971131079949071,0.2951328272447758,42571.148101472696,0.2252599776987027,0.951747734635872,1.0159780092822546,0.9338815501510296,23.189851691428647,0.3379886569462088,1.0879088564475314,-0.1069998646772059,0.8660273968190026,-33.2475736065575,-0.202064956175188,0.1169480286733793,0.4790343327573856,0.0004637303836825,0.0024420971861215,-0.0015680053716007,0.0033483357970119,0.0030974153842824,1.7745244966883291,0.0030247257051772,0.000382101252993,-0.0062731513671454,0.014748307557187,0.0879088564475314,-0.0015680053716007,0.1069998646772059,-0.0033483357970119,0.1339726031809973,-0.0030974153842824,33.2475736065575,-1.7745244966883291,0.202064956175188,-0.0030247257051772,True
wayne,direct,0.0873040160721099,0.2203418716115639,0.3962207247926818,164695,17347.0,FORWARD_2025,,grid,True,OK,,0.8342256391388968,0.8035598568823448,0.1964401431176551,0.2946285892436165,42501.88633794833,0.2248640987337905,0.9522434391542416,1.016388605531105,0.9351410719255135,23.1393469424913,0.3363715199054022,1.086882649094107,-0.1056818208968609,0.868084827702025,-33.54015177339598,-0.2004195285904193,0.1178982565637574,0.4763094668032963,-0.0002092344935693,0.001274945670189,-0.0025942127250251,0.004666379577357,0.0051548462673047,1.4819463298498476,0.0046701532899459,0.0013323291433711,-0.0089980173212347,0.0227712737526709,0.086882649094107,-0.0025942127250251,0.1056818208968609,-0.004666379577357,0.131915172297975,-0.0051548462673047,33.54015177339598,-1.4819463298498476,0.2004195285904193,-0.0046701532899459,True
wayne,direct,0.1267030513510693,0.3197789601171553,0.3962207247926818,164695,17347.0,FORWARD_2025,,grid,True,OK,,0.8346528221476727,0.803157601608035,0.196842398391965,0.2949300940485128,42536.89705274727,0.225049959140717,0.9521305879041302,1.016194836059354,0.935411311819974,23.15965512488455,0.3368912071036333,1.0863615002497715,-0.1044886231920248,0.8692236388729733,-32.83676405358437,-0.1993930476463646,0.1183436199636432,0.4739371623892197,0.0001930207807404,0.0017021286789649,-0.0031153615693604,0.0058595772821931,0.006293657438253,2.1853340496614635,0.0056966342340007,0.0017776925432569,-0.0113703217353112,0.0277763083045968,0.0863615002497717,-0.0031153615693604,0.1044886231920248,-0.0058595772821931,0.1307763611270267,-0.006293657438253,32.83676405358437,-2.1853340496614635,0.1993930476463646,-0.0056966342340007,True
wayne,direct,0.1838822993940162,0.4640905633854228,0.3962207247926818,164695,17347.0,FORWARD_2025,,grid,True,OK,,0.8363120661224753,0.8033150182312164,0.1966849817687836,0.2948121413473319,42324.3889505648,0.2243733569457107,0.9559474726210212,1.016877444360578,0.9382352304604058,23.052617936588803,0.3360113239540591,1.0838192932294617,-0.1000722932158776,0.8742803752537962,-31.54452215328396,-0.1950844327531372,0.119786579759546,0.4657870276397142,3.560415755904378e-05,0.0033613726537675,-0.0056575685896707,0.0102759072583402,0.0113503938190759,3.4775759499618744,0.0100052491272281,0.0032206523391598,-0.0195204564848167,0.0487847513121818,0.0838192932294614,-0.0056575685896707,0.1000722932158776,-0.0102759072583402,0.1257196247462038,-0.0113503938190759,31.54452215328396,-3.4775759499618744,0.1950844327531372,-0.0100052491272281,True
wayne,direct,0.2668657121503905,0.6735278985974931,0.3962207247926818,164695,17347.0,FORWARD_2025,,grid,True,OK,,0.8374306405115081,0.8035204853010933,0.1964795146989067,0.2946581132810191,42218.82796060909,0.2242082738623241,0.9572934046869008,1.017937488301859,0.9410288106671788,23.037458164521937,0.3359721734311425,1.0817282922296003,-0.0962757047380251,0.8784331132785528,-30.475077512569698,-0.1912631337594142,0.1207378896320386,0.4577497656612062,-0.0001698629123178,0.0044799470428003,-0.0077485695895318,0.0140724957361928,0.0155031318438325,4.547020590676134,0.0138265481209511,0.0041719622116523,-0.0275577184633247,0.0674170830740114,0.0817282922296003,-0.0077485695895318,0.0962757047380251,-0.0140724957361928,0.1215668867214472,-0.0155031318438325,30.475077512569698,-4.547020590676134,0.1912631337594142,-0.0138265481209511,True
wayne,direct,0.3872983346207417,0.9774812633119871,0.3962207247926818,164695,17347.0,FORWARD_2025,,"grid,activity",True,OK,,0.8391211643472024,0.8034314252349621,0.1965685747650378,0.2947248869037052,42106.794955679696,0.2238614886920718,0.9590900187021022,1.0186102503735075,0.9444851285062408,22.993683475397,0.3347833683169007,1.0784820423636523,-0.0907717805694668,0.8847623895163624,-28.879543271776857,-0.1855811809702015,0.1219769903309847,0.4472471717657525,-8.080284618675049e-05,0.0061704708784946,-0.0109948194554796,0.0195764199047511,0.0218324080816422,6.142554831468974,0.0195085009101638,0.0054110629105984,-0.0380603123587784,0.0951218058914525,0.0784820423636525,-0.0109948194554796,0.0907717805694668,-0.0195764199047511,0.1152376104836375,-0.0218324080816422,28.879543271776857,-6.142554831468974,0.1855811809702015,-0.0195085009101638,True
wayne,direct,0.5620804515923291,1.418604369790176,0.3962207247926818,164695,17347.0,FORWARD_2025,,"grid,direct_common_hi",True,OK,,0.8398343514702391,0.8030721884380712,0.1969278115619288,0.2949940746298317,42037.65987532397,0.2237290065750203,0.9634864566254336,1.0203381676099967,0.9495438347542122,22.941703960651743,0.3352648496431046,1.0745561502951673,-0.0834251214309527,0.8924980342034443,-27.152125893876317,-0.178371924421734,0.1231191301570407,0.4329579179356819,0.0002784339507043,0.0068836580015313,-0.0149207115239649,0.0269230790432652,0.029568052768724,7.869972209369518,0.0267177574586313,0.0065532027366544,-0.052349566188849,0.1302735330888883,0.0745561502951672,-0.0149207115239649,0.0834251214309527,-0.0269230790432652,0.1075019657965556,-0.029568052768724,27.152125893876317,-7.869972209369518,0.178371924421734,-0.0267177574586313,True
wayne,direct,0.8157392010776716,2.0587999315394176,0.3962207247926818,164695,17347.0,FORWARD_2025,,"grid,guardrail",True,OK,,0.8403271402181531,0.8027715671128345,0.1972284328871655,0.2952191512465756,41976.1746700444,0.2237730837202531,0.9679229126873916,1.022328019162306,0.9560168490568084,22.898987034870213,0.3352156673091314,1.0693619261741247,-0.0744113188049686,0.903132884436536,-24.93942808552483,-0.1689094880440202,0.126992702224425,0.4145200821003913,0.0005790552759409,0.0073764467494453,-0.0201149356450074,0.0359368816692493,0.0402029030018158,10.082670017721,0.036180193836345,0.0104267748040387,-0.0707874020241396,0.176411575192993,0.0693619261741247,-0.0201149356450074,0.0744113188049686,-0.0359368816692493,0.0968671155634639,-0.0402029030018158,24.93942808552483,-10.082670017721,0.1689094880440202,-0.036180193836345,True
wayne,direct,1.1838704624751253,2.987906458185833,0.3962207247926818,164695,17347.0,FORWARD_2025,,grid,True,OK,,0.8415732364851145,0.8023388518652275,0.1976611481347725,0.2955428262742324,42078.11718458101,0.2239358925083315,0.9726615530199963,1.0244007675431936,0.9631226267582802,22.868701732138767,0.3353582484683795,1.06362444312119,-0.064016529656814,0.9144419371639256,-21.333817906267864,-0.1580705227002436,0.1287568795877239,0.3932981512068759,0.001011770523548,0.0086225430164067,-0.025852418697942,0.0463316708174038,0.0515119557292055,13.688280196977969,0.0470191591801217,0.0121909521673376,-0.092009332917655,0.2292614564956484,0.06362444312119,-0.025852418697942,0.064016529656814,-0.0463316708174038,0.0855580628360742,-0.0515119557292055,21.333817906267864,-13.688280196977969,0.1580705227002436,-0.0470191591801217,True
wayne,direct,1.7181340188990342,4.336305274788514,0.3962207247926818,164695,17347.0,FORWARD_2025,,grid,True,OK,,0.8360785263553419,0.7999994561082902,0.2000005438917098,0.2972866133965509,42534.04429594572,0.22531981652809,0.9779076930231988,1.0272372370839526,0.9720108972868388,22.94199954951635,0.3368044688473263,1.056816585031368,-0.0524418549128943,0.9282809230741308,-17.743484458439973,-0.146301511442467,0.1323262143387447,0.3711538628056956,0.0033511662804852,0.003127832886634,-0.0326602767877641,0.0579063455613235,0.0653509416394105,17.27861364480586,0.0587881704378982,0.0157602869183585,-0.1141536213188353,0.2866461632730558,0.0568165850313679,-0.0326602767877641,0.0524418549128943,-0.0579063455613235,0.0717190769258692,-0.0653509416394105,17.743484458439973,-17.27861364480586,0.146301511442467,-0.0587881704378982,True
wayne,direct,2.4935029637671797,6.293216905985616,0.3962207247926818,164695,17347.0,FORWARD_2025,,grid,True,OK,,0.8298975742981852,0.798656518238154,0.201343481761846,0.2982830344493645,43152.824093397845,0.2264898587622908,0.9843803741537744,1.0298196333373724,0.981115609520296,22.96175522279132,0.3370788080873171,1.0496414727729075,-0.0405025389128386,0.9427439490467152,-14.635900862969503,-0.1333644406072498,0.1353597458969349,0.3473150145679962,0.0046941041506215,-0.0030531191705225,-0.0398353890462246,0.0698456615613792,0.0798139676119948,20.386197240276324,0.0717252412731155,0.0187938184765486,-0.1379924695565348,0.3497262300838463,0.0496414727729075,-0.0398353890462246,0.0405025389128386,-0.0698456615613792,0.0572560509532849,-0.0798139676119948,14.635900862969503,-20.386197240276324,0.1333644406072498,-0.0717252412731155,True
wayne,direct,3.618784659359615,9.133254352742666,0.3962207247926818,164695,17347.0,FORWARD_2025,,grid,True,OK,,0.8249607006590147,0.795994685883546,0.2040053141164539,0.3002482643557401,43998.38536308871,0.2287855123997725,0.9889421385469116,1.0335438313226524,0.9905319730149466,23.111615865088268,0.3386095793449483,1.0434229883330144,-0.0293205178267131,0.9553288408889972,-11.573413475474355,-0.1213914033294417,0.1371458233422167,0.32634108952787,0.0073559365052293,-0.007989992809693,-0.0460538734861177,0.0810276826475047,0.0923988594542769,23.44868462777148,0.0836982785509236,0.0205798959218304,-0.1589663945966609,0.4081057505357446,0.0434229883330143,-0.0460538734861177,0.0293205178267131,-0.0810276826475047,0.0446711591110028,-0.0923988594542769,11.573413475474355,-23.44868462777148,0.1213914033294417,-0.0836982785509236,True
wayne,direct,5.2518896512686215,13.254959477489766,0.3962207247926818,164695,17347.0,FORWARD_2025,,grid,True,OK,,0.8159631830103015,0.7929999880111354,0.2070000119888646,0.3024439842598888,44979.53138591824,0.2310136144115611,0.9938554892598008,1.0362170777516302,0.9995085103702318,23.237604172495463,0.340049056805029,1.0367266181333474,-0.0178277358865258,0.9686652352028228,-8.35889042240093,-0.1088570590024062,0.1381952460390338,0.3056551017317496,0.01035063437764,-0.0169875104584062,-0.0527502436857847,0.0925204645876921,0.1057352537681026,26.6632076808449,0.0962326228779591,0.0216293186186475,-0.1796523823927813,0.4692221568420706,0.0367266181333474,-0.0527502436857847,0.0178277358865258,-0.0925204645876921,0.0313347647971771,-0.1057352537681026,8.35889042240093,-26.6632076808449,0.1088570590024062,-0.0962326228779591,True
wayne,direct,7.621991222319222,19.236730300534752,0.3962207247926818,164695,17347.0,FORWARD_2025,,grid,True,OK,,0.805970459190225,0.7905718697422641,0.2094281302577358,0.3042126526494795,45932.56564620986,0.2330042370391606,0.9973072886926386,1.0382011073145152,1.0062659278352242,23.36211348524764,0.3410097929030752,1.0317363219760338,-0.0096746766956669,0.978893780497042,-5.821312586275645,-0.0999770554045818,0.1404884988162618,0.2919494272100672,0.0127787526465113,-0.0269802342784827,-0.0577405398430983,0.1006735237785509,0.1159637990623217,29.200785516970186,0.1051126264757835,0.0239225713958755,-0.1933580569144637,0.5125203058099176,0.0317363219760338,-0.0577405398430983,0.0096746766956669,-0.1006735237785509,0.0211062195029579,-0.1159637990623217,5.821312586275645,-29.200785516970186,0.0999770554045818,-0.1051126264757835,True
wayne,direct,11.061685231539125,27.91798747359072,0.3962207247926818,164695,17347.0,FORWARD_2025,,grid,True,OK,,0.8011261216011306,0.7881377243711862,0.2118622756288137,0.3059754496656824,46696.15216573759,0.2351685096647374,1.000085224447712,1.0408906883432616,1.013216866403274,23.51484611136667,0.3429111602304981,1.027312831889805,-0.0021288748030153,0.98800019937111,-3.0539925269184938,-0.0914397880430599,0.1425324081078188,0.2804824568478693,0.0152128980175892,-0.0318245718675771,-0.0621640299293271,0.1082193256712026,0.1250702179363897,31.96810557632734,0.1136498938373053,0.0259664806874325,-0.2048250272766617,0.5541473017818643,0.027312831889805,-0.0621640299293271,0.0021288748030153,-0.1082193256712026,0.01199980062889,-0.1250702179363897,3.0539925269184938,-31.96810557632734,0.0914397880430599,-0.1136498938373053,True
wayne,direct,16.05366322167172,40.51697000471549,0.3962207247926818,164695,17347.0,FORWARD_2025,,grid,True,OK,,0.7810164286759059,0.7853259459480835,0.2146740540519165,0.3079991686546647,47756.37847016874,0.2376820161305115,1.00414689133195,1.0440260588428538,1.0199823753878186,23.66742309856635,0.3452023084706003,1.023572645993901,0.0042200850061115,0.9952047719131082,-2.315198021971974,-0.0849639341317551,0.141129768038339,0.2700726351795527,0.0180246764406919,-0.0519342647928018,-0.0659042158252312,0.1145682854803294,0.1322747904783879,32.70690008127386,0.1201257477486102,0.0245638406179527,-0.2152348489449782,0.5857230195455811,0.0235726459939009,-0.0659042158252312,0.0042200850061115,-0.1061281154681064,0.0047952280868918,-0.1322747904783879,2.315198021971974,-32.70690008127386,0.0849639341317551,-0.1201257477486102,True
wayne,direct,23.298448422672752,58.80169048416994,0.3962207247926818,164695,17347.0,FORWARD_2025,,grid,True,OK,,0.7727664379724819,0.7819917724750715,0.2180082275249285,0.3103817713427964,48619.67399974316,0.2397777211491374,1.00552170334739,1.045496015450904,1.0242307935515396,23.84092183327009,0.3471360075175436,1.0207621388004036,0.0094640775497521,1.000938111035073,-0.3861312242020097,-0.0800957450169635,0.140806803476527,0.2628072655308159,0.021358849913704,-0.0601842554962258,-0.0687147230187286,0.11981227802397,0.1380081296003528,34.63596687904382,0.1249939368634018,0.0242408760561407,-0.2225002185937151,0.6094598992859834,0.0207621388004035,-0.0687147230187286,0.0094640775497521,-0.1008841229244658,0.000938111035073,-0.1361319075302067,0.3861312242020097,-34.63596687904382,0.0800957450169635,-0.1249939368634018,True
wayne,direct,33.81270003043063,85.338039922376,0.3962207247926818,164695,17347.0,FORWARD_2025,,grid,True,OK,,0.7667839581479051,0.7793765688588162,0.2206234311411838,0.312237874965307,49246.366700474646,0.2417499507752736,1.005075943766485,1.0463869331193332,1.0271114607786764,24.049054881895383,0.3494434814339567,1.0187666802257698,0.0132797888279412,1.0052673146328852,0.509312273000661,-0.0763767947621524,0.1416092376599763,0.2577865422555898,0.0239740535299592,-0.0661667353208026,-0.0707101815933624,0.1236279893021591,0.142337333198165,35.53141037624649,0.1287128871182128,0.02504331023959,-0.2275209418689412,0.6275931872247711,0.0187666802257697,-0.0707101815933624,0.0132797888279412,-0.0970684116462767,0.0052673146328852,-0.1318027039323945,0.509312273000661,-34.51278583024517,0.0763767947621524,-0.1287128871182128,True
wayne,direct,49.071880779635485,123.84985870012684,0.3962207247926818,164695,17347.0,FORWARD_2025,,grid,True,OK,,0.7634047670810082,0.7767830264762405,0.2232169735237594,0.3140677715767531,50097.11981652137,0.2443130550495991,1.0071063446816626,1.0471769177924088,1.029386234542413,24.250891353662773,0.3518624141741059,1.0172828066405069,0.0168997045072432,1.007884767185533,1.2349241335231322,-0.0732264773572559,0.1396015996227141,0.2510317130800513,0.0265675959125349,-0.0695459263876995,-0.0721940551786253,0.1272479049814611,0.1449547857508131,36.25702223676896,0.1318632045231093,0.0230356722023278,-0.2342757710444797,0.6429538693225383,0.0172828066405068,-0.0721940551786253,0.0168997045072432,-0.0934484959669747,0.0078847671855333,-0.1291852513797464,1.2349241335231322,-33.7871739697227,0.0732264773572559,-0.1318632045231093,True
wayne,direct,71.21730832153513,179.74150231237604,0.3962207247926818,164695,17347.0,FORWARD_2025,,grid,True,OK,,0.7463754685818256,0.772649316548696,0.227350683451304,0.3169625100151872,51070.55498158112,0.2477158906024942,1.0082238380716932,1.049673252556092,1.0335148450006053,24.56053324200376,0.3537992890948568,1.015634422314928,0.0205167062028911,1.0111209327863868,2.489361361883793,-0.0705930079114282,0.1373114612580232,0.2459659935680486,0.0307013058400794,-0.0865752248868821,-0.0738424395042041,0.130864906677109,0.1481909513516666,37.511459465129626,0.1344966739689371,0.0207455338376369,-0.2393414905564823,0.6557944443416361,0.015634422314928,-0.0738424395042041,0.0205167062028911,-0.0898314942713268,0.0111209327863868,-0.1259490857788929,2.489361361883793,-32.53273674136204,0.0705930079114282,-0.1344966739689371,True
wayne,direct,103.35664588322452,260.85623344741686,0.3962207247926818,164695,17347.0,FORWARD_2025,,grid,True,OK,,0.7261992905223343,0.7660503219668963,0.2339496780331038,0.3215296229598898,52468.96608885296,0.2524619413104468,1.0078091005154044,1.051504780384094,1.0369753555879615,25.040335554625734,0.3601758570233223,1.0140113501423516,0.0253337666941793,1.0146667290899494,3.2666522566807825,-0.0682873331735162,0.136571371688,0.2404019508916037,0.0373003004218792,-0.1067514029463734,-0.0754655116767806,0.1356819671683972,0.1517367476552291,38.28875035992662,0.1368023487068491,0.0200054442676137,-0.2449055332329272,0.6670367199976928,0.0140113501423515,-0.0754655116767806,0.0253337666941793,-0.0850144337800386,0.0146667290899493,-0.1224032894753304,3.2666522566807825,-31.75544584656505,0.0682873331735162,-0.1368023487068491,True
wayne,direct,150.0,378.5768654037112,0.3962207247926818,164695,17347.0,FORWARD_2025,,grid,True,OK,,0.7032491178395532,0.7522790379484582,0.2477209620515418,0.3308576222489909,54548.74633849721,0.2609127415159803,1.0097412408234778,1.0547953733665387,1.0413431198196663,25.82854484241413,0.3703496577595705,1.0129181758546617,0.0325745425518676,1.016320320295636,6.021436899987873,-0.0655989018395994,0.1275957273000459,0.2286345454525988,0.0510715844403172,-0.1297015756291545,-0.0765586859644704,0.1429227430260856,0.1533903388609159,41.04353500323371,0.1394907800407659,0.0110297998796596,-0.2566729386719322,0.6801452845498821,0.0129181758546617,-0.0765586859644704,0.0325745425518676,-0.0777736579223502,0.0163203202956361,-0.1207496982696436,6.021436899987873,-29.00066120325796,0.0655989018395994,-0.1394907800407659,True
wayne,surrogate,0.001,0.002523845769358,0.3962207247926818,164695,17347.0,FORWARD_2025,,grid,True,OK,,0.833704646245303,0.8029136394353465,0.1970863605646534,0.2951128024158639,42688.73717891807,0.2253156734097968,0.9509965925049164,1.015204376412102,0.9315761829216288,23.177018350911,0.3373058164376107,1.0897706435862249,-0.1108705588616469,0.8623891433769765,-34.37088845788272,-0.2056887231538155,0.1165306634743809,0.4863123910121583,5.9767007206612544e-05,0.001983318454907,0.0001115209714555,-0.0003341647835296,-0.0003092096908988,-0.0668189883789907,-5.981404510294053e-05,-1.0253912065633086e-05,0.0008201911414707,-0.0002908834431996,0.0897706435862246,0.0001115209714555,0.1108705588616469,0.0003341647835296,0.1376108566230235,0.0003092096908988,34.37088845788272,0.0668189883789907,0.2056887231538155,5.981404510294053e-05,True
wayne,surrogate,0.0014512854854972,0.0036628207327029,0.3962207247926818,164695,17347.0,FORWARD_2025,,grid,True,OK,,0.8339763693203804,0.802757788638029,0.1972422113619709,0.2952294631436437,42749.38751595453,0.2255389025435289,0.9502406272066902,1.0148920360873634,0.9313062865432165,23.216758247877152,0.3382288590553222,1.0897510848492145,-0.1104208888703306,0.8622946622708195,-34.372243472838505,-0.2054631502341002,0.1156944661809167,0.4851876305132923,0.000215617804524,0.0022550415299844,9.19622344452975e-05,0.0001155052077865,-0.0004036907970558,-0.068174003334775,0.0001657588746123,-0.0008464512055297,-0.0003045693573952,0.0008061068617777,0.0897510848492144,9.19622344452975e-05,0.1104208888703306,-0.0001155052077865,0.1377053377291804,0.0004036907970558,34.372243472838505,0.068174003334775,0.2054631502341002,-0.0001657588746123,True
wayne,surrogate,0.0021062295604149,0.00531579856535,0.3962207247926818,164695,17347.0,FORWARD_2025,,grid,True,OK,,0.8338268647390906,0.8030332895181687,0.1969667104818313,0.2950232081082044,42718.192458246274,0.2251923789178407,0.9503725375867056,1.0147379402076595,0.9314215200522552,23.183023211594715,0.3366304480937001,1.0894508215257146,-0.110625008927527,0.8627395788183598,-34.53970894759448,-0.2054799644402099,0.1153006413980125,0.4861003408136783,-5.988307561552442e-05,0.0021055369486946,-0.0002083010890545,-8.861484940979325e-05,4.122575048448596e-05,-0.2356394780907464,0.0001489446685027,-0.001240275988434,0.0006081409429907,0.0007243372011663,0.0894508215257146,-0.0002083010890545,0.110625008927527,8.861484940979325e-05,0.1372604211816401,-4.122575048448596e-05,34.53970894759448,0.2356394780907464,0.2054799644402099,-0.0001489446685027,True
wayne,surrogate,0.0030567403901553,0.0077147413017195,0.3962207247926818,164695,17347.0,FORWARD_2025,,grid,True,OK,,0.8330908051909909,0.8028618141859859,0.1971381858140141,0.2951516008624623,42753.91062381303,0.2252765541276858,0.9495387631047676,1.014586170144293,0.9316759747674213,23.20553174915784,0.3370948830637305,1.088990376077444,-0.1094717623328774,0.8637530737914484,-34.13758380131157,-0.2044687522149043,0.1160188554120077,0.4836756907899435,0.0001115922565673,0.0013694774005948,-0.0006687465373251,0.0010646317452397,0.001054720723573,0.1664856681921591,0.0011601568938083,-0.0005220619744387,-0.001816509080744,0.0056419931362615,0.0889903760774439,-0.0006687465373251,0.1094717623328774,-0.0010646317452397,0.1362469262085516,-0.001054720723573,34.13758380131157,-0.1664856681921591,0.2044687522149043,-0.0011601568938083,True
wayne,surrogate,0.0044362029611655,0.0111962920755515,0.3962207247926818,164695,17347.0,FORWARD_2025,,grid,True,OK,,0.833496191145401,0.8025805018650469,0.197419498134953,0.2953621135598695,42758.46662070799,0.2256392234629905,0.9499150612248184,1.0147589624848752,0.9318495976642088,23.23492307577557,0.3377862913245472,1.0889729040270966,-0.1094866119844657,0.864111176195712,-34.8420780666651,-0.2044720838954301,0.1173235699685493,0.483533834548461,0.0003929045775062,0.0017748633550049,-0.0006862185876725,0.0010497820936514,0.0014128231278366,-0.5380085971613724,0.0011568252132825,0.0007826525821027,-0.0019583653222265,0.0056257907426378,0.0889729040270965,-0.0006862185876725,0.1094866119844657,-0.0010497820936514,0.135888823804288,-0.0014128231278366,34.8420780666651,0.5380085971613724,0.2044720838954301,-0.0011568252132825,True
wayne,surrogate,0.0064381969682594,0.0162490161806355,0.3962207247926818,164695,17347.0,FORWARD_2025,,grid,True,OK,,0.8317712268081665,0.8021983755221089,0.1978016244778911,0.2956478276922246,42760.48711511149,0.2257394186953618,0.951174661473849,1.015068267517518,0.9319456543218854,23.23047518337672,0.3381987990745922,1.0891925541045795,-0.1091497723476556,0.8635668625304009,-34.3706359747601,-0.2044781924062464,0.1166865729197811,0.4826043323129152,0.0007750309204442,4.989901777052719e-05,-0.0004665685101894,0.0013866217304615,0.0008685094625255,-0.0665665052563682,0.0011507167024661,0.0001456555333345,-0.0028878675577723,0.0055960842638999,0.0891925541045797,-0.0004665685101894,0.1091497723476556,-0.0013866217304615,0.136433137469599,-0.0008685094625255,34.3706359747601,0.0665665052563682,0.2044781924062464,-0.0011507167024661,True
wayne,surrogate,0.0093436618128071,0.0235819613365658,0.3962207247926818,164695,17347.0,FORWARD_2025,,grid,True,OK,,0.8324358389125628,0.8025167186137795,0.1974832813862205,0.2954098232204306,42787.47216133753,0.2254394662252893,0.9508355151614556,1.0141884115842843,0.9315651501500832,23.188677444991328,0.3370447585338618,1.088692950161231,-0.1090010989524306,0.8644855834665504,-34.3761983581308,-0.2041569753765163,0.1166726896967826,0.4832252213163873,0.0004566878287736,0.0007145111221668,-0.0009661724535381,0.0015352951256866,0.001787230398675,-0.0721288886270699,0.0014719337321962,0.0001317723103361,-0.0022669785543003,0.0071582042553077,0.088692950161231,-0.0009661724535381,0.1090010989524306,-0.0015352951256866,0.1355144165334496,-0.001787230398675,34.3761983581308,0.0721288886270699,0.2041569753765163,-0.0014719337321962,True
wayne,surrogate,0.0135603207703216,0.0342241582073146,0.3962207247926818,164695,17347.0,FORWARD_2025,,grid,True,OK,,0.8335575261558295,0.8023740797135426,0.1976259202864574,0.2955164887721986,42741.12655141972,0.2253234107436005,0.9496908261433986,1.0140120644806954,0.931982659009433,23.205686162110595,0.336794907305343,1.0880160211976992,-0.1079816317893936,0.8657652861397221,-33.972495436731926,-0.2030268308339494,0.1167887086091485,0.4805309626591193,0.0005993267290106,0.0018361983654334,-0.0016431014170699,0.0025547622887236,0.0030669330718468,0.3315740327718046,0.0026020782747631,0.000247791222702,-0.0049612372115682,0.0126542434429174,0.0880160211976992,-0.0016431014170699,0.1079816317893936,-0.0025547622887236,0.1342347138602778,-0.0030669330718468,33.972495436731926,-0.3315740327718046,0.2030268308339494,-0.0026020782747631,True
wayne,surrogate,0.0196798967126543,0.0496690240596364,0.3962207247926818,164695,17347.0,FORWARD_2025,,grid,True,OK,,0.834160446605202,0.8021741142365367,0.1978258857634633,0.295665958424125,42765.47520080725,0.2253313179296414,0.9502197675636872,1.0137108901834362,0.9318967912462652,23.187112939130472,0.3372417146210014,1.0877930900778805,-0.1074047511736926,0.8662164643545074,-33.6561486761156,-0.2026788534179322,0.1169591203145645,0.4798577027919939,0.0007992922060164,0.002439118814806,-0.0018660325368888,0.0031316429044245,0.003518111286632,0.6479207933881312,0.0029500556907803,0.000418202928118,-0.0056344970786936,0.0143465026564951,0.0877930900778802,-0.0018660325368888,0.1074047511736926,-0.0031316429044245,0.1337835356454926,-0.003518111286632,33.6561486761156,-0.6479207933881312,0.2026788534179322,-0.0029500556907803,True
wayne,surrogate,0.0285611484551597,0.0720839336965627,0.3962207247926818,164695,17347.0,FORWARD_2025,,grid,True,OK,,0.8322927257614989,0.8017971608850507,0.1982028391149493,0.2959475172087861,42766.385672539545,0.2252674949861809,0.9496526083160268,1.0129409804573135,0.9320078028513246,23.191721689905965,0.3375687314146871,1.0868374463801562,-0.1055590712995682,0.8682317485269699,-33.68890998743941,-0.2010789124560097,0.1175375759426185,0.4768427080619825,0.0011762455575024,0.0005713979711029,-0.0028216762346129,0.0049773227785489,0.0055333954590945,0.6151594820643211,0.0045499966527029,0.0009966585561719,-0.0086494918087051,0.0221272226382206,0.0868374463801562,-0.0028216762346129,0.1055590712995682,-0.0049773227785489,0.13176825147303,-0.0055333954590945,33.68890998743941,-0.6151594820643211,0.2010789124560097,-0.0045499966527029,True
wayne,surrogate,0.0414503802021047,0.1046143667113656,0.3962207247926818,164695,17347.0,FORWARD_2025,,grid,True,OK,,0.8308121406862993,0.801269026100219,0.198730973899781,0.2963415483877938,42903.08118974717,0.2253758314456925,0.9495185408196476,1.0121645625615925,0.9315537768630382,23.20954554115113,0.3379645445997183,1.086533689949717,-0.1043304500870426,0.8684481260991425,-32.692462118615765,-0.2003212508965255,0.1157862803907553,0.4736971220513716,0.0017043803423341,-0.0009091871040967,-0.003125432665052,0.0062059439910745,0.0057497730312671,1.6116073508879651,0.005307658212187,-0.0007546369956911,-0.0117950778193159,0.0258118288678029,0.0865336899497171,-0.003125432665052,0.1043304500870426,-0.0062059439910745,0.1315518739008575,-0.0057497730312671,32.692462118615765,-1.6116073508879651,0.2003212508965255,-0.005307658212187,True
wayne,surrogate,0.060156335155656,0.1518253119826888,0.3962207247926818,164695,17347.0,FORWARD_2025,,grid,True,OK,,0.831704667353192,0.8006228493506036,0.1993771506493964,0.2968229368949573,42907.24151461257,0.2250670360288744,0.9492351033648893,1.0109559774273815,0.9314106516941222,23.177732342129293,0.3371729660826951,1.08540306640103,-0.10197118364509,0.870612436705422,-32.3581727564425,-0.1981241129110494,0.1160058634818527,0.4686956924834048,0.0023505570919496,-1.6660437203941392e-05,-0.0042560562137392,0.0085652104330271,0.0079140836375466,1.9458967130612308,0.0075047961976631,-0.0005350539045938,-0.0167965073872827,0.0364967952716003,0.0854030664010299,-0.0042560562137392,0.10197118364509,-0.0085652104330271,0.129387563294578,-0.0079140836375466,32.3581727564425,-1.9458967130612308,0.1981241129110494,-0.0075047961976631,True
wayne,surrogate,0.0873040160721099,0.2203418716115639,0.3962207247926818,164695,17347.0,FORWARD_2025,,"grid,activity",True,OK,,0.8325715099628399,0.8002555942370762,0.1997444057629238,0.297096186833324,42887.72717592985,0.2250436073024756,0.9490978648289172,1.0102323329695386,0.9320150658880948,23.16598672017739,0.3385857958127359,1.0839227496895798,-0.0984836836944672,0.8732900937047166,-31.60488601111393,-0.1949297217124941,0.1156882850726206,0.4625829788547292,0.0027178122054769,0.0008501821724439,-0.0057363729251893,0.01205271038365,0.0105917406368412,2.6991834583898004,0.0106991873962185,-0.0008526323138258,-0.0229092210159583,0.0520315331272902,0.0839227496895798,-0.0057363729251893,0.0984836836944672,-0.01205271038365,0.1267099062952834,-0.0105917406368412,31.60488601111393,-2.6991834583898004,0.1949297217124941,-0.0106991873962185,True
wayne,surrogate,0.1267030513510693,0.3197789601171553,0.3962207247926818,164695,17347.0,FORWARD_2025,,grid,True,OK,,0.832410224277091,0.7989908655976319,0.2010091344023681,0.2980352698309009,42902.54654044401,0.22498198326945,0.9492329578475922,1.0085088742295878,0.931996035253418,23.136429766273167,0.3389117260507479,1.0820956700264988,-0.09402713847287,0.8766824893154747,-30.249301323200065,-0.1908607332567714,0.1155976842221206,0.4526783947536543,0.0039825408449212,0.000688896486695,-0.0075634525882704,0.0165092556052471,0.0139841362475993,4.054768146303665,0.0147681758519412,-0.0009432331643258,-0.0328138051170332,0.0718195506456417,0.0820956700264987,-0.0075634525882704,0.09402713847287,-0.0165092556052471,0.1233175106845253,-0.0139841362475993,30.249301323200065,-4.054768146303665,0.1908607332567714,-0.0147681758519412,True
wayne,surrogate,0.1838822993940162,0.4640905633854228,0.3962207247926818,164695,17347.0,FORWARD_2025,,grid,True,OK,,0.8335845973663213,0.7980752454855748,0.2019247545144252,0.2987132913436626,42892.35321313416,0.224712400904932,0.949334068855548,1.0063043209941491,0.9326196951073228,23.108036864862697,0.3397863944320407,1.0790082241168488,-0.0874628137800836,0.8825723601441898,-28.734687305161177,-0.1846240134280632,0.1163966705836675,0.4410198979299965,0.0048981609569783,0.0018632695759253,-0.0106508984979203,0.0230735802980335,0.0198740070763144,5.569382164342553,0.0210048956806493,-0.000144246802779,-0.044472301940691,0.1021495264050854,0.0790082241168488,-0.0106508984979203,0.0874628137800836,-0.0230735802980335,0.1174276398558101,-0.0198740070763144,28.734687305161177,-5.569382164342553,0.1846240134280632,-0.0210048956806493,True
wayne,surrogate,0.2668657121503905,0.6735278985974931,0.3962207247926818,164695,17347.0,FORWARD_2025,,grid,True,OK,,0.8343621340922788,0.7967747900164325,0.2032252099835675,0.2996736487934094,42809.37647109637,0.2240114853024233,0.948639556869696,1.0031070108686715,0.932962151242004,23.05711140645125,0.3400234849573539,1.0751851074915393,-0.0791474067873809,0.8897308903911184,-27.85396552993776,-0.1761963891588024,0.1169746550857632,0.4241215129050879,0.0061986164261206,0.0026408063018827,-0.0144740151232298,0.0313889872907363,0.027032537323243,6.45010393956597,0.0294325199499101,0.0004337376993167,-0.0613706869655996,0.1431341540325424,0.0751851074915392,-0.0144740151232298,0.0791474067873809,-0.0313889872907363,0.1102691096088815,-0.027032537323243,27.85396552993776,-6.45010393956597,0.1761963891588024,-0.0294325199499101,True
wayne,surrogate,0.3872983346207417,0.9774812633119871,0.3962207247926818,164695,17347.0,FORWARD_2025,,"grid,guardrail",True,OK,,0.835402840786533,0.7965409901553443,0.2034590098446557,0.2998459785892918,42647.021687259774,0.2229901589955601,0.9478451209003926,1.0002132808540902,0.9341153792122842,22.951662130300164,0.3394220127835747,1.070759890172823,-0.0696016295948124,0.8979347863220801,-25.984339955023824,-0.1657526092031858,0.1182420969334885,0.4052695869970547,0.0064324162872088,0.003681512996137,-0.0188992324419461,0.0409347644833047,0.0352364332542047,8.319729514479906,0.0398762999055267,0.0017011795470419,-0.0802226128736329,0.1939236077182359,0.070759890172823,-0.0188992324419461,0.0696016295948124,-0.0409347644833047,0.1020652136779198,-0.0352364332542047,25.984339955023824,-8.319729514479906,0.1657526092031858,-0.0398762999055267,True
wayne,surrogate,0.5620804515923291,1.418604369790176,0.3962207247926818,164695,17347.0,FORWARD_2025,,grid,True,OK,,0.833829540769593,0.7920976934872603,0.2079023065127397,0.3031024306408394,42987.99096888755,0.2236764593981965,0.9440720968985524,0.99454095280263,0.932375084034742,23.043816259092655,0.3432958717556604,1.0666747426356271,-0.059260808495472,0.9054519455511258,-24.257261133683464,-0.1560447336935769,0.1180519981440272,0.383814816865953,0.0108757129552928,0.002108212979197,-0.0229843799791418,0.0512755855826452,0.0427535924832505,10.046808335820266,0.0495841754151357,0.0015110807575807,-0.1016773830047346,0.2411342628332545,0.0666747426356273,-0.0229843799791418,0.059260808495472,-0.0512755855826452,0.0945480544488741,-0.0427535924832505,24.257261133683464,-10.046808335820266,0.1560447336935769,-0.0495841754151357,True
wayne,surrogate,0.8157392010776716,2.0587999315394176,0.3962207247926818,164695,17347.0,FORWARD_2025,,grid,True,OK,,0.8332781316089432,0.7875875596152746,0.2124124403847253,0.3063724711865421,43184.582554799454,0.2239597691144269,0.9434795389608334,0.9892389287631724,0.9318698156694232,23.066709363572738,0.3450269022748353,1.0615634417266078,-0.0475280927748799,0.9148426868401446,-22.42625724402658,-0.1441198347138893,0.118423133573485,0.3598210265241037,0.0153858468272785,0.0015568038185471,-0.0280956808881613,0.0630083013032373,0.0521443337722692,11.87781222547715,0.0615090743948233,0.0018822161870384,-0.1256711733465838,0.2991265900375149,0.0615634417266077,-0.0280956808881613,0.0475280927748799,-0.0630083013032373,0.0851573131598554,-0.0521443337722692,22.42625724402658,-11.87781222547715,0.1441198347138893,-0.0615090743948233,True
wayne,surrogate,1.1838704624751253,2.987906458185833,0.3962207247926818,164695,17347.0,FORWARD_2025,,grid,True,OK,,0.8331914260499594,0.7818823843256009,0.218117615674399,0.3104596303990508,43365.93621908542,0.2245681182671743,0.9399756341454374,0.9833717075667,0.930907789812516,23.163668159001396,0.3469559415288296,1.056357802919181,-0.0357949230639405,0.9247064819382668,-21.209886535454885,-0.1317204724954052,0.1204273556034106,0.3362180037555758,0.0210910221169522,0.0014700982595634,-0.0333013196955882,0.0747414710141766,0.0620081288703915,13.094182934048844,0.0739084366133073,0.0038864382169641,-0.1492741961151117,0.3594262933828687,0.0563578029191809,-0.0333013196955882,0.0357949230639405,-0.0747414710141766,0.0752935180617331,-0.0620081288703915,21.209886535454885,-13.094182934048844,0.1317204724954052,-0.0739084366133073,True
wayne,surrogate,1.7181340188990342,4.336305274788514,0.3962207247926818,164695,17347.0,FORWARD_2025,,grid,True,OK,,0.832918725227277,0.7745467467931093,0.2254532532068906,0.3156370810945645,43746.01290192948,0.2257035725765068,0.9367463929631876,0.9763460244849338,0.9289893151553376,23.31256823704527,0.3498315636771413,1.0509765920415108,-0.0239130643978293,0.9349071445994468,-19.247674341006174,-0.1193369401032307,0.1220106735795585,0.3139402693839531,0.0284266596494438,0.0011973974368809,-0.0386825305732583,0.0866233296802879,0.0722087915315715,15.056395128497552,0.0862919690054819,0.005469756193112,-0.1715519304867344,0.4196490142339897,0.0509765920415108,-0.0386825305732583,0.0239130643978293,-0.0866233296802879,0.0650928554005531,-0.0722087915315715,19.247674341006174,-15.056395128497552,0.1193369401032307,-0.0862919690054819,True
wayne,surrogate,2.4935029637671797,6.293216905985616,0.3962207247926818,164695,17347.0,FORWARD_2025,,grid,True,OK,,0.8316540736658836,0.765032672152452,0.234967327847548,0.3222281695697119,44105.83075847253,0.2273470848459823,0.9354221576579586,0.9689286330964156,0.9270348766839868,23.45845570473607,0.3531374137202544,1.0451911330049235,-0.0115279212317621,0.9462788544816716,-17.206465357198223,-0.1060492462163221,0.1265780842396367,0.2938137461728675,0.0379407342901012,-6.725412451236146e-05,-0.0444679896098456,0.0990084728463551,0.0835805014137963,17.097604112305508,0.0995796628923904,0.0100371668531902,-0.19167845369782,0.4842687894616235,0.0451911330049235,-0.0444679896098456,0.0115279212317621,-0.0990084728463551,0.0537211455183282,-0.0835805014137963,17.206465357198223,-17.097604112305508,0.1060492462163221,-0.0995796628923904,True
wayne,surrogate,3.618784659359615,9.133254352742666,0.3962207247926818,164695,17347.0,FORWARD_2025,,grid,True,OK,,0.8296283114711256,0.7554021887003279,0.244597811299672,0.3287653571938783,44680.78197380025,0.230020159582924,0.9314285561197484,0.9622905276326006,0.9242801535423948,23.748436089256234,0.358678989964633,1.0411242997531942,-0.0017415069266367,0.9544949626672228,-16.570448350781216,-0.0964533868983967,0.1305216453529504,0.2817597626074875,0.0475712177422252,-0.0020930163192703,-0.0485348228615749,0.1087948871514804,0.0917966095993473,17.733621118722514,0.1091755222103158,0.0139807279665039,-0.2037324372632001,0.5309346953379815,0.0411242997531942,-0.0485348228615749,0.0017415069266367,-0.1087948871514804,0.0455050373327773,-0.0917966095993473,16.570448350781216,-17.733621118722514,0.0964533868983967,-0.1091755222103158,True
wayne,surrogate,5.2518896512686215,13.254959477489766,0.3962207247926818,164695,17347.0,FORWARD_2025,,grid,True,OK,,0.829293822352527,0.7454616946786006,0.2545383053213994,0.3353793660584977,45277.51014717736,0.2329318172033593,0.9293094588036536,0.956323582716062,0.922661730181452,24.07259314690345,0.3614636623028085,1.0364834168726065,0.0080638712044061,0.9637706286114748,-15.179368774318544,-0.0857329084472948,0.1354990415996559,0.2711958048691937,0.0575117117639525,-0.0024275054378689,-0.0531757057421629,0.1186002652825233,0.1010722755435995,19.124700695185183,0.1198960006614178,0.0189581242132093,-0.2142963950014938,0.5830697696209184,0.0364834168726062,-0.0531757057421629,0.0080638712044061,-0.102472522873711,0.0362293713885251,-0.1010722755435995,15.179368774318544,-19.124700695185183,0.0857329084472948,-0.1198960006614178,True
wayne,surrogate,7.621991222319222,19.236730300534752,0.3962207247926818,164695,17347.0,FORWARD_2025,,grid,True,OK,,0.8238955153118691,0.7349211871576885,0.2650788128423115,0.3422530080225651,45910.007572497845,0.2358166736469196,0.925082000994044,0.950919908612818,0.9204593752818364,24.42993058289753,0.366146133137576,1.0330927514553858,0.0159985738814579,0.9708369398072858,-14.8993737946267,-0.0782604908157876,0.1407525718826918,0.2676721233813318,0.0680522192848646,-0.0078258124785268,-0.0565663711593833,0.1265349679595751,0.1081385867394104,19.404695674877036,0.127368418292925,0.0242116544962453,-0.2178200764893557,0.6194091037344727,0.0330927514553858,-0.0565663711593833,0.0159985738814579,-0.0945378201966593,0.0291630601927141,-0.1081385867394104,14.8993737946267,-19.404695674877036,0.0782604908157876,-0.127368418292925,True
wayne,surrogate,11.061685231539125,27.91798747359072,0.3962207247926818,164695,17347.0,FORWARD_2025,,grid,True,OK,,0.82484130044093,0.7265525194041653,0.2734474805958347,0.347613575267273,46333.3781881104,0.2379937386743518,0.9224492815356068,0.9459734117014262,0.9182968203887728,24.706265983041543,0.3682713769428048,1.0301390473081855,0.0219234239656915,0.9773028852507528,-14.693456595345152,-0.0721598307641153,0.146109758067568,0.2653356053232031,0.0764208870383878,-0.006880027349466,-0.0595200753065836,0.1324598180438088,0.1146045321828775,19.610612874158576,0.1334690783445973,0.0295688406811214,-0.2201565945474844,0.6490774031876734,0.0301390473081855,-0.0595200753065836,0.0219234239656915,-0.0886129701124256,0.022697114749247,-0.1146045321828775,14.693456595345152,-19.610612874158576,0.0721598307641153,-0.1334690783445973,True
wayne,surrogate,16.05366322167172,40.51697000471549,0.3962207247926818,164695,17347.0,FORWARD_2025,,grid,True,OK,,0.82255474948247,0.7173242726725357,0.2826757273274643,0.3534304994758279,46929.10087271565,0.2410316850241357,0.9203900044209748,0.9417559907107648,0.9160431987072066,25.01026441564594,0.3727398001622425,1.028069409870458,0.0272100792245287,0.9817424074396294,-14.236073967451093,-0.0673828495052815,0.1499722393954765,0.265093839581116,0.0856491337700174,-0.0091665783079259,-0.061589712744311,0.1377464733026459,0.119044054371754,20.06799550205264,0.1382460596034311,0.03343132200903,-0.2203983602895715,0.6723084813446278,0.0280694098704581,-0.061589712744311,0.0272100792245287,-0.0833263148535885,0.0182575925603706,-0.119044054371754,14.236073967451093,-20.06799550205264,0.0673828495052815,-0.1382460596034311,True
wayne,surrogate,23.298448422672752,58.80169048416994,0.3962207247926818,164695,17347.0,FORWARD_2025,,grid,True,OK,,0.8211462152941755,0.7113847220302163,0.2886152779697836,0.3571243178060204,47304.4253114164,0.2429948151265121,0.9188150310777192,0.939059874658272,0.9150910723861582,25.20317246008812,0.3764565026613065,1.026192805279603,0.0316849118048936,0.9854634661159252,-13.527599820451654,-0.0632912141597832,0.1514838216051353,0.2648612289345179,0.0915886844123368,-0.0105751124962204,-0.0634663173351661,0.1422213058830108,0.1227651130480497,20.776469649052075,0.1423376949489293,0.0349429042186887,-0.2206309709361696,0.6922066336191948,0.0261928052796029,-0.0634663173351661,0.0316849118048936,-0.0788514822732235,0.0145365338840749,-0.1227651130480497,13.527599820451654,-20.776469649052075,0.0632912141597832,-0.1423376949489293,True
wayne,surrogate,33.81270003043063,85.338039922376,0.3962207247926818,164695,17347.0,FORWARD_2025,,grid,True,OK,,0.8208847053423803,0.7048792266818553,0.2951207733181447,0.3611267466805888,47675.303157874194,0.2447174199121207,0.9167740501305078,0.9359394325409864,0.913559490530198,25.42570279165271,0.3766477008406654,1.0244975201317212,0.0347768207310889,0.9891632990556912,-13.451408898107305,-0.0600357398738387,0.1544603690002092,0.2650278529632098,0.0980941797606979,-0.0108366224480156,-0.0651616024830479,0.1453132148092061,0.1264649459878158,20.852660571396427,0.1455931692348739,0.0379194516137627,-0.2204643469074778,0.7080384264349775,0.0244975201317212,-0.0651616024830479,0.0347768207310889,-0.0757595733470283,0.0108367009443087,-0.1264649459878158,13.451408898107305,-20.852660571396427,0.0600357398738387,-0.1455931692348739,True
wayne,surrogate,49.071880779635485,123.84985870012684,0.3962207247926818,164695,17347.0,FORWARD_2025,,grid,True,OK,,0.8175503386412839,0.7008146832518213,0.2991853167481787,0.3636050472964423,47986.67803565098,0.2462407102867754,0.915790798055024,0.9344639031351808,0.9127342084529444,25.59147450009254,0.3800373500583472,1.0238072535038076,0.037299649907496,0.9906698665533444,-13.353832899586063,-0.058185589798094,0.1554124203473876,0.2650370874857167,0.1021587231907318,-0.014170989149112,-0.0658518691109615,0.1478360439856133,0.1279715134854691,20.950236569917667,0.1474433193106186,0.038871502960941,-0.2204551123849709,0.7170359457223389,0.0238072535038076,-0.0658518691109615,0.037299649907496,-0.0732367441706211,0.0093301334466555,-0.1279715134854691,13.353832899586063,-20.950236569917667,0.058185589798094,-0.1474433193106186,True
wayne,surrogate,71.21730832153513,179.74150231237604,0.3962207247926818,164695,17347.0,FORWARD_2025,,grid,True,OK,,0.8171757433517314,0.698173823982229,0.3018261760177709,0.365206262428376,48183.0679779076,0.2470910583196183,0.914975080434831,0.9335331105333896,0.9126413557224172,25.702228779566944,0.3802751684103878,1.0228915276301884,0.039022476954417,0.992636087369302,-13.045159729290024,-0.0564618286434594,0.1569727644591162,0.2653611305237608,0.104799582460324,-0.0145455844386646,-0.0667675949845807,0.1495588710325342,0.1299377343014266,21.258909740213703,0.1491670804652532,0.0404318470726697,-0.2201310693469267,0.7254188193275442,0.0228915276301884,-0.0667675949845807,0.039022476954417,-0.0715139171237002,0.007363912630698,-0.1299377343014266,13.045159729290024,-21.258909740213703,0.0564618286434594,-0.1491670804652532,True
wayne,surrogate,103.35664588322452,260.85623344741686,0.3962207247926818,164695,17347.0,FORWARD_2025,,grid,True,OK,,0.8170562552329457,0.6964534694443991,0.3035465305556007,0.3662455883160193,48356.01371396888,0.2479439832351265,0.9137037839724176,0.9324191890191964,0.9118485700116014,25.794427736319847,0.3809431860707767,1.0225592490728292,0.0398571966756788,0.9933169202097109,-13.26240740925474,-0.0557709351330505,0.1582866250694243,0.2668196405923747,0.1065199369981539,-0.0146650725574503,-0.0670998735419399,0.150393590753796,0.1306185671418355,21.04166206024899,0.149857973975662,0.0417457076829778,-0.2186725592783129,0.7287787238925368,0.0225592490728292,-0.0670998735419399,0.0398571966756788,-0.0706791974024383,0.0066830797902891,-0.1306185671418355,13.26240740925474,-21.04166206024899,0.0557709351330505,-0.149857973975662,True
wayne,surrogate,150.0,378.5768654037112,0.3962207247926818,164695,17347.0,FORWARD_2025,,grid,True,OK,,0.8173121625537616,0.6953955965108142,0.3046044034891858,0.3668832241978785,48369.96705153552,0.2482197175593518,0.9126693867151008,0.9314067929553508,0.9109787351710134,25.81012664396544,0.3819571151029506,1.0224242970726454,0.0399472825857719,0.9941694386332351,-13.29751571196997,-0.0557296362497466,0.1606537417154283,0.2672353226436207,0.1075778099317389,-0.0144091652366343,-0.0672348255421237,0.1504836766638891,0.1314710855653598,21.00655375753376,0.149899272858966,0.0441128243289817,-0.2182568772270668,0.7289795657074498,0.0224242970726453,-0.0672348255421237,0.0399472825857719,-0.0705891114923452,0.0058305613667648,-0.1314710855653598,13.29751571196997,-21.00655375753376,0.0557296362497466,-0.149899272858966,True
