claim_id,domain,metric,manuscript_section,latex_label,source_anchor,manuscript_location,baseline_line,render_bucket,baseline_excerpt_norm,baseline_excerpt_sha256,table_row,table_col,artifact_path,artifact_kind,artifact_sha256,scientific_stage,selector,hash_source,raw_value,raw_unit,value_transform,display_unit,rounding_rule,display_value,attained_status,reference_cell,comparison_purpose,primary_or_sensitivity,counting_unit,guidance_status,evidence_note
N-anchor-PRB-Direct-0.0104811313415468-forward_2025,prb,PRB,subsection: What the Final Augmented Regularization Paths Show,tab:path_anchor_summary,tab:path_anchor_summary,L2745|tab:path_anchor_summary|row=Direct rho=0.0104811313415468|col=PRB,2745,ACTIVE,\latesttext{Direct} & \latesttext{$\approx0.01$} & \latesttext{\textbf{0.905}\textsuperscript{*}} & \latesttext{\textbf{,7a2b7d2463f1f70208ef2757b6c7d877a43c80c7469e61f318503d94530fa8ce,Direct rho=0.0104811313415468,PRB,analysis/p1_inferential_reporting/tables/prb_inference.csv,csv,fb7e8f117c7916d0a22f14f4c2e7f00d1e84eceaff63c12a4edd5833f7ef926a,P1_PRB,display_kind=plan_display_anchor;family=Direct;j=;ext_target=;rho=0.0104811313415468;role_label=DISPLAY_ANCHOR;evaluation=forward_2025,RECOMPUTED,-0.1048963687036159,coefficient,identity,coefficient,half_up:3,-0.105,ATTAINED,C,PENALTY_ISOLATING,PRIMARY,NOT_APPLICABLE,IAAO_2013_ADOPTED,"frozen_PRB_value, the value the manuscript displays, reconciled against the canonical PRB function. IAAO 2013 is ADOPTED guidance for PRB."
N-anchor-PRB-Direct-0.0104811313415468-heldout,prb,PRB,subsection: What the Final Augmented Regularization Paths Show,tab:path_anchor_summary,tab:path_anchor_summary,L2721|tab:path_anchor_summary|row=Direct rho=0.0104811313415468|col=PRB,2721,ACTIVE,"\latesttext{Direct} & \latesttext{$\approx0.01$} & \latesttext{0.893} & \latesttext{\$76,058} & \latesttext{21.2\%} & \l",b855abc1524b1db15e1975f2828845b3198c08f133d8f6d51f6092649e16acd7,Direct rho=0.0104811313415468,PRB,analysis/p1_inferential_reporting/tables/prb_inference.csv,csv,fb7e8f117c7916d0a22f14f4c2e7f00d1e84eceaff63c12a4edd5833f7ef926a,P1_PRB,display_kind=plan_display_anchor;family=Direct;j=;ext_target=;rho=0.0104811313415468;role_label=DISPLAY_ANCHOR;evaluation=heldout,RECOMPUTED,-0.08939942647685,coefficient,identity,coefficient,half_up:3,-0.089,ATTAINED,C,PENALTY_ISOLATING,PRIMARY,NOT_APPLICABLE,IAAO_2013_ADOPTED,"frozen_PRB_value, the value the manuscript displays, reconciled against the canonical PRB function. IAAO 2013 is ADOPTED guidance for PRB."
N-anchor-PRB-Direct-0.1-forward_2025,prb,PRB,subsection: What the Final Augmented Regularization Paths Show,tab:path_anchor_summary,tab:path_anchor_summary,L2746|tab:path_anchor_summary|row=Direct rho=0.1|col=PRB,2746,ACTIVE,"Direct & \latesttext{$0.1$} & \textbf{0.906}\textsuperscript{*} & \textbf{\$78,029}\textsuperscript{*} & \latesttext{\te",1c9cb29d27163230611da00379c01370f74e69745104d63be95b073c3848e142,Direct rho=0.1,PRB,analysis/p1_inferential_reporting/tables/prb_inference.csv,csv,fb7e8f117c7916d0a22f14f4c2e7f00d1e84eceaff63c12a4edd5833f7ef926a,P1_PRB,display_kind=plan_display_anchor;family=Direct;j=;ext_target=;rho=0.1;role_label=DISPLAY_ANCHOR;evaluation=forward_2025,RECOMPUTED,-0.1022600762313744,coefficient,identity,coefficient,half_up:3,-0.102,ATTAINED,C,PENALTY_ISOLATING,PRIMARY,NOT_APPLICABLE,IAAO_2013_ADOPTED,"frozen_PRB_value, the value the manuscript displays, reconciled against the canonical PRB function. IAAO 2013 is ADOPTED guidance for PRB."
N-anchor-PRB-Direct-0.1-heldout,prb,PRB,subsection: What the Final Augmented Regularization Paths Show,tab:path_anchor_summary,tab:path_anchor_summary,L2722|tab:path_anchor_summary|row=Direct rho=0.1|col=PRB,2722,ACTIVE,"Direct & \latesttext{$0.1$} & 0.894 & \$76,235 & \latesttext{21.3\%} & \latesttext{0.291} & \textbf{1.068} & \textbf{-0.",8cd7fe74fd956ab04f6bc7d4a10bbd503daacb8d834c0c4446521bbc5a39a914,Direct rho=0.1,PRB,analysis/p1_inferential_reporting/tables/prb_inference.csv,csv,fb7e8f117c7916d0a22f14f4c2e7f00d1e84eceaff63c12a4edd5833f7ef926a,P1_PRB,display_kind=plan_display_anchor;family=Direct;j=;ext_target=;rho=0.1;role_label=DISPLAY_ANCHOR;evaluation=heldout,RECOMPUTED,-0.0877608287199477,coefficient,identity,coefficient,half_up:3,-0.088,ATTAINED,C,PENALTY_ISOLATING,PRIMARY,NOT_APPLICABLE,IAAO_2013_ADOPTED,"frozen_PRB_value, the value the manuscript displays, reconciled against the canonical PRB function. IAAO 2013 is ADOPTED guidance for PRB."
N-anchor-PRB-Direct-0.954095476349994-forward_2025,prb,PRB,subsection: What the Final Augmented Regularization Paths Show,tab:path_anchor_summary,tab:path_anchor_summary,L2747|tab:path_anchor_summary|row=Direct rho=0.954095476349994|col=PRB,2747,ACTIVE,"Direct & \latesttext{$\approx1$} & \textbf{0.910}\textsuperscript{*} & \textbf{\$77,139}\textsuperscript{*} & \latesttex",1b02a8a48bc9d0daa84d0fadda2497346fa97ec5d921fcdce26003fd7103d1d1,Direct rho=0.954095476349994,PRB,analysis/p1_inferential_reporting/tables/prb_inference.csv,csv,fb7e8f117c7916d0a22f14f4c2e7f00d1e84eceaff63c12a4edd5833f7ef926a,P1_PRB,display_kind=plan_display_anchor;family=Direct;j=;ext_target=;rho=0.954095476349994;role_label=DISPLAY_ANCHOR;evaluation=forward_2025,RECOMPUTED,-0.0901234043928837,coefficient,identity,coefficient,half_up:3,-0.090,ATTAINED,C,PENALTY_ISOLATING,PRIMARY,NOT_APPLICABLE,IAAO_2013_ADOPTED,"frozen_PRB_value, the value the manuscript displays, reconciled against the canonical PRB function. IAAO 2013 is ADOPTED guidance for PRB."
N-anchor-PRB-Direct-0.954095476349994-heldout,prb,PRB,subsection: What the Final Augmented Regularization Paths Show,tab:path_anchor_summary,tab:path_anchor_summary,L2723|tab:path_anchor_summary|row=Direct rho=0.954095476349994|col=PRB,2723,ACTIVE,"Direct & \latesttext{$\approx1$} & \textbf{0.899}\textsuperscript{*} & \textbf{\$74,485}\textsuperscript{*} & \latesttex",3cbf8a0c06f3e5295a342989cc0b72b3dd1b8e21851e7d8eaae77e384341003a,Direct rho=0.954095476349994,PRB,analysis/p1_inferential_reporting/tables/prb_inference.csv,csv,fb7e8f117c7916d0a22f14f4c2e7f00d1e84eceaff63c12a4edd5833f7ef926a,P1_PRB,display_kind=plan_display_anchor;family=Direct;j=;ext_target=;rho=0.954095476349994;role_label=DISPLAY_ANCHOR;evaluation=heldout,RECOMPUTED,-0.0754951901599687,coefficient,identity,coefficient,half_up:3,-0.075,ATTAINED,C,PENALTY_ISOLATING,PRIMARY,NOT_APPLICABLE,IAAO_2013_ADOPTED,"frozen_PRB_value, the value the manuscript displays, reconciled against the canonical PRB function. IAAO 2013 is ADOPTED guidance for PRB."
N-anchor-PRB-Direct-10.481131341546853-forward_2025,prb,PRB,subsection: What the Final Augmented Regularization Paths Show,tab:path_anchor_summary,tab:path_anchor_summary,L2748|tab:path_anchor_summary|row=Direct rho=10.481131341546853|col=PRB,2748,ACTIVE,"Direct & \latesttext{$\approx10$} & 0.902 & \$79,187 & \latesttext{20.9\%} & \latesttext{0.281} & \textbf{1.042}\textsup",62ddd3d82e811ced4eccddcc5c34a498daf066035f7aca3d084a0bbf3f3886ac,Direct rho=10.481131341546853,PRB,analysis/p1_inferential_reporting/tables/prb_inference.csv,csv,fb7e8f117c7916d0a22f14f4c2e7f00d1e84eceaff63c12a4edd5833f7ef926a,P1_PRB,display_kind=plan_display_anchor;family=Direct;j=;ext_target=;rho=10.481131341546853;role_label=DISPLAY_ANCHOR;evaluation=forward_2025,RECOMPUTED,-0.0488724449194038,coefficient,identity,coefficient,half_up:3,-0.049,ATTAINED,C,PENALTY_ISOLATING,PRIMARY,NOT_APPLICABLE,IAAO_2013_ADOPTED,"frozen_PRB_value, the value the manuscript displays, reconciled against the canonical PRB function. IAAO 2013 is ADOPTED guidance for PRB."
N-anchor-PRB-Direct-10.481131341546853-heldout,prb,PRB,subsection: What the Final Augmented Regularization Paths Show,tab:path_anchor_summary,tab:path_anchor_summary,L2724|tab:path_anchor_summary|row=Direct rho=10.481131341546853|col=PRB,2724,ACTIVE,"Direct & \latesttext{$\approx10$} & \textbf{0.895}\textsuperscript{*} & \textbf{\$75,218}\textsuperscript{*} & \latestte",21d713bc0673ebffa6095957275a2e6ac87062fc586a102d8a6ab498e64cb246,Direct rho=10.481131341546853,PRB,analysis/p1_inferential_reporting/tables/prb_inference.csv,csv,fb7e8f117c7916d0a22f14f4c2e7f00d1e84eceaff63c12a4edd5833f7ef926a,P1_PRB,display_kind=plan_display_anchor;family=Direct;j=;ext_target=;rho=10.481131341546853;role_label=DISPLAY_ANCHOR;evaluation=heldout,RECOMPUTED,-0.0398625588611695,coefficient,identity,coefficient,half_up:3,-0.040,ATTAINED,C,PENALTY_ISOLATING,PRIMARY,NOT_APPLICABLE,IAAO_2013_ADOPTED,"frozen_PRB_value, the value the manuscript displays, reconciled against the canonical PRB function. IAAO 2013 is ADOPTED guidance for PRB."
N-anchor-PRB-Direct-100.0-forward_2025,prb,PRB,subsection: What the Final Augmented Regularization Paths Show,tab:path_anchor_summary,tab:path_anchor_summary,L2749|tab:path_anchor_summary|row=Direct rho=100.0|col=PRB,2749,ACTIVE,"Direct & 100 & 0.873 & \$89,309 & \latesttext{23.1\%} & \latesttext{0.307} & \textbf{1.036}\textsuperscript{*} & \textbf",b539ae53b630534254fa868553c4b6918f1201f648654f49d24b62e99b431047,Direct rho=100.0,PRB,analysis/p1_inferential_reporting/tables/prb_inference.csv,csv,fb7e8f117c7916d0a22f14f4c2e7f00d1e84eceaff63c12a4edd5833f7ef926a,P1_PRB,display_kind=plan_display_anchor;family=Direct;j=;ext_target=;rho=100.0;role_label=DISPLAY_ANCHOR;evaluation=forward_2025,RECOMPUTED,-0.029017294713712,coefficient,identity,coefficient,half_up:3,-0.029,ATTAINED,C,PENALTY_ISOLATING,PRIMARY,NOT_APPLICABLE,IAAO_2013_ADOPTED,"frozen_PRB_value, the value the manuscript displays, reconciled against the canonical PRB function. IAAO 2013 is ADOPTED guidance for PRB."
N-anchor-PRB-Direct-100.0-heldout,prb,PRB,subsection: What the Final Augmented Regularization Paths Show,tab:path_anchor_summary,tab:path_anchor_summary,L2725|tab:path_anchor_summary|row=Direct rho=100.0|col=PRB,2725,ACTIVE,"Direct & 100 & 0.869 & \$84,918 & \latesttext{23.9\%} & \latesttext{0.325} & \textbf{1.029}\textsuperscript{*} & \textbf",77e79d04008abe160ac303ece0d01847b4a62ad62bf5c056103921a8ececbbc8,Direct rho=100.0,PRB,analysis/p1_inferential_reporting/tables/prb_inference.csv,csv,fb7e8f117c7916d0a22f14f4c2e7f00d1e84eceaff63c12a4edd5833f7ef926a,P1_PRB,display_kind=plan_display_anchor;family=Direct;j=;ext_target=;rho=100.0;role_label=DISPLAY_ANCHOR;evaluation=heldout,RECOMPUTED,-0.0153147615435848,coefficient,identity,coefficient,half_up:3,-0.015,ATTAINED,C,PENALTY_ISOLATING,PRIMARY,NOT_APPLICABLE,IAAO_2013_ADOPTED,"frozen_PRB_value, the value the manuscript displays, reconciled against the canonical PRB function. IAAO 2013 is ADOPTED guidance for PRB."
N-anchor-PRB-Surrogate-0.0104811313415468-forward_2025,prb,PRB,subsection: What the Final Augmented Regularization Paths Show,tab:path_anchor_summary,tab:path_anchor_summary,L2753|tab:path_anchor_summary|row=Surrogate rho=0.0104811313415468|col=PRB,2753,ACTIVE,"\latesttext{Surrogate} & \latesttext{$\approx0.01$} & \latesttext{0.904} & \latesttext{\$78,620} & \latesttext{\textbf{2",fee0aa436fb9985975f0f25860f9855ec0c218b4a689d28725ba1f4f312d4b78,Surrogate rho=0.0104811313415468,PRB,analysis/p1_inferential_reporting/tables/prb_inference.csv,csv,fb7e8f117c7916d0a22f14f4c2e7f00d1e84eceaff63c12a4edd5833f7ef926a,P1_PRB,display_kind=plan_display_anchor;family=Surrogate;j=;ext_target=;rho=0.0104811313415468;role_label=DISPLAY_ANCHOR;evaluation=forward_2025,RECOMPUTED,-0.1011174420131545,coefficient,identity,coefficient,half_up:3,-0.101,ATTAINED,C,PENALTY_ISOLATING,PRIMARY,NOT_APPLICABLE,IAAO_2013_ADOPTED,"frozen_PRB_value, the value the manuscript displays, reconciled against the canonical PRB function. IAAO 2013 is ADOPTED guidance for PRB."
N-anchor-PRB-Surrogate-0.0104811313415468-heldout,prb,PRB,subsection: What the Final Augmented Regularization Paths Show,tab:path_anchor_summary,tab:path_anchor_summary,L2729|tab:path_anchor_summary|row=Surrogate rho=0.0104811313415468|col=PRB,2729,ACTIVE,"\latesttext{Surrogate} & \latesttext{$\approx0.01$} & \latesttext{0.894} & \latesttext{\$75,748} & \latesttext{\textbf{2",6257e896e87557194c3f7d73d36a7eeffdf21d52a1a420c6a0345ac7941a2394,Surrogate rho=0.0104811313415468,PRB,analysis/p1_inferential_reporting/tables/prb_inference.csv,csv,fb7e8f117c7916d0a22f14f4c2e7f00d1e84eceaff63c12a4edd5833f7ef926a,P1_PRB,display_kind=plan_display_anchor;family=Surrogate;j=;ext_target=;rho=0.0104811313415468;role_label=DISPLAY_ANCHOR;evaluation=heldout,RECOMPUTED,-0.0881084491785245,coefficient,identity,coefficient,half_up:3,-0.088,ATTAINED,C,PENALTY_ISOLATING,PRIMARY,NOT_APPLICABLE,IAAO_2013_ADOPTED,"frozen_PRB_value, the value the manuscript displays, reconciled against the canonical PRB function. IAAO 2013 is ADOPTED guidance for PRB."
N-anchor-PRB-Surrogate-0.1-forward_2025,prb,PRB,subsection: What the Final Augmented Regularization Paths Show,tab:path_anchor_summary,tab:path_anchor_summary,L2754|tab:path_anchor_summary|row=Surrogate rho=0.1|col=PRB,2754,ACTIVE,"Surrogate & \latesttext{$0.1$} & \textbf{0.905}\textsuperscript{*} & \$78,546 & \latesttext{\textbf{20.6\%}\textsuperscr",1ac55ee101f05a36454f42e41311f2e499b1cdf885e9ed6ca99dff3054862627,Surrogate rho=0.1,PRB,analysis/p1_inferential_reporting/tables/prb_inference.csv,csv,fb7e8f117c7916d0a22f14f4c2e7f00d1e84eceaff63c12a4edd5833f7ef926a,P1_PRB,display_kind=plan_display_anchor;family=Surrogate;j=;ext_target=;rho=0.1;role_label=DISPLAY_ANCHOR;evaluation=forward_2025,RECOMPUTED,-0.0945190996634196,coefficient,identity,coefficient,half_up:3,-0.095,ATTAINED,C,PENALTY_ISOLATING,PRIMARY,NOT_APPLICABLE,IAAO_2013_ADOPTED,"frozen_PRB_value, the value the manuscript displays, reconciled against the canonical PRB function. IAAO 2013 is ADOPTED guidance for PRB."
N-anchor-PRB-Surrogate-0.1-heldout,prb,PRB,subsection: What the Final Augmented Regularization Paths Show,tab:path_anchor_summary,tab:path_anchor_summary,L2730|tab:path_anchor_summary|row=Surrogate rho=0.1|col=PRB,2730,ACTIVE,"Surrogate & \latesttext{$0.1$} & 0.894 & \$75,897 & \latesttext{\textbf{21.1\%}\textsuperscript{*}} & \latesttext{0.292}",158e229830ff0d0b4536f149ee2327d5bf6da02b8a09f6148ff5f112cfc77db4,Surrogate rho=0.1,PRB,analysis/p1_inferential_reporting/tables/prb_inference.csv,csv,fb7e8f117c7916d0a22f14f4c2e7f00d1e84eceaff63c12a4edd5833f7ef926a,P1_PRB,display_kind=plan_display_anchor;family=Surrogate;j=;ext_target=;rho=0.1;role_label=DISPLAY_ANCHOR;evaluation=heldout,RECOMPUTED,-0.0793912779584894,coefficient,identity,coefficient,half_up:3,-0.079,ATTAINED,C,PENALTY_ISOLATING,PRIMARY,NOT_APPLICABLE,IAAO_2013_ADOPTED,"frozen_PRB_value, the value the manuscript displays, reconciled against the canonical PRB function. IAAO 2013 is ADOPTED guidance for PRB."
N-anchor-PRB-Surrogate-0.954095476349994-forward_2025,prb,PRB,subsection: What the Final Augmented Regularization Paths Show,tab:path_anchor_summary,tab:path_anchor_summary,L2755|tab:path_anchor_summary|row=Surrogate rho=0.954095476349994|col=PRB,2755,ACTIVE,"Surrogate & \latesttext{$\approx1$} & \textbf{0.908}\textsuperscript{*} & \textbf{\$78,196}\textsuperscript{*} & \latest",83354210d1b17df63f21def964a98a48db13aad36a411b2fbfb87011ce4da38e,Surrogate rho=0.954095476349994,PRB,analysis/p1_inferential_reporting/tables/prb_inference.csv,csv,fb7e8f117c7916d0a22f14f4c2e7f00d1e84eceaff63c12a4edd5833f7ef926a,P1_PRB,display_kind=plan_display_anchor;family=Surrogate;j=;ext_target=;rho=0.954095476349994;role_label=DISPLAY_ANCHOR;evaluation=forward_2025,RECOMPUTED,-0.0622880556371023,coefficient,identity,coefficient,half_up:3,-0.062,ATTAINED,C,PENALTY_ISOLATING,PRIMARY,NOT_APPLICABLE,IAAO_2013_ADOPTED,"frozen_PRB_value, the value the manuscript displays, reconciled against the canonical PRB function. IAAO 2013 is ADOPTED guidance for PRB."
N-anchor-PRB-Surrogate-0.954095476349994-heldout,prb,PRB,subsection: What the Final Augmented Regularization Paths Show,tab:path_anchor_summary,tab:path_anchor_summary,L2731|tab:path_anchor_summary|row=Surrogate rho=0.954095476349994|col=PRB,2731,ACTIVE,"Surrogate & \latesttext{$\approx1$} & \textbf{0.897}\textsuperscript{*} & \textbf{\$75,468}\textsuperscript{*} & \latest",c3235e3460ce76663f62e8c4a621d82e29a996690fdd467304404e7044ff9eb5,Surrogate rho=0.954095476349994,PRB,analysis/p1_inferential_reporting/tables/prb_inference.csv,csv,fb7e8f117c7916d0a22f14f4c2e7f00d1e84eceaff63c12a4edd5833f7ef926a,P1_PRB,display_kind=plan_display_anchor;family=Surrogate;j=;ext_target=;rho=0.954095476349994;role_label=DISPLAY_ANCHOR;evaluation=heldout,RECOMPUTED,-0.0454448456397615,coefficient,identity,coefficient,half_up:3,-0.045,ATTAINED,C,PENALTY_ISOLATING,PRIMARY,NOT_APPLICABLE,IAAO_2013_ADOPTED,"frozen_PRB_value, the value the manuscript displays, reconciled against the canonical PRB function. IAAO 2013 is ADOPTED guidance for PRB."
N-anchor-PRB-Surrogate-10.481131341546853-forward_2025,prb,PRB,subsection: What the Final Augmented Regularization Paths Show,tab:path_anchor_summary,tab:path_anchor_summary,L2756|tab:path_anchor_summary|row=Surrogate rho=10.481131341546853|col=PRB,2756,ACTIVE,"Surrogate & \latesttext{$\approx10$} & \textbf{0.905}\textsuperscript{*} & \$81,075 & \latesttext{20.9\%} & \latesttext{",4c9eec6beb0e5f82b1940b1914ed5635d2360300f904da87331049dd9701526e,Surrogate rho=10.481131341546853,PRB,analysis/p1_inferential_reporting/tables/prb_inference.csv,csv,fb7e8f117c7916d0a22f14f4c2e7f00d1e84eceaff63c12a4edd5833f7ef926a,P1_PRB,display_kind=plan_display_anchor;family=Surrogate;j=;ext_target=;rho=10.481131341546853;role_label=DISPLAY_ANCHOR;evaluation=forward_2025,RECOMPUTED,0.0001345072515744,coefficient,identity,coefficient,half_up:3,0.000,ATTAINED,C,PENALTY_ISOLATING,PRIMARY,NOT_APPLICABLE,IAAO_2013_ADOPTED,"frozen_PRB_value, the value the manuscript displays, reconciled against the canonical PRB function. IAAO 2013 is ADOPTED guidance for PRB."
N-anchor-PRB-Surrogate-10.481131341546853-heldout,prb,PRB,subsection: What the Final Augmented Regularization Paths Show,tab:path_anchor_summary,tab:path_anchor_summary,L2732|tab:path_anchor_summary|row=Surrogate rho=10.481131341546853|col=PRB,2732,ACTIVE,"Surrogate & \latesttext{$\approx10$} & 0.893 & \$78,110 & \latesttext{21.6\%} & \latesttext{0.329} & \textbf{1.024}\text",a9e8e2940e41c21b1c2c45f24db64c8ae0980b9bdebbf2d50c953fb436d0b0a6,Surrogate rho=10.481131341546853,PRB,analysis/p1_inferential_reporting/tables/prb_inference.csv,csv,fb7e8f117c7916d0a22f14f4c2e7f00d1e84eceaff63c12a4edd5833f7ef926a,P1_PRB,display_kind=plan_display_anchor;family=Surrogate;j=;ext_target=;rho=10.481131341546853;role_label=DISPLAY_ANCHOR;evaluation=heldout,RECOMPUTED,0.0125645503853559,coefficient,identity,coefficient,half_up:3,0.013,ATTAINED,C,PENALTY_ISOLATING,PRIMARY,NOT_APPLICABLE,IAAO_2013_ADOPTED,"frozen_PRB_value, the value the manuscript displays, reconciled against the canonical PRB function. IAAO 2013 is ADOPTED guidance for PRB."
N-anchor-PRB-Surrogate-100.0-forward_2025,prb,PRB,subsection: What the Final Augmented Regularization Paths Show,tab:path_anchor_summary,tab:path_anchor_summary,L2757|tab:path_anchor_summary|row=Surrogate rho=100.0|col=PRB,2757,ACTIVE,"Surrogate & 100 & 0.900 & \$85,257 & \latesttext{22.0\%} & \latesttext{0.336} & \textbf{1.020}\textsuperscript{*} & \tex",b1d969be249340a677ff5c7e9487e61a69375822eaf81b45b91941f22793a1d1,Surrogate rho=100.0,PRB,analysis/p1_inferential_reporting/tables/prb_inference.csv,csv,fb7e8f117c7916d0a22f14f4c2e7f00d1e84eceaff63c12a4edd5833f7ef926a,P1_PRB,display_kind=plan_display_anchor;family=Surrogate;j=;ext_target=;rho=100.0;role_label=DISPLAY_ANCHOR;evaluation=forward_2025,RECOMPUTED,0.0302285093567256,coefficient,identity,coefficient,half_up:3,0.030,ATTAINED,C,PENALTY_ISOLATING,PRIMARY,NOT_APPLICABLE,IAAO_2013_ADOPTED,"frozen_PRB_value, the value the manuscript displays, reconciled against the canonical PRB function. IAAO 2013 is ADOPTED guidance for PRB."
N-anchor-PRB-Surrogate-100.0-heldout,prb,PRB,subsection: What the Final Augmented Regularization Paths Show,tab:path_anchor_summary,tab:path_anchor_summary,L2733|tab:path_anchor_summary|row=Surrogate rho=100.0|col=PRB,2733,ACTIVE,"Surrogate & 100 & 0.889 & \$82,094 & \latesttext{22.8\%} & \latesttext{0.357} & \textbf{1.010}\textsuperscript{*} & \tex",68aaae29496f1fc8c72de7cd74ffaa26ee07966bdb85beb206d5e76fff6b66d4,Surrogate rho=100.0,PRB,analysis/p1_inferential_reporting/tables/prb_inference.csv,csv,fb7e8f117c7916d0a22f14f4c2e7f00d1e84eceaff63c12a4edd5833f7ef926a,P1_PRB,display_kind=plan_display_anchor;family=Surrogate;j=;ext_target=;rho=100.0;role_label=DISPLAY_ANCHOR;evaluation=heldout,RECOMPUTED,0.0418274900426723,coefficient,identity,coefficient,half_up:3,0.042,ATTAINED,C,PENALTY_ISOLATING,PRIMARY,NOT_APPLICABLE,IAAO_2013_ADOPTED,"frozen_PRB_value, the value the manuscript displays, reconciled against the canonical PRB function. IAAO 2013 is ADOPTED guidance for PRB."
N-anchor-VEI-Direct-0.0104811313415468-forward_2025,vei_ed2,VEI,subsection: What the Final Augmented Regularization Paths Show,tab:path_anchor_summary,tab:path_anchor_summary,L2745|tab:path_anchor_summary|row=Direct rho=0.0104811313415468|col=VEI,2745,ACTIVE,\latesttext{Direct} & \latesttext{$\approx0.01$} & \latesttext{\textbf{0.905}\textsuperscript{*}} & \latesttext{\textbf{,7a2b7d2463f1f70208ef2757b6c7d877a43c80c7469e61f318503d94530fa8ce,Direct rho=0.0104811313415468,VEI,analysis/p1_inferential_reporting/tables/vei_significance.csv,csv,8e27d0ae0bd25d337ff078f79273de9205f668134883a441119ffb6c622fa757,P1_VEI_ED2,display_kind=plan_display_anchor;family=Direct;j=;ext_target=;rho=0.0104811313415468;role_label=DISPLAY_ANCHOR;evaluation=forward_2025,RECOMPUTED,-29.78552349345996,percent,identity,percent,half_up:1,-29.8,ATTAINED,C,PENALTY_ISOLATING,PRIMARY,NOT_APPLICABLE,IAAO_2026_ED2_PROPOSED,"frozen_VEI_value. VEI's +/-10% band is a May-2026 EXPOSURE DRAFT diagnostic band, NOT adopted IAAO guidance, and VEI is already in percent in the artifact (value_transform identity, not times_100)."
N-anchor-VEI-Direct-0.0104811313415468-heldout,vei_ed2,VEI,subsection: What the Final Augmented Regularization Paths Show,tab:path_anchor_summary,tab:path_anchor_summary,L2721|tab:path_anchor_summary|row=Direct rho=0.0104811313415468|col=VEI,2721,ACTIVE,"\latesttext{Direct} & \latesttext{$\approx0.01$} & \latesttext{0.893} & \latesttext{\$76,058} & \latesttext{21.2\%} & \l",b855abc1524b1db15e1975f2828845b3198c08f133d8f6d51f6092649e16acd7,Direct rho=0.0104811313415468,VEI,analysis/p1_inferential_reporting/tables/vei_significance.csv,csv,8e27d0ae0bd25d337ff078f79273de9205f668134883a441119ffb6c622fa757,P1_VEI_ED2,display_kind=plan_display_anchor;family=Direct;j=;ext_target=;rho=0.0104811313415468;role_label=DISPLAY_ANCHOR;evaluation=heldout,RECOMPUTED,-26.94991177387821,percent,identity,percent,half_up:1,-26.9,ATTAINED,C,PENALTY_ISOLATING,PRIMARY,NOT_APPLICABLE,IAAO_2026_ED2_PROPOSED,"frozen_VEI_value. VEI's +/-10% band is a May-2026 EXPOSURE DRAFT diagnostic band, NOT adopted IAAO guidance, and VEI is already in percent in the artifact (value_transform identity, not times_100)."
N-anchor-VEI-Direct-0.1-forward_2025,vei_ed2,VEI,subsection: What the Final Augmented Regularization Paths Show,tab:path_anchor_summary,tab:path_anchor_summary,L2746|tab:path_anchor_summary|row=Direct rho=0.1|col=VEI,2746,ACTIVE,"Direct & \latesttext{$0.1$} & \textbf{0.906}\textsuperscript{*} & \textbf{\$78,029}\textsuperscript{*} & \latesttext{\te",1c9cb29d27163230611da00379c01370f74e69745104d63be95b073c3848e142,Direct rho=0.1,VEI,analysis/p1_inferential_reporting/tables/vei_significance.csv,csv,8e27d0ae0bd25d337ff078f79273de9205f668134883a441119ffb6c622fa757,P1_VEI_ED2,display_kind=plan_display_anchor;family=Direct;j=;ext_target=;rho=0.1;role_label=DISPLAY_ANCHOR;evaluation=forward_2025,RECOMPUTED,-27.730031869502053,percent,identity,percent,half_up:1,-27.7,ATTAINED,C,PENALTY_ISOLATING,PRIMARY,NOT_APPLICABLE,IAAO_2026_ED2_PROPOSED,"frozen_VEI_value. VEI's +/-10% band is a May-2026 EXPOSURE DRAFT diagnostic band, NOT adopted IAAO guidance, and VEI is already in percent in the artifact (value_transform identity, not times_100)."
N-anchor-VEI-Direct-0.1-heldout,vei_ed2,VEI,subsection: What the Final Augmented Regularization Paths Show,tab:path_anchor_summary,tab:path_anchor_summary,L2722|tab:path_anchor_summary|row=Direct rho=0.1|col=VEI,2722,ACTIVE,"Direct & \latesttext{$0.1$} & 0.894 & \$76,235 & \latesttext{21.3\%} & \latesttext{0.291} & \textbf{1.068} & \textbf{-0.",8cd7fe74fd956ab04f6bc7d4a10bbd503daacb8d834c0c4446521bbc5a39a914,Direct rho=0.1,VEI,analysis/p1_inferential_reporting/tables/vei_significance.csv,csv,8e27d0ae0bd25d337ff078f79273de9205f668134883a441119ffb6c622fa757,P1_VEI_ED2,display_kind=plan_display_anchor;family=Direct;j=;ext_target=;rho=0.1;role_label=DISPLAY_ANCHOR;evaluation=heldout,RECOMPUTED,-27.009437220675043,percent,identity,percent,half_up:1,-27.0,ATTAINED,C,PENALTY_ISOLATING,PRIMARY,NOT_APPLICABLE,IAAO_2026_ED2_PROPOSED,"frozen_VEI_value. VEI's +/-10% band is a May-2026 EXPOSURE DRAFT diagnostic band, NOT adopted IAAO guidance, and VEI is already in percent in the artifact (value_transform identity, not times_100)."
N-anchor-VEI-Direct-0.954095476349994-forward_2025,vei_ed2,VEI,subsection: What the Final Augmented Regularization Paths Show,tab:path_anchor_summary,tab:path_anchor_summary,L2747|tab:path_anchor_summary|row=Direct rho=0.954095476349994|col=VEI,2747,ACTIVE,"Direct & \latesttext{$\approx1$} & \textbf{0.910}\textsuperscript{*} & \textbf{\$77,139}\textsuperscript{*} & \latesttex",1b02a8a48bc9d0daa84d0fadda2497346fa97ec5d921fcdce26003fd7103d1d1,Direct rho=0.954095476349994,VEI,analysis/p1_inferential_reporting/tables/vei_significance.csv,csv,8e27d0ae0bd25d337ff078f79273de9205f668134883a441119ffb6c622fa757,P1_VEI_ED2,display_kind=plan_display_anchor;family=Direct;j=;ext_target=;rho=0.954095476349994;role_label=DISPLAY_ANCHOR;evaluation=forward_2025,RECOMPUTED,-23.88851350334731,percent,identity,percent,half_up:1,-23.9,ATTAINED,C,PENALTY_ISOLATING,PRIMARY,NOT_APPLICABLE,IAAO_2026_ED2_PROPOSED,"frozen_VEI_value. VEI's +/-10% band is a May-2026 EXPOSURE DRAFT diagnostic band, NOT adopted IAAO guidance, and VEI is already in percent in the artifact (value_transform identity, not times_100)."
N-anchor-VEI-Direct-0.954095476349994-heldout,vei_ed2,VEI,subsection: What the Final Augmented Regularization Paths Show,tab:path_anchor_summary,tab:path_anchor_summary,L2723|tab:path_anchor_summary|row=Direct rho=0.954095476349994|col=VEI,2723,ACTIVE,"Direct & \latesttext{$\approx1$} & \textbf{0.899}\textsuperscript{*} & \textbf{\$74,485}\textsuperscript{*} & \latesttex",3cbf8a0c06f3e5295a342989cc0b72b3dd1b8e21851e7d8eaae77e384341003a,Direct rho=0.954095476349994,VEI,analysis/p1_inferential_reporting/tables/vei_significance.csv,csv,8e27d0ae0bd25d337ff078f79273de9205f668134883a441119ffb6c622fa757,P1_VEI_ED2,display_kind=plan_display_anchor;family=Direct;j=;ext_target=;rho=0.954095476349994;role_label=DISPLAY_ANCHOR;evaluation=heldout,RECOMPUTED,-21.918421971296763,percent,identity,percent,half_up:1,-21.9,ATTAINED,C,PENALTY_ISOLATING,PRIMARY,NOT_APPLICABLE,IAAO_2026_ED2_PROPOSED,"frozen_VEI_value. VEI's +/-10% band is a May-2026 EXPOSURE DRAFT diagnostic band, NOT adopted IAAO guidance, and VEI is already in percent in the artifact (value_transform identity, not times_100)."
N-anchor-VEI-Direct-10.481131341546853-forward_2025,vei_ed2,VEI,subsection: What the Final Augmented Regularization Paths Show,tab:path_anchor_summary,tab:path_anchor_summary,L2748|tab:path_anchor_summary|row=Direct rho=10.481131341546853|col=VEI,2748,ACTIVE,"Direct & \latesttext{$\approx10$} & 0.902 & \$79,187 & \latesttext{20.9\%} & \latesttext{0.281} & \textbf{1.042}\textsup",62ddd3d82e811ced4eccddcc5c34a498daf066035f7aca3d084a0bbf3f3886ac,Direct rho=10.481131341546853,VEI,analysis/p1_inferential_reporting/tables/vei_significance.csv,csv,8e27d0ae0bd25d337ff078f79273de9205f668134883a441119ffb6c622fa757,P1_VEI_ED2,display_kind=plan_display_anchor;family=Direct;j=;ext_target=;rho=10.481131341546853;role_label=DISPLAY_ANCHOR;evaluation=forward_2025,RECOMPUTED,-11.918165376473569,percent,identity,percent,half_up:1,-11.9,ATTAINED,C,PENALTY_ISOLATING,PRIMARY,NOT_APPLICABLE,IAAO_2026_ED2_PROPOSED,"frozen_VEI_value. VEI's +/-10% band is a May-2026 EXPOSURE DRAFT diagnostic band, NOT adopted IAAO guidance, and VEI is already in percent in the artifact (value_transform identity, not times_100)."
N-anchor-VEI-Direct-10.481131341546853-heldout,vei_ed2,VEI,subsection: What the Final Augmented Regularization Paths Show,tab:path_anchor_summary,tab:path_anchor_summary,L2724|tab:path_anchor_summary|row=Direct rho=10.481131341546853|col=VEI,2724,ACTIVE,"Direct & \latesttext{$\approx10$} & \textbf{0.895}\textsuperscript{*} & \textbf{\$75,218}\textsuperscript{*} & \latestte",21d713bc0673ebffa6095957275a2e6ac87062fc586a102d8a6ab498e64cb246,Direct rho=10.481131341546853,VEI,analysis/p1_inferential_reporting/tables/vei_significance.csv,csv,8e27d0ae0bd25d337ff078f79273de9205f668134883a441119ffb6c622fa757,P1_VEI_ED2,display_kind=plan_display_anchor;family=Direct;j=;ext_target=;rho=10.481131341546853;role_label=DISPLAY_ANCHOR;evaluation=heldout,RECOMPUTED,-10.491046129642976,percent,identity,percent,half_up:1,-10.5,ATTAINED,C,PENALTY_ISOLATING,PRIMARY,NOT_APPLICABLE,IAAO_2026_ED2_PROPOSED,"frozen_VEI_value. VEI's +/-10% band is a May-2026 EXPOSURE DRAFT diagnostic band, NOT adopted IAAO guidance, and VEI is already in percent in the artifact (value_transform identity, not times_100)."
N-anchor-VEI-Direct-100.0-forward_2025,vei_ed2,VEI,subsection: What the Final Augmented Regularization Paths Show,tab:path_anchor_summary,tab:path_anchor_summary,L2749|tab:path_anchor_summary|row=Direct rho=100.0|col=VEI,2749,ACTIVE,"Direct & 100 & 0.873 & \$89,309 & \latesttext{23.1\%} & \latesttext{0.307} & \textbf{1.036}\textsuperscript{*} & \textbf",b539ae53b630534254fa868553c4b6918f1201f648654f49d24b62e99b431047,Direct rho=100.0,VEI,analysis/p1_inferential_reporting/tables/vei_significance.csv,csv,8e27d0ae0bd25d337ff078f79273de9205f668134883a441119ffb6c622fa757,P1_VEI_ED2,display_kind=plan_display_anchor;family=Direct;j=;ext_target=;rho=100.0;role_label=DISPLAY_ANCHOR;evaluation=forward_2025,RECOMPUTED,-4.541540029388903,percent,identity,percent,half_up:1,-4.5,ATTAINED,C,PENALTY_ISOLATING,PRIMARY,NOT_APPLICABLE,IAAO_2026_ED2_PROPOSED,"frozen_VEI_value. VEI's +/-10% band is a May-2026 EXPOSURE DRAFT diagnostic band, NOT adopted IAAO guidance, and VEI is already in percent in the artifact (value_transform identity, not times_100)."
N-anchor-VEI-Direct-100.0-heldout,vei_ed2,VEI,subsection: What the Final Augmented Regularization Paths Show,tab:path_anchor_summary,tab:path_anchor_summary,L2725|tab:path_anchor_summary|row=Direct rho=100.0|col=VEI,2725,ACTIVE,"Direct & 100 & 0.869 & \$84,918 & \latesttext{23.9\%} & \latesttext{0.325} & \textbf{1.029}\textsuperscript{*} & \textbf",77e79d04008abe160ac303ece0d01847b4a62ad62bf5c056103921a8ececbbc8,Direct rho=100.0,VEI,analysis/p1_inferential_reporting/tables/vei_significance.csv,csv,8e27d0ae0bd25d337ff078f79273de9205f668134883a441119ffb6c622fa757,P1_VEI_ED2,display_kind=plan_display_anchor;family=Direct;j=;ext_target=;rho=100.0;role_label=DISPLAY_ANCHOR;evaluation=heldout,RECOMPUTED,0.7461041886769486,percent,identity,percent,half_up:1,0.7,ATTAINED,C,PENALTY_ISOLATING,PRIMARY,NOT_APPLICABLE,IAAO_2026_ED2_PROPOSED,"frozen_VEI_value. VEI's +/-10% band is a May-2026 EXPOSURE DRAFT diagnostic band, NOT adopted IAAO guidance, and VEI is already in percent in the artifact (value_transform identity, not times_100)."
N-anchor-VEI-Surrogate-0.0104811313415468-forward_2025,vei_ed2,VEI,subsection: What the Final Augmented Regularization Paths Show,tab:path_anchor_summary,tab:path_anchor_summary,L2753|tab:path_anchor_summary|row=Surrogate rho=0.0104811313415468|col=VEI,2753,ACTIVE,"\latesttext{Surrogate} & \latesttext{$\approx0.01$} & \latesttext{0.904} & \latesttext{\$78,620} & \latesttext{\textbf{2",fee0aa436fb9985975f0f25860f9855ec0c218b4a689d28725ba1f4f312d4b78,Surrogate rho=0.0104811313415468,VEI,analysis/p1_inferential_reporting/tables/vei_significance.csv,csv,8e27d0ae0bd25d337ff078f79273de9205f668134883a441119ffb6c622fa757,P1_VEI_ED2,display_kind=plan_display_anchor;family=Surrogate;j=;ext_target=;rho=0.0104811313415468;role_label=DISPLAY_ANCHOR;evaluation=forward_2025,RECOMPUTED,-27.35202794815776,percent,identity,percent,half_up:1,-27.4,ATTAINED,C,PENALTY_ISOLATING,PRIMARY,NOT_APPLICABLE,IAAO_2026_ED2_PROPOSED,"frozen_VEI_value. VEI's +/-10% band is a May-2026 EXPOSURE DRAFT diagnostic band, NOT adopted IAAO guidance, and VEI is already in percent in the artifact (value_transform identity, not times_100)."
N-anchor-VEI-Surrogate-0.0104811313415468-heldout,vei_ed2,VEI,subsection: What the Final Augmented Regularization Paths Show,tab:path_anchor_summary,tab:path_anchor_summary,L2729|tab:path_anchor_summary|row=Surrogate rho=0.0104811313415468|col=VEI,2729,ACTIVE,"\latesttext{Surrogate} & \latesttext{$\approx0.01$} & \latesttext{0.894} & \latesttext{\$75,748} & \latesttext{\textbf{2",6257e896e87557194c3f7d73d36a7eeffdf21d52a1a420c6a0345ac7941a2394,Surrogate rho=0.0104811313415468,VEI,analysis/p1_inferential_reporting/tables/vei_significance.csv,csv,8e27d0ae0bd25d337ff078f79273de9205f668134883a441119ffb6c622fa757,P1_VEI_ED2,display_kind=plan_display_anchor;family=Surrogate;j=;ext_target=;rho=0.0104811313415468;role_label=DISPLAY_ANCHOR;evaluation=heldout,RECOMPUTED,-25.818375995630635,percent,identity,percent,half_up:1,-25.8,ATTAINED,C,PENALTY_ISOLATING,PRIMARY,NOT_APPLICABLE,IAAO_2026_ED2_PROPOSED,"frozen_VEI_value. VEI's +/-10% band is a May-2026 EXPOSURE DRAFT diagnostic band, NOT adopted IAAO guidance, and VEI is already in percent in the artifact (value_transform identity, not times_100)."
N-anchor-VEI-Surrogate-0.1-forward_2025,vei_ed2,VEI,subsection: What the Final Augmented Regularization Paths Show,tab:path_anchor_summary,tab:path_anchor_summary,L2754|tab:path_anchor_summary|row=Surrogate rho=0.1|col=VEI,2754,ACTIVE,"Surrogate & \latesttext{$0.1$} & \textbf{0.905}\textsuperscript{*} & \$78,546 & \latesttext{\textbf{20.6\%}\textsuperscr",1ac55ee101f05a36454f42e41311f2e499b1cdf885e9ed6ca99dff3054862627,Surrogate rho=0.1,VEI,analysis/p1_inferential_reporting/tables/vei_significance.csv,csv,8e27d0ae0bd25d337ff078f79273de9205f668134883a441119ffb6c622fa757,P1_VEI_ED2,display_kind=plan_display_anchor;family=Surrogate;j=;ext_target=;rho=0.1;role_label=DISPLAY_ANCHOR;evaluation=forward_2025,RECOMPUTED,-24.70141129736727,percent,identity,percent,half_up:1,-24.7,ATTAINED,C,PENALTY_ISOLATING,PRIMARY,NOT_APPLICABLE,IAAO_2026_ED2_PROPOSED,"frozen_VEI_value. VEI's +/-10% band is a May-2026 EXPOSURE DRAFT diagnostic band, NOT adopted IAAO guidance, and VEI is already in percent in the artifact (value_transform identity, not times_100)."
N-anchor-VEI-Surrogate-0.1-heldout,vei_ed2,VEI,subsection: What the Final Augmented Regularization Paths Show,tab:path_anchor_summary,tab:path_anchor_summary,L2730|tab:path_anchor_summary|row=Surrogate rho=0.1|col=VEI,2730,ACTIVE,"Surrogate & \latesttext{$0.1$} & 0.894 & \$75,897 & \latesttext{\textbf{21.1\%}\textsuperscript{*}} & \latesttext{0.292}",158e229830ff0d0b4536f149ee2327d5bf6da02b8a09f6148ff5f112cfc77db4,Surrogate rho=0.1,VEI,analysis/p1_inferential_reporting/tables/vei_significance.csv,csv,8e27d0ae0bd25d337ff078f79273de9205f668134883a441119ffb6c622fa757,P1_VEI_ED2,display_kind=plan_display_anchor;family=Surrogate;j=;ext_target=;rho=0.1;role_label=DISPLAY_ANCHOR;evaluation=heldout,RECOMPUTED,-22.72713032924059,percent,identity,percent,half_up:1,-22.7,ATTAINED,C,PENALTY_ISOLATING,PRIMARY,NOT_APPLICABLE,IAAO_2026_ED2_PROPOSED,"frozen_VEI_value. VEI's +/-10% band is a May-2026 EXPOSURE DRAFT diagnostic band, NOT adopted IAAO guidance, and VEI is already in percent in the artifact (value_transform identity, not times_100)."
N-anchor-VEI-Surrogate-0.954095476349994-forward_2025,vei_ed2,VEI,subsection: What the Final Augmented Regularization Paths Show,tab:path_anchor_summary,tab:path_anchor_summary,L2755|tab:path_anchor_summary|row=Surrogate rho=0.954095476349994|col=VEI,2755,ACTIVE,"Surrogate & \latesttext{$\approx1$} & \textbf{0.908}\textsuperscript{*} & \textbf{\$78,196}\textsuperscript{*} & \latest",83354210d1b17df63f21def964a98a48db13aad36a411b2fbfb87011ce4da38e,Surrogate rho=0.954095476349994,VEI,analysis/p1_inferential_reporting/tables/vei_significance.csv,csv,8e27d0ae0bd25d337ff078f79273de9205f668134883a441119ffb6c622fa757,P1_VEI_ED2,display_kind=plan_display_anchor;family=Surrogate;j=;ext_target=;rho=0.954095476349994;role_label=DISPLAY_ANCHOR;evaluation=forward_2025,RECOMPUTED,-15.315800907707125,percent,identity,percent,half_up:1,-15.3,ATTAINED,C,PENALTY_ISOLATING,PRIMARY,NOT_APPLICABLE,IAAO_2026_ED2_PROPOSED,"frozen_VEI_value. VEI's +/-10% band is a May-2026 EXPOSURE DRAFT diagnostic band, NOT adopted IAAO guidance, and VEI is already in percent in the artifact (value_transform identity, not times_100)."
N-anchor-VEI-Surrogate-0.954095476349994-heldout,vei_ed2,VEI,subsection: What the Final Augmented Regularization Paths Show,tab:path_anchor_summary,tab:path_anchor_summary,L2731|tab:path_anchor_summary|row=Surrogate rho=0.954095476349994|col=VEI,2731,ACTIVE,"Surrogate & \latesttext{$\approx1$} & \textbf{0.897}\textsuperscript{*} & \textbf{\$75,468}\textsuperscript{*} & \latest",c3235e3460ce76663f62e8c4a621d82e29a996690fdd467304404e7044ff9eb5,Surrogate rho=0.954095476349994,VEI,analysis/p1_inferential_reporting/tables/vei_significance.csv,csv,8e27d0ae0bd25d337ff078f79273de9205f668134883a441119ffb6c622fa757,P1_VEI_ED2,display_kind=plan_display_anchor;family=Surrogate;j=;ext_target=;rho=0.954095476349994;role_label=DISPLAY_ANCHOR;evaluation=heldout,RECOMPUTED,-12.603916773596092,percent,identity,percent,half_up:1,-12.6,ATTAINED,C,PENALTY_ISOLATING,PRIMARY,NOT_APPLICABLE,IAAO_2026_ED2_PROPOSED,"frozen_VEI_value. VEI's +/-10% band is a May-2026 EXPOSURE DRAFT diagnostic band, NOT adopted IAAO guidance, and VEI is already in percent in the artifact (value_transform identity, not times_100)."
N-anchor-VEI-Surrogate-10.481131341546853-forward_2025,vei_ed2,VEI,subsection: What the Final Augmented Regularization Paths Show,tab:path_anchor_summary,tab:path_anchor_summary,L2756|tab:path_anchor_summary|row=Surrogate rho=10.481131341546853|col=VEI,2756,ACTIVE,"Surrogate & \latesttext{$\approx10$} & \textbf{0.905}\textsuperscript{*} & \$81,075 & \latesttext{20.9\%} & \latesttext{",4c9eec6beb0e5f82b1940b1914ed5635d2360300f904da87331049dd9701526e,Surrogate rho=10.481131341546853,VEI,analysis/p1_inferential_reporting/tables/vei_significance.csv,csv,8e27d0ae0bd25d337ff078f79273de9205f668134883a441119ffb6c622fa757,P1_VEI_ED2,display_kind=plan_display_anchor;family=Surrogate;j=;ext_target=;rho=10.481131341546853;role_label=DISPLAY_ANCHOR;evaluation=forward_2025,RECOMPUTED,-1.966981445791536,percent,identity,percent,half_up:1,-2.0,ATTAINED,C,PENALTY_ISOLATING,PRIMARY,NOT_APPLICABLE,IAAO_2026_ED2_PROPOSED,"frozen_VEI_value. VEI's +/-10% band is a May-2026 EXPOSURE DRAFT diagnostic band, NOT adopted IAAO guidance, and VEI is already in percent in the artifact (value_transform identity, not times_100)."
N-anchor-VEI-Surrogate-10.481131341546853-heldout,vei_ed2,VEI,subsection: What the Final Augmented Regularization Paths Show,tab:path_anchor_summary,tab:path_anchor_summary,L2732|tab:path_anchor_summary|row=Surrogate rho=10.481131341546853|col=VEI,2732,ACTIVE,"Surrogate & \latesttext{$\approx10$} & 0.893 & \$78,110 & \latesttext{21.6\%} & \latesttext{0.329} & \textbf{1.024}\text",a9e8e2940e41c21b1c2c45f24db64c8ae0980b9bdebbf2d50c953fb436d0b0a6,Surrogate rho=10.481131341546853,VEI,analysis/p1_inferential_reporting/tables/vei_significance.csv,csv,8e27d0ae0bd25d337ff078f79273de9205f668134883a441119ffb6c622fa757,P1_VEI_ED2,display_kind=plan_display_anchor;family=Surrogate;j=;ext_target=;rho=10.481131341546853;role_label=DISPLAY_ANCHOR;evaluation=heldout,RECOMPUTED,0.2399005769151153,percent,identity,percent,half_up:1,0.2,ATTAINED,C,PENALTY_ISOLATING,PRIMARY,NOT_APPLICABLE,IAAO_2026_ED2_PROPOSED,"frozen_VEI_value. VEI's +/-10% band is a May-2026 EXPOSURE DRAFT diagnostic band, NOT adopted IAAO guidance, and VEI is already in percent in the artifact (value_transform identity, not times_100)."
N-anchor-VEI-Surrogate-100.0-forward_2025,vei_ed2,VEI,subsection: What the Final Augmented Regularization Paths Show,tab:path_anchor_summary,tab:path_anchor_summary,L2757|tab:path_anchor_summary|row=Surrogate rho=100.0|col=VEI,2757,ACTIVE,"Surrogate & 100 & 0.900 & \$85,257 & \latesttext{22.0\%} & \latesttext{0.336} & \textbf{1.020}\textsuperscript{*} & \tex",b1d969be249340a677ff5c7e9487e61a69375822eaf81b45b91941f22793a1d1,Surrogate rho=100.0,VEI,analysis/p1_inferential_reporting/tables/vei_significance.csv,csv,8e27d0ae0bd25d337ff078f79273de9205f668134883a441119ffb6c622fa757,P1_VEI_ED2,display_kind=plan_display_anchor;family=Surrogate;j=;ext_target=;rho=100.0;role_label=DISPLAY_ANCHOR;evaluation=forward_2025,RECOMPUTED,1.6516199941362943,percent,identity,percent,half_up:1,1.7,ATTAINED,C,PENALTY_ISOLATING,PRIMARY,NOT_APPLICABLE,IAAO_2026_ED2_PROPOSED,"frozen_VEI_value. VEI's +/-10% band is a May-2026 EXPOSURE DRAFT diagnostic band, NOT adopted IAAO guidance, and VEI is already in percent in the artifact (value_transform identity, not times_100)."
N-anchor-VEI-Surrogate-100.0-heldout,vei_ed2,VEI,subsection: What the Final Augmented Regularization Paths Show,tab:path_anchor_summary,tab:path_anchor_summary,L2733|tab:path_anchor_summary|row=Surrogate rho=100.0|col=VEI,2733,ACTIVE,"Surrogate & 100 & 0.889 & \$82,094 & \latesttext{22.8\%} & \latesttext{0.357} & \textbf{1.010}\textsuperscript{*} & \tex",68aaae29496f1fc8c72de7cd74ffaa26ee07966bdb85beb206d5e76fff6b66d4,Surrogate rho=100.0,VEI,analysis/p1_inferential_reporting/tables/vei_significance.csv,csv,8e27d0ae0bd25d337ff078f79273de9205f668134883a441119ffb6c622fa757,P1_VEI_ED2,display_kind=plan_display_anchor;family=Surrogate;j=;ext_target=;rho=100.0;role_label=DISPLAY_ANCHOR;evaluation=heldout,RECOMPUTED,4.01611843191782,percent,identity,percent,half_up:1,4.0,ATTAINED,C,PENALTY_ISOLATING,PRIMARY,NOT_APPLICABLE,IAAO_2026_ED2_PROPOSED,"frozen_VEI_value. VEI's +/-10% band is a May-2026 EXPOSURE DRAFT diagnostic band, NOT adopted IAAO guidance, and VEI is already in percent in the artifact (value_transform identity, not times_100)."
N-baseline-MAEP-forward_2025,baseline,MAEP,subsection: Baseline Comparison and Empirical Motivation,tab:ccao_baseline_results,tab:ccao_baseline_results,L1261|tab:ccao_baseline_results|row=Ordinary LightGBM|col=MAE,1261,ACTIVE,"\baselineprimarymetric{$\operatorname{MAE}_P$} & \$90,092 & \textbf{\$75,655} & \$99,371 & \textbf{\$78,484} \\",981d4925c3b2f5662c8e6347d962ee4fc3478433de31da4459af3003dc173f5e,Ordinary LightGBM,MAE,analysis/p0_major_revision_validation/tables/zero_control_full.csv,csv,331f696ba78da1dcdd1553d0a824e1d1f752949459f301a0fb11413fad3a61ec,P0_STAGE_1_5_G2,cell_id=A;evaluation=forward_2025,RECOMPUTED,78484.15932253542,usd,identity,usd,usd_comma:0,"78,484",ATTAINED,A,WORKFLOW_BENCHMARK,DESCRIPTIVE,NOT_APPLICABLE,NOT_APPLICABLE,"Cell A, the assessor-facing workflow benchmark. Descriptive baseline levels; not a penalty effect."
N-baseline-MAEP-forward_2025,path_anchor,MAEP,subsection: What the Final Augmented Regularization Paths Show,tab:path_anchor_summary,tab:path_anchor_summary,L2741|tab:path_anchor_summary|row=Ordinary LightGBM|col=MAE,2741,ACTIVE,"Ordinary LightGBM & -- & \textbf{0.904} & \textbf{\$78,484} & \textbf{20.8\%} & \textbf{0.278} & 1.079 & -0.106 & 0.907 ",0da28142937e4e3158b7ca564c9fc04653b34405ad80e514c9c3dcdd95160769,Ordinary LightGBM,MAE,analysis/p0_major_revision_validation/tables/zero_control_full.csv,csv,331f696ba78da1dcdd1553d0a824e1d1f752949459f301a0fb11413fad3a61ec,P0_STAGE_1_5_G2,cell_id=A;evaluation=forward_2025,RECOMPUTED,78484.15932253542,usd,identity,usd,usd_comma:0,"78,484",ATTAINED,A,WORKFLOW_BENCHMARK,DESCRIPTIVE,NOT_APPLICABLE,NOT_APPLICABLE,The benchmark row against which every penalized row in this table is currently boldfaced and starred. Descriptively valid; NOT penalty-isolating.
N-baseline-MAEP-heldout,baseline,MAEP,subsection: Baseline Comparison and Empirical Motivation,tab:ccao_baseline_results,tab:ccao_baseline_results,L1261|tab:ccao_baseline_results|row=Ordinary LightGBM|col=MAE,1261,ACTIVE,"\baselineprimarymetric{$\operatorname{MAE}_P$} & \$90,092 & \textbf{\$75,655} & \$99,371 & \textbf{\$78,484} \\",981d4925c3b2f5662c8e6347d962ee4fc3478433de31da4459af3003dc173f5e,Ordinary LightGBM,MAE,analysis/p0_major_revision_validation/tables/zero_control_full.csv,csv,331f696ba78da1dcdd1553d0a824e1d1f752949459f301a0fb11413fad3a61ec,P0_STAGE_1_5_G2,cell_id=A;evaluation=heldout,RECOMPUTED,75655.08828437526,usd,identity,usd,usd_comma:0,"75,655",ATTAINED,A,WORKFLOW_BENCHMARK,DESCRIPTIVE,NOT_APPLICABLE,NOT_APPLICABLE,"Cell A, the assessor-facing workflow benchmark. Descriptive baseline levels; not a penalty effect."
N-baseline-MAEP-heldout,path_anchor,MAEP,subsection: What the Final Augmented Regularization Paths Show,tab:path_anchor_summary,tab:path_anchor_summary,L2717|tab:path_anchor_summary|row=Ordinary LightGBM|col=MAE,2717,ACTIVE,"Ordinary LightGBM & -- & \textbf{0.894} & \textbf{\$75,655} & \textbf{21.2\%} & \textbf{0.289} & 1.069 & -0.091 & 0.923 ",662ba5072dac7fd0e5ab99871e5bad5f46e4f9e9da4d49a3a3028465219b5d68,Ordinary LightGBM,MAE,analysis/p0_major_revision_validation/tables/zero_control_full.csv,csv,331f696ba78da1dcdd1553d0a824e1d1f752949459f301a0fb11413fad3a61ec,P0_STAGE_1_5_G2,cell_id=A;evaluation=heldout,RECOMPUTED,75655.08828437526,usd,identity,usd,usd_comma:0,"75,655",ATTAINED,A,WORKFLOW_BENCHMARK,DESCRIPTIVE,NOT_APPLICABLE,NOT_APPLICABLE,The benchmark row against which every penalized row in this table is currently boldfaced and starred. Descriptively valid; NOT penalty-isolating.
N-baseline-MAPEP-forward_2025,baseline,MAPEP,subsection: Baseline Comparison and Empirical Motivation,tab:ccao_baseline_results,tab:ccao_baseline_results,L1262|tab:ccao_baseline_results|row=Ordinary LightGBM|col=MAPE,1262,ACTIVE,\baselineprimarymetric{$\operatorname{MAPE}_P$} & 24.1\% & \textbf{21.2\%} & 24.9\% & \textbf{20.8\%} \\,2371403bf641e86d88584fa6e1ff3f7cbe5629889451e872db8a4a03fe7740d2,Ordinary LightGBM,MAPE,analysis/p0_major_revision_validation/tables/zero_control_full.csv,csv,331f696ba78da1dcdd1553d0a824e1d1f752949459f301a0fb11413fad3a61ec,P0_STAGE_1_5_G2,cell_id=A;evaluation=forward_2025,RECOMPUTED,0.20779348782423568,fraction,times_100,percent,half_up:1,20.8,ATTAINED,A,WORKFLOW_BENCHMARK,DESCRIPTIVE,NOT_APPLICABLE,NOT_APPLICABLE,"Cell A, the assessor-facing workflow benchmark. Descriptive baseline levels; not a penalty effect."
N-baseline-MAPEP-forward_2025,path_anchor,MAPEP,subsection: What the Final Augmented Regularization Paths Show,tab:path_anchor_summary,tab:path_anchor_summary,L2741|tab:path_anchor_summary|row=Ordinary LightGBM|col=MAPE,2741,ACTIVE,"Ordinary LightGBM & -- & \textbf{0.904} & \textbf{\$78,484} & \textbf{20.8\%} & \textbf{0.278} & 1.079 & -0.106 & 0.907 ",0da28142937e4e3158b7ca564c9fc04653b34405ad80e514c9c3dcdd95160769,Ordinary LightGBM,MAPE,analysis/p0_major_revision_validation/tables/zero_control_full.csv,csv,331f696ba78da1dcdd1553d0a824e1d1f752949459f301a0fb11413fad3a61ec,P0_STAGE_1_5_G2,cell_id=A;evaluation=forward_2025,RECOMPUTED,0.20779348782423568,fraction,times_100,percent,half_up:1,20.8,ATTAINED,A,WORKFLOW_BENCHMARK,DESCRIPTIVE,NOT_APPLICABLE,NOT_APPLICABLE,The benchmark row against which every penalized row in this table is currently boldfaced and starred. Descriptively valid; NOT penalty-isolating.
N-baseline-MAPEP-heldout,baseline,MAPEP,subsection: Baseline Comparison and Empirical Motivation,tab:ccao_baseline_results,tab:ccao_baseline_results,L1262|tab:ccao_baseline_results|row=Ordinary LightGBM|col=MAPE,1262,ACTIVE,\baselineprimarymetric{$\operatorname{MAPE}_P$} & 24.1\% & \textbf{21.2\%} & 24.9\% & \textbf{20.8\%} \\,2371403bf641e86d88584fa6e1ff3f7cbe5629889451e872db8a4a03fe7740d2,Ordinary LightGBM,MAPE,analysis/p0_major_revision_validation/tables/zero_control_full.csv,csv,331f696ba78da1dcdd1553d0a824e1d1f752949459f301a0fb11413fad3a61ec,P0_STAGE_1_5_G2,cell_id=A;evaluation=heldout,RECOMPUTED,0.2120088150100442,fraction,times_100,percent,half_up:1,21.2,ATTAINED,A,WORKFLOW_BENCHMARK,DESCRIPTIVE,NOT_APPLICABLE,NOT_APPLICABLE,"Cell A, the assessor-facing workflow benchmark. Descriptive baseline levels; not a penalty effect."
N-baseline-MAPEP-heldout,path_anchor,MAPEP,subsection: What the Final Augmented Regularization Paths Show,tab:path_anchor_summary,tab:path_anchor_summary,L2717|tab:path_anchor_summary|row=Ordinary LightGBM|col=MAPE,2717,ACTIVE,"Ordinary LightGBM & -- & \textbf{0.894} & \textbf{\$75,655} & \textbf{21.2\%} & \textbf{0.289} & 1.069 & -0.091 & 0.923 ",662ba5072dac7fd0e5ab99871e5bad5f46e4f9e9da4d49a3a3028465219b5d68,Ordinary LightGBM,MAPE,analysis/p0_major_revision_validation/tables/zero_control_full.csv,csv,331f696ba78da1dcdd1553d0a824e1d1f752949459f301a0fb11413fad3a61ec,P0_STAGE_1_5_G2,cell_id=A;evaluation=heldout,RECOMPUTED,0.2120088150100442,fraction,times_100,percent,half_up:1,21.2,ATTAINED,A,WORKFLOW_BENCHMARK,DESCRIPTIVE,NOT_APPLICABLE,NOT_APPLICABLE,The benchmark row against which every penalized row in this table is currently boldfaced and starred. Descriptively valid; NOT penalty-isolating.
N-baseline-MKI-forward_2025,baseline,MKI,subsection: Baseline Comparison and Empirical Motivation,tab:ccao_baseline_results,tab:ccao_baseline_results,L1269|tab:ccao_baseline_results|row=Ordinary LightGBM|col=MKI,1269,ACTIVE,\baselineprimarymetric{MKI} & \textbf{0.975} & 0.923 & \textbf{0.954} & 0.907 \\,c15c13057de112f9e13c379b7cf93af59d176f61bd516b4624f1d748d9c3d27c,Ordinary LightGBM,MKI,analysis/p0_major_revision_validation/tables/zero_control_full.csv,csv,331f696ba78da1dcdd1553d0a824e1d1f752949459f301a0fb11413fad3a61ec,P0_STAGE_1_5_G2,cell_id=A;evaluation=forward_2025,RECOMPUTED,0.9065396680065407,index,identity,index,half_up:3,0.907,ATTAINED,A,WORKFLOW_BENCHMARK,DESCRIPTIVE,NOT_APPLICABLE,IAAO_2026_ED2_PROPOSED,"Cell A, the assessor-facing workflow benchmark. Descriptive baseline levels; not a penalty effect."
N-baseline-MKI-forward_2025,path_anchor,MKI,subsection: What the Final Augmented Regularization Paths Show,tab:path_anchor_summary,tab:path_anchor_summary,L2741|tab:path_anchor_summary|row=Ordinary LightGBM|col=MKI,2741,ACTIVE,"Ordinary LightGBM & -- & \textbf{0.904} & \textbf{\$78,484} & \textbf{20.8\%} & \textbf{0.278} & 1.079 & -0.106 & 0.907 ",0da28142937e4e3158b7ca564c9fc04653b34405ad80e514c9c3dcdd95160769,Ordinary LightGBM,MKI,analysis/p0_major_revision_validation/tables/zero_control_full.csv,csv,331f696ba78da1dcdd1553d0a824e1d1f752949459f301a0fb11413fad3a61ec,P0_STAGE_1_5_G2,cell_id=A;evaluation=forward_2025,RECOMPUTED,0.9065396680065407,index,identity,index,half_up:3,0.907,ATTAINED,A,WORKFLOW_BENCHMARK,DESCRIPTIVE,NOT_APPLICABLE,IAAO_2026_ED2_PROPOSED,The benchmark row against which every penalized row in this table is currently boldfaced and starred. Descriptively valid; NOT penalty-isolating.
N-baseline-MKI-heldout,baseline,MKI,subsection: Baseline Comparison and Empirical Motivation,tab:ccao_baseline_results,tab:ccao_baseline_results,L1269|tab:ccao_baseline_results|row=Ordinary LightGBM|col=MKI,1269,ACTIVE,\baselineprimarymetric{MKI} & \textbf{0.975} & 0.923 & \textbf{0.954} & 0.907 \\,c15c13057de112f9e13c379b7cf93af59d176f61bd516b4624f1d748d9c3d27c,Ordinary LightGBM,MKI,analysis/p0_major_revision_validation/tables/zero_control_full.csv,csv,331f696ba78da1dcdd1553d0a824e1d1f752949459f301a0fb11413fad3a61ec,P0_STAGE_1_5_G2,cell_id=A;evaluation=heldout,RECOMPUTED,0.9229527372409528,index,identity,index,half_up:3,0.923,ATTAINED,A,WORKFLOW_BENCHMARK,DESCRIPTIVE,NOT_APPLICABLE,IAAO_2026_ED2_PROPOSED,"Cell A, the assessor-facing workflow benchmark. Descriptive baseline levels; not a penalty effect."
N-baseline-MKI-heldout,path_anchor,MKI,subsection: What the Final Augmented Regularization Paths Show,tab:path_anchor_summary,tab:path_anchor_summary,L2717|tab:path_anchor_summary|row=Ordinary LightGBM|col=MKI,2717,ACTIVE,"Ordinary LightGBM & -- & \textbf{0.894} & \textbf{\$75,655} & \textbf{21.2\%} & \textbf{0.289} & 1.069 & -0.091 & 0.923 ",662ba5072dac7fd0e5ab99871e5bad5f46e4f9e9da4d49a3a3028465219b5d68,Ordinary LightGBM,MKI,analysis/p0_major_revision_validation/tables/zero_control_full.csv,csv,331f696ba78da1dcdd1553d0a824e1d1f752949459f301a0fb11413fad3a61ec,P0_STAGE_1_5_G2,cell_id=A;evaluation=heldout,RECOMPUTED,0.9229527372409528,index,identity,index,half_up:3,0.923,ATTAINED,A,WORKFLOW_BENCHMARK,DESCRIPTIVE,NOT_APPLICABLE,IAAO_2026_ED2_PROPOSED,The benchmark row against which every penalized row in this table is currently boldfaced and starred. Descriptively valid; NOT penalty-isolating.
N-baseline-PRB-forward_2025,baseline,PRB,subsection: Baseline Comparison and Empirical Motivation,tab:ccao_baseline_results,tab:ccao_baseline_results,L1268|tab:ccao_baseline_results|row=Ordinary LightGBM|col=PRB,1268,ACTIVE,\baselineprimarymetric{PRB} & \textbf{-0.016} & -0.091 & \textbf{-0.029} & -0.106 \\,cc317d3006eac64fed78211b1ee3922edbfe16e6c6bb3494f6fa99f107e40ddd,Ordinary LightGBM,PRB,analysis/p0_major_revision_validation/tables/zero_control_full.csv,csv,331f696ba78da1dcdd1553d0a824e1d1f752949459f301a0fb11413fad3a61ec,P0_STAGE_1_5_G2,cell_id=A;evaluation=forward_2025,RECOMPUTED,-0.10604403342499186,coefficient,identity,coefficient,half_up:3,-0.106,ATTAINED,A,WORKFLOW_BENCHMARK,DESCRIPTIVE,NOT_APPLICABLE,IAAO_2013_ADOPTED,"Cell A, the assessor-facing workflow benchmark. Descriptive baseline levels; not a penalty effect."
N-baseline-PRB-forward_2025,path_anchor,PRB,subsection: What the Final Augmented Regularization Paths Show,tab:path_anchor_summary,tab:path_anchor_summary,L2741|tab:path_anchor_summary|row=Ordinary LightGBM|col=PRB,2741,ACTIVE,"Ordinary LightGBM & -- & \textbf{0.904} & \textbf{\$78,484} & \textbf{20.8\%} & \textbf{0.278} & 1.079 & -0.106 & 0.907 ",0da28142937e4e3158b7ca564c9fc04653b34405ad80e514c9c3dcdd95160769,Ordinary LightGBM,PRB,analysis/p0_major_revision_validation/tables/zero_control_full.csv,csv,331f696ba78da1dcdd1553d0a824e1d1f752949459f301a0fb11413fad3a61ec,P0_STAGE_1_5_G2,cell_id=A;evaluation=forward_2025,RECOMPUTED,-0.10604403342499186,coefficient,identity,coefficient,half_up:3,-0.106,ATTAINED,A,WORKFLOW_BENCHMARK,DESCRIPTIVE,NOT_APPLICABLE,IAAO_2013_ADOPTED,The benchmark row against which every penalized row in this table is currently boldfaced and starred. Descriptively valid; NOT penalty-isolating.
N-baseline-PRB-heldout,baseline,PRB,subsection: Baseline Comparison and Empirical Motivation,tab:ccao_baseline_results,tab:ccao_baseline_results,L1268|tab:ccao_baseline_results|row=Ordinary LightGBM|col=PRB,1268,ACTIVE,\baselineprimarymetric{PRB} & \textbf{-0.016} & -0.091 & \textbf{-0.029} & -0.106 \\,cc317d3006eac64fed78211b1ee3922edbfe16e6c6bb3494f6fa99f107e40ddd,Ordinary LightGBM,PRB,analysis/p0_major_revision_validation/tables/zero_control_full.csv,csv,331f696ba78da1dcdd1553d0a824e1d1f752949459f301a0fb11413fad3a61ec,P0_STAGE_1_5_G2,cell_id=A;evaluation=heldout,RECOMPUTED,-0.09075887661084095,coefficient,identity,coefficient,half_up:3,-0.091,ATTAINED,A,WORKFLOW_BENCHMARK,DESCRIPTIVE,NOT_APPLICABLE,IAAO_2013_ADOPTED,"Cell A, the assessor-facing workflow benchmark. Descriptive baseline levels; not a penalty effect."
N-baseline-PRB-heldout,path_anchor,PRB,subsection: What the Final Augmented Regularization Paths Show,tab:path_anchor_summary,tab:path_anchor_summary,L2717|tab:path_anchor_summary|row=Ordinary LightGBM|col=PRB,2717,ACTIVE,"Ordinary LightGBM & -- & \textbf{0.894} & \textbf{\$75,655} & \textbf{21.2\%} & \textbf{0.289} & 1.069 & -0.091 & 0.923 ",662ba5072dac7fd0e5ab99871e5bad5f46e4f9e9da4d49a3a3028465219b5d68,Ordinary LightGBM,PRB,analysis/p0_major_revision_validation/tables/zero_control_full.csv,csv,331f696ba78da1dcdd1553d0a824e1d1f752949459f301a0fb11413fad3a61ec,P0_STAGE_1_5_G2,cell_id=A;evaluation=heldout,RECOMPUTED,-0.09075887661084095,coefficient,identity,coefficient,half_up:3,-0.091,ATTAINED,A,WORKFLOW_BENCHMARK,DESCRIPTIVE,NOT_APPLICABLE,IAAO_2013_ADOPTED,The benchmark row against which every penalized row in this table is currently boldfaced and starred. Descriptively valid; NOT penalty-isolating.
N-baseline-PRD-forward_2025,baseline,PRD,subsection: Baseline Comparison and Empirical Motivation,tab:ccao_baseline_results,tab:ccao_baseline_results,L1267|tab:ccao_baseline_results|row=Ordinary LightGBM|col=PRD,1267,ACTIVE,\baselineprimarymetric{PRD} & \textbf{1.042} & 1.069 & \textbf{1.052} & 1.079 \\,f51b6a672d61234aa41734d18157e7822ab89eec5e0a522790804f0e636ff603,Ordinary LightGBM,PRD,analysis/p0_major_revision_validation/tables/zero_control_full.csv,csv,331f696ba78da1dcdd1553d0a824e1d1f752949459f301a0fb11413fad3a61ec,P0_STAGE_1_5_G2,cell_id=A;evaluation=forward_2025,RECOMPUTED,1.0792476108826874,ratio,identity,ratio,half_up:3,1.079,ATTAINED,A,WORKFLOW_BENCHMARK,DESCRIPTIVE,NOT_APPLICABLE,IAAO_2013_ADOPTED,"Cell A, the assessor-facing workflow benchmark. Descriptive baseline levels; not a penalty effect."
N-baseline-PRD-forward_2025,path_anchor,PRD,subsection: What the Final Augmented Regularization Paths Show,tab:path_anchor_summary,tab:path_anchor_summary,L2741|tab:path_anchor_summary|row=Ordinary LightGBM|col=PRD,2741,ACTIVE,"Ordinary LightGBM & -- & \textbf{0.904} & \textbf{\$78,484} & \textbf{20.8\%} & \textbf{0.278} & 1.079 & -0.106 & 0.907 ",0da28142937e4e3158b7ca564c9fc04653b34405ad80e514c9c3dcdd95160769,Ordinary LightGBM,PRD,analysis/p0_major_revision_validation/tables/zero_control_full.csv,csv,331f696ba78da1dcdd1553d0a824e1d1f752949459f301a0fb11413fad3a61ec,P0_STAGE_1_5_G2,cell_id=A;evaluation=forward_2025,RECOMPUTED,1.0792476108826874,ratio,identity,ratio,half_up:3,1.079,ATTAINED,A,WORKFLOW_BENCHMARK,DESCRIPTIVE,NOT_APPLICABLE,IAAO_2013_ADOPTED,The benchmark row against which every penalized row in this table is currently boldfaced and starred. Descriptively valid; NOT penalty-isolating.
N-baseline-PRD-heldout,baseline,PRD,subsection: Baseline Comparison and Empirical Motivation,tab:ccao_baseline_results,tab:ccao_baseline_results,L1267|tab:ccao_baseline_results|row=Ordinary LightGBM|col=PRD,1267,ACTIVE,\baselineprimarymetric{PRD} & \textbf{1.042} & 1.069 & \textbf{1.052} & 1.079 \\,f51b6a672d61234aa41734d18157e7822ab89eec5e0a522790804f0e636ff603,Ordinary LightGBM,PRD,analysis/p0_major_revision_validation/tables/zero_control_full.csv,csv,331f696ba78da1dcdd1553d0a824e1d1f752949459f301a0fb11413fad3a61ec,P0_STAGE_1_5_G2,cell_id=A;evaluation=heldout,RECOMPUTED,1.0694973801659169,ratio,identity,ratio,half_up:3,1.069,ATTAINED,A,WORKFLOW_BENCHMARK,DESCRIPTIVE,NOT_APPLICABLE,IAAO_2013_ADOPTED,"Cell A, the assessor-facing workflow benchmark. Descriptive baseline levels; not a penalty effect."
N-baseline-PRD-heldout,path_anchor,PRD,subsection: What the Final Augmented Regularization Paths Show,tab:path_anchor_summary,tab:path_anchor_summary,L2717|tab:path_anchor_summary|row=Ordinary LightGBM|col=PRD,2717,ACTIVE,"Ordinary LightGBM & -- & \textbf{0.894} & \textbf{\$75,655} & \textbf{21.2\%} & \textbf{0.289} & 1.069 & -0.091 & 0.923 ",662ba5072dac7fd0e5ab99871e5bad5f46e4f9e9da4d49a3a3028465219b5d68,Ordinary LightGBM,PRD,analysis/p0_major_revision_validation/tables/zero_control_full.csv,csv,331f696ba78da1dcdd1553d0a824e1d1f752949459f301a0fb11413fad3a61ec,P0_STAGE_1_5_G2,cell_id=A;evaluation=heldout,RECOMPUTED,1.0694973801659169,ratio,identity,ratio,half_up:3,1.069,ATTAINED,A,WORKFLOW_BENCHMARK,DESCRIPTIVE,NOT_APPLICABLE,IAAO_2013_ADOPTED,The benchmark row against which every penalized row in this table is currently boldfaced and starred. Descriptively valid; NOT penalty-isolating.
N-baseline-R2P-forward_2025,baseline,R2P,subsection: Baseline Comparison and Empirical Motivation,tab:ccao_baseline_results,tab:ccao_baseline_results,L1260|tab:ccao_baseline_results|row=Ordinary LightGBM|col=$R^2_P$,1260,ACTIVE,\baselineprimarymetric{$R^2_P$} & 0.799 & \textbf{0.894} & 0.799 & \textbf{0.904} \\,657bf06a7ddb57b404dabffb789266278e6c5484ad1eb2b9888ffb5001ade720,Ordinary LightGBM,$R^2_P$,analysis/p0_major_revision_validation/tables/zero_control_full.csv,csv,331f696ba78da1dcdd1553d0a824e1d1f752949459f301a0fb11413fad3a61ec,P0_STAGE_1_5_G2,cell_id=A;evaluation=forward_2025,RECOMPUTED,0.9043773936942079,ratio,identity,ratio,half_up:3,0.904,ATTAINED,A,WORKFLOW_BENCHMARK,DESCRIPTIVE,NOT_APPLICABLE,NOT_APPLICABLE,"Cell A, the assessor-facing workflow benchmark. Descriptive baseline levels; not a penalty effect."
N-baseline-R2P-forward_2025,path_anchor,R2P,subsection: What the Final Augmented Regularization Paths Show,tab:path_anchor_summary,tab:path_anchor_summary,L2741|tab:path_anchor_summary|row=Ordinary LightGBM|col=$R^2_P$,2741,ACTIVE,"Ordinary LightGBM & -- & \textbf{0.904} & \textbf{\$78,484} & \textbf{20.8\%} & \textbf{0.278} & 1.079 & -0.106 & 0.907 ",0da28142937e4e3158b7ca564c9fc04653b34405ad80e514c9c3dcdd95160769,Ordinary LightGBM,$R^2_P$,analysis/p0_major_revision_validation/tables/zero_control_full.csv,csv,331f696ba78da1dcdd1553d0a824e1d1f752949459f301a0fb11413fad3a61ec,P0_STAGE_1_5_G2,cell_id=A;evaluation=forward_2025,RECOMPUTED,0.9043773936942079,ratio,identity,ratio,half_up:3,0.904,ATTAINED,A,WORKFLOW_BENCHMARK,DESCRIPTIVE,NOT_APPLICABLE,NOT_APPLICABLE,The benchmark row against which every penalized row in this table is currently boldfaced and starred. Descriptively valid; NOT penalty-isolating.
N-baseline-R2P-heldout,baseline,R2P,subsection: Baseline Comparison and Empirical Motivation,tab:ccao_baseline_results,tab:ccao_baseline_results,L1260|tab:ccao_baseline_results|row=Ordinary LightGBM|col=$R^2_P$,1260,ACTIVE,\baselineprimarymetric{$R^2_P$} & 0.799 & \textbf{0.894} & 0.799 & \textbf{0.904} \\,657bf06a7ddb57b404dabffb789266278e6c5484ad1eb2b9888ffb5001ade720,Ordinary LightGBM,$R^2_P$,analysis/p0_major_revision_validation/tables/zero_control_full.csv,csv,331f696ba78da1dcdd1553d0a824e1d1f752949459f301a0fb11413fad3a61ec,P0_STAGE_1_5_G2,cell_id=A;evaluation=heldout,RECOMPUTED,0.8942286902942419,ratio,identity,ratio,half_up:3,0.894,ATTAINED,A,WORKFLOW_BENCHMARK,DESCRIPTIVE,NOT_APPLICABLE,NOT_APPLICABLE,"Cell A, the assessor-facing workflow benchmark. Descriptive baseline levels; not a penalty effect."
N-baseline-R2P-heldout,path_anchor,R2P,subsection: What the Final Augmented Regularization Paths Show,tab:path_anchor_summary,tab:path_anchor_summary,L2717|tab:path_anchor_summary|row=Ordinary LightGBM|col=$R^2_P$,2717,ACTIVE,"Ordinary LightGBM & -- & \textbf{0.894} & \textbf{\$75,655} & \textbf{21.2\%} & \textbf{0.289} & 1.069 & -0.091 & 0.923 ",662ba5072dac7fd0e5ab99871e5bad5f46e4f9e9da4d49a3a3028465219b5d68,Ordinary LightGBM,$R^2_P$,analysis/p0_major_revision_validation/tables/zero_control_full.csv,csv,331f696ba78da1dcdd1553d0a824e1d1f752949459f301a0fb11413fad3a61ec,P0_STAGE_1_5_G2,cell_id=A;evaluation=heldout,RECOMPUTED,0.8942286902942419,ratio,identity,ratio,half_up:3,0.894,ATTAINED,A,WORKFLOW_BENCHMARK,DESCRIPTIVE,NOT_APPLICABLE,NOT_APPLICABLE,The benchmark row against which every penalized row in this table is currently boldfaced and starred. Descriptively valid; NOT penalty-isolating.
N-baseline-RMSElogP-forward_2025,baseline,RMSElogP,subsection: Baseline Comparison and Empirical Motivation,tab:ccao_baseline_results,tab:ccao_baseline_results,L1263|tab:ccao_baseline_results|row=Ordinary LightGBM|col=$\operatorname{RMSE}_{\log P}$,1263,ACTIVE,\baselineprimarymetric{$\operatorname{RMSE}_{\log P}$} & 0.322 & \textbf{0.289} & 0.313 & \textbf{0.278} \\,527a3eeae9e89d3994fcd012b6a99a107f5fd9071e0b261d63ce8c7fce9ab0cd,Ordinary LightGBM,$\operatorname{RMSE}_{\log P}$,analysis/p0_major_revision_validation/tables/zero_control_full.csv,csv,331f696ba78da1dcdd1553d0a824e1d1f752949459f301a0fb11413fad3a61ec,P0_STAGE_1_5_G2,cell_id=A;evaluation=forward_2025,RECOMPUTED,0.27819497630606294,log_points,identity,log_points,half_up:3,0.278,ATTAINED,A,WORKFLOW_BENCHMARK,DESCRIPTIVE,NOT_APPLICABLE,NOT_APPLICABLE,"Cell A, the assessor-facing workflow benchmark. Descriptive baseline levels; not a penalty effect."
N-baseline-RMSElogP-forward_2025,path_anchor,RMSElogP,subsection: What the Final Augmented Regularization Paths Show,tab:path_anchor_summary,tab:path_anchor_summary,L2741|tab:path_anchor_summary|row=Ordinary LightGBM|col=$\operatorname{RMSE}_{\log P}$,2741,ACTIVE,"Ordinary LightGBM & -- & \textbf{0.904} & \textbf{\$78,484} & \textbf{20.8\%} & \textbf{0.278} & 1.079 & -0.106 & 0.907 ",0da28142937e4e3158b7ca564c9fc04653b34405ad80e514c9c3dcdd95160769,Ordinary LightGBM,$\operatorname{RMSE}_{\log P}$,analysis/p0_major_revision_validation/tables/zero_control_full.csv,csv,331f696ba78da1dcdd1553d0a824e1d1f752949459f301a0fb11413fad3a61ec,P0_STAGE_1_5_G2,cell_id=A;evaluation=forward_2025,RECOMPUTED,0.27819497630606294,log_points,identity,log_points,half_up:3,0.278,ATTAINED,A,WORKFLOW_BENCHMARK,DESCRIPTIVE,NOT_APPLICABLE,NOT_APPLICABLE,The benchmark row against which every penalized row in this table is currently boldfaced and starred. Descriptively valid; NOT penalty-isolating.
N-baseline-RMSElogP-heldout,baseline,RMSElogP,subsection: Baseline Comparison and Empirical Motivation,tab:ccao_baseline_results,tab:ccao_baseline_results,L1263|tab:ccao_baseline_results|row=Ordinary LightGBM|col=$\operatorname{RMSE}_{\log P}$,1263,ACTIVE,\baselineprimarymetric{$\operatorname{RMSE}_{\log P}$} & 0.322 & \textbf{0.289} & 0.313 & \textbf{0.278} \\,527a3eeae9e89d3994fcd012b6a99a107f5fd9071e0b261d63ce8c7fce9ab0cd,Ordinary LightGBM,$\operatorname{RMSE}_{\log P}$,analysis/p0_major_revision_validation/tables/zero_control_full.csv,csv,331f696ba78da1dcdd1553d0a824e1d1f752949459f301a0fb11413fad3a61ec,P0_STAGE_1_5_G2,cell_id=A;evaluation=heldout,RECOMPUTED,0.28870903706131884,log_points,identity,log_points,half_up:3,0.289,ATTAINED,A,WORKFLOW_BENCHMARK,DESCRIPTIVE,NOT_APPLICABLE,NOT_APPLICABLE,"Cell A, the assessor-facing workflow benchmark. Descriptive baseline levels; not a penalty effect."
N-baseline-RMSElogP-heldout,path_anchor,RMSElogP,subsection: What the Final Augmented Regularization Paths Show,tab:path_anchor_summary,tab:path_anchor_summary,L2717|tab:path_anchor_summary|row=Ordinary LightGBM|col=$\operatorname{RMSE}_{\log P}$,2717,ACTIVE,"Ordinary LightGBM & -- & \textbf{0.894} & \textbf{\$75,655} & \textbf{21.2\%} & \textbf{0.289} & 1.069 & -0.091 & 0.923 ",662ba5072dac7fd0e5ab99871e5bad5f46e4f9e9da4d49a3a3028465219b5d68,Ordinary LightGBM,$\operatorname{RMSE}_{\log P}$,analysis/p0_major_revision_validation/tables/zero_control_full.csv,csv,331f696ba78da1dcdd1553d0a824e1d1f752949459f301a0fb11413fad3a61ec,P0_STAGE_1_5_G2,cell_id=A;evaluation=heldout,RECOMPUTED,0.28870903706131884,log_points,identity,log_points,half_up:3,0.289,ATTAINED,A,WORKFLOW_BENCHMARK,DESCRIPTIVE,NOT_APPLICABLE,NOT_APPLICABLE,The benchmark row against which every penalized row in this table is currently boldfaced and starred. Descriptively valid; NOT penalty-isolating.
N-baseline-VEI-forward_2025,baseline,VEI,subsection: Baseline Comparison and Empirical Motivation,tab:ccao_baseline_results,tab:ccao_baseline_results,L1270|tab:ccao_baseline_results|row=Ordinary LightGBM|col=VEI,1270,ACTIVE,\baselineprimarymetric{VEI} & \textbf{-11.6\%} & -26.5\% & \textbf{-17.3\%} & -28.6\% \\,4549af4bed152b1308e810f99d7a20091a3818cafdae8b8d92300a0fc9779f78,Ordinary LightGBM,VEI,analysis/p0_major_revision_validation/tables/zero_control_full.csv,csv,331f696ba78da1dcdd1553d0a824e1d1f752949459f301a0fb11413fad3a61ec,P0_STAGE_1_5_G2,cell_id=A;evaluation=forward_2025,RECOMPUTED,-28.577346443693536,percent,identity,percent,half_up:1,-28.6,ATTAINED,A,WORKFLOW_BENCHMARK,DESCRIPTIVE,NOT_APPLICABLE,IAAO_2026_ED2_PROPOSED,"Cell A, the assessor-facing workflow benchmark. Descriptive baseline levels; not a penalty effect."
N-baseline-VEI-forward_2025,path_anchor,VEI,subsection: What the Final Augmented Regularization Paths Show,tab:path_anchor_summary,tab:path_anchor_summary,L2741|tab:path_anchor_summary|row=Ordinary LightGBM|col=VEI,2741,ACTIVE,"Ordinary LightGBM & -- & \textbf{0.904} & \textbf{\$78,484} & \textbf{20.8\%} & \textbf{0.278} & 1.079 & -0.106 & 0.907 ",0da28142937e4e3158b7ca564c9fc04653b34405ad80e514c9c3dcdd95160769,Ordinary LightGBM,VEI,analysis/p0_major_revision_validation/tables/zero_control_full.csv,csv,331f696ba78da1dcdd1553d0a824e1d1f752949459f301a0fb11413fad3a61ec,P0_STAGE_1_5_G2,cell_id=A;evaluation=forward_2025,RECOMPUTED,-28.577346443693536,percent,identity,percent,half_up:1,-28.6,ATTAINED,A,WORKFLOW_BENCHMARK,DESCRIPTIVE,NOT_APPLICABLE,IAAO_2026_ED2_PROPOSED,The benchmark row against which every penalized row in this table is currently boldfaced and starred. Descriptively valid; NOT penalty-isolating.
N-baseline-VEI-heldout,baseline,VEI,subsection: Baseline Comparison and Empirical Motivation,tab:ccao_baseline_results,tab:ccao_baseline_results,L1270|tab:ccao_baseline_results|row=Ordinary LightGBM|col=VEI,1270,ACTIVE,\baselineprimarymetric{VEI} & \textbf{-11.6\%} & -26.5\% & \textbf{-17.3\%} & -28.6\% \\,4549af4bed152b1308e810f99d7a20091a3818cafdae8b8d92300a0fc9779f78,Ordinary LightGBM,VEI,analysis/p0_major_revision_validation/tables/zero_control_full.csv,csv,331f696ba78da1dcdd1553d0a824e1d1f752949459f301a0fb11413fad3a61ec,P0_STAGE_1_5_G2,cell_id=A;evaluation=heldout,RECOMPUTED,-26.459634217874914,percent,identity,percent,half_up:1,-26.5,ATTAINED,A,WORKFLOW_BENCHMARK,DESCRIPTIVE,NOT_APPLICABLE,IAAO_2026_ED2_PROPOSED,"Cell A, the assessor-facing workflow benchmark. Descriptive baseline levels; not a penalty effect."
N-baseline-VEI-heldout,path_anchor,VEI,subsection: What the Final Augmented Regularization Paths Show,tab:path_anchor_summary,tab:path_anchor_summary,L2717|tab:path_anchor_summary|row=Ordinary LightGBM|col=VEI,2717,ACTIVE,"Ordinary LightGBM & -- & \textbf{0.894} & \textbf{\$75,655} & \textbf{21.2\%} & \textbf{0.289} & 1.069 & -0.091 & 0.923 ",662ba5072dac7fd0e5ab99871e5bad5f46e4f9e9da4d49a3a3028465219b5d68,Ordinary LightGBM,VEI,analysis/p0_major_revision_validation/tables/zero_control_full.csv,csv,331f696ba78da1dcdd1553d0a824e1d1f752949459f301a0fb11413fad3a61ec,P0_STAGE_1_5_G2,cell_id=A;evaluation=heldout,RECOMPUTED,-26.459634217874914,percent,identity,percent,half_up:1,-26.5,ATTAINED,A,WORKFLOW_BENCHMARK,DESCRIPTIVE,NOT_APPLICABLE,IAAO_2026_ED2_PROPOSED,The benchmark row against which every penalized row in this table is currently boldfaced and starred. Descriptively valid; NOT penalty-isolating.
N-baselinecomp-COD-forward_2025,baseline,COD,Appendix subsection: Complete Regularization-Path Results,tab:ccao_baseline_complementary,tab:ccao_baseline_complementary,L3811|tab:ccao_baseline_complementary|row=Ordinary LightGBM|col=COD,3811,ACTIVE,\baselinecompmetric{COD} & 24.7\% & \textbf{21.6\%} & 24.3\% & \textbf{21.3\%} \\,9a8e5067b7c21f25756e2e6fb0abec9d06057e607995beb62065b02f9590362d,Ordinary LightGBM,COD,analysis/p0_major_revision_validation/tables/zero_control_full.csv,csv,331f696ba78da1dcdd1553d0a824e1d1f752949459f301a0fb11413fad3a61ec,P0_STAGE_1_5_G2,cell_id=A;evaluation=forward_2025,RECOMPUTED,21.266370664178105,percent,identity,percent,half_up:1,21.3,ATTAINED,A,WORKFLOW_BENCHMARK,DESCRIPTIVE,NOT_APPLICABLE,IAAO_2013_ADOPTED,
N-baselinecomp-COD-forward_2025,path_anchor,COD,Appendix subsection: Complete Regularization-Path Results,tab:path_anchor_complementary,tab:path_anchor_complementary,L3964|tab:path_anchor_complementary|row=Ordinary LightGBM|col=COD,3964,ACTIVE,Ordinary LightGBM & -- & 0.950 & \textbf{1.015} & 0.941 & \textbf{21.3\%} & \textbf{37.2\%} & -0.164 & \textbf{0.121} & ,7fe854b155668b6b96dae398d612d357dfbe51512ebba016f5c6c2f2318f4b05,Ordinary LightGBM,COD,analysis/p0_major_revision_validation/tables/zero_control_full.csv,csv,331f696ba78da1dcdd1553d0a824e1d1f752949459f301a0fb11413fad3a61ec,P0_STAGE_1_5_G2,cell_id=A;evaluation=forward_2025,RECOMPUTED,21.266370664178105,percent,identity,percent,half_up:1,21.3,ATTAINED,A,WORKFLOW_BENCHMARK,DESCRIPTIVE,NOT_APPLICABLE,IAAO_2013_ADOPTED,
N-baselinecomp-COD-heldout,baseline,COD,Appendix subsection: Complete Regularization-Path Results,tab:ccao_baseline_complementary,tab:ccao_baseline_complementary,L3811|tab:ccao_baseline_complementary|row=Ordinary LightGBM|col=COD,3811,ACTIVE,\baselinecompmetric{COD} & 24.7\% & \textbf{21.6\%} & 24.3\% & \textbf{21.3\%} \\,9a8e5067b7c21f25756e2e6fb0abec9d06057e607995beb62065b02f9590362d,Ordinary LightGBM,COD,analysis/p0_major_revision_validation/tables/zero_control_full.csv,csv,331f696ba78da1dcdd1553d0a824e1d1f752949459f301a0fb11413fad3a61ec,P0_STAGE_1_5_G2,cell_id=A;evaluation=heldout,RECOMPUTED,21.6265818314926,percent,identity,percent,half_up:1,21.6,ATTAINED,A,WORKFLOW_BENCHMARK,DESCRIPTIVE,NOT_APPLICABLE,IAAO_2013_ADOPTED,
N-baselinecomp-COD-heldout,path_anchor,COD,Appendix subsection: Complete Regularization-Path Results,tab:path_anchor_complementary,tab:path_anchor_complementary,L3936|tab:path_anchor_complementary|row=Ordinary LightGBM|col=COD,3936,ACTIVE,Ordinary LightGBM & -- & 0.929 & \textbf{0.989} & 0.924 & \textbf{21.6\%} & \textbf{39.7\%} & -0.150 & \textbf{0.119} & ,8f0574a90594eb2bafea25d9bc3c646f73ac8d9364b9541116a08c5f2fdac318,Ordinary LightGBM,COD,analysis/p0_major_revision_validation/tables/zero_control_full.csv,csv,331f696ba78da1dcdd1553d0a824e1d1f752949459f301a0fb11413fad3a61ec,P0_STAGE_1_5_G2,cell_id=A;evaluation=heldout,RECOMPUTED,21.6265818314926,percent,identity,percent,half_up:1,21.6,ATTAINED,A,WORKFLOW_BENCHMARK,DESCRIPTIVE,NOT_APPLICABLE,IAAO_2013_ADOPTED,
N-baselinecomp-COV-forward_2025,baseline,COV,Appendix subsection: Complete Regularization-Path Results,tab:ccao_baseline_complementary,tab:ccao_baseline_complementary,L3812|tab:ccao_baseline_complementary|row=Ordinary LightGBM|col=COV,3812,ACTIVE,\baselinecompmetric{COV} & 45.2\% & \textbf{39.7\%} & 42.1\% & \textbf{37.2\%} \\,854786a729c55e94ca233230d90960f0e1fcd66048123ce1b1e39cbf3aa26720,Ordinary LightGBM,COV,analysis/p0_major_revision_validation/tables/zero_control_full.csv,csv,331f696ba78da1dcdd1553d0a824e1d1f752949459f301a0fb11413fad3a61ec,P0_STAGE_1_5_G2,cell_id=A;evaluation=forward_2025,RECOMPUTED,0.37187622627167494,percent,identity,percent,half_up:1,0.4,ATTAINED,A,WORKFLOW_BENCHMARK,DESCRIPTIVE,NOT_APPLICABLE,IAAO_2013_ADOPTED,
N-baselinecomp-COV-forward_2025,path_anchor,COV,Appendix subsection: Complete Regularization-Path Results,tab:path_anchor_complementary,tab:path_anchor_complementary,L3964|tab:path_anchor_complementary|row=Ordinary LightGBM|col=COV,3964,ACTIVE,Ordinary LightGBM & -- & 0.950 & \textbf{1.015} & 0.941 & \textbf{21.3\%} & \textbf{37.2\%} & -0.164 & \textbf{0.121} & ,7fe854b155668b6b96dae398d612d357dfbe51512ebba016f5c6c2f2318f4b05,Ordinary LightGBM,COV,analysis/p0_major_revision_validation/tables/zero_control_full.csv,csv,331f696ba78da1dcdd1553d0a824e1d1f752949459f301a0fb11413fad3a61ec,P0_STAGE_1_5_G2,cell_id=A;evaluation=forward_2025,RECOMPUTED,0.37187622627167494,percent,identity,percent,half_up:1,0.4,ATTAINED,A,WORKFLOW_BENCHMARK,DESCRIPTIVE,NOT_APPLICABLE,IAAO_2013_ADOPTED,
N-baselinecomp-COV-heldout,baseline,COV,Appendix subsection: Complete Regularization-Path Results,tab:ccao_baseline_complementary,tab:ccao_baseline_complementary,L3812|tab:ccao_baseline_complementary|row=Ordinary LightGBM|col=COV,3812,ACTIVE,\baselinecompmetric{COV} & 45.2\% & \textbf{39.7\%} & 42.1\% & \textbf{37.2\%} \\,854786a729c55e94ca233230d90960f0e1fcd66048123ce1b1e39cbf3aa26720,Ordinary LightGBM,COV,analysis/p0_major_revision_validation/tables/zero_control_full.csv,csv,331f696ba78da1dcdd1553d0a824e1d1f752949459f301a0fb11413fad3a61ec,P0_STAGE_1_5_G2,cell_id=A;evaluation=heldout,RECOMPUTED,0.39727575972644413,percent,identity,percent,half_up:1,0.4,ATTAINED,A,WORKFLOW_BENCHMARK,DESCRIPTIVE,NOT_APPLICABLE,IAAO_2013_ADOPTED,
N-baselinecomp-COV-heldout,path_anchor,COV,Appendix subsection: Complete Regularization-Path Results,tab:path_anchor_complementary,tab:path_anchor_complementary,L3936|tab:path_anchor_complementary|row=Ordinary LightGBM|col=COV,3936,ACTIVE,Ordinary LightGBM & -- & 0.929 & \textbf{0.989} & 0.924 & \textbf{21.6\%} & \textbf{39.7\%} & -0.150 & \textbf{0.119} & ,8f0574a90594eb2bafea25d9bc3c646f73ac8d9364b9541116a08c5f2fdac318,Ordinary LightGBM,COV,analysis/p0_major_revision_validation/tables/zero_control_full.csv,csv,331f696ba78da1dcdd1553d0a824e1d1f752949459f301a0fb11413fad3a61ec,P0_STAGE_1_5_G2,cell_id=A;evaluation=heldout,RECOMPUTED,0.39727575972644413,percent,identity,percent,half_up:1,0.4,ATTAINED,A,WORKFLOW_BENCHMARK,DESCRIPTIVE,NOT_APPLICABLE,IAAO_2013_ADOPTED,
N-baselinecomp-DeltaNL-forward_2025,baseline,DeltaNL,Appendix subsection: Complete Regularization-Path Results,tab:ccao_baseline_complementary,tab:ccao_baseline_complementary,L3817|tab:ccao_baseline_complementary|row=Ordinary LightGBM|col=$\Delta_{\mathrm{NL}}$,3817,ACTIVE,\baselinecompmetric{$\Delta_{\mathrm{NL}}$} & 0.131 & \textbf{0.119} & 0.122 & \textbf{0.121} \\,cd5dc1496e8023858ab2da74ce882e9ac03bdf18e51253622913905ed5e9daf1,Ordinary LightGBM,$\Delta_{\mathrm{NL}}$,analysis/p0_major_revision_validation/tables/zero_control_full.csv,csv,331f696ba78da1dcdd1553d0a824e1d1f752949459f301a0fb11413fad3a61ec,P0_STAGE_1_5_G2,cell_id=A;evaluation=forward_2025,RECOMPUTED,0.1211748614653884,dimensionless,identity,dimensionless,half_up:3,0.121,ATTAINED,A,WORKFLOW_BENCHMARK,DESCRIPTIVE,NOT_APPLICABLE,NOT_APPLICABLE,
N-baselinecomp-DeltaNL-forward_2025,path_anchor,DeltaNL,Appendix subsection: Complete Regularization-Path Results,tab:path_anchor_complementary,tab:path_anchor_complementary,L3964|tab:path_anchor_complementary|row=Ordinary LightGBM|col=$\Delta_{\mathrm{NL}}$,3964,ACTIVE,Ordinary LightGBM & -- & 0.950 & \textbf{1.015} & 0.941 & \textbf{21.3\%} & \textbf{37.2\%} & -0.164 & \textbf{0.121} & ,7fe854b155668b6b96dae398d612d357dfbe51512ebba016f5c6c2f2318f4b05,Ordinary LightGBM,$\Delta_{\mathrm{NL}}$,analysis/p0_major_revision_validation/tables/zero_control_full.csv,csv,331f696ba78da1dcdd1553d0a824e1d1f752949459f301a0fb11413fad3a61ec,P0_STAGE_1_5_G2,cell_id=A;evaluation=forward_2025,RECOMPUTED,0.1211748614653884,dimensionless,identity,dimensionless,half_up:3,0.121,ATTAINED,A,WORKFLOW_BENCHMARK,DESCRIPTIVE,NOT_APPLICABLE,NOT_APPLICABLE,
N-baselinecomp-DeltaNL-heldout,baseline,DeltaNL,Appendix subsection: Complete Regularization-Path Results,tab:ccao_baseline_complementary,tab:ccao_baseline_complementary,L3817|tab:ccao_baseline_complementary|row=Ordinary LightGBM|col=$\Delta_{\mathrm{NL}}$,3817,ACTIVE,\baselinecompmetric{$\Delta_{\mathrm{NL}}$} & 0.131 & \textbf{0.119} & 0.122 & \textbf{0.121} \\,cd5dc1496e8023858ab2da74ce882e9ac03bdf18e51253622913905ed5e9daf1,Ordinary LightGBM,$\Delta_{\mathrm{NL}}$,analysis/p0_major_revision_validation/tables/zero_control_full.csv,csv,331f696ba78da1dcdd1553d0a824e1d1f752949459f301a0fb11413fad3a61ec,P0_STAGE_1_5_G2,cell_id=A;evaluation=heldout,RECOMPUTED,0.1186617623774349,dimensionless,identity,dimensionless,half_up:3,0.119,ATTAINED,A,WORKFLOW_BENCHMARK,DESCRIPTIVE,NOT_APPLICABLE,NOT_APPLICABLE,
N-baselinecomp-DeltaNL-heldout,path_anchor,DeltaNL,Appendix subsection: Complete Regularization-Path Results,tab:path_anchor_complementary,tab:path_anchor_complementary,L3936|tab:path_anchor_complementary|row=Ordinary LightGBM|col=$\Delta_{\mathrm{NL}}$,3936,ACTIVE,Ordinary LightGBM & -- & 0.929 & \textbf{0.989} & 0.924 & \textbf{21.6\%} & \textbf{39.7\%} & -0.150 & \textbf{0.119} & ,8f0574a90594eb2bafea25d9bc3c646f73ac8d9364b9541116a08c5f2fdac318,Ordinary LightGBM,$\Delta_{\mathrm{NL}}$,analysis/p0_major_revision_validation/tables/zero_control_full.csv,csv,331f696ba78da1dcdd1553d0a824e1d1f752949459f301a0fb11413fad3a61ec,P0_STAGE_1_5_G2,cell_id=A;evaluation=heldout,RECOMPUTED,0.1186617623774349,dimensionless,identity,dimensionless,half_up:3,0.119,ATTAINED,A,WORKFLOW_BENCHMARK,DESCRIPTIVE,NOT_APPLICABLE,NOT_APPLICABLE,
N-baselinecomp-betalog-forward_2025,baseline,betalog,Appendix subsection: Complete Regularization-Path Results,tab:ccao_baseline_complementary,tab:ccao_baseline_complementary,L3816|tab:ccao_baseline_complementary|row=Ordinary LightGBM|col=$\beta_{\log}$,3816,ACTIVE,\baselinecompmetric{$\beta_{\log}$} & \textbf{-0.092} & -0.150 & \textbf{-0.109} & -0.164 \\,f30c78894451a2f660a8745887d3f11f2493d5f271c487b02859826884ff601d,Ordinary LightGBM,$\beta_{\log}$,analysis/p0_major_revision_validation/tables/zero_control_full.csv,csv,331f696ba78da1dcdd1553d0a824e1d1f752949459f301a0fb11413fad3a61ec,P0_STAGE_1_5_G2,cell_id=A;evaluation=forward_2025,RECOMPUTED,-0.16408369300241366,coefficient,identity,coefficient,half_up:3,-0.164,ATTAINED,A,WORKFLOW_BENCHMARK,DESCRIPTIVE,NOT_APPLICABLE,NOT_APPLICABLE,
N-baselinecomp-betalog-forward_2025,path_anchor,betalog,Appendix subsection: Complete Regularization-Path Results,tab:path_anchor_complementary,tab:path_anchor_complementary,L3964|tab:path_anchor_complementary|row=Ordinary LightGBM|col=$\beta_{\log}$,3964,ACTIVE,Ordinary LightGBM & -- & 0.950 & \textbf{1.015} & 0.941 & \textbf{21.3\%} & \textbf{37.2\%} & -0.164 & \textbf{0.121} & ,7fe854b155668b6b96dae398d612d357dfbe51512ebba016f5c6c2f2318f4b05,Ordinary LightGBM,$\beta_{\log}$,analysis/p0_major_revision_validation/tables/zero_control_full.csv,csv,331f696ba78da1dcdd1553d0a824e1d1f752949459f301a0fb11413fad3a61ec,P0_STAGE_1_5_G2,cell_id=A;evaluation=forward_2025,RECOMPUTED,-0.16408369300241366,coefficient,identity,coefficient,half_up:3,-0.164,ATTAINED,A,WORKFLOW_BENCHMARK,DESCRIPTIVE,NOT_APPLICABLE,NOT_APPLICABLE,
N-baselinecomp-betalog-heldout,baseline,betalog,Appendix subsection: Complete Regularization-Path Results,tab:ccao_baseline_complementary,tab:ccao_baseline_complementary,L3816|tab:ccao_baseline_complementary|row=Ordinary LightGBM|col=$\beta_{\log}$,3816,ACTIVE,\baselinecompmetric{$\beta_{\log}$} & \textbf{-0.092} & -0.150 & \textbf{-0.109} & -0.164 \\,f30c78894451a2f660a8745887d3f11f2493d5f271c487b02859826884ff601d,Ordinary LightGBM,$\beta_{\log}$,analysis/p0_major_revision_validation/tables/zero_control_full.csv,csv,331f696ba78da1dcdd1553d0a824e1d1f752949459f301a0fb11413fad3a61ec,P0_STAGE_1_5_G2,cell_id=A;evaluation=heldout,RECOMPUTED,-0.14959933383304838,coefficient,identity,coefficient,half_up:3,-0.150,ATTAINED,A,WORKFLOW_BENCHMARK,DESCRIPTIVE,NOT_APPLICABLE,NOT_APPLICABLE,
N-baselinecomp-betalog-heldout,path_anchor,betalog,Appendix subsection: Complete Regularization-Path Results,tab:path_anchor_complementary,tab:path_anchor_complementary,L3936|tab:path_anchor_complementary|row=Ordinary LightGBM|col=$\beta_{\log}$,3936,ACTIVE,Ordinary LightGBM & -- & 0.929 & \textbf{0.989} & 0.924 & \textbf{21.6\%} & \textbf{39.7\%} & -0.150 & \textbf{0.119} & ,8f0574a90594eb2bafea25d9bc3c646f73ac8d9364b9541116a08c5f2fdac318,Ordinary LightGBM,$\beta_{\log}$,analysis/p0_major_revision_validation/tables/zero_control_full.csv,csv,331f696ba78da1dcdd1553d0a824e1d1f752949459f301a0fb11413fad3a61ec,P0_STAGE_1_5_G2,cell_id=A;evaluation=heldout,RECOMPUTED,-0.14959933383304838,coefficient,identity,coefficient,half_up:3,-0.150,ATTAINED,A,WORKFLOW_BENCHMARK,DESCRIPTIVE,NOT_APPLICABLE,NOT_APPLICABLE,
N-baselinecomp-dCor-forward_2025,baseline,dCor,Appendix subsection: Complete Regularization-Path Results,tab:ccao_baseline_complementary,tab:ccao_baseline_complementary,"L3818|tab:ccao_baseline_complementary|row=Ordinary LightGBM|col=$\operatorname{dCor}(e,y)$",3818,ACTIVE,"\baselinecompmetric{$\operatorname{dCor}(e,y)$} & \textbf{0.250} & 0.387 & \textbf{0.269} & 0.422 \\",e8099f2a639ecc48670af6f7f1531590bb545d6585b4de36812bb810cd46a8ae,Ordinary LightGBM,"$\operatorname{dCor}(e,y)$",analysis/p0_major_revision_validation/tables/zero_control_full.csv,csv,331f696ba78da1dcdd1553d0a824e1d1f752949459f301a0fb11413fad3a61ec,P0_STAGE_1_5_G2,cell_id=A;evaluation=forward_2025,RECOMPUTED,0.42203804703350506,dimensionless,identity,dimensionless,half_up:3,0.422,ATTAINED,A,WORKFLOW_BENCHMARK,DESCRIPTIVE,NOT_APPLICABLE,NOT_APPLICABLE,
N-baselinecomp-dCor-forward_2025,path_anchor,dCor,Appendix subsection: Complete Regularization-Path Results,tab:path_anchor_complementary,tab:path_anchor_complementary,"L3964|tab:path_anchor_complementary|row=Ordinary LightGBM|col=$\operatorname{dCor}(e,y)$",3964,ACTIVE,Ordinary LightGBM & -- & 0.950 & \textbf{1.015} & 0.941 & \textbf{21.3\%} & \textbf{37.2\%} & -0.164 & \textbf{0.121} & ,7fe854b155668b6b96dae398d612d357dfbe51512ebba016f5c6c2f2318f4b05,Ordinary LightGBM,"$\operatorname{dCor}(e,y)$",analysis/p0_major_revision_validation/tables/zero_control_full.csv,csv,331f696ba78da1dcdd1553d0a824e1d1f752949459f301a0fb11413fad3a61ec,P0_STAGE_1_5_G2,cell_id=A;evaluation=forward_2025,RECOMPUTED,0.42203804703350506,dimensionless,identity,dimensionless,half_up:3,0.422,ATTAINED,A,WORKFLOW_BENCHMARK,DESCRIPTIVE,NOT_APPLICABLE,NOT_APPLICABLE,
N-baselinecomp-dCor-heldout,baseline,dCor,Appendix subsection: Complete Regularization-Path Results,tab:ccao_baseline_complementary,tab:ccao_baseline_complementary,"L3818|tab:ccao_baseline_complementary|row=Ordinary LightGBM|col=$\operatorname{dCor}(e,y)$",3818,ACTIVE,"\baselinecompmetric{$\operatorname{dCor}(e,y)$} & \textbf{0.250} & 0.387 & \textbf{0.269} & 0.422 \\",e8099f2a639ecc48670af6f7f1531590bb545d6585b4de36812bb810cd46a8ae,Ordinary LightGBM,"$\operatorname{dCor}(e,y)$",analysis/p0_major_revision_validation/tables/zero_control_full.csv,csv,331f696ba78da1dcdd1553d0a824e1d1f752949459f301a0fb11413fad3a61ec,P0_STAGE_1_5_G2,cell_id=A;evaluation=heldout,RECOMPUTED,0.3870871940418131,dimensionless,identity,dimensionless,half_up:3,0.387,ATTAINED,A,WORKFLOW_BENCHMARK,DESCRIPTIVE,NOT_APPLICABLE,NOT_APPLICABLE,
N-baselinecomp-dCor-heldout,path_anchor,dCor,Appendix subsection: Complete Regularization-Path Results,tab:path_anchor_complementary,tab:path_anchor_complementary,"L3936|tab:path_anchor_complementary|row=Ordinary LightGBM|col=$\operatorname{dCor}(e,y)$",3936,ACTIVE,Ordinary LightGBM & -- & 0.929 & \textbf{0.989} & 0.924 & \textbf{21.6\%} & \textbf{39.7\%} & -0.150 & \textbf{0.119} & ,8f0574a90594eb2bafea25d9bc3c646f73ac8d9364b9541116a08c5f2fdac318,Ordinary LightGBM,"$\operatorname{dCor}(e,y)$",analysis/p0_major_revision_validation/tables/zero_control_full.csv,csv,331f696ba78da1dcdd1553d0a824e1d1f752949459f301a0fb11413fad3a61ec,P0_STAGE_1_5_G2,cell_id=A;evaluation=heldout,RECOMPUTED,0.3870871940418131,dimensionless,identity,dimensionless,half_up:3,0.387,ATTAINED,A,WORKFLOW_BENCHMARK,DESCRIPTIVE,NOT_APPLICABLE,NOT_APPLICABLE,
N-baselinecomp-meanratio-forward_2025,baseline,meanratio,Appendix subsection: Complete Regularization-Path Results,tab:ccao_baseline_complementary,tab:ccao_baseline_complementary,L3806|tab:ccao_baseline_complementary|row=Ordinary LightGBM|col=Mean $r$,3806,ACTIVE,\baselinecompmetric{Mean ratio $\bar r_S$} & 1.020 & \textbf{0.989} & 1.081 & \textbf{1.015} \\,c822789a96f43b369312f94bed4fccbd84f3c20a84f0b52b0a4761bdaee0b41d,Ordinary LightGBM,Mean $r$,analysis/p0_major_revision_validation/tables/zero_control_full.csv,csv,331f696ba78da1dcdd1553d0a824e1d1f752949459f301a0fb11413fad3a61ec,P0_STAGE_1_5_G2,cell_id=A;evaluation=forward_2025,RECOMPUTED,1.0154717610789832,ratio,identity,ratio,half_up:3,1.015,ATTAINED,A,WORKFLOW_BENCHMARK,DESCRIPTIVE,NOT_APPLICABLE,IAAO_2013_ADOPTED,
N-baselinecomp-meanratio-forward_2025,path_anchor,meanratio,Appendix subsection: Complete Regularization-Path Results,tab:path_anchor_complementary,tab:path_anchor_complementary,L3964|tab:path_anchor_complementary|row=Ordinary LightGBM|col=Mean $r$,3964,ACTIVE,Ordinary LightGBM & -- & 0.950 & \textbf{1.015} & 0.941 & \textbf{21.3\%} & \textbf{37.2\%} & -0.164 & \textbf{0.121} & ,7fe854b155668b6b96dae398d612d357dfbe51512ebba016f5c6c2f2318f4b05,Ordinary LightGBM,Mean $r$,analysis/p0_major_revision_validation/tables/zero_control_full.csv,csv,331f696ba78da1dcdd1553d0a824e1d1f752949459f301a0fb11413fad3a61ec,P0_STAGE_1_5_G2,cell_id=A;evaluation=forward_2025,RECOMPUTED,1.0154717610789832,ratio,identity,ratio,half_up:3,1.015,ATTAINED,A,WORKFLOW_BENCHMARK,DESCRIPTIVE,NOT_APPLICABLE,IAAO_2013_ADOPTED,
N-baselinecomp-meanratio-heldout,baseline,meanratio,Appendix subsection: Complete Regularization-Path Results,tab:ccao_baseline_complementary,tab:ccao_baseline_complementary,L3806|tab:ccao_baseline_complementary|row=Ordinary LightGBM|col=Mean $r$,3806,ACTIVE,\baselinecompmetric{Mean ratio $\bar r_S$} & 1.020 & \textbf{0.989} & 1.081 & \textbf{1.015} \\,c822789a96f43b369312f94bed4fccbd84f3c20a84f0b52b0a4761bdaee0b41d,Ordinary LightGBM,Mean $r$,analysis/p0_major_revision_validation/tables/zero_control_full.csv,csv,331f696ba78da1dcdd1553d0a824e1d1f752949459f301a0fb11413fad3a61ec,P0_STAGE_1_5_G2,cell_id=A;evaluation=heldout,RECOMPUTED,0.9886469043897368,ratio,identity,ratio,half_up:3,0.989,ATTAINED,A,WORKFLOW_BENCHMARK,DESCRIPTIVE,NOT_APPLICABLE,IAAO_2013_ADOPTED,
N-baselinecomp-meanratio-heldout,path_anchor,meanratio,Appendix subsection: Complete Regularization-Path Results,tab:path_anchor_complementary,tab:path_anchor_complementary,L3936|tab:path_anchor_complementary|row=Ordinary LightGBM|col=Mean $r$,3936,ACTIVE,Ordinary LightGBM & -- & 0.929 & \textbf{0.989} & 0.924 & \textbf{21.6\%} & \textbf{39.7\%} & -0.150 & \textbf{0.119} & ,8f0574a90594eb2bafea25d9bc3c646f73ac8d9364b9541116a08c5f2fdac318,Ordinary LightGBM,Mean $r$,analysis/p0_major_revision_validation/tables/zero_control_full.csv,csv,331f696ba78da1dcdd1553d0a824e1d1f752949459f301a0fb11413fad3a61ec,P0_STAGE_1_5_G2,cell_id=A;evaluation=heldout,RECOMPUTED,0.9886469043897368,ratio,identity,ratio,half_up:3,0.989,ATTAINED,A,WORKFLOW_BENCHMARK,DESCRIPTIVE,NOT_APPLICABLE,IAAO_2013_ADOPTED,
N-baselinecomp-medianratio-forward_2025,baseline,medianratio,Appendix subsection: Complete Regularization-Path Results,tab:ccao_baseline_complementary,tab:ccao_baseline_complementary,L3805|tab:ccao_baseline_complementary|row=Ordinary LightGBM|col=Median $r$,3805,ACTIVE,\baselinecompmetric{Median ratio $m_S$} & \textbf{0.969} & 0.929 & \textbf{1.020} & 0.950 \\,2d5d06d0d0139dd39c0c317459a101cb73864102cdf203295567760fe4559145,Ordinary LightGBM,Median $r$,analysis/p0_major_revision_validation/tables/zero_control_full.csv,csv,331f696ba78da1dcdd1553d0a824e1d1f752949459f301a0fb11413fad3a61ec,P0_STAGE_1_5_G2,cell_id=A;evaluation=forward_2025,RECOMPUTED,0.950316022231903,ratio,identity,ratio,half_up:3,0.950,ATTAINED,A,WORKFLOW_BENCHMARK,DESCRIPTIVE,NOT_APPLICABLE,IAAO_2013_ADOPTED,
N-baselinecomp-medianratio-forward_2025,path_anchor,medianratio,Appendix subsection: Complete Regularization-Path Results,tab:path_anchor_complementary,tab:path_anchor_complementary,L3964|tab:path_anchor_complementary|row=Ordinary LightGBM|col=Median $r$,3964,ACTIVE,Ordinary LightGBM & -- & 0.950 & \textbf{1.015} & 0.941 & \textbf{21.3\%} & \textbf{37.2\%} & -0.164 & \textbf{0.121} & ,7fe854b155668b6b96dae398d612d357dfbe51512ebba016f5c6c2f2318f4b05,Ordinary LightGBM,Median $r$,analysis/p0_major_revision_validation/tables/zero_control_full.csv,csv,331f696ba78da1dcdd1553d0a824e1d1f752949459f301a0fb11413fad3a61ec,P0_STAGE_1_5_G2,cell_id=A;evaluation=forward_2025,RECOMPUTED,0.950316022231903,ratio,identity,ratio,half_up:3,0.950,ATTAINED,A,WORKFLOW_BENCHMARK,DESCRIPTIVE,NOT_APPLICABLE,IAAO_2013_ADOPTED,
N-baselinecomp-medianratio-heldout,baseline,medianratio,Appendix subsection: Complete Regularization-Path Results,tab:ccao_baseline_complementary,tab:ccao_baseline_complementary,L3805|tab:ccao_baseline_complementary|row=Ordinary LightGBM|col=Median $r$,3805,ACTIVE,\baselinecompmetric{Median ratio $m_S$} & \textbf{0.969} & 0.929 & \textbf{1.020} & 0.950 \\,2d5d06d0d0139dd39c0c317459a101cb73864102cdf203295567760fe4559145,Ordinary LightGBM,Median $r$,analysis/p0_major_revision_validation/tables/zero_control_full.csv,csv,331f696ba78da1dcdd1553d0a824e1d1f752949459f301a0fb11413fad3a61ec,P0_STAGE_1_5_G2,cell_id=A;evaluation=heldout,RECOMPUTED,0.9287707502891178,ratio,identity,ratio,half_up:3,0.929,ATTAINED,A,WORKFLOW_BENCHMARK,DESCRIPTIVE,NOT_APPLICABLE,IAAO_2013_ADOPTED,
N-baselinecomp-medianratio-heldout,path_anchor,medianratio,Appendix subsection: Complete Regularization-Path Results,tab:path_anchor_complementary,tab:path_anchor_complementary,L3936|tab:path_anchor_complementary|row=Ordinary LightGBM|col=Median $r$,3936,ACTIVE,Ordinary LightGBM & -- & 0.929 & \textbf{0.989} & 0.924 & \textbf{21.6\%} & \textbf{39.7\%} & -0.150 & \textbf{0.119} & ,8f0574a90594eb2bafea25d9bc3c646f73ac8d9364b9541116a08c5f2fdac318,Ordinary LightGBM,Median $r$,analysis/p0_major_revision_validation/tables/zero_control_full.csv,csv,331f696ba78da1dcdd1553d0a824e1d1f752949459f301a0fb11413fad3a61ec,P0_STAGE_1_5_G2,cell_id=A;evaluation=heldout,RECOMPUTED,0.9287707502891178,ratio,identity,ratio,half_up:3,0.929,ATTAINED,A,WORKFLOW_BENCHMARK,DESCRIPTIVE,NOT_APPLICABLE,IAAO_2013_ADOPTED,
N-baselinecomp-wmeanratio-forward_2025,baseline,wmeanratio,Appendix subsection: Complete Regularization-Path Results,tab:ccao_baseline_complementary,tab:ccao_baseline_complementary,L3807|tab:ccao_baseline_complementary|row=Ordinary LightGBM|col=W. mean $r$,3807,ACTIVE,"\baselinecompmetric{Weighted mean $\bar r_{W,S}$} & \textbf{0.979} & 0.924 & \textbf{1.027} & 0.941 \\",ebc0b30a0adbdfd64950e11f3be3d184e01d34ba954fb5eed5aefa34f13b9c98,Ordinary LightGBM,W. mean $r$,analysis/p0_major_revision_validation/tables/zero_control_full.csv,csv,331f696ba78da1dcdd1553d0a824e1d1f752949459f301a0fb11413fad3a61ec,P0_STAGE_1_5_G2,cell_id=A;evaluation=forward_2025,RECOMPUTED,0.940907119774355,ratio,identity,ratio,half_up:3,0.941,ATTAINED,A,WORKFLOW_BENCHMARK,DESCRIPTIVE,NOT_APPLICABLE,IAAO_2013_ADOPTED,
N-baselinecomp-wmeanratio-forward_2025,path_anchor,wmeanratio,Appendix subsection: Complete Regularization-Path Results,tab:path_anchor_complementary,tab:path_anchor_complementary,L3964|tab:path_anchor_complementary|row=Ordinary LightGBM|col=W. mean $r$,3964,ACTIVE,Ordinary LightGBM & -- & 0.950 & \textbf{1.015} & 0.941 & \textbf{21.3\%} & \textbf{37.2\%} & -0.164 & \textbf{0.121} & ,7fe854b155668b6b96dae398d612d357dfbe51512ebba016f5c6c2f2318f4b05,Ordinary LightGBM,W. mean $r$,analysis/p0_major_revision_validation/tables/zero_control_full.csv,csv,331f696ba78da1dcdd1553d0a824e1d1f752949459f301a0fb11413fad3a61ec,P0_STAGE_1_5_G2,cell_id=A;evaluation=forward_2025,RECOMPUTED,0.940907119774355,ratio,identity,ratio,half_up:3,0.941,ATTAINED,A,WORKFLOW_BENCHMARK,DESCRIPTIVE,NOT_APPLICABLE,IAAO_2013_ADOPTED,
N-baselinecomp-wmeanratio-heldout,baseline,wmeanratio,Appendix subsection: Complete Regularization-Path Results,tab:ccao_baseline_complementary,tab:ccao_baseline_complementary,L3807|tab:ccao_baseline_complementary|row=Ordinary LightGBM|col=W. mean $r$,3807,ACTIVE,"\baselinecompmetric{Weighted mean $\bar r_{W,S}$} & \textbf{0.979} & 0.924 & \textbf{1.027} & 0.941 \\",ebc0b30a0adbdfd64950e11f3be3d184e01d34ba954fb5eed5aefa34f13b9c98,Ordinary LightGBM,W. mean $r$,analysis/p0_major_revision_validation/tables/zero_control_full.csv,csv,331f696ba78da1dcdd1553d0a824e1d1f752949459f301a0fb11413fad3a61ec,P0_STAGE_1_5_G2,cell_id=A;evaluation=heldout,RECOMPUTED,0.9244032970294538,ratio,identity,ratio,half_up:3,0.924,ATTAINED,A,WORKFLOW_BENCHMARK,DESCRIPTIVE,NOT_APPLICABLE,IAAO_2013_ADOPTED,
N-baselinecomp-wmeanratio-heldout,path_anchor,wmeanratio,Appendix subsection: Complete Regularization-Path Results,tab:path_anchor_complementary,tab:path_anchor_complementary,L3936|tab:path_anchor_complementary|row=Ordinary LightGBM|col=W. mean $r$,3936,ACTIVE,Ordinary LightGBM & -- & 0.929 & \textbf{0.989} & 0.924 & \textbf{21.6\%} & \textbf{39.7\%} & -0.150 & \textbf{0.119} & ,8f0574a90594eb2bafea25d9bc3c646f73ac8d9364b9541116a08c5f2fdac318,Ordinary LightGBM,W. mean $r$,analysis/p0_major_revision_validation/tables/zero_control_full.csv,csv,331f696ba78da1dcdd1553d0a824e1d1f752949459f301a0fb11413fad3a61ec,P0_STAGE_1_5_G2,cell_id=A;evaluation=heldout,RECOMPUTED,0.9244032970294538,ratio,identity,ratio,half_up:3,0.924,ATTAINED,A,WORKFLOW_BENCHMARK,DESCRIPTIVE,NOT_APPLICABLE,IAAO_2013_ADOPTED,
N-dcor-bias-corrected,dcor,bias_corrected_passed,Appendix subsection: Mechanism and residual-structure diagnostics,,eq:nonlinearity_gap_estimator,L3226|eq:nonlinearity_gap_estimator|row=dCor|col=bias_corrected passed,3226,ACTIVE,\todo{Confirm and archive the exact finite-sample distance-correlation implementation,63f4eca8b17ef9d50a78a2cbdbc56bfe54238bdd374291cd9435b7690f3e3285,dCor,bias_corrected passed,analysis/p1_inferential_reporting/tables/dcor_estimator_facts.json,json,175bf4ca7eb597ecfb47872a2288766d36cbdaafdf5faaa0eb77761503463a94,P1_DCOR,$.bias_corrected_passed,RECOMPUTED,false,boolean,identity,boolean,verbatim,false,ATTAINED,NONE,NOT_APPLICABLE,PRIMARY,NOT_APPLICABLE,NOT_APPLICABLE,
N-dcor-estimator-class,dcor,estimator_class,Appendix subsection: Mechanism and residual-structure diagnostics,,eq:nonlinearity_gap_estimator,L3226|eq:nonlinearity_gap_estimator|row=dCor|col=estimator class,3226,ACTIVE,\todo{Confirm and archive the exact finite-sample distance-correlation implementation,63f4eca8b17ef9d50a78a2cbdbc56bfe54238bdd374291cd9435b7690f3e3285,dCor,estimator class,analysis/p1_inferential_reporting/tables/dcor_estimator_facts.json,json,175bf4ca7eb597ecfb47872a2288766d36cbdaafdf5faaa0eb77761503463a94,P1_DCOR,$.estimator_class,RECOMPUTED,BIASED / V-statistic (double-centered),status,identity,status,verbatim,BIASED / V-statistic (double-centered),ATTAINED,NONE,NOT_APPLICABLE,PRIMARY,NOT_APPLICABLE,NOT_APPLICABLE,
N-dcor-function,dcor,function_called,Appendix subsection: Mechanism and residual-structure diagnostics,,eq:nonlinearity_gap_estimator,L3226|eq:nonlinearity_gap_estimator|row=dCor|col=function,3226,ACTIVE,\todo{Confirm and archive the exact finite-sample distance-correlation implementation,63f4eca8b17ef9d50a78a2cbdbc56bfe54238bdd374291cd9435b7690f3e3285,dCor,function,analysis/p1_inferential_reporting/tables/dcor_estimator_facts.json,json,175bf4ca7eb597ecfb47872a2288766d36cbdaafdf5faaa0eb77761503463a94,P1_DCOR,$.function_called,RECOMPUTED,dcor.distance_correlation,status,identity,status,verbatim,dcor.distance_correlation,ATTAINED,NONE,NOT_APPLICABLE,PRIMARY,NOT_APPLICABLE,NOT_APPLICABLE,
N-dcor-residual-convention,dcor,residual_convention,Appendix subsection: Mechanism and residual-structure diagnostics,,eq:nonlinearity_gap_estimator,L3226|eq:nonlinearity_gap_estimator|row=dCor|col=residual convention,3226,ACTIVE,\todo{Confirm and archive the exact finite-sample distance-correlation implementation,63f4eca8b17ef9d50a78a2cbdbc56bfe54238bdd374291cd9435b7690f3e3285,dCor,residual convention,analysis/p1_inferential_reporting/tables/dcor_estimator_facts.json,json,175bf4ca7eb597ecfb47872a2288766d36cbdaafdf5faaa0eb77761503463a94,P1_DCOR,$.residual_convention,RECOMPUTED,e = y_pred_log - y_true_log,status,identity,status,verbatim,e = y_pred_log - y_true_log,ATTAINED,NONE,NOT_APPLICABLE,PRIMARY,NOT_APPLICABLE,NOT_APPLICABLE,"dCor uses e = y_pred_log - y_true_log. This is NOT the Duan smearing convention, which is exp(y_true_log - y_pred_log). The two signs must not be conflated."
N-dcor-version,dcor,version_installed,Appendix subsection: Mechanism and residual-structure diagnostics,,eq:nonlinearity_gap_estimator,L3226|eq:nonlinearity_gap_estimator|row=dCor|col=dcor version,3226,ACTIVE,\todo{Confirm and archive the exact finite-sample distance-correlation implementation,63f4eca8b17ef9d50a78a2cbdbc56bfe54238bdd374291cd9435b7690f3e3285,dCor,dcor version,analysis/p1_inferential_reporting/tables/dcor_estimator_facts.json,json,175bf4ca7eb597ecfb47872a2288766d36cbdaafdf5faaa0eb77761503463a94,P1_DCOR,$.version_installed,RECOMPUTED,0.6,status,identity,status,verbatim,0.6,ATTAINED,NONE,NOT_APPLICABLE,PRIMARY,NOT_APPLICABLE,NOT_APPLICABLE,
N-design-n-development,design,n_sales,subsection: Baseline Comparison and Empirical Motivation,,tab:ccao_baseline_results,L1279|tab:ccao_baseline_results|row=development|col=n,1279,ACTIVE,"For the held-out evaluation, both models are fit on the 344,607-sale development pool.",c64f27f9b60553127c28ac226a7ddc1f3fe324488d428d6f52a0e08524cf9661,development,n,analysis/p0_major_revision_validation/provenance/PREFLIGHT.json,json,ce4a46f06f42c07e32e065f7984a48963a87750582b60e309a09fa998dbe7cb2,P0_PROVENANCE,$.canonical_sample_counts_expected.development,RECOMPUTED,344607,count,identity,count,usd_comma:0,"344,607",ATTAINED,NONE,NOT_APPLICABLE,NOT_APPLICABLE,evaluation_cell,NOT_APPLICABLE,"PREFLIGHT.json records the canonical sample counts the whole frozen stage was validated against, so these are the authoritative design constants."
N-design-n-development,design,n_sales,"subsection: The CCAO Residential Pipeline: Application, Data, and Implementation",,subsec:ccao_design,L1907|subsec:ccao_design|row=development|col=n,1907,ACTIVE,"\newtext{Eligible 2016--2024 sales are ordered chronologically. The oldest 90\% (344,607 sales, through 2023-11-09) form",84bfc7a3f4727fa46165bd4243fb767d3ea34fbbf854a7ddb40c5e520fcdb073,development,n,analysis/p0_major_revision_validation/provenance/PREFLIGHT.json,json,ce4a46f06f42c07e32e065f7984a48963a87750582b60e309a09fa998dbe7cb2,P0_PROVENANCE,$.canonical_sample_counts_expected.development,RECOMPUTED,344607,count,identity,count,usd_comma:0,"344,607",ATTAINED,NONE,NOT_APPLICABLE,NOT_APPLICABLE,evaluation_cell,NOT_APPLICABLE,"PREFLIGHT.json records the canonical sample counts the whole frozen stage was validated against, so these are the authoritative design constants."
N-design-n-development,design,n_sales,"subsection: The CCAO Residential Pipeline: Application, Data, and Implementation",,tab:ccao_samples,L1922|tab:ccao_samples|row=development|col=n,1922,ACTIVE,"Development / validation & 2016-01-01--2023-11-09 & 344,607 \\",e4bc73b43656190c03dd049b43488afbf03bf819801ed98f7abd5adfbe9ad23f,development,n,analysis/p0_major_revision_validation/provenance/PREFLIGHT.json,json,ce4a46f06f42c07e32e065f7984a48963a87750582b60e309a09fa998dbe7cb2,P0_PROVENANCE,$.canonical_sample_counts_expected.development,RECOMPUTED,344607,count,identity,count,usd_comma:0,"344,607",ATTAINED,NONE,NOT_APPLICABLE,NOT_APPLICABLE,evaluation_cell,NOT_APPLICABLE,"PREFLIGHT.json records the canonical sample counts the whole frozen stage was validated against, so these are the authoritative design constants."
N-design-n-development,design,n_sales,subsection: Temporal Validation and Regularization-Path Design,,subsec:path_design,L2011|subsec:path_design|row=development|col=n,2011,ACTIVE,"344,607-sale development pool and evaluated on the 38,290-sale held-out sample. For",4beec50858c4f401d6d58de888d8de4981cf4705075fbea709b8247893281f97,development,n,analysis/p0_major_revision_validation/provenance/PREFLIGHT.json,json,ce4a46f06f42c07e32e065f7984a48963a87750582b60e309a09fa998dbe7cb2,P0_PROVENANCE,$.canonical_sample_counts_expected.development,RECOMPUTED,344607,count,identity,count,usd_comma:0,"344,607",ATTAINED,NONE,NOT_APPLICABLE,NOT_APPLICABLE,evaluation_cell,NOT_APPLICABLE,"PREFLIGHT.json records the canonical sample counts the whole frozen stage was validated against, so these are the authoritative design constants."
N-design-n-development,design,n_sales,subsection: Temporal Validation and Regularization-Path Design,,tab:ccao_design,L2034|tab:ccao_design|row=development|col=n,2034,ACTIVE,"Development / CV & Oldest 90\% of eligible 2016--2024 sales: 344,607, through 2023-11-09 \\",6592e8d248a9fdaa507e6ab7479a72505b4c28153fb2f3cba71927616377afe9,development,n,analysis/p0_major_revision_validation/provenance/PREFLIGHT.json,json,ce4a46f06f42c07e32e065f7984a48963a87750582b60e309a09fa998dbe7cb2,P0_PROVENANCE,$.canonical_sample_counts_expected.development,RECOMPUTED,344607,count,identity,count,usd_comma:0,"344,607",ATTAINED,NONE,NOT_APPLICABLE,NOT_APPLICABLE,evaluation_cell,NOT_APPLICABLE,"PREFLIGHT.json records the canonical sample counts the whole frozen stage was validated against, so these are the authoritative design constants."
N-design-n-forward_2025,design,n_sales,"subsection: The CCAO Residential Pipeline: Application, Data, and Implementation",,subsec:ccao_design,L1907|subsec:ccao_design|row=forward_2025|col=n,1907,ACTIVE,"\newtext{Eligible 2016--2024 sales are ordered chronologically. The oldest 90\% (344,607 sales, through 2023-11-09) form",84bfc7a3f4727fa46165bd4243fb767d3ea34fbbf854a7ddb40c5e520fcdb073,forward_2025,n,analysis/p0_major_revision_validation/provenance/PREFLIGHT.json,json,ce4a46f06f42c07e32e065f7984a48963a87750582b60e309a09fa998dbe7cb2,P0_PROVENANCE,$.canonical_sample_counts_expected.forward_2025,RECOMPUTED,26641,count,identity,count,usd_comma:0,"26,641",ATTAINED,NONE,NOT_APPLICABLE,NOT_APPLICABLE,evaluation_cell,NOT_APPLICABLE,"PREFLIGHT.json records the canonical sample counts the whole frozen stage was validated against, so these are the authoritative design constants."
N-design-n-forward_2025,design,n_sales,"subsection: The CCAO Residential Pipeline: Application, Data, and Implementation",,tab:ccao_samples,L1929|tab:ccao_samples|row=forward_2025|col=n,1929,ACTIVE,"Secondary forward evaluation & 2025-01-01--2025-12-29 & 26,641 \\",b27b3700ff4b021523d24cf73a82d900188a07817e80e11d2b8bb1f690785303,forward_2025,n,analysis/p0_major_revision_validation/provenance/PREFLIGHT.json,json,ce4a46f06f42c07e32e065f7984a48963a87750582b60e309a09fa998dbe7cb2,P0_PROVENANCE,$.canonical_sample_counts_expected.forward_2025,RECOMPUTED,26641,count,identity,count,usd_comma:0,"26,641",ATTAINED,NONE,NOT_APPLICABLE,NOT_APPLICABLE,evaluation_cell,NOT_APPLICABLE,"PREFLIGHT.json records the canonical sample counts the whole frozen stage was validated against, so these are the authoritative design constants."
N-design-n-forward_2025,design,n_sales,subsection: Temporal Validation and Regularization-Path Design,,subsec:path_design,L2013|subsec:path_design|row=forward_2025|col=n,2013,ACTIVE,"2016--2024 sales and evaluated on the 26,641-sale 2025 sample. \oldtext{These held-out and forward paths are descriptive",a037d14f9f50222a231d3f5e5197482ded8e3e1811c6b652e007155456484886,forward_2025,n,analysis/p0_major_revision_validation/provenance/PREFLIGHT.json,json,ce4a46f06f42c07e32e065f7984a48963a87750582b60e309a09fa998dbe7cb2,P0_PROVENANCE,$.canonical_sample_counts_expected.forward_2025,RECOMPUTED,26641,count,identity,count,usd_comma:0,"26,641",ATTAINED,NONE,NOT_APPLICABLE,NOT_APPLICABLE,evaluation_cell,NOT_APPLICABLE,"PREFLIGHT.json records the canonical sample counts the whole frozen stage was validated against, so these are the authoritative design constants."
N-design-n-forward_2025,design,n_sales,subsection: Temporal Validation and Regularization-Path Design,,tab:ccao_design,L2037|tab:ccao_design|row=forward_2025|col=n,2037,ACTIVE,"2025 forward evaluation & 26,641 sales, 2025-01-01--2025-12-29 \\",59934f272f965b4a9d7632e7cb38dc670935b1e73f1f18f8eadabd4d2206985b,forward_2025,n,analysis/p0_major_revision_validation/provenance/PREFLIGHT.json,json,ce4a46f06f42c07e32e065f7984a48963a87750582b60e309a09fa998dbe7cb2,P0_PROVENANCE,$.canonical_sample_counts_expected.forward_2025,RECOMPUTED,26641,count,identity,count,usd_comma:0,"26,641",ATTAINED,NONE,NOT_APPLICABLE,NOT_APPLICABLE,evaluation_cell,NOT_APPLICABLE,"PREFLIGHT.json records the canonical sample counts the whole frozen stage was validated against, so these are the authoritative design constants."
N-design-n-heldout,design,n_sales,"subsection: The CCAO Residential Pipeline: Application, Data, and Implementation",,subsec:ccao_design,L1907|subsec:ccao_design|row=heldout|col=n,1907,ACTIVE,"\newtext{Eligible 2016--2024 sales are ordered chronologically. The oldest 90\% (344,607 sales, through 2023-11-09) form",84bfc7a3f4727fa46165bd4243fb767d3ea34fbbf854a7ddb40c5e520fcdb073,heldout,n,analysis/p0_major_revision_validation/provenance/PREFLIGHT.json,json,ce4a46f06f42c07e32e065f7984a48963a87750582b60e309a09fa998dbe7cb2,P0_PROVENANCE,$.canonical_sample_counts_expected.heldout,RECOMPUTED,38290,count,identity,count,usd_comma:0,"38,290",ATTAINED,NONE,NOT_APPLICABLE,NOT_APPLICABLE,evaluation_cell,NOT_APPLICABLE,"PREFLIGHT.json records the canonical sample counts the whole frozen stage was validated against, so these are the authoritative design constants."
N-design-n-heldout,design,n_sales,"subsection: The CCAO Residential Pipeline: Application, Data, and Implementation",,tab:ccao_samples,L1925|tab:ccao_samples|row=heldout|col=n,1925,ACTIVE,"\\\newtext{Primary held-out evaluation}} & 2023-11-09--2024-12-31 & 38,290 \\",654f183ad5f2d5626fc330b64257edbfabee27e2398c8062ae59e776f1bbd3e2,heldout,n,analysis/p0_major_revision_validation/provenance/PREFLIGHT.json,json,ce4a46f06f42c07e32e065f7984a48963a87750582b60e309a09fa998dbe7cb2,P0_PROVENANCE,$.canonical_sample_counts_expected.heldout,RECOMPUTED,38290,count,identity,count,usd_comma:0,"38,290",ATTAINED,NONE,NOT_APPLICABLE,NOT_APPLICABLE,evaluation_cell,NOT_APPLICABLE,"PREFLIGHT.json records the canonical sample counts the whole frozen stage was validated against, so these are the authoritative design constants."
N-design-n-heldout,design,n_sales,subsection: Temporal Validation and Regularization-Path Design,,subsec:path_design,L2011|subsec:path_design|row=heldout|col=n,2011,ACTIVE,"344,607-sale development pool and evaluated on the 38,290-sale held-out sample. For",4beec50858c4f401d6d58de888d8de4981cf4705075fbea709b8247893281f97,heldout,n,analysis/p0_major_revision_validation/provenance/PREFLIGHT.json,json,ce4a46f06f42c07e32e065f7984a48963a87750582b60e309a09fa998dbe7cb2,P0_PROVENANCE,$.canonical_sample_counts_expected.heldout,RECOMPUTED,38290,count,identity,count,usd_comma:0,"38,290",ATTAINED,NONE,NOT_APPLICABLE,NOT_APPLICABLE,evaluation_cell,NOT_APPLICABLE,"PREFLIGHT.json records the canonical sample counts the whole frozen stage was validated against, so these are the authoritative design constants."
N-design-n-heldout,design,n_sales,subsection: Temporal Validation and Regularization-Path Design,,tab:ccao_design,L2035|tab:ccao_design|row=heldout|col=n,2035,ACTIVE,"Primary held-out evaluation & Newest 10\%: 38,290 sales, 2023-11-09--2024-12-31 \\",f6f27ba219c472a79833f291faf88e35b80c8029774ab8a46e04bd6028f84f10,heldout,n,analysis/p0_major_revision_validation/provenance/PREFLIGHT.json,json,ce4a46f06f42c07e32e065f7984a48963a87750582b60e309a09fa998dbe7cb2,P0_PROVENANCE,$.canonical_sample_counts_expected.heldout,RECOMPUTED,38290,count,identity,count,usd_comma:0,"38,290",ATTAINED,NONE,NOT_APPLICABLE,NOT_APPLICABLE,evaluation_cell,NOT_APPLICABLE,"PREFLIGHT.json records the canonical sample counts the whole frozen stage was validated against, so these are the authoritative design constants."
N-design-n-production_2016_2024,design,n_sales,subsection: Baseline Comparison and Empirical Motivation,,tab:ccao_baseline_results,L1280|tab:ccao_baseline_results|row=production_2016_2024|col=n,1280,ACTIVE,"For the 2025 forward evaluation, each baseline specification is refit on all 382,897 eligible 2016--2024 sales.",cac99c739125d3d314c7a75e98024c480869cce435ee5bd0b1e1511d75767063,production_2016_2024,n,analysis/p0_major_revision_validation/provenance/PREFLIGHT.json,json,ce4a46f06f42c07e32e065f7984a48963a87750582b60e309a09fa998dbe7cb2,P0_PROVENANCE,$.canonical_sample_counts_expected.production_2016_2024,RECOMPUTED,382897,count,identity,count,usd_comma:0,"382,897",ATTAINED,NONE,NOT_APPLICABLE,NOT_APPLICABLE,evaluation_cell,NOT_APPLICABLE,"PREFLIGHT.json records the canonical sample counts the whole frozen stage was validated against, so these are the authoritative design constants."
N-design-n-production_2016_2024,design,n_sales,"subsection: The CCAO Residential Pipeline: Application, Data, and Implementation",,subsec:ccao_design,L1907|subsec:ccao_design|row=production_2016_2024|col=n,1907,ACTIVE,"\newtext{Eligible 2016--2024 sales are ordered chronologically. The oldest 90\% (344,607 sales, through 2023-11-09) form",84bfc7a3f4727fa46165bd4243fb767d3ea34fbbf854a7ddb40c5e520fcdb073,production_2016_2024,n,analysis/p0_major_revision_validation/provenance/PREFLIGHT.json,json,ce4a46f06f42c07e32e065f7984a48963a87750582b60e309a09fa998dbe7cb2,P0_PROVENANCE,$.canonical_sample_counts_expected.production_2016_2024,RECOMPUTED,382897,count,identity,count,usd_comma:0,"382,897",ATTAINED,NONE,NOT_APPLICABLE,NOT_APPLICABLE,evaluation_cell,NOT_APPLICABLE,"PREFLIGHT.json records the canonical sample counts the whole frozen stage was validated against, so these are the authoritative design constants."
N-design-n-production_2016_2024,design,n_sales,"subsection: The CCAO Residential Pipeline: Application, Data, and Implementation",,tab:ccao_samples,L1928|tab:ccao_samples|row=production_2016_2024|col=n,1928,ACTIVE,"\\\newtext{Full 2016--2024 refit sample}} & 2016-01-01--2024-12-31 & 382,897 \\",037eb6ceb1eb8e97b3d52a9c9497fefbe8571a33edd2a0b0af8ef2df75652383,production_2016_2024,n,analysis/p0_major_revision_validation/provenance/PREFLIGHT.json,json,ce4a46f06f42c07e32e065f7984a48963a87750582b60e309a09fa998dbe7cb2,P0_PROVENANCE,$.canonical_sample_counts_expected.production_2016_2024,RECOMPUTED,382897,count,identity,count,usd_comma:0,"382,897",ATTAINED,NONE,NOT_APPLICABLE,NOT_APPLICABLE,evaluation_cell,NOT_APPLICABLE,"PREFLIGHT.json records the canonical sample counts the whole frozen stage was validated against, so these are the authoritative design constants."
N-design-n-production_2016_2024,design,n_sales,subsection: Temporal Validation and Regularization-Path Design,,subsec:path_design,L2012|subsec:path_design|row=production_2016_2024|col=n,2012,ACTIVE,"the 2025 forward evaluation, the same configuration is refit on all 382,897 eligible",a36a715bdcf33f35c2f0b1818450e4d6412c9049cd71b0cd7eefa12309407e02,production_2016_2024,n,analysis/p0_major_revision_validation/provenance/PREFLIGHT.json,json,ce4a46f06f42c07e32e065f7984a48963a87750582b60e309a09fa998dbe7cb2,P0_PROVENANCE,$.canonical_sample_counts_expected.production_2016_2024,RECOMPUTED,382897,count,identity,count,usd_comma:0,"382,897",ATTAINED,NONE,NOT_APPLICABLE,NOT_APPLICABLE,evaluation_cell,NOT_APPLICABLE,"PREFLIGHT.json records the canonical sample counts the whole frozen stage was validated against, so these are the authoritative design constants."
N-design-n-production_2016_2024,design,n_sales,subsection: Temporal Validation and Regularization-Path Design,,tab:ccao_design,L2036|tab:ccao_design|row=production_2016_2024|col=n,2036,ACTIVE,"\newtext{Full 2016--2024 refit sample} & 382,897 eligible 2016--2024 sales \\",37a0410570e941d4866d63aefa0829bbb0f09565a4f108ff9a58d696d6cb7f68,production_2016_2024,n,analysis/p0_major_revision_validation/provenance/PREFLIGHT.json,json,ce4a46f06f42c07e32e065f7984a48963a87750582b60e309a09fa998dbe7cb2,P0_PROVENANCE,$.canonical_sample_counts_expected.production_2016_2024,RECOMPUTED,382897,count,identity,count,usd_comma:0,"382,897",ATTAINED,NONE,NOT_APPLICABLE,NOT_APPLICABLE,evaluation_cell,NOT_APPLICABLE,"PREFLIGHT.json records the canonical sample counts the whole frozen stage was validated against, so these are the authoritative design constants."
N-design-n_estimators,design,n_estimators,subsection: Temporal Validation and Regularization-Path Design,,subsec:path_design,L1986|subsec:path_design|row=LightGBM trees|col=n_estimators,1986,ACTIVE,values are not interpreted as comparable magnitudes. The LightGBM hyperparameters were tuned on the same seven chronolog,1dffc8cb561ab073d2ad3a76cec1208140e3404c9d9b88d293465c8f9d8f63d0,LightGBM trees,n_estimators,analysis/p0_major_revision_validation/provenance/PREFLIGHT.json,json,ce4a46f06f42c07e32e065f7984a48963a87750582b60e309a09fa998dbe7cb2,P0_PROVENANCE,$.frozen_lgbm.lgbm_params.n_estimators,RECOMPUTED,994,count,identity,count,int,994,ATTAINED,NONE,NOT_APPLICABLE,NOT_APPLICABLE,NOT_APPLICABLE,NOT_APPLICABLE,"The frozen 994-tree configuration, hash-pinned as lgbm_params_sha256 = 8f0f2acd... and re-verified at preflight."
N-design-n_estimators,design,n_estimators,subsection: Temporal Validation and Regularization-Path Design,,tab:ccao_design,L2040|tab:ccao_design|row=LightGBM trees|col=n_estimators,2040,ACTIVE,Base nonlinear learner & LightGBM on log sale price; 994 trees; hyperparameters frozen before the penalty sweep \\,3b3c577123a361e94971ea0ddf33e43b77218244b4eebc00007b53ebf2490259,LightGBM trees,n_estimators,analysis/p0_major_revision_validation/provenance/PREFLIGHT.json,json,ce4a46f06f42c07e32e065f7984a48963a87750582b60e309a09fa998dbe7cb2,P0_PROVENANCE,$.frozen_lgbm.lgbm_params.n_estimators,RECOMPUTED,994,count,identity,count,int,994,ATTAINED,NONE,NOT_APPLICABLE,NOT_APPLICABLE,NOT_APPLICABLE,NOT_APPLICABLE,"The frozen 994-tree configuration, hash-pinned as lgbm_params_sha256 = 8f0f2acd... and re-verified at preflight."
N-design-n_estimators,design,n_estimators,section: Discussion and Conclusions,,sec:discussion,L3000|sec:discussion|row=LightGBM trees|col=n_estimators,3000,ACTIVE,\latesttext{The CCAO application answers a bounded model-design question. Along the currently frozen custom-objective pa,161f517a50e116a09dfb868f2962c4bd440c02c03b3e5bde9c4e871ff8466a17,LightGBM trees,n_estimators,analysis/p0_major_revision_validation/provenance/PREFLIGHT.json,json,ce4a46f06f42c07e32e065f7984a48963a87750582b60e309a09fa998dbe7cb2,P0_PROVENANCE,$.frozen_lgbm.lgbm_params.n_estimators,RECOMPUTED,994,count,identity,count,int,994,ATTAINED,NONE,NOT_APPLICABLE,NOT_APPLICABLE,NOT_APPLICABLE,NOT_APPLICABLE,"The frozen 994-tree configuration, hash-pinned as lgbm_params_sha256 = 8f0f2acd... and re-verified at preflight."
N-design-n_estimators,design,n_estimators,subsection: Limitations,,tab:roles,L3083|tab:roles|row=LightGBM trees|col=n_estimators,3083,ACTIVE,"\latesttext{Third, the experiment characterizes fixed-994-tree regularization paths, not a deployment decision or fully ",3673838816a88e09a33eaa2392bb920bc35fd325c7ccc4da02ff068911eaf205,LightGBM trees,n_estimators,analysis/p0_major_revision_validation/provenance/PREFLIGHT.json,json,ce4a46f06f42c07e32e065f7984a48963a87750582b60e309a09fa998dbe7cb2,P0_PROVENANCE,$.frozen_lgbm.lgbm_params.n_estimators,RECOMPUTED,994,count,identity,count,int,994,ATTAINED,NONE,NOT_APPLICABLE,NOT_APPLICABLE,NOT_APPLICABLE,NOT_APPLICABLE,"The frozen 994-tree configuration, hash-pinned as lgbm_params_sha256 = 8f0f2acd... and re-verified at preflight."
N-design-n_rho_total,design,n_rho,subsection: Temporal Validation and Regularization-Path Design,,subsec:path_design,L2004|subsec:path_design|row=penalty grid|col=n_rho,2004,ACTIVE,\latesttext{All 82 positive values per family remain in the final path figures and machine-readable result table.},462b3007dc88de3a3d9e9114c408a13187af1304ca0c72d4ad5bec8a85bec1ee,penalty grid,n_rho,analysis/p0_major_revision_validation/tables/e4_verdict.json,json,c373a129cdd313513b8eab2c8aa20c3cb308153e4fa4951a2032433b70b3af99,P0_STAGE_1,$.n_rho,RECOMPUTED,83,count,identity,count,int,83,ATTAINED,NONE,NOT_APPLICABLE,NOT_APPLICABLE,NOT_APPLICABLE,NOT_APPLICABLE,83 = rho=0 plus 82 positive values per family. The manuscript states the 82 positive values; e4_verdict records the full grid size it swept.
N-design-n_rho_total,design,n_rho,subsection: Temporal Validation and Regularization-Path Design,,tab:ccao_design,L2042|tab:ccao_design|row=penalty grid|col=n_rho,2042,ACTIVE,"Penalty path & \latesttext{82 positive values per family: original 50-point $[0.1,100]$ path plus a 32-point lower-tail ",51a533dc6904d7512f4096feca1c7c430edaee133fcd7b6ba0bbc643fe8c0bf8,penalty grid,n_rho,analysis/p0_major_revision_validation/tables/e4_verdict.json,json,c373a129cdd313513b8eab2c8aa20c3cb308153e4fa4951a2032433b70b3af99,P0_STAGE_1,$.n_rho,RECOMPUTED,83,count,identity,count,int,83,ATTAINED,NONE,NOT_APPLICABLE,NOT_APPLICABLE,NOT_APPLICABLE,NOT_APPLICABLE,83 = rho=0 plus 82 positive values per family. The manuscript states the 82 positive values; e4_verdict records the full grid size it swept.
N-display-attained,display_set,display_attained,Appendix subsection: Assessor-facing guidance status,,app:metrics,L3106|app:metrics|row=attained|col=count,3106,ACTIVE,\subsection{Assessor-facing guidance status},58d77daaa8b1a274b2892d77dea62476d2644eefc44bc8187ceb0ae7ea3260dd,attained,count,analysis/p1_inferential_reporting/provenance/p1_headline_numbers.json,json,45116898f7de32e69ff471c42ee3de0813bc28ac0066584882ea9c5f9acbc748,P1_PROVENANCE,$.display_set.attained,RECOMPUTED,44,count,identity,count,int,44,ATTAINED,NONE,NOT_APPLICABLE,PRIMARY,display_entry,NOT_APPLICABLE,
N-display-blocks,display_set,evaluation_blocks,Appendix subsection: Assessor-facing guidance status,,app:metrics,L3106|app:metrics|row=evaluation blocks|col=count,3106,ACTIVE,\subsection{Assessor-facing guidance status},58d77daaa8b1a274b2892d77dea62476d2644eefc44bc8187ceb0ae7ea3260dd,evaluation blocks,count,analysis/p1_inferential_reporting/provenance/p1_headline_numbers.json,json,45116898f7de32e69ff471c42ee3de0813bc28ac0066584882ea9c5f9acbc748,P1_PROVENANCE,$.display_set.evaluation_blocks,RECOMPUTED,10,count,identity,count,int,10,ATTAINED,NONE,NOT_APPLICABLE,PRIMARY,evaluation_cell,NOT_APPLICABLE,
N-display-entries,display_set,display_entries,Appendix subsection: Assessor-facing guidance status,,app:metrics,L3106|app:metrics|row=display entries|col=count,3106,ACTIVE,\subsection{Assessor-facing guidance status},58d77daaa8b1a274b2892d77dea62476d2644eefc44bc8187ceb0ae7ea3260dd,display entries,count,analysis/p1_inferential_reporting/provenance/p1_headline_numbers.json,json,45116898f7de32e69ff471c42ee3de0813bc28ac0066584882ea9c5f9acbc748,P1_PROVENANCE,$.display_set.entries,RECOMPUTED,48,count,identity,count,int,48,ATTAINED,NONE,NOT_APPLICABLE,PRIMARY,display_entry,NOT_APPLICABLE,
N-display-notattained,display_set,display_not_attained,Appendix subsection: Assessor-facing guidance status,,app:metrics,L3106|app:metrics|row=NOT_ATTAINED|col=count,3106,ACTIVE,\subsection{Assessor-facing guidance status},58d77daaa8b1a274b2892d77dea62476d2644eefc44bc8187ceb0ae7ea3260dd,NOT_ATTAINED,count,analysis/p1_inferential_reporting/provenance/p1_headline_numbers.json,json,45116898f7de32e69ff471c42ee3de0813bc28ac0066584882ea9c5f9acbc748,P1_PROVENANCE,$.display_set.not_attained,RECOMPUTED,4,count,identity,count,int,4,ATTAINED,NONE,NOT_APPLICABLE,PRIMARY,display_entry,NOT_APPLICABLE,"Exactly four frozen non-attainment states: Direct at ext_target -0.06, -0.03 and 0.00, and Surrogate at 0.00. Never interpolated."
N-display-realizations,display_set,fitted_realizations,Appendix subsection: Assessor-facing guidance status,,app:metrics,L3106|app:metrics|row=fitted realizations|col=count,3106,ACTIVE,\subsection{Assessor-facing guidance status},58d77daaa8b1a274b2892d77dea62476d2644eefc44bc8187ceb0ae7ea3260dd,fitted realizations,count,analysis/p1_inferential_reporting/provenance/p1_headline_numbers.json,json,45116898f7de32e69ff471c42ee3de0813bc28ac0066584882ea9c5f9acbc748,P1_PROVENANCE,$.display_set.fitted_realizations,RECOMPUTED,43,count,identity,count,int,43,ATTAINED,NONE,NOT_APPLICABLE,PRIMARY,unique_realization,NOT_APPLICABLE,
N-e4-M-accept-threshold,e4,M_accept_max,"subsection: Interpretation, Validation, and Scope",,eq:surrogate_derivatives,L1683|eq:surrogate_derivatives|row=E.4|col=M accept max,1683,ACTIVE,"\subsection{{Interpretation, Validation, and Scope}}",fdfdcc27688764bcb76c378647dfd6a22bf4d75acf2172b1a5393e77e660a844,E.4,M accept max,analysis/p0_major_revision_validation/tables/e4_verdict.json,json,c373a129cdd313513b8eab2c8aa20c3cb308153e4fa4951a2032433b70b3af99,P0_STAGE_1,$.rule.M_accept_max,RECOMPUTED,0.01,dimensionless,identity,dimensionless,half_up:2,0.01,ATTAINED,NONE,NOT_APPLICABLE,PRIMARY,NOT_APPLICABLE,NOT_APPLICABLE,"protocol_p0_validation.yaml:scientific_rules_binding forbids calling Direct ""effectively gradient-only"" until E.4 supports it. It does not: max curvature ratio 40.04 against an accept threshold of 1.2, and max penalty contribution M = 0.0118 against an accept threshold of 0.01."
N-e4-max-M,e4,max_penalty_contribution_M,"subsection: Interpretation, Validation, and Scope",,eq:surrogate_derivatives,L1683|eq:surrogate_derivatives|row=E.4|col=max M,1683,ACTIVE,"\subsection{{Interpretation, Validation, and Scope}}",fdfdcc27688764bcb76c378647dfd6a22bf4d75acf2172b1a5393e77e660a844,E.4,max M,analysis/p0_major_revision_validation/tables/e4_verdict.json,json,c373a129cdd313513b8eab2c8aa20c3cb308153e4fa4951a2032433b70b3af99,P0_STAGE_1,$.evidence_at_display_anchors.max_penalty_contribution_M_over_all_blocks_and_anchors,RECOMPUTED,0.011803871804554139,dimensionless,identity,dimensionless,half_up:4,0.0118,ATTAINED,NONE,NOT_APPLICABLE,PRIMARY,NOT_APPLICABLE,NOT_APPLICABLE,"protocol_p0_validation.yaml:scientific_rules_binding forbids calling Direct ""effectively gradient-only"" until E.4 supports it. It does not: max curvature ratio 40.04 against an accept threshold of 1.2, and max penalty contribution M = 0.0118 against an accept threshold of 0.01."
N-e4-max-curvature-ratio,e4,max_curvature_ratio,"subsection: Interpretation, Validation, and Scope",,eq:surrogate_derivatives,L1683|eq:surrogate_derivatives|row=E.4|col=max curvature ratio,1683,ACTIVE,"\subsection{{Interpretation, Validation, and Scope}}",fdfdcc27688764bcb76c378647dfd6a22bf4d75acf2172b1a5393e77e660a844,E.4,max curvature ratio,analysis/p0_major_revision_validation/tables/e4_verdict.json,json,c373a129cdd313513b8eab2c8aa20c3cb308153e4fa4951a2032433b70b3af99,P0_STAGE_1,$.evidence_at_display_anchors.max_curvature_ratio,RECOMPUTED,40.04019493320774,ratio,identity,ratio,half_up:2,40.04,ATTAINED,NONE,NOT_APPLICABLE,PRIMARY,NOT_APPLICABLE,NOT_APPLICABLE,"protocol_p0_validation.yaml:scientific_rules_binding forbids calling Direct ""effectively gradient-only"" until E.4 supports it. It does not: max curvature ratio 40.04 against an accept threshold of 1.2, and max penalty contribution M = 0.0118 against an accept threshold of 0.01."
N-e4-verdict,e4,e4_verdict,"subsection: Interpretation, Validation, and Scope",,eq:surrogate_derivatives,L1683|eq:surrogate_derivatives|row=E.4|col=verdict,1683,ACTIVE,"\subsection{{Interpretation, Validation, and Scope}}",fdfdcc27688764bcb76c378647dfd6a22bf4d75acf2172b1a5393e77e660a844,E.4,verdict,analysis/p0_major_revision_validation/tables/e4_verdict.json,json,c373a129cdd313513b8eab2c8aa20c3cb308153e4fa4951a2032433b70b3af99,P0_STAGE_1,$.e4_verdict,RECOMPUTED,INDETERMINATE,status,identity,status,verbatim,INDETERMINATE,ATTAINED,NONE,NOT_APPLICABLE,PRIMARY,NOT_APPLICABLE,NOT_APPLICABLE,"protocol_p0_validation.yaml:scientific_rules_binding forbids calling Direct ""effectively gradient-only"" until E.4 supports it. It does not: max curvature ratio 40.04 against an accept threshold of 1.2, and max penalty contribution M = 0.0118 against an accept threshold of 0.01."
N-ed2-applied-realization,ed2_counts,ed2_cells_applied,Appendix subsection: Assessor-facing guidance status,,app:metrics,L3106|app:metrics|row=ED2 applied (unique realizations)|col=count,3106,ACTIVE,\subsection{Assessor-facing guidance status},58d77daaa8b1a274b2892d77dea62476d2644eefc44bc8187ceb0ae7ea3260dd,ED2 applied (unique realizations),count,analysis/p1_inferential_reporting/provenance/p1_headline_numbers.json,json,45116898f7de32e69ff471c42ee3de0813bc28ac0066584882ea9c5f9acbc748,P1_PROVENANCE,$.task4_smearing.ed2_cells_applied,RECOMPUTED,387,count,identity,count,int,387,ATTAINED,NONE,NOT_APPLICABLE,PRIMARY,unique_realization,IAAO_2026_ED2_PROPOSED,UNIQUE-REALIZATION count of ED2-applicable cells: the PREFERRED unit for methodological summary statements. 387 = 396 entry-level cells minus the 9 duplicate appearances of fit:LGBCovPenalty:1fb838f7d6bfda88.
N-ed2-escalated-entry,ed2_counts,ed2_step5_escalated,Appendix subsection: Assessor-facing guidance status,,app:metrics,L3106|app:metrics|row=ED2 escalated past Step 5|col=count,3106,ACTIVE,\subsection{Assessor-facing guidance status},58d77daaa8b1a274b2892d77dea62476d2644eefc44bc8187ceb0ae7ea3260dd,ED2 escalated past Step 5,count,analysis/p1_inferential_reporting/provenance/p1_headline_numbers.json,json,45116898f7de32e69ff471c42ee3de0813bc28ac0066584882ea9c5f9acbc748,P1_PROVENANCE,$.task3_vei.step5_gate_counts.step5_outside_pm10_escalate,RECOMPUTED,279,count,identity,count,int,279,ATTAINED,NONE,NOT_APPLICABLE,PRIMARY,display_entry,IAAO_2026_ED2_PROPOSED,ENTRY-LEVEL counts: one count per DISPLAY ENTRY. Use only where the claim is specifically about display roles/entries. Never combined in one statement with the unique_realization triple.
N-ed2-evaluated-entry,ed2_counts,ed2_evaluated_cells,Appendix subsection: Assessor-facing guidance status,,app:metrics,L3106|app:metrics|row=ED2 evaluated|col=count,3106,ACTIVE,\subsection{Assessor-facing guidance status},58d77daaa8b1a274b2892d77dea62476d2644eefc44bc8187ceb0ae7ea3260dd,ED2 evaluated,count,analysis/p1_inferential_reporting/provenance/p1_headline_numbers.json,json,45116898f7de32e69ff471c42ee3de0813bc28ac0066584882ea9c5f9acbc748,P1_PROVENANCE,$.task3_vei.evaluated_cells,RECOMPUTED,396,count,identity,count,int,396,ATTAINED,NONE,NOT_APPLICABLE,PRIMARY,display_entry,IAAO_2026_ED2_PROPOSED,ENTRY-LEVEL counts: one count per DISPLAY ENTRY. Use only where the claim is specifically about display roles/entries. Never combined in one statement with the unique_realization triple.
N-ed2-notapplicable-realization,ed2_counts,ed2_cells_not_applicable,Appendix subsection: Assessor-facing guidance status,,app:metrics,L3106|app:metrics|row=ED2 NOT_APPLICABLE_FOR_ED2_INFERENCE|col=count,3106,ACTIVE,\subsection{Assessor-facing guidance status},58d77daaa8b1a274b2892d77dea62476d2644eefc44bc8187ceb0ae7ea3260dd,ED2 NOT_APPLICABLE_FOR_ED2_INFERENCE,count,analysis/p1_inferential_reporting/provenance/p1_headline_numbers.json,json,45116898f7de32e69ff471c42ee3de0813bc28ac0066584882ea9c5f9acbc748,P1_PROVENANCE,$.task4_smearing.ed2_cells_not_applicable,RECOMPUTED,43,count,identity,count,int,43,ATTAINED,NONE,NOT_APPLICABLE,PRIMARY,unique_realization,IAAO_2026_ED2_PROPOSED,"pooled-OOF: ED2 App. D.2 is a rank-based order-statistic CI on distinct observations with no row-balanced analogue, so pooled-OOF carries no ED2 inference."
N-ed2-rejectnull-entry,ed2_counts,ed2_step7_reject_null,Appendix subsection: Assessor-facing guidance status,,app:metrics,L3106|app:metrics|row=ED2 Step-7 reject null|col=count,3106,ACTIVE,\subsection{Assessor-facing guidance status},58d77daaa8b1a274b2892d77dea62476d2644eefc44bc8187ceb0ae7ea3260dd,ED2 Step-7 reject null,count,analysis/p1_inferential_reporting/provenance/p1_headline_numbers.json,json,45116898f7de32e69ff471c42ee3de0813bc28ac0066584882ea9c5f9acbc748,P1_PROVENANCE,$.task3_vei.step7_counts.reject_null,RECOMPUTED,228,count,identity,count,int,228,ATTAINED,NONE,NOT_APPLICABLE,PRIMARY,display_entry,IAAO_2026_ED2_PROPOSED,ENTRY-LEVEL counts: one count per DISPLAY ENTRY. Use only where the claim is specifically about display roles/entries. Never combined in one statement with the unique_realization triple.
N-fold-ntrain-1,design,n_train,Appendix subsection: Exact Rolling-Origin Fold Structure,tab:fold_structure,tab:fold_structure,L4232|tab:fold_structure|row=fold 1|col=$n_{\mathrm{train}}$,4232,ACTIVE,"1 & 2016-01-01--2017-04-01 & 46,888 & 5,209 \\",8e6531d54c5630d730bc18f8c56502eed4b5ea5d2256942fc8285981590ea5b7,fold 1,$n_{\mathrm{train}}$,analysis/p0_major_revision_validation/tables/objective_scaling_audit.csv,csv,0153eff1144d393463418383f114cc3de0adc71dc3d7b22308b54c49e9e0413f,P0_STAGE_1,block_id=fold_1_train,RECOMPUTED,46888,count,identity,count,usd_comma:0,"46,888",ATTAINED,NONE,NOT_APPLICABLE,NOT_APPLICABLE,evaluation_cell,NOT_APPLICABLE,
N-fold-ntrain-2,design,n_train,Appendix subsection: Exact Rolling-Origin Fold Structure,tab:fold_structure,tab:fold_structure,L4233|tab:fold_structure|row=fold 2|col=$n_{\mathrm{train}}$,4233,ACTIVE,"2 & 2016-01-01--2018-07-01 & 100,776 & 11,197 \\",9a440e778e9293b2cf4e7aa960d6eadc05c5119a6e737db62038d11cb3ac41db,fold 2,$n_{\mathrm{train}}$,analysis/p0_major_revision_validation/tables/objective_scaling_audit.csv,csv,0153eff1144d393463418383f114cc3de0adc71dc3d7b22308b54c49e9e0413f,P0_STAGE_1,block_id=fold_2_train,RECOMPUTED,100776,count,identity,count,usd_comma:0,"100,776",ATTAINED,NONE,NOT_APPLICABLE,NOT_APPLICABLE,evaluation_cell,NOT_APPLICABLE,
N-fold-ntrain-3,design,n_train,Appendix subsection: Exact Rolling-Origin Fold Structure,tab:fold_structure,tab:fold_structure,L4234|tab:fold_structure|row=fold 3|col=$n_{\mathrm{train}}$,4234,ACTIVE,"3 & 2016-01-01--2019-10-01 & 151,187 & 16,798 \\",86fd5154e9c3c7ea61b396b152508c8cdb875d6a071dd8cdd5bda0796876cb40,fold 3,$n_{\mathrm{train}}$,analysis/p0_major_revision_validation/tables/objective_scaling_audit.csv,csv,0153eff1144d393463418383f114cc3de0adc71dc3d7b22308b54c49e9e0413f,P0_STAGE_1,block_id=fold_3_train,RECOMPUTED,151187,count,identity,count,usd_comma:0,"151,187",ATTAINED,NONE,NOT_APPLICABLE,NOT_APPLICABLE,evaluation_cell,NOT_APPLICABLE,
N-fold-ntrain-4,design,n_train,Appendix subsection: Exact Rolling-Origin Fold Structure,tab:fold_structure,tab:fold_structure,L4235|tab:fold_structure|row=fold 4|col=$n_{\mathrm{train}}$,4235,ACTIVE,"4 & 2016-01-01--2021-01-01 & 200,908 & 22,323 \\",9945dde38df9f8d9f7357d9dc0545c05ca1793f52090bdb69e65c9bb196b433c,fold 4,$n_{\mathrm{train}}$,analysis/p0_major_revision_validation/tables/objective_scaling_audit.csv,csv,0153eff1144d393463418383f114cc3de0adc71dc3d7b22308b54c49e9e0413f,P0_STAGE_1,block_id=fold_4_train,RECOMPUTED,200908,count,identity,count,usd_comma:0,"200,908",ATTAINED,NONE,NOT_APPLICABLE,NOT_APPLICABLE,evaluation_cell,NOT_APPLICABLE,
N-fold-ntrain-5,design,n_train,Appendix subsection: Exact Rolling-Origin Fold Structure,tab:fold_structure,tab:fold_structure,L4236|tab:fold_structure|row=fold 5|col=$n_{\mathrm{train}}$,4236,ACTIVE,"5 & 2016-01-01--2022-04-01 & 252,486 & 28,053 \\",95f150ab160923052424fdc1592f4e779d93a6e31796b0aaa026ff2283beb9df,fold 5,$n_{\mathrm{train}}$,analysis/p0_major_revision_validation/tables/objective_scaling_audit.csv,csv,0153eff1144d393463418383f114cc3de0adc71dc3d7b22308b54c49e9e0413f,P0_STAGE_1,block_id=fold_5_train,RECOMPUTED,252486,count,identity,count,usd_comma:0,"252,486",ATTAINED,NONE,NOT_APPLICABLE,NOT_APPLICABLE,evaluation_cell,NOT_APPLICABLE,
N-fold-ntrain-6,design,n_train,Appendix subsection: Exact Rolling-Origin Fold Structure,tab:fold_structure,tab:fold_structure,L4237|tab:fold_structure|row=fold 6|col=$n_{\mathrm{train}}$,4237,ACTIVE,"6 & 2016-01-01--2023-07-01 & 298,022 & 33,113 \\",b73e3f10717edf675a48bef1866a24b5fae396a69c678db8f8cdfb4a541341a3,fold 6,$n_{\mathrm{train}}$,analysis/p0_major_revision_validation/tables/objective_scaling_audit.csv,csv,0153eff1144d393463418383f114cc3de0adc71dc3d7b22308b54c49e9e0413f,P0_STAGE_1,block_id=fold_6_train,RECOMPUTED,298022,count,identity,count,usd_comma:0,"298,022",ATTAINED,NONE,NOT_APPLICABLE,NOT_APPLICABLE,evaluation_cell,NOT_APPLICABLE,
N-fold-ntrain-7,design,n_train,Appendix subsection: Exact Rolling-Origin Fold Structure,tab:fold_structure,tab:fold_structure,L4238|tab:fold_structure|row=fold 7|col=$n_{\mathrm{train}}$,4238,ACTIVE,"7 & 2016-01-01--2023-11-09 & 310,147 & 34,460 \\",8c84a2a07f041982138c71f8f81eb85fb3c5b9a83ae7f9502aec1cb2ce6b24c7,fold 7,$n_{\mathrm{train}}$,analysis/p0_major_revision_validation/tables/objective_scaling_audit.csv,csv,0153eff1144d393463418383f114cc3de0adc71dc3d7b22308b54c49e9e0413f,P0_STAGE_1,block_id=fold_7_train,RECOMPUTED,310147,count,identity,count,usd_comma:0,"310,147",ATTAINED,NONE,NOT_APPLICABLE,NOT_APPLICABLE,evaluation_cell,NOT_APPLICABLE,
N-fold-nval-1,design,n_val,Appendix subsection: Exact Rolling-Origin Fold Structure,tab:fold_structure,tab:fold_structure,L4232|tab:fold_structure|row=fold 1|col=$n_{\mathrm{val}}$,4232,ACTIVE,"1 & 2016-01-01--2017-04-01 & 46,888 & 5,209 \\",8e6531d54c5630d730bc18f8c56502eed4b5ea5d2256942fc8285981590ea5b7,fold 1,$n_{\mathrm{val}}$,analysis/p0_major_revision_validation/tables/zero_control_full.csv,csv,331f696ba78da1dcdd1553d0a824e1d1f752949459f301a0fb11413fad3a61ec,P0_STAGE_1_5_G2,cell_id=A;evaluation=fold_1,RECOMPUTED,5209.0,count,identity,count,usd_comma:0,"5,209",ATTAINED,A,NOT_APPLICABLE,NOT_APPLICABLE,evaluation_cell,NOT_APPLICABLE,
N-fold-nval-2,design,n_val,Appendix subsection: Exact Rolling-Origin Fold Structure,tab:fold_structure,tab:fold_structure,L4233|tab:fold_structure|row=fold 2|col=$n_{\mathrm{val}}$,4233,ACTIVE,"2 & 2016-01-01--2018-07-01 & 100,776 & 11,197 \\",9a440e778e9293b2cf4e7aa960d6eadc05c5119a6e737db62038d11cb3ac41db,fold 2,$n_{\mathrm{val}}$,analysis/p0_major_revision_validation/tables/zero_control_full.csv,csv,331f696ba78da1dcdd1553d0a824e1d1f752949459f301a0fb11413fad3a61ec,P0_STAGE_1_5_G2,cell_id=A;evaluation=fold_2,RECOMPUTED,11197.0,count,identity,count,usd_comma:0,"11,197",ATTAINED,A,NOT_APPLICABLE,NOT_APPLICABLE,evaluation_cell,NOT_APPLICABLE,
N-fold-nval-3,design,n_val,Appendix subsection: Exact Rolling-Origin Fold Structure,tab:fold_structure,tab:fold_structure,L4234|tab:fold_structure|row=fold 3|col=$n_{\mathrm{val}}$,4234,ACTIVE,"3 & 2016-01-01--2019-10-01 & 151,187 & 16,798 \\",86fd5154e9c3c7ea61b396b152508c8cdb875d6a071dd8cdd5bda0796876cb40,fold 3,$n_{\mathrm{val}}$,analysis/p0_major_revision_validation/tables/zero_control_full.csv,csv,331f696ba78da1dcdd1553d0a824e1d1f752949459f301a0fb11413fad3a61ec,P0_STAGE_1_5_G2,cell_id=A;evaluation=fold_3,RECOMPUTED,16798.0,count,identity,count,usd_comma:0,"16,798",ATTAINED,A,NOT_APPLICABLE,NOT_APPLICABLE,evaluation_cell,NOT_APPLICABLE,
N-fold-nval-4,design,n_val,Appendix subsection: Exact Rolling-Origin Fold Structure,tab:fold_structure,tab:fold_structure,L4235|tab:fold_structure|row=fold 4|col=$n_{\mathrm{val}}$,4235,ACTIVE,"4 & 2016-01-01--2021-01-01 & 200,908 & 22,323 \\",9945dde38df9f8d9f7357d9dc0545c05ca1793f52090bdb69e65c9bb196b433c,fold 4,$n_{\mathrm{val}}$,analysis/p0_major_revision_validation/tables/zero_control_full.csv,csv,331f696ba78da1dcdd1553d0a824e1d1f752949459f301a0fb11413fad3a61ec,P0_STAGE_1_5_G2,cell_id=A;evaluation=fold_4,RECOMPUTED,22323.0,count,identity,count,usd_comma:0,"22,323",ATTAINED,A,NOT_APPLICABLE,NOT_APPLICABLE,evaluation_cell,NOT_APPLICABLE,
N-fold-nval-5,design,n_val,Appendix subsection: Exact Rolling-Origin Fold Structure,tab:fold_structure,tab:fold_structure,L4236|tab:fold_structure|row=fold 5|col=$n_{\mathrm{val}}$,4236,ACTIVE,"5 & 2016-01-01--2022-04-01 & 252,486 & 28,053 \\",95f150ab160923052424fdc1592f4e779d93a6e31796b0aaa026ff2283beb9df,fold 5,$n_{\mathrm{val}}$,analysis/p0_major_revision_validation/tables/zero_control_full.csv,csv,331f696ba78da1dcdd1553d0a824e1d1f752949459f301a0fb11413fad3a61ec,P0_STAGE_1_5_G2,cell_id=A;evaluation=fold_5,RECOMPUTED,28053.0,count,identity,count,usd_comma:0,"28,053",ATTAINED,A,NOT_APPLICABLE,NOT_APPLICABLE,evaluation_cell,NOT_APPLICABLE,
N-fold-nval-6,design,n_val,Appendix subsection: Exact Rolling-Origin Fold Structure,tab:fold_structure,tab:fold_structure,L4237|tab:fold_structure|row=fold 6|col=$n_{\mathrm{val}}$,4237,ACTIVE,"6 & 2016-01-01--2023-07-01 & 298,022 & 33,113 \\",b73e3f10717edf675a48bef1866a24b5fae396a69c678db8f8cdfb4a541341a3,fold 6,$n_{\mathrm{val}}$,analysis/p0_major_revision_validation/tables/zero_control_full.csv,csv,331f696ba78da1dcdd1553d0a824e1d1f752949459f301a0fb11413fad3a61ec,P0_STAGE_1_5_G2,cell_id=A;evaluation=fold_6,RECOMPUTED,33113.0,count,identity,count,usd_comma:0,"33,113",ATTAINED,A,NOT_APPLICABLE,NOT_APPLICABLE,evaluation_cell,NOT_APPLICABLE,
N-fold-nval-7,design,n_val,Appendix subsection: Exact Rolling-Origin Fold Structure,tab:fold_structure,tab:fold_structure,L4238|tab:fold_structure|row=fold 7|col=$n_{\mathrm{val}}$,4238,ACTIVE,"7 & 2016-01-01--2023-11-09 & 310,147 & 34,460 \\",8c84a2a07f041982138c71f8f81eb85fb3c5b9a83ae7f9502aec1cb2ce6b24c7,fold 7,$n_{\mathrm{val}}$,analysis/p0_major_revision_validation/tables/zero_control_full.csv,csv,331f696ba78da1dcdd1553d0a824e1d1f752949459f301a0fb11413fad3a61ec,P0_STAGE_1_5_G2,cell_id=A;evaluation=fold_7,RECOMPUTED,34460.0,count,identity,count,usd_comma:0,"34,460",ATTAINED,A,NOT_APPLICABLE,NOT_APPLICABLE,evaluation_cell,NOT_APPLICABLE,
N-path-MAEP-direct_rho100-forward_2025,path_anchor,MAEP,subsection: What the Final Augmented Regularization Paths Show,tab:path_anchor_summary,tab:path_anchor_summary,L2749|tab:path_anchor_summary|row=direct_rho100|col=MAE,2749,ACTIVE,"Direct & 100 & 0.873 & \$89,309 & \latesttext{23.1\%} & \latesttext{0.307} & \textbf{1.036}\textsuperscript{*} & \textbf",b539ae53b630534254fa868553c4b6918f1201f648654f49d24b62e99b431047,direct_rho100,MAE,analysis/p0_major_revision_validation/tables/frozen_artifact_reproduction.csv,csv,827253e9b1a229931b47dea285f3b1822b970caebac02ad2c956339b21d44ddf,P0_STAGE_1_5_G2,label=direct_rho100;split=forward_2025,RECOMPUTED,89309.30591454549,usd,identity,usd,usd_comma:0,"89,309",ATTAINED,C,PENALTY_ISOLATING,PRIMARY,NOT_APPLICABLE,NOT_APPLICABLE,Positive-rho path value. The penalty-isolating reference is the custom-objective rho=0 origin (Cell C); the currently printed boldface is against Ordinary LightGBM and is a workflow-benchmark comparison only.
N-path-MAEP-direct_rho100-heldout,path_anchor,MAEP,subsection: What the Final Augmented Regularization Paths Show,tab:path_anchor_summary,tab:path_anchor_summary,L2725|tab:path_anchor_summary|row=direct_rho100|col=MAE,2725,ACTIVE,"Direct & 100 & 0.869 & \$84,918 & \latesttext{23.9\%} & \latesttext{0.325} & \textbf{1.029}\textsuperscript{*} & \textbf",77e79d04008abe160ac303ece0d01847b4a62ad62bf5c056103921a8ececbbc8,direct_rho100,MAE,analysis/p0_major_revision_validation/tables/frozen_artifact_reproduction.csv,csv,827253e9b1a229931b47dea285f3b1822b970caebac02ad2c956339b21d44ddf,P0_STAGE_1_5_G2,label=direct_rho100;split=heldout,RECOMPUTED,84918.24564992305,usd,identity,usd,usd_comma:0,"84,918",ATTAINED,C,PENALTY_ISOLATING,PRIMARY,NOT_APPLICABLE,NOT_APPLICABLE,Positive-rho path value. The penalty-isolating reference is the custom-objective rho=0 origin (Cell C); the currently printed boldface is against Ordinary LightGBM and is a workflow-benchmark comparison only.
N-path-MAEP-direct_rho_0p954095-forward_2025,path_anchor,MAEP,subsection: What the Final Augmented Regularization Paths Show,tab:path_anchor_summary,tab:path_anchor_summary,L2747|tab:path_anchor_summary|row=direct_rho_0p954095|col=MAE,2747,ACTIVE,"Direct & \latesttext{$\approx1$} & \textbf{0.910}\textsuperscript{*} & \textbf{\$77,139}\textsuperscript{*} & \latesttex",1b02a8a48bc9d0daa84d0fadda2497346fa97ec5d921fcdce26003fd7103d1d1,direct_rho_0p954095,MAE,analysis/p0_major_revision_validation/tables/frozen_artifact_reproduction.csv,csv,827253e9b1a229931b47dea285f3b1822b970caebac02ad2c956339b21d44ddf,P0_STAGE_1_5_G2,label=direct_rho_0p954095;split=forward_2025,RECOMPUTED,77139.31436076023,usd,identity,usd,usd_comma:0,"77,139",ATTAINED,C,PENALTY_ISOLATING,PRIMARY,NOT_APPLICABLE,NOT_APPLICABLE,Positive-rho path value. The penalty-isolating reference is the custom-objective rho=0 origin (Cell C); the currently printed boldface is against Ordinary LightGBM and is a workflow-benchmark comparison only.
N-path-MAEP-direct_rho_0p954095-heldout,path_anchor,MAEP,subsection: What the Final Augmented Regularization Paths Show,tab:path_anchor_summary,tab:path_anchor_summary,L2723|tab:path_anchor_summary|row=direct_rho_0p954095|col=MAE,2723,ACTIVE,"Direct & \latesttext{$\approx1$} & \textbf{0.899}\textsuperscript{*} & \textbf{\$74,485}\textsuperscript{*} & \latesttex",3cbf8a0c06f3e5295a342989cc0b72b3dd1b8e21851e7d8eaae77e384341003a,direct_rho_0p954095,MAE,analysis/p0_major_revision_validation/tables/frozen_artifact_reproduction.csv,csv,827253e9b1a229931b47dea285f3b1822b970caebac02ad2c956339b21d44ddf,P0_STAGE_1_5_G2,label=direct_rho_0p954095;split=heldout,RECOMPUTED,74485.00863639043,usd,identity,usd,usd_comma:0,"74,485",ATTAINED,C,PENALTY_ISOLATING,PRIMARY,NOT_APPLICABLE,NOT_APPLICABLE,Positive-rho path value. The penalty-isolating reference is the custom-objective rho=0 origin (Cell C); the currently printed boldface is against Ordinary LightGBM and is a workflow-benchmark comparison only.
N-path-MAEP-surrogate_rho100-forward_2025,path_anchor,MAEP,subsection: What the Final Augmented Regularization Paths Show,tab:path_anchor_summary,tab:path_anchor_summary,L2757|tab:path_anchor_summary|row=surrogate_rho100|col=MAE,2757,ACTIVE,"Surrogate & 100 & 0.900 & \$85,257 & \latesttext{22.0\%} & \latesttext{0.336} & \textbf{1.020}\textsuperscript{*} & \tex",b1d969be249340a677ff5c7e9487e61a69375822eaf81b45b91941f22793a1d1,surrogate_rho100,MAE,analysis/p0_major_revision_validation/tables/frozen_artifact_reproduction.csv,csv,827253e9b1a229931b47dea285f3b1822b970caebac02ad2c956339b21d44ddf,P0_STAGE_1_5_G2,label=surrogate_rho100;split=forward_2025,RECOMPUTED,85257.36382105583,usd,identity,usd,usd_comma:0,"85,257",ATTAINED,C,PENALTY_ISOLATING,PRIMARY,NOT_APPLICABLE,NOT_APPLICABLE,Positive-rho path value. The penalty-isolating reference is the custom-objective rho=0 origin (Cell C); the currently printed boldface is against Ordinary LightGBM and is a workflow-benchmark comparison only.
N-path-MAEP-surrogate_rho100-heldout,path_anchor,MAEP,subsection: What the Final Augmented Regularization Paths Show,tab:path_anchor_summary,tab:path_anchor_summary,L2733|tab:path_anchor_summary|row=surrogate_rho100|col=MAE,2733,ACTIVE,"Surrogate & 100 & 0.889 & \$82,094 & \latesttext{22.8\%} & \latesttext{0.357} & \textbf{1.010}\textsuperscript{*} & \tex",68aaae29496f1fc8c72de7cd74ffaa26ee07966bdb85beb206d5e76fff6b66d4,surrogate_rho100,MAE,analysis/p0_major_revision_validation/tables/frozen_artifact_reproduction.csv,csv,827253e9b1a229931b47dea285f3b1822b970caebac02ad2c956339b21d44ddf,P0_STAGE_1_5_G2,label=surrogate_rho100;split=heldout,RECOMPUTED,82093.69857126079,usd,identity,usd,usd_comma:0,"82,094",ATTAINED,C,PENALTY_ISOLATING,PRIMARY,NOT_APPLICABLE,NOT_APPLICABLE,Positive-rho path value. The penalty-isolating reference is the custom-objective rho=0 origin (Cell C); the currently printed boldface is against Ordinary LightGBM and is a workflow-benchmark comparison only.
N-path-MAEP-surrogate_rho_0p954095-forward_2025,path_anchor,MAEP,subsection: What the Final Augmented Regularization Paths Show,tab:path_anchor_summary,tab:path_anchor_summary,L2755|tab:path_anchor_summary|row=surrogate_rho_0p954095|col=MAE,2755,ACTIVE,"Surrogate & \latesttext{$\approx1$} & \textbf{0.908}\textsuperscript{*} & \textbf{\$78,196}\textsuperscript{*} & \latest",83354210d1b17df63f21def964a98a48db13aad36a411b2fbfb87011ce4da38e,surrogate_rho_0p954095,MAE,analysis/p0_major_revision_validation/tables/frozen_artifact_reproduction.csv,csv,827253e9b1a229931b47dea285f3b1822b970caebac02ad2c956339b21d44ddf,P0_STAGE_1_5_G2,label=surrogate_rho_0p954095;split=forward_2025,RECOMPUTED,78195.5334225513,usd,identity,usd,usd_comma:0,"78,196",ATTAINED,C,PENALTY_ISOLATING,PRIMARY,NOT_APPLICABLE,NOT_APPLICABLE,Positive-rho path value. The penalty-isolating reference is the custom-objective rho=0 origin (Cell C); the currently printed boldface is against Ordinary LightGBM and is a workflow-benchmark comparison only.
N-path-MAEP-surrogate_rho_0p954095-heldout,path_anchor,MAEP,subsection: What the Final Augmented Regularization Paths Show,tab:path_anchor_summary,tab:path_anchor_summary,L2731|tab:path_anchor_summary|row=surrogate_rho_0p954095|col=MAE,2731,ACTIVE,"Surrogate & \latesttext{$\approx1$} & \textbf{0.897}\textsuperscript{*} & \textbf{\$75,468}\textsuperscript{*} & \latest",c3235e3460ce76663f62e8c4a621d82e29a996690fdd467304404e7044ff9eb5,surrogate_rho_0p954095,MAE,analysis/p0_major_revision_validation/tables/frozen_artifact_reproduction.csv,csv,827253e9b1a229931b47dea285f3b1822b970caebac02ad2c956339b21d44ddf,P0_STAGE_1_5_G2,label=surrogate_rho_0p954095;split=heldout,RECOMPUTED,75468.1456432507,usd,identity,usd,usd_comma:0,"75,468",ATTAINED,C,PENALTY_ISOLATING,PRIMARY,NOT_APPLICABLE,NOT_APPLICABLE,Positive-rho path value. The penalty-isolating reference is the custom-objective rho=0 origin (Cell C); the currently printed boldface is against Ordinary LightGBM and is a workflow-benchmark comparison only.
N-path-MAPEP-direct_rho100-forward_2025,path_anchor,MAPEP,subsection: What the Final Augmented Regularization Paths Show,tab:path_anchor_summary,tab:path_anchor_summary,L2749|tab:path_anchor_summary|row=direct_rho100|col=MAPE,2749,ACTIVE,"Direct & 100 & 0.873 & \$89,309 & \latesttext{23.1\%} & \latesttext{0.307} & \textbf{1.036}\textsuperscript{*} & \textbf",b539ae53b630534254fa868553c4b6918f1201f648654f49d24b62e99b431047,direct_rho100,MAPE,analysis/p0_major_revision_validation/tables/frozen_artifact_reproduction.csv,csv,827253e9b1a229931b47dea285f3b1822b970caebac02ad2c956339b21d44ddf,P0_STAGE_1_5_G2,label=direct_rho100;split=forward_2025,RECOMPUTED,0.23141891162435912,fraction,times_100,percent,half_up:1,23.1,ATTAINED,C,PENALTY_ISOLATING,PRIMARY,NOT_APPLICABLE,NOT_APPLICABLE,Positive-rho path value. The penalty-isolating reference is the custom-objective rho=0 origin (Cell C); the currently printed boldface is against Ordinary LightGBM and is a workflow-benchmark comparison only.
N-path-MAPEP-direct_rho100-heldout,path_anchor,MAPEP,subsection: What the Final Augmented Regularization Paths Show,tab:path_anchor_summary,tab:path_anchor_summary,L2725|tab:path_anchor_summary|row=direct_rho100|col=MAPE,2725,ACTIVE,"Direct & 100 & 0.869 & \$84,918 & \latesttext{23.9\%} & \latesttext{0.325} & \textbf{1.029}\textsuperscript{*} & \textbf",77e79d04008abe160ac303ece0d01847b4a62ad62bf5c056103921a8ececbbc8,direct_rho100,MAPE,analysis/p0_major_revision_validation/tables/frozen_artifact_reproduction.csv,csv,827253e9b1a229931b47dea285f3b1822b970caebac02ad2c956339b21d44ddf,P0_STAGE_1_5_G2,label=direct_rho100;split=heldout,RECOMPUTED,0.23915149776557057,fraction,times_100,percent,half_up:1,23.9,ATTAINED,C,PENALTY_ISOLATING,PRIMARY,NOT_APPLICABLE,NOT_APPLICABLE,Positive-rho path value. The penalty-isolating reference is the custom-objective rho=0 origin (Cell C); the currently printed boldface is against Ordinary LightGBM and is a workflow-benchmark comparison only.
N-path-MAPEP-direct_rho_0p954095-forward_2025,path_anchor,MAPEP,subsection: What the Final Augmented Regularization Paths Show,tab:path_anchor_summary,tab:path_anchor_summary,L2747|tab:path_anchor_summary|row=direct_rho_0p954095|col=MAPE,2747,ACTIVE,"Direct & \latesttext{$\approx1$} & \textbf{0.910}\textsuperscript{*} & \textbf{\$77,139}\textsuperscript{*} & \latesttex",1b02a8a48bc9d0daa84d0fadda2497346fa97ec5d921fcdce26003fd7103d1d1,direct_rho_0p954095,MAPE,analysis/p0_major_revision_validation/tables/frozen_artifact_reproduction.csv,csv,827253e9b1a229931b47dea285f3b1822b970caebac02ad2c956339b21d44ddf,P0_STAGE_1_5_G2,label=direct_rho_0p954095;split=forward_2025,RECOMPUTED,0.2071214351175627,fraction,times_100,percent,half_up:1,20.7,ATTAINED,C,PENALTY_ISOLATING,PRIMARY,NOT_APPLICABLE,NOT_APPLICABLE,Positive-rho path value. The penalty-isolating reference is the custom-objective rho=0 origin (Cell C); the currently printed boldface is against Ordinary LightGBM and is a workflow-benchmark comparison only.
N-path-MAPEP-direct_rho_0p954095-heldout,path_anchor,MAPEP,subsection: What the Final Augmented Regularization Paths Show,tab:path_anchor_summary,tab:path_anchor_summary,L2723|tab:path_anchor_summary|row=direct_rho_0p954095|col=MAPE,2723,ACTIVE,"Direct & \latesttext{$\approx1$} & \textbf{0.899}\textsuperscript{*} & \textbf{\$74,485}\textsuperscript{*} & \latesttex",3cbf8a0c06f3e5295a342989cc0b72b3dd1b8e21851e7d8eaae77e384341003a,direct_rho_0p954095,MAPE,analysis/p0_major_revision_validation/tables/frozen_artifact_reproduction.csv,csv,827253e9b1a229931b47dea285f3b1822b970caebac02ad2c956339b21d44ddf,P0_STAGE_1_5_G2,label=direct_rho_0p954095;split=heldout,RECOMPUTED,0.21144263168183203,fraction,times_100,percent,half_up:1,21.1,ATTAINED,C,PENALTY_ISOLATING,PRIMARY,NOT_APPLICABLE,NOT_APPLICABLE,Positive-rho path value. The penalty-isolating reference is the custom-objective rho=0 origin (Cell C); the currently printed boldface is against Ordinary LightGBM and is a workflow-benchmark comparison only.
N-path-MAPEP-surrogate_rho100-forward_2025,path_anchor,MAPEP,subsection: What the Final Augmented Regularization Paths Show,tab:path_anchor_summary,tab:path_anchor_summary,L2757|tab:path_anchor_summary|row=surrogate_rho100|col=MAPE,2757,ACTIVE,"Surrogate & 100 & 0.900 & \$85,257 & \latesttext{22.0\%} & \latesttext{0.336} & \textbf{1.020}\textsuperscript{*} & \tex",b1d969be249340a677ff5c7e9487e61a69375822eaf81b45b91941f22793a1d1,surrogate_rho100,MAPE,analysis/p0_major_revision_validation/tables/frozen_artifact_reproduction.csv,csv,827253e9b1a229931b47dea285f3b1822b970caebac02ad2c956339b21d44ddf,P0_STAGE_1_5_G2,label=surrogate_rho100;split=forward_2025,RECOMPUTED,0.22035431174330186,fraction,times_100,percent,half_up:1,22.0,ATTAINED,C,PENALTY_ISOLATING,PRIMARY,NOT_APPLICABLE,NOT_APPLICABLE,Positive-rho path value. The penalty-isolating reference is the custom-objective rho=0 origin (Cell C); the currently printed boldface is against Ordinary LightGBM and is a workflow-benchmark comparison only.
N-path-MAPEP-surrogate_rho100-heldout,path_anchor,MAPEP,subsection: What the Final Augmented Regularization Paths Show,tab:path_anchor_summary,tab:path_anchor_summary,L2733|tab:path_anchor_summary|row=surrogate_rho100|col=MAPE,2733,ACTIVE,"Surrogate & 100 & 0.889 & \$82,094 & \latesttext{22.8\%} & \latesttext{0.357} & \textbf{1.010}\textsuperscript{*} & \tex",68aaae29496f1fc8c72de7cd74ffaa26ee07966bdb85beb206d5e76fff6b66d4,surrogate_rho100,MAPE,analysis/p0_major_revision_validation/tables/frozen_artifact_reproduction.csv,csv,827253e9b1a229931b47dea285f3b1822b970caebac02ad2c956339b21d44ddf,P0_STAGE_1_5_G2,label=surrogate_rho100;split=heldout,RECOMPUTED,0.2283590861624001,fraction,times_100,percent,half_up:1,22.8,ATTAINED,C,PENALTY_ISOLATING,PRIMARY,NOT_APPLICABLE,NOT_APPLICABLE,Positive-rho path value. The penalty-isolating reference is the custom-objective rho=0 origin (Cell C); the currently printed boldface is against Ordinary LightGBM and is a workflow-benchmark comparison only.
N-path-MAPEP-surrogate_rho_0p954095-forward_2025,path_anchor,MAPEP,subsection: What the Final Augmented Regularization Paths Show,tab:path_anchor_summary,tab:path_anchor_summary,L2755|tab:path_anchor_summary|row=surrogate_rho_0p954095|col=MAPE,2755,ACTIVE,"Surrogate & \latesttext{$\approx1$} & \textbf{0.908}\textsuperscript{*} & \textbf{\$78,196}\textsuperscript{*} & \latest",83354210d1b17df63f21def964a98a48db13aad36a411b2fbfb87011ce4da38e,surrogate_rho_0p954095,MAPE,analysis/p0_major_revision_validation/tables/frozen_artifact_reproduction.csv,csv,827253e9b1a229931b47dea285f3b1822b970caebac02ad2c956339b21d44ddf,P0_STAGE_1_5_G2,label=surrogate_rho_0p954095;split=forward_2025,RECOMPUTED,0.20449523498744024,fraction,times_100,percent,half_up:1,20.4,ATTAINED,C,PENALTY_ISOLATING,PRIMARY,NOT_APPLICABLE,NOT_APPLICABLE,Positive-rho path value. The penalty-isolating reference is the custom-objective rho=0 origin (Cell C); the currently printed boldface is against Ordinary LightGBM and is a workflow-benchmark comparison only.
N-path-MAPEP-surrogate_rho_0p954095-heldout,path_anchor,MAPEP,subsection: What the Final Augmented Regularization Paths Show,tab:path_anchor_summary,tab:path_anchor_summary,L2731|tab:path_anchor_summary|row=surrogate_rho_0p954095|col=MAPE,2731,ACTIVE,"Surrogate & \latesttext{$\approx1$} & \textbf{0.897}\textsuperscript{*} & \textbf{\$75,468}\textsuperscript{*} & \latest",c3235e3460ce76663f62e8c4a621d82e29a996690fdd467304404e7044ff9eb5,surrogate_rho_0p954095,MAPE,analysis/p0_major_revision_validation/tables/frozen_artifact_reproduction.csv,csv,827253e9b1a229931b47dea285f3b1822b970caebac02ad2c956339b21d44ddf,P0_STAGE_1_5_G2,label=surrogate_rho_0p954095;split=heldout,RECOMPUTED,0.20951333112742548,fraction,times_100,percent,half_up:1,21.0,ATTAINED,C,PENALTY_ISOLATING,PRIMARY,NOT_APPLICABLE,NOT_APPLICABLE,Positive-rho path value. The penalty-isolating reference is the custom-objective rho=0 origin (Cell C); the currently printed boldface is against Ordinary LightGBM and is a workflow-benchmark comparison only.
N-path-MKI-direct_rho100-forward_2025,path_anchor,MKI,subsection: What the Final Augmented Regularization Paths Show,tab:path_anchor_summary,tab:path_anchor_summary,L2749|tab:path_anchor_summary|row=direct_rho100|col=MKI,2749,ACTIVE,"Direct & 100 & 0.873 & \$89,309 & \latesttext{23.1\%} & \latesttext{0.307} & \textbf{1.036}\textsuperscript{*} & \textbf",b539ae53b630534254fa868553c4b6918f1201f648654f49d24b62e99b431047,direct_rho100,MKI,analysis/p0_major_revision_validation/tables/frozen_artifact_reproduction.csv,csv,827253e9b1a229931b47dea285f3b1822b970caebac02ad2c956339b21d44ddf,P0_STAGE_1_5_G2,label=direct_rho100;split=forward_2025,RECOMPUTED,0.9833800896775334,index,identity,index,half_up:3,0.983,ATTAINED,C,PENALTY_ISOLATING,PRIMARY,NOT_APPLICABLE,IAAO_2026_ED2_PROPOSED,Positive-rho path value. The penalty-isolating reference is the custom-objective rho=0 origin (Cell C); the currently printed boldface is against Ordinary LightGBM and is a workflow-benchmark comparison only.
N-path-MKI-direct_rho100-heldout,path_anchor,MKI,subsection: What the Final Augmented Regularization Paths Show,tab:path_anchor_summary,tab:path_anchor_summary,L2725|tab:path_anchor_summary|row=direct_rho100|col=MKI,2725,ACTIVE,"Direct & 100 & 0.869 & \$84,918 & \latesttext{23.9\%} & \latesttext{0.325} & \textbf{1.029}\textsuperscript{*} & \textbf",77e79d04008abe160ac303ece0d01847b4a62ad62bf5c056103921a8ececbbc8,direct_rho100,MKI,analysis/p0_major_revision_validation/tables/frozen_artifact_reproduction.csv,csv,827253e9b1a229931b47dea285f3b1822b970caebac02ad2c956339b21d44ddf,P0_STAGE_1_5_G2,label=direct_rho100;split=heldout,RECOMPUTED,0.9984679193378398,index,identity,index,half_up:3,0.998,ATTAINED,C,PENALTY_ISOLATING,PRIMARY,NOT_APPLICABLE,IAAO_2026_ED2_PROPOSED,Positive-rho path value. The penalty-isolating reference is the custom-objective rho=0 origin (Cell C); the currently printed boldface is against Ordinary LightGBM and is a workflow-benchmark comparison only.
N-path-MKI-direct_rho_0p954095-forward_2025,path_anchor,MKI,subsection: What the Final Augmented Regularization Paths Show,tab:path_anchor_summary,tab:path_anchor_summary,L2747|tab:path_anchor_summary|row=direct_rho_0p954095|col=MKI,2747,ACTIVE,"Direct & \latesttext{$\approx1$} & \textbf{0.910}\textsuperscript{*} & \textbf{\$77,139}\textsuperscript{*} & \latesttex",1b02a8a48bc9d0daa84d0fadda2497346fa97ec5d921fcdce26003fd7103d1d1,direct_rho_0p954095,MKI,analysis/p0_major_revision_validation/tables/frozen_artifact_reproduction.csv,csv,827253e9b1a229931b47dea285f3b1822b970caebac02ad2c956339b21d44ddf,P0_STAGE_1_5_G2,label=direct_rho_0p954095;split=forward_2025,RECOMPUTED,0.9255684027369085,index,identity,index,half_up:3,0.926,ATTAINED,C,PENALTY_ISOLATING,PRIMARY,NOT_APPLICABLE,IAAO_2026_ED2_PROPOSED,Positive-rho path value. The penalty-isolating reference is the custom-objective rho=0 origin (Cell C); the currently printed boldface is against Ordinary LightGBM and is a workflow-benchmark comparison only.
N-path-MKI-direct_rho_0p954095-heldout,path_anchor,MKI,subsection: What the Final Augmented Regularization Paths Show,tab:path_anchor_summary,tab:path_anchor_summary,L2723|tab:path_anchor_summary|row=direct_rho_0p954095|col=MKI,2723,ACTIVE,"Direct & \latesttext{$\approx1$} & \textbf{0.899}\textsuperscript{*} & \textbf{\$74,485}\textsuperscript{*} & \latesttex",3cbf8a0c06f3e5295a342989cc0b72b3dd1b8e21851e7d8eaae77e384341003a,direct_rho_0p954095,MKI,analysis/p0_major_revision_validation/tables/frozen_artifact_reproduction.csv,csv,827253e9b1a229931b47dea285f3b1822b970caebac02ad2c956339b21d44ddf,P0_STAGE_1_5_G2,label=direct_rho_0p954095;split=heldout,RECOMPUTED,0.939930037621797,index,identity,index,half_up:3,0.940,ATTAINED,C,PENALTY_ISOLATING,PRIMARY,NOT_APPLICABLE,IAAO_2026_ED2_PROPOSED,Positive-rho path value. The penalty-isolating reference is the custom-objective rho=0 origin (Cell C); the currently printed boldface is against Ordinary LightGBM and is a workflow-benchmark comparison only.
N-path-MKI-surrogate_rho100-forward_2025,path_anchor,MKI,subsection: What the Final Augmented Regularization Paths Show,tab:path_anchor_summary,tab:path_anchor_summary,L2757|tab:path_anchor_summary|row=surrogate_rho100|col=MKI,2757,ACTIVE,"Surrogate & 100 & 0.900 & \$85,257 & \latesttext{22.0\%} & \latesttext{0.336} & \textbf{1.020}\textsuperscript{*} & \tex",b1d969be249340a677ff5c7e9487e61a69375822eaf81b45b91941f22793a1d1,surrogate_rho100,MKI,analysis/p0_major_revision_validation/tables/frozen_artifact_reproduction.csv,csv,827253e9b1a229931b47dea285f3b1822b970caebac02ad2c956339b21d44ddf,P0_STAGE_1_5_G2,label=surrogate_rho100;split=forward_2025,RECOMPUTED,0.98660456895573,index,identity,index,half_up:3,0.987,ATTAINED,C,PENALTY_ISOLATING,PRIMARY,NOT_APPLICABLE,IAAO_2026_ED2_PROPOSED,Positive-rho path value. The penalty-isolating reference is the custom-objective rho=0 origin (Cell C); the currently printed boldface is against Ordinary LightGBM and is a workflow-benchmark comparison only.
N-path-MKI-surrogate_rho100-heldout,path_anchor,MKI,subsection: What the Final Augmented Regularization Paths Show,tab:path_anchor_summary,tab:path_anchor_summary,L2733|tab:path_anchor_summary|row=surrogate_rho100|col=MKI,2733,ACTIVE,"Surrogate & 100 & 0.889 & \$82,094 & \latesttext{22.8\%} & \latesttext{0.357} & \textbf{1.010}\textsuperscript{*} & \tex",68aaae29496f1fc8c72de7cd74ffaa26ee07966bdb85beb206d5e76fff6b66d4,surrogate_rho100,MKI,analysis/p0_major_revision_validation/tables/frozen_artifact_reproduction.csv,csv,827253e9b1a229931b47dea285f3b1822b970caebac02ad2c956339b21d44ddf,P0_STAGE_1_5_G2,label=surrogate_rho100;split=heldout,RECOMPUTED,1.0131916421068623,index,identity,index,half_up:3,1.013,ATTAINED,C,PENALTY_ISOLATING,PRIMARY,NOT_APPLICABLE,IAAO_2026_ED2_PROPOSED,Positive-rho path value. The penalty-isolating reference is the custom-objective rho=0 origin (Cell C); the currently printed boldface is against Ordinary LightGBM and is a workflow-benchmark comparison only.
N-path-MKI-surrogate_rho_0p954095-forward_2025,path_anchor,MKI,subsection: What the Final Augmented Regularization Paths Show,tab:path_anchor_summary,tab:path_anchor_summary,L2755|tab:path_anchor_summary|row=surrogate_rho_0p954095|col=MKI,2755,ACTIVE,"Surrogate & \latesttext{$\approx1$} & \textbf{0.908}\textsuperscript{*} & \textbf{\$78,196}\textsuperscript{*} & \latest",83354210d1b17df63f21def964a98a48db13aad36a411b2fbfb87011ce4da38e,surrogate_rho_0p954095,MKI,analysis/p0_major_revision_validation/tables/frozen_artifact_reproduction.csv,csv,827253e9b1a229931b47dea285f3b1822b970caebac02ad2c956339b21d44ddf,P0_STAGE_1_5_G2,label=surrogate_rho_0p954095;split=forward_2025,RECOMPUTED,0.9319263850837728,index,identity,index,half_up:3,0.932,ATTAINED,C,PENALTY_ISOLATING,PRIMARY,NOT_APPLICABLE,IAAO_2026_ED2_PROPOSED,Positive-rho path value. The penalty-isolating reference is the custom-objective rho=0 origin (Cell C); the currently printed boldface is against Ordinary LightGBM and is a workflow-benchmark comparison only.
N-path-MKI-surrogate_rho_0p954095-heldout,path_anchor,MKI,subsection: What the Final Augmented Regularization Paths Show,tab:path_anchor_summary,tab:path_anchor_summary,L2731|tab:path_anchor_summary|row=surrogate_rho_0p954095|col=MKI,2731,ACTIVE,"Surrogate & \latesttext{$\approx1$} & \textbf{0.897}\textsuperscript{*} & \textbf{\$75,468}\textsuperscript{*} & \latest",c3235e3460ce76663f62e8c4a621d82e29a996690fdd467304404e7044ff9eb5,surrogate_rho_0p954095,MKI,analysis/p0_major_revision_validation/tables/frozen_artifact_reproduction.csv,csv,827253e9b1a229931b47dea285f3b1822b970caebac02ad2c956339b21d44ddf,P0_STAGE_1_5_G2,label=surrogate_rho_0p954095;split=heldout,RECOMPUTED,0.9526862627598831,index,identity,index,half_up:3,0.953,ATTAINED,C,PENALTY_ISOLATING,PRIMARY,NOT_APPLICABLE,IAAO_2026_ED2_PROPOSED,Positive-rho path value. The penalty-isolating reference is the custom-objective rho=0 origin (Cell C); the currently printed boldface is against Ordinary LightGBM and is a workflow-benchmark comparison only.
N-path-PRD-direct_rho100-forward_2025,path_anchor,PRD,subsection: What the Final Augmented Regularization Paths Show,tab:path_anchor_summary,tab:path_anchor_summary,L2749|tab:path_anchor_summary|row=direct_rho100|col=PRD,2749,ACTIVE,"Direct & 100 & 0.873 & \$89,309 & \latesttext{23.1\%} & \latesttext{0.307} & \textbf{1.036}\textsuperscript{*} & \textbf",b539ae53b630534254fa868553c4b6918f1201f648654f49d24b62e99b431047,direct_rho100,PRD,analysis/p0_major_revision_validation/tables/frozen_artifact_reproduction.csv,csv,827253e9b1a229931b47dea285f3b1822b970caebac02ad2c956339b21d44ddf,P0_STAGE_1_5_G2,label=direct_rho100;split=forward_2025,RECOMPUTED,1.0361169376268524,ratio,identity,ratio,half_up:3,1.036,ATTAINED,C,PENALTY_ISOLATING,PRIMARY,NOT_APPLICABLE,IAAO_2013_ADOPTED,Positive-rho path value. The penalty-isolating reference is the custom-objective rho=0 origin (Cell C); the currently printed boldface is against Ordinary LightGBM and is a workflow-benchmark comparison only.
N-path-PRD-direct_rho100-heldout,path_anchor,PRD,subsection: What the Final Augmented Regularization Paths Show,tab:path_anchor_summary,tab:path_anchor_summary,L2725|tab:path_anchor_summary|row=direct_rho100|col=PRD,2725,ACTIVE,"Direct & 100 & 0.869 & \$84,918 & \latesttext{23.9\%} & \latesttext{0.325} & \textbf{1.029}\textsuperscript{*} & \textbf",77e79d04008abe160ac303ece0d01847b4a62ad62bf5c056103921a8ececbbc8,direct_rho100,PRD,analysis/p0_major_revision_validation/tables/frozen_artifact_reproduction.csv,csv,827253e9b1a229931b47dea285f3b1822b970caebac02ad2c956339b21d44ddf,P0_STAGE_1_5_G2,label=direct_rho100;split=heldout,RECOMPUTED,1.0292030546386455,ratio,identity,ratio,half_up:3,1.029,ATTAINED,C,PENALTY_ISOLATING,PRIMARY,NOT_APPLICABLE,IAAO_2013_ADOPTED,Positive-rho path value. The penalty-isolating reference is the custom-objective rho=0 origin (Cell C); the currently printed boldface is against Ordinary LightGBM and is a workflow-benchmark comparison only.
N-path-PRD-direct_rho_0p954095-forward_2025,path_anchor,PRD,subsection: What the Final Augmented Regularization Paths Show,tab:path_anchor_summary,tab:path_anchor_summary,L2747|tab:path_anchor_summary|row=direct_rho_0p954095|col=PRD,2747,ACTIVE,"Direct & \latesttext{$\approx1$} & \textbf{0.910}\textsuperscript{*} & \textbf{\$77,139}\textsuperscript{*} & \latesttex",1b02a8a48bc9d0daa84d0fadda2497346fa97ec5d921fcdce26003fd7103d1d1,direct_rho_0p954095,PRD,analysis/p0_major_revision_validation/tables/frozen_artifact_reproduction.csv,csv,827253e9b1a229931b47dea285f3b1822b970caebac02ad2c956339b21d44ddf,P0_STAGE_1_5_G2,label=direct_rho_0p954095;split=forward_2025,RECOMPUTED,1.0687358304032837,ratio,identity,ratio,half_up:3,1.069,ATTAINED,C,PENALTY_ISOLATING,PRIMARY,NOT_APPLICABLE,IAAO_2013_ADOPTED,Positive-rho path value. The penalty-isolating reference is the custom-objective rho=0 origin (Cell C); the currently printed boldface is against Ordinary LightGBM and is a workflow-benchmark comparison only.
N-path-PRD-direct_rho_0p954095-heldout,path_anchor,PRD,subsection: What the Final Augmented Regularization Paths Show,tab:path_anchor_summary,tab:path_anchor_summary,L2723|tab:path_anchor_summary|row=direct_rho_0p954095|col=PRD,2723,ACTIVE,"Direct & \latesttext{$\approx1$} & \textbf{0.899}\textsuperscript{*} & \textbf{\$74,485}\textsuperscript{*} & \latesttex",3cbf8a0c06f3e5295a342989cc0b72b3dd1b8e21851e7d8eaae77e384341003a,direct_rho_0p954095,PRD,analysis/p0_major_revision_validation/tables/frozen_artifact_reproduction.csv,csv,827253e9b1a229931b47dea285f3b1822b970caebac02ad2c956339b21d44ddf,P0_STAGE_1_5_G2,label=direct_rho_0p954095;split=heldout,RECOMPUTED,1.0601232047813038,ratio,identity,ratio,half_up:3,1.060,ATTAINED,C,PENALTY_ISOLATING,PRIMARY,NOT_APPLICABLE,IAAO_2013_ADOPTED,Positive-rho path value. The penalty-isolating reference is the custom-objective rho=0 origin (Cell C); the currently printed boldface is against Ordinary LightGBM and is a workflow-benchmark comparison only.
N-path-PRD-surrogate_rho100-forward_2025,path_anchor,PRD,subsection: What the Final Augmented Regularization Paths Show,tab:path_anchor_summary,tab:path_anchor_summary,L2757|tab:path_anchor_summary|row=surrogate_rho100|col=PRD,2757,ACTIVE,"Surrogate & 100 & 0.900 & \$85,257 & \latesttext{22.0\%} & \latesttext{0.336} & \textbf{1.020}\textsuperscript{*} & \tex",b1d969be249340a677ff5c7e9487e61a69375822eaf81b45b91941f22793a1d1,surrogate_rho100,PRD,analysis/p0_major_revision_validation/tables/frozen_artifact_reproduction.csv,csv,827253e9b1a229931b47dea285f3b1822b970caebac02ad2c956339b21d44ddf,P0_STAGE_1_5_G2,label=surrogate_rho100;split=forward_2025,RECOMPUTED,1.020210761642085,ratio,identity,ratio,half_up:3,1.020,ATTAINED,C,PENALTY_ISOLATING,PRIMARY,NOT_APPLICABLE,IAAO_2013_ADOPTED,Positive-rho path value. The penalty-isolating reference is the custom-objective rho=0 origin (Cell C); the currently printed boldface is against Ordinary LightGBM and is a workflow-benchmark comparison only.
N-path-PRD-surrogate_rho100-heldout,path_anchor,PRD,subsection: What the Final Augmented Regularization Paths Show,tab:path_anchor_summary,tab:path_anchor_summary,L2733|tab:path_anchor_summary|row=surrogate_rho100|col=PRD,2733,ACTIVE,"Surrogate & 100 & 0.889 & \$82,094 & \latesttext{22.8\%} & \latesttext{0.357} & \textbf{1.010}\textsuperscript{*} & \tex",68aaae29496f1fc8c72de7cd74ffaa26ee07966bdb85beb206d5e76fff6b66d4,surrogate_rho100,PRD,analysis/p0_major_revision_validation/tables/frozen_artifact_reproduction.csv,csv,827253e9b1a229931b47dea285f3b1822b970caebac02ad2c956339b21d44ddf,P0_STAGE_1_5_G2,label=surrogate_rho100;split=heldout,RECOMPUTED,1.0097671855537782,ratio,identity,ratio,half_up:3,1.010,ATTAINED,C,PENALTY_ISOLATING,PRIMARY,NOT_APPLICABLE,IAAO_2013_ADOPTED,Positive-rho path value. The penalty-isolating reference is the custom-objective rho=0 origin (Cell C); the currently printed boldface is against Ordinary LightGBM and is a workflow-benchmark comparison only.
N-path-PRD-surrogate_rho_0p954095-forward_2025,path_anchor,PRD,subsection: What the Final Augmented Regularization Paths Show,tab:path_anchor_summary,tab:path_anchor_summary,L2755|tab:path_anchor_summary|row=surrogate_rho_0p954095|col=PRD,2755,ACTIVE,"Surrogate & \latesttext{$\approx1$} & \textbf{0.908}\textsuperscript{*} & \textbf{\$78,196}\textsuperscript{*} & \latest",83354210d1b17df63f21def964a98a48db13aad36a411b2fbfb87011ce4da38e,surrogate_rho_0p954095,PRD,analysis/p0_major_revision_validation/tables/frozen_artifact_reproduction.csv,csv,827253e9b1a229931b47dea285f3b1822b970caebac02ad2c956339b21d44ddf,P0_STAGE_1_5_G2,label=surrogate_rho_0p954095;split=forward_2025,RECOMPUTED,1.0598279717556731,ratio,identity,ratio,half_up:3,1.060,ATTAINED,C,PENALTY_ISOLATING,PRIMARY,NOT_APPLICABLE,IAAO_2013_ADOPTED,Positive-rho path value. The penalty-isolating reference is the custom-objective rho=0 origin (Cell C); the currently printed boldface is against Ordinary LightGBM and is a workflow-benchmark comparison only.
N-path-PRD-surrogate_rho_0p954095-heldout,path_anchor,PRD,subsection: What the Final Augmented Regularization Paths Show,tab:path_anchor_summary,tab:path_anchor_summary,L2731|tab:path_anchor_summary|row=surrogate_rho_0p954095|col=PRD,2731,ACTIVE,"Surrogate & \latesttext{$\approx1$} & \textbf{0.897}\textsuperscript{*} & \textbf{\$75,468}\textsuperscript{*} & \latest",c3235e3460ce76663f62e8c4a621d82e29a996690fdd467304404e7044ff9eb5,surrogate_rho_0p954095,PRD,analysis/p0_major_revision_validation/tables/frozen_artifact_reproduction.csv,csv,827253e9b1a229931b47dea285f3b1822b970caebac02ad2c956339b21d44ddf,P0_STAGE_1_5_G2,label=surrogate_rho_0p954095;split=heldout,RECOMPUTED,1.0485523986522032,ratio,identity,ratio,half_up:3,1.049,ATTAINED,C,PENALTY_ISOLATING,PRIMARY,NOT_APPLICABLE,IAAO_2013_ADOPTED,Positive-rho path value. The penalty-isolating reference is the custom-objective rho=0 origin (Cell C); the currently printed boldface is against Ordinary LightGBM and is a workflow-benchmark comparison only.
N-path-R2P-direct_rho100-forward_2025,path_anchor,R2P,subsection: What the Final Augmented Regularization Paths Show,tab:path_anchor_summary,tab:path_anchor_summary,L2749|tab:path_anchor_summary|row=direct_rho100|col=$R^2_P$,2749,ACTIVE,"Direct & 100 & 0.873 & \$89,309 & \latesttext{23.1\%} & \latesttext{0.307} & \textbf{1.036}\textsuperscript{*} & \textbf",b539ae53b630534254fa868553c4b6918f1201f648654f49d24b62e99b431047,direct_rho100,$R^2_P$,analysis/p0_major_revision_validation/tables/frozen_artifact_reproduction.csv,csv,827253e9b1a229931b47dea285f3b1822b970caebac02ad2c956339b21d44ddf,P0_STAGE_1_5_G2,label=direct_rho100;split=forward_2025,RECOMPUTED,0.8734732012435025,ratio,identity,ratio,half_up:3,0.873,ATTAINED,C,PENALTY_ISOLATING,PRIMARY,NOT_APPLICABLE,NOT_APPLICABLE,Positive-rho path value. The penalty-isolating reference is the custom-objective rho=0 origin (Cell C); the currently printed boldface is against Ordinary LightGBM and is a workflow-benchmark comparison only.
N-path-R2P-direct_rho100-heldout,path_anchor,R2P,subsection: What the Final Augmented Regularization Paths Show,tab:path_anchor_summary,tab:path_anchor_summary,L2725|tab:path_anchor_summary|row=direct_rho100|col=$R^2_P$,2725,ACTIVE,"Direct & 100 & 0.869 & \$84,918 & \latesttext{23.9\%} & \latesttext{0.325} & \textbf{1.029}\textsuperscript{*} & \textbf",77e79d04008abe160ac303ece0d01847b4a62ad62bf5c056103921a8ececbbc8,direct_rho100,$R^2_P$,analysis/p0_major_revision_validation/tables/frozen_artifact_reproduction.csv,csv,827253e9b1a229931b47dea285f3b1822b970caebac02ad2c956339b21d44ddf,P0_STAGE_1_5_G2,label=direct_rho100;split=heldout,RECOMPUTED,0.8686784837505066,ratio,identity,ratio,half_up:3,0.869,ATTAINED,C,PENALTY_ISOLATING,PRIMARY,NOT_APPLICABLE,NOT_APPLICABLE,Positive-rho path value. The penalty-isolating reference is the custom-objective rho=0 origin (Cell C); the currently printed boldface is against Ordinary LightGBM and is a workflow-benchmark comparison only.
N-path-R2P-direct_rho_0p954095-forward_2025,path_anchor,R2P,subsection: What the Final Augmented Regularization Paths Show,tab:path_anchor_summary,tab:path_anchor_summary,L2747|tab:path_anchor_summary|row=direct_rho_0p954095|col=$R^2_P$,2747,ACTIVE,"Direct & \latesttext{$\approx1$} & \textbf{0.910}\textsuperscript{*} & \textbf{\$77,139}\textsuperscript{*} & \latesttex",1b02a8a48bc9d0daa84d0fadda2497346fa97ec5d921fcdce26003fd7103d1d1,direct_rho_0p954095,$R^2_P$,analysis/p0_major_revision_validation/tables/frozen_artifact_reproduction.csv,csv,827253e9b1a229931b47dea285f3b1822b970caebac02ad2c956339b21d44ddf,P0_STAGE_1_5_G2,label=direct_rho_0p954095;split=forward_2025,RECOMPUTED,0.9098653269632866,ratio,identity,ratio,half_up:3,0.910,ATTAINED,C,PENALTY_ISOLATING,PRIMARY,NOT_APPLICABLE,NOT_APPLICABLE,Positive-rho path value. The penalty-isolating reference is the custom-objective rho=0 origin (Cell C); the currently printed boldface is against Ordinary LightGBM and is a workflow-benchmark comparison only.
N-path-R2P-direct_rho_0p954095-heldout,path_anchor,R2P,subsection: What the Final Augmented Regularization Paths Show,tab:path_anchor_summary,tab:path_anchor_summary,L2723|tab:path_anchor_summary|row=direct_rho_0p954095|col=$R^2_P$,2723,ACTIVE,"Direct & \latesttext{$\approx1$} & \textbf{0.899}\textsuperscript{*} & \textbf{\$74,485}\textsuperscript{*} & \latesttex",3cbf8a0c06f3e5295a342989cc0b72b3dd1b8e21851e7d8eaae77e384341003a,direct_rho_0p954095,$R^2_P$,analysis/p0_major_revision_validation/tables/frozen_artifact_reproduction.csv,csv,827253e9b1a229931b47dea285f3b1822b970caebac02ad2c956339b21d44ddf,P0_STAGE_1_5_G2,label=direct_rho_0p954095;split=heldout,RECOMPUTED,0.8988311983153436,ratio,identity,ratio,half_up:3,0.899,ATTAINED,C,PENALTY_ISOLATING,PRIMARY,NOT_APPLICABLE,NOT_APPLICABLE,Positive-rho path value. The penalty-isolating reference is the custom-objective rho=0 origin (Cell C); the currently printed boldface is against Ordinary LightGBM and is a workflow-benchmark comparison only.
N-path-R2P-surrogate_rho100-forward_2025,path_anchor,R2P,subsection: What the Final Augmented Regularization Paths Show,tab:path_anchor_summary,tab:path_anchor_summary,L2757|tab:path_anchor_summary|row=surrogate_rho100|col=$R^2_P$,2757,ACTIVE,"Surrogate & 100 & 0.900 & \$85,257 & \latesttext{22.0\%} & \latesttext{0.336} & \textbf{1.020}\textsuperscript{*} & \tex",b1d969be249340a677ff5c7e9487e61a69375822eaf81b45b91941f22793a1d1,surrogate_rho100,$R^2_P$,analysis/p0_major_revision_validation/tables/frozen_artifact_reproduction.csv,csv,827253e9b1a229931b47dea285f3b1822b970caebac02ad2c956339b21d44ddf,P0_STAGE_1_5_G2,label=surrogate_rho100;split=forward_2025,RECOMPUTED,0.8997399544009957,ratio,identity,ratio,half_up:3,0.900,ATTAINED,C,PENALTY_ISOLATING,PRIMARY,NOT_APPLICABLE,NOT_APPLICABLE,Positive-rho path value. The penalty-isolating reference is the custom-objective rho=0 origin (Cell C); the currently printed boldface is against Ordinary LightGBM and is a workflow-benchmark comparison only.
N-path-R2P-surrogate_rho100-heldout,path_anchor,R2P,subsection: What the Final Augmented Regularization Paths Show,tab:path_anchor_summary,tab:path_anchor_summary,L2733|tab:path_anchor_summary|row=surrogate_rho100|col=$R^2_P$,2733,ACTIVE,"Surrogate & 100 & 0.889 & \$82,094 & \latesttext{22.8\%} & \latesttext{0.357} & \textbf{1.010}\textsuperscript{*} & \tex",68aaae29496f1fc8c72de7cd74ffaa26ee07966bdb85beb206d5e76fff6b66d4,surrogate_rho100,$R^2_P$,analysis/p0_major_revision_validation/tables/frozen_artifact_reproduction.csv,csv,827253e9b1a229931b47dea285f3b1822b970caebac02ad2c956339b21d44ddf,P0_STAGE_1_5_G2,label=surrogate_rho100;split=heldout,RECOMPUTED,0.888812536448442,ratio,identity,ratio,half_up:3,0.889,ATTAINED,C,PENALTY_ISOLATING,PRIMARY,NOT_APPLICABLE,NOT_APPLICABLE,Positive-rho path value. The penalty-isolating reference is the custom-objective rho=0 origin (Cell C); the currently printed boldface is against Ordinary LightGBM and is a workflow-benchmark comparison only.
N-path-R2P-surrogate_rho_0p954095-forward_2025,path_anchor,R2P,subsection: What the Final Augmented Regularization Paths Show,tab:path_anchor_summary,tab:path_anchor_summary,L2755|tab:path_anchor_summary|row=surrogate_rho_0p954095|col=$R^2_P$,2755,ACTIVE,"Surrogate & \latesttext{$\approx1$} & \textbf{0.908}\textsuperscript{*} & \textbf{\$78,196}\textsuperscript{*} & \latest",83354210d1b17df63f21def964a98a48db13aad36a411b2fbfb87011ce4da38e,surrogate_rho_0p954095,$R^2_P$,analysis/p0_major_revision_validation/tables/frozen_artifact_reproduction.csv,csv,827253e9b1a229931b47dea285f3b1822b970caebac02ad2c956339b21d44ddf,P0_STAGE_1_5_G2,label=surrogate_rho_0p954095;split=forward_2025,RECOMPUTED,0.9082597431310552,ratio,identity,ratio,half_up:3,0.908,ATTAINED,C,PENALTY_ISOLATING,PRIMARY,NOT_APPLICABLE,NOT_APPLICABLE,Positive-rho path value. The penalty-isolating reference is the custom-objective rho=0 origin (Cell C); the currently printed boldface is against Ordinary LightGBM and is a workflow-benchmark comparison only.
N-path-R2P-surrogate_rho_0p954095-heldout,path_anchor,R2P,subsection: What the Final Augmented Regularization Paths Show,tab:path_anchor_summary,tab:path_anchor_summary,L2731|tab:path_anchor_summary|row=surrogate_rho_0p954095|col=$R^2_P$,2731,ACTIVE,"Surrogate & \latesttext{$\approx1$} & \textbf{0.897}\textsuperscript{*} & \textbf{\$75,468}\textsuperscript{*} & \latest",c3235e3460ce76663f62e8c4a621d82e29a996690fdd467304404e7044ff9eb5,surrogate_rho_0p954095,$R^2_P$,analysis/p0_major_revision_validation/tables/frozen_artifact_reproduction.csv,csv,827253e9b1a229931b47dea285f3b1822b970caebac02ad2c956339b21d44ddf,P0_STAGE_1_5_G2,label=surrogate_rho_0p954095;split=heldout,RECOMPUTED,0.896724378664091,ratio,identity,ratio,half_up:3,0.897,ATTAINED,C,PENALTY_ISOLATING,PRIMARY,NOT_APPLICABLE,NOT_APPLICABLE,Positive-rho path value. The penalty-isolating reference is the custom-objective rho=0 origin (Cell C); the currently printed boldface is against Ordinary LightGBM and is a workflow-benchmark comparison only.
N-path-RMSElogP-direct_rho100-forward_2025,path_anchor,RMSElogP,subsection: What the Final Augmented Regularization Paths Show,tab:path_anchor_summary,tab:path_anchor_summary,L2749|tab:path_anchor_summary|row=direct_rho100|col=$\operatorname{RMSE}_{\log P}$,2749,ACTIVE,"Direct & 100 & 0.873 & \$89,309 & \latesttext{23.1\%} & \latesttext{0.307} & \textbf{1.036}\textsuperscript{*} & \textbf",b539ae53b630534254fa868553c4b6918f1201f648654f49d24b62e99b431047,direct_rho100,$\operatorname{RMSE}_{\log P}$,analysis/p0_major_revision_validation/tables/frozen_artifact_reproduction.csv,csv,827253e9b1a229931b47dea285f3b1822b970caebac02ad2c956339b21d44ddf,P0_STAGE_1_5_G2,label=direct_rho100;split=forward_2025,RECOMPUTED,0.30676647599731716,log_points,identity,log_points,half_up:3,0.307,ATTAINED,C,PENALTY_ISOLATING,PRIMARY,NOT_APPLICABLE,NOT_APPLICABLE,Positive-rho path value. The penalty-isolating reference is the custom-objective rho=0 origin (Cell C); the currently printed boldface is against Ordinary LightGBM and is a workflow-benchmark comparison only.
N-path-RMSElogP-direct_rho100-heldout,path_anchor,RMSElogP,subsection: What the Final Augmented Regularization Paths Show,tab:path_anchor_summary,tab:path_anchor_summary,L2725|tab:path_anchor_summary|row=direct_rho100|col=$\operatorname{RMSE}_{\log P}$,2725,ACTIVE,"Direct & 100 & 0.869 & \$84,918 & \latesttext{23.9\%} & \latesttext{0.325} & \textbf{1.029}\textsuperscript{*} & \textbf",77e79d04008abe160ac303ece0d01847b4a62ad62bf5c056103921a8ececbbc8,direct_rho100,$\operatorname{RMSE}_{\log P}$,analysis/p0_major_revision_validation/tables/frozen_artifact_reproduction.csv,csv,827253e9b1a229931b47dea285f3b1822b970caebac02ad2c956339b21d44ddf,P0_STAGE_1_5_G2,label=direct_rho100;split=heldout,RECOMPUTED,0.32474422259692765,log_points,identity,log_points,half_up:3,0.325,ATTAINED,C,PENALTY_ISOLATING,PRIMARY,NOT_APPLICABLE,NOT_APPLICABLE,Positive-rho path value. The penalty-isolating reference is the custom-objective rho=0 origin (Cell C); the currently printed boldface is against Ordinary LightGBM and is a workflow-benchmark comparison only.
N-path-RMSElogP-direct_rho_0p954095-forward_2025,path_anchor,RMSElogP,subsection: What the Final Augmented Regularization Paths Show,tab:path_anchor_summary,tab:path_anchor_summary,L2747|tab:path_anchor_summary|row=direct_rho_0p954095|col=$\operatorname{RMSE}_{\log P}$,2747,ACTIVE,"Direct & \latesttext{$\approx1$} & \textbf{0.910}\textsuperscript{*} & \textbf{\$77,139}\textsuperscript{*} & \latesttex",1b02a8a48bc9d0daa84d0fadda2497346fa97ec5d921fcdce26003fd7103d1d1,direct_rho_0p954095,$\operatorname{RMSE}_{\log P}$,analysis/p0_major_revision_validation/tables/frozen_artifact_reproduction.csv,csv,827253e9b1a229931b47dea285f3b1822b970caebac02ad2c956339b21d44ddf,P0_STAGE_1_5_G2,label=direct_rho_0p954095;split=forward_2025,RECOMPUTED,0.27864425353782185,log_points,identity,log_points,half_up:3,0.279,ATTAINED,C,PENALTY_ISOLATING,PRIMARY,NOT_APPLICABLE,NOT_APPLICABLE,Positive-rho path value. The penalty-isolating reference is the custom-objective rho=0 origin (Cell C); the currently printed boldface is against Ordinary LightGBM and is a workflow-benchmark comparison only.
N-path-RMSElogP-direct_rho_0p954095-heldout,path_anchor,RMSElogP,subsection: What the Final Augmented Regularization Paths Show,tab:path_anchor_summary,tab:path_anchor_summary,L2723|tab:path_anchor_summary|row=direct_rho_0p954095|col=$\operatorname{RMSE}_{\log P}$,2723,ACTIVE,"Direct & \latesttext{$\approx1$} & \textbf{0.899}\textsuperscript{*} & \textbf{\$74,485}\textsuperscript{*} & \latesttex",3cbf8a0c06f3e5295a342989cc0b72b3dd1b8e21851e7d8eaae77e384341003a,direct_rho_0p954095,$\operatorname{RMSE}_{\log P}$,analysis/p0_major_revision_validation/tables/frozen_artifact_reproduction.csv,csv,827253e9b1a229931b47dea285f3b1822b970caebac02ad2c956339b21d44ddf,P0_STAGE_1_5_G2,label=direct_rho_0p954095;split=heldout,RECOMPUTED,0.2897506581339924,log_points,identity,log_points,half_up:3,0.290,ATTAINED,C,PENALTY_ISOLATING,PRIMARY,NOT_APPLICABLE,NOT_APPLICABLE,Positive-rho path value. The penalty-isolating reference is the custom-objective rho=0 origin (Cell C); the currently printed boldface is against Ordinary LightGBM and is a workflow-benchmark comparison only.
N-path-RMSElogP-surrogate_rho100-forward_2025,path_anchor,RMSElogP,subsection: What the Final Augmented Regularization Paths Show,tab:path_anchor_summary,tab:path_anchor_summary,L2757|tab:path_anchor_summary|row=surrogate_rho100|col=$\operatorname{RMSE}_{\log P}$,2757,ACTIVE,"Surrogate & 100 & 0.900 & \$85,257 & \latesttext{22.0\%} & \latesttext{0.336} & \textbf{1.020}\textsuperscript{*} & \tex",b1d969be249340a677ff5c7e9487e61a69375822eaf81b45b91941f22793a1d1,surrogate_rho100,$\operatorname{RMSE}_{\log P}$,analysis/p0_major_revision_validation/tables/frozen_artifact_reproduction.csv,csv,827253e9b1a229931b47dea285f3b1822b970caebac02ad2c956339b21d44ddf,P0_STAGE_1_5_G2,label=surrogate_rho100;split=forward_2025,RECOMPUTED,0.3363374872243302,log_points,identity,log_points,half_up:3,0.336,ATTAINED,C,PENALTY_ISOLATING,PRIMARY,NOT_APPLICABLE,NOT_APPLICABLE,Positive-rho path value. The penalty-isolating reference is the custom-objective rho=0 origin (Cell C); the currently printed boldface is against Ordinary LightGBM and is a workflow-benchmark comparison only.
N-path-RMSElogP-surrogate_rho100-heldout,path_anchor,RMSElogP,subsection: What the Final Augmented Regularization Paths Show,tab:path_anchor_summary,tab:path_anchor_summary,L2733|tab:path_anchor_summary|row=surrogate_rho100|col=$\operatorname{RMSE}_{\log P}$,2733,ACTIVE,"Surrogate & 100 & 0.889 & \$82,094 & \latesttext{22.8\%} & \latesttext{0.357} & \textbf{1.010}\textsuperscript{*} & \tex",68aaae29496f1fc8c72de7cd74ffaa26ee07966bdb85beb206d5e76fff6b66d4,surrogate_rho100,$\operatorname{RMSE}_{\log P}$,analysis/p0_major_revision_validation/tables/frozen_artifact_reproduction.csv,csv,827253e9b1a229931b47dea285f3b1822b970caebac02ad2c956339b21d44ddf,P0_STAGE_1_5_G2,label=surrogate_rho100;split=heldout,RECOMPUTED,0.3570508553306471,log_points,identity,log_points,half_up:3,0.357,ATTAINED,C,PENALTY_ISOLATING,PRIMARY,NOT_APPLICABLE,NOT_APPLICABLE,Positive-rho path value. The penalty-isolating reference is the custom-objective rho=0 origin (Cell C); the currently printed boldface is against Ordinary LightGBM and is a workflow-benchmark comparison only.
N-path-RMSElogP-surrogate_rho_0p954095-forward_2025,path_anchor,RMSElogP,subsection: What the Final Augmented Regularization Paths Show,tab:path_anchor_summary,tab:path_anchor_summary,L2755|tab:path_anchor_summary|row=surrogate_rho_0p954095|col=$\operatorname{RMSE}_{\log P}$,2755,ACTIVE,"Surrogate & \latesttext{$\approx1$} & \textbf{0.908}\textsuperscript{*} & \textbf{\$78,196}\textsuperscript{*} & \latest",83354210d1b17df63f21def964a98a48db13aad36a411b2fbfb87011ce4da38e,surrogate_rho_0p954095,$\operatorname{RMSE}_{\log P}$,analysis/p0_major_revision_validation/tables/frozen_artifact_reproduction.csv,csv,827253e9b1a229931b47dea285f3b1822b970caebac02ad2c956339b21d44ddf,P0_STAGE_1_5_G2,label=surrogate_rho_0p954095;split=forward_2025,RECOMPUTED,0.2837204081264936,log_points,identity,log_points,half_up:3,0.284,ATTAINED,C,PENALTY_ISOLATING,PRIMARY,NOT_APPLICABLE,NOT_APPLICABLE,Positive-rho path value. The penalty-isolating reference is the custom-objective rho=0 origin (Cell C); the currently printed boldface is against Ordinary LightGBM and is a workflow-benchmark comparison only.
N-path-RMSElogP-surrogate_rho_0p954095-heldout,path_anchor,RMSElogP,subsection: What the Final Augmented Regularization Paths Show,tab:path_anchor_summary,tab:path_anchor_summary,L2731|tab:path_anchor_summary|row=surrogate_rho_0p954095|col=$\operatorname{RMSE}_{\log P}$,2731,ACTIVE,"Surrogate & \latesttext{$\approx1$} & \textbf{0.897}\textsuperscript{*} & \textbf{\$75,468}\textsuperscript{*} & \latest",c3235e3460ce76663f62e8c4a621d82e29a996690fdd467304404e7044ff9eb5,surrogate_rho_0p954095,$\operatorname{RMSE}_{\log P}$,analysis/p0_major_revision_validation/tables/frozen_artifact_reproduction.csv,csv,827253e9b1a229931b47dea285f3b1822b970caebac02ad2c956339b21d44ddf,P0_STAGE_1_5_G2,label=surrogate_rho_0p954095;split=heldout,RECOMPUTED,0.29823300882579257,log_points,identity,log_points,half_up:3,0.298,ATTAINED,C,PENALTY_ISOLATING,PRIMARY,NOT_APPLICABLE,NOT_APPLICABLE,Positive-rho path value. The penalty-isolating reference is the custom-objective rho=0 origin (Cell C); the currently printed boldface is against Ordinary LightGBM and is a workflow-benchmark comparison only.
N-pathcomp-COD-direct_rho100-forward_2025,path_anchor,COD,Appendix subsection: Complete Regularization-Path Results,tab:path_anchor_complementary,tab:path_anchor_complementary,L3973|tab:path_anchor_complementary|row=direct_rho100|col=COD,3973,ACTIVE,Direct & 100 & \latesttext{\textbf{0.992}\textsuperscript{*}} & \latesttext{1.049} & \latesttext{\textbf{1.012}\textsupe,32a05af76b2f4f7ec2db8a4343cc418f7503e7aebba46017cabe2d510ff1d4c5,direct_rho100,COD,analysis/p0_major_revision_validation/tables/frozen_artifact_reproduction.csv,csv,827253e9b1a229931b47dea285f3b1822b970caebac02ad2c956339b21d44ddf,P0_STAGE_1_5_G2,label=direct_rho100;split=forward_2025,RECOMPUTED,23.32036710762418,percent,identity,percent,half_up:1,23.3,ATTAINED,C,PENALTY_ISOLATING,PRIMARY,NOT_APPLICABLE,IAAO_2013_ADOPTED,"Delta_NL and dCor are NOT in the frozen reproduction table, so those two columns of this table are unsupported at every positive-rho anchor."
N-pathcomp-COD-direct_rho100-heldout,path_anchor,COD,Appendix subsection: Complete Regularization-Path Results,tab:path_anchor_complementary,tab:path_anchor_complementary,L3945|tab:path_anchor_complementary|row=direct_rho100|col=COD,3945,ACTIVE,Direct & 100 & \latesttext{\textbf{0.968}} & \latesttext{1.022} & \latesttext{\textbf{0.993}\textsuperscript{*}} & \late,fe0557667e14a827a2b17510982eb4834df626afbe66c4e9f87c5e61aedf4c15,direct_rho100,COD,analysis/p0_major_revision_validation/tables/frozen_artifact_reproduction.csv,csv,827253e9b1a229931b47dea285f3b1822b970caebac02ad2c956339b21d44ddf,P0_STAGE_1_5_G2,label=direct_rho100;split=heldout,RECOMPUTED,24.532318094602086,percent,identity,percent,half_up:1,24.5,ATTAINED,C,PENALTY_ISOLATING,PRIMARY,NOT_APPLICABLE,IAAO_2013_ADOPTED,"Delta_NL and dCor are NOT in the frozen reproduction table, so those two columns of this table are unsupported at every positive-rho anchor."
N-pathcomp-COD-direct_rho_0p954095-forward_2025,path_anchor,COD,Appendix subsection: Complete Regularization-Path Results,tab:path_anchor_complementary,tab:path_anchor_complementary,L3971|tab:path_anchor_complementary|row=direct_rho_0p954095|col=COD,3971,ACTIVE,Direct & \latesttext{$\approx1$} & \latesttext{\textbf{0.957}} & \latesttext{1.019} & \latesttext{\textbf{0.954}} & \lat,e449c3c3c385f5f2bf30ea91e64397b64204ce6ab7ecb9e9b7c86987577d7806,direct_rho_0p954095,COD,analysis/p0_major_revision_validation/tables/frozen_artifact_reproduction.csv,csv,827253e9b1a229931b47dea285f3b1822b970caebac02ad2c956339b21d44ddf,P0_STAGE_1_5_G2,label=direct_rho_0p954095;split=forward_2025,RECOMPUTED,21.211798974663367,percent,identity,percent,half_up:1,21.2,ATTAINED,C,PENALTY_ISOLATING,PRIMARY,NOT_APPLICABLE,IAAO_2013_ADOPTED,"Delta_NL and dCor are NOT in the frozen reproduction table, so those two columns of this table are unsupported at every positive-rho anchor."
N-pathcomp-COD-direct_rho_0p954095-heldout,path_anchor,COD,Appendix subsection: Complete Regularization-Path Results,tab:path_anchor_complementary,tab:path_anchor_complementary,L3943|tab:path_anchor_complementary|row=direct_rho_0p954095|col=COD,3943,ACTIVE,Direct & \latesttext{$\approx1$} & \latesttext{\textbf{0.936}} & \latesttext{\textbf{0.993}\textsuperscript{*}} & \lates,04d93cea93e5f10af5e94a421f2d387803be52c58ec67cc9e78e58583f10fbbd,direct_rho_0p954095,COD,analysis/p0_major_revision_validation/tables/frozen_artifact_reproduction.csv,csv,827253e9b1a229931b47dea285f3b1822b970caebac02ad2c956339b21d44ddf,P0_STAGE_1_5_G2,label=direct_rho_0p954095;split=heldout,RECOMPUTED,21.641970722696126,percent,identity,percent,half_up:1,21.6,ATTAINED,C,PENALTY_ISOLATING,PRIMARY,NOT_APPLICABLE,IAAO_2013_ADOPTED,"Delta_NL and dCor are NOT in the frozen reproduction table, so those two columns of this table are unsupported at every positive-rho anchor."
N-pathcomp-COD-surrogate_rho100-forward_2025,path_anchor,COD,Appendix subsection: Complete Regularization-Path Results,tab:path_anchor_complementary,tab:path_anchor_complementary,L3982|tab:path_anchor_complementary|row=surrogate_rho100|col=COD,3982,ACTIVE,Surrogate & 100 & \latesttext{0.948} & \latesttext{0.964} & \latesttext{\textbf{0.945}} & \latesttext{22.7\%} & \latestt,6bbd2be2f7d9fcd4ddfd242d9733bf5f997102ae2bd177aca7ffe7d3b3266438,surrogate_rho100,COD,analysis/p0_major_revision_validation/tables/frozen_artifact_reproduction.csv,csv,827253e9b1a229931b47dea285f3b1822b970caebac02ad2c956339b21d44ddf,P0_STAGE_1_5_G2,label=surrogate_rho100;split=forward_2025,RECOMPUTED,22.68455542404257,percent,identity,percent,half_up:1,22.7,ATTAINED,C,PENALTY_ISOLATING,PRIMARY,NOT_APPLICABLE,IAAO_2013_ADOPTED,"Delta_NL and dCor are NOT in the frozen reproduction table, so those two columns of this table are unsupported at every positive-rho anchor."
N-pathcomp-COD-surrogate_rho100-heldout,path_anchor,COD,Appendix subsection: Complete Regularization-Path Results,tab:path_anchor_complementary,tab:path_anchor_complementary,L3954|tab:path_anchor_complementary|row=surrogate_rho100|col=COD,3954,ACTIVE,Surrogate & 100 & \latesttext{0.923} & \latesttext{0.937} & \latesttext{\textbf{0.928}} & \latesttext{23.5\%} & \latestt,1fe2edcc641e96f734a6e9c6e152f48464e4ffec0749bf092571c28135e6b7ab,surrogate_rho100,COD,analysis/p0_major_revision_validation/tables/frozen_artifact_reproduction.csv,csv,827253e9b1a229931b47dea285f3b1822b970caebac02ad2c956339b21d44ddf,P0_STAGE_1_5_G2,label=surrogate_rho100;split=heldout,RECOMPUTED,23.521492466919096,percent,identity,percent,half_up:1,23.5,ATTAINED,C,PENALTY_ISOLATING,PRIMARY,NOT_APPLICABLE,IAAO_2013_ADOPTED,"Delta_NL and dCor are NOT in the frozen reproduction table, so those two columns of this table are unsupported at every positive-rho anchor."
N-pathcomp-COD-surrogate_rho_0p954095-forward_2025,path_anchor,COD,Appendix subsection: Complete Regularization-Path Results,tab:path_anchor_complementary,tab:path_anchor_complementary,L3980|tab:path_anchor_complementary|row=surrogate_rho_0p954095|col=COD,3980,ACTIVE,Surrogate & \latesttext{$\approx1$} & \latesttext{0.950} & \latesttext{\textbf{1.003}\textsuperscript{*}} & \latesttext{,d43bcde126526a632cf8fd017bf4661e17c5238c0c04a036b6ae87fea72bf0aa,surrogate_rho_0p954095,COD,analysis/p0_major_revision_validation/tables/frozen_artifact_reproduction.csv,csv,827253e9b1a229931b47dea285f3b1822b970caebac02ad2c956339b21d44ddf,P0_STAGE_1_5_G2,label=surrogate_rho_0p954095;split=forward_2025,RECOMPUTED,20.93824125662963,percent,identity,percent,half_up:1,20.9,ATTAINED,C,PENALTY_ISOLATING,PRIMARY,NOT_APPLICABLE,IAAO_2013_ADOPTED,"Delta_NL and dCor are NOT in the frozen reproduction table, so those two columns of this table are unsupported at every positive-rho anchor."
N-pathcomp-COD-surrogate_rho_0p954095-heldout,path_anchor,COD,Appendix subsection: Complete Regularization-Path Results,tab:path_anchor_complementary,tab:path_anchor_complementary,L3952|tab:path_anchor_complementary|row=surrogate_rho_0p954095|col=COD,3952,ACTIVE,Surrogate & \latesttext{$\approx1$} & \latesttext{0.929} & \latesttext{0.975} & \latesttext{\textbf{0.930}} & \latesttex,f5896fd83e9c701d54625d9f060885205bd2df91b5dc1a0d4bab53b5c2a47431,surrogate_rho_0p954095,COD,analysis/p0_major_revision_validation/tables/frozen_artifact_reproduction.csv,csv,827253e9b1a229931b47dea285f3b1822b970caebac02ad2c956339b21d44ddf,P0_STAGE_1_5_G2,label=surrogate_rho_0p954095;split=heldout,RECOMPUTED,21.358728679598542,percent,identity,percent,half_up:1,21.4,ATTAINED,C,PENALTY_ISOLATING,PRIMARY,NOT_APPLICABLE,IAAO_2013_ADOPTED,"Delta_NL and dCor are NOT in the frozen reproduction table, so those two columns of this table are unsupported at every positive-rho anchor."
N-pathcomp-COV-direct_rho100-forward_2025,path_anchor,COV,Appendix subsection: Complete Regularization-Path Results,tab:path_anchor_complementary,tab:path_anchor_complementary,L3973|tab:path_anchor_complementary|row=direct_rho100|col=COV,3973,ACTIVE,Direct & 100 & \latesttext{\textbf{0.992}\textsuperscript{*}} & \latesttext{1.049} & \latesttext{\textbf{1.012}\textsupe,32a05af76b2f4f7ec2db8a4343cc418f7503e7aebba46017cabe2d510ff1d4c5,direct_rho100,COV,analysis/p0_major_revision_validation/tables/frozen_artifact_reproduction.csv,csv,827253e9b1a229931b47dea285f3b1822b970caebac02ad2c956339b21d44ddf,P0_STAGE_1_5_G2,label=direct_rho100;split=forward_2025,RECOMPUTED,0.4025162806008018,percent,identity,percent,half_up:1,0.4,ATTAINED,C,PENALTY_ISOLATING,PRIMARY,NOT_APPLICABLE,IAAO_2013_ADOPTED,"Delta_NL and dCor are NOT in the frozen reproduction table, so those two columns of this table are unsupported at every positive-rho anchor."
N-pathcomp-COV-direct_rho100-heldout,path_anchor,COV,Appendix subsection: Complete Regularization-Path Results,tab:path_anchor_complementary,tab:path_anchor_complementary,L3945|tab:path_anchor_complementary|row=direct_rho100|col=COV,3945,ACTIVE,Direct & 100 & \latesttext{\textbf{0.968}} & \latesttext{1.022} & \latesttext{\textbf{0.993}\textsuperscript{*}} & \late,fe0557667e14a827a2b17510982eb4834df626afbe66c4e9f87c5e61aedf4c15,direct_rho100,COV,analysis/p0_major_revision_validation/tables/frozen_artifact_reproduction.csv,csv,827253e9b1a229931b47dea285f3b1822b970caebac02ad2c956339b21d44ddf,P0_STAGE_1_5_G2,label=direct_rho100;split=heldout,RECOMPUTED,0.4145102610058878,percent,identity,percent,half_up:1,0.4,ATTAINED,C,PENALTY_ISOLATING,PRIMARY,NOT_APPLICABLE,IAAO_2013_ADOPTED,"Delta_NL and dCor are NOT in the frozen reproduction table, so those two columns of this table are unsupported at every positive-rho anchor."
N-pathcomp-COV-direct_rho_0p954095-forward_2025,path_anchor,COV,Appendix subsection: Complete Regularization-Path Results,tab:path_anchor_complementary,tab:path_anchor_complementary,L3971|tab:path_anchor_complementary|row=direct_rho_0p954095|col=COV,3971,ACTIVE,Direct & \latesttext{$\approx1$} & \latesttext{\textbf{0.957}} & \latesttext{1.019} & \latesttext{\textbf{0.954}} & \lat,e449c3c3c385f5f2bf30ea91e64397b64204ce6ab7ecb9e9b7c86987577d7806,direct_rho_0p954095,COV,analysis/p0_major_revision_validation/tables/frozen_artifact_reproduction.csv,csv,827253e9b1a229931b47dea285f3b1822b970caebac02ad2c956339b21d44ddf,P0_STAGE_1_5_G2,label=direct_rho_0p954095;split=forward_2025,RECOMPUTED,0.3721084523625193,percent,identity,percent,half_up:1,0.4,ATTAINED,C,PENALTY_ISOLATING,PRIMARY,NOT_APPLICABLE,IAAO_2013_ADOPTED,"Delta_NL and dCor are NOT in the frozen reproduction table, so those two columns of this table are unsupported at every positive-rho anchor."
N-pathcomp-COV-direct_rho_0p954095-heldout,path_anchor,COV,Appendix subsection: Complete Regularization-Path Results,tab:path_anchor_complementary,tab:path_anchor_complementary,L3943|tab:path_anchor_complementary|row=direct_rho_0p954095|col=COV,3943,ACTIVE,Direct & \latesttext{$\approx1$} & \latesttext{\textbf{0.936}} & \latesttext{\textbf{0.993}\textsuperscript{*}} & \lates,04d93cea93e5f10af5e94a421f2d387803be52c58ec67cc9e78e58583f10fbbd,direct_rho_0p954095,COV,analysis/p0_major_revision_validation/tables/frozen_artifact_reproduction.csv,csv,827253e9b1a229931b47dea285f3b1822b970caebac02ad2c956339b21d44ddf,P0_STAGE_1_5_G2,label=direct_rho_0p954095;split=heldout,RECOMPUTED,0.39929306167316686,percent,identity,percent,half_up:1,0.4,ATTAINED,C,PENALTY_ISOLATING,PRIMARY,NOT_APPLICABLE,IAAO_2013_ADOPTED,"Delta_NL and dCor are NOT in the frozen reproduction table, so those two columns of this table are unsupported at every positive-rho anchor."
N-pathcomp-COV-surrogate_rho100-forward_2025,path_anchor,COV,Appendix subsection: Complete Regularization-Path Results,tab:path_anchor_complementary,tab:path_anchor_complementary,L3982|tab:path_anchor_complementary|row=surrogate_rho100|col=COV,3982,ACTIVE,Surrogate & 100 & \latesttext{0.948} & \latesttext{0.964} & \latesttext{\textbf{0.945}} & \latesttext{22.7\%} & \latestt,6bbd2be2f7d9fcd4ddfd242d9733bf5f997102ae2bd177aca7ffe7d3b3266438,surrogate_rho100,COV,analysis/p0_major_revision_validation/tables/frozen_artifact_reproduction.csv,csv,827253e9b1a229931b47dea285f3b1822b970caebac02ad2c956339b21d44ddf,P0_STAGE_1_5_G2,label=surrogate_rho100;split=forward_2025,RECOMPUTED,0.36849936213061574,percent,identity,percent,half_up:1,0.4,ATTAINED,C,PENALTY_ISOLATING,PRIMARY,NOT_APPLICABLE,IAAO_2013_ADOPTED,"Delta_NL and dCor are NOT in the frozen reproduction table, so those two columns of this table are unsupported at every positive-rho anchor."
N-pathcomp-COV-surrogate_rho100-heldout,path_anchor,COV,Appendix subsection: Complete Regularization-Path Results,tab:path_anchor_complementary,tab:path_anchor_complementary,L3954|tab:path_anchor_complementary|row=surrogate_rho100|col=COV,3954,ACTIVE,Surrogate & 100 & \latesttext{0.923} & \latesttext{0.937} & \latesttext{\textbf{0.928}} & \latesttext{23.5\%} & \latestt,1fe2edcc641e96f734a6e9c6e152f48464e4ffec0749bf092571c28135e6b7ab,surrogate_rho100,COV,analysis/p0_major_revision_validation/tables/frozen_artifact_reproduction.csv,csv,827253e9b1a229931b47dea285f3b1822b970caebac02ad2c956339b21d44ddf,P0_STAGE_1_5_G2,label=surrogate_rho100;split=heldout,RECOMPUTED,0.40286311293508037,percent,identity,percent,half_up:1,0.4,ATTAINED,C,PENALTY_ISOLATING,PRIMARY,NOT_APPLICABLE,IAAO_2013_ADOPTED,"Delta_NL and dCor are NOT in the frozen reproduction table, so those two columns of this table are unsupported at every positive-rho anchor."
N-pathcomp-COV-surrogate_rho_0p954095-forward_2025,path_anchor,COV,Appendix subsection: Complete Regularization-Path Results,tab:path_anchor_complementary,tab:path_anchor_complementary,L3980|tab:path_anchor_complementary|row=surrogate_rho_0p954095|col=COV,3980,ACTIVE,Surrogate & \latesttext{$\approx1$} & \latesttext{0.950} & \latesttext{\textbf{1.003}\textsuperscript{*}} & \latesttext{,d43bcde126526a632cf8fd017bf4661e17c5238c0c04a036b6ae87fea72bf0aa,surrogate_rho_0p954095,COV,analysis/p0_major_revision_validation/tables/frozen_artifact_reproduction.csv,csv,827253e9b1a229931b47dea285f3b1822b970caebac02ad2c956339b21d44ddf,P0_STAGE_1_5_G2,label=surrogate_rho_0p954095;split=forward_2025,RECOMPUTED,0.36146230863619133,percent,identity,percent,half_up:1,0.4,ATTAINED,C,PENALTY_ISOLATING,PRIMARY,NOT_APPLICABLE,IAAO_2013_ADOPTED,"Delta_NL and dCor are NOT in the frozen reproduction table, so those two columns of this table are unsupported at every positive-rho anchor."
N-pathcomp-COV-surrogate_rho_0p954095-heldout,path_anchor,COV,Appendix subsection: Complete Regularization-Path Results,tab:path_anchor_complementary,tab:path_anchor_complementary,L3952|tab:path_anchor_complementary|row=surrogate_rho_0p954095|col=COV,3952,ACTIVE,Surrogate & \latesttext{$\approx1$} & \latesttext{0.929} & \latesttext{0.975} & \latesttext{\textbf{0.930}} & \latesttex,f5896fd83e9c701d54625d9f060885205bd2df91b5dc1a0d4bab53b5c2a47431,surrogate_rho_0p954095,COV,analysis/p0_major_revision_validation/tables/frozen_artifact_reproduction.csv,csv,827253e9b1a229931b47dea285f3b1822b970caebac02ad2c956339b21d44ddf,P0_STAGE_1_5_G2,label=surrogate_rho_0p954095;split=heldout,RECOMPUTED,0.38233542336316617,percent,identity,percent,half_up:1,0.4,ATTAINED,C,PENALTY_ISOLATING,PRIMARY,NOT_APPLICABLE,IAAO_2013_ADOPTED,"Delta_NL and dCor are NOT in the frozen reproduction table, so those two columns of this table are unsupported at every positive-rho anchor."
N-pathcomp-betalog-direct_rho100-forward_2025,path_anchor,betalog,subsection: First-Order Correction and Residual Structure Along the Path,,fig:mechanism_path_placeholder,L2855|fig:mechanism_path_placeholder|row=direct_rho100|col=$\beta_{\log}$,2855,ACTIVE,"$-0.161$ to $-0.093$. The Surrogate path moves closer to first-order neutrality,",81294200cf9e9b1ae20327d8c227316f7956d9b9ba858cecc27cb772e94d5943,direct_rho100,$\beta_{\log}$,analysis/p0_major_revision_validation/tables/frozen_artifact_reproduction.csv,csv,827253e9b1a229931b47dea285f3b1822b970caebac02ad2c956339b21d44ddf,P0_STAGE_1_5_G2,label=direct_rho100;split=forward_2025,RECOMPUTED,-0.09301578901584905,coefficient,identity,coefficient,half_up:3,-0.093,ATTAINED,C,PENALTY_ISOLATING,PRIMARY,NOT_APPLICABLE,NOT_APPLICABLE,"The rho=100 end of the quoted beta_log range, in prose. Same scientific values as the complementary-table rows."
N-pathcomp-betalog-direct_rho100-forward_2025,path_anchor,betalog,Appendix subsection: Complete Regularization-Path Results,tab:path_anchor_complementary,tab:path_anchor_complementary,L3973|tab:path_anchor_complementary|row=direct_rho100|col=$\beta_{\log}$,3973,ACTIVE,Direct & 100 & \latesttext{\textbf{0.992}\textsuperscript{*}} & \latesttext{1.049} & \latesttext{\textbf{1.012}\textsupe,32a05af76b2f4f7ec2db8a4343cc418f7503e7aebba46017cabe2d510ff1d4c5,direct_rho100,$\beta_{\log}$,analysis/p0_major_revision_validation/tables/frozen_artifact_reproduction.csv,csv,827253e9b1a229931b47dea285f3b1822b970caebac02ad2c956339b21d44ddf,P0_STAGE_1_5_G2,label=direct_rho100;split=forward_2025,RECOMPUTED,-0.09301578901584905,coefficient,identity,coefficient,half_up:3,-0.093,ATTAINED,C,PENALTY_ISOLATING,PRIMARY,NOT_APPLICABLE,NOT_APPLICABLE,"Delta_NL and dCor are NOT in the frozen reproduction table, so those two columns of this table are unsupported at every positive-rho anchor."
N-pathcomp-betalog-direct_rho100-heldout,path_anchor,betalog,subsection: First-Order Correction and Residual Structure Along the Path,,fig:mechanism_path_placeholder,L2854|fig:mechanism_path_placeholder|row=direct_rho100|col=$\beta_{\log}$,2854,ACTIVE,$\rho=0$ to $-0.079$ at $\rho=100$; the corresponding 2025 values move from,1007502aece6b89f53ee2b61786f74e6a149355bc3b57b0e0d2c78e6513b5d04,direct_rho100,$\beta_{\log}$,analysis/p0_major_revision_validation/tables/frozen_artifact_reproduction.csv,csv,827253e9b1a229931b47dea285f3b1822b970caebac02ad2c956339b21d44ddf,P0_STAGE_1_5_G2,label=direct_rho100;split=heldout,RECOMPUTED,-0.07941104891286899,coefficient,identity,coefficient,half_up:3,-0.079,ATTAINED,C,PENALTY_ISOLATING,PRIMARY,NOT_APPLICABLE,NOT_APPLICABLE,"The rho=100 end of the quoted beta_log range, in prose. Same scientific values as the complementary-table rows."
N-pathcomp-betalog-direct_rho100-heldout,path_anchor,betalog,Appendix subsection: Complete Regularization-Path Results,tab:path_anchor_complementary,tab:path_anchor_complementary,L3945|tab:path_anchor_complementary|row=direct_rho100|col=$\beta_{\log}$,3945,ACTIVE,Direct & 100 & \latesttext{\textbf{0.968}} & \latesttext{1.022} & \latesttext{\textbf{0.993}\textsuperscript{*}} & \late,fe0557667e14a827a2b17510982eb4834df626afbe66c4e9f87c5e61aedf4c15,direct_rho100,$\beta_{\log}$,analysis/p0_major_revision_validation/tables/frozen_artifact_reproduction.csv,csv,827253e9b1a229931b47dea285f3b1822b970caebac02ad2c956339b21d44ddf,P0_STAGE_1_5_G2,label=direct_rho100;split=heldout,RECOMPUTED,-0.07941104891286899,coefficient,identity,coefficient,half_up:3,-0.079,ATTAINED,C,PENALTY_ISOLATING,PRIMARY,NOT_APPLICABLE,NOT_APPLICABLE,"Delta_NL and dCor are NOT in the frozen reproduction table, so those two columns of this table are unsupported at every positive-rho anchor."
N-pathcomp-betalog-direct_rho_0p954095-forward_2025,path_anchor,betalog,Appendix subsection: Complete Regularization-Path Results,tab:path_anchor_complementary,tab:path_anchor_complementary,L3971|tab:path_anchor_complementary|row=direct_rho_0p954095|col=$\beta_{\log}$,3971,ACTIVE,Direct & \latesttext{$\approx1$} & \latesttext{\textbf{0.957}} & \latesttext{1.019} & \latesttext{\textbf{0.954}} & \lat,e449c3c3c385f5f2bf30ea91e64397b64204ce6ab7ecb9e9b7c86987577d7806,direct_rho_0p954095,$\beta_{\log}$,analysis/p0_major_revision_validation/tables/frozen_artifact_reproduction.csv,csv,827253e9b1a229931b47dea285f3b1822b970caebac02ad2c956339b21d44ddf,P0_STAGE_1_5_G2,label=direct_rho_0p954095;split=forward_2025,RECOMPUTED,-0.14801679471414472,coefficient,identity,coefficient,half_up:3,-0.148,ATTAINED,C,PENALTY_ISOLATING,PRIMARY,NOT_APPLICABLE,NOT_APPLICABLE,"Delta_NL and dCor are NOT in the frozen reproduction table, so those two columns of this table are unsupported at every positive-rho anchor."
N-pathcomp-betalog-direct_rho_0p954095-heldout,path_anchor,betalog,Appendix subsection: Complete Regularization-Path Results,tab:path_anchor_complementary,tab:path_anchor_complementary,L3943|tab:path_anchor_complementary|row=direct_rho_0p954095|col=$\beta_{\log}$,3943,ACTIVE,Direct & \latesttext{$\approx1$} & \latesttext{\textbf{0.936}} & \latesttext{\textbf{0.993}\textsuperscript{*}} & \lates,04d93cea93e5f10af5e94a421f2d387803be52c58ec67cc9e78e58583f10fbbd,direct_rho_0p954095,$\beta_{\log}$,analysis/p0_major_revision_validation/tables/frozen_artifact_reproduction.csv,csv,827253e9b1a229931b47dea285f3b1822b970caebac02ad2c956339b21d44ddf,P0_STAGE_1_5_G2,label=direct_rho_0p954095;split=heldout,RECOMPUTED,-0.13384627663125165,coefficient,identity,coefficient,half_up:3,-0.134,ATTAINED,C,PENALTY_ISOLATING,PRIMARY,NOT_APPLICABLE,NOT_APPLICABLE,"Delta_NL and dCor are NOT in the frozen reproduction table, so those two columns of this table are unsupported at every positive-rho anchor."
N-pathcomp-betalog-surrogate_rho100-forward_2025,path_anchor,betalog,subsection: First-Order Correction and Residual Structure Along the Path,,fig:mechanism_path_placeholder,L2856|fig:mechanism_path_placeholder|row=surrogate_rho100|col=$\beta_{\log}$,2856,ACTIVE,reaching $-0.001$ on the held-out sample and $-0.015$ in 2025 at $\rho=100$.,7808cf216dab124d7c8e95e0af40415c43843abb2c936a91b2d43d9eb69cbe33,surrogate_rho100,$\beta_{\log}$,analysis/p0_major_revision_validation/tables/frozen_artifact_reproduction.csv,csv,827253e9b1a229931b47dea285f3b1822b970caebac02ad2c956339b21d44ddf,P0_STAGE_1_5_G2,label=surrogate_rho100;split=forward_2025,RECOMPUTED,-0.014834879718963207,coefficient,identity,coefficient,half_up:3,-0.015,ATTAINED,C,PENALTY_ISOLATING,PRIMARY,NOT_APPLICABLE,NOT_APPLICABLE,"The rho=100 end of the quoted beta_log range, in prose. Same scientific values as the complementary-table rows."
N-pathcomp-betalog-surrogate_rho100-forward_2025,path_anchor,betalog,Appendix subsection: Complete Regularization-Path Results,tab:path_anchor_complementary,tab:path_anchor_complementary,L3982|tab:path_anchor_complementary|row=surrogate_rho100|col=$\beta_{\log}$,3982,ACTIVE,Surrogate & 100 & \latesttext{0.948} & \latesttext{0.964} & \latesttext{\textbf{0.945}} & \latesttext{22.7\%} & \latestt,6bbd2be2f7d9fcd4ddfd242d9733bf5f997102ae2bd177aca7ffe7d3b3266438,surrogate_rho100,$\beta_{\log}$,analysis/p0_major_revision_validation/tables/frozen_artifact_reproduction.csv,csv,827253e9b1a229931b47dea285f3b1822b970caebac02ad2c956339b21d44ddf,P0_STAGE_1_5_G2,label=surrogate_rho100;split=forward_2025,RECOMPUTED,-0.014834879718963207,coefficient,identity,coefficient,half_up:3,-0.015,ATTAINED,C,PENALTY_ISOLATING,PRIMARY,NOT_APPLICABLE,NOT_APPLICABLE,"Delta_NL and dCor are NOT in the frozen reproduction table, so those two columns of this table are unsupported at every positive-rho anchor."
N-pathcomp-betalog-surrogate_rho100-heldout,path_anchor,betalog,subsection: First-Order Correction and Residual Structure Along the Path,,fig:mechanism_path_placeholder,L2856|fig:mechanism_path_placeholder|row=surrogate_rho100|col=$\beta_{\log}$,2856,ACTIVE,reaching $-0.001$ on the held-out sample and $-0.015$ in 2025 at $\rho=100$.,7808cf216dab124d7c8e95e0af40415c43843abb2c936a91b2d43d9eb69cbe33,surrogate_rho100,$\beta_{\log}$,analysis/p0_major_revision_validation/tables/frozen_artifact_reproduction.csv,csv,827253e9b1a229931b47dea285f3b1822b970caebac02ad2c956339b21d44ddf,P0_STAGE_1_5_G2,label=surrogate_rho100;split=heldout,RECOMPUTED,-0.001297618149301881,coefficient,identity,coefficient,half_up:3,-0.001,ATTAINED,C,PENALTY_ISOLATING,PRIMARY,NOT_APPLICABLE,NOT_APPLICABLE,"The rho=100 end of the quoted beta_log range, in prose. Same scientific values as the complementary-table rows."
N-pathcomp-betalog-surrogate_rho100-heldout,path_anchor,betalog,Appendix subsection: Complete Regularization-Path Results,tab:path_anchor_complementary,tab:path_anchor_complementary,L3954|tab:path_anchor_complementary|row=surrogate_rho100|col=$\beta_{\log}$,3954,ACTIVE,Surrogate & 100 & \latesttext{0.923} & \latesttext{0.937} & \latesttext{\textbf{0.928}} & \latesttext{23.5\%} & \latestt,1fe2edcc641e96f734a6e9c6e152f48464e4ffec0749bf092571c28135e6b7ab,surrogate_rho100,$\beta_{\log}$,analysis/p0_major_revision_validation/tables/frozen_artifact_reproduction.csv,csv,827253e9b1a229931b47dea285f3b1822b970caebac02ad2c956339b21d44ddf,P0_STAGE_1_5_G2,label=surrogate_rho100;split=heldout,RECOMPUTED,-0.001297618149301881,coefficient,identity,coefficient,half_up:3,-0.001,ATTAINED,C,PENALTY_ISOLATING,PRIMARY,NOT_APPLICABLE,NOT_APPLICABLE,"Delta_NL and dCor are NOT in the frozen reproduction table, so those two columns of this table are unsupported at every positive-rho anchor."
N-pathcomp-betalog-surrogate_rho_0p954095-forward_2025,path_anchor,betalog,Appendix subsection: Complete Regularization-Path Results,tab:path_anchor_complementary,tab:path_anchor_complementary,L3980|tab:path_anchor_complementary|row=surrogate_rho_0p954095|col=$\beta_{\log}$,3980,ACTIVE,Surrogate & \latesttext{$\approx1$} & \latesttext{0.950} & \latesttext{\textbf{1.003}\textsuperscript{*}} & \latesttext{,d43bcde126526a632cf8fd017bf4661e17c5238c0c04a036b6ae87fea72bf0aa,surrogate_rho_0p954095,$\beta_{\log}$,analysis/p0_major_revision_validation/tables/frozen_artifact_reproduction.csv,csv,827253e9b1a229931b47dea285f3b1822b970caebac02ad2c956339b21d44ddf,P0_STAGE_1_5_G2,label=surrogate_rho_0p954095;split=forward_2025,RECOMPUTED,-0.11980102038399333,coefficient,identity,coefficient,half_up:3,-0.120,ATTAINED,C,PENALTY_ISOLATING,PRIMARY,NOT_APPLICABLE,NOT_APPLICABLE,"Delta_NL and dCor are NOT in the frozen reproduction table, so those two columns of this table are unsupported at every positive-rho anchor."
N-pathcomp-betalog-surrogate_rho_0p954095-heldout,path_anchor,betalog,Appendix subsection: Complete Regularization-Path Results,tab:path_anchor_complementary,tab:path_anchor_complementary,L3952|tab:path_anchor_complementary|row=surrogate_rho_0p954095|col=$\beta_{\log}$,3952,ACTIVE,Surrogate & \latesttext{$\approx1$} & \latesttext{0.929} & \latesttext{0.975} & \latesttext{\textbf{0.930}} & \latesttex,f5896fd83e9c701d54625d9f060885205bd2df91b5dc1a0d4bab53b5c2a47431,surrogate_rho_0p954095,$\beta_{\log}$,analysis/p0_major_revision_validation/tables/frozen_artifact_reproduction.csv,csv,827253e9b1a229931b47dea285f3b1822b970caebac02ad2c956339b21d44ddf,P0_STAGE_1_5_G2,label=surrogate_rho_0p954095;split=heldout,RECOMPUTED,-0.10210417397597477,coefficient,identity,coefficient,half_up:3,-0.102,ATTAINED,C,PENALTY_ISOLATING,PRIMARY,NOT_APPLICABLE,NOT_APPLICABLE,"Delta_NL and dCor are NOT in the frozen reproduction table, so those two columns of this table are unsupported at every positive-rho anchor."
N-pathcomp-meanratio-direct_rho100-forward_2025,path_anchor,meanratio,Appendix subsection: Complete Regularization-Path Results,tab:path_anchor_complementary,tab:path_anchor_complementary,L3973|tab:path_anchor_complementary|row=direct_rho100|col=Mean $r$,3973,ACTIVE,Direct & 100 & \latesttext{\textbf{0.992}\textsuperscript{*}} & \latesttext{1.049} & \latesttext{\textbf{1.012}\textsupe,32a05af76b2f4f7ec2db8a4343cc418f7503e7aebba46017cabe2d510ff1d4c5,direct_rho100,Mean $r$,analysis/p0_major_revision_validation/tables/frozen_artifact_reproduction.csv,csv,827253e9b1a229931b47dea285f3b1822b970caebac02ad2c956339b21d44ddf,P0_STAGE_1_5_G2,label=direct_rho100;split=forward_2025,RECOMPUTED,1.0489115563628206,ratio,identity,ratio,half_up:3,1.049,ATTAINED,C,PENALTY_ISOLATING,PRIMARY,NOT_APPLICABLE,IAAO_2013_ADOPTED,"Delta_NL and dCor are NOT in the frozen reproduction table, so those two columns of this table are unsupported at every positive-rho anchor."
N-pathcomp-meanratio-direct_rho100-heldout,path_anchor,meanratio,Appendix subsection: Complete Regularization-Path Results,tab:path_anchor_complementary,tab:path_anchor_complementary,L3945|tab:path_anchor_complementary|row=direct_rho100|col=Mean $r$,3945,ACTIVE,Direct & 100 & \latesttext{\textbf{0.968}} & \latesttext{1.022} & \latesttext{\textbf{0.993}\textsuperscript{*}} & \late,fe0557667e14a827a2b17510982eb4834df626afbe66c4e9f87c5e61aedf4c15,direct_rho100,Mean $r$,analysis/p0_major_revision_validation/tables/frozen_artifact_reproduction.csv,csv,827253e9b1a229931b47dea285f3b1822b970caebac02ad2c956339b21d44ddf,P0_STAGE_1_5_G2,label=direct_rho100;split=heldout,RECOMPUTED,1.0217644754080992,ratio,identity,ratio,half_up:3,1.022,ATTAINED,C,PENALTY_ISOLATING,PRIMARY,NOT_APPLICABLE,IAAO_2013_ADOPTED,"Delta_NL and dCor are NOT in the frozen reproduction table, so those two columns of this table are unsupported at every positive-rho anchor."
N-pathcomp-meanratio-direct_rho_0p954095-forward_2025,path_anchor,meanratio,Appendix subsection: Complete Regularization-Path Results,tab:path_anchor_complementary,tab:path_anchor_complementary,L3971|tab:path_anchor_complementary|row=direct_rho_0p954095|col=Mean $r$,3971,ACTIVE,Direct & \latesttext{$\approx1$} & \latesttext{\textbf{0.957}} & \latesttext{1.019} & \latesttext{\textbf{0.954}} & \lat,e449c3c3c385f5f2bf30ea91e64397b64204ce6ab7ecb9e9b7c86987577d7806,direct_rho_0p954095,Mean $r$,analysis/p0_major_revision_validation/tables/frozen_artifact_reproduction.csv,csv,827253e9b1a229931b47dea285f3b1822b970caebac02ad2c956339b21d44ddf,P0_STAGE_1_5_G2,label=direct_rho_0p954095;split=forward_2025,RECOMPUTED,1.019459655122492,ratio,identity,ratio,half_up:3,1.019,ATTAINED,C,PENALTY_ISOLATING,PRIMARY,NOT_APPLICABLE,IAAO_2013_ADOPTED,"Delta_NL and dCor are NOT in the frozen reproduction table, so those two columns of this table are unsupported at every positive-rho anchor."
N-pathcomp-meanratio-direct_rho_0p954095-heldout,path_anchor,meanratio,Appendix subsection: Complete Regularization-Path Results,tab:path_anchor_complementary,tab:path_anchor_complementary,L3943|tab:path_anchor_complementary|row=direct_rho_0p954095|col=Mean $r$,3943,ACTIVE,Direct & \latesttext{$\approx1$} & \latesttext{\textbf{0.936}} & \latesttext{\textbf{0.993}\textsuperscript{*}} & \lates,04d93cea93e5f10af5e94a421f2d387803be52c58ec67cc9e78e58583f10fbbd,direct_rho_0p954095,Mean $r$,analysis/p0_major_revision_validation/tables/frozen_artifact_reproduction.csv,csv,827253e9b1a229931b47dea285f3b1822b970caebac02ad2c956339b21d44ddf,P0_STAGE_1_5_G2,label=direct_rho_0p954095;split=heldout,RECOMPUTED,0.9927429237434918,ratio,identity,ratio,half_up:3,0.993,ATTAINED,C,PENALTY_ISOLATING,PRIMARY,NOT_APPLICABLE,IAAO_2013_ADOPTED,"Delta_NL and dCor are NOT in the frozen reproduction table, so those two columns of this table are unsupported at every positive-rho anchor."
N-pathcomp-meanratio-surrogate_rho100-forward_2025,path_anchor,meanratio,Appendix subsection: Complete Regularization-Path Results,tab:path_anchor_complementary,tab:path_anchor_complementary,L3982|tab:path_anchor_complementary|row=surrogate_rho100|col=Mean $r$,3982,ACTIVE,Surrogate & 100 & \latesttext{0.948} & \latesttext{0.964} & \latesttext{\textbf{0.945}} & \latesttext{22.7\%} & \latestt,6bbd2be2f7d9fcd4ddfd242d9733bf5f997102ae2bd177aca7ffe7d3b3266438,surrogate_rho100,Mean $r$,analysis/p0_major_revision_validation/tables/frozen_artifact_reproduction.csv,csv,827253e9b1a229931b47dea285f3b1822b970caebac02ad2c956339b21d44ddf,P0_STAGE_1_5_G2,label=surrogate_rho100;split=forward_2025,RECOMPUTED,0.9641219791790135,ratio,identity,ratio,half_up:3,0.964,ATTAINED,C,PENALTY_ISOLATING,PRIMARY,NOT_APPLICABLE,IAAO_2013_ADOPTED,"Delta_NL and dCor are NOT in the frozen reproduction table, so those two columns of this table are unsupported at every positive-rho anchor."
N-pathcomp-meanratio-surrogate_rho100-heldout,path_anchor,meanratio,Appendix subsection: Complete Regularization-Path Results,tab:path_anchor_complementary,tab:path_anchor_complementary,L3954|tab:path_anchor_complementary|row=surrogate_rho100|col=Mean $r$,3954,ACTIVE,Surrogate & 100 & \latesttext{0.923} & \latesttext{0.937} & \latesttext{\textbf{0.928}} & \latesttext{23.5\%} & \latestt,1fe2edcc641e96f734a6e9c6e152f48464e4ffec0749bf092571c28135e6b7ab,surrogate_rho100,Mean $r$,analysis/p0_major_revision_validation/tables/frozen_artifact_reproduction.csv,csv,827253e9b1a229931b47dea285f3b1822b970caebac02ad2c956339b21d44ddf,P0_STAGE_1_5_G2,label=surrogate_rho100;split=heldout,RECOMPUTED,0.9365632871090023,ratio,identity,ratio,half_up:3,0.937,ATTAINED,C,PENALTY_ISOLATING,PRIMARY,NOT_APPLICABLE,IAAO_2013_ADOPTED,"Delta_NL and dCor are NOT in the frozen reproduction table, so those two columns of this table are unsupported at every positive-rho anchor."
N-pathcomp-meanratio-surrogate_rho_0p954095-forward_2025,path_anchor,meanratio,Appendix subsection: Complete Regularization-Path Results,tab:path_anchor_complementary,tab:path_anchor_complementary,L3980|tab:path_anchor_complementary|row=surrogate_rho_0p954095|col=Mean $r$,3980,ACTIVE,Surrogate & \latesttext{$\approx1$} & \latesttext{0.950} & \latesttext{\textbf{1.003}\textsuperscript{*}} & \latesttext{,d43bcde126526a632cf8fd017bf4661e17c5238c0c04a036b6ae87fea72bf0aa,surrogate_rho_0p954095,Mean $r$,analysis/p0_major_revision_validation/tables/frozen_artifact_reproduction.csv,csv,827253e9b1a229931b47dea285f3b1822b970caebac02ad2c956339b21d44ddf,P0_STAGE_1_5_G2,label=surrogate_rho_0p954095;split=forward_2025,RECOMPUTED,1.0026130757769813,ratio,identity,ratio,half_up:3,1.003,ATTAINED,C,PENALTY_ISOLATING,PRIMARY,NOT_APPLICABLE,IAAO_2013_ADOPTED,"Delta_NL and dCor are NOT in the frozen reproduction table, so those two columns of this table are unsupported at every positive-rho anchor."
N-pathcomp-meanratio-surrogate_rho_0p954095-heldout,path_anchor,meanratio,Appendix subsection: Complete Regularization-Path Results,tab:path_anchor_complementary,tab:path_anchor_complementary,L3952|tab:path_anchor_complementary|row=surrogate_rho_0p954095|col=Mean $r$,3952,ACTIVE,Surrogate & \latesttext{$\approx1$} & \latesttext{0.929} & \latesttext{0.975} & \latesttext{\textbf{0.930}} & \latesttex,f5896fd83e9c701d54625d9f060885205bd2df91b5dc1a0d4bab53b5c2a47431,surrogate_rho_0p954095,Mean $r$,analysis/p0_major_revision_validation/tables/frozen_artifact_reproduction.csv,csv,827253e9b1a229931b47dea285f3b1822b970caebac02ad2c956339b21d44ddf,P0_STAGE_1_5_G2,label=surrogate_rho_0p954095;split=heldout,RECOMPUTED,0.9753240994120999,ratio,identity,ratio,half_up:3,0.975,ATTAINED,C,PENALTY_ISOLATING,PRIMARY,NOT_APPLICABLE,IAAO_2013_ADOPTED,"Delta_NL and dCor are NOT in the frozen reproduction table, so those two columns of this table are unsupported at every positive-rho anchor."
N-pathcomp-medianratio-direct_rho100-forward_2025,path_anchor,medianratio,Appendix subsection: Complete Regularization-Path Results,tab:path_anchor_complementary,tab:path_anchor_complementary,L3973|tab:path_anchor_complementary|row=direct_rho100|col=Median $r$,3973,ACTIVE,Direct & 100 & \latesttext{\textbf{0.992}\textsuperscript{*}} & \latesttext{1.049} & \latesttext{\textbf{1.012}\textsupe,32a05af76b2f4f7ec2db8a4343cc418f7503e7aebba46017cabe2d510ff1d4c5,direct_rho100,Median $r$,analysis/p0_major_revision_validation/tables/frozen_artifact_reproduction.csv,csv,827253e9b1a229931b47dea285f3b1822b970caebac02ad2c956339b21d44ddf,P0_STAGE_1_5_G2,label=direct_rho100;split=forward_2025,RECOMPUTED,0.9917583694750562,ratio,identity,ratio,half_up:3,0.992,ATTAINED,C,PENALTY_ISOLATING,PRIMARY,NOT_APPLICABLE,IAAO_2013_ADOPTED,"Delta_NL and dCor are NOT in the frozen reproduction table, so those two columns of this table are unsupported at every positive-rho anchor."
N-pathcomp-medianratio-direct_rho100-heldout,path_anchor,medianratio,Appendix subsection: Complete Regularization-Path Results,tab:path_anchor_complementary,tab:path_anchor_complementary,L3945|tab:path_anchor_complementary|row=direct_rho100|col=Median $r$,3945,ACTIVE,Direct & 100 & \latesttext{\textbf{0.968}} & \latesttext{1.022} & \latesttext{\textbf{0.993}\textsuperscript{*}} & \late,fe0557667e14a827a2b17510982eb4834df626afbe66c4e9f87c5e61aedf4c15,direct_rho100,Median $r$,analysis/p0_major_revision_validation/tables/frozen_artifact_reproduction.csv,csv,827253e9b1a229931b47dea285f3b1822b970caebac02ad2c956339b21d44ddf,P0_STAGE_1_5_G2,label=direct_rho100;split=heldout,RECOMPUTED,0.9675928306890242,ratio,identity,ratio,half_up:3,0.968,ATTAINED,C,PENALTY_ISOLATING,PRIMARY,NOT_APPLICABLE,IAAO_2013_ADOPTED,"Delta_NL and dCor are NOT in the frozen reproduction table, so those two columns of this table are unsupported at every positive-rho anchor."
N-pathcomp-medianratio-direct_rho_0p954095-forward_2025,path_anchor,medianratio,Appendix subsection: Complete Regularization-Path Results,tab:path_anchor_complementary,tab:path_anchor_complementary,L3971|tab:path_anchor_complementary|row=direct_rho_0p954095|col=Median $r$,3971,ACTIVE,Direct & \latesttext{$\approx1$} & \latesttext{\textbf{0.957}} & \latesttext{1.019} & \latesttext{\textbf{0.954}} & \lat,e449c3c3c385f5f2bf30ea91e64397b64204ce6ab7ecb9e9b7c86987577d7806,direct_rho_0p954095,Median $r$,analysis/p0_major_revision_validation/tables/frozen_artifact_reproduction.csv,csv,827253e9b1a229931b47dea285f3b1822b970caebac02ad2c956339b21d44ddf,P0_STAGE_1_5_G2,label=direct_rho_0p954095;split=forward_2025,RECOMPUTED,0.9573523263182272,ratio,identity,ratio,half_up:3,0.957,ATTAINED,C,PENALTY_ISOLATING,PRIMARY,NOT_APPLICABLE,IAAO_2013_ADOPTED,"Delta_NL and dCor are NOT in the frozen reproduction table, so those two columns of this table are unsupported at every positive-rho anchor."
N-pathcomp-medianratio-direct_rho_0p954095-heldout,path_anchor,medianratio,Appendix subsection: Complete Regularization-Path Results,tab:path_anchor_complementary,tab:path_anchor_complementary,L3943|tab:path_anchor_complementary|row=direct_rho_0p954095|col=Median $r$,3943,ACTIVE,Direct & \latesttext{$\approx1$} & \latesttext{\textbf{0.936}} & \latesttext{\textbf{0.993}\textsuperscript{*}} & \lates,04d93cea93e5f10af5e94a421f2d387803be52c58ec67cc9e78e58583f10fbbd,direct_rho_0p954095,Median $r$,analysis/p0_major_revision_validation/tables/frozen_artifact_reproduction.csv,csv,827253e9b1a229931b47dea285f3b1822b970caebac02ad2c956339b21d44ddf,P0_STAGE_1_5_G2,label=direct_rho_0p954095;split=heldout,RECOMPUTED,0.9360594997777163,ratio,identity,ratio,half_up:3,0.936,ATTAINED,C,PENALTY_ISOLATING,PRIMARY,NOT_APPLICABLE,IAAO_2013_ADOPTED,"Delta_NL and dCor are NOT in the frozen reproduction table, so those two columns of this table are unsupported at every positive-rho anchor."
N-pathcomp-medianratio-surrogate_rho100-forward_2025,path_anchor,medianratio,Appendix subsection: Complete Regularization-Path Results,tab:path_anchor_complementary,tab:path_anchor_complementary,L3982|tab:path_anchor_complementary|row=surrogate_rho100|col=Median $r$,3982,ACTIVE,Surrogate & 100 & \latesttext{0.948} & \latesttext{0.964} & \latesttext{\textbf{0.945}} & \latesttext{22.7\%} & \latestt,6bbd2be2f7d9fcd4ddfd242d9733bf5f997102ae2bd177aca7ffe7d3b3266438,surrogate_rho100,Median $r$,analysis/p0_major_revision_validation/tables/frozen_artifact_reproduction.csv,csv,827253e9b1a229931b47dea285f3b1822b970caebac02ad2c956339b21d44ddf,P0_STAGE_1_5_G2,label=surrogate_rho100;split=forward_2025,RECOMPUTED,0.9476132843923124,ratio,identity,ratio,half_up:3,0.948,ATTAINED,C,PENALTY_ISOLATING,PRIMARY,NOT_APPLICABLE,IAAO_2013_ADOPTED,"Delta_NL and dCor are NOT in the frozen reproduction table, so those two columns of this table are unsupported at every positive-rho anchor."
N-pathcomp-medianratio-surrogate_rho100-heldout,path_anchor,medianratio,Appendix subsection: Complete Regularization-Path Results,tab:path_anchor_complementary,tab:path_anchor_complementary,L3954|tab:path_anchor_complementary|row=surrogate_rho100|col=Median $r$,3954,ACTIVE,Surrogate & 100 & \latesttext{0.923} & \latesttext{0.937} & \latesttext{\textbf{0.928}} & \latesttext{23.5\%} & \latestt,1fe2edcc641e96f734a6e9c6e152f48464e4ffec0749bf092571c28135e6b7ab,surrogate_rho100,Median $r$,analysis/p0_major_revision_validation/tables/frozen_artifact_reproduction.csv,csv,827253e9b1a229931b47dea285f3b1822b970caebac02ad2c956339b21d44ddf,P0_STAGE_1_5_G2,label=surrogate_rho100;split=heldout,RECOMPUTED,0.9225357447665429,ratio,identity,ratio,half_up:3,0.923,ATTAINED,C,PENALTY_ISOLATING,PRIMARY,NOT_APPLICABLE,IAAO_2013_ADOPTED,"Delta_NL and dCor are NOT in the frozen reproduction table, so those two columns of this table are unsupported at every positive-rho anchor."
N-pathcomp-medianratio-surrogate_rho_0p954095-forward_2025,path_anchor,medianratio,Appendix subsection: Complete Regularization-Path Results,tab:path_anchor_complementary,tab:path_anchor_complementary,L3980|tab:path_anchor_complementary|row=surrogate_rho_0p954095|col=Median $r$,3980,ACTIVE,Surrogate & \latesttext{$\approx1$} & \latesttext{0.950} & \latesttext{\textbf{1.003}\textsuperscript{*}} & \latesttext{,d43bcde126526a632cf8fd017bf4661e17c5238c0c04a036b6ae87fea72bf0aa,surrogate_rho_0p954095,Median $r$,analysis/p0_major_revision_validation/tables/frozen_artifact_reproduction.csv,csv,827253e9b1a229931b47dea285f3b1822b970caebac02ad2c956339b21d44ddf,P0_STAGE_1_5_G2,label=surrogate_rho_0p954095;split=forward_2025,RECOMPUTED,0.9496424188107003,ratio,identity,ratio,half_up:3,0.950,ATTAINED,C,PENALTY_ISOLATING,PRIMARY,NOT_APPLICABLE,IAAO_2013_ADOPTED,"Delta_NL and dCor are NOT in the frozen reproduction table, so those two columns of this table are unsupported at every positive-rho anchor."
N-pathcomp-medianratio-surrogate_rho_0p954095-heldout,path_anchor,medianratio,Appendix subsection: Complete Regularization-Path Results,tab:path_anchor_complementary,tab:path_anchor_complementary,L3952|tab:path_anchor_complementary|row=surrogate_rho_0p954095|col=Median $r$,3952,ACTIVE,Surrogate & \latesttext{$\approx1$} & \latesttext{0.929} & \latesttext{0.975} & \latesttext{\textbf{0.930}} & \latesttex,f5896fd83e9c701d54625d9f060885205bd2df91b5dc1a0d4bab53b5c2a47431,surrogate_rho_0p954095,Median $r$,analysis/p0_major_revision_validation/tables/frozen_artifact_reproduction.csv,csv,827253e9b1a229931b47dea285f3b1822b970caebac02ad2c956339b21d44ddf,P0_STAGE_1_5_G2,label=surrogate_rho_0p954095;split=heldout,RECOMPUTED,0.9288215572126783,ratio,identity,ratio,half_up:3,0.929,ATTAINED,C,PENALTY_ISOLATING,PRIMARY,NOT_APPLICABLE,IAAO_2013_ADOPTED,"Delta_NL and dCor are NOT in the frozen reproduction table, so those two columns of this table are unsupported at every positive-rho anchor."
N-pathcomp-wmeanratio-direct_rho100-forward_2025,path_anchor,wmeanratio,Appendix subsection: Complete Regularization-Path Results,tab:path_anchor_complementary,tab:path_anchor_complementary,L3973|tab:path_anchor_complementary|row=direct_rho100|col=W. mean $r$,3973,ACTIVE,Direct & 100 & \latesttext{\textbf{0.992}\textsuperscript{*}} & \latesttext{1.049} & \latesttext{\textbf{1.012}\textsupe,32a05af76b2f4f7ec2db8a4343cc418f7503e7aebba46017cabe2d510ff1d4c5,direct_rho100,W. mean $r$,analysis/p0_major_revision_validation/tables/frozen_artifact_reproduction.csv,csv,827253e9b1a229931b47dea285f3b1822b970caebac02ad2c956339b21d44ddf,P0_STAGE_1_5_G2,label=direct_rho100;split=forward_2025,RECOMPUTED,1.0123486242443573,ratio,identity,ratio,half_up:3,1.012,ATTAINED,C,PENALTY_ISOLATING,PRIMARY,NOT_APPLICABLE,IAAO_2013_ADOPTED,"Delta_NL and dCor are NOT in the frozen reproduction table, so those two columns of this table are unsupported at every positive-rho anchor."
N-pathcomp-wmeanratio-direct_rho100-heldout,path_anchor,wmeanratio,Appendix subsection: Complete Regularization-Path Results,tab:path_anchor_complementary,tab:path_anchor_complementary,L3945|tab:path_anchor_complementary|row=direct_rho100|col=W. mean $r$,3945,ACTIVE,Direct & 100 & \latesttext{\textbf{0.968}} & \latesttext{1.022} & \latesttext{\textbf{0.993}\textsuperscript{*}} & \late,fe0557667e14a827a2b17510982eb4834df626afbe66c4e9f87c5e61aedf4c15,direct_rho100,W. mean $r$,analysis/p0_major_revision_validation/tables/frozen_artifact_reproduction.csv,csv,827253e9b1a229931b47dea285f3b1822b970caebac02ad2c956339b21d44ddf,P0_STAGE_1_5_G2,label=direct_rho100;split=heldout,RECOMPUTED,0.9927724862484422,ratio,identity,ratio,half_up:3,0.993,ATTAINED,C,PENALTY_ISOLATING,PRIMARY,NOT_APPLICABLE,IAAO_2013_ADOPTED,"Delta_NL and dCor are NOT in the frozen reproduction table, so those two columns of this table are unsupported at every positive-rho anchor."
N-pathcomp-wmeanratio-direct_rho_0p954095-forward_2025,path_anchor,wmeanratio,Appendix subsection: Complete Regularization-Path Results,tab:path_anchor_complementary,tab:path_anchor_complementary,L3971|tab:path_anchor_complementary|row=direct_rho_0p954095|col=W. mean $r$,3971,ACTIVE,Direct & \latesttext{$\approx1$} & \latesttext{\textbf{0.957}} & \latesttext{1.019} & \latesttext{\textbf{0.954}} & \lat,e449c3c3c385f5f2bf30ea91e64397b64204ce6ab7ecb9e9b7c86987577d7806,direct_rho_0p954095,W. mean $r$,analysis/p0_major_revision_validation/tables/frozen_artifact_reproduction.csv,csv,827253e9b1a229931b47dea285f3b1822b970caebac02ad2c956339b21d44ddf,P0_STAGE_1_5_G2,label=direct_rho_0p954095;split=forward_2025,RECOMPUTED,0.9538930258731967,ratio,identity,ratio,half_up:3,0.954,ATTAINED,C,PENALTY_ISOLATING,PRIMARY,NOT_APPLICABLE,IAAO_2013_ADOPTED,"Delta_NL and dCor are NOT in the frozen reproduction table, so those two columns of this table are unsupported at every positive-rho anchor."
N-pathcomp-wmeanratio-direct_rho_0p954095-heldout,path_anchor,wmeanratio,Appendix subsection: Complete Regularization-Path Results,tab:path_anchor_complementary,tab:path_anchor_complementary,L3943|tab:path_anchor_complementary|row=direct_rho_0p954095|col=W. mean $r$,3943,ACTIVE,Direct & \latesttext{$\approx1$} & \latesttext{\textbf{0.936}} & \latesttext{\textbf{0.993}\textsuperscript{*}} & \lates,04d93cea93e5f10af5e94a421f2d387803be52c58ec67cc9e78e58583f10fbbd,direct_rho_0p954095,W. mean $r$,analysis/p0_major_revision_validation/tables/frozen_artifact_reproduction.csv,csv,827253e9b1a229931b47dea285f3b1822b970caebac02ad2c956339b21d44ddf,P0_STAGE_1_5_G2,label=direct_rho_0p954095;split=heldout,RECOMPUTED,0.9364410846457115,ratio,identity,ratio,half_up:3,0.936,ATTAINED,C,PENALTY_ISOLATING,PRIMARY,NOT_APPLICABLE,IAAO_2013_ADOPTED,"Delta_NL and dCor are NOT in the frozen reproduction table, so those two columns of this table are unsupported at every positive-rho anchor."
N-pathcomp-wmeanratio-surrogate_rho100-forward_2025,path_anchor,wmeanratio,Appendix subsection: Complete Regularization-Path Results,tab:path_anchor_complementary,tab:path_anchor_complementary,L3982|tab:path_anchor_complementary|row=surrogate_rho100|col=W. mean $r$,3982,ACTIVE,Surrogate & 100 & \latesttext{0.948} & \latesttext{0.964} & \latesttext{\textbf{0.945}} & \latesttext{22.7\%} & \latestt,6bbd2be2f7d9fcd4ddfd242d9733bf5f997102ae2bd177aca7ffe7d3b3266438,surrogate_rho100,W. mean $r$,analysis/p0_major_revision_validation/tables/frozen_artifact_reproduction.csv,csv,827253e9b1a229931b47dea285f3b1822b970caebac02ad2c956339b21d44ddf,P0_STAGE_1_5_G2,label=surrogate_rho100;split=forward_2025,RECOMPUTED,0.9450223575638494,ratio,identity,ratio,half_up:3,0.945,ATTAINED,C,PENALTY_ISOLATING,PRIMARY,NOT_APPLICABLE,IAAO_2013_ADOPTED,"Delta_NL and dCor are NOT in the frozen reproduction table, so those two columns of this table are unsupported at every positive-rho anchor."
N-pathcomp-wmeanratio-surrogate_rho100-heldout,path_anchor,wmeanratio,Appendix subsection: Complete Regularization-Path Results,tab:path_anchor_complementary,tab:path_anchor_complementary,L3954|tab:path_anchor_complementary|row=surrogate_rho100|col=W. mean $r$,3954,ACTIVE,Surrogate & 100 & \latesttext{0.923} & \latesttext{0.937} & \latesttext{\textbf{0.928}} & \latesttext{23.5\%} & \latestt,1fe2edcc641e96f734a6e9c6e152f48464e4ffec0749bf092571c28135e6b7ab,surrogate_rho100,W. mean $r$,analysis/p0_major_revision_validation/tables/frozen_artifact_reproduction.csv,csv,827253e9b1a229931b47dea285f3b1822b970caebac02ad2c956339b21d44ddf,P0_STAGE_1_5_G2,label=surrogate_rho100;split=heldout,RECOMPUTED,0.9275041816647772,ratio,identity,ratio,half_up:3,0.928,ATTAINED,C,PENALTY_ISOLATING,PRIMARY,NOT_APPLICABLE,IAAO_2013_ADOPTED,"Delta_NL and dCor are NOT in the frozen reproduction table, so those two columns of this table are unsupported at every positive-rho anchor."
N-pathcomp-wmeanratio-surrogate_rho_0p954095-forward_2025,path_anchor,wmeanratio,Appendix subsection: Complete Regularization-Path Results,tab:path_anchor_complementary,tab:path_anchor_complementary,L3980|tab:path_anchor_complementary|row=surrogate_rho_0p954095|col=W. mean $r$,3980,ACTIVE,Surrogate & \latesttext{$\approx1$} & \latesttext{0.950} & \latesttext{\textbf{1.003}\textsuperscript{*}} & \latesttext{,d43bcde126526a632cf8fd017bf4661e17c5238c0c04a036b6ae87fea72bf0aa,surrogate_rho_0p954095,W. mean $r$,analysis/p0_major_revision_validation/tables/frozen_artifact_reproduction.csv,csv,827253e9b1a229931b47dea285f3b1822b970caebac02ad2c956339b21d44ddf,P0_STAGE_1_5_G2,label=surrogate_rho_0p954095;split=forward_2025,RECOMPUTED,0.946014921757621,ratio,identity,ratio,half_up:3,0.946,ATTAINED,C,PENALTY_ISOLATING,PRIMARY,NOT_APPLICABLE,IAAO_2013_ADOPTED,"Delta_NL and dCor are NOT in the frozen reproduction table, so those two columns of this table are unsupported at every positive-rho anchor."
N-pathcomp-wmeanratio-surrogate_rho_0p954095-heldout,path_anchor,wmeanratio,Appendix subsection: Complete Regularization-Path Results,tab:path_anchor_complementary,tab:path_anchor_complementary,L3952|tab:path_anchor_complementary|row=surrogate_rho_0p954095|col=W. mean $r$,3952,ACTIVE,Surrogate & \latesttext{$\approx1$} & \latesttext{0.929} & \latesttext{0.975} & \latesttext{\textbf{0.930}} & \latesttex,f5896fd83e9c701d54625d9f060885205bd2df91b5dc1a0d4bab53b5c2a47431,surrogate_rho_0p954095,W. mean $r$,analysis/p0_major_revision_validation/tables/frozen_artifact_reproduction.csv,csv,827253e9b1a229931b47dea285f3b1822b970caebac02ad2c956339b21d44ddf,P0_STAGE_1_5_G2,label=surrogate_rho_0p954095;split=heldout,RECOMPUTED,0.9301624798777534,ratio,identity,ratio,half_up:3,0.930,ATTAINED,C,PENALTY_ISOLATING,PRIMARY,NOT_APPLICABLE,IAAO_2013_ADOPTED,"Delta_NL and dCor are NOT in the frozen reproduction table, so those two columns of this table are unsupported at every positive-rho anchor."
N-recon-prb-maxabs,reconciliation,prb_frozen_reconciliation_max_abs,Appendix subsection: Assessor-facing guidance status,,app:metrics,L3106|app:metrics|row=PRB|col=max |delta|,3106,ACTIVE,\subsection{Assessor-facing guidance status},58d77daaa8b1a274b2892d77dea62476d2644eefc44bc8187ceb0ae7ea3260dd,PRB,max |delta|,analysis/p1_inferential_reporting/provenance/p1_headline_numbers.json,json,45116898f7de32e69ff471c42ee3de0813bc28ac0066584882ea9c5f9acbc748,P1_PROVENANCE,$.task2_prb.frozen_reconciliation_max_abs,RECOMPUTED,7.632783294297951e-16,dimensionless,identity,dimensionless,sci:2,7.6e-16,ATTAINED,NONE,NOT_APPLICABLE,SENSITIVITY,NOT_APPLICABLE,NOT_APPLICABLE,"Reconciliation bounds against the frozen display values. These are float round-trip magnitudes, NOT a claim of CSV bit-exactness: the committed CSVs round-trip float64 to about 3.55e-15."
N-recon-prb-n,reconciliation,prb_frozen_reconciliation_n,Appendix subsection: Assessor-facing guidance status,,app:metrics,L3106|app:metrics|row=PRB|col=n,3106,ACTIVE,\subsection{Assessor-facing guidance status},58d77daaa8b1a274b2892d77dea62476d2644eefc44bc8187ceb0ae7ea3260dd,PRB,n,analysis/p1_inferential_reporting/provenance/p1_headline_numbers.json,json,45116898f7de32e69ff471c42ee3de0813bc28ac0066584882ea9c5f9acbc748,P1_PROVENANCE,$.task2_prb.frozen_reconciliation_n,RECOMPUTED,234,count,identity,count,int,234,ATTAINED,NONE,NOT_APPLICABLE,SENSITIVITY,display_entry,NOT_APPLICABLE,"Reconciliation bounds against the frozen display values. These are float round-trip magnitudes, NOT a claim of CSV bit-exactness: the committed CSVs round-trip float64 to about 3.55e-15."
N-recon-vei-maxabs,reconciliation,vei_frozen_reconciliation_max_abs,Appendix subsection: Assessor-facing guidance status,,app:metrics,L3106|app:metrics|row=VEI|col=max |delta|,3106,ACTIVE,\subsection{Assessor-facing guidance status},58d77daaa8b1a274b2892d77dea62476d2644eefc44bc8187ceb0ae7ea3260dd,VEI,max |delta|,analysis/p1_inferential_reporting/provenance/p1_headline_numbers.json,json,45116898f7de32e69ff471c42ee3de0813bc28ac0066584882ea9c5f9acbc748,P1_PROVENANCE,$.task3_vei.frozen_reconciliation_max_abs,RECOMPUTED,7.105427357601002e-15,dimensionless,identity,dimensionless,sci:2,7.1e-15,ATTAINED,NONE,NOT_APPLICABLE,SENSITIVITY,NOT_APPLICABLE,NOT_APPLICABLE,"Reconciliation bounds against the frozen display values. These are float round-trip magnitudes, NOT a claim of CSV bit-exactness: the committed CSVs round-trip float64 to about 3.55e-15."
N-recon-vei-n,reconciliation,vei_frozen_reconciliation_n,Appendix subsection: Assessor-facing guidance status,,app:metrics,L3106|app:metrics|row=VEI|col=n,3106,ACTIVE,\subsection{Assessor-facing guidance status},58d77daaa8b1a274b2892d77dea62476d2644eefc44bc8187ceb0ae7ea3260dd,VEI,n,analysis/p1_inferential_reporting/provenance/p1_headline_numbers.json,json,45116898f7de32e69ff471c42ee3de0813bc28ac0066584882ea9c5f9acbc748,P1_PROVENANCE,$.task3_vei.frozen_reconciliation_n,RECOMPUTED,234,count,identity,count,int,234,ATTAINED,NONE,NOT_APPLICABLE,SENSITIVITY,display_entry,NOT_APPLICABLE,"Reconciliation bounds against the frozen display values. These are float round-trip magnitudes, NOT a claim of CSV bit-exactness: the committed CSVs round-trip float64 to about 3.55e-15."
N-smear-levelshift-max,smearing,level_shift_pct_max,Appendix subsection: Assessor-facing guidance status,,app:metrics,L3106|app:metrics|row=level shift max|col=pct,3106,ACTIVE,\subsection{Assessor-facing guidance status},58d77daaa8b1a274b2892d77dea62476d2644eefc44bc8187ceb0ae7ea3260dd,level shift max,pct,analysis/p1_inferential_reporting/provenance/p1_headline_numbers.json,json,45116898f7de32e69ff471c42ee3de0813bc28ac0066584882ea9c5f9acbc748,P1_PROVENANCE,$.task4_smearing.level_shift_pct_max,RECOMPUTED,14.269162343376319,percent,identity,percent,half_up:2,14.27,ATTAINED,NONE,NOT_APPLICABLE,SENSITIVITY,unique_realization,NOT_APPLICABLE,Duan smearing factor s = mean(exp(y_true_log - y_pred_log)). The sign convention matters: s = mean(exp(e)) with the opposite sign is wrong. RMSE_log is NOT among the smearing-invariant metrics.
N-smear-levelshift-min,smearing,level_shift_pct_min,Appendix subsection: Assessor-facing guidance status,,app:metrics,L3106|app:metrics|row=level shift min|col=pct,3106,ACTIVE,\subsection{Assessor-facing guidance status},58d77daaa8b1a274b2892d77dea62476d2644eefc44bc8187ceb0ae7ea3260dd,level shift min,pct,analysis/p1_inferential_reporting/provenance/p1_headline_numbers.json,json,45116898f7de32e69ff471c42ee3de0813bc28ac0066584882ea9c5f9acbc748,P1_PROVENANCE,$.task4_smearing.level_shift_pct_min,RECOMPUTED,4.293067974234965,percent,identity,percent,half_up:2,4.29,ATTAINED,NONE,NOT_APPLICABLE,SENSITIVITY,unique_realization,NOT_APPLICABLE,Duan smearing factor s = mean(exp(y_true_log - y_pred_log)). The sign convention matters: s = mean(exp(e)) with the opposite sign is wrong. RMSE_log is NOT among the smearing-invariant metrics.
N-smear-smax,smearing,s_max,Appendix subsection: Assessor-facing guidance status,,app:metrics,L3106|app:metrics|row=s max|col=s,3106,ACTIVE,\subsection{Assessor-facing guidance status},58d77daaa8b1a274b2892d77dea62476d2644eefc44bc8187ceb0ae7ea3260dd,s max,s,analysis/p1_inferential_reporting/provenance/p1_headline_numbers.json,json,45116898f7de32e69ff471c42ee3de0813bc28ac0066584882ea9c5f9acbc748,P1_PROVENANCE,$.task4_smearing.s_max,RECOMPUTED,1.1426916234337632,factor,identity,factor,half_up:4,1.1427,ATTAINED,NONE,NOT_APPLICABLE,SENSITIVITY,unique_realization,NOT_APPLICABLE,Duan smearing factor s = mean(exp(y_true_log - y_pred_log)). The sign convention matters: s = mean(exp(e)) with the opposite sign is wrong. RMSE_log is NOT among the smearing-invariant metrics.
N-smear-smedian,smearing,s_median,Appendix subsection: Assessor-facing guidance status,,app:metrics,L3106|app:metrics|row=s median|col=s,3106,ACTIVE,\subsection{Assessor-facing guidance status},58d77daaa8b1a274b2892d77dea62476d2644eefc44bc8187ceb0ae7ea3260dd,s median,s,analysis/p1_inferential_reporting/provenance/p1_headline_numbers.json,json,45116898f7de32e69ff471c42ee3de0813bc28ac0066584882ea9c5f9acbc748,P1_PROVENANCE,$.task4_smearing.s_median,RECOMPUTED,1.0602010551302514,factor,identity,factor,half_up:4,1.0602,ATTAINED,NONE,NOT_APPLICABLE,SENSITIVITY,unique_realization,NOT_APPLICABLE,Duan smearing factor s = mean(exp(y_true_log - y_pred_log)). The sign convention matters: s = mean(exp(e)) with the opposite sign is wrong. RMSE_log is NOT among the smearing-invariant metrics.
N-smear-smin,smearing,s_min,Appendix subsection: Assessor-facing guidance status,,app:metrics,L3106|app:metrics|row=s min|col=s,3106,ACTIVE,\subsection{Assessor-facing guidance status},58d77daaa8b1a274b2892d77dea62476d2644eefc44bc8187ceb0ae7ea3260dd,s min,s,analysis/p1_inferential_reporting/provenance/p1_headline_numbers.json,json,45116898f7de32e69ff471c42ee3de0813bc28ac0066584882ea9c5f9acbc748,P1_PROVENANCE,$.task4_smearing.s_min,RECOMPUTED,1.0429306797423497,factor,identity,factor,half_up:4,1.0429,ATTAINED,NONE,NOT_APPLICABLE,SENSITIVITY,unique_realization,NOT_APPLICABLE,Duan smearing factor s = mean(exp(y_true_log - y_pred_log)). The sign convention matters: s = mean(exp(e)) with the opposite sign is wrong. RMSE_log is NOT among the smearing-invariant metrics.
N-smear-verdicts-unchanged,smearing,ed2_verdicts_unchanged,Appendix subsection: Assessor-facing guidance status,,app:metrics,L3106|app:metrics|row=ED2 verdicts unchanged|col=flag,3106,ACTIVE,\subsection{Assessor-facing guidance status},58d77daaa8b1a274b2892d77dea62476d2644eefc44bc8187ceb0ae7ea3260dd,ED2 verdicts unchanged,flag,analysis/p1_inferential_reporting/provenance/p1_headline_numbers.json,json,45116898f7de32e69ff471c42ee3de0813bc28ac0066584882ea9c5f9acbc748,P1_PROVENANCE,$.task4_smearing.ed2_verdicts_unchanged,RECOMPUTED,true,boolean,identity,boolean,verbatim,true,ATTAINED,NONE,NOT_APPLICABLE,SENSITIVITY,unique_realization,NOT_APPLICABLE,Duan smearing factor s = mean(exp(y_true_log - y_pred_log)). The sign convention matters: s = mean(exp(e)) with the opposite sign is wrong. RMSE_log is NOT among the smearing-invariant metrics.
N-zero-R2P-A-forward_2025,zero_control,R2P,Appendix subsection: Zero-Penalty Implementation Audit,tab:rho_zero_control,tab:rho_zero_control,L3693|tab:rho_zero_control|row=A/forward_2025|col=$R^2_P$,3693,ACTIVE,2025 forward & Ordinary LightGBM & 0.904 & 0.278 & -0.164 & -- & -- \\,f9f542ab483c7d1ece544870af2301159a42f6ebb57633e182c8e2435329ffa6,A/forward_2025,$R^2_P$,analysis/p0_major_revision_validation/tables/zero_control_full.csv,csv,331f696ba78da1dcdd1553d0a824e1d1f752949459f301a0fb11413fad3a61ec,P0_STAGE_1_5_G2,cell_id=A;evaluation=forward_2025,RECOMPUTED,0.9043773936942079,ratio,identity,ratio,half_up:3,0.904,ATTAINED,NONE,WITHIN_MODEL,PRIMARY,NOT_APPLICABLE,NOT_APPLICABLE,"Cell C is the custom-objective rho=0 origin, printed in the manuscript as both ""Direct, rho=0"" and ""Surrogate, rho=0"" -- the two coincide (parity_ladder C<->C_surrogate max |delta| = 0)."
N-zero-R2P-A-heldout,zero_control,R2P,Appendix subsection: Zero-Penalty Implementation Audit,tab:rho_zero_control,tab:rho_zero_control,L3689|tab:rho_zero_control|row=A/heldout|col=$R^2_P$,3689,ACTIVE,Held-out & Ordinary LightGBM & 0.894 & 0.289 & -0.150 & -- & -- \\,795aa5a661c75fe6a603e97ddde17cdc9a74faf964b2c0941a574b78492480c5,A/heldout,$R^2_P$,analysis/p0_major_revision_validation/tables/zero_control_full.csv,csv,331f696ba78da1dcdd1553d0a824e1d1f752949459f301a0fb11413fad3a61ec,P0_STAGE_1_5_G2,cell_id=A;evaluation=heldout,RECOMPUTED,0.8942286902942419,ratio,identity,ratio,half_up:3,0.894,ATTAINED,NONE,WITHIN_MODEL,PRIMARY,NOT_APPLICABLE,NOT_APPLICABLE,"Cell C is the custom-objective rho=0 origin, printed in the manuscript as both ""Direct, rho=0"" and ""Surrogate, rho=0"" -- the two coincide (parity_ladder C<->C_surrogate max |delta| = 0)."
N-zero-R2P-C-forward_2025,zero_control,R2P,Appendix subsection: Zero-Penalty Implementation Audit,tab:rho_zero_control,tab:rho_zero_control,L3694|tab:rho_zero_control|row=C/forward_2025|col=$R^2_P$,3694,ACTIVE,"2025 forward & Direct, $\rho=0$ & 0.904 & 0.279 & -0.161 & 3.06e-02 & 2.83e-01 \\",0b794713e547cee046f9c2ad63a1d07dbce7abfd4894a44e4d5f3657a5bc6700,C/forward_2025,$R^2_P$,analysis/p0_major_revision_validation/tables/zero_control_full.csv,csv,331f696ba78da1dcdd1553d0a824e1d1f752949459f301a0fb11413fad3a61ec,P0_STAGE_1_5_G2,cell_id=C;evaluation=forward_2025,RECOMPUTED,0.9038505606866807,ratio,identity,ratio,half_up:3,0.904,ATTAINED,NONE,WITHIN_MODEL,PRIMARY,NOT_APPLICABLE,NOT_APPLICABLE,"Cell C is the custom-objective rho=0 origin, printed in the manuscript as both ""Direct, rho=0"" and ""Surrogate, rho=0"" -- the two coincide (parity_ladder C<->C_surrogate max |delta| = 0)."
N-zero-R2P-C-heldout,zero_control,R2P,Appendix subsection: Zero-Penalty Implementation Audit,tab:rho_zero_control,tab:rho_zero_control,L3690|tab:rho_zero_control|row=C/heldout|col=$R^2_P$,3690,ACTIVE,"Held-out & Direct, $\rho=0$ & 0.893 & 0.289 & -0.147 & 3.24e-02 & 3.09e-01 \\",7a0138986d1e4a65206aa30bd44b25000f6419042e5c1cf13b34cb11f785bef1,C/heldout,$R^2_P$,analysis/p0_major_revision_validation/tables/zero_control_full.csv,csv,331f696ba78da1dcdd1553d0a824e1d1f752949459f301a0fb11413fad3a61ec,P0_STAGE_1_5_G2,cell_id=C;evaluation=heldout,RECOMPUTED,0.8928057475281441,ratio,identity,ratio,half_up:3,0.893,ATTAINED,NONE,WITHIN_MODEL,PRIMARY,NOT_APPLICABLE,NOT_APPLICABLE,"Cell C is the custom-objective rho=0 origin, printed in the manuscript as both ""Direct, rho=0"" and ""Surrogate, rho=0"" -- the two coincide (parity_ladder C<->C_surrogate max |delta| = 0)."
N-zero-RMSElogP-A-forward_2025,zero_control,RMSElogP,Appendix subsection: Zero-Penalty Implementation Audit,tab:rho_zero_control,tab:rho_zero_control,L3693|tab:rho_zero_control|row=A/forward_2025|col=$\operatorname{RMSE}_{\log P}$,3693,ACTIVE,2025 forward & Ordinary LightGBM & 0.904 & 0.278 & -0.164 & -- & -- \\,f9f542ab483c7d1ece544870af2301159a42f6ebb57633e182c8e2435329ffa6,A/forward_2025,$\operatorname{RMSE}_{\log P}$,analysis/p0_major_revision_validation/tables/zero_control_full.csv,csv,331f696ba78da1dcdd1553d0a824e1d1f752949459f301a0fb11413fad3a61ec,P0_STAGE_1_5_G2,cell_id=A;evaluation=forward_2025,RECOMPUTED,0.27819497630606294,log_points,identity,log_points,half_up:3,0.278,ATTAINED,NONE,WITHIN_MODEL,PRIMARY,NOT_APPLICABLE,NOT_APPLICABLE,"Cell C is the custom-objective rho=0 origin, printed in the manuscript as both ""Direct, rho=0"" and ""Surrogate, rho=0"" -- the two coincide (parity_ladder C<->C_surrogate max |delta| = 0)."
N-zero-RMSElogP-A-heldout,zero_control,RMSElogP,Appendix subsection: Zero-Penalty Implementation Audit,tab:rho_zero_control,tab:rho_zero_control,L3689|tab:rho_zero_control|row=A/heldout|col=$\operatorname{RMSE}_{\log P}$,3689,ACTIVE,Held-out & Ordinary LightGBM & 0.894 & 0.289 & -0.150 & -- & -- \\,795aa5a661c75fe6a603e97ddde17cdc9a74faf964b2c0941a574b78492480c5,A/heldout,$\operatorname{RMSE}_{\log P}$,analysis/p0_major_revision_validation/tables/zero_control_full.csv,csv,331f696ba78da1dcdd1553d0a824e1d1f752949459f301a0fb11413fad3a61ec,P0_STAGE_1_5_G2,cell_id=A;evaluation=heldout,RECOMPUTED,0.28870903706131884,log_points,identity,log_points,half_up:3,0.289,ATTAINED,NONE,WITHIN_MODEL,PRIMARY,NOT_APPLICABLE,NOT_APPLICABLE,"Cell C is the custom-objective rho=0 origin, printed in the manuscript as both ""Direct, rho=0"" and ""Surrogate, rho=0"" -- the two coincide (parity_ladder C<->C_surrogate max |delta| = 0)."
N-zero-RMSElogP-C-forward_2025,zero_control,RMSElogP,Appendix subsection: Zero-Penalty Implementation Audit,tab:rho_zero_control,tab:rho_zero_control,L3694|tab:rho_zero_control|row=C/forward_2025|col=$\operatorname{RMSE}_{\log P}$,3694,ACTIVE,"2025 forward & Direct, $\rho=0$ & 0.904 & 0.279 & -0.161 & 3.06e-02 & 2.83e-01 \\",0b794713e547cee046f9c2ad63a1d07dbce7abfd4894a44e4d5f3657a5bc6700,C/forward_2025,$\operatorname{RMSE}_{\log P}$,analysis/p0_major_revision_validation/tables/zero_control_full.csv,csv,331f696ba78da1dcdd1553d0a824e1d1f752949459f301a0fb11413fad3a61ec,P0_STAGE_1_5_G2,cell_id=C;evaluation=forward_2025,RECOMPUTED,0.27907256033024497,log_points,identity,log_points,half_up:3,0.279,ATTAINED,NONE,WITHIN_MODEL,PRIMARY,NOT_APPLICABLE,NOT_APPLICABLE,"Cell C is the custom-objective rho=0 origin, printed in the manuscript as both ""Direct, rho=0"" and ""Surrogate, rho=0"" -- the two coincide (parity_ladder C<->C_surrogate max |delta| = 0)."
N-zero-RMSElogP-C-heldout,zero_control,RMSElogP,Appendix subsection: Zero-Penalty Implementation Audit,tab:rho_zero_control,tab:rho_zero_control,L3690|tab:rho_zero_control|row=C/heldout|col=$\operatorname{RMSE}_{\log P}$,3690,ACTIVE,"Held-out & Direct, $\rho=0$ & 0.893 & 0.289 & -0.147 & 3.24e-02 & 3.09e-01 \\",7a0138986d1e4a65206aa30bd44b25000f6419042e5c1cf13b34cb11f785bef1,C/heldout,$\operatorname{RMSE}_{\log P}$,analysis/p0_major_revision_validation/tables/zero_control_full.csv,csv,331f696ba78da1dcdd1553d0a824e1d1f752949459f301a0fb11413fad3a61ec,P0_STAGE_1_5_G2,cell_id=C;evaluation=heldout,RECOMPUTED,0.28939651421531815,log_points,identity,log_points,half_up:3,0.289,ATTAINED,NONE,WITHIN_MODEL,PRIMARY,NOT_APPLICABLE,NOT_APPLICABLE,"Cell C is the custom-objective rho=0 origin, printed in the manuscript as both ""Direct, rho=0"" and ""Surrogate, rho=0"" -- the two coincide (parity_ladder C<->C_surrogate max |delta| = 0)."
N-zero-betalog-A-forward_2025,zero_control,betalog,Appendix subsection: Zero-Penalty Implementation Audit,tab:rho_zero_control,tab:rho_zero_control,L3693|tab:rho_zero_control|row=A/forward_2025|col=$\beta_{\log}$,3693,ACTIVE,2025 forward & Ordinary LightGBM & 0.904 & 0.278 & -0.164 & -- & -- \\,f9f542ab483c7d1ece544870af2301159a42f6ebb57633e182c8e2435329ffa6,A/forward_2025,$\beta_{\log}$,analysis/p0_major_revision_validation/tables/zero_control_full.csv,csv,331f696ba78da1dcdd1553d0a824e1d1f752949459f301a0fb11413fad3a61ec,P0_STAGE_1_5_G2,cell_id=A;evaluation=forward_2025,RECOMPUTED,-0.16408369300241366,coefficient,identity,coefficient,half_up:3,-0.164,ATTAINED,NONE,WITHIN_MODEL,PRIMARY,NOT_APPLICABLE,NOT_APPLICABLE,"Cell C is the custom-objective rho=0 origin, printed in the manuscript as both ""Direct, rho=0"" and ""Surrogate, rho=0"" -- the two coincide (parity_ladder C<->C_surrogate max |delta| = 0)."
N-zero-betalog-A-heldout,zero_control,betalog,Appendix subsection: Zero-Penalty Implementation Audit,tab:rho_zero_control,tab:rho_zero_control,L3689|tab:rho_zero_control|row=A/heldout|col=$\beta_{\log}$,3689,ACTIVE,Held-out & Ordinary LightGBM & 0.894 & 0.289 & -0.150 & -- & -- \\,795aa5a661c75fe6a603e97ddde17cdc9a74faf964b2c0941a574b78492480c5,A/heldout,$\beta_{\log}$,analysis/p0_major_revision_validation/tables/zero_control_full.csv,csv,331f696ba78da1dcdd1553d0a824e1d1f752949459f301a0fb11413fad3a61ec,P0_STAGE_1_5_G2,cell_id=A;evaluation=heldout,RECOMPUTED,-0.14959933383304838,coefficient,identity,coefficient,half_up:3,-0.150,ATTAINED,NONE,WITHIN_MODEL,PRIMARY,NOT_APPLICABLE,NOT_APPLICABLE,"Cell C is the custom-objective rho=0 origin, printed in the manuscript as both ""Direct, rho=0"" and ""Surrogate, rho=0"" -- the two coincide (parity_ladder C<->C_surrogate max |delta| = 0)."
N-zero-betalog-C-forward_2025,zero_control,betalog,subsection: First-Order Correction and Residual Structure Along the Path,,fig:mechanism_path_placeholder,L2855|fig:mechanism_path_placeholder|row=Direct/Surrogate rho=0|col=$\beta_{\log}$,2855,ACTIVE,"$-0.161$ to $-0.093$. The Surrogate path moves closer to first-order neutrality,",81294200cf9e9b1ae20327d8c227316f7956d9b9ba858cecc27cb772e94d5943,Direct/Surrogate rho=0,$\beta_{\log}$,analysis/p0_major_revision_validation/tables/zero_control_full.csv,csv,331f696ba78da1dcdd1553d0a824e1d1f752949459f301a0fb11413fad3a61ec,P0_STAGE_1_5_G2,cell_id=C;evaluation=forward_2025,RECOMPUTED,-0.16120241944791652,coefficient,identity,coefficient,half_up:3,-0.161,ATTAINED,C,PENALTY_ISOLATING,PRIMARY,NOT_APPLICABLE,NOT_APPLICABLE,"The rho=0 end of the quoted beta_log range. Correctly referenced to the custom-objective rho=0 origin (Cell C), not to Ordinary LightGBM."
N-zero-betalog-C-forward_2025,zero_control,betalog,Appendix subsection: Zero-Penalty Implementation Audit,tab:rho_zero_control,tab:rho_zero_control,L3694|tab:rho_zero_control|row=C/forward_2025|col=$\beta_{\log}$,3694,ACTIVE,"2025 forward & Direct, $\rho=0$ & 0.904 & 0.279 & -0.161 & 3.06e-02 & 2.83e-01 \\",0b794713e547cee046f9c2ad63a1d07dbce7abfd4894a44e4d5f3657a5bc6700,C/forward_2025,$\beta_{\log}$,analysis/p0_major_revision_validation/tables/zero_control_full.csv,csv,331f696ba78da1dcdd1553d0a824e1d1f752949459f301a0fb11413fad3a61ec,P0_STAGE_1_5_G2,cell_id=C;evaluation=forward_2025,RECOMPUTED,-0.16120241944791652,coefficient,identity,coefficient,half_up:3,-0.161,ATTAINED,NONE,WITHIN_MODEL,PRIMARY,NOT_APPLICABLE,NOT_APPLICABLE,"Cell C is the custom-objective rho=0 origin, printed in the manuscript as both ""Direct, rho=0"" and ""Surrogate, rho=0"" -- the two coincide (parity_ladder C<->C_surrogate max |delta| = 0)."
N-zero-betalog-C-heldout,zero_control,betalog,subsection: First-Order Correction and Residual Structure Along the Path,,fig:mechanism_path_placeholder,L2853|fig:mechanism_path_placeholder|row=Direct/Surrogate rho=0|col=$\beta_{\log}$,2853,ACTIVE,"the held-out Direct anchors, $\beta_{\log}$ changes from $-0.147$ at",4a1a1fd25209e8e163f069b04d40156a977255d2e99ff0e56cf7e38881b48498,Direct/Surrogate rho=0,$\beta_{\log}$,analysis/p0_major_revision_validation/tables/zero_control_full.csv,csv,331f696ba78da1dcdd1553d0a824e1d1f752949459f301a0fb11413fad3a61ec,P0_STAGE_1_5_G2,cell_id=C;evaluation=heldout,RECOMPUTED,-0.14738109602580063,coefficient,identity,coefficient,half_up:3,-0.147,ATTAINED,C,PENALTY_ISOLATING,PRIMARY,NOT_APPLICABLE,NOT_APPLICABLE,"The rho=0 end of the quoted beta_log range. Correctly referenced to the custom-objective rho=0 origin (Cell C), not to Ordinary LightGBM."
N-zero-betalog-C-heldout,zero_control,betalog,Appendix subsection: Zero-Penalty Implementation Audit,tab:rho_zero_control,tab:rho_zero_control,L3690|tab:rho_zero_control|row=C/heldout|col=$\beta_{\log}$,3690,ACTIVE,"Held-out & Direct, $\rho=0$ & 0.893 & 0.289 & -0.147 & 3.24e-02 & 3.09e-01 \\",7a0138986d1e4a65206aa30bd44b25000f6419042e5c1cf13b34cb11f785bef1,C/heldout,$\beta_{\log}$,analysis/p0_major_revision_validation/tables/zero_control_full.csv,csv,331f696ba78da1dcdd1553d0a824e1d1f752949459f301a0fb11413fad3a61ec,P0_STAGE_1_5_G2,cell_id=C;evaluation=heldout,RECOMPUTED,-0.14738109602580063,coefficient,identity,coefficient,half_up:3,-0.147,ATTAINED,NONE,WITHIN_MODEL,PRIMARY,NOT_APPLICABLE,NOT_APPLICABLE,"Cell C is the custom-objective rho=0 origin, printed in the manuscript as both ""Direct, rho=0"" and ""Surrogate, rho=0"" -- the two coincide (parity_ladder C<->C_surrogate max |delta| = 0)."
N-zero-dCor-C-forward_2025,zero_control,dCor,subsection: First-Order Correction and Residual Structure Along the Path,,fig:mechanism_path_placeholder,"L2855|fig:mechanism_path_placeholder|row=Surrogate rho=0|col=$\operatorname{dCor}(e,y)$",2855,ACTIVE,"$-0.161$ to $-0.093$. The Surrogate path moves closer to first-order neutrality,",81294200cf9e9b1ae20327d8c227316f7956d9b9ba858cecc27cb772e94d5943,Surrogate rho=0,"$\operatorname{dCor}(e,y)$",analysis/p0_major_revision_validation/tables/zero_control_full.csv,csv,331f696ba78da1dcdd1553d0a824e1d1f752949459f301a0fb11413fad3a61ec,P0_STAGE_1_5_G2,cell_id=C;evaluation=forward_2025,RECOMPUTED,0.4168358784392149,dimensionless,identity,dimensionless,half_up:3,0.417,ATTAINED,C,PENALTY_ISOLATING,PRIMARY,NOT_APPLICABLE,NOT_APPLICABLE,"The rho=0 end of the quoted beta_log range. Correctly referenced to the custom-objective rho=0 origin (Cell C), not to Ordinary LightGBM."
N-zero-dCor-C-heldout,zero_control,dCor,subsection: First-Order Correction and Residual Structure Along the Path,,fig:mechanism_path_placeholder,"L2853|fig:mechanism_path_placeholder|row=Surrogate rho=0|col=$\operatorname{dCor}(e,y)$",2853,ACTIVE,"the held-out Direct anchors, $\beta_{\log}$ changes from $-0.147$ at",4a1a1fd25209e8e163f069b04d40156a977255d2e99ff0e56cf7e38881b48498,Surrogate rho=0,"$\operatorname{dCor}(e,y)$",analysis/p0_major_revision_validation/tables/zero_control_full.csv,csv,331f696ba78da1dcdd1553d0a824e1d1f752949459f301a0fb11413fad3a61ec,P0_STAGE_1_5_G2,cell_id=C;evaluation=heldout,RECOMPUTED,0.3822452533671,dimensionless,identity,dimensionless,half_up:3,0.382,ATTAINED,C,PENALTY_ISOLATING,PRIMARY,NOT_APPLICABLE,NOT_APPLICABLE,"The rho=0 end of the quoted beta_log range. Correctly referenced to the custom-objective rho=0 origin (Cell C), not to Ordinary LightGBM."
N-zero-maxdelta-forward_2025,zero_control,maxdelta,Appendix subsection: Zero-Penalty Implementation Audit,tab:rho_zero_control,tab:rho_zero_control,L3694|tab:rho_zero_control|row=A<->C/forward_2025|col=Max $|\Delta\widehat y|$,3694,ACTIVE,"2025 forward & Direct, $\rho=0$ & 0.904 & 0.279 & -0.161 & 3.06e-02 & 2.83e-01 \\",0b794713e547cee046f9c2ad63a1d07dbce7abfd4894a44e4d5f3657a5bc6700,A<->C/forward_2025,Max $|\Delta\widehat y|$,analysis/p0_major_revision_validation/tables/zero_reference_reproduction_qc.csv,csv,7857e46b4fb7a94a808b699919175dc3199730adc565ca794a5586454c845157,P0_STAGE_1_5_G2,cell_id=A<->C;eval_name=forward_2025,RECOMPUTED,0.28251973643910233,log_points,identity,log_points,sci:3,2.83e-01,ATTAINED,C,WITHIN_MODEL,PRIMARY,NOT_APPLICABLE,NOT_APPLICABLE,"Log-price prediction deviations between Ordinary LightGBM and the custom-objective rho=0 origin, aligned on sale identifiers, tier AGGREGATE_CROSSCHECK. These magnitudes are what make the deterministic built-in-vs-custom feature-subsampling execution-path divergence material."
N-zero-maxdelta-heldout,zero_control,maxdelta,Appendix subsection: Zero-Penalty Implementation Audit,tab:rho_zero_control,tab:rho_zero_control,L3690|tab:rho_zero_control|row=A<->C/heldout|col=Max $|\Delta\widehat y|$,3690,ACTIVE,"Held-out & Direct, $\rho=0$ & 0.893 & 0.289 & -0.147 & 3.24e-02 & 3.09e-01 \\",7a0138986d1e4a65206aa30bd44b25000f6419042e5c1cf13b34cb11f785bef1,A<->C/heldout,Max $|\Delta\widehat y|$,analysis/p0_major_revision_validation/tables/zero_reference_reproduction_qc.csv,csv,7857e46b4fb7a94a808b699919175dc3199730adc565ca794a5586454c845157,P0_STAGE_1_5_G2,cell_id=A<->C;eval_name=heldout,RECOMPUTED,0.3089424504824372,log_points,identity,log_points,sci:3,3.09e-01,ATTAINED,C,WITHIN_MODEL,PRIMARY,NOT_APPLICABLE,NOT_APPLICABLE,"Log-price prediction deviations between Ordinary LightGBM and the custom-objective rho=0 origin, aligned on sale identifiers, tier AGGREGATE_CROSSCHECK. These magnitudes are what make the deterministic built-in-vs-custom feature-subsampling execution-path divergence material."
N-zero-meandelta-forward_2025,zero_control,meandelta,Appendix subsection: Zero-Penalty Implementation Audit,tab:rho_zero_control,tab:rho_zero_control,L3694|tab:rho_zero_control|row=A<->C/forward_2025|col=Mean $|\Delta\widehat y|$,3694,ACTIVE,"2025 forward & Direct, $\rho=0$ & 0.904 & 0.279 & -0.161 & 3.06e-02 & 2.83e-01 \\",0b794713e547cee046f9c2ad63a1d07dbce7abfd4894a44e4d5f3657a5bc6700,A<->C/forward_2025,Mean $|\Delta\widehat y|$,analysis/p0_major_revision_validation/tables/zero_reference_reproduction_qc.csv,csv,7857e46b4fb7a94a808b699919175dc3199730adc565ca794a5586454c845157,P0_STAGE_1_5_G2,cell_id=A<->C;eval_name=forward_2025,RECOMPUTED,0.030562982853740893,log_points,identity,log_points,sci:3,3.06e-02,ATTAINED,C,WITHIN_MODEL,PRIMARY,NOT_APPLICABLE,NOT_APPLICABLE,"Log-price prediction deviations between Ordinary LightGBM and the custom-objective rho=0 origin, aligned on sale identifiers, tier AGGREGATE_CROSSCHECK. These magnitudes are what make the deterministic built-in-vs-custom feature-subsampling execution-path divergence material."
N-zero-meandelta-heldout,zero_control,meandelta,Appendix subsection: Zero-Penalty Implementation Audit,tab:rho_zero_control,tab:rho_zero_control,L3690|tab:rho_zero_control|row=A<->C/heldout|col=Mean $|\Delta\widehat y|$,3690,ACTIVE,"Held-out & Direct, $\rho=0$ & 0.893 & 0.289 & -0.147 & 3.24e-02 & 3.09e-01 \\",7a0138986d1e4a65206aa30bd44b25000f6419042e5c1cf13b34cb11f785bef1,A<->C/heldout,Mean $|\Delta\widehat y|$,analysis/p0_major_revision_validation/tables/zero_reference_reproduction_qc.csv,csv,7857e46b4fb7a94a808b699919175dc3199730adc565ca794a5586454c845157,P0_STAGE_1_5_G2,cell_id=A<->C;eval_name=heldout,RECOMPUTED,0.03238952393862062,log_points,identity,log_points,sci:3,3.24e-02,ATTAINED,C,WITHIN_MODEL,PRIMARY,NOT_APPLICABLE,NOT_APPLICABLE,"Log-price prediction deviations between Ordinary LightGBM and the custom-objective rho=0 origin, aligned on sale identifiers, tier AGGREGATE_CROSSCHECK. These magnitudes are what make the deterministic built-in-vs-custom feature-subsampling execution-path divergence material."
