token,kind,render_bucket,baseline_line,manuscript_section,source_anchor,baseline_excerpt_norm,baseline_excerpt_sha256,resolution,reason,claim_ids
54,int_small,COMMENTED,140,abstract: Abstract,(before first label),% \textcolor{blue}{\sout{Property value assessments determine how local property-tax burdens are distributed. Assessor o,e072d2832bac1523d164ebc57f080e70e0bc359d35e57a796ddfa997298117e0,NOT_RENDERED,COMMENTED,
88,int_small,COMMENTED,140,abstract: Abstract,(before first label),% \textcolor{blue}{\sout{Property value assessments determine how local property-tax burdens are distributed. Assessor o,e072d2832bac1523d164ebc57f080e70e0bc359d35e57a796ddfa997298117e0,NOT_RENDERED,COMMENTED,
3.5,decimal,COMMENTED,140,abstract: Abstract,(before first label),% \textcolor{blue}{\sout{Property value assessments determine how local property-tax burdens are distributed. Assessor o,e072d2832bac1523d164ebc57f080e70e0bc359d35e57a796ddfa997298117e0,NOT_RENDERED,COMMENTED,
2025,year_like,ACTIVE,145,abstract: Abstract,(before first label),"\latesttext{Machine-learning real estate valuation models can predict property sale prices with high accuracy, while sti",20a41c5dc19fe0c6372b82890002433d490553494ce3df054d6250e295ab4c7e,ALLOWLISTED,DESIGN_CONSTANT,
2016,year_like,ACTIVE,154,section: Introduction,sec:introduction,Property taxes are one of the largest sources of local government revenue in the United States. They help finance public,1f7001bdd2f7082f0451bf4ad355bc18473e3dfd64f2fb74e9cf6e9f549a5406,ALLOWLISTED,DESIGN_CONSTANT,
72,int_small,ACTIVE,154,section: Introduction,sec:introduction,Property taxes are one of the largest sources of local government revenue in the United States. They help finance public,1f7001bdd2f7082f0451bf4ad355bc18473e3dfd64f2fb74e9cf6e9f549a5406,ALLOWLISTED,EXTERNAL_LITERATURE_STATISTIC,
47,int_small,ACTIVE,154,section: Introduction,sec:introduction,Property taxes are one of the largest sources of local government revenue in the United States. They help finance public,1f7001bdd2f7082f0451bf4ad355bc18473e3dfd64f2fb74e9cf6e9f549a5406,ALLOWLISTED,EXTERNAL_LITERATURE_STATISTIC,
500,int_mid,ACTIVE,154,section: Introduction,sec:introduction,Property taxes are one of the largest sources of local government revenue in the United States. They help finance public,1f7001bdd2f7082f0451bf4ad355bc18473e3dfd64f2fb74e9cf6e9f549a5406,ALLOWLISTED,EXTERNAL_LITERATURE_STATISTIC,
90,int_small,COMMENTED,201,section: Introduction,sec:introduction,"% \textcolor{blue}{\sout{Applied to CCAO's residential property-valuation workflow, the proposed methodology substantial",c9a85f460da22dea9e69fec709674dd2cfafd2f2e989dda5d7fd6309ecf15d4f,NOT_RENDERED,COMMENTED,
2016,year_like,COMMENTED,201,section: Introduction,sec:introduction,"% \textcolor{blue}{\sout{Applied to CCAO's residential property-valuation workflow, the proposed methodology substantial",c9a85f460da22dea9e69fec709674dd2cfafd2f2e989dda5d7fd6309ecf15d4f,NOT_RENDERED,COMMENTED,
2024,year_like,COMMENTED,201,section: Introduction,sec:introduction,"% \textcolor{blue}{\sout{Applied to CCAO's residential property-valuation workflow, the proposed methodology substantial",c9a85f460da22dea9e69fec709674dd2cfafd2f2e989dda5d7fd6309ecf15d4f,NOT_RENDERED,COMMENTED,
"344,607",int_ge_1000,COMMENTED,201,section: Introduction,sec:introduction,"% \textcolor{blue}{\sout{Applied to CCAO's residential property-valuation workflow, the proposed methodology substantial",c9a85f460da22dea9e69fec709674dd2cfafd2f2e989dda5d7fd6309ecf15d4f,NOT_RENDERED,COMMENTED,
10,int_small,COMMENTED,201,section: Introduction,sec:introduction,"% \textcolor{blue}{\sout{Applied to CCAO's residential property-valuation workflow, the proposed methodology substantial",c9a85f460da22dea9e69fec709674dd2cfafd2f2e989dda5d7fd6309ecf15d4f,NOT_RENDERED,COMMENTED,
"38,290",int_ge_1000,COMMENTED,201,section: Introduction,sec:introduction,"% \textcolor{blue}{\sout{Applied to CCAO's residential property-valuation workflow, the proposed methodology substantial",c9a85f460da22dea9e69fec709674dd2cfafd2f2e989dda5d7fd6309ecf15d4f,NOT_RENDERED,COMMENTED,
2025,year_like,COMMENTED,201,section: Introduction,sec:introduction,"% \textcolor{blue}{\sout{Applied to CCAO's residential property-valuation workflow, the proposed methodology substantial",c9a85f460da22dea9e69fec709674dd2cfafd2f2e989dda5d7fd6309ecf15d4f,NOT_RENDERED,COMMENTED,
"26,641",int_ge_1000,COMMENTED,201,section: Introduction,sec:introduction,"% \textcolor{blue}{\sout{Applied to CCAO's residential property-valuation workflow, the proposed methodology substantial",c9a85f460da22dea9e69fec709674dd2cfafd2f2e989dda5d7fd6309ecf15d4f,NOT_RENDERED,COMMENTED,
"382,897",int_ge_1000,COMMENTED,201,section: Introduction,sec:introduction,"% \textcolor{blue}{\sout{Applied to CCAO's residential property-valuation workflow, the proposed methodology substantial",c9a85f460da22dea9e69fec709674dd2cfafd2f2e989dda5d7fd6309ecf15d4f,NOT_RENDERED,COMMENTED,
2016,year_like,COMMENTED,201,section: Introduction,sec:introduction,"% \textcolor{blue}{\sout{Applied to CCAO's residential property-valuation workflow, the proposed methodology substantial",c9a85f460da22dea9e69fec709674dd2cfafd2f2e989dda5d7fd6309ecf15d4f,NOT_RENDERED,COMMENTED,
2024,year_like,COMMENTED,201,section: Introduction,sec:introduction,"% \textcolor{blue}{\sout{Applied to CCAO's residential property-valuation workflow, the proposed methodology substantial",c9a85f460da22dea9e69fec709674dd2cfafd2f2e989dda5d7fd6309ecf15d4f,NOT_RENDERED,COMMENTED,
54,int_small,COMMENTED,201,section: Introduction,sec:introduction,"% \textcolor{blue}{\sout{Applied to CCAO's residential property-valuation workflow, the proposed methodology substantial",c9a85f460da22dea9e69fec709674dd2cfafd2f2e989dda5d7fd6309ecf15d4f,NOT_RENDERED,COMMENTED,
88,int_small,COMMENTED,201,section: Introduction,sec:introduction,"% \textcolor{blue}{\sout{Applied to CCAO's residential property-valuation workflow, the proposed methodology substantial",c9a85f460da22dea9e69fec709674dd2cfafd2f2e989dda5d7fd6309ecf15d4f,NOT_RENDERED,COMMENTED,
2,int_small,COMMENTED,201,section: Introduction,sec:introduction,"% \textcolor{blue}{\sout{Applied to CCAO's residential property-valuation workflow, the proposed methodology substantial",c9a85f460da22dea9e69fec709674dd2cfafd2f2e989dda5d7fd6309ecf15d4f,NOT_RENDERED,COMMENTED,
0.885,decimal,COMMENTED,201,section: Introduction,sec:introduction,"% \textcolor{blue}{\sout{Applied to CCAO's residential property-valuation workflow, the proposed methodology substantial",c9a85f460da22dea9e69fec709674dd2cfafd2f2e989dda5d7fd6309ecf15d4f,NOT_RENDERED,COMMENTED,
0.881,decimal,COMMENTED,201,section: Introduction,sec:introduction,"% \textcolor{blue}{\sout{Applied to CCAO's residential property-valuation workflow, the proposed methodology substantial",c9a85f460da22dea9e69fec709674dd2cfafd2f2e989dda5d7fd6309ecf15d4f,NOT_RENDERED,COMMENTED,
3.5,decimal,COMMENTED,201,section: Introduction,sec:introduction,"% \textcolor{blue}{\sout{Applied to CCAO's residential property-valuation workflow, the proposed methodology substantial",c9a85f460da22dea9e69fec709674dd2cfafd2f2e989dda5d7fd6309ecf15d4f,NOT_RENDERED,COMMENTED,
2025,year_like,ACTIVE,203,section: Introduction,sec:introduction,"{In the primary CCAO application, model development and the complete penalty paths are evaluated chronologically within ",beb494e1be2dddb68766ef572d6818b02e905e6293050e4959b16a8d100a1f1a,ALLOWLISTED,DESIGN_CONSTANT,
2,int_small,COMMENTED,225,section: Introduction,sec:introduction,"% $\operatorname{Cov}(\log(\widehat P/P),\log P)^2$",0e1b3de586d7a8527cb753a6af0a7c7f88ab8efbd06d52caf45f11b094a8aaec,NOT_RENDERED,COMMENTED,
2019,year_like,ACTIVE,334,subsection: The CCAO Residential Valuation Workflow,subsec:ccao_workflow,The CCAO values a large and heterogeneous residential inventory on a triennial reassessment cycle \cite{CCAOAssessmentCa,0c0bfb89089da09db51dfecb154d5cdc792657be2eab7ae95dd16607d6a868f3,ALLOWLISTED,DESIGN_CONSTANT,
2020,year_like,ACTIVE,334,subsection: The CCAO Residential Valuation Workflow,subsec:ccao_workflow,The CCAO values a large and heterogeneous residential inventory on a triennial reassessment cycle \cite{CCAOAssessmentCa,0c0bfb89089da09db51dfecb154d5cdc792657be2eab7ae95dd16607d6a868f3,ALLOWLISTED,CITATION_OR_YEAR,
2021,year_like,ACTIVE,334,subsection: The CCAO Residential Valuation Workflow,subsec:ccao_workflow,The CCAO values a large and heterogeneous residential inventory on a triennial reassessment cycle \cite{CCAOAssessmentCa,0c0bfb89089da09db51dfecb154d5cdc792657be2eab7ae95dd16607d6a868f3,ALLOWLISTED,DESIGN_CONSTANT,
0,int_small,COMMENTED,353,subsection: Prediction Setting and Baseline Models,subsec:baseline_models,% \textcolor{blue}{\sout{The variable $P_i>0$ is the verified sale price and serves as the transaction-based benchmark f,5ac82456348beb954dcbae4d63546d4339507da8a8cdaf17d38af265d4501e75,NOT_RENDERED,COMMENTED,
0,int_small,COMMENTED,355,subsection: Prediction Setting and Baseline Models,subsec:baseline_models,% \textcolor{blue}{\sout{The variable $P_i>0$ is the verified sale price and is treated as the observed transaction-base,73cec9d199dc11bbd433a044de3d1c4174ee8540bbc42a078bf9aea6d2384900,NOT_RENDERED,COMMENTED,
1,int_small,COMMENTED,461,"subsection: Predictive, Assessor-Facing, and Residual-Structure Diagnostics",subsec:metrics,"% \textcolor{blue}{\sout{For an evaluation sample $S\subseteq\mathcal{I}$, let $n_S=|S|$, $\bar P_S=n_S^{-1}\sum_{i\in S",2ce5509932c7ac57e703f272d8db1794b291c07efda7528ff2dbb81d0db237fe,NOT_RENDERED,COMMENTED,
1,int_small,COMMENTED,461,"subsection: Predictive, Assessor-Facing, and Residual-Structure Diagnostics",subsec:metrics,"% \textcolor{blue}{\sout{For an evaluation sample $S\subseteq\mathcal{I}$, let $n_S=|S|$, $\bar P_S=n_S^{-1}\sum_{i\in S",2ce5509932c7ac57e703f272d8db1794b291c07efda7528ff2dbb81d0db237fe,NOT_RENDERED,COMMENTED,
2,int_small,COMMENTED,461,"subsection: Predictive, Assessor-Facing, and Residual-Structure Diagnostics",subsec:metrics,"% \textcolor{blue}{\sout{For an evaluation sample $S\subseteq\mathcal{I}$, let $n_S=|S|$, $\bar P_S=n_S^{-1}\sum_{i\in S",2ce5509932c7ac57e703f272d8db1794b291c07efda7528ff2dbb81d0db237fe,NOT_RENDERED,COMMENTED,
2,int_small,COMMENTED,491,"subsection: Predictive, Assessor-Facing, and Residual-Structure Diagnostics",eq:predictive_metrics,"% \textcolor{blue}{\sout{The price-scale MAE gives the average absolute prediction error in dollars, while $R^2_P$ summa",cca513ef25331a7a51a396debd5415f74ae71bdece9689319b82fb287668e2e8,NOT_RENDERED,COMMENTED,
2,int_small,COMMENTED,491,"subsection: Predictive, Assessor-Facing, and Residual-Structure Diagnostics",eq:predictive_metrics,"% \textcolor{blue}{\sout{The price-scale MAE gives the average absolute prediction error in dollars, while $R^2_P$ summa",cca513ef25331a7a51a396debd5415f74ae71bdece9689319b82fb287668e2e8,NOT_RENDERED,COMMENTED,
1,int_small,COMMENTED,493,"subsection: Predictive, Assessor-Facing, and Residual-Structure Diagnostics",eq:predictive_metrics,"% \textcolor{blue}{\sout{The price-scale MAE gives the average absolute prediction error in dollars, while MAPE gives th",e370a5224a43f1b8fb7d115e0033c394172c2cabe806ebb286cb9e42fe224b87,NOT_RENDERED,COMMENTED,
2,int_small,COMMENTED,493,"subsection: Predictive, Assessor-Facing, and Residual-Structure Diagnostics",eq:predictive_metrics,"% \textcolor{blue}{\sout{The price-scale MAE gives the average absolute prediction error in dollars, while MAPE gives th",e370a5224a43f1b8fb7d115e0033c394172c2cabe806ebb286cb9e42fe224b87,NOT_RENDERED,COMMENTED,
2,int_small,COMMENTED,496,"subsection: Predictive, Assessor-Facing, and Residual-Structure Diagnostics",eq:predictive_metrics,% \textcolor{blue}{\sout{Because $R^2_{\log P}$ and $\operatorname{RMSE}_{\log P}$ are driven by the same log-scale sum ,38b6fed13c19d4eaad21d37b12e52205b90e75727c46acdc029b921e0d4ea962,NOT_RENDERED,COMMENTED,
2,int_small,COMMENTED,496,"subsection: Predictive, Assessor-Facing, and Residual-Structure Diagnostics",eq:predictive_metrics,% \textcolor{blue}{\sout{Because $R^2_{\log P}$ and $\operatorname{RMSE}_{\log P}$ are driven by the same log-scale sum ,38b6fed13c19d4eaad21d37b12e52205b90e75727c46acdc029b921e0d4ea962,NOT_RENDERED,COMMENTED,
100,int_mid,COMMENTED,496,"subsection: Predictive, Assessor-Facing, and Residual-Structure Diagnostics",eq:predictive_metrics,% \textcolor{blue}{\sout{Because $R^2_{\log P}$ and $\operatorname{RMSE}_{\log P}$ are driven by the same log-scale sum ,38b6fed13c19d4eaad21d37b12e52205b90e75727c46acdc029b921e0d4ea962,NOT_RENDERED,COMMENTED,
1,int_small,COMMENTED,496,"subsection: Predictive, Assessor-Facing, and Residual-Structure Diagnostics",eq:predictive_metrics,% \textcolor{blue}{\sout{Because $R^2_{\log P}$ and $\operatorname{RMSE}_{\log P}$ are driven by the same log-scale sum ,38b6fed13c19d4eaad21d37b12e52205b90e75727c46acdc029b921e0d4ea962,NOT_RENDERED,COMMENTED,
2,int_small,COMMENTED,497,"subsection: Predictive, Assessor-Facing, and Residual-Structure Diagnostics",eq:predictive_metrics,% \textcolor{impGreen}{We retain $R^2_{\log P}$ only as a supplementary implementation diagnostic. On a fixed evaluation,3cb49c5138074df37387d69d50d14eac61ed231e71794e9f98886ca58a1a1e45,NOT_RENDERED,COMMENTED,
2026,year_like,COMMENTED,559,"subsection: Predictive, Assessor-Facing, and Residual-Structure Diagnostics",eq:cov,% \textcolor{blue}{\sout{Vertical equity concerns whether assessment ratios vary systematically with property value. A r,1c5461cf32c6e04c71270993a8dbf70d8448a25e6d387fdc9f944cceac5ec97e,NOT_RENDERED,COMMENTED,
2026,year_like,ACTIVE,560,"subsection: Predictive, Assessor-Facing, and Residual-Structure Diagnostics",eq:cov,{Vertical equity concerns whether valuation ratios vary systematically across underlying market value. A \emph{regressiv,721662cfb6f60ad4c0c5adb37a83167029b81792325136d821bf8046ce7b088e,ALLOWLISTED,CITATION_OR_YEAR,
2013,year_like,ACTIVE,569,"subsection: Predictive, Assessor-Facing, and Residual-Structure Diagnostics",eq:prd,"Note that, since the weighted mean ratio assigns greater weight to higher-value properties, a PRD above one tends to ari",1422b75d132d482e84d7d33f8bef3c00c37926ae9e90d2c357b22b15b6613e1e,ALLOWLISTED,CITATION_OR_YEAR,
2013,year_like,ACTIVE,587,"subsection: Predictive, Assessor-Facing, and Residual-Structure Diagnostics",eq:market_value_proxy,"\newtext{The 2013 IAAO Standard explicitly defines the equal-weight proxy as $0.50(\mathrm{AV}/\mathrm{Median})+0.50\,\m",cbf9e1c56b37456a721b5ef10897b3fb4b07c2822087c6080175c37830446b5a,ALLOWLISTED,CITATION_OR_YEAR,
2026,year_like,ACTIVE,587,"subsection: Predictive, Assessor-Facing, and Residual-Structure Diagnostics",eq:market_value_proxy,"\newtext{The 2013 IAAO Standard explicitly defines the equal-weight proxy as $0.50(\mathrm{AV}/\mathrm{Median})+0.50\,\m",cbf9e1c56b37456a721b5ef10897b3fb4b07c2822087c6080175c37830446b5a,ALLOWLISTED,CITATION_OR_YEAR,
2026,year_like,ACTIVE,587,"subsection: Predictive, Assessor-Facing, and Residual-Structure Diagnostics",eq:market_value_proxy,"\newtext{The 2013 IAAO Standard explicitly defines the equal-weight proxy as $0.50(\mathrm{AV}/\mathrm{Median})+0.50\,\m",cbf9e1c56b37456a721b5ef10897b3fb4b07c2822087c6080175c37830446b5a,ALLOWLISTED,CITATION_OR_YEAR,
2013,year_like,ACTIVE,587,"subsection: Predictive, Assessor-Facing, and Residual-Structure Diagnostics",eq:market_value_proxy,"\newtext{The 2013 IAAO Standard explicitly defines the equal-weight proxy as $0.50(\mathrm{AV}/\mathrm{Median})+0.50\,\m",cbf9e1c56b37456a721b5ef10897b3fb4b07c2822087c6080175c37830446b5a,ALLOWLISTED,CITATION_OR_YEAR,
2013,year_like,ACTIVE,587,"subsection: Predictive, Assessor-Facing, and Residual-Structure Diagnostics",eq:market_value_proxy,"\newtext{The 2013 IAAO Standard explicitly defines the equal-weight proxy as $0.50(\mathrm{AV}/\mathrm{Median})+0.50\,\m",cbf9e1c56b37456a721b5ef10897b3fb4b07c2822087c6080175c37830446b5a,ALLOWLISTED,CITATION_OR_YEAR,
2026,year_like,COMMENTED,646,"subsection: Predictive, Assessor-Facing, and Residual-Structure Diagnostics",eq:mki,"% \textcolor{blue}{\sout{Finally, we report the Vertical Equity Indicator (VEI), a high-versus-low value-group compariso",85eda7c2a8c8231df71116ec94a3cc36ecf7b6ea554b64121dea32e95301738c,NOT_RENDERED,COMMENTED,
2026,year_like,ACTIVE,648,"subsection: Predictive, Assessor-Facing, and Residual-Structure Diagnostics",eq:mki,"Finally, we report the \emph{Vertical Equity Indicator} (VEI), the quantile-grouped vertical-equity measure emphasized i",dd15c6d4ac5bc83a9a6bc594e0a11f1f5a2e6f6dde318372be9cbac184f59491,ALLOWLISTED,CITATION_OR_YEAR,
2026,year_like,COMMENTED,660,"subsection: Predictive, Assessor-Facing, and Residual-Structure Diagnostics",eq:vei,"% \textcolor{blue}{\sout{Because the May 2026 document remains an exposure draft, we use VEI and the proposed band as su",3b6232fb0be9452b2cfb2cd11fdeaa60375a65d3a433e459ae4bf08065b6402f,NOT_RENDERED,COMMENTED,
2026,year_like,ACTIVE,661,"subsection: Predictive, Assessor-Facing, and Residual-Structure Diagnostics",eq:vei,"{Again, since the May 2026 document remains an exposure draft, we use VEI and the proposed band as descriptive guidance ",d93fa05ca6a1d9e6c5a05888c3da2b071d8f5aadf0d6f8f29a19d77c6afdcc4b,ALLOWLISTED,CITATION_OR_YEAR,
90,int_small,ACTIVE,661,"subsection: Predictive, Assessor-Facing, and Residual-Structure Diagnostics",eq:vei,"{Again, since the May 2026 document remains an exposure draft, we use VEI and the proposed band as descriptive guidance ",d93fa05ca6a1d9e6c5a05888c3da2b071d8f5aadf0d6f8f29a19d77c6afdcc4b,ALLOWLISTED,DESIGN_CONSTANT,
2,int_small,COMMENTED,698,"subsection: Predictive, Assessor-Facing, and Residual-Structure Diagnostics",tab:assessment_metrics_summary,% \metriclabel{$R^2_P$},b5575b897001973a510f3b74fab02e6029c942437010822af9665b7fc64a62fe,NOT_RENDERED,COMMENTED,
1,int_small,COMMENTED,699,"subsection: Predictive, Assessor-Facing, and Residual-Structure Diagnostics",tab:assessment_metrics_summary,% & $1$,77624f3fd6adba7257a9ea7015eb5bb2a19838ad8a552a5c9faed310f0a802d7,NOT_RENDERED,COMMENTED,
0,int_small,COMMENTED,704,"subsection: Predictive, Assessor-Facing, and Residual-Structure Diagnostics",tab:assessment_metrics_summary,% & $0$,5b67884e9ce3b5beed680c05b8846ed7b64133da2ff9113427d592cd47e15aef,NOT_RENDERED,COMMENTED,
0,int_small,COMMENTED,709,"subsection: Predictive, Assessor-Facing, and Residual-Structure Diagnostics",tab:assessment_metrics_summary,% & $0$,5b67884e9ce3b5beed680c05b8846ed7b64133da2ff9113427d592cd47e15aef,NOT_RENDERED,COMMENTED,
0,int_small,COMMENTED,714,"subsection: Predictive, Assessor-Facing, and Residual-Structure Diagnostics",tab:assessment_metrics_summary,% & $0$,5b67884e9ce3b5beed680c05b8846ed7b64133da2ff9113427d592cd47e15aef,NOT_RENDERED,COMMENTED,
1,int_small,COMMENTED,728,"subsection: Predictive, Assessor-Facing, and Residual-Structure Diagnostics",tab:assessment_metrics_summary,% & $1$,77624f3fd6adba7257a9ea7015eb5bb2a19838ad8a552a5c9faed310f0a802d7,NOT_RENDERED,COMMENTED,
1,int_small,COMMENTED,733,"subsection: Predictive, Assessor-Facing, and Residual-Structure Diagnostics",tab:assessment_metrics_summary,% & $1$,77624f3fd6adba7257a9ea7015eb5bb2a19838ad8a552a5c9faed310f0a802d7,NOT_RENDERED,COMMENTED,
1,int_small,COMMENTED,738,"subsection: Predictive, Assessor-Facing, and Residual-Structure Diagnostics",tab:assessment_metrics_summary,% & $1$,77624f3fd6adba7257a9ea7015eb5bb2a19838ad8a552a5c9faed310f0a802d7,NOT_RENDERED,COMMENTED,
5.0,decimal,COMMENTED,753,"subsection: Predictive, Assessor-Facing, and Residual-Structure Diagnostics",tab:assessment_metrics_summary,"% & $[5.0,15.0]$\textsuperscript{$\dagger$}",491a4623ee7fbb74f9a6d08465c632d69c6abbcb04fac1e35144d6c5cf06e76a,NOT_RENDERED,COMMENTED,
15.0,decimal,COMMENTED,753,"subsection: Predictive, Assessor-Facing, and Residual-Structure Diagnostics",tab:assessment_metrics_summary,"% & $[5.0,15.0]$\textsuperscript{$\dagger$}",491a4623ee7fbb74f9a6d08465c632d69c6abbcb04fac1e35144d6c5cf06e76a,NOT_RENDERED,COMMENTED,
0,int_small,COMMENTED,757,"subsection: Predictive, Assessor-Facing, and Residual-Structure Diagnostics",tab:assessment_metrics_summary,% & 0,15772f9c9daf3bd20c7283f62726f339d7e2a2a8371dd3e5540f4b32f70d9a30,NOT_RENDERED,COMMENTED,
1,int_small,COMMENTED,769,"subsection: Predictive, Assessor-Facing, and Residual-Structure Diagnostics",tab:assessment_metrics_summary,% & $1$,77624f3fd6adba7257a9ea7015eb5bb2a19838ad8a552a5c9faed310f0a802d7,NOT_RENDERED,COMMENTED,
0.98,decimal,COMMENTED,770,"subsection: Predictive, Assessor-Facing, and Residual-Structure Diagnostics",tab:assessment_metrics_summary,"% & $[0.98,1.03]$",99ba9e43150c16838a38bd89a44b81fc0d3dfd6d42c660fe740b5e1759316f4e,NOT_RENDERED,COMMENTED,
1.03,decimal,COMMENTED,770,"subsection: Predictive, Assessor-Facing, and Residual-Structure Diagnostics",tab:assessment_metrics_summary,"% & $[0.98,1.03]$",99ba9e43150c16838a38bd89a44b81fc0d3dfd6d42c660fe740b5e1759316f4e,NOT_RENDERED,COMMENTED,
0,int_small,COMMENTED,774,"subsection: Predictive, Assessor-Facing, and Residual-Structure Diagnostics",tab:assessment_metrics_summary,% & $0$,5b67884e9ce3b5beed680c05b8846ed7b64133da2ff9113427d592cd47e15aef,NOT_RENDERED,COMMENTED,
0.05,decimal,COMMENTED,775,"subsection: Predictive, Assessor-Facing, and Residual-Structure Diagnostics",tab:assessment_metrics_summary,"% & $[-0.05,0.05]$",75ac1d0e2f0dd4bee619022ba07d7634d4a30791f0c610edb628466ccd489a2d,NOT_RENDERED,COMMENTED,
0.05,decimal,COMMENTED,775,"subsection: Predictive, Assessor-Facing, and Residual-Structure Diagnostics",tab:assessment_metrics_summary,"% & $[-0.05,0.05]$",75ac1d0e2f0dd4bee619022ba07d7634d4a30791f0c610edb628466ccd489a2d,NOT_RENDERED,COMMENTED,
1,int_small,COMMENTED,779,"subsection: Predictive, Assessor-Facing, and Residual-Structure Diagnostics",tab:assessment_metrics_summary,% & $1$,77624f3fd6adba7257a9ea7015eb5bb2a19838ad8a552a5c9faed310f0a802d7,NOT_RENDERED,COMMENTED,
0,int_small,COMMENTED,784,"subsection: Predictive, Assessor-Facing, and Residual-Structure Diagnostics",tab:assessment_metrics_summary,% & $0$,5b67884e9ce3b5beed680c05b8846ed7b64133da2ff9113427d592cd47e15aef,NOT_RENDERED,COMMENTED,
10,int_small,COMMENTED,785,"subsection: Predictive, Assessor-Facing, and Residual-Structure Diagnostics",tab:assessment_metrics_summary,"% & $[-10\%,10\%]$\textsuperscript{$\dagger$}",b41b2431ded84494951a38c126d787db66113a66aabae7a3cb4490747f6097b4,NOT_RENDERED,COMMENTED,
10,int_small,COMMENTED,785,"subsection: Predictive, Assessor-Facing, and Residual-Structure Diagnostics",tab:assessment_metrics_summary,"% & $[-10\%,10\%]$\textsuperscript{$\dagger$}",b41b2431ded84494951a38c126d787db66113a66aabae7a3cb4490747f6097b4,NOT_RENDERED,COMMENTED,
2013,year_like,COMMENTED,796,"subsection: Predictive, Assessor-Facing, and Residual-Structure Diagnostics",tab:assessment_metrics_summary,% PRD and PRB reference ranges follow the 2013 IAAO Standard \cite{IAAO2013Ratio}.,135ad91b9b7a2333712777628b4dba01765ff0700c6dff1b82bbda344985d291,NOT_RENDERED,COMMENTED,
2026,year_like,COMMENTED,797,"subsection: Predictive, Assessor-Facing, and Residual-Structure Diagnostics",tab:assessment_metrics_summary,% \textsuperscript{$\dagger$}The May 2026 IAAO exposure draft gives $5.0$--$15.0$,9441d5f1ce60580c629f24fc791fe34f5bec12a6e14270dd617d6fd9100a761a,NOT_RENDERED,COMMENTED,
5.0,decimal,COMMENTED,797,"subsection: Predictive, Assessor-Facing, and Residual-Structure Diagnostics",tab:assessment_metrics_summary,% \textsuperscript{$\dagger$}The May 2026 IAAO exposure draft gives $5.0$--$15.0$,9441d5f1ce60580c629f24fc791fe34f5bec12a6e14270dd617d6fd9100a761a,NOT_RENDERED,COMMENTED,
15.0,decimal,COMMENTED,797,"subsection: Predictive, Assessor-Facing, and Residual-Structure Diagnostics",tab:assessment_metrics_summary,% \textsuperscript{$\dagger$}The May 2026 IAAO exposure draft gives $5.0$--$15.0$,9441d5f1ce60580c629f24fc791fe34f5bec12a6e14270dd617d6fd9100a761a,NOT_RENDERED,COMMENTED,
10,int_small,COMMENTED,799,"subsection: Predictive, Assessor-Facing, and Residual-Structure Diagnostics",tab:assessment_metrics_summary,"% $[-10\%,10\%]$ for VEI; applicable COD ranges vary by property and market profile",df2c34ce66b143b25c74c94e84e154da7ccfae99cf36a0c206afbd2ca6477136,NOT_RENDERED,COMMENTED,
10,int_small,COMMENTED,799,"subsection: Predictive, Assessor-Facing, and Residual-Structure Diagnostics",tab:assessment_metrics_summary,"% $[-10\%,10\%]$ for VEI; applicable COD ranges vary by property and market profile",df2c34ce66b143b25c74c94e84e154da7ccfae99cf36a0c206afbd2ca6477136,NOT_RENDERED,COMMENTED,
2026,year_like,COMMENTED,800,"subsection: Predictive, Assessor-Facing, and Residual-Structure Diagnostics",tab:assessment_metrics_summary,% \cite{IAAO2026ExposureRatio}. The May 2026 document remains an exposure draft,6153e6790fb74bb7f52a75ee6a004ed32e4491c7827a450997784fd55fe4a8d2,NOT_RENDERED,COMMENTED,
2013,year_like,COMMENTED,801,"subsection: Predictive, Assessor-Facing, and Residual-Structure Diagnostics",tab:assessment_metrics_summary,% under review; the 2013 Standard remains the recommended IAAO guidance pending,4560cd84429b852045f84be0d9b3726ed2af8b90cffb5b84c8ade328beee328a,NOT_RENDERED,COMMENTED,
2,int_small,COMMENTED,839,"subsection: Predictive, Assessor-Facing, and Residual-Structure Diagnostics",tab:assessment_metrics_summary,% \metriclabel{$R^2_P$},b5575b897001973a510f3b74fab02e6029c942437010822af9665b7fc64a62fe,NOT_RENDERED,COMMENTED,
1,int_small,COMMENTED,840,"subsection: Predictive, Assessor-Facing, and Residual-Structure Diagnostics",tab:assessment_metrics_summary,% & $1$,77624f3fd6adba7257a9ea7015eb5bb2a19838ad8a552a5c9faed310f0a802d7,NOT_RENDERED,COMMENTED,
0,int_small,COMMENTED,845,"subsection: Predictive, Assessor-Facing, and Residual-Structure Diagnostics",tab:assessment_metrics_summary,% & $0$,5b67884e9ce3b5beed680c05b8846ed7b64133da2ff9113427d592cd47e15aef,NOT_RENDERED,COMMENTED,
0,int_small,COMMENTED,850,"subsection: Predictive, Assessor-Facing, and Residual-Structure Diagnostics",tab:assessment_metrics_summary,% & $0$,5b67884e9ce3b5beed680c05b8846ed7b64133da2ff9113427d592cd47e15aef,NOT_RENDERED,COMMENTED,
0,int_small,COMMENTED,855,"subsection: Predictive, Assessor-Facing, and Residual-Structure Diagnostics",tab:assessment_metrics_summary,% & $0$,5b67884e9ce3b5beed680c05b8846ed7b64133da2ff9113427d592cd47e15aef,NOT_RENDERED,COMMENTED,
1,int_small,COMMENTED,869,"subsection: Predictive, Assessor-Facing, and Residual-Structure Diagnostics",tab:assessment_metrics_summary,% & $1$,77624f3fd6adba7257a9ea7015eb5bb2a19838ad8a552a5c9faed310f0a802d7,NOT_RENDERED,COMMENTED,
0.90,decimal,COMMENTED,870,"subsection: Predictive, Assessor-Facing, and Residual-Structure Diagnostics",tab:assessment_metrics_summary,"% & $[0.90,1.10]$",e3e36c52ca6040de8abce88bb9e03a8092b673abe30ce63cdf6dbd6dd485fa2d,NOT_RENDERED,COMMENTED,
1.10,decimal,COMMENTED,870,"subsection: Predictive, Assessor-Facing, and Residual-Structure Diagnostics",tab:assessment_metrics_summary,"% & $[0.90,1.10]$",e3e36c52ca6040de8abce88bb9e03a8092b673abe30ce63cdf6dbd6dd485fa2d,NOT_RENDERED,COMMENTED,
1,int_small,COMMENTED,874,"subsection: Predictive, Assessor-Facing, and Residual-Structure Diagnostics",tab:assessment_metrics_summary,% & $1$,77624f3fd6adba7257a9ea7015eb5bb2a19838ad8a552a5c9faed310f0a802d7,NOT_RENDERED,COMMENTED,
0.90,decimal,COMMENTED,875,"subsection: Predictive, Assessor-Facing, and Residual-Structure Diagnostics",tab:assessment_metrics_summary,"% & $[0.90,1.10]$",e3e36c52ca6040de8abce88bb9e03a8092b673abe30ce63cdf6dbd6dd485fa2d,NOT_RENDERED,COMMENTED,
1.10,decimal,COMMENTED,875,"subsection: Predictive, Assessor-Facing, and Residual-Structure Diagnostics",tab:assessment_metrics_summary,"% & $[0.90,1.10]$",e3e36c52ca6040de8abce88bb9e03a8092b673abe30ce63cdf6dbd6dd485fa2d,NOT_RENDERED,COMMENTED,
1,int_small,COMMENTED,879,"subsection: Predictive, Assessor-Facing, and Residual-Structure Diagnostics",tab:assessment_metrics_summary,% & $1$,77624f3fd6adba7257a9ea7015eb5bb2a19838ad8a552a5c9faed310f0a802d7,NOT_RENDERED,COMMENTED,
0.90,decimal,COMMENTED,880,"subsection: Predictive, Assessor-Facing, and Residual-Structure Diagnostics",tab:assessment_metrics_summary,"% & $[0.90,1.10]$",e3e36c52ca6040de8abce88bb9e03a8092b673abe30ce63cdf6dbd6dd485fa2d,NOT_RENDERED,COMMENTED,
1.10,decimal,COMMENTED,880,"subsection: Predictive, Assessor-Facing, and Residual-Structure Diagnostics",tab:assessment_metrics_summary,"% & $[0.90,1.10]$",e3e36c52ca6040de8abce88bb9e03a8092b673abe30ce63cdf6dbd6dd485fa2d,NOT_RENDERED,COMMENTED,
5.0,decimal,COMMENTED,894,"subsection: Predictive, Assessor-Facing, and Residual-Structure Diagnostics",tab:assessment_metrics_summary,"% & $[5.0,15.0]$",0bc4a2bf306ec55556bbc4db0948fa6da3c231ee5d9f6f92771f1ba4b59677ed,NOT_RENDERED,COMMENTED,
15.0,decimal,COMMENTED,894,"subsection: Predictive, Assessor-Facing, and Residual-Structure Diagnostics",tab:assessment_metrics_summary,"% & $[5.0,15.0]$",0bc4a2bf306ec55556bbc4db0948fa6da3c231ee5d9f6f92771f1ba4b59677ed,NOT_RENDERED,COMMENTED,
0,int_small,COMMENTED,898,"subsection: Predictive, Assessor-Facing, and Residual-Structure Diagnostics",tab:assessment_metrics_summary,% & 0,15772f9c9daf3bd20c7283f62726f339d7e2a2a8371dd3e5540f4b32f70d9a30,NOT_RENDERED,COMMENTED,
1,int_small,COMMENTED,910,"subsection: Predictive, Assessor-Facing, and Residual-Structure Diagnostics",tab:assessment_metrics_summary,% & $1$,77624f3fd6adba7257a9ea7015eb5bb2a19838ad8a552a5c9faed310f0a802d7,NOT_RENDERED,COMMENTED,
0.98,decimal,COMMENTED,911,"subsection: Predictive, Assessor-Facing, and Residual-Structure Diagnostics",tab:assessment_metrics_summary,"% & $[0.98,1.03]$",99ba9e43150c16838a38bd89a44b81fc0d3dfd6d42c660fe740b5e1759316f4e,NOT_RENDERED,COMMENTED,
1.03,decimal,COMMENTED,911,"subsection: Predictive, Assessor-Facing, and Residual-Structure Diagnostics",tab:assessment_metrics_summary,"% & $[0.98,1.03]$",99ba9e43150c16838a38bd89a44b81fc0d3dfd6d42c660fe740b5e1759316f4e,NOT_RENDERED,COMMENTED,
0,int_small,COMMENTED,915,"subsection: Predictive, Assessor-Facing, and Residual-Structure Diagnostics",tab:assessment_metrics_summary,% & $0$,5b67884e9ce3b5beed680c05b8846ed7b64133da2ff9113427d592cd47e15aef,NOT_RENDERED,COMMENTED,
0.05,decimal,COMMENTED,916,"subsection: Predictive, Assessor-Facing, and Residual-Structure Diagnostics",tab:assessment_metrics_summary,"% & $[-0.05,0.05]$",75ac1d0e2f0dd4bee619022ba07d7634d4a30791f0c610edb628466ccd489a2d,NOT_RENDERED,COMMENTED,
0.05,decimal,COMMENTED,916,"subsection: Predictive, Assessor-Facing, and Residual-Structure Diagnostics",tab:assessment_metrics_summary,"% & $[-0.05,0.05]$",75ac1d0e2f0dd4bee619022ba07d7634d4a30791f0c610edb628466ccd489a2d,NOT_RENDERED,COMMENTED,
1,int_small,COMMENTED,920,"subsection: Predictive, Assessor-Facing, and Residual-Structure Diagnostics",tab:assessment_metrics_summary,% & $1$,77624f3fd6adba7257a9ea7015eb5bb2a19838ad8a552a5c9faed310f0a802d7,NOT_RENDERED,COMMENTED,
0.95,decimal,COMMENTED,921,"subsection: Predictive, Assessor-Facing, and Residual-Structure Diagnostics",tab:assessment_metrics_summary,"% & $[0.95,1.05]$",b38356752e38e30afc2df2597bbf7bccfa7389d0517be7e59e05d5d9a1fbdeaa,NOT_RENDERED,COMMENTED,
1.05,decimal,COMMENTED,921,"subsection: Predictive, Assessor-Facing, and Residual-Structure Diagnostics",tab:assessment_metrics_summary,"% & $[0.95,1.05]$",b38356752e38e30afc2df2597bbf7bccfa7389d0517be7e59e05d5d9a1fbdeaa,NOT_RENDERED,COMMENTED,
0,int_small,COMMENTED,925,"subsection: Predictive, Assessor-Facing, and Residual-Structure Diagnostics",tab:assessment_metrics_summary,% & $0$,5b67884e9ce3b5beed680c05b8846ed7b64133da2ff9113427d592cd47e15aef,NOT_RENDERED,COMMENTED,
10,int_small,COMMENTED,926,"subsection: Predictive, Assessor-Facing, and Residual-Structure Diagnostics",tab:assessment_metrics_summary,"% & $[-10\%,10\%]$",0465dc5aa80f019eb7a8f63e2ccf76b0d0b27c4c60fd1abbb70a8e17302a6d43,NOT_RENDERED,COMMENTED,
10,int_small,COMMENTED,926,"subsection: Predictive, Assessor-Facing, and Residual-Structure Diagnostics",tab:assessment_metrics_summary,"% & $[-10\%,10\%]$",0465dc5aa80f019eb7a8f63e2ccf76b0d0b27c4c60fd1abbb70a8e17302a6d43,NOT_RENDERED,COMMENTED,
0.95,decimal,COMMENTED,939,"subsection: Predictive, Assessor-Facing, and Residual-Structure Diagnostics",tab:assessment_metrics_summary,"% The MKI range $[0.95,1.05]$ is used by CCAO's ratio-study implementation",e3b9da7abd48c55c9f818a4186c24066a38641abb64d9a333b370bdbcdf0b15b,NOT_RENDERED,COMMENTED,
1.05,decimal,COMMENTED,939,"subsection: Predictive, Assessor-Facing, and Residual-Structure Diagnostics",tab:assessment_metrics_summary,"% The MKI range $[0.95,1.05]$ is used by CCAO's ratio-study implementation",e3b9da7abd48c55c9f818a4186c24066a38641abb64d9a333b370bdbcdf0b15b,NOT_RENDERED,COMMENTED,
2026,year_like,COMMENTED,942,"subsection: Predictive, Assessor-Facing, and Residual-Structure Diagnostics",tab:assessment_metrics_summary,"% The May 2026 IAAO exposure draft proposes $[-10\%,10\%]$ for VEI.",cbbc34e16e6a68f38983e1c806228e82c0f4c7f5238550a31f8c0ef2189f8eff,NOT_RENDERED,COMMENTED,
10,int_small,COMMENTED,942,"subsection: Predictive, Assessor-Facing, and Residual-Structure Diagnostics",tab:assessment_metrics_summary,"% The May 2026 IAAO exposure draft proposes $[-10\%,10\%]$ for VEI.",cbbc34e16e6a68f38983e1c806228e82c0f4c7f5238550a31f8c0ef2189f8eff,NOT_RENDERED,COMMENTED,
10,int_small,COMMENTED,942,"subsection: Predictive, Assessor-Facing, and Residual-Structure Diagnostics",tab:assessment_metrics_summary,"% The May 2026 IAAO exposure draft proposes $[-10\%,10\%]$ for VEI.",cbbc34e16e6a68f38983e1c806228e82c0f4c7f5238550a31f8c0ef2189f8eff,NOT_RENDERED,COMMENTED,
2013,year_like,COMMENTED,943,"subsection: Predictive, Assessor-Facing, and Residual-Structure Diagnostics",tab:assessment_metrics_summary,% The exposure draft remains under review; the 2013 Standard remains the,c2d11821e0ac0761cd81429e31b6e8733cca2d15861a9e2f1a5194fb7f12df4c,NOT_RENDERED,COMMENTED,
2026,year_like,ACTIVE,1091,"subsection: Predictive, Assessor-Facing, and Residual-Structure Diagnostics",tab:assessment_metrics_summary,"The May 2026 IAAO exposure draft proposes $[-10\%,10\%]$ for VEI.",bc3cbd4b404b5258af5bc584bf443f37aef1072d9e88d12cd8535ed1ae545340,ALLOWLISTED,CITATION_OR_YEAR,
2013,year_like,ACTIVE,1092,"subsection: Predictive, Assessor-Facing, and Residual-Structure Diagnostics",tab:assessment_metrics_summary,The exposure draft remains under review; the 2013 Standard remains the,dc71ab9f865baa838f05d1e94a7f24d6474221dd4f519ad115ddbe144bd58bc3,ALLOWLISTED,CITATION_OR_YEAR,
2025,year_like,ACTIVE,1178,"subsection: Predictive, Assessor-Facing, and Residual-Structure Diagnostics",eq:nonlinearity_gap,held-out and 2025 evaluations.,49fc05b32d237ae60873e1f4e17ae280af71090cbeaf14e32a6d183bb97b4777,ALLOWLISTED,DESIGN_CONSTANT,
2025,year_like,ACTIVE,1235,subsection: Baseline Comparison and Empirical Motivation,subsec:baseline_tension,{The primary comparison below uses the held-out evaluation sample defined in Section~\ref{subsec:ccao_design}. We also r,2c3716b4ffbde1558a7c277612ca2ee0e0340ec8ef88d0f36c88df18d9dd432a,ALLOWLISTED,DESIGN_CONSTANT,
2016,year_like,ACTIVE,1235,subsection: Baseline Comparison and Empirical Motivation,subsec:baseline_tension,{The primary comparison below uses the held-out evaluation sample defined in Section~\ref{subsec:ccao_design}. We also r,2c3716b4ffbde1558a7c277612ca2ee0e0340ec8ef88d0f36c88df18d9dd432a,ALLOWLISTED,DESIGN_CONSTANT,
2024,year_like,ACTIVE,1235,subsection: Baseline Comparison and Empirical Motivation,subsec:baseline_tension,{The primary comparison below uses the held-out evaluation sample defined in Section~\ref{subsec:ccao_design}. We also r,2c3716b4ffbde1558a7c277612ca2ee0e0340ec8ef88d0f36c88df18d9dd432a,ALLOWLISTED,DESIGN_CONSTANT,
2025,year_like,ACTIVE,1235,subsection: Baseline Comparison and Empirical Motivation,subsec:baseline_tension,{The primary comparison below uses the held-out evaluation sample defined in Section~\ref{subsec:ccao_design}. We also r,2c3716b4ffbde1558a7c277612ca2ee0e0340ec8ef88d0f36c88df18d9dd432a,ALLOWLISTED,DESIGN_CONSTANT,
2,int_small,COMMENTED,1237,subsection: Baseline Comparison and Empirical Motivation,subsec:baseline_tension,% Table~\ref{tab:ccao_baseline_results} and Figure~\ref{fig:baseline_motivation} regenerated from output/paper_v6_presel,c35df86e1574a5c65a0b5ad77c3c3cb4e5200926017224fe03e88769f399efcc,NOT_RENDERED,COMMENTED,
2025,year_like,ACTIVE,1250,subsection: Baseline Comparison and Empirical Motivation,subsec:baseline_tension,\caption{Primary baseline comparison: prediction and vertical equity on the held-out and 2025 forward evaluations.},c8325a5467bdf1e6cc2af5c53efee5e8752a46199de12f21b5de81e417624079,ALLOWLISTED,DESIGN_CONSTANT,
2025,year_like,ACTIVE,1254,subsection: Baseline Comparison and Empirical Motivation,tab:ccao_baseline_results,\textbf{Measure} & \multicolumn{2}{c}{\textbf{Held-out evaluation}} & \multicolumn{2}{c}{\textbf{2025 forward evaluation,8a9aae799e59a1ecee2b89f4d54b038053e4ed44890a0f1079710a69763a6ff6,ALLOWLISTED,DESIGN_CONSTANT,
0.799,decimal,ACTIVE,1260,subsection: Baseline Comparison and Empirical Motivation,tab:ccao_baseline_results,\baselineprimarymetric{$R^2_P$} & 0.799 & \textbf{0.894} & 0.799 & \textbf{0.904} \\,657bf06a7ddb57b404dabffb789266278e6c5484ad1eb2b9888ffb5001ade720,FLAGGED_UNSUPPORTED,no frozen source,
0.894,decimal,ACTIVE,1260,subsection: Baseline Comparison and Empirical Motivation,tab:ccao_baseline_results,\baselineprimarymetric{$R^2_P$} & 0.799 & \textbf{0.894} & 0.799 & \textbf{0.904} \\,657bf06a7ddb57b404dabffb789266278e6c5484ad1eb2b9888ffb5001ade720,SOURCED,,N-baseline-R2P-heldout
0.799,decimal,ACTIVE,1260,subsection: Baseline Comparison and Empirical Motivation,tab:ccao_baseline_results,\baselineprimarymetric{$R^2_P$} & 0.799 & \textbf{0.894} & 0.799 & \textbf{0.904} \\,657bf06a7ddb57b404dabffb789266278e6c5484ad1eb2b9888ffb5001ade720,FLAGGED_UNSUPPORTED,no frozen source,
0.904,decimal,ACTIVE,1260,subsection: Baseline Comparison and Empirical Motivation,tab:ccao_baseline_results,\baselineprimarymetric{$R^2_P$} & 0.799 & \textbf{0.894} & 0.799 & \textbf{0.904} \\,657bf06a7ddb57b404dabffb789266278e6c5484ad1eb2b9888ffb5001ade720,SOURCED,,N-baseline-R2P-forward_2025
"90,092",int_ge_1000,ACTIVE,1261,subsection: Baseline Comparison and Empirical Motivation,tab:ccao_baseline_results,"\baselineprimarymetric{$\operatorname{MAE}_P$} & \$90,092 & \textbf{\$75,655} & \$99,371 & \textbf{\$78,484} \\",981d4925c3b2f5662c8e6347d962ee4fc3478433de31da4459af3003dc173f5e,FLAGGED_UNSUPPORTED,no frozen source,
"75,655",int_ge_1000,ACTIVE,1261,subsection: Baseline Comparison and Empirical Motivation,tab:ccao_baseline_results,"\baselineprimarymetric{$\operatorname{MAE}_P$} & \$90,092 & \textbf{\$75,655} & \$99,371 & \textbf{\$78,484} \\",981d4925c3b2f5662c8e6347d962ee4fc3478433de31da4459af3003dc173f5e,SOURCED,,N-baseline-MAEP-heldout
"99,371",int_ge_1000,ACTIVE,1261,subsection: Baseline Comparison and Empirical Motivation,tab:ccao_baseline_results,"\baselineprimarymetric{$\operatorname{MAE}_P$} & \$90,092 & \textbf{\$75,655} & \$99,371 & \textbf{\$78,484} \\",981d4925c3b2f5662c8e6347d962ee4fc3478433de31da4459af3003dc173f5e,FLAGGED_UNSUPPORTED,no frozen source,
"78,484",int_ge_1000,ACTIVE,1261,subsection: Baseline Comparison and Empirical Motivation,tab:ccao_baseline_results,"\baselineprimarymetric{$\operatorname{MAE}_P$} & \$90,092 & \textbf{\$75,655} & \$99,371 & \textbf{\$78,484} \\",981d4925c3b2f5662c8e6347d962ee4fc3478433de31da4459af3003dc173f5e,SOURCED,,N-baseline-MAEP-forward_2025
24.1,decimal,ACTIVE,1262,subsection: Baseline Comparison and Empirical Motivation,tab:ccao_baseline_results,\baselineprimarymetric{$\operatorname{MAPE}_P$} & 24.1\% & \textbf{21.2\%} & 24.9\% & \textbf{20.8\%} \\,2371403bf641e86d88584fa6e1ff3f7cbe5629889451e872db8a4a03fe7740d2,FLAGGED_UNSUPPORTED,no frozen source,
21.2,decimal,ACTIVE,1262,subsection: Baseline Comparison and Empirical Motivation,tab:ccao_baseline_results,\baselineprimarymetric{$\operatorname{MAPE}_P$} & 24.1\% & \textbf{21.2\%} & 24.9\% & \textbf{20.8\%} \\,2371403bf641e86d88584fa6e1ff3f7cbe5629889451e872db8a4a03fe7740d2,SOURCED,,N-baseline-MAPEP-heldout
24.9,decimal,ACTIVE,1262,subsection: Baseline Comparison and Empirical Motivation,tab:ccao_baseline_results,\baselineprimarymetric{$\operatorname{MAPE}_P$} & 24.1\% & \textbf{21.2\%} & 24.9\% & \textbf{20.8\%} \\,2371403bf641e86d88584fa6e1ff3f7cbe5629889451e872db8a4a03fe7740d2,FLAGGED_UNSUPPORTED,no frozen source,
20.8,decimal,ACTIVE,1262,subsection: Baseline Comparison and Empirical Motivation,tab:ccao_baseline_results,\baselineprimarymetric{$\operatorname{MAPE}_P$} & 24.1\% & \textbf{21.2\%} & 24.9\% & \textbf{20.8\%} \\,2371403bf641e86d88584fa6e1ff3f7cbe5629889451e872db8a4a03fe7740d2,SOURCED,,N-baseline-MAPEP-forward_2025
0.322,decimal,ACTIVE,1263,subsection: Baseline Comparison and Empirical Motivation,tab:ccao_baseline_results,\baselineprimarymetric{$\operatorname{RMSE}_{\log P}$} & 0.322 & \textbf{0.289} & 0.313 & \textbf{0.278} \\,527a3eeae9e89d3994fcd012b6a99a107f5fd9071e0b261d63ce8c7fce9ab0cd,FLAGGED_UNSUPPORTED,no frozen source,
0.289,decimal,ACTIVE,1263,subsection: Baseline Comparison and Empirical Motivation,tab:ccao_baseline_results,\baselineprimarymetric{$\operatorname{RMSE}_{\log P}$} & 0.322 & \textbf{0.289} & 0.313 & \textbf{0.278} \\,527a3eeae9e89d3994fcd012b6a99a107f5fd9071e0b261d63ce8c7fce9ab0cd,SOURCED,,N-baseline-RMSElogP-heldout
0.313,decimal,ACTIVE,1263,subsection: Baseline Comparison and Empirical Motivation,tab:ccao_baseline_results,\baselineprimarymetric{$\operatorname{RMSE}_{\log P}$} & 0.322 & \textbf{0.289} & 0.313 & \textbf{0.278} \\,527a3eeae9e89d3994fcd012b6a99a107f5fd9071e0b261d63ce8c7fce9ab0cd,FLAGGED_UNSUPPORTED,no frozen source,
0.278,decimal,ACTIVE,1263,subsection: Baseline Comparison and Empirical Motivation,tab:ccao_baseline_results,\baselineprimarymetric{$\operatorname{RMSE}_{\log P}$} & 0.322 & \textbf{0.289} & 0.313 & \textbf{0.278} \\,527a3eeae9e89d3994fcd012b6a99a107f5fd9071e0b261d63ce8c7fce9ab0cd,SOURCED,,N-baseline-RMSElogP-forward_2025
1.042,decimal,ACTIVE,1267,subsection: Baseline Comparison and Empirical Motivation,tab:ccao_baseline_results,\baselineprimarymetric{PRD} & \textbf{1.042} & 1.069 & \textbf{1.052} & 1.079 \\,f51b6a672d61234aa41734d18157e7822ab89eec5e0a522790804f0e636ff603,FLAGGED_UNSUPPORTED,no frozen source,
1.069,decimal,ACTIVE,1267,subsection: Baseline Comparison and Empirical Motivation,tab:ccao_baseline_results,\baselineprimarymetric{PRD} & \textbf{1.042} & 1.069 & \textbf{1.052} & 1.079 \\,f51b6a672d61234aa41734d18157e7822ab89eec5e0a522790804f0e636ff603,SOURCED,,N-baseline-PRD-heldout
1.052,decimal,ACTIVE,1267,subsection: Baseline Comparison and Empirical Motivation,tab:ccao_baseline_results,\baselineprimarymetric{PRD} & \textbf{1.042} & 1.069 & \textbf{1.052} & 1.079 \\,f51b6a672d61234aa41734d18157e7822ab89eec5e0a522790804f0e636ff603,FLAGGED_UNSUPPORTED,no frozen source,
1.079,decimal,ACTIVE,1267,subsection: Baseline Comparison and Empirical Motivation,tab:ccao_baseline_results,\baselineprimarymetric{PRD} & \textbf{1.042} & 1.069 & \textbf{1.052} & 1.079 \\,f51b6a672d61234aa41734d18157e7822ab89eec5e0a522790804f0e636ff603,SOURCED,,N-baseline-PRD-forward_2025
0.016,decimal,ACTIVE,1268,subsection: Baseline Comparison and Empirical Motivation,tab:ccao_baseline_results,\baselineprimarymetric{PRB} & \textbf{-0.016} & -0.091 & \textbf{-0.029} & -0.106 \\,cc317d3006eac64fed78211b1ee3922edbfe16e6c6bb3494f6fa99f107e40ddd,FLAGGED_UNSUPPORTED,no frozen source,
0.091,decimal,ACTIVE,1268,subsection: Baseline Comparison and Empirical Motivation,tab:ccao_baseline_results,\baselineprimarymetric{PRB} & \textbf{-0.016} & -0.091 & \textbf{-0.029} & -0.106 \\,cc317d3006eac64fed78211b1ee3922edbfe16e6c6bb3494f6fa99f107e40ddd,SOURCED,,N-baseline-PRB-heldout
0.029,decimal,ACTIVE,1268,subsection: Baseline Comparison and Empirical Motivation,tab:ccao_baseline_results,\baselineprimarymetric{PRB} & \textbf{-0.016} & -0.091 & \textbf{-0.029} & -0.106 \\,cc317d3006eac64fed78211b1ee3922edbfe16e6c6bb3494f6fa99f107e40ddd,FLAGGED_UNSUPPORTED,no frozen source,
0.106,decimal,ACTIVE,1268,subsection: Baseline Comparison and Empirical Motivation,tab:ccao_baseline_results,\baselineprimarymetric{PRB} & \textbf{-0.016} & -0.091 & \textbf{-0.029} & -0.106 \\,cc317d3006eac64fed78211b1ee3922edbfe16e6c6bb3494f6fa99f107e40ddd,SOURCED,,N-baseline-PRB-forward_2025
0.975,decimal,ACTIVE,1269,subsection: Baseline Comparison and Empirical Motivation,tab:ccao_baseline_results,\baselineprimarymetric{MKI} & \textbf{0.975} & 0.923 & \textbf{0.954} & 0.907 \\,c15c13057de112f9e13c379b7cf93af59d176f61bd516b4624f1d748d9c3d27c,FLAGGED_UNSUPPORTED,no frozen source,
0.923,decimal,ACTIVE,1269,subsection: Baseline Comparison and Empirical Motivation,tab:ccao_baseline_results,\baselineprimarymetric{MKI} & \textbf{0.975} & 0.923 & \textbf{0.954} & 0.907 \\,c15c13057de112f9e13c379b7cf93af59d176f61bd516b4624f1d748d9c3d27c,SOURCED,,N-baseline-MKI-heldout
0.954,decimal,ACTIVE,1269,subsection: Baseline Comparison and Empirical Motivation,tab:ccao_baseline_results,\baselineprimarymetric{MKI} & \textbf{0.975} & 0.923 & \textbf{0.954} & 0.907 \\,c15c13057de112f9e13c379b7cf93af59d176f61bd516b4624f1d748d9c3d27c,FLAGGED_UNSUPPORTED,no frozen source,
0.907,decimal,ACTIVE,1269,subsection: Baseline Comparison and Empirical Motivation,tab:ccao_baseline_results,\baselineprimarymetric{MKI} & \textbf{0.975} & 0.923 & \textbf{0.954} & 0.907 \\,c15c13057de112f9e13c379b7cf93af59d176f61bd516b4624f1d748d9c3d27c,SOURCED,,N-baseline-MKI-forward_2025
11.6,decimal,ACTIVE,1270,subsection: Baseline Comparison and Empirical Motivation,tab:ccao_baseline_results,\baselineprimarymetric{VEI} & \textbf{-11.6\%} & -26.5\% & \textbf{-17.3\%} & -28.6\% \\,4549af4bed152b1308e810f99d7a20091a3818cafdae8b8d92300a0fc9779f78,FLAGGED_UNSUPPORTED,no frozen source,
26.5,decimal,ACTIVE,1270,subsection: Baseline Comparison and Empirical Motivation,tab:ccao_baseline_results,\baselineprimarymetric{VEI} & \textbf{-11.6\%} & -26.5\% & \textbf{-17.3\%} & -28.6\% \\,4549af4bed152b1308e810f99d7a20091a3818cafdae8b8d92300a0fc9779f78,SOURCED,,N-baseline-VEI-heldout
17.3,decimal,ACTIVE,1270,subsection: Baseline Comparison and Empirical Motivation,tab:ccao_baseline_results,\baselineprimarymetric{VEI} & \textbf{-11.6\%} & -26.5\% & \textbf{-17.3\%} & -28.6\% \\,4549af4bed152b1308e810f99d7a20091a3818cafdae8b8d92300a0fc9779f78,FLAGGED_UNSUPPORTED,no frozen source,
28.6,decimal,ACTIVE,1270,subsection: Baseline Comparison and Empirical Motivation,tab:ccao_baseline_results,\baselineprimarymetric{VEI} & \textbf{-11.6\%} & -26.5\% & \textbf{-17.3\%} & -28.6\% \\,4549af4bed152b1308e810f99d7a20091a3818cafdae8b8d92300a0fc9779f78,SOURCED,,N-baseline-VEI-forward_2025
"344,607",int_ge_1000,ACTIVE,1279,subsection: Baseline Comparison and Empirical Motivation,tab:ccao_baseline_results,"For the held-out evaluation, both models are fit on the 344,607-sale development pool.",c64f27f9b60553127c28ac226a7ddc1f3fe324488d428d6f52a0e08524cf9661,SOURCED,,N-design-n-development
2025,year_like,ACTIVE,1280,subsection: Baseline Comparison and Empirical Motivation,tab:ccao_baseline_results,"For the 2025 forward evaluation, each baseline specification is refit on all 382,897 eligible 2016--2024 sales.",cac99c739125d3d314c7a75e98024c480869cce435ee5bd0b1e1511d75767063,ALLOWLISTED,DESIGN_CONSTANT,
"382,897",int_ge_1000,ACTIVE,1280,subsection: Baseline Comparison and Empirical Motivation,tab:ccao_baseline_results,"For the 2025 forward evaluation, each baseline specification is refit on all 382,897 eligible 2016--2024 sales.",cac99c739125d3d314c7a75e98024c480869cce435ee5bd0b1e1511d75767063,SOURCED,,N-design-n-production_2016_2024
2016,year_like,ACTIVE,1280,subsection: Baseline Comparison and Empirical Motivation,tab:ccao_baseline_results,"For the 2025 forward evaluation, each baseline specification is refit on all 382,897 eligible 2016--2024 sales.",cac99c739125d3d314c7a75e98024c480869cce435ee5bd0b1e1511d75767063,ALLOWLISTED,DESIGN_CONSTANT,
2024,year_like,ACTIVE,1280,subsection: Baseline Comparison and Empirical Motivation,tab:ccao_baseline_results,"For the 2025 forward evaluation, each baseline specification is refit on all 382,897 eligible 2016--2024 sales.",cac99c739125d3d314c7a75e98024c480869cce435ee5bd0b1e1511d75767063,ALLOWLISTED,DESIGN_CONSTANT,
2025,year_like,COMMENTED,1296,subsection: Baseline Comparison and Empirical Motivation,tab:ccao_baseline_results,% \textbf{Measure} & \multicolumn{2}{c}{\textbf{Held-out evaluation}} & \multicolumn{2}{c}{\textbf{2025 forward evaluati,b6e7703ea8b608776d26096b6efba064bc35857056dbde42cd1d33e236553f45,NOT_RENDERED,COMMENTED,
0.969,decimal,COMMENTED,1302,subsection: Baseline Comparison and Empirical Motivation,tab:ccao_baseline_results,% \baselinecompmetric{Median ratio $m_S$} & \textbf{0.969} & 0.929 & \textbf{1.020} & 0.950 \\,62df63a638eb152d317f12db3a60231af19f96f8b9bc62d5534dfd2125ee226d,NOT_RENDERED,COMMENTED,
0.929,decimal,COMMENTED,1302,subsection: Baseline Comparison and Empirical Motivation,tab:ccao_baseline_results,% \baselinecompmetric{Median ratio $m_S$} & \textbf{0.969} & 0.929 & \textbf{1.020} & 0.950 \\,62df63a638eb152d317f12db3a60231af19f96f8b9bc62d5534dfd2125ee226d,NOT_RENDERED,COMMENTED,
1.020,decimal,COMMENTED,1302,subsection: Baseline Comparison and Empirical Motivation,tab:ccao_baseline_results,% \baselinecompmetric{Median ratio $m_S$} & \textbf{0.969} & 0.929 & \textbf{1.020} & 0.950 \\,62df63a638eb152d317f12db3a60231af19f96f8b9bc62d5534dfd2125ee226d,NOT_RENDERED,COMMENTED,
0.950,decimal,COMMENTED,1302,subsection: Baseline Comparison and Empirical Motivation,tab:ccao_baseline_results,% \baselinecompmetric{Median ratio $m_S$} & \textbf{0.969} & 0.929 & \textbf{1.020} & 0.950 \\,62df63a638eb152d317f12db3a60231af19f96f8b9bc62d5534dfd2125ee226d,NOT_RENDERED,COMMENTED,
1.020,decimal,COMMENTED,1303,subsection: Baseline Comparison and Empirical Motivation,tab:ccao_baseline_results,% \baselinecompmetric{Mean ratio $\bar r_S$} & 1.020 & \textbf{0.989} & 1.081 & \textbf{1.015} \\,0cf6ed6bd2f9ae6a6b534fb107e792555b8478055913b8a92a5644290ebaa3a3,NOT_RENDERED,COMMENTED,
0.989,decimal,COMMENTED,1303,subsection: Baseline Comparison and Empirical Motivation,tab:ccao_baseline_results,% \baselinecompmetric{Mean ratio $\bar r_S$} & 1.020 & \textbf{0.989} & 1.081 & \textbf{1.015} \\,0cf6ed6bd2f9ae6a6b534fb107e792555b8478055913b8a92a5644290ebaa3a3,NOT_RENDERED,COMMENTED,
1.081,decimal,COMMENTED,1303,subsection: Baseline Comparison and Empirical Motivation,tab:ccao_baseline_results,% \baselinecompmetric{Mean ratio $\bar r_S$} & 1.020 & \textbf{0.989} & 1.081 & \textbf{1.015} \\,0cf6ed6bd2f9ae6a6b534fb107e792555b8478055913b8a92a5644290ebaa3a3,NOT_RENDERED,COMMENTED,
1.015,decimal,COMMENTED,1303,subsection: Baseline Comparison and Empirical Motivation,tab:ccao_baseline_results,% \baselinecompmetric{Mean ratio $\bar r_S$} & 1.020 & \textbf{0.989} & 1.081 & \textbf{1.015} \\,0cf6ed6bd2f9ae6a6b534fb107e792555b8478055913b8a92a5644290ebaa3a3,NOT_RENDERED,COMMENTED,
0.979,decimal,COMMENTED,1304,subsection: Baseline Comparison and Empirical Motivation,tab:ccao_baseline_results,"% \baselinecompmetric{Weighted mean $\bar r_{W,S}$} & \textbf{0.979} & 0.924 & \textbf{1.027} & 0.941 \\",d60df7dde9fef2d4ef455b527a7e8867bdfe9467e24dd387d7e92aa59ad01095,NOT_RENDERED,COMMENTED,
0.924,decimal,COMMENTED,1304,subsection: Baseline Comparison and Empirical Motivation,tab:ccao_baseline_results,"% \baselinecompmetric{Weighted mean $\bar r_{W,S}$} & \textbf{0.979} & 0.924 & \textbf{1.027} & 0.941 \\",d60df7dde9fef2d4ef455b527a7e8867bdfe9467e24dd387d7e92aa59ad01095,NOT_RENDERED,COMMENTED,
1.027,decimal,COMMENTED,1304,subsection: Baseline Comparison and Empirical Motivation,tab:ccao_baseline_results,"% \baselinecompmetric{Weighted mean $\bar r_{W,S}$} & \textbf{0.979} & 0.924 & \textbf{1.027} & 0.941 \\",d60df7dde9fef2d4ef455b527a7e8867bdfe9467e24dd387d7e92aa59ad01095,NOT_RENDERED,COMMENTED,
0.941,decimal,COMMENTED,1304,subsection: Baseline Comparison and Empirical Motivation,tab:ccao_baseline_results,"% \baselinecompmetric{Weighted mean $\bar r_{W,S}$} & \textbf{0.979} & 0.924 & \textbf{1.027} & 0.941 \\",d60df7dde9fef2d4ef455b527a7e8867bdfe9467e24dd387d7e92aa59ad01095,NOT_RENDERED,COMMENTED,
24.7,decimal,COMMENTED,1308,subsection: Baseline Comparison and Empirical Motivation,tab:ccao_baseline_results,% \baselinecompmetric{COD} & 24.7\% & \textbf{21.6\%} & 24.3\% & \textbf{21.3\%} \\,84f36860aeeac887d82afbc846ee7dc12051052d718899b5d79d054c3faf6c6e,NOT_RENDERED,COMMENTED,
21.6,decimal,COMMENTED,1308,subsection: Baseline Comparison and Empirical Motivation,tab:ccao_baseline_results,% \baselinecompmetric{COD} & 24.7\% & \textbf{21.6\%} & 24.3\% & \textbf{21.3\%} \\,84f36860aeeac887d82afbc846ee7dc12051052d718899b5d79d054c3faf6c6e,NOT_RENDERED,COMMENTED,
24.3,decimal,COMMENTED,1308,subsection: Baseline Comparison and Empirical Motivation,tab:ccao_baseline_results,% \baselinecompmetric{COD} & 24.7\% & \textbf{21.6\%} & 24.3\% & \textbf{21.3\%} \\,84f36860aeeac887d82afbc846ee7dc12051052d718899b5d79d054c3faf6c6e,NOT_RENDERED,COMMENTED,
21.3,decimal,COMMENTED,1308,subsection: Baseline Comparison and Empirical Motivation,tab:ccao_baseline_results,% \baselinecompmetric{COD} & 24.7\% & \textbf{21.6\%} & 24.3\% & \textbf{21.3\%} \\,84f36860aeeac887d82afbc846ee7dc12051052d718899b5d79d054c3faf6c6e,NOT_RENDERED,COMMENTED,
45.2,decimal,COMMENTED,1309,subsection: Baseline Comparison and Empirical Motivation,tab:ccao_baseline_results,% \baselinecompmetric{COV} & 45.2\% & \textbf{39.7\%} & 42.1\% & \textbf{37.2\%} \\,1407d862147b87f92d1bdf783316b06ba9c9360975c77ef61c058c40afa569d0,NOT_RENDERED,COMMENTED,
39.7,decimal,COMMENTED,1309,subsection: Baseline Comparison and Empirical Motivation,tab:ccao_baseline_results,% \baselinecompmetric{COV} & 45.2\% & \textbf{39.7\%} & 42.1\% & \textbf{37.2\%} \\,1407d862147b87f92d1bdf783316b06ba9c9360975c77ef61c058c40afa569d0,NOT_RENDERED,COMMENTED,
42.1,decimal,COMMENTED,1309,subsection: Baseline Comparison and Empirical Motivation,tab:ccao_baseline_results,% \baselinecompmetric{COV} & 45.2\% & \textbf{39.7\%} & 42.1\% & \textbf{37.2\%} \\,1407d862147b87f92d1bdf783316b06ba9c9360975c77ef61c058c40afa569d0,NOT_RENDERED,COMMENTED,
37.2,decimal,COMMENTED,1309,subsection: Baseline Comparison and Empirical Motivation,tab:ccao_baseline_results,% \baselinecompmetric{COV} & 45.2\% & \textbf{39.7\%} & 42.1\% & \textbf{37.2\%} \\,1407d862147b87f92d1bdf783316b06ba9c9360975c77ef61c058c40afa569d0,NOT_RENDERED,COMMENTED,
0.092,decimal,COMMENTED,1313,subsection: Baseline Comparison and Empirical Motivation,tab:ccao_baseline_results,% \baselinecompmetric{$\beta_{\log}$} & \textbf{-0.092} & -0.150 & \textbf{-0.109} & -0.164 \\,e5bd7953f564a0718dc7235902402cf0f76c1c0657e99a39c3019f1f3bceb22b,NOT_RENDERED,COMMENTED,
0.150,decimal,COMMENTED,1313,subsection: Baseline Comparison and Empirical Motivation,tab:ccao_baseline_results,% \baselinecompmetric{$\beta_{\log}$} & \textbf{-0.092} & -0.150 & \textbf{-0.109} & -0.164 \\,e5bd7953f564a0718dc7235902402cf0f76c1c0657e99a39c3019f1f3bceb22b,NOT_RENDERED,COMMENTED,
0.109,decimal,COMMENTED,1313,subsection: Baseline Comparison and Empirical Motivation,tab:ccao_baseline_results,% \baselinecompmetric{$\beta_{\log}$} & \textbf{-0.092} & -0.150 & \textbf{-0.109} & -0.164 \\,e5bd7953f564a0718dc7235902402cf0f76c1c0657e99a39c3019f1f3bceb22b,NOT_RENDERED,COMMENTED,
0.164,decimal,COMMENTED,1313,subsection: Baseline Comparison and Empirical Motivation,tab:ccao_baseline_results,% \baselinecompmetric{$\beta_{\log}$} & \textbf{-0.092} & -0.150 & \textbf{-0.109} & -0.164 \\,e5bd7953f564a0718dc7235902402cf0f76c1c0657e99a39c3019f1f3bceb22b,NOT_RENDERED,COMMENTED,
0.131,decimal,COMMENTED,1314,subsection: Baseline Comparison and Empirical Motivation,tab:ccao_baseline_results,% \baselinecompmetric{$\Delta_{\mathrm{NL}}$} & 0.131 & \textbf{0.119} & 0.122 & \textbf{0.121} \\,b9123a8a76ff38e883a926d31749c5a5a305d88d9fc1ff8b3c44b9a1b83e263d,NOT_RENDERED,COMMENTED,
0.119,decimal,COMMENTED,1314,subsection: Baseline Comparison and Empirical Motivation,tab:ccao_baseline_results,% \baselinecompmetric{$\Delta_{\mathrm{NL}}$} & 0.131 & \textbf{0.119} & 0.122 & \textbf{0.121} \\,b9123a8a76ff38e883a926d31749c5a5a305d88d9fc1ff8b3c44b9a1b83e263d,NOT_RENDERED,COMMENTED,
0.122,decimal,COMMENTED,1314,subsection: Baseline Comparison and Empirical Motivation,tab:ccao_baseline_results,% \baselinecompmetric{$\Delta_{\mathrm{NL}}$} & 0.131 & \textbf{0.119} & 0.122 & \textbf{0.121} \\,b9123a8a76ff38e883a926d31749c5a5a305d88d9fc1ff8b3c44b9a1b83e263d,NOT_RENDERED,COMMENTED,
0.121,decimal,COMMENTED,1314,subsection: Baseline Comparison and Empirical Motivation,tab:ccao_baseline_results,% \baselinecompmetric{$\Delta_{\mathrm{NL}}$} & 0.131 & \textbf{0.119} & 0.122 & \textbf{0.121} \\,b9123a8a76ff38e883a926d31749c5a5a305d88d9fc1ff8b3c44b9a1b83e263d,NOT_RENDERED,COMMENTED,
0.250,decimal,COMMENTED,1315,subsection: Baseline Comparison and Empirical Motivation,tab:ccao_baseline_results,"% \baselinecompmetric{$\operatorname{dCor}(e,y)$} & \textbf{0.250} & 0.387 & \textbf{0.269} & 0.422 \\",1de336c57de488d408a25a5aac2610a1e95dbbfc4482ad223507a2051afaeb6f,NOT_RENDERED,COMMENTED,
0.387,decimal,COMMENTED,1315,subsection: Baseline Comparison and Empirical Motivation,tab:ccao_baseline_results,"% \baselinecompmetric{$\operatorname{dCor}(e,y)$} & \textbf{0.250} & 0.387 & \textbf{0.269} & 0.422 \\",1de336c57de488d408a25a5aac2610a1e95dbbfc4482ad223507a2051afaeb6f,NOT_RENDERED,COMMENTED,
0.269,decimal,COMMENTED,1315,subsection: Baseline Comparison and Empirical Motivation,tab:ccao_baseline_results,"% \baselinecompmetric{$\operatorname{dCor}(e,y)$} & \textbf{0.250} & 0.387 & \textbf{0.269} & 0.422 \\",1de336c57de488d408a25a5aac2610a1e95dbbfc4482ad223507a2051afaeb6f,NOT_RENDERED,COMMENTED,
0.422,decimal,COMMENTED,1315,subsection: Baseline Comparison and Empirical Motivation,tab:ccao_baseline_results,"% \baselinecompmetric{$\operatorname{dCor}(e,y)$} & \textbf{0.250} & 0.387 & \textbf{0.269} & 0.422 \\",1de336c57de488d408a25a5aac2610a1e95dbbfc4482ad223507a2051afaeb6f,NOT_RENDERED,COMMENTED,
2025,year_like,ACTIVE,1337,subsection: Baseline Comparison and Empirical Motivation,tab:ccao_baseline_results,\caption{Descriptive valuation-ratio patterns against sale price for the two baseline models in the primary held-out eva,27c7be066d1cf13f47ef497c661d8107e123841a0c9327fd8ba12b997961170d,ALLOWLISTED,DESIGN_CONSTANT,
30,int_small,ACTIVE,1337,subsection: Baseline Comparison and Empirical Motivation,tab:ccao_baseline_results,\caption{Descriptive valuation-ratio patterns against sale price for the two baseline models in the primary held-out eva,27c7be066d1cf13f47ef497c661d8107e123841a0c9327fd8ba12b997961170d,ALLOWLISTED,DESIGN_CONSTANT,
90,int_small,ACTIVE,1342,subsection: Baseline Comparison and Empirical Motivation,fig:baseline_motivation,"The corresponding VEI percentile-group profile, with deterministic 90\% bootstrap intervals, is reported in Appendix~\re",03e0136be8b3f794299699d5e889ae086ac3bc740acc8adff4537fc6177e54cf,ALLOWLISTED,DESIGN_CONSTANT,
2025,year_like,ACTIVE,1347,subsection: Baseline Comparison and Empirical Motivation,fig:baseline_motivation,"{On the primary held-out evaluation, LightGBM improves all four predictive measures relative to linear regression: $R^2_",bdaff646ed9bd327adaeb9dc74f10ab8b43dd74eeb82e74d93a6f926fb4c1c03,ALLOWLISTED,DESIGN_CONSTANT,
2,int_small,COMMENTED,1449,subsection: Direct Squared-Covariance Penalty,subsec:direct_penalty,% L(f)+\Omega(f)+\frac{\rho}{2}C(f)^2,3b14d21c15d3e85b4642dc9511ece1fd9f433d04d24f694b17c38a2c8afcb861,NOT_RENDERED,COMMENTED,
2,int_small,COMMENTED,1449,subsection: Direct Squared-Covariance Penalty,subsec:direct_penalty,% L(f)+\Omega(f)+\frac{\rho}{2}C(f)^2,3b14d21c15d3e85b4642dc9511ece1fd9f433d04d24f694b17c38a2c8afcb861,NOT_RENDERED,COMMENTED,
0,int_small,COMMENTED,1452,subsection: Direct Squared-Covariance Penalty,subsec:direct_penalty,% \rho\ge 0.,07a956e953e9b217f0fad0bb541aedeea48d20f1ee26d2902b2d204168fd137a,NOT_RENDERED,COMMENTED,
2,int_small,COMMENTED,1477,subsection: Direct Squared-Covariance Penalty,eq:direct_penalty,% \left(L(f)+\frac{\rho}{2}C(f)^2\right),587b786dee37d75272c9d942eb7934878186b41240d72d89577264673bc822a8,NOT_RENDERED,COMMENTED,
2,int_small,COMMENTED,1477,subsection: Direct Squared-Covariance Penalty,eq:direct_penalty,% \left(L(f)+\frac{\rho}{2}C(f)^2\right),587b786dee37d75272c9d942eb7934878186b41240d72d89577264673bc822a8,NOT_RENDERED,COMMENTED,
2,int_small,COMMENTED,1479,subsection: Direct Squared-Covariance Penalty,eq:direct_penalty,% \frac{2}{n}e+\frac{\rho}{n}C(f)c,837cde4ccdf7b501257b18f423ca87023dac25627afbd985f5723e25daec9ff2,NOT_RENDERED,COMMENTED,
2,int_small,COMMENTED,1483,subsection: Direct Squared-Covariance Penalty,eq:direct_penalty,% \nabla_{\widehat y}^2,bf6a477b18fe914efa26d0f58d8ce6a3952087ba559356ad07c65c364b0a5bfb,NOT_RENDERED,COMMENTED,
2,int_small,COMMENTED,1484,subsection: Direct Squared-Covariance Penalty,eq:direct_penalty,% \left(L(f)+\frac{\rho}{2}C(f)^2\right),587b786dee37d75272c9d942eb7934878186b41240d72d89577264673bc822a8,NOT_RENDERED,COMMENTED,
2,int_small,COMMENTED,1484,subsection: Direct Squared-Covariance Penalty,eq:direct_penalty,% \left(L(f)+\frac{\rho}{2}C(f)^2\right),587b786dee37d75272c9d942eb7934878186b41240d72d89577264673bc822a8,NOT_RENDERED,COMMENTED,
2,int_small,COMMENTED,1486,subsection: Direct Squared-Covariance Penalty,eq:direct_penalty,% \frac{2}{n}I+\frac{\rho}{n^2}cc^\top.,8539b5ea2f582e677a26c3fcf01ff5ace588bf2a75a9bb1aae6a15e9709a68ad,NOT_RENDERED,COMMENTED,
2,int_small,COMMENTED,1486,subsection: Direct Squared-Covariance Penalty,eq:direct_penalty,% \frac{2}{n}I+\frac{\rho}{n^2}cc^\top.,8539b5ea2f582e677a26c3fcf01ff5ace588bf2a75a9bb1aae6a15e9709a68ad,NOT_RENDERED,COMMENTED,
0,int_small,COMMENTED,1503,subsection: Direct Squared-Covariance Penalty,eq:direct_penalty_gradient,"% \textcolor{blue}{\sout{Suppose, for example, that the fitted model is regressive, so $C(f)<0$. For a lower-value prope",2a118de973e95517b6ce14ae691a95fdf90ccf79e9c85807a15cc0a36a2b9c78,NOT_RENDERED,COMMENTED,
0,int_small,COMMENTED,1503,subsection: Direct Squared-Covariance Penalty,eq:direct_penalty_gradient,"% \textcolor{blue}{\sout{Suppose, for example, that the fitted model is regressive, so $C(f)<0$. For a lower-value prope",2a118de973e95517b6ce14ae691a95fdf90ccf79e9c85807a15cc0a36a2b9c78,NOT_RENDERED,COMMENTED,
0,int_small,COMMENTED,1503,subsection: Direct Squared-Covariance Penalty,eq:direct_penalty_gradient,"% \textcolor{blue}{\sout{Suppose, for example, that the fitted model is regressive, so $C(f)<0$. For a lower-value prope",2a118de973e95517b6ce14ae691a95fdf90ccf79e9c85807a15cc0a36a2b9c78,NOT_RENDERED,COMMENTED,
0,int_small,COMMENTED,1506,subsection: Direct Squared-Covariance Penalty,eq:direct_penalty_gradient,"% \textcolor{blue}{\sout{Suppose, for example, that the fitted model is regressive due to $C(f)<0$. For a sale below the",4ec1df115eed22a7456be60f3b8b4eb0c7e475e35c8f03ba79e62120c2245312,NOT_RENDERED,COMMENTED,
0,int_small,COMMENTED,1506,subsection: Direct Squared-Covariance Penalty,eq:direct_penalty_gradient,"% \textcolor{blue}{\sout{Suppose, for example, that the fitted model is regressive due to $C(f)<0$. For a sale below the",4ec1df115eed22a7456be60f3b8b4eb0c7e475e35c8f03ba79e62120c2245312,NOT_RENDERED,COMMENTED,
0,int_small,COMMENTED,1506,subsection: Direct Squared-Covariance Penalty,eq:direct_penalty_gradient,"% \textcolor{blue}{\sout{Suppose, for example, that the fitted model is regressive due to $C(f)<0$. For a sale below the",4ec1df115eed22a7456be60f3b8b4eb0c7e475e35c8f03ba79e62120c2245312,NOT_RENDERED,COMMENTED,
0,int_small,COMMENTED,1535,subsection: Direct Squared-Covariance Penalty,eq:direct_gradient_hessian,% \textcolor{blue}{\sout{The fixed-prediction-space analysis in Appendix~\ref{app:theory} provides additional intuition.,2f996f8eae4072318572e8c39dcd780f2ab639e7257ea0c96e3aa07fec929fd6,NOT_RENDERED,COMMENTED,
2,int_small,COMMENTED,1548,subsection: Sample-Additive Covariance Upper-Bound Surrogate,subsec:surrogate,% C(f)^2,9b82dfd5ddc6729f58dc0979d40c90cabc76bfd0c01434bdb39f9376a43637cf,NOT_RENDERED,COMMENTED,
1,int_small,COMMENTED,1551,subsection: Sample-Additive Covariance Upper-Bound Surrogate,subsec:surrogate,% \frac{1}{n}\sum_{i=1}^n,5b5132b72950d6f8dce29a0b06f4f7ef6f378ec30d5c3d0d88f5fbcb2ae85e4e,NOT_RENDERED,COMMENTED,
1,int_small,COMMENTED,1551,subsection: Sample-Additive Covariance Upper-Bound Surrogate,subsec:surrogate,% \frac{1}{n}\sum_{i=1}^n,5b5132b72950d6f8dce29a0b06f4f7ef6f378ec30d5c3d0d88f5fbcb2ae85e4e,NOT_RENDERED,COMMENTED,
2,int_small,COMMENTED,1553,subsection: Sample-Additive Covariance Upper-Bound Surrogate,subsec:surrogate,% \right]^2,73a51f1f7036634051a9ac8f0cce0029616c9ba80c2a08fb56c007c60531432a,NOT_RENDERED,COMMENTED,
1,int_small,COMMENTED,1555,subsection: Sample-Additive Covariance Upper-Bound Surrogate,subsec:surrogate,% \frac{1}{n}\sum_{i=1}^n,5b5132b72950d6f8dce29a0b06f4f7ef6f378ec30d5c3d0d88f5fbcb2ae85e4e,NOT_RENDERED,COMMENTED,
1,int_small,COMMENTED,1555,subsection: Sample-Additive Covariance Upper-Bound Surrogate,subsec:surrogate,% \frac{1}{n}\sum_{i=1}^n,5b5132b72950d6f8dce29a0b06f4f7ef6f378ec30d5c3d0d88f5fbcb2ae85e4e,NOT_RENDERED,COMMENTED,
2,int_small,COMMENTED,1556,subsection: Sample-Additive Covariance Upper-Bound Surrogate,subsec:surrogate,% \bigl(e_i(f)-\bar e(f)\bigr)^2c_i^2.,83ec3528aedb26f32126c3ff208966b69c5e5ae4a4da63b1491d71f9b1a5666b,NOT_RENDERED,COMMENTED,
2,int_small,COMMENTED,1595,subsection: Sample-Additive Covariance Upper-Bound Surrogate,eq:surrogate_learning,"% \textcolor{blue}{\sout{After replacing the centered residual, $\Psi^{\mathrm{surr}}$ is not, in general, an upper boun",99b06df80b94937dea0bbeb25fc617b40aacb7a0cc9f219b37b2b79521522d83,NOT_RENDERED,COMMENTED,
1,int_small,COMMENTED,1602,subsection: Sample-Additive Covariance Upper-Bound Surrogate,eq:surrogate_learning,"% Since $C(f)=n^{-1}\sum_i q_i(f)$,",c73aa5567f9a5ec5e39432d2534aac054bbcd07dcb18c60eca22a599dd2b84b9,NOT_RENDERED,COMMENTED,
2,int_small,COMMENTED,1641,subsection: Sample-Additive Covariance Upper-Bound Surrogate,eq:surrogate_weights,% \textcolor{blue}{\sout{This representation clarifies the mechanism without imposing a directional assumption on indivi,af07767307a67df9f28154e2d4bf70f6d5d9e1bbc8434d83986779a3ffc5cf39,NOT_RENDERED,COMMENTED,
2,int_small,COMMENTED,1647,subsection: Sample-Additive Covariance Upper-Bound Surrogate,eq:surrogate_weights,% {This representation clarifies the mechanism without imposing a directional assumption on individual observations. The,4128438df77ff1b9794eb668f12341da365a6790068c1dd36d4a37e695a22d87,NOT_RENDERED,COMMENTED,
0,int_small,COMMENTED,1707,"subsection: Interpretation, Validation, and Scope",eq:normalized_rho,% \oldtext{Section~\ref{sec:empirical_design} specifies the chronological validation and regularization-path procedure u,65c0726bcbb75d72cf73bdbaa4afe5802a62e376827801ee92e4821d918d8bbf,NOT_RENDERED,COMMENTED,
0,int_small,COMMENTED,1708,"subsection: Interpretation, Validation, and Scope",eq:normalized_rho,% \oldtext{Section~\ref{sec:empirical_design} specifies the chronological validation and regularization-path procedure u,65c0726bcbb75d72cf73bdbaa4afe5802a62e376827801ee92e4821d918d8bbf,NOT_RENDERED,COMMENTED,
0,int_small,COMMENTED,1741,subsection: Direct Squared-Covariance Penalty,eq:training_covariance,"% The last equality follows from \(\sum_i c_i=0\), so centering the residuals does not change the covariance.",a74a49277f462b77bae7665595fa4a4860bec1a8eb57c648c341719f333878a2,NOT_RENDERED,COMMENTED,
0,int_small,COMMENTED,1747,subsection: Direct Squared-Covariance Penalty,eq:training_covariance,"% Provided \(V_y>0\), the least-squares slope from regressing log valuation ratios on log prices is",f259b573380b08b78a44b31317cef076f4d22094afe3d43c7a838ba34e782fbc,NOT_RENDERED,COMMENTED,
0,int_small,COMMENTED,1754,subsection: Direct Squared-Covariance Penalty,eq:covariance_slope,"% Because \(V_y\) is fixed by the training sample, reducing \(|C(f)|\) is equivalent to reducing the magnitude of this g",e204244387e88724cc89218cbe35d306303729342656962906975df4b19c30dd,NOT_RENDERED,COMMENTED,
0,int_small,COMMENTED,1768,subsection: Direct Squared-Covariance Penalty,eq:direct_penalty,"% When \(\rho=0\), formulation~\eqref{eq:direct_penalty} reduces to the baseline learner. As \(\rho\) increases, the opt",d1e72e4887a2005a512df008f8f5d291b97c16e7112747d7e0f321b4932ce492,NOT_RENDERED,COMMENTED,
0,int_small,COMMENTED,1787,subsection: Direct Squared-Covariance Penalty,eq:direct_gradient_hessian,"% Suppose, for example, that the fitted model is regressive, so \(C(f)<0\). For a lower-value property, \(c_i<0\), and t",0e6a2b203d5f9898c72dfa4111322db5c493c35f7e1b9150c0df52a9bd298adc,NOT_RENDERED,COMMENTED,
0,int_small,COMMENTED,1787,subsection: Direct Squared-Covariance Penalty,eq:direct_gradient_hessian,"% Suppose, for example, that the fitted model is regressive, so \(C(f)<0\). For a lower-value property, \(c_i<0\), and t",0e6a2b203d5f9898c72dfa4111322db5c493c35f7e1b9150c0df52a9bd298adc,NOT_RENDERED,COMMENTED,
0,int_small,COMMENTED,1787,subsection: Direct Squared-Covariance Penalty,eq:direct_gradient_hessian,"% Suppose, for example, that the fitted model is regressive, so \(C(f)<0\). For a lower-value property, \(c_i<0\), and t",0e6a2b203d5f9898c72dfa4111322db5c493c35f7e1b9150c0df52a9bd298adc,NOT_RENDERED,COMMENTED,
0,int_small,COMMENTED,1791,subsection: Direct Squared-Covariance Penalty,eq:direct_gradient_hessian,% The fixed-prediction-space analysis in Appendix~\ref{app:theory} provides additional intuition. Within a fixed linear ,5ab110f5c8b884a18ff20dbb55f143289715b6a92d32c08a3dd14f710b2a1747,NOT_RENDERED,COMMENTED,
2,int_small,COMMENTED,1831,subsection: Sample-Additive Covariance-Guided Surrogate,eq:surrogate_learning,"% After replacing the centered residual, \(\Psi^{\mathrm{surr}}\) is not, in general, an upper bound on \(C(f)^2\). It s",15ddd45f48ca0d31b5a0fc292b70518b7b1973d6e1cdb8d2bfb49b66ac9eddea,NOT_RENDERED,COMMENTED,
2,int_small,COMMENTED,1893,"subsection: The CCAO Residential Pipeline: Application, Data, and Implementation",subsec:ccao_design,% \oldtext{frozen Section-2 LightGBM hyperparameter configuration},3de4ead545bde7a03cabf16fba52374cd4f9a5b9ef640d46ffa8c521091da768,NOT_RENDERED,COMMENTED,
2,int_small,ACTIVE,1894,"subsection: The CCAO Residential Pipeline: Application, Data, and Implementation",subsec:ccao_design,"\newtext{fixed Section-2 LightGBM hyperparameter configuration} is held fixed across the standard and penalized fits, so",e7fedac6115c2d0a9c0d232fbed9c599cf0677ecbf0220657e1a7a3294ab5d51,ALLOWLISTED,MATH_CONSTANT,
0,int_small,COMMENTED,1896,"subsection: The CCAO Residential Pipeline: Application, Data, and Implementation",subsec:ccao_design,% \oldtext{Holding the surrounding model specification fixed makes the training-objective change as controlled as possib,22fecb12d5da33a2d5eba7f79de449462d39a4cc44af2c88c8453d0b222743f3,NOT_RENDERED,COMMENTED,
2024,year_like,COMMENTED,1904,"subsection: The CCAO Residential Pipeline: Application, Data, and Implementation",subsec:ccao_design,"% \textcolor{blue}{\sout{The pre-2024 modeling sample contains 349,661 observations. Sales from 2016--2022 form the deve",6daac8a669c745af8e7ceda39c98a8d94d0add896643b6d6b85bfc2675aeaa9c,NOT_RENDERED,COMMENTED,
"349,661",int_ge_1000,COMMENTED,1904,"subsection: The CCAO Residential Pipeline: Application, Data, and Implementation",subsec:ccao_design,"% \textcolor{blue}{\sout{The pre-2024 modeling sample contains 349,661 observations. Sales from 2016--2022 form the deve",6daac8a669c745af8e7ceda39c98a8d94d0add896643b6d6b85bfc2675aeaa9c,NOT_RENDERED,COMMENTED,
2016,year_like,COMMENTED,1904,"subsection: The CCAO Residential Pipeline: Application, Data, and Implementation",subsec:ccao_design,"% \textcolor{blue}{\sout{The pre-2024 modeling sample contains 349,661 observations. Sales from 2016--2022 form the deve",6daac8a669c745af8e7ceda39c98a8d94d0add896643b6d6b85bfc2675aeaa9c,NOT_RENDERED,COMMENTED,
2022,year_like,COMMENTED,1904,"subsection: The CCAO Residential Pipeline: Application, Data, and Implementation",subsec:ccao_design,"% \textcolor{blue}{\sout{The pre-2024 modeling sample contains 349,661 observations. Sales from 2016--2022 form the deve",6daac8a669c745af8e7ceda39c98a8d94d0add896643b6d6b85bfc2675aeaa9c,NOT_RENDERED,COMMENTED,
2023,year_like,COMMENTED,1904,"subsection: The CCAO Residential Pipeline: Application, Data, and Implementation",subsec:ccao_design,"% \textcolor{blue}{\sout{The pre-2024 modeling sample contains 349,661 observations. Sales from 2016--2022 form the deve",6daac8a669c745af8e7ceda39c98a8d94d0add896643b6d6b85bfc2675aeaa9c,NOT_RENDERED,COMMENTED,
2024,year_like,COMMENTED,1904,"subsection: The CCAO Residential Pipeline: Application, Data, and Implementation",subsec:ccao_design,"% \textcolor{blue}{\sout{The pre-2024 modeling sample contains 349,661 observations. Sales from 2016--2022 form the deve",6daac8a669c745af8e7ceda39c98a8d94d0add896643b6d6b85bfc2675aeaa9c,NOT_RENDERED,COMMENTED,
2016,year_like,COMMENTED,1906,"subsection: The CCAO Residential Pipeline: Application, Data, and Implementation",subsec:ccao_design,"% \oldtext{The sales universe is 2016--2024. The current training file contains 2016 sales, so the first observed sale i",a3a85da198caff1fda54a908755b1683e060e9f689976a0991704c0f970fc8eb,NOT_RENDERED,COMMENTED,
2024,year_like,COMMENTED,1906,"subsection: The CCAO Residential Pipeline: Application, Data, and Implementation",subsec:ccao_design,"% \oldtext{The sales universe is 2016--2024. The current training file contains 2016 sales, so the first observed sale i",a3a85da198caff1fda54a908755b1683e060e9f689976a0991704c0f970fc8eb,NOT_RENDERED,COMMENTED,
2016,year_like,COMMENTED,1906,"subsection: The CCAO Residential Pipeline: Application, Data, and Implementation",subsec:ccao_design,"% \oldtext{The sales universe is 2016--2024. The current training file contains 2016 sales, so the first observed sale i",a3a85da198caff1fda54a908755b1683e060e9f689976a0991704c0f970fc8eb,NOT_RENDERED,COMMENTED,
2016-01-01,date,COMMENTED,1906,"subsection: The CCAO Residential Pipeline: Application, Data, and Implementation",subsec:ccao_design,"% \oldtext{The sales universe is 2016--2024. The current training file contains 2016 sales, so the first observed sale i",a3a85da198caff1fda54a908755b1683e060e9f689976a0991704c0f970fc8eb,NOT_RENDERED,COMMENTED,
90,int_small,COMMENTED,1906,"subsection: The CCAO Residential Pipeline: Application, Data, and Implementation",subsec:ccao_design,"% \oldtext{The sales universe is 2016--2024. The current training file contains 2016 sales, so the first observed sale i",a3a85da198caff1fda54a908755b1683e060e9f689976a0991704c0f970fc8eb,NOT_RENDERED,COMMENTED,
2016,year_like,COMMENTED,1906,"subsection: The CCAO Residential Pipeline: Application, Data, and Implementation",subsec:ccao_design,"% \oldtext{The sales universe is 2016--2024. The current training file contains 2016 sales, so the first observed sale i",a3a85da198caff1fda54a908755b1683e060e9f689976a0991704c0f970fc8eb,NOT_RENDERED,COMMENTED,
2024,year_like,COMMENTED,1906,"subsection: The CCAO Residential Pipeline: Application, Data, and Implementation",subsec:ccao_design,"% \oldtext{The sales universe is 2016--2024. The current training file contains 2016 sales, so the first observed sale i",a3a85da198caff1fda54a908755b1683e060e9f689976a0991704c0f970fc8eb,NOT_RENDERED,COMMENTED,
"344,607",int_ge_1000,COMMENTED,1906,"subsection: The CCAO Residential Pipeline: Application, Data, and Implementation",subsec:ccao_design,"% \oldtext{The sales universe is 2016--2024. The current training file contains 2016 sales, so the first observed sale i",a3a85da198caff1fda54a908755b1683e060e9f689976a0991704c0f970fc8eb,NOT_RENDERED,COMMENTED,
2023-11-09,date,COMMENTED,1906,"subsection: The CCAO Residential Pipeline: Application, Data, and Implementation",subsec:ccao_design,"% \oldtext{The sales universe is 2016--2024. The current training file contains 2016 sales, so the first observed sale i",a3a85da198caff1fda54a908755b1683e060e9f689976a0991704c0f970fc8eb,NOT_RENDERED,COMMENTED,
10,int_small,COMMENTED,1906,"subsection: The CCAO Residential Pipeline: Application, Data, and Implementation",subsec:ccao_design,"% \oldtext{The sales universe is 2016--2024. The current training file contains 2016 sales, so the first observed sale i",a3a85da198caff1fda54a908755b1683e060e9f689976a0991704c0f970fc8eb,NOT_RENDERED,COMMENTED,
"38,290",int_ge_1000,COMMENTED,1906,"subsection: The CCAO Residential Pipeline: Application, Data, and Implementation",subsec:ccao_design,"% \oldtext{The sales universe is 2016--2024. The current training file contains 2016 sales, so the first observed sale i",a3a85da198caff1fda54a908755b1683e060e9f689976a0991704c0f970fc8eb,NOT_RENDERED,COMMENTED,
2023-11-09,date,COMMENTED,1906,"subsection: The CCAO Residential Pipeline: Application, Data, and Implementation",subsec:ccao_design,"% \oldtext{The sales universe is 2016--2024. The current training file contains 2016 sales, so the first observed sale i",a3a85da198caff1fda54a908755b1683e060e9f689976a0991704c0f970fc8eb,NOT_RENDERED,COMMENTED,
2024-12-31,date,COMMENTED,1906,"subsection: The CCAO Residential Pipeline: Application, Data, and Implementation",subsec:ccao_design,"% \oldtext{The sales universe is 2016--2024. The current training file contains 2016 sales, so the first observed sale i",a3a85da198caff1fda54a908755b1683e060e9f689976a0991704c0f970fc8eb,NOT_RENDERED,COMMENTED,
2025,year_like,COMMENTED,1906,"subsection: The CCAO Residential Pipeline: Application, Data, and Implementation",subsec:ccao_design,"% \oldtext{The sales universe is 2016--2024. The current training file contains 2016 sales, so the first observed sale i",a3a85da198caff1fda54a908755b1683e060e9f689976a0991704c0f970fc8eb,NOT_RENDERED,COMMENTED,
"26,641",int_ge_1000,COMMENTED,1906,"subsection: The CCAO Residential Pipeline: Application, Data, and Implementation",subsec:ccao_design,"% \oldtext{The sales universe is 2016--2024. The current training file contains 2016 sales, so the first observed sale i",a3a85da198caff1fda54a908755b1683e060e9f689976a0991704c0f970fc8eb,NOT_RENDERED,COMMENTED,
"382,897",int_ge_1000,COMMENTED,1906,"subsection: The CCAO Residential Pipeline: Application, Data, and Implementation",subsec:ccao_design,"% \oldtext{The sales universe is 2016--2024. The current training file contains 2016 sales, so the first observed sale i",a3a85da198caff1fda54a908755b1683e060e9f689976a0991704c0f970fc8eb,NOT_RENDERED,COMMENTED,
2016,year_like,COMMENTED,1906,"subsection: The CCAO Residential Pipeline: Application, Data, and Implementation",subsec:ccao_design,"% \oldtext{The sales universe is 2016--2024. The current training file contains 2016 sales, so the first observed sale i",a3a85da198caff1fda54a908755b1683e060e9f689976a0991704c0f970fc8eb,NOT_RENDERED,COMMENTED,
2024,year_like,COMMENTED,1906,"subsection: The CCAO Residential Pipeline: Application, Data, and Implementation",subsec:ccao_design,"% \oldtext{The sales universe is 2016--2024. The current training file contains 2016 sales, so the first observed sale i",a3a85da198caff1fda54a908755b1683e060e9f689976a0991704c0f970fc8eb,NOT_RENDERED,COMMENTED,
2024,year_like,COMMENTED,1906,"subsection: The CCAO Residential Pipeline: Application, Data, and Implementation",subsec:ccao_design,"% \oldtext{The sales universe is 2016--2024. The current training file contains 2016 sales, so the first observed sale i",a3a85da198caff1fda54a908755b1683e060e9f689976a0991704c0f970fc8eb,NOT_RENDERED,COMMENTED,
2016,year_like,ACTIVE,1907,"subsection: The CCAO Residential Pipeline: Application, Data, and Implementation",subsec:ccao_design,"\newtext{Eligible 2016--2024 sales are ordered chronologically. The oldest 90\% (344,607 sales, through 2023-11-09) form",84bfc7a3f4727fa46165bd4243fb767d3ea34fbbf854a7ddb40c5e520fcdb073,ALLOWLISTED,DESIGN_CONSTANT,
2024,year_like,ACTIVE,1907,"subsection: The CCAO Residential Pipeline: Application, Data, and Implementation",subsec:ccao_design,"\newtext{Eligible 2016--2024 sales are ordered chronologically. The oldest 90\% (344,607 sales, through 2023-11-09) form",84bfc7a3f4727fa46165bd4243fb767d3ea34fbbf854a7ddb40c5e520fcdb073,ALLOWLISTED,DESIGN_CONSTANT,
90,int_small,ACTIVE,1907,"subsection: The CCAO Residential Pipeline: Application, Data, and Implementation",subsec:ccao_design,"\newtext{Eligible 2016--2024 sales are ordered chronologically. The oldest 90\% (344,607 sales, through 2023-11-09) form",84bfc7a3f4727fa46165bd4243fb767d3ea34fbbf854a7ddb40c5e520fcdb073,ALLOWLISTED,DESIGN_CONSTANT,
"344,607",int_ge_1000,ACTIVE,1907,"subsection: The CCAO Residential Pipeline: Application, Data, and Implementation",subsec:ccao_design,"\newtext{Eligible 2016--2024 sales are ordered chronologically. The oldest 90\% (344,607 sales, through 2023-11-09) form",84bfc7a3f4727fa46165bd4243fb767d3ea34fbbf854a7ddb40c5e520fcdb073,SOURCED,,N-design-n-development
2023-11-09,date,ACTIVE,1907,"subsection: The CCAO Residential Pipeline: Application, Data, and Implementation",subsec:ccao_design,"\newtext{Eligible 2016--2024 sales are ordered chronologically. The oldest 90\% (344,607 sales, through 2023-11-09) form",84bfc7a3f4727fa46165bd4243fb767d3ea34fbbf854a7ddb40c5e520fcdb073,ALLOWLISTED,DESIGN_CONSTANT,
10,int_small,ACTIVE,1907,"subsection: The CCAO Residential Pipeline: Application, Data, and Implementation",subsec:ccao_design,"\newtext{Eligible 2016--2024 sales are ordered chronologically. The oldest 90\% (344,607 sales, through 2023-11-09) form",84bfc7a3f4727fa46165bd4243fb767d3ea34fbbf854a7ddb40c5e520fcdb073,ALLOWLISTED,DESIGN_CONSTANT,
"38,290",int_ge_1000,ACTIVE,1907,"subsection: The CCAO Residential Pipeline: Application, Data, and Implementation",subsec:ccao_design,"\newtext{Eligible 2016--2024 sales are ordered chronologically. The oldest 90\% (344,607 sales, through 2023-11-09) form",84bfc7a3f4727fa46165bd4243fb767d3ea34fbbf854a7ddb40c5e520fcdb073,SOURCED,,N-design-n-heldout
2023-11-09,date,ACTIVE,1907,"subsection: The CCAO Residential Pipeline: Application, Data, and Implementation",subsec:ccao_design,"\newtext{Eligible 2016--2024 sales are ordered chronologically. The oldest 90\% (344,607 sales, through 2023-11-09) form",84bfc7a3f4727fa46165bd4243fb767d3ea34fbbf854a7ddb40c5e520fcdb073,ALLOWLISTED,DESIGN_CONSTANT,
2024-12-31,date,ACTIVE,1907,"subsection: The CCAO Residential Pipeline: Application, Data, and Implementation",subsec:ccao_design,"\newtext{Eligible 2016--2024 sales are ordered chronologically. The oldest 90\% (344,607 sales, through 2023-11-09) form",84bfc7a3f4727fa46165bd4243fb767d3ea34fbbf854a7ddb40c5e520fcdb073,ALLOWLISTED,DESIGN_CONSTANT,
2025,year_like,ACTIVE,1907,"subsection: The CCAO Residential Pipeline: Application, Data, and Implementation",subsec:ccao_design,"\newtext{Eligible 2016--2024 sales are ordered chronologically. The oldest 90\% (344,607 sales, through 2023-11-09) form",84bfc7a3f4727fa46165bd4243fb767d3ea34fbbf854a7ddb40c5e520fcdb073,ALLOWLISTED,DESIGN_CONSTANT,
"26,641",int_ge_1000,ACTIVE,1907,"subsection: The CCAO Residential Pipeline: Application, Data, and Implementation",subsec:ccao_design,"\newtext{Eligible 2016--2024 sales are ordered chronologically. The oldest 90\% (344,607 sales, through 2023-11-09) form",84bfc7a3f4727fa46165bd4243fb767d3ea34fbbf854a7ddb40c5e520fcdb073,SOURCED,,N-design-n-forward_2025
"382,897",int_ge_1000,ACTIVE,1907,"subsection: The CCAO Residential Pipeline: Application, Data, and Implementation",subsec:ccao_design,"\newtext{Eligible 2016--2024 sales are ordered chronologically. The oldest 90\% (344,607 sales, through 2023-11-09) form",84bfc7a3f4727fa46165bd4243fb767d3ea34fbbf854a7ddb40c5e520fcdb073,SOURCED,,N-design-n-production_2016_2024
2016,year_like,ACTIVE,1907,"subsection: The CCAO Residential Pipeline: Application, Data, and Implementation",subsec:ccao_design,"\newtext{Eligible 2016--2024 sales are ordered chronologically. The oldest 90\% (344,607 sales, through 2023-11-09) form",84bfc7a3f4727fa46165bd4243fb767d3ea34fbbf854a7ddb40c5e520fcdb073,ALLOWLISTED,DESIGN_CONSTANT,
2024,year_like,ACTIVE,1907,"subsection: The CCAO Residential Pipeline: Application, Data, and Implementation",subsec:ccao_design,"\newtext{Eligible 2016--2024 sales are ordered chronologically. The oldest 90\% (344,607 sales, through 2023-11-09) form",84bfc7a3f4727fa46165bd4243fb767d3ea34fbbf854a7ddb40c5e520fcdb073,ALLOWLISTED,DESIGN_CONSTANT,
2025,year_like,ACTIVE,1909,"subsection: The CCAO Residential Pipeline: Application, Data, and Implementation",subsec:ccao_design,\latesttext{The original out-of-time paths had already been inspected during paper development. For the later lower-$\rh,524e94695e6b921a94be2c1898c7601f94030780f60805a2c5c0036ea523c169,ALLOWLISTED,DESIGN_CONSTANT,
2024,year_like,ACTIVE,1910,"subsection: The CCAO Residential Pipeline: Application, Data, and Implementation",subsec:ccao_design,"\newtext{Because earlier project development inspected 2024 outputs, we describe the primary sample as held out rather t",24c033ec3121d5d3d841d4cbc0dca5d6f1ae44e2434b39fa383c87c94dc87057,ALLOWLISTED,DESIGN_CONSTANT,
90,int_small,ACTIVE,1912,"subsection: The CCAO Residential Pipeline: Application, Data, and Implementation",subsec:ccao_design,\newtext{Because the 90/10 split is defined on chronologically ordered observations rather than on distinct calendar dat,d324da407094d62b653f2b51eb78e3bb7e8615ee3d696ee8d2ecd17749884c65,ALLOWLISTED,DESIGN_CONSTANT,
10,int_small,ACTIVE,1912,"subsection: The CCAO Residential Pipeline: Application, Data, and Implementation",subsec:ccao_design,\newtext{Because the 90/10 split is defined on chronologically ordered observations rather than on distinct calendar dat,d324da407094d62b653f2b51eb78e3bb7e8615ee3d696ee8d2ecd17749884c65,ALLOWLISTED,DESIGN_CONSTANT,
2016-01-01,date,ACTIVE,1922,"subsection: The CCAO Residential Pipeline: Application, Data, and Implementation",tab:ccao_samples,"Development / validation & 2016-01-01--2023-11-09 & 344,607 \\",e4bc73b43656190c03dd049b43488afbf03bf819801ed98f7abd5adfbe9ad23f,ALLOWLISTED,DESIGN_CONSTANT,
2023-11-09,date,ACTIVE,1922,"subsection: The CCAO Residential Pipeline: Application, Data, and Implementation",tab:ccao_samples,"Development / validation & 2016-01-01--2023-11-09 & 344,607 \\",e4bc73b43656190c03dd049b43488afbf03bf819801ed98f7abd5adfbe9ad23f,ALLOWLISTED,DESIGN_CONSTANT,
"344,607",int_ge_1000,ACTIVE,1922,"subsection: The CCAO Residential Pipeline: Application, Data, and Implementation",tab:ccao_samples,"Development / validation & 2016-01-01--2023-11-09 & 344,607 \\",e4bc73b43656190c03dd049b43488afbf03bf819801ed98f7abd5adfbe9ad23f,SOURCED,,N-design-n-development
2023-11-09,date,ACTIVE,1925,"subsection: The CCAO Residential Pipeline: Application, Data, and Implementation",tab:ccao_samples,"\\\newtext{Primary held-out evaluation}} & 2023-11-09--2024-12-31 & 38,290 \\",654f183ad5f2d5626fc330b64257edbfabee27e2398c8062ae59e776f1bbd3e2,ALLOWLISTED,DESIGN_CONSTANT,
2024-12-31,date,ACTIVE,1925,"subsection: The CCAO Residential Pipeline: Application, Data, and Implementation",tab:ccao_samples,"\\\newtext{Primary held-out evaluation}} & 2023-11-09--2024-12-31 & 38,290 \\",654f183ad5f2d5626fc330b64257edbfabee27e2398c8062ae59e776f1bbd3e2,ALLOWLISTED,DESIGN_CONSTANT,
"38,290",int_ge_1000,ACTIVE,1925,"subsection: The CCAO Residential Pipeline: Application, Data, and Implementation",tab:ccao_samples,"\\\newtext{Primary held-out evaluation}} & 2023-11-09--2024-12-31 & 38,290 \\",654f183ad5f2d5626fc330b64257edbfabee27e2398c8062ae59e776f1bbd3e2,SOURCED,,N-design-n-heldout
2016,year_like,ACTIVE,1928,"subsection: The CCAO Residential Pipeline: Application, Data, and Implementation",tab:ccao_samples,"\\\newtext{Full 2016--2024 refit sample}} & 2016-01-01--2024-12-31 & 382,897 \\",037eb6ceb1eb8e97b3d52a9c9497fefbe8571a33edd2a0b0af8ef2df75652383,ALLOWLISTED,DESIGN_CONSTANT,
2024,year_like,ACTIVE,1928,"subsection: The CCAO Residential Pipeline: Application, Data, and Implementation",tab:ccao_samples,"\\\newtext{Full 2016--2024 refit sample}} & 2016-01-01--2024-12-31 & 382,897 \\",037eb6ceb1eb8e97b3d52a9c9497fefbe8571a33edd2a0b0af8ef2df75652383,ALLOWLISTED,DESIGN_CONSTANT,
2016-01-01,date,ACTIVE,1928,"subsection: The CCAO Residential Pipeline: Application, Data, and Implementation",tab:ccao_samples,"\\\newtext{Full 2016--2024 refit sample}} & 2016-01-01--2024-12-31 & 382,897 \\",037eb6ceb1eb8e97b3d52a9c9497fefbe8571a33edd2a0b0af8ef2df75652383,ALLOWLISTED,DESIGN_CONSTANT,
2024-12-31,date,ACTIVE,1928,"subsection: The CCAO Residential Pipeline: Application, Data, and Implementation",tab:ccao_samples,"\\\newtext{Full 2016--2024 refit sample}} & 2016-01-01--2024-12-31 & 382,897 \\",037eb6ceb1eb8e97b3d52a9c9497fefbe8571a33edd2a0b0af8ef2df75652383,ALLOWLISTED,DESIGN_CONSTANT,
"382,897",int_ge_1000,ACTIVE,1928,"subsection: The CCAO Residential Pipeline: Application, Data, and Implementation",tab:ccao_samples,"\\\newtext{Full 2016--2024 refit sample}} & 2016-01-01--2024-12-31 & 382,897 \\",037eb6ceb1eb8e97b3d52a9c9497fefbe8571a33edd2a0b0af8ef2df75652383,SOURCED,,N-design-n-production_2016_2024
2025-01-01,date,ACTIVE,1929,"subsection: The CCAO Residential Pipeline: Application, Data, and Implementation",tab:ccao_samples,"Secondary forward evaluation & 2025-01-01--2025-12-29 & 26,641 \\",b27b3700ff4b021523d24cf73a82d900188a07817e80e11d2b8bb1f690785303,ALLOWLISTED,DESIGN_CONSTANT,
2025-12-29,date,ACTIVE,1929,"subsection: The CCAO Residential Pipeline: Application, Data, and Implementation",tab:ccao_samples,"Secondary forward evaluation & 2025-01-01--2025-12-29 & 26,641 \\",b27b3700ff4b021523d24cf73a82d900188a07817e80e11d2b8bb1f690785303,ALLOWLISTED,DESIGN_CONSTANT,
"26,641",int_ge_1000,ACTIVE,1929,"subsection: The CCAO Residential Pipeline: Application, Data, and Implementation",tab:ccao_samples,"Secondary forward evaluation & 2025-01-01--2025-12-29 & 26,641 \\",b27b3700ff4b021523d24cf73a82d900188a07817e80e11d2b8bb1f690785303,SOURCED,,N-design-n-forward_2025
2016,year_like,COMMENTED,1933,"subsection: The CCAO Residential Pipeline: Application, Data, and Implementation",tab:ccao_samples,% \oldtext{\footnotesize The current training file contains 2016 sales; observed sales begin on 2016-01-01.},97be06581dd9af195ab8a01535d05cf23105df50c5c6e92711020ecbf29f797e,NOT_RENDERED,COMMENTED,
2016-01-01,date,COMMENTED,1933,"subsection: The CCAO Residential Pipeline: Application, Data, and Implementation",tab:ccao_samples,% \oldtext{\footnotesize The current training file contains 2016 sales; observed sales begin on 2016-01-01.},97be06581dd9af195ab8a01535d05cf23105df50c5c6e92711020ecbf29f797e,NOT_RENDERED,COMMENTED,
2016,year_like,ACTIVE,1934,"subsection: The CCAO Residential Pipeline: Application, Data, and Implementation",tab:ccao_samples,\newtext{\footnotesize Observed eligible sales in the final 2016--2024 modeling universe begin on 2016-01-01.},ffd367e8f3e0b4f6e661d0a9aa8e4cddb1c59eb06c2f4c121f40dd63173b7982,ALLOWLISTED,DESIGN_CONSTANT,
2024,year_like,ACTIVE,1934,"subsection: The CCAO Residential Pipeline: Application, Data, and Implementation",tab:ccao_samples,\newtext{\footnotesize Observed eligible sales in the final 2016--2024 modeling universe begin on 2016-01-01.},ffd367e8f3e0b4f6e661d0a9aa8e4cddb1c59eb06c2f4c121f40dd63173b7982,ALLOWLISTED,DESIGN_CONSTANT,
2016-01-01,date,ACTIVE,1934,"subsection: The CCAO Residential Pipeline: Application, Data, and Implementation",tab:ccao_samples,\newtext{\footnotesize Observed eligible sales in the final 2016--2024 modeling universe begin on 2016-01-01.},ffd367e8f3e0b4f6e661d0a9aa8e4cddb1c59eb06c2f4c121f40dd63173b7982,ALLOWLISTED,DESIGN_CONSTANT,
95,int_small,ACTIVE,1936,"subsection: The CCAO Residential Pipeline: Application, Data, and Implementation",tab:ccao_samples,"The model uses 95 predictors, including property characteristics, location and proximity variables, Census measures, tim",957a6b4495e757ce4ac50f07ff530e3ab0d06a5ba2a2d2bee3ddf6b6f7a9f38a,ALLOWLISTED,DESIGN_CONSTANT,
95,int_small,ACTIVE,1938,"subsection: The CCAO Residential Pipeline: Application, Data, and Implementation",tab:ccao_samples,{All predictors are constructed upstream by the CCAO pipeline. Standard and penalized LightGBM fits use the same 95 pred,69cbe3007955eef0173cd691aa61107c2f6a2932f66cb9405225fcfdb0cf554f,ALLOWLISTED,DESIGN_CONSTANT,
23,int_small,ACTIVE,1938,"subsection: The CCAO Residential Pipeline: Application, Data, and Implementation",tab:ccao_samples,{All predictors are constructed upstream by the CCAO pipeline. Standard and penalized LightGBM fits use the same 95 pred,69cbe3007955eef0173cd691aa61107c2f6a2932f66cb9405225fcfdb0cf554f,ALLOWLISTED,DESIGN_CONSTANT,
30,int_small,ACTIVE,1952,"subsection: The CCAO Residential Pipeline: Application, Data, and Implementation",tab:feature_groups,"Assessor/property variables & 30 & Class, building area, land area, age, rooms, neighborhood \\",97c4bd68ea86738ff0005d65eb0b1487a6ddca942a8f32c53af8397e5a0c935e,ALLOWLISTED,DESIGN_CONSTANT,
9,int_small,ACTIVE,1953,"subsection: The CCAO Residential Pipeline: Application, Data, and Implementation",tab:feature_groups,"Location variables & 9 & Coordinates, census tract, school district, municipality \\",b64c4574c16e48d0d10b7f2561213686ed48949241e597ed393d5e4a0c8641e7,ALLOWLISTED,DESIGN_CONSTANT,
26,int_small,ACTIVE,1954,"subsection: The CCAO Residential Pipeline: Application, Data, and Implementation",tab:feature_groups,"Proximity variables & 26 & Transit, parks, roads, hospitals, water, airports \\",fa224050af6cb30861a2b2311813a9d3fc9900c4c9bd54d43e67e9ae4f1c1835,ALLOWLISTED,DESIGN_CONSTANT,
5,int_small,ACTIVE,1955,"subsection: The CCAO Residential Pipeline: Application, Data, and Implementation",tab:feature_groups,"ACS 5-year measures & 16 & Income, education, poverty, employment, tenure \\",674798db1ef4fdabf5f2a5cd1d2a644f8081bf3eabbaf0d640ee703ef23abff2,ALLOWLISTED,IAAO_STANDARD_CONSTANT,
16,int_small,ACTIVE,1955,"subsection: The CCAO Residential Pipeline: Application, Data, and Implementation",tab:feature_groups,"ACS 5-year measures & 16 & Income, education, poverty, employment, tenure \\",674798db1ef4fdabf5f2a5cd1d2a644f8081bf3eabbaf0d640ee703ef23abff2,ALLOWLISTED,DESIGN_CONSTANT,
8,int_small,ACTIVE,1956,"subsection: The CCAO Residential Pipeline: Application, Data, and Implementation",tab:feature_groups,"Time variables & 8 & Sale year, month, quarter, day, post-COVID indicator \\",9cdfa2412b858e7cd85fddd5871ac364532c8183564814380726af7fcb4b9509,ALLOWLISTED,DESIGN_CONSTANT,
6,int_small,ACTIVE,1957,"subsection: The CCAO Residential Pipeline: Application, Data, and Implementation",tab:feature_groups,"Parcel-shape variables & 6 & Edge/angle dispersion, bounding ratios, vertex count \\",e3e2490ecbd8e937cb743b33da7f2fe18c760ddaead58d40ca7891c8439fcd2d,ALLOWLISTED,DESIGN_CONSTANT,
95,int_small,ACTIVE,1959,"subsection: The CCAO Residential Pipeline: Application, Data, and Implementation",tab:feature_groups,Total & 95 & 23 categorical predictors in LightGBM \\,6d32c501a93e93ebc2ffee621b064cd613e66520cfe0e61a02def0229a40fb8f,ALLOWLISTED,DESIGN_CONSTANT,
23,int_small,ACTIVE,1959,"subsection: The CCAO Residential Pipeline: Application, Data, and Implementation",tab:feature_groups,Total & 95 & 23 categorical predictors in LightGBM \\,6d32c501a93e93ebc2ffee621b064cd613e66520cfe0e61a02def0229a40fb8f,ALLOWLISTED,DESIGN_CONSTANT,
"344,607",int_ge_1000,ACTIVE,1969,subsection: Temporal Validation and Regularization-Path Design,subsec:path_design,"Within the 344,607-sale development/CV pool, we use seven expanding-window",ed3e0851d707235f647f7126e5c55e0247d44555e145daac0c56e8ff0cabebfd,SOURCED,,N-design-n-development
15,int_small,ACTIVE,1970,subsection: Temporal Validation and Regularization-Path Design,subsec:path_design,rolling-origin folds. The cumulative windows advance in 15-month steps anchored at,10d7cdc0443e872f8df15c3aa9b32109dddf9808d203f1698a436633cffafc5b,ALLOWLISTED,IAAO_STANDARD_CONSTANT,
2016-01-01,date,ACTIVE,1971,subsection: Temporal Validation and Regularization-Path Design,subsec:path_design,"2016-01-01, and within each cumulative window the newest 10\% of observations form",c9dc97b4e638e0d187d396b16c746eccb1a73c17dfee83a7da5957923cfe76a1,ALLOWLISTED,DESIGN_CONSTANT,
10,int_small,ACTIVE,1971,subsection: Temporal Validation and Regularization-Path Design,subsec:path_design,"2016-01-01, and within each cumulative window the newest 10\% of observations form",c9dc97b4e638e0d187d396b16c746eccb1a73c17dfee83a7da5957923cfe76a1,ALLOWLISTED,DESIGN_CONSTANT,
10,int_small,ACTIVE,1977,subsection: Temporal Validation and Regularization-Path Design,subsec:path_design,"\newtext{The exact fold dates and sample sizes are reported in Appendix~\ref{app:ccao_path_details}, Table~\ref{tab:fold",cb38c69b9f1f6dde5e1e6cb5ae813fc6132c547c3c0e5fd847f530a30bf352c9,ALLOWLISTED,DESIGN_CONSTANT,
0,int_small,COMMENTED,1981,subsection: Temporal Validation and Regularization-Path Design,subsec:path_design,"% \oldtext{The candidate set contains standard LightGBM, a custom-objective implementation control with $\rho=0$, and th",79349e873244afa8d9aeb4197b216c730f423288f4324f44afa28d50ed434a0b,NOT_RENDERED,COMMENTED,
50,int_small,COMMENTED,1983,subsection: Temporal Validation and Regularization-Path Design,subsec:path_design,"% \oldtext{For each positive-penalty family, we evaluate 50 geometrically spaced values between $0.1$ and $100$.}",3edfa12e318c7e6d125964f2b0c5f376fc75115439bc26115159b2e4e2e5022c,NOT_RENDERED,COMMENTED,
0.1,decimal,COMMENTED,1983,subsection: Temporal Validation and Regularization-Path Design,subsec:path_design,"% \oldtext{For each positive-penalty family, we evaluate 50 geometrically spaced values between $0.1$ and $100$.}",3edfa12e318c7e6d125964f2b0c5f376fc75115439bc26115159b2e4e2e5022c,NOT_RENDERED,COMMENTED,
100,int_mid,COMMENTED,1983,subsection: Temporal Validation and Regularization-Path Design,subsec:path_design,"% \oldtext{For each positive-penalty family, we evaluate 50 geometrically spaced values between $0.1$ and $100$.}",3edfa12e318c7e6d125964f2b0c5f376fc75115439bc26115159b2e4e2e5022c,NOT_RENDERED,COMMENTED,
50,int_small,ACTIVE,1984,subsection: Temporal Validation and Regularization-Path Design,subsec:path_design,\latesttext{Each family was first evaluated on 50 geometrically spaced positive values from $0.1$ to $100$. The initial ,12a9f51e64e0f4f661974967bdf23ae40ff08f51ebfadafce1e2adca523bdafd,ALLOWLISTED,DESIGN_CONSTANT,
32,int_small,ACTIVE,1984,subsection: Temporal Validation and Regularization-Path Design,subsec:path_design,\latesttext{Each family was first evaluated on 50 geometrically spaced positive values from $0.1$ to $100$. The initial ,12a9f51e64e0f4f661974967bdf23ae40ff08f51ebfadafce1e2adca523bdafd,ALLOWLISTED,DESIGN_CONSTANT,
82,int_small,ACTIVE,1984,subsection: Temporal Validation and Regularization-Path Design,subsec:path_design,\latesttext{Each family was first evaluated on 50 geometrically spaced positive values from $0.1$ to $100$. The initial ,12a9f51e64e0f4f661974967bdf23ae40ff08f51ebfadafce1e2adca523bdafd,ALLOWLISTED,DESIGN_CONSTANT,
994,int_mid,ACTIVE,1986,subsection: Temporal Validation and Regularization-Path Design,subsec:path_design,values are not interpreted as comparable magnitudes. The LightGBM hyperparameters were tuned on the same seven chronolog,1dffc8cb561ab073d2ad3a76cec1208140e3404c9d9b88d293465c8f9d8f63d0,SOURCED,,N-design-n_estimators
2025,year_like,ACTIVE,1986,subsection: Temporal Validation and Regularization-Path Design,subsec:path_design,values are not interpreted as comparable magnitudes. The LightGBM hyperparameters were tuned on the same seven chronolog,1dffc8cb561ab073d2ad3a76cec1208140e3404c9d9b88d293465c8f9d8f63d0,ALLOWLISTED,DESIGN_CONSTANT,
2025,year_like,ACTIVE,1998,subsection: Temporal Validation and Regularization-Path Design,subsec:path_design,"\latesttext{The full regularization paths are the primary empirical objects. For operational interpretability, we additi",8d7180259e8d8fddbfb057951dfd69dd243428d8d9a292d8d34db16caea29dd5,ALLOWLISTED,DESIGN_CONSTANT,
0,int_small,COMMENTED,2000,subsection: Temporal Validation and Regularization-Path Design,subsec:path_design,"% \oldtext{For compact main-text displays only, we use a small set of \emph{prespecified display anchors}: $\rho=0$ toge",b3a65a834d36072883289c07272c980f1e8394882528070b431b726313cd94a8,NOT_RENDERED,COMMENTED,
0.1,decimal,COMMENTED,2000,subsection: Temporal Validation and Regularization-Path Design,subsec:path_design,"% \oldtext{For compact main-text displays only, we use a small set of \emph{prespecified display anchors}: $\rho=0$ toge",b3a65a834d36072883289c07272c980f1e8394882528070b431b726313cd94a8,NOT_RENDERED,COMMENTED,
1,int_small,COMMENTED,2000,subsection: Temporal Validation and Regularization-Path Design,subsec:path_design,"% \oldtext{For compact main-text displays only, we use a small set of \emph{prespecified display anchors}: $\rho=0$ toge",b3a65a834d36072883289c07272c980f1e8394882528070b431b726313cd94a8,NOT_RENDERED,COMMENTED,
10,int_small,COMMENTED,2000,subsection: Temporal Validation and Regularization-Path Design,subsec:path_design,"% \oldtext{For compact main-text displays only, we use a small set of \emph{prespecified display anchors}: $\rho=0$ toge",b3a65a834d36072883289c07272c980f1e8394882528070b431b726313cd94a8,NOT_RENDERED,COMMENTED,
100,int_mid,COMMENTED,2000,subsection: Temporal Validation and Regularization-Path Design,subsec:path_design,"% \oldtext{For compact main-text displays only, we use a small set of \emph{prespecified display anchors}: $\rho=0$ toge",b3a65a834d36072883289c07272c980f1e8394882528070b431b726313cd94a8,NOT_RENDERED,COMMENTED,
0.1,decimal,COMMENTED,2001,subsection: Temporal Validation and Regularization-Path Design,subsec:path_design,"% \oldtext{For compact main-text tables, we use the positive grid points nearest $0.1$, $1$, $10$, and $100$ as prespeci",3f8aca451086184a2ba8ffd924143594e1758a9742b7b162ec90eff695a0e898,NOT_RENDERED,COMMENTED,
1,int_small,COMMENTED,2001,subsection: Temporal Validation and Regularization-Path Design,subsec:path_design,"% \oldtext{For compact main-text tables, we use the positive grid points nearest $0.1$, $1$, $10$, and $100$ as prespeci",3f8aca451086184a2ba8ffd924143594e1758a9742b7b162ec90eff695a0e898,NOT_RENDERED,COMMENTED,
10,int_small,COMMENTED,2001,subsection: Temporal Validation and Regularization-Path Design,subsec:path_design,"% \oldtext{For compact main-text tables, we use the positive grid points nearest $0.1$, $1$, $10$, and $100$ as prespeci",3f8aca451086184a2ba8ffd924143594e1758a9742b7b162ec90eff695a0e898,NOT_RENDERED,COMMENTED,
100,int_mid,COMMENTED,2001,subsection: Temporal Validation and Regularization-Path Design,subsec:path_design,"% \oldtext{For compact main-text tables, we use the positive grid points nearest $0.1$, $1$, $10$, and $100$ as prespeci",3f8aca451086184a2ba8ffd924143594e1758a9742b7b162ec90eff695a0e898,NOT_RENDERED,COMMENTED,
82,int_small,ACTIVE,2002,subsection: Temporal Validation and Regularization-Path Design,subsec:path_design,"\latesttext{For compact presentation, we use five nominal decade-spaced positive display anchors, $\rho\in\{0.01,0.1,1,1",6ea3b691ffd3d8a28f166e58bd1df79fc029f9bd06ffab090e18967b7d0d80f7,ALLOWLISTED,DESIGN_CONSTANT,
50,int_small,SUPPRESSED,2003,subsection: Temporal Validation and Regularization-Path Design,subsec:path_design,\oldtext{All 50 positive values per family remain in the path figures and machine-readable result table.},0d94711221f9805ddf7b008b2741c9b682cd1603f037d3a4653d9d87c908e07e,NOT_RENDERED,SUPPRESSED,
82,int_small,ACTIVE,2004,subsection: Temporal Validation and Regularization-Path Design,subsec:path_design,\latesttext{All 82 positive values per family remain in the final path figures and machine-readable result table.},462b3007dc88de3a3d9e9114c408a13187af1304ca0c72d4ad5bec8a85bec1ee,ALLOWLISTED,DESIGN_CONSTANT,
2025,year_like,SUPPRESSED,2007,subsection: Temporal Validation and Regularization-Path Design,subsec:path_design,"\oldtext{Display-anchor refresh: before compilation, extract the four new nominal-$0.01$ rows (Direct/Surrogate on held-",d63d0d1c3cbc69607056cb354bc71c6e10ed24b44967f082d344d26e4a3fdd9d,NOT_RENDERED,SUPPRESSED,
"344,607",int_ge_1000,ACTIVE,2011,subsection: Temporal Validation and Regularization-Path Design,subsec:path_design,"344,607-sale development pool and evaluated on the 38,290-sale held-out sample. For",4beec50858c4f401d6d58de888d8de4981cf4705075fbea709b8247893281f97,SOURCED,,N-design-n-development
"38,290",int_ge_1000,ACTIVE,2011,subsection: Temporal Validation and Regularization-Path Design,subsec:path_design,"344,607-sale development pool and evaluated on the 38,290-sale held-out sample. For",4beec50858c4f401d6d58de888d8de4981cf4705075fbea709b8247893281f97,SOURCED,,N-design-n-heldout
2025,year_like,ACTIVE,2012,subsection: Temporal Validation and Regularization-Path Design,subsec:path_design,"the 2025 forward evaluation, the same configuration is refit on all 382,897 eligible",a36a715bdcf33f35c2f0b1818450e4d6412c9049cd71b0cd7eefa12309407e02,ALLOWLISTED,DESIGN_CONSTANT,
"382,897",int_ge_1000,ACTIVE,2012,subsection: Temporal Validation and Regularization-Path Design,subsec:path_design,"the 2025 forward evaluation, the same configuration is refit on all 382,897 eligible",a36a715bdcf33f35c2f0b1818450e4d6412c9049cd71b0cd7eefa12309407e02,SOURCED,,N-design-n-production_2016_2024
2016,year_like,ACTIVE,2013,subsection: Temporal Validation and Regularization-Path Design,subsec:path_design,"2016--2024 sales and evaluated on the 26,641-sale 2025 sample. \oldtext{These held-out and forward paths are descriptive",a037d14f9f50222a231d3f5e5197482ded8e3e1811c6b652e007155456484886,ALLOWLISTED,DESIGN_CONSTANT,
2024,year_like,ACTIVE,2013,subsection: Temporal Validation and Regularization-Path Design,subsec:path_design,"2016--2024 sales and evaluated on the 26,641-sale 2025 sample. \oldtext{These held-out and forward paths are descriptive",a037d14f9f50222a231d3f5e5197482ded8e3e1811c6b652e007155456484886,ALLOWLISTED,DESIGN_CONSTANT,
"26,641",int_ge_1000,ACTIVE,2013,subsection: Temporal Validation and Regularization-Path Design,subsec:path_design,"2016--2024 sales and evaluated on the 26,641-sale 2025 sample. \oldtext{These held-out and forward paths are descriptive",a037d14f9f50222a231d3f5e5197482ded8e3e1811c6b652e007155456484886,SOURCED,,N-design-n-forward_2025
2025,year_like,ACTIVE,2013,subsection: Temporal Validation and Regularization-Path Design,subsec:path_design,"2016--2024 sales and evaluated on the 26,641-sale 2025 sample. \oldtext{These held-out and forward paths are descriptive",a037d14f9f50222a231d3f5e5197482ded8e3e1811c6b652e007155456484886,ALLOWLISTED,DESIGN_CONSTANT,
2025,year_like,SUPPRESSED,2013,subsection: Temporal Validation and Regularization-Path Design,subsec:path_design,"2016--2024 sales and evaluated on the 26,641-sale 2025 sample. \oldtext{These held-out and forward paths are descriptive",a037d14f9f50222a231d3f5e5197482ded8e3e1811c6b652e007155456484886,NOT_RENDERED,SUPPRESSED,
2025,year_like,ACTIVE,2014,subsection: Temporal Validation and Regularization-Path Design,subsec:path_design,"\latesttext{These held-out and forward paths are descriptive. For the v2 lower-tail extension, the augmented grid and it",9c203be70096fa761a969d00e91e27e353b3d62746d49c0205a4018f7b186da8,ALLOWLISTED,DESIGN_CONSTANT,
30,int_small,ACTIVE,2019,subsection: Temporal Validation and Regularization-Path Design,subsec:path_design,30 equal-count sale-price bins and we plot the median valuation ratio in each bin,1619c2c77bfdd3253849f5653f7a58fc571166f4b4d5b674cda5d230b14ef4b7,ALLOWLISTED,DESIGN_CONSTANT,
90,int_small,ACTIVE,2034,subsection: Temporal Validation and Regularization-Path Design,tab:ccao_design,"Development / CV & Oldest 90\% of eligible 2016--2024 sales: 344,607, through 2023-11-09 \\",6592e8d248a9fdaa507e6ab7479a72505b4c28153fb2f3cba71927616377afe9,ALLOWLISTED,DESIGN_CONSTANT,
2016,year_like,ACTIVE,2034,subsection: Temporal Validation and Regularization-Path Design,tab:ccao_design,"Development / CV & Oldest 90\% of eligible 2016--2024 sales: 344,607, through 2023-11-09 \\",6592e8d248a9fdaa507e6ab7479a72505b4c28153fb2f3cba71927616377afe9,ALLOWLISTED,DESIGN_CONSTANT,
2024,year_like,ACTIVE,2034,subsection: Temporal Validation and Regularization-Path Design,tab:ccao_design,"Development / CV & Oldest 90\% of eligible 2016--2024 sales: 344,607, through 2023-11-09 \\",6592e8d248a9fdaa507e6ab7479a72505b4c28153fb2f3cba71927616377afe9,ALLOWLISTED,DESIGN_CONSTANT,
"344,607",int_ge_1000,ACTIVE,2034,subsection: Temporal Validation and Regularization-Path Design,tab:ccao_design,"Development / CV & Oldest 90\% of eligible 2016--2024 sales: 344,607, through 2023-11-09 \\",6592e8d248a9fdaa507e6ab7479a72505b4c28153fb2f3cba71927616377afe9,SOURCED,,N-design-n-development
2023-11-09,date,ACTIVE,2034,subsection: Temporal Validation and Regularization-Path Design,tab:ccao_design,"Development / CV & Oldest 90\% of eligible 2016--2024 sales: 344,607, through 2023-11-09 \\",6592e8d248a9fdaa507e6ab7479a72505b4c28153fb2f3cba71927616377afe9,ALLOWLISTED,DESIGN_CONSTANT,
10,int_small,ACTIVE,2035,subsection: Temporal Validation and Regularization-Path Design,tab:ccao_design,"Primary held-out evaluation & Newest 10\%: 38,290 sales, 2023-11-09--2024-12-31 \\",f6f27ba219c472a79833f291faf88e35b80c8029774ab8a46e04bd6028f84f10,ALLOWLISTED,DESIGN_CONSTANT,
"38,290",int_ge_1000,ACTIVE,2035,subsection: Temporal Validation and Regularization-Path Design,tab:ccao_design,"Primary held-out evaluation & Newest 10\%: 38,290 sales, 2023-11-09--2024-12-31 \\",f6f27ba219c472a79833f291faf88e35b80c8029774ab8a46e04bd6028f84f10,SOURCED,,N-design-n-heldout
2023-11-09,date,ACTIVE,2035,subsection: Temporal Validation and Regularization-Path Design,tab:ccao_design,"Primary held-out evaluation & Newest 10\%: 38,290 sales, 2023-11-09--2024-12-31 \\",f6f27ba219c472a79833f291faf88e35b80c8029774ab8a46e04bd6028f84f10,ALLOWLISTED,DESIGN_CONSTANT,
2024-12-31,date,ACTIVE,2035,subsection: Temporal Validation and Regularization-Path Design,tab:ccao_design,"Primary held-out evaluation & Newest 10\%: 38,290 sales, 2023-11-09--2024-12-31 \\",f6f27ba219c472a79833f291faf88e35b80c8029774ab8a46e04bd6028f84f10,ALLOWLISTED,DESIGN_CONSTANT,
2016,year_like,ACTIVE,2036,subsection: Temporal Validation and Regularization-Path Design,tab:ccao_design,"\newtext{Full 2016--2024 refit sample} & 382,897 eligible 2016--2024 sales \\",37a0410570e941d4866d63aefa0829bbb0f09565a4f108ff9a58d696d6cb7f68,ALLOWLISTED,DESIGN_CONSTANT,
2024,year_like,ACTIVE,2036,subsection: Temporal Validation and Regularization-Path Design,tab:ccao_design,"\newtext{Full 2016--2024 refit sample} & 382,897 eligible 2016--2024 sales \\",37a0410570e941d4866d63aefa0829bbb0f09565a4f108ff9a58d696d6cb7f68,ALLOWLISTED,DESIGN_CONSTANT,
"382,897",int_ge_1000,ACTIVE,2036,subsection: Temporal Validation and Regularization-Path Design,tab:ccao_design,"\newtext{Full 2016--2024 refit sample} & 382,897 eligible 2016--2024 sales \\",37a0410570e941d4866d63aefa0829bbb0f09565a4f108ff9a58d696d6cb7f68,SOURCED,,N-design-n-production_2016_2024
2016,year_like,ACTIVE,2036,subsection: Temporal Validation and Regularization-Path Design,tab:ccao_design,"\newtext{Full 2016--2024 refit sample} & 382,897 eligible 2016--2024 sales \\",37a0410570e941d4866d63aefa0829bbb0f09565a4f108ff9a58d696d6cb7f68,ALLOWLISTED,DESIGN_CONSTANT,
2024,year_like,ACTIVE,2036,subsection: Temporal Validation and Regularization-Path Design,tab:ccao_design,"\newtext{Full 2016--2024 refit sample} & 382,897 eligible 2016--2024 sales \\",37a0410570e941d4866d63aefa0829bbb0f09565a4f108ff9a58d696d6cb7f68,ALLOWLISTED,DESIGN_CONSTANT,
2025,year_like,ACTIVE,2037,subsection: Temporal Validation and Regularization-Path Design,tab:ccao_design,"2025 forward evaluation & 26,641 sales, 2025-01-01--2025-12-29 \\",59934f272f965b4a9d7632e7cb38dc670935b1e73f1f18f8eadabd4d2206985b,ALLOWLISTED,DESIGN_CONSTANT,
"26,641",int_ge_1000,ACTIVE,2037,subsection: Temporal Validation and Regularization-Path Design,tab:ccao_design,"2025 forward evaluation & 26,641 sales, 2025-01-01--2025-12-29 \\",59934f272f965b4a9d7632e7cb38dc670935b1e73f1f18f8eadabd4d2206985b,SOURCED,,N-design-n-forward_2025
2025-01-01,date,ACTIVE,2037,subsection: Temporal Validation and Regularization-Path Design,tab:ccao_design,"2025 forward evaluation & 26,641 sales, 2025-01-01--2025-12-29 \\",59934f272f965b4a9d7632e7cb38dc670935b1e73f1f18f8eadabd4d2206985b,ALLOWLISTED,DESIGN_CONSTANT,
2025-12-29,date,ACTIVE,2037,subsection: Temporal Validation and Regularization-Path Design,tab:ccao_design,"2025 forward evaluation & 26,641 sales, 2025-01-01--2025-12-29 \\",59934f272f965b4a9d7632e7cb38dc670935b1e73f1f18f8eadabd4d2206985b,ALLOWLISTED,DESIGN_CONSTANT,
95,int_small,ACTIVE,2038,subsection: Temporal Validation and Regularization-Path Design,tab:ccao_design,Predictors & 95 total; 23 categorical \\,a996f322452978e69515c327fe001df36c267064c0713ba4ef167eea02e433bd,ALLOWLISTED,DESIGN_CONSTANT,
23,int_small,ACTIVE,2038,subsection: Temporal Validation and Regularization-Path Design,tab:ccao_design,Predictors & 95 total; 23 categorical \\,a996f322452978e69515c327fe001df36c267064c0713ba4ef167eea02e433bd,ALLOWLISTED,DESIGN_CONSTANT,
10,int_small,ACTIVE,2039,subsection: Temporal Validation and Regularization-Path Design,tab:ccao_design,Validation & Seven expanding-window rolling-origin folds; newest 10\% validates \\,b3e5da45c1fb81bcb34ab3cf31226b8e4e0491ad53e1813f92f8d8bd397c1f00,ALLOWLISTED,DESIGN_CONSTANT,
994,int_mid,ACTIVE,2040,subsection: Temporal Validation and Regularization-Path Design,tab:ccao_design,Base nonlinear learner & LightGBM on log sale price; 994 trees; hyperparameters frozen before the penalty sweep \\,3b3c577123a361e94971ea0ddf33e43b77218244b4eebc00007b53ebf2490259,SOURCED,,N-design-n_estimators
82,int_small,ACTIVE,2042,subsection: Temporal Validation and Regularization-Path Design,tab:ccao_design,"Penalty path & \latesttext{82 positive values per family: original 50-point $[0.1,100]$ path plus a 32-point lower-tail ",51a533dc6904d7512f4096feca1c7c430edaee133fcd7b6ba0bbc643fe8c0bf8,ALLOWLISTED,DESIGN_CONSTANT,
50,int_small,ACTIVE,2042,subsection: Temporal Validation and Regularization-Path Design,tab:ccao_design,"Penalty path & \latesttext{82 positive values per family: original 50-point $[0.1,100]$ path plus a 32-point lower-tail ",51a533dc6904d7512f4096feca1c7c430edaee133fcd7b6ba0bbc643fe8c0bf8,ALLOWLISTED,DESIGN_CONSTANT,
32,int_small,ACTIVE,2042,subsection: Temporal Validation and Regularization-Path Design,tab:ccao_design,"Penalty path & \latesttext{82 positive values per family: original 50-point $[0.1,100]$ path plus a 32-point lower-tail ",51a533dc6904d7512f4096feca1c7c430edaee133fcd7b6ba0bbc643fe8c0bf8,ALLOWLISTED,DESIGN_CONSTANT,
0,int_small,COMMENTED,2062,subsection: Models and Comparisons,subsec:comparators,% \textcolor{blue}{\sout{A custom-objective fit at $\rho=0$ is also needed because LightGBM initialization and training ,f23f5cff53688d4defd8321ac8dbe684bd42468277d46578dc3cfac75d710c31,NOT_RENDERED,COMMENTED,
0,int_small,COMMENTED,2064,subsection: Models and Comparisons,subsec:comparators,% \oldtext{The final comparison also includes a custom-objective fit at $\rho=0$. This implementation control separates ,44ca0f84e7130fd22cb8f6163bb145040694535b2b07fa46b4c4d91205c39d71,NOT_RENDERED,COMMENTED,
"1,231,194",int_ge_1000,IFFALSE,2085,subsection: Exploratory Six-County ATTOM Benchmark,subsec:attom_design,"We also run a common ATTOM-derived pipeline in Cook County, IL; Allegheny County, PA; Maricopa County, AZ; King County, ",e47db1a3c1353e5f963bf78bfbcf0714729cb42254bd3179ae3c807129a19c31,NOT_RENDERED,IFFALSE,
"246,241",int_ge_1000,IFFALSE,2085,subsection: Exploratory Six-County ATTOM Benchmark,subsec:attom_design,"We also run a common ATTOM-derived pipeline in Cook County, IL; Allegheny County, PA; Maricopa County, AZ; King County, ",e47db1a3c1353e5f963bf78bfbcf0714729cb42254bd3179ae3c807129a19c31,NOT_RENDERED,IFFALSE,
20,int_small,IFFALSE,2088,subsection: Exploratory Six-County ATTOM Benchmark,subsec:attom_design,"% \oldtext{For each county, eligible recorder transfers are joined to the most recent assessor-history record available ",6a9b69ecfc1471415cc21dc88beef9453ebc368c8d61be68062d8de6f87227c6,NOT_RENDERED,IFFALSE,
0,int_small,IFFALSE,2088,subsection: Exploratory Six-County ATTOM Benchmark,subsec:attom_design,"% \oldtext{For each county, eligible recorder transfers are joined to the most recent assessor-history record available ",6a9b69ecfc1471415cc21dc88beef9453ebc368c8d61be68062d8de6f87227c6,NOT_RENDERED,IFFALSE,
20,int_small,IFFALSE,2090,subsection: Exploratory Six-County ATTOM Benchmark,subsec:attom_design,"\oldtext{For each county, eligible recorder transfers are joined to the most recent assessor-history record available be",9e0dc0364566dbc52ef694d313aea904a6f14bea38d9bc1d37a8c96bd108874b,NOT_RENDERED,IFFALSE,
20,int_small,IFFALSE,2091,subsection: Exploratory Six-County ATTOM Benchmark,subsec:attom_design,"\oldtext{For each county, eligible recorder transfers are joined to the most recent assessor-history record available be",9e0dc0364566dbc52ef694d313aea904a6f14bea38d9bc1d37a8c96bd108874b,NOT_RENDERED,IFFALSE,
20,int_small,IFFALSE,2092,subsection: Exploratory Six-County ATTOM Benchmark,subsec:attom_design,"\newtext{For each county, eligible recorder transfers are joined to the most recent assessor-history record available be",e3deca7c6e9ccfeb2000458d1d80d0ccf3e5271dd28790fa9a261154e4142531,NOT_RENDERED,IFFALSE,
0,int_small,COMMENTED,2103,section: Results,sec:results,% \oldtext{The primary CCAO Results below report three additions to the complete pre-selection analysis: the split-speci,6cfee91f8695fb6ad0319d6a0571319989dc687a9f53497b529dce023d760533,NOT_RENDERED,COMMENTED,
2025,year_like,COMMENTED,2103,section: Results,sec:results,% \oldtext{The primary CCAO Results below report three additions to the complete pre-selection analysis: the split-speci,6cfee91f8695fb6ad0319d6a0571319989dc687a9f53497b529dce023d760533,NOT_RENDERED,COMMENTED,
0,int_small,COMMENTED,2105,section: Results,sec:results,% \oldtext{The primary CCAO Results report the complete Direct and Surrogate regularization paths together with three co,6d3c8a09039535866b5e76add954df25d88181916ebf5ef665e0b828452aaad7,NOT_RENDERED,COMMENTED,
2025,year_like,COMMENTED,2105,section: Results,sec:results,% \oldtext{The primary CCAO Results report the complete Direct and Surrogate regularization paths together with three co,6d3c8a09039535866b5e76add954df25d88181916ebf5ef665e0b828452aaad7,NOT_RENDERED,COMMENTED,
0,int_small,COMMENTED,2106,section: Results,sec:results,% \oldtext{The primary CCAO Results report the complete Direct and Surrogate regularization paths together with two comp,94d17330a3db119524b3e5aaed771114f445c80fe3aef62b383448f6f0f7a9dc,NOT_RENDERED,COMMENTED,
2025,year_like,COMMENTED,2106,section: Results,sec:results,% \oldtext{The primary CCAO Results report the complete Direct and Surrogate regularization paths together with two comp,94d17330a3db119524b3e5aaed771114f445c80fe3aef62b383448f6f0f7a9dc,NOT_RENDERED,COMMENTED,
2025,year_like,COMMENTED,2107,section: Results,sec:results,% \oldtext{The primary CCAO Results report the complete Direct and Surrogate regularization paths together with the fixe,39f72b3354e855049752030787a9d4d8aebfc3334a0bdc99aba42450d8c2de71,NOT_RENDERED,COMMENTED,
2025,year_like,COMMENTED,2108,section: Results,sec:results,% \oldtext{The primary CCAO Results report the complete Direct and Surrogate regularization paths together with the fixe,39f72b3354e855049752030787a9d4d8aebfc3334a0bdc99aba42450d8c2de71,NOT_RENDERED,COMMENTED,
2025,year_like,ACTIVE,2109,section: Results,sec:results,\latesttext{The primary CCAO Results report the complete Direct and Surrogate regularization paths together with the fix,eb569b5171860c8eff1e002ca23112352db2277001820e7903cb0093ce789c1f,ALLOWLISTED,DESIGN_CONSTANT,
2025,year_like,ACTIVE,2120,subsection: Accuracy Alone Does Not Remove the CCAO Ratio Trend,subsec:ccao_baseline_results,comparison on the held-out and 2025 forward samples. Those baseline artifacts are,efafbc404c77451fef3736968a35a23dff06ffa9974bcdf98528991ebe8b64ac,ALLOWLISTED,DESIGN_CONSTANT,
2,int_small,ACTIVE,2121,subsection: Accuracy Alone Does Not Remove the CCAO Ratio Trend,subsec:ccao_baseline_results,regenerated under the corrected metric code and the frozen Section-2 LightGBM,304896329a507ba9e38363f620e150f4b2974c8363b379470586789491e4785d,ALLOWLISTED,MATH_CONSTANT,
0,int_small,COMMENTED,2127,subsection: Accuracy Alone Does Not Remove the CCAO Ratio Trend,subsec:ccao_baseline_results,% \oldtext{A dedicated main-text subsection and table previously reported the $\rho=0$ native/custom implementation chec,9c16acf74f45af373958a242a2e49d1c6d1def0c5fffb8140a744417ce5e17e0,NOT_RENDERED,COMMENTED,
82,int_small,COMMENTED,2143,subsection: What the Final Augmented Regularization Paths Show,subsec:path_results,% \oldtext{Table~\ref{tab:path_anchor_summary} is the compact main-text view. It uses only the prespecified display anch,036830373a671ba87ae6dfc87159172d4b39760746e6d13e620b8a7b2690072c,NOT_RENDERED,COMMENTED,
82,int_small,COMMENTED,2144,subsection: What the Final Augmented Regularization Paths Show,subsec:path_results,% \oldtext{Table~\ref{tab:path_anchor_summary} is the compact main-text view of prediction and assessor-facing vertical ,7249d363fbe61c3fce1a39fea128dc885244b9d764a24e57812ed5d6bf99b655,NOT_RENDERED,COMMENTED,
82,int_small,ACTIVE,2145,subsection: What the Final Augmented Regularization Paths Show,subsec:path_results,\latesttext{Table~\ref{tab:path_anchor_summary} is the compact main-text view of prediction and assessor-facing vertical,8385bffa232dfbefee4062d3f3d64806f10c67fc4183dceb730fea1766b33ecb,ALLOWLISTED,DESIGN_CONSTANT,
2,int_small,COMMENTED,2155,subsection: What the Final Augmented Regularization Paths Show,tab:path_anchor_summary,% Family & $\rho$ & $R^2_P$ & MAE & PRD & PRB & MKI & VEI & $\beta_{\log}$ & dCor \\,ece439d0cff80513ee7686f6bd0a637caa87a68adfd6969aadc5b08bf1b83b38,NOT_RENDERED,COMMENTED,
0.894,decimal,COMMENTED,2158,subsection: What the Final Augmented Regularization Paths Show,tab:path_anchor_summary,"% Ordinary LightGBM & -- & 0.894 & \$75,655 & 1.069 & -0.091 & 0.923 & -26.5\% & -0.150 & 0.387 \\",b77e875c275af9049138bbccff3a0d0181da9b31e33f947925d39ec0477bcd63,NOT_RENDERED,COMMENTED,
"75,655",int_ge_1000,COMMENTED,2158,subsection: What the Final Augmented Regularization Paths Show,tab:path_anchor_summary,"% Ordinary LightGBM & -- & 0.894 & \$75,655 & 1.069 & -0.091 & 0.923 & -26.5\% & -0.150 & 0.387 \\",b77e875c275af9049138bbccff3a0d0181da9b31e33f947925d39ec0477bcd63,NOT_RENDERED,COMMENTED,
1.069,decimal,COMMENTED,2158,subsection: What the Final Augmented Regularization Paths Show,tab:path_anchor_summary,"% Ordinary LightGBM & -- & 0.894 & \$75,655 & 1.069 & -0.091 & 0.923 & -26.5\% & -0.150 & 0.387 \\",b77e875c275af9049138bbccff3a0d0181da9b31e33f947925d39ec0477bcd63,NOT_RENDERED,COMMENTED,
0.091,decimal,COMMENTED,2158,subsection: What the Final Augmented Regularization Paths Show,tab:path_anchor_summary,"% Ordinary LightGBM & -- & 0.894 & \$75,655 & 1.069 & -0.091 & 0.923 & -26.5\% & -0.150 & 0.387 \\",b77e875c275af9049138bbccff3a0d0181da9b31e33f947925d39ec0477bcd63,NOT_RENDERED,COMMENTED,
0.923,decimal,COMMENTED,2158,subsection: What the Final Augmented Regularization Paths Show,tab:path_anchor_summary,"% Ordinary LightGBM & -- & 0.894 & \$75,655 & 1.069 & -0.091 & 0.923 & -26.5\% & -0.150 & 0.387 \\",b77e875c275af9049138bbccff3a0d0181da9b31e33f947925d39ec0477bcd63,NOT_RENDERED,COMMENTED,
26.5,decimal,COMMENTED,2158,subsection: What the Final Augmented Regularization Paths Show,tab:path_anchor_summary,"% Ordinary LightGBM & -- & 0.894 & \$75,655 & 1.069 & -0.091 & 0.923 & -26.5\% & -0.150 & 0.387 \\",b77e875c275af9049138bbccff3a0d0181da9b31e33f947925d39ec0477bcd63,NOT_RENDERED,COMMENTED,
0.150,decimal,COMMENTED,2158,subsection: What the Final Augmented Regularization Paths Show,tab:path_anchor_summary,"% Ordinary LightGBM & -- & 0.894 & \$75,655 & 1.069 & -0.091 & 0.923 & -26.5\% & -0.150 & 0.387 \\",b77e875c275af9049138bbccff3a0d0181da9b31e33f947925d39ec0477bcd63,NOT_RENDERED,COMMENTED,
0.387,decimal,COMMENTED,2158,subsection: What the Final Augmented Regularization Paths Show,tab:path_anchor_summary,"% Ordinary LightGBM & -- & 0.894 & \$75,655 & 1.069 & -0.091 & 0.923 & -26.5\% & -0.150 & 0.387 \\",b77e875c275af9049138bbccff3a0d0181da9b31e33f947925d39ec0477bcd63,NOT_RENDERED,COMMENTED,
0,int_small,COMMENTED,2159,subsection: What the Final Augmented Regularization Paths Show,tab:path_anchor_summary,"% Direct & 0 & 0.893 & \$75,976 & 1.069 & -0.088 & 0.923 & -26.2\% & -0.147 & 0.382 \\",537d17e8e29365ca3a4285e7833bb98b3f26fe48da7932b3dd1479113082579a,NOT_RENDERED,COMMENTED,
0.893,decimal,COMMENTED,2159,subsection: What the Final Augmented Regularization Paths Show,tab:path_anchor_summary,"% Direct & 0 & 0.893 & \$75,976 & 1.069 & -0.088 & 0.923 & -26.2\% & -0.147 & 0.382 \\",537d17e8e29365ca3a4285e7833bb98b3f26fe48da7932b3dd1479113082579a,NOT_RENDERED,COMMENTED,
"75,976",int_ge_1000,COMMENTED,2159,subsection: What the Final Augmented Regularization Paths Show,tab:path_anchor_summary,"% Direct & 0 & 0.893 & \$75,976 & 1.069 & -0.088 & 0.923 & -26.2\% & -0.147 & 0.382 \\",537d17e8e29365ca3a4285e7833bb98b3f26fe48da7932b3dd1479113082579a,NOT_RENDERED,COMMENTED,
1.069,decimal,COMMENTED,2159,subsection: What the Final Augmented Regularization Paths Show,tab:path_anchor_summary,"% Direct & 0 & 0.893 & \$75,976 & 1.069 & -0.088 & 0.923 & -26.2\% & -0.147 & 0.382 \\",537d17e8e29365ca3a4285e7833bb98b3f26fe48da7932b3dd1479113082579a,NOT_RENDERED,COMMENTED,
0.088,decimal,COMMENTED,2159,subsection: What the Final Augmented Regularization Paths Show,tab:path_anchor_summary,"% Direct & 0 & 0.893 & \$75,976 & 1.069 & -0.088 & 0.923 & -26.2\% & -0.147 & 0.382 \\",537d17e8e29365ca3a4285e7833bb98b3f26fe48da7932b3dd1479113082579a,NOT_RENDERED,COMMENTED,
0.923,decimal,COMMENTED,2159,subsection: What the Final Augmented Regularization Paths Show,tab:path_anchor_summary,"% Direct & 0 & 0.893 & \$75,976 & 1.069 & -0.088 & 0.923 & -26.2\% & -0.147 & 0.382 \\",537d17e8e29365ca3a4285e7833bb98b3f26fe48da7932b3dd1479113082579a,NOT_RENDERED,COMMENTED,
26.2,decimal,COMMENTED,2159,subsection: What the Final Augmented Regularization Paths Show,tab:path_anchor_summary,"% Direct & 0 & 0.893 & \$75,976 & 1.069 & -0.088 & 0.923 & -26.2\% & -0.147 & 0.382 \\",537d17e8e29365ca3a4285e7833bb98b3f26fe48da7932b3dd1479113082579a,NOT_RENDERED,COMMENTED,
0.147,decimal,COMMENTED,2159,subsection: What the Final Augmented Regularization Paths Show,tab:path_anchor_summary,"% Direct & 0 & 0.893 & \$75,976 & 1.069 & -0.088 & 0.923 & -26.2\% & -0.147 & 0.382 \\",537d17e8e29365ca3a4285e7833bb98b3f26fe48da7932b3dd1479113082579a,NOT_RENDERED,COMMENTED,
0.382,decimal,COMMENTED,2159,subsection: What the Final Augmented Regularization Paths Show,tab:path_anchor_summary,"% Direct & 0 & 0.893 & \$75,976 & 1.069 & -0.088 & 0.923 & -26.2\% & -0.147 & 0.382 \\",537d17e8e29365ca3a4285e7833bb98b3f26fe48da7932b3dd1479113082579a,NOT_RENDERED,COMMENTED,
0.894,decimal,COMMENTED,2160,subsection: What the Final Augmented Regularization Paths Show,tab:path_anchor_summary,"% Direct & $\approx0.1$ & 0.894 & \$76,235 & 1.068 & -0.088 & 0.926 & -27.0\% & -0.147 & 0.382 \\",8e775a855f8e7ad9fe11cbfbdc285e1fecd474596ca4b067896ec2b411ccbd3e,NOT_RENDERED,COMMENTED,
"76,235",int_ge_1000,COMMENTED,2160,subsection: What the Final Augmented Regularization Paths Show,tab:path_anchor_summary,"% Direct & $\approx0.1$ & 0.894 & \$76,235 & 1.068 & -0.088 & 0.926 & -27.0\% & -0.147 & 0.382 \\",8e775a855f8e7ad9fe11cbfbdc285e1fecd474596ca4b067896ec2b411ccbd3e,NOT_RENDERED,COMMENTED,
1.068,decimal,COMMENTED,2160,subsection: What the Final Augmented Regularization Paths Show,tab:path_anchor_summary,"% Direct & $\approx0.1$ & 0.894 & \$76,235 & 1.068 & -0.088 & 0.926 & -27.0\% & -0.147 & 0.382 \\",8e775a855f8e7ad9fe11cbfbdc285e1fecd474596ca4b067896ec2b411ccbd3e,NOT_RENDERED,COMMENTED,
0.088,decimal,COMMENTED,2160,subsection: What the Final Augmented Regularization Paths Show,tab:path_anchor_summary,"% Direct & $\approx0.1$ & 0.894 & \$76,235 & 1.068 & -0.088 & 0.926 & -27.0\% & -0.147 & 0.382 \\",8e775a855f8e7ad9fe11cbfbdc285e1fecd474596ca4b067896ec2b411ccbd3e,NOT_RENDERED,COMMENTED,
0.926,decimal,COMMENTED,2160,subsection: What the Final Augmented Regularization Paths Show,tab:path_anchor_summary,"% Direct & $\approx0.1$ & 0.894 & \$76,235 & 1.068 & -0.088 & 0.926 & -27.0\% & -0.147 & 0.382 \\",8e775a855f8e7ad9fe11cbfbdc285e1fecd474596ca4b067896ec2b411ccbd3e,NOT_RENDERED,COMMENTED,
27.0,decimal,COMMENTED,2160,subsection: What the Final Augmented Regularization Paths Show,tab:path_anchor_summary,"% Direct & $\approx0.1$ & 0.894 & \$76,235 & 1.068 & -0.088 & 0.926 & -27.0\% & -0.147 & 0.382 \\",8e775a855f8e7ad9fe11cbfbdc285e1fecd474596ca4b067896ec2b411ccbd3e,NOT_RENDERED,COMMENTED,
0.147,decimal,COMMENTED,2160,subsection: What the Final Augmented Regularization Paths Show,tab:path_anchor_summary,"% Direct & $\approx0.1$ & 0.894 & \$76,235 & 1.068 & -0.088 & 0.926 & -27.0\% & -0.147 & 0.382 \\",8e775a855f8e7ad9fe11cbfbdc285e1fecd474596ca4b067896ec2b411ccbd3e,NOT_RENDERED,COMMENTED,
0.382,decimal,COMMENTED,2160,subsection: What the Final Augmented Regularization Paths Show,tab:path_anchor_summary,"% Direct & $\approx0.1$ & 0.894 & \$76,235 & 1.068 & -0.088 & 0.926 & -27.0\% & -0.147 & 0.382 \\",8e775a855f8e7ad9fe11cbfbdc285e1fecd474596ca4b067896ec2b411ccbd3e,NOT_RENDERED,COMMENTED,
0.899,decimal,COMMENTED,2161,subsection: What the Final Augmented Regularization Paths Show,tab:path_anchor_summary,"% Direct & $\approx0.954$ & 0.899 & \$74,485 & 1.060 & -0.075 & 0.940 & -21.9\% & -0.134 & 0.359 \\",c047bd4288491e6ae8d1b800ec33073faf3a60622df55082f3fb0640a4815ec7,NOT_RENDERED,COMMENTED,
"74,485",int_ge_1000,COMMENTED,2161,subsection: What the Final Augmented Regularization Paths Show,tab:path_anchor_summary,"% Direct & $\approx0.954$ & 0.899 & \$74,485 & 1.060 & -0.075 & 0.940 & -21.9\% & -0.134 & 0.359 \\",c047bd4288491e6ae8d1b800ec33073faf3a60622df55082f3fb0640a4815ec7,NOT_RENDERED,COMMENTED,
1.060,decimal,COMMENTED,2161,subsection: What the Final Augmented Regularization Paths Show,tab:path_anchor_summary,"% Direct & $\approx0.954$ & 0.899 & \$74,485 & 1.060 & -0.075 & 0.940 & -21.9\% & -0.134 & 0.359 \\",c047bd4288491e6ae8d1b800ec33073faf3a60622df55082f3fb0640a4815ec7,NOT_RENDERED,COMMENTED,
0.075,decimal,COMMENTED,2161,subsection: What the Final Augmented Regularization Paths Show,tab:path_anchor_summary,"% Direct & $\approx0.954$ & 0.899 & \$74,485 & 1.060 & -0.075 & 0.940 & -21.9\% & -0.134 & 0.359 \\",c047bd4288491e6ae8d1b800ec33073faf3a60622df55082f3fb0640a4815ec7,NOT_RENDERED,COMMENTED,
0.940,decimal,COMMENTED,2161,subsection: What the Final Augmented Regularization Paths Show,tab:path_anchor_summary,"% Direct & $\approx0.954$ & 0.899 & \$74,485 & 1.060 & -0.075 & 0.940 & -21.9\% & -0.134 & 0.359 \\",c047bd4288491e6ae8d1b800ec33073faf3a60622df55082f3fb0640a4815ec7,NOT_RENDERED,COMMENTED,
21.9,decimal,COMMENTED,2161,subsection: What the Final Augmented Regularization Paths Show,tab:path_anchor_summary,"% Direct & $\approx0.954$ & 0.899 & \$74,485 & 1.060 & -0.075 & 0.940 & -21.9\% & -0.134 & 0.359 \\",c047bd4288491e6ae8d1b800ec33073faf3a60622df55082f3fb0640a4815ec7,NOT_RENDERED,COMMENTED,
0.134,decimal,COMMENTED,2161,subsection: What the Final Augmented Regularization Paths Show,tab:path_anchor_summary,"% Direct & $\approx0.954$ & 0.899 & \$74,485 & 1.060 & -0.075 & 0.940 & -21.9\% & -0.134 & 0.359 \\",c047bd4288491e6ae8d1b800ec33073faf3a60622df55082f3fb0640a4815ec7,NOT_RENDERED,COMMENTED,
0.359,decimal,COMMENTED,2161,subsection: What the Final Augmented Regularization Paths Show,tab:path_anchor_summary,"% Direct & $\approx0.954$ & 0.899 & \$74,485 & 1.060 & -0.075 & 0.940 & -21.9\% & -0.134 & 0.359 \\",c047bd4288491e6ae8d1b800ec33073faf3a60622df55082f3fb0640a4815ec7,NOT_RENDERED,COMMENTED,
0.895,decimal,COMMENTED,2162,subsection: What the Final Augmented Regularization Paths Show,tab:path_anchor_summary,"% Direct & $\approx10.481$ & 0.895 & \$75,218 & 1.036 & -0.040 & 0.984 & -10.5\% & -0.096 & 0.302 \\",fd9b5269f26320f41105873ad9df8ed18b3807ffa0630195a36e25f1da74e0e8,NOT_RENDERED,COMMENTED,
"75,218",int_ge_1000,COMMENTED,2162,subsection: What the Final Augmented Regularization Paths Show,tab:path_anchor_summary,"% Direct & $\approx10.481$ & 0.895 & \$75,218 & 1.036 & -0.040 & 0.984 & -10.5\% & -0.096 & 0.302 \\",fd9b5269f26320f41105873ad9df8ed18b3807ffa0630195a36e25f1da74e0e8,NOT_RENDERED,COMMENTED,
1.036,decimal,COMMENTED,2162,subsection: What the Final Augmented Regularization Paths Show,tab:path_anchor_summary,"% Direct & $\approx10.481$ & 0.895 & \$75,218 & 1.036 & -0.040 & 0.984 & -10.5\% & -0.096 & 0.302 \\",fd9b5269f26320f41105873ad9df8ed18b3807ffa0630195a36e25f1da74e0e8,NOT_RENDERED,COMMENTED,
0.040,decimal,COMMENTED,2162,subsection: What the Final Augmented Regularization Paths Show,tab:path_anchor_summary,"% Direct & $\approx10.481$ & 0.895 & \$75,218 & 1.036 & -0.040 & 0.984 & -10.5\% & -0.096 & 0.302 \\",fd9b5269f26320f41105873ad9df8ed18b3807ffa0630195a36e25f1da74e0e8,NOT_RENDERED,COMMENTED,
0.984,decimal,COMMENTED,2162,subsection: What the Final Augmented Regularization Paths Show,tab:path_anchor_summary,"% Direct & $\approx10.481$ & 0.895 & \$75,218 & 1.036 & -0.040 & 0.984 & -10.5\% & -0.096 & 0.302 \\",fd9b5269f26320f41105873ad9df8ed18b3807ffa0630195a36e25f1da74e0e8,NOT_RENDERED,COMMENTED,
10.5,decimal,COMMENTED,2162,subsection: What the Final Augmented Regularization Paths Show,tab:path_anchor_summary,"% Direct & $\approx10.481$ & 0.895 & \$75,218 & 1.036 & -0.040 & 0.984 & -10.5\% & -0.096 & 0.302 \\",fd9b5269f26320f41105873ad9df8ed18b3807ffa0630195a36e25f1da74e0e8,NOT_RENDERED,COMMENTED,
0.096,decimal,COMMENTED,2162,subsection: What the Final Augmented Regularization Paths Show,tab:path_anchor_summary,"% Direct & $\approx10.481$ & 0.895 & \$75,218 & 1.036 & -0.040 & 0.984 & -10.5\% & -0.096 & 0.302 \\",fd9b5269f26320f41105873ad9df8ed18b3807ffa0630195a36e25f1da74e0e8,NOT_RENDERED,COMMENTED,
0.302,decimal,COMMENTED,2162,subsection: What the Final Augmented Regularization Paths Show,tab:path_anchor_summary,"% Direct & $\approx10.481$ & 0.895 & \$75,218 & 1.036 & -0.040 & 0.984 & -10.5\% & -0.096 & 0.302 \\",fd9b5269f26320f41105873ad9df8ed18b3807ffa0630195a36e25f1da74e0e8,NOT_RENDERED,COMMENTED,
100,int_mid,COMMENTED,2163,subsection: What the Final Augmented Regularization Paths Show,tab:path_anchor_summary,"% Direct & 100 & 0.869 & \$84,918 & 1.029 & -0.015 & 0.998 & 0.7\% & -0.079 & 0.265 \\",6e3f4e79cd901638f9d7996a4197b63248f1cbc27e696e9170c41ca6994b2b0c,NOT_RENDERED,COMMENTED,
0.869,decimal,COMMENTED,2163,subsection: What the Final Augmented Regularization Paths Show,tab:path_anchor_summary,"% Direct & 100 & 0.869 & \$84,918 & 1.029 & -0.015 & 0.998 & 0.7\% & -0.079 & 0.265 \\",6e3f4e79cd901638f9d7996a4197b63248f1cbc27e696e9170c41ca6994b2b0c,NOT_RENDERED,COMMENTED,
"84,918",int_ge_1000,COMMENTED,2163,subsection: What the Final Augmented Regularization Paths Show,tab:path_anchor_summary,"% Direct & 100 & 0.869 & \$84,918 & 1.029 & -0.015 & 0.998 & 0.7\% & -0.079 & 0.265 \\",6e3f4e79cd901638f9d7996a4197b63248f1cbc27e696e9170c41ca6994b2b0c,NOT_RENDERED,COMMENTED,
1.029,decimal,COMMENTED,2163,subsection: What the Final Augmented Regularization Paths Show,tab:path_anchor_summary,"% Direct & 100 & 0.869 & \$84,918 & 1.029 & -0.015 & 0.998 & 0.7\% & -0.079 & 0.265 \\",6e3f4e79cd901638f9d7996a4197b63248f1cbc27e696e9170c41ca6994b2b0c,NOT_RENDERED,COMMENTED,
0.015,decimal,COMMENTED,2163,subsection: What the Final Augmented Regularization Paths Show,tab:path_anchor_summary,"% Direct & 100 & 0.869 & \$84,918 & 1.029 & -0.015 & 0.998 & 0.7\% & -0.079 & 0.265 \\",6e3f4e79cd901638f9d7996a4197b63248f1cbc27e696e9170c41ca6994b2b0c,NOT_RENDERED,COMMENTED,
0.998,decimal,COMMENTED,2163,subsection: What the Final Augmented Regularization Paths Show,tab:path_anchor_summary,"% Direct & 100 & 0.869 & \$84,918 & 1.029 & -0.015 & 0.998 & 0.7\% & -0.079 & 0.265 \\",6e3f4e79cd901638f9d7996a4197b63248f1cbc27e696e9170c41ca6994b2b0c,NOT_RENDERED,COMMENTED,
0.7,decimal,COMMENTED,2163,subsection: What the Final Augmented Regularization Paths Show,tab:path_anchor_summary,"% Direct & 100 & 0.869 & \$84,918 & 1.029 & -0.015 & 0.998 & 0.7\% & -0.079 & 0.265 \\",6e3f4e79cd901638f9d7996a4197b63248f1cbc27e696e9170c41ca6994b2b0c,NOT_RENDERED,COMMENTED,
0.079,decimal,COMMENTED,2163,subsection: What the Final Augmented Regularization Paths Show,tab:path_anchor_summary,"% Direct & 100 & 0.869 & \$84,918 & 1.029 & -0.015 & 0.998 & 0.7\% & -0.079 & 0.265 \\",6e3f4e79cd901638f9d7996a4197b63248f1cbc27e696e9170c41ca6994b2b0c,NOT_RENDERED,COMMENTED,
0.265,decimal,COMMENTED,2163,subsection: What the Final Augmented Regularization Paths Show,tab:path_anchor_summary,"% Direct & 100 & 0.869 & \$84,918 & 1.029 & -0.015 & 0.998 & 0.7\% & -0.079 & 0.265 \\",6e3f4e79cd901638f9d7996a4197b63248f1cbc27e696e9170c41ca6994b2b0c,NOT_RENDERED,COMMENTED,
0,int_small,COMMENTED,2164,subsection: What the Final Augmented Regularization Paths Show,tab:path_anchor_summary,"% Surrogate & 0 & 0.893 & \$75,976 & 1.069 & -0.088 & 0.923 & -26.2\% & -0.147 & 0.382 \\",b4a780434dd26996d129340f4519bc9ba14837d644339d3c74a479b174dd6f55,NOT_RENDERED,COMMENTED,
0.893,decimal,COMMENTED,2164,subsection: What the Final Augmented Regularization Paths Show,tab:path_anchor_summary,"% Surrogate & 0 & 0.893 & \$75,976 & 1.069 & -0.088 & 0.923 & -26.2\% & -0.147 & 0.382 \\",b4a780434dd26996d129340f4519bc9ba14837d644339d3c74a479b174dd6f55,NOT_RENDERED,COMMENTED,
"75,976",int_ge_1000,COMMENTED,2164,subsection: What the Final Augmented Regularization Paths Show,tab:path_anchor_summary,"% Surrogate & 0 & 0.893 & \$75,976 & 1.069 & -0.088 & 0.923 & -26.2\% & -0.147 & 0.382 \\",b4a780434dd26996d129340f4519bc9ba14837d644339d3c74a479b174dd6f55,NOT_RENDERED,COMMENTED,
1.069,decimal,COMMENTED,2164,subsection: What the Final Augmented Regularization Paths Show,tab:path_anchor_summary,"% Surrogate & 0 & 0.893 & \$75,976 & 1.069 & -0.088 & 0.923 & -26.2\% & -0.147 & 0.382 \\",b4a780434dd26996d129340f4519bc9ba14837d644339d3c74a479b174dd6f55,NOT_RENDERED,COMMENTED,
0.088,decimal,COMMENTED,2164,subsection: What the Final Augmented Regularization Paths Show,tab:path_anchor_summary,"% Surrogate & 0 & 0.893 & \$75,976 & 1.069 & -0.088 & 0.923 & -26.2\% & -0.147 & 0.382 \\",b4a780434dd26996d129340f4519bc9ba14837d644339d3c74a479b174dd6f55,NOT_RENDERED,COMMENTED,
0.923,decimal,COMMENTED,2164,subsection: What the Final Augmented Regularization Paths Show,tab:path_anchor_summary,"% Surrogate & 0 & 0.893 & \$75,976 & 1.069 & -0.088 & 0.923 & -26.2\% & -0.147 & 0.382 \\",b4a780434dd26996d129340f4519bc9ba14837d644339d3c74a479b174dd6f55,NOT_RENDERED,COMMENTED,
26.2,decimal,COMMENTED,2164,subsection: What the Final Augmented Regularization Paths Show,tab:path_anchor_summary,"% Surrogate & 0 & 0.893 & \$75,976 & 1.069 & -0.088 & 0.923 & -26.2\% & -0.147 & 0.382 \\",b4a780434dd26996d129340f4519bc9ba14837d644339d3c74a479b174dd6f55,NOT_RENDERED,COMMENTED,
0.147,decimal,COMMENTED,2164,subsection: What the Final Augmented Regularization Paths Show,tab:path_anchor_summary,"% Surrogate & 0 & 0.893 & \$75,976 & 1.069 & -0.088 & 0.923 & -26.2\% & -0.147 & 0.382 \\",b4a780434dd26996d129340f4519bc9ba14837d644339d3c74a479b174dd6f55,NOT_RENDERED,COMMENTED,
0.382,decimal,COMMENTED,2164,subsection: What the Final Augmented Regularization Paths Show,tab:path_anchor_summary,"% Surrogate & 0 & 0.893 & \$75,976 & 1.069 & -0.088 & 0.923 & -26.2\% & -0.147 & 0.382 \\",b4a780434dd26996d129340f4519bc9ba14837d644339d3c74a479b174dd6f55,NOT_RENDERED,COMMENTED,
0.894,decimal,COMMENTED,2165,subsection: What the Final Augmented Regularization Paths Show,tab:path_anchor_summary,"% Surrogate & $\approx0.1$ & 0.894 & \$75,897 & 1.064 & -0.079 & 0.931 & -22.7\% & -0.138 & 0.367 \\",f50c8b7d0ba404c8def4e02dc982ffe35854858c519ec116a5af71791d93a895,NOT_RENDERED,COMMENTED,
"75,897",int_ge_1000,COMMENTED,2165,subsection: What the Final Augmented Regularization Paths Show,tab:path_anchor_summary,"% Surrogate & $\approx0.1$ & 0.894 & \$75,897 & 1.064 & -0.079 & 0.931 & -22.7\% & -0.138 & 0.367 \\",f50c8b7d0ba404c8def4e02dc982ffe35854858c519ec116a5af71791d93a895,NOT_RENDERED,COMMENTED,
1.064,decimal,COMMENTED,2165,subsection: What the Final Augmented Regularization Paths Show,tab:path_anchor_summary,"% Surrogate & $\approx0.1$ & 0.894 & \$75,897 & 1.064 & -0.079 & 0.931 & -22.7\% & -0.138 & 0.367 \\",f50c8b7d0ba404c8def4e02dc982ffe35854858c519ec116a5af71791d93a895,NOT_RENDERED,COMMENTED,
0.079,decimal,COMMENTED,2165,subsection: What the Final Augmented Regularization Paths Show,tab:path_anchor_summary,"% Surrogate & $\approx0.1$ & 0.894 & \$75,897 & 1.064 & -0.079 & 0.931 & -22.7\% & -0.138 & 0.367 \\",f50c8b7d0ba404c8def4e02dc982ffe35854858c519ec116a5af71791d93a895,NOT_RENDERED,COMMENTED,
0.931,decimal,COMMENTED,2165,subsection: What the Final Augmented Regularization Paths Show,tab:path_anchor_summary,"% Surrogate & $\approx0.1$ & 0.894 & \$75,897 & 1.064 & -0.079 & 0.931 & -22.7\% & -0.138 & 0.367 \\",f50c8b7d0ba404c8def4e02dc982ffe35854858c519ec116a5af71791d93a895,NOT_RENDERED,COMMENTED,
22.7,decimal,COMMENTED,2165,subsection: What the Final Augmented Regularization Paths Show,tab:path_anchor_summary,"% Surrogate & $\approx0.1$ & 0.894 & \$75,897 & 1.064 & -0.079 & 0.931 & -22.7\% & -0.138 & 0.367 \\",f50c8b7d0ba404c8def4e02dc982ffe35854858c519ec116a5af71791d93a895,NOT_RENDERED,COMMENTED,
0.138,decimal,COMMENTED,2165,subsection: What the Final Augmented Regularization Paths Show,tab:path_anchor_summary,"% Surrogate & $\approx0.1$ & 0.894 & \$75,897 & 1.064 & -0.079 & 0.931 & -22.7\% & -0.138 & 0.367 \\",f50c8b7d0ba404c8def4e02dc982ffe35854858c519ec116a5af71791d93a895,NOT_RENDERED,COMMENTED,
0.367,decimal,COMMENTED,2165,subsection: What the Final Augmented Regularization Paths Show,tab:path_anchor_summary,"% Surrogate & $\approx0.1$ & 0.894 & \$75,897 & 1.064 & -0.079 & 0.931 & -22.7\% & -0.138 & 0.367 \\",f50c8b7d0ba404c8def4e02dc982ffe35854858c519ec116a5af71791d93a895,NOT_RENDERED,COMMENTED,
0.897,decimal,COMMENTED,2166,subsection: What the Final Augmented Regularization Paths Show,tab:path_anchor_summary,"% Surrogate & $\approx0.954$ & 0.897 & \$75,468 & 1.049 & -0.045 & 0.953 & -12.6\% & -0.102 & 0.310 \\",fdea7d190e61b6456cf82d6874443fbfeba95a6ba9b04a8367c9a6dcc61d1143,NOT_RENDERED,COMMENTED,
"75,468",int_ge_1000,COMMENTED,2166,subsection: What the Final Augmented Regularization Paths Show,tab:path_anchor_summary,"% Surrogate & $\approx0.954$ & 0.897 & \$75,468 & 1.049 & -0.045 & 0.953 & -12.6\% & -0.102 & 0.310 \\",fdea7d190e61b6456cf82d6874443fbfeba95a6ba9b04a8367c9a6dcc61d1143,NOT_RENDERED,COMMENTED,
1.049,decimal,COMMENTED,2166,subsection: What the Final Augmented Regularization Paths Show,tab:path_anchor_summary,"% Surrogate & $\approx0.954$ & 0.897 & \$75,468 & 1.049 & -0.045 & 0.953 & -12.6\% & -0.102 & 0.310 \\",fdea7d190e61b6456cf82d6874443fbfeba95a6ba9b04a8367c9a6dcc61d1143,NOT_RENDERED,COMMENTED,
0.045,decimal,COMMENTED,2166,subsection: What the Final Augmented Regularization Paths Show,tab:path_anchor_summary,"% Surrogate & $\approx0.954$ & 0.897 & \$75,468 & 1.049 & -0.045 & 0.953 & -12.6\% & -0.102 & 0.310 \\",fdea7d190e61b6456cf82d6874443fbfeba95a6ba9b04a8367c9a6dcc61d1143,NOT_RENDERED,COMMENTED,
0.953,decimal,COMMENTED,2166,subsection: What the Final Augmented Regularization Paths Show,tab:path_anchor_summary,"% Surrogate & $\approx0.954$ & 0.897 & \$75,468 & 1.049 & -0.045 & 0.953 & -12.6\% & -0.102 & 0.310 \\",fdea7d190e61b6456cf82d6874443fbfeba95a6ba9b04a8367c9a6dcc61d1143,NOT_RENDERED,COMMENTED,
12.6,decimal,COMMENTED,2166,subsection: What the Final Augmented Regularization Paths Show,tab:path_anchor_summary,"% Surrogate & $\approx0.954$ & 0.897 & \$75,468 & 1.049 & -0.045 & 0.953 & -12.6\% & -0.102 & 0.310 \\",fdea7d190e61b6456cf82d6874443fbfeba95a6ba9b04a8367c9a6dcc61d1143,NOT_RENDERED,COMMENTED,
0.102,decimal,COMMENTED,2166,subsection: What the Final Augmented Regularization Paths Show,tab:path_anchor_summary,"% Surrogate & $\approx0.954$ & 0.897 & \$75,468 & 1.049 & -0.045 & 0.953 & -12.6\% & -0.102 & 0.310 \\",fdea7d190e61b6456cf82d6874443fbfeba95a6ba9b04a8367c9a6dcc61d1143,NOT_RENDERED,COMMENTED,
0.310,decimal,COMMENTED,2166,subsection: What the Final Augmented Regularization Paths Show,tab:path_anchor_summary,"% Surrogate & $\approx0.954$ & 0.897 & \$75,468 & 1.049 & -0.045 & 0.953 & -12.6\% & -0.102 & 0.310 \\",fdea7d190e61b6456cf82d6874443fbfeba95a6ba9b04a8367c9a6dcc61d1143,NOT_RENDERED,COMMENTED,
0.893,decimal,COMMENTED,2167,subsection: What the Final Augmented Regularization Paths Show,tab:path_anchor_summary,"% Surrogate & $\approx10.481$ & 0.893 & \$78,110 & 1.024 & 0.013 & 0.988 & 0.2\% & -0.036 & 0.250 \\",6c9037772d60cc737d42367b9faecf978d617b0a9225cd7e3ab1f9a6c88bcb52,NOT_RENDERED,COMMENTED,
"78,110",int_ge_1000,COMMENTED,2167,subsection: What the Final Augmented Regularization Paths Show,tab:path_anchor_summary,"% Surrogate & $\approx10.481$ & 0.893 & \$78,110 & 1.024 & 0.013 & 0.988 & 0.2\% & -0.036 & 0.250 \\",6c9037772d60cc737d42367b9faecf978d617b0a9225cd7e3ab1f9a6c88bcb52,NOT_RENDERED,COMMENTED,
1.024,decimal,COMMENTED,2167,subsection: What the Final Augmented Regularization Paths Show,tab:path_anchor_summary,"% Surrogate & $\approx10.481$ & 0.893 & \$78,110 & 1.024 & 0.013 & 0.988 & 0.2\% & -0.036 & 0.250 \\",6c9037772d60cc737d42367b9faecf978d617b0a9225cd7e3ab1f9a6c88bcb52,NOT_RENDERED,COMMENTED,
0.013,decimal,COMMENTED,2167,subsection: What the Final Augmented Regularization Paths Show,tab:path_anchor_summary,"% Surrogate & $\approx10.481$ & 0.893 & \$78,110 & 1.024 & 0.013 & 0.988 & 0.2\% & -0.036 & 0.250 \\",6c9037772d60cc737d42367b9faecf978d617b0a9225cd7e3ab1f9a6c88bcb52,NOT_RENDERED,COMMENTED,
0.988,decimal,COMMENTED,2167,subsection: What the Final Augmented Regularization Paths Show,tab:path_anchor_summary,"% Surrogate & $\approx10.481$ & 0.893 & \$78,110 & 1.024 & 0.013 & 0.988 & 0.2\% & -0.036 & 0.250 \\",6c9037772d60cc737d42367b9faecf978d617b0a9225cd7e3ab1f9a6c88bcb52,NOT_RENDERED,COMMENTED,
0.2,decimal,COMMENTED,2167,subsection: What the Final Augmented Regularization Paths Show,tab:path_anchor_summary,"% Surrogate & $\approx10.481$ & 0.893 & \$78,110 & 1.024 & 0.013 & 0.988 & 0.2\% & -0.036 & 0.250 \\",6c9037772d60cc737d42367b9faecf978d617b0a9225cd7e3ab1f9a6c88bcb52,NOT_RENDERED,COMMENTED,
0.036,decimal,COMMENTED,2167,subsection: What the Final Augmented Regularization Paths Show,tab:path_anchor_summary,"% Surrogate & $\approx10.481$ & 0.893 & \$78,110 & 1.024 & 0.013 & 0.988 & 0.2\% & -0.036 & 0.250 \\",6c9037772d60cc737d42367b9faecf978d617b0a9225cd7e3ab1f9a6c88bcb52,NOT_RENDERED,COMMENTED,
0.250,decimal,COMMENTED,2167,subsection: What the Final Augmented Regularization Paths Show,tab:path_anchor_summary,"% Surrogate & $\approx10.481$ & 0.893 & \$78,110 & 1.024 & 0.013 & 0.988 & 0.2\% & -0.036 & 0.250 \\",6c9037772d60cc737d42367b9faecf978d617b0a9225cd7e3ab1f9a6c88bcb52,NOT_RENDERED,COMMENTED,
100,int_mid,COMMENTED,2168,subsection: What the Final Augmented Regularization Paths Show,tab:path_anchor_summary,"% Surrogate & 100 & 0.889 & \$82,094 & 1.010 & 0.042 & 1.013 & 4.0\% & -0.001 & 0.267 \\",48e2e7957af16ddcc23589c40f12d0b609aa39196fee99276948024d94ff5493,NOT_RENDERED,COMMENTED,
0.889,decimal,COMMENTED,2168,subsection: What the Final Augmented Regularization Paths Show,tab:path_anchor_summary,"% Surrogate & 100 & 0.889 & \$82,094 & 1.010 & 0.042 & 1.013 & 4.0\% & -0.001 & 0.267 \\",48e2e7957af16ddcc23589c40f12d0b609aa39196fee99276948024d94ff5493,NOT_RENDERED,COMMENTED,
"82,094",int_ge_1000,COMMENTED,2168,subsection: What the Final Augmented Regularization Paths Show,tab:path_anchor_summary,"% Surrogate & 100 & 0.889 & \$82,094 & 1.010 & 0.042 & 1.013 & 4.0\% & -0.001 & 0.267 \\",48e2e7957af16ddcc23589c40f12d0b609aa39196fee99276948024d94ff5493,NOT_RENDERED,COMMENTED,
1.010,decimal,COMMENTED,2168,subsection: What the Final Augmented Regularization Paths Show,tab:path_anchor_summary,"% Surrogate & 100 & 0.889 & \$82,094 & 1.010 & 0.042 & 1.013 & 4.0\% & -0.001 & 0.267 \\",48e2e7957af16ddcc23589c40f12d0b609aa39196fee99276948024d94ff5493,NOT_RENDERED,COMMENTED,
0.042,decimal,COMMENTED,2168,subsection: What the Final Augmented Regularization Paths Show,tab:path_anchor_summary,"% Surrogate & 100 & 0.889 & \$82,094 & 1.010 & 0.042 & 1.013 & 4.0\% & -0.001 & 0.267 \\",48e2e7957af16ddcc23589c40f12d0b609aa39196fee99276948024d94ff5493,NOT_RENDERED,COMMENTED,
1.013,decimal,COMMENTED,2168,subsection: What the Final Augmented Regularization Paths Show,tab:path_anchor_summary,"% Surrogate & 100 & 0.889 & \$82,094 & 1.010 & 0.042 & 1.013 & 4.0\% & -0.001 & 0.267 \\",48e2e7957af16ddcc23589c40f12d0b609aa39196fee99276948024d94ff5493,NOT_RENDERED,COMMENTED,
4.0,decimal,COMMENTED,2168,subsection: What the Final Augmented Regularization Paths Show,tab:path_anchor_summary,"% Surrogate & 100 & 0.889 & \$82,094 & 1.010 & 0.042 & 1.013 & 4.0\% & -0.001 & 0.267 \\",48e2e7957af16ddcc23589c40f12d0b609aa39196fee99276948024d94ff5493,NOT_RENDERED,COMMENTED,
0.001,decimal,COMMENTED,2168,subsection: What the Final Augmented Regularization Paths Show,tab:path_anchor_summary,"% Surrogate & 100 & 0.889 & \$82,094 & 1.010 & 0.042 & 1.013 & 4.0\% & -0.001 & 0.267 \\",48e2e7957af16ddcc23589c40f12d0b609aa39196fee99276948024d94ff5493,NOT_RENDERED,COMMENTED,
0.267,decimal,COMMENTED,2168,subsection: What the Final Augmented Regularization Paths Show,tab:path_anchor_summary,"% Surrogate & 100 & 0.889 & \$82,094 & 1.010 & 0.042 & 1.013 & 4.0\% & -0.001 & 0.267 \\",48e2e7957af16ddcc23589c40f12d0b609aa39196fee99276948024d94ff5493,NOT_RENDERED,COMMENTED,
2025,year_like,COMMENTED,2170,subsection: What the Final Augmented Regularization Paths Show,tab:path_anchor_summary,% \multicolumn{11}{l}{\textit{Panel B: 2025 forward evaluation}} \\,a5dc6b25df5dca5eee1868eec766ea65418d15f6699ad729657043ebab4c2d25,NOT_RENDERED,COMMENTED,
0.904,decimal,COMMENTED,2171,subsection: What the Final Augmented Regularization Paths Show,tab:path_anchor_summary,"% Ordinary LightGBM & -- & 0.904 & \$78,484 & 1.079 & -0.106 & 0.907 & -28.6\% & -0.164 & 0.422 \\",a5daa2efde6afdc3d1ffb353ad9b3331c0b317dd7715e36b2f4ed975e78c0c4f,NOT_RENDERED,COMMENTED,
"78,484",int_ge_1000,COMMENTED,2171,subsection: What the Final Augmented Regularization Paths Show,tab:path_anchor_summary,"% Ordinary LightGBM & -- & 0.904 & \$78,484 & 1.079 & -0.106 & 0.907 & -28.6\% & -0.164 & 0.422 \\",a5daa2efde6afdc3d1ffb353ad9b3331c0b317dd7715e36b2f4ed975e78c0c4f,NOT_RENDERED,COMMENTED,
1.079,decimal,COMMENTED,2171,subsection: What the Final Augmented Regularization Paths Show,tab:path_anchor_summary,"% Ordinary LightGBM & -- & 0.904 & \$78,484 & 1.079 & -0.106 & 0.907 & -28.6\% & -0.164 & 0.422 \\",a5daa2efde6afdc3d1ffb353ad9b3331c0b317dd7715e36b2f4ed975e78c0c4f,NOT_RENDERED,COMMENTED,
0.106,decimal,COMMENTED,2171,subsection: What the Final Augmented Regularization Paths Show,tab:path_anchor_summary,"% Ordinary LightGBM & -- & 0.904 & \$78,484 & 1.079 & -0.106 & 0.907 & -28.6\% & -0.164 & 0.422 \\",a5daa2efde6afdc3d1ffb353ad9b3331c0b317dd7715e36b2f4ed975e78c0c4f,NOT_RENDERED,COMMENTED,
0.907,decimal,COMMENTED,2171,subsection: What the Final Augmented Regularization Paths Show,tab:path_anchor_summary,"% Ordinary LightGBM & -- & 0.904 & \$78,484 & 1.079 & -0.106 & 0.907 & -28.6\% & -0.164 & 0.422 \\",a5daa2efde6afdc3d1ffb353ad9b3331c0b317dd7715e36b2f4ed975e78c0c4f,NOT_RENDERED,COMMENTED,
28.6,decimal,COMMENTED,2171,subsection: What the Final Augmented Regularization Paths Show,tab:path_anchor_summary,"% Ordinary LightGBM & -- & 0.904 & \$78,484 & 1.079 & -0.106 & 0.907 & -28.6\% & -0.164 & 0.422 \\",a5daa2efde6afdc3d1ffb353ad9b3331c0b317dd7715e36b2f4ed975e78c0c4f,NOT_RENDERED,COMMENTED,
0.164,decimal,COMMENTED,2171,subsection: What the Final Augmented Regularization Paths Show,tab:path_anchor_summary,"% Ordinary LightGBM & -- & 0.904 & \$78,484 & 1.079 & -0.106 & 0.907 & -28.6\% & -0.164 & 0.422 \\",a5daa2efde6afdc3d1ffb353ad9b3331c0b317dd7715e36b2f4ed975e78c0c4f,NOT_RENDERED,COMMENTED,
0.422,decimal,COMMENTED,2171,subsection: What the Final Augmented Regularization Paths Show,tab:path_anchor_summary,"% Ordinary LightGBM & -- & 0.904 & \$78,484 & 1.079 & -0.106 & 0.907 & -28.6\% & -0.164 & 0.422 \\",a5daa2efde6afdc3d1ffb353ad9b3331c0b317dd7715e36b2f4ed975e78c0c4f,NOT_RENDERED,COMMENTED,
0,int_small,COMMENTED,2172,subsection: What the Final Augmented Regularization Paths Show,tab:path_anchor_summary,"% Direct & 0 & 0.904 & \$79,139 & 1.078 & -0.103 & 0.909 & -28.4\% & -0.161 & 0.417 \\",d11bdf807a66ae1f32b880a27f5f69853eba843c7c9c50cf9057e80f57b196ed,NOT_RENDERED,COMMENTED,
0.904,decimal,COMMENTED,2172,subsection: What the Final Augmented Regularization Paths Show,tab:path_anchor_summary,"% Direct & 0 & 0.904 & \$79,139 & 1.078 & -0.103 & 0.909 & -28.4\% & -0.161 & 0.417 \\",d11bdf807a66ae1f32b880a27f5f69853eba843c7c9c50cf9057e80f57b196ed,NOT_RENDERED,COMMENTED,
"79,139",int_ge_1000,COMMENTED,2172,subsection: What the Final Augmented Regularization Paths Show,tab:path_anchor_summary,"% Direct & 0 & 0.904 & \$79,139 & 1.078 & -0.103 & 0.909 & -28.4\% & -0.161 & 0.417 \\",d11bdf807a66ae1f32b880a27f5f69853eba843c7c9c50cf9057e80f57b196ed,NOT_RENDERED,COMMENTED,
1.078,decimal,COMMENTED,2172,subsection: What the Final Augmented Regularization Paths Show,tab:path_anchor_summary,"% Direct & 0 & 0.904 & \$79,139 & 1.078 & -0.103 & 0.909 & -28.4\% & -0.161 & 0.417 \\",d11bdf807a66ae1f32b880a27f5f69853eba843c7c9c50cf9057e80f57b196ed,NOT_RENDERED,COMMENTED,
0.103,decimal,COMMENTED,2172,subsection: What the Final Augmented Regularization Paths Show,tab:path_anchor_summary,"% Direct & 0 & 0.904 & \$79,139 & 1.078 & -0.103 & 0.909 & -28.4\% & -0.161 & 0.417 \\",d11bdf807a66ae1f32b880a27f5f69853eba843c7c9c50cf9057e80f57b196ed,NOT_RENDERED,COMMENTED,
0.909,decimal,COMMENTED,2172,subsection: What the Final Augmented Regularization Paths Show,tab:path_anchor_summary,"% Direct & 0 & 0.904 & \$79,139 & 1.078 & -0.103 & 0.909 & -28.4\% & -0.161 & 0.417 \\",d11bdf807a66ae1f32b880a27f5f69853eba843c7c9c50cf9057e80f57b196ed,NOT_RENDERED,COMMENTED,
28.4,decimal,COMMENTED,2172,subsection: What the Final Augmented Regularization Paths Show,tab:path_anchor_summary,"% Direct & 0 & 0.904 & \$79,139 & 1.078 & -0.103 & 0.909 & -28.4\% & -0.161 & 0.417 \\",d11bdf807a66ae1f32b880a27f5f69853eba843c7c9c50cf9057e80f57b196ed,NOT_RENDERED,COMMENTED,
0.161,decimal,COMMENTED,2172,subsection: What the Final Augmented Regularization Paths Show,tab:path_anchor_summary,"% Direct & 0 & 0.904 & \$79,139 & 1.078 & -0.103 & 0.909 & -28.4\% & -0.161 & 0.417 \\",d11bdf807a66ae1f32b880a27f5f69853eba843c7c9c50cf9057e80f57b196ed,NOT_RENDERED,COMMENTED,
0.417,decimal,COMMENTED,2172,subsection: What the Final Augmented Regularization Paths Show,tab:path_anchor_summary,"% Direct & 0 & 0.904 & \$79,139 & 1.078 & -0.103 & 0.909 & -28.4\% & -0.161 & 0.417 \\",d11bdf807a66ae1f32b880a27f5f69853eba843c7c9c50cf9057e80f57b196ed,NOT_RENDERED,COMMENTED,
0.906,decimal,COMMENTED,2173,subsection: What the Final Augmented Regularization Paths Show,tab:path_anchor_summary,"% Direct & $\approx0.1$ & 0.906 & \$78,029 & 1.077 & -0.102 & 0.910 & -27.7\% & -0.160 & 0.416 \\",18bbb6536faa7c8417c86cf2ae01564cb74550e1cfa523a465357eeef4e46e1a,NOT_RENDERED,COMMENTED,
"78,029",int_ge_1000,COMMENTED,2173,subsection: What the Final Augmented Regularization Paths Show,tab:path_anchor_summary,"% Direct & $\approx0.1$ & 0.906 & \$78,029 & 1.077 & -0.102 & 0.910 & -27.7\% & -0.160 & 0.416 \\",18bbb6536faa7c8417c86cf2ae01564cb74550e1cfa523a465357eeef4e46e1a,NOT_RENDERED,COMMENTED,
1.077,decimal,COMMENTED,2173,subsection: What the Final Augmented Regularization Paths Show,tab:path_anchor_summary,"% Direct & $\approx0.1$ & 0.906 & \$78,029 & 1.077 & -0.102 & 0.910 & -27.7\% & -0.160 & 0.416 \\",18bbb6536faa7c8417c86cf2ae01564cb74550e1cfa523a465357eeef4e46e1a,NOT_RENDERED,COMMENTED,
0.102,decimal,COMMENTED,2173,subsection: What the Final Augmented Regularization Paths Show,tab:path_anchor_summary,"% Direct & $\approx0.1$ & 0.906 & \$78,029 & 1.077 & -0.102 & 0.910 & -27.7\% & -0.160 & 0.416 \\",18bbb6536faa7c8417c86cf2ae01564cb74550e1cfa523a465357eeef4e46e1a,NOT_RENDERED,COMMENTED,
0.910,decimal,COMMENTED,2173,subsection: What the Final Augmented Regularization Paths Show,tab:path_anchor_summary,"% Direct & $\approx0.1$ & 0.906 & \$78,029 & 1.077 & -0.102 & 0.910 & -27.7\% & -0.160 & 0.416 \\",18bbb6536faa7c8417c86cf2ae01564cb74550e1cfa523a465357eeef4e46e1a,NOT_RENDERED,COMMENTED,
27.7,decimal,COMMENTED,2173,subsection: What the Final Augmented Regularization Paths Show,tab:path_anchor_summary,"% Direct & $\approx0.1$ & 0.906 & \$78,029 & 1.077 & -0.102 & 0.910 & -27.7\% & -0.160 & 0.416 \\",18bbb6536faa7c8417c86cf2ae01564cb74550e1cfa523a465357eeef4e46e1a,NOT_RENDERED,COMMENTED,
0.160,decimal,COMMENTED,2173,subsection: What the Final Augmented Regularization Paths Show,tab:path_anchor_summary,"% Direct & $\approx0.1$ & 0.906 & \$78,029 & 1.077 & -0.102 & 0.910 & -27.7\% & -0.160 & 0.416 \\",18bbb6536faa7c8417c86cf2ae01564cb74550e1cfa523a465357eeef4e46e1a,NOT_RENDERED,COMMENTED,
0.416,decimal,COMMENTED,2173,subsection: What the Final Augmented Regularization Paths Show,tab:path_anchor_summary,"% Direct & $\approx0.1$ & 0.906 & \$78,029 & 1.077 & -0.102 & 0.910 & -27.7\% & -0.160 & 0.416 \\",18bbb6536faa7c8417c86cf2ae01564cb74550e1cfa523a465357eeef4e46e1a,NOT_RENDERED,COMMENTED,
0.910,decimal,COMMENTED,2174,subsection: What the Final Augmented Regularization Paths Show,tab:path_anchor_summary,"% Direct & $\approx0.954$ & 0.910 & \$77,139 & 1.069 & -0.090 & 0.926 & -23.9\% & -0.148 & 0.392 \\",ceb46dfc168020d4d28b38a651dc00adf0f72c562a8fa905c9338eee365c11f7,NOT_RENDERED,COMMENTED,
"77,139",int_ge_1000,COMMENTED,2174,subsection: What the Final Augmented Regularization Paths Show,tab:path_anchor_summary,"% Direct & $\approx0.954$ & 0.910 & \$77,139 & 1.069 & -0.090 & 0.926 & -23.9\% & -0.148 & 0.392 \\",ceb46dfc168020d4d28b38a651dc00adf0f72c562a8fa905c9338eee365c11f7,NOT_RENDERED,COMMENTED,
1.069,decimal,COMMENTED,2174,subsection: What the Final Augmented Regularization Paths Show,tab:path_anchor_summary,"% Direct & $\approx0.954$ & 0.910 & \$77,139 & 1.069 & -0.090 & 0.926 & -23.9\% & -0.148 & 0.392 \\",ceb46dfc168020d4d28b38a651dc00adf0f72c562a8fa905c9338eee365c11f7,NOT_RENDERED,COMMENTED,
0.090,decimal,COMMENTED,2174,subsection: What the Final Augmented Regularization Paths Show,tab:path_anchor_summary,"% Direct & $\approx0.954$ & 0.910 & \$77,139 & 1.069 & -0.090 & 0.926 & -23.9\% & -0.148 & 0.392 \\",ceb46dfc168020d4d28b38a651dc00adf0f72c562a8fa905c9338eee365c11f7,NOT_RENDERED,COMMENTED,
0.926,decimal,COMMENTED,2174,subsection: What the Final Augmented Regularization Paths Show,tab:path_anchor_summary,"% Direct & $\approx0.954$ & 0.910 & \$77,139 & 1.069 & -0.090 & 0.926 & -23.9\% & -0.148 & 0.392 \\",ceb46dfc168020d4d28b38a651dc00adf0f72c562a8fa905c9338eee365c11f7,NOT_RENDERED,COMMENTED,
23.9,decimal,COMMENTED,2174,subsection: What the Final Augmented Regularization Paths Show,tab:path_anchor_summary,"% Direct & $\approx0.954$ & 0.910 & \$77,139 & 1.069 & -0.090 & 0.926 & -23.9\% & -0.148 & 0.392 \\",ceb46dfc168020d4d28b38a651dc00adf0f72c562a8fa905c9338eee365c11f7,NOT_RENDERED,COMMENTED,
0.148,decimal,COMMENTED,2174,subsection: What the Final Augmented Regularization Paths Show,tab:path_anchor_summary,"% Direct & $\approx0.954$ & 0.910 & \$77,139 & 1.069 & -0.090 & 0.926 & -23.9\% & -0.148 & 0.392 \\",ceb46dfc168020d4d28b38a651dc00adf0f72c562a8fa905c9338eee365c11f7,NOT_RENDERED,COMMENTED,
0.392,decimal,COMMENTED,2174,subsection: What the Final Augmented Regularization Paths Show,tab:path_anchor_summary,"% Direct & $\approx0.954$ & 0.910 & \$77,139 & 1.069 & -0.090 & 0.926 & -23.9\% & -0.148 & 0.392 \\",ceb46dfc168020d4d28b38a651dc00adf0f72c562a8fa905c9338eee365c11f7,NOT_RENDERED,COMMENTED,
0.902,decimal,COMMENTED,2175,subsection: What the Final Augmented Regularization Paths Show,tab:path_anchor_summary,"% Direct & $\approx10.481$ & 0.902 & \$79,187 & 1.042 & -0.049 & 0.971 & -11.9\% & -0.105 & 0.318 \\",af1c06caebdbc664ae0e25e9edf664cb1dbd6cc7facbd2700ab68d66278e2600,NOT_RENDERED,COMMENTED,
"79,187",int_ge_1000,COMMENTED,2175,subsection: What the Final Augmented Regularization Paths Show,tab:path_anchor_summary,"% Direct & $\approx10.481$ & 0.902 & \$79,187 & 1.042 & -0.049 & 0.971 & -11.9\% & -0.105 & 0.318 \\",af1c06caebdbc664ae0e25e9edf664cb1dbd6cc7facbd2700ab68d66278e2600,NOT_RENDERED,COMMENTED,
1.042,decimal,COMMENTED,2175,subsection: What the Final Augmented Regularization Paths Show,tab:path_anchor_summary,"% Direct & $\approx10.481$ & 0.902 & \$79,187 & 1.042 & -0.049 & 0.971 & -11.9\% & -0.105 & 0.318 \\",af1c06caebdbc664ae0e25e9edf664cb1dbd6cc7facbd2700ab68d66278e2600,NOT_RENDERED,COMMENTED,
0.049,decimal,COMMENTED,2175,subsection: What the Final Augmented Regularization Paths Show,tab:path_anchor_summary,"% Direct & $\approx10.481$ & 0.902 & \$79,187 & 1.042 & -0.049 & 0.971 & -11.9\% & -0.105 & 0.318 \\",af1c06caebdbc664ae0e25e9edf664cb1dbd6cc7facbd2700ab68d66278e2600,NOT_RENDERED,COMMENTED,
0.971,decimal,COMMENTED,2175,subsection: What the Final Augmented Regularization Paths Show,tab:path_anchor_summary,"% Direct & $\approx10.481$ & 0.902 & \$79,187 & 1.042 & -0.049 & 0.971 & -11.9\% & -0.105 & 0.318 \\",af1c06caebdbc664ae0e25e9edf664cb1dbd6cc7facbd2700ab68d66278e2600,NOT_RENDERED,COMMENTED,
11.9,decimal,COMMENTED,2175,subsection: What the Final Augmented Regularization Paths Show,tab:path_anchor_summary,"% Direct & $\approx10.481$ & 0.902 & \$79,187 & 1.042 & -0.049 & 0.971 & -11.9\% & -0.105 & 0.318 \\",af1c06caebdbc664ae0e25e9edf664cb1dbd6cc7facbd2700ab68d66278e2600,NOT_RENDERED,COMMENTED,
0.105,decimal,COMMENTED,2175,subsection: What the Final Augmented Regularization Paths Show,tab:path_anchor_summary,"% Direct & $\approx10.481$ & 0.902 & \$79,187 & 1.042 & -0.049 & 0.971 & -11.9\% & -0.105 & 0.318 \\",af1c06caebdbc664ae0e25e9edf664cb1dbd6cc7facbd2700ab68d66278e2600,NOT_RENDERED,COMMENTED,
0.318,decimal,COMMENTED,2175,subsection: What the Final Augmented Regularization Paths Show,tab:path_anchor_summary,"% Direct & $\approx10.481$ & 0.902 & \$79,187 & 1.042 & -0.049 & 0.971 & -11.9\% & -0.105 & 0.318 \\",af1c06caebdbc664ae0e25e9edf664cb1dbd6cc7facbd2700ab68d66278e2600,NOT_RENDERED,COMMENTED,
100,int_mid,COMMENTED,2176,subsection: What the Final Augmented Regularization Paths Show,tab:path_anchor_summary,"% Direct & 100 & 0.873 & \$89,309 & 1.036 & -0.029 & 0.983 & -4.5\% & -0.093 & 0.281 \\",7e998bf5d423f7b3721e2dbf3c7367132413fb5968d7ac7dd6e60ff0b243673b,NOT_RENDERED,COMMENTED,
0.873,decimal,COMMENTED,2176,subsection: What the Final Augmented Regularization Paths Show,tab:path_anchor_summary,"% Direct & 100 & 0.873 & \$89,309 & 1.036 & -0.029 & 0.983 & -4.5\% & -0.093 & 0.281 \\",7e998bf5d423f7b3721e2dbf3c7367132413fb5968d7ac7dd6e60ff0b243673b,NOT_RENDERED,COMMENTED,
"89,309",int_ge_1000,COMMENTED,2176,subsection: What the Final Augmented Regularization Paths Show,tab:path_anchor_summary,"% Direct & 100 & 0.873 & \$89,309 & 1.036 & -0.029 & 0.983 & -4.5\% & -0.093 & 0.281 \\",7e998bf5d423f7b3721e2dbf3c7367132413fb5968d7ac7dd6e60ff0b243673b,NOT_RENDERED,COMMENTED,
1.036,decimal,COMMENTED,2176,subsection: What the Final Augmented Regularization Paths Show,tab:path_anchor_summary,"% Direct & 100 & 0.873 & \$89,309 & 1.036 & -0.029 & 0.983 & -4.5\% & -0.093 & 0.281 \\",7e998bf5d423f7b3721e2dbf3c7367132413fb5968d7ac7dd6e60ff0b243673b,NOT_RENDERED,COMMENTED,
0.029,decimal,COMMENTED,2176,subsection: What the Final Augmented Regularization Paths Show,tab:path_anchor_summary,"% Direct & 100 & 0.873 & \$89,309 & 1.036 & -0.029 & 0.983 & -4.5\% & -0.093 & 0.281 \\",7e998bf5d423f7b3721e2dbf3c7367132413fb5968d7ac7dd6e60ff0b243673b,NOT_RENDERED,COMMENTED,
0.983,decimal,COMMENTED,2176,subsection: What the Final Augmented Regularization Paths Show,tab:path_anchor_summary,"% Direct & 100 & 0.873 & \$89,309 & 1.036 & -0.029 & 0.983 & -4.5\% & -0.093 & 0.281 \\",7e998bf5d423f7b3721e2dbf3c7367132413fb5968d7ac7dd6e60ff0b243673b,NOT_RENDERED,COMMENTED,
4.5,decimal,COMMENTED,2176,subsection: What the Final Augmented Regularization Paths Show,tab:path_anchor_summary,"% Direct & 100 & 0.873 & \$89,309 & 1.036 & -0.029 & 0.983 & -4.5\% & -0.093 & 0.281 \\",7e998bf5d423f7b3721e2dbf3c7367132413fb5968d7ac7dd6e60ff0b243673b,NOT_RENDERED,COMMENTED,
0.093,decimal,COMMENTED,2176,subsection: What the Final Augmented Regularization Paths Show,tab:path_anchor_summary,"% Direct & 100 & 0.873 & \$89,309 & 1.036 & -0.029 & 0.983 & -4.5\% & -0.093 & 0.281 \\",7e998bf5d423f7b3721e2dbf3c7367132413fb5968d7ac7dd6e60ff0b243673b,NOT_RENDERED,COMMENTED,
0.281,decimal,COMMENTED,2176,subsection: What the Final Augmented Regularization Paths Show,tab:path_anchor_summary,"% Direct & 100 & 0.873 & \$89,309 & 1.036 & -0.029 & 0.983 & -4.5\% & -0.093 & 0.281 \\",7e998bf5d423f7b3721e2dbf3c7367132413fb5968d7ac7dd6e60ff0b243673b,NOT_RENDERED,COMMENTED,
0,int_small,COMMENTED,2177,subsection: What the Final Augmented Regularization Paths Show,tab:path_anchor_summary,"% Surrogate & 0 & 0.904 & \$79,139 & 1.078 & -0.103 & 0.909 & -28.4\% & -0.161 & 0.417 \\",80d9d14c0e1252f2e5563c565c845746ad21c777a38a85701be023b93659d52b,NOT_RENDERED,COMMENTED,
0.904,decimal,COMMENTED,2177,subsection: What the Final Augmented Regularization Paths Show,tab:path_anchor_summary,"% Surrogate & 0 & 0.904 & \$79,139 & 1.078 & -0.103 & 0.909 & -28.4\% & -0.161 & 0.417 \\",80d9d14c0e1252f2e5563c565c845746ad21c777a38a85701be023b93659d52b,NOT_RENDERED,COMMENTED,
"79,139",int_ge_1000,COMMENTED,2177,subsection: What the Final Augmented Regularization Paths Show,tab:path_anchor_summary,"% Surrogate & 0 & 0.904 & \$79,139 & 1.078 & -0.103 & 0.909 & -28.4\% & -0.161 & 0.417 \\",80d9d14c0e1252f2e5563c565c845746ad21c777a38a85701be023b93659d52b,NOT_RENDERED,COMMENTED,
1.078,decimal,COMMENTED,2177,subsection: What the Final Augmented Regularization Paths Show,tab:path_anchor_summary,"% Surrogate & 0 & 0.904 & \$79,139 & 1.078 & -0.103 & 0.909 & -28.4\% & -0.161 & 0.417 \\",80d9d14c0e1252f2e5563c565c845746ad21c777a38a85701be023b93659d52b,NOT_RENDERED,COMMENTED,
0.103,decimal,COMMENTED,2177,subsection: What the Final Augmented Regularization Paths Show,tab:path_anchor_summary,"% Surrogate & 0 & 0.904 & \$79,139 & 1.078 & -0.103 & 0.909 & -28.4\% & -0.161 & 0.417 \\",80d9d14c0e1252f2e5563c565c845746ad21c777a38a85701be023b93659d52b,NOT_RENDERED,COMMENTED,
0.909,decimal,COMMENTED,2177,subsection: What the Final Augmented Regularization Paths Show,tab:path_anchor_summary,"% Surrogate & 0 & 0.904 & \$79,139 & 1.078 & -0.103 & 0.909 & -28.4\% & -0.161 & 0.417 \\",80d9d14c0e1252f2e5563c565c845746ad21c777a38a85701be023b93659d52b,NOT_RENDERED,COMMENTED,
28.4,decimal,COMMENTED,2177,subsection: What the Final Augmented Regularization Paths Show,tab:path_anchor_summary,"% Surrogate & 0 & 0.904 & \$79,139 & 1.078 & -0.103 & 0.909 & -28.4\% & -0.161 & 0.417 \\",80d9d14c0e1252f2e5563c565c845746ad21c777a38a85701be023b93659d52b,NOT_RENDERED,COMMENTED,
0.161,decimal,COMMENTED,2177,subsection: What the Final Augmented Regularization Paths Show,tab:path_anchor_summary,"% Surrogate & 0 & 0.904 & \$79,139 & 1.078 & -0.103 & 0.909 & -28.4\% & -0.161 & 0.417 \\",80d9d14c0e1252f2e5563c565c845746ad21c777a38a85701be023b93659d52b,NOT_RENDERED,COMMENTED,
0.417,decimal,COMMENTED,2177,subsection: What the Final Augmented Regularization Paths Show,tab:path_anchor_summary,"% Surrogate & 0 & 0.904 & \$79,139 & 1.078 & -0.103 & 0.909 & -28.4\% & -0.161 & 0.417 \\",80d9d14c0e1252f2e5563c565c845746ad21c777a38a85701be023b93659d52b,NOT_RENDERED,COMMENTED,
0.905,decimal,COMMENTED,2178,subsection: What the Final Augmented Regularization Paths Show,tab:path_anchor_summary,"% Surrogate & $\approx0.1$ & 0.905 & \$78,546 & 1.074 & -0.095 & 0.914 & -24.7\% & -0.153 & 0.402 \\",3f9af8f6e08dec1ad69d28e28d228b80bb075c53ef452bf77dc826b433b32eb5,NOT_RENDERED,COMMENTED,
"78,546",int_ge_1000,COMMENTED,2178,subsection: What the Final Augmented Regularization Paths Show,tab:path_anchor_summary,"% Surrogate & $\approx0.1$ & 0.905 & \$78,546 & 1.074 & -0.095 & 0.914 & -24.7\% & -0.153 & 0.402 \\",3f9af8f6e08dec1ad69d28e28d228b80bb075c53ef452bf77dc826b433b32eb5,NOT_RENDERED,COMMENTED,
1.074,decimal,COMMENTED,2178,subsection: What the Final Augmented Regularization Paths Show,tab:path_anchor_summary,"% Surrogate & $\approx0.1$ & 0.905 & \$78,546 & 1.074 & -0.095 & 0.914 & -24.7\% & -0.153 & 0.402 \\",3f9af8f6e08dec1ad69d28e28d228b80bb075c53ef452bf77dc826b433b32eb5,NOT_RENDERED,COMMENTED,
0.095,decimal,COMMENTED,2178,subsection: What the Final Augmented Regularization Paths Show,tab:path_anchor_summary,"% Surrogate & $\approx0.1$ & 0.905 & \$78,546 & 1.074 & -0.095 & 0.914 & -24.7\% & -0.153 & 0.402 \\",3f9af8f6e08dec1ad69d28e28d228b80bb075c53ef452bf77dc826b433b32eb5,NOT_RENDERED,COMMENTED,
0.914,decimal,COMMENTED,2178,subsection: What the Final Augmented Regularization Paths Show,tab:path_anchor_summary,"% Surrogate & $\approx0.1$ & 0.905 & \$78,546 & 1.074 & -0.095 & 0.914 & -24.7\% & -0.153 & 0.402 \\",3f9af8f6e08dec1ad69d28e28d228b80bb075c53ef452bf77dc826b433b32eb5,NOT_RENDERED,COMMENTED,
24.7,decimal,COMMENTED,2178,subsection: What the Final Augmented Regularization Paths Show,tab:path_anchor_summary,"% Surrogate & $\approx0.1$ & 0.905 & \$78,546 & 1.074 & -0.095 & 0.914 & -24.7\% & -0.153 & 0.402 \\",3f9af8f6e08dec1ad69d28e28d228b80bb075c53ef452bf77dc826b433b32eb5,NOT_RENDERED,COMMENTED,
0.153,decimal,COMMENTED,2178,subsection: What the Final Augmented Regularization Paths Show,tab:path_anchor_summary,"% Surrogate & $\approx0.1$ & 0.905 & \$78,546 & 1.074 & -0.095 & 0.914 & -24.7\% & -0.153 & 0.402 \\",3f9af8f6e08dec1ad69d28e28d228b80bb075c53ef452bf77dc826b433b32eb5,NOT_RENDERED,COMMENTED,
0.402,decimal,COMMENTED,2178,subsection: What the Final Augmented Regularization Paths Show,tab:path_anchor_summary,"% Surrogate & $\approx0.1$ & 0.905 & \$78,546 & 1.074 & -0.095 & 0.914 & -24.7\% & -0.153 & 0.402 \\",3f9af8f6e08dec1ad69d28e28d228b80bb075c53ef452bf77dc826b433b32eb5,NOT_RENDERED,COMMENTED,
0.908,decimal,COMMENTED,2179,subsection: What the Final Augmented Regularization Paths Show,tab:path_anchor_summary,"% Surrogate & $\approx0.954$ & 0.908 & \$78,196 & 1.060 & -0.062 & 0.932 & -15.3\% & -0.120 & 0.343 \\",cf198e81da167158515c35a01d89036c1cb710fe1471e3505c2a41bb55c221e6,NOT_RENDERED,COMMENTED,
"78,196",int_ge_1000,COMMENTED,2179,subsection: What the Final Augmented Regularization Paths Show,tab:path_anchor_summary,"% Surrogate & $\approx0.954$ & 0.908 & \$78,196 & 1.060 & -0.062 & 0.932 & -15.3\% & -0.120 & 0.343 \\",cf198e81da167158515c35a01d89036c1cb710fe1471e3505c2a41bb55c221e6,NOT_RENDERED,COMMENTED,
1.060,decimal,COMMENTED,2179,subsection: What the Final Augmented Regularization Paths Show,tab:path_anchor_summary,"% Surrogate & $\approx0.954$ & 0.908 & \$78,196 & 1.060 & -0.062 & 0.932 & -15.3\% & -0.120 & 0.343 \\",cf198e81da167158515c35a01d89036c1cb710fe1471e3505c2a41bb55c221e6,NOT_RENDERED,COMMENTED,
0.062,decimal,COMMENTED,2179,subsection: What the Final Augmented Regularization Paths Show,tab:path_anchor_summary,"% Surrogate & $\approx0.954$ & 0.908 & \$78,196 & 1.060 & -0.062 & 0.932 & -15.3\% & -0.120 & 0.343 \\",cf198e81da167158515c35a01d89036c1cb710fe1471e3505c2a41bb55c221e6,NOT_RENDERED,COMMENTED,
0.932,decimal,COMMENTED,2179,subsection: What the Final Augmented Regularization Paths Show,tab:path_anchor_summary,"% Surrogate & $\approx0.954$ & 0.908 & \$78,196 & 1.060 & -0.062 & 0.932 & -15.3\% & -0.120 & 0.343 \\",cf198e81da167158515c35a01d89036c1cb710fe1471e3505c2a41bb55c221e6,NOT_RENDERED,COMMENTED,
15.3,decimal,COMMENTED,2179,subsection: What the Final Augmented Regularization Paths Show,tab:path_anchor_summary,"% Surrogate & $\approx0.954$ & 0.908 & \$78,196 & 1.060 & -0.062 & 0.932 & -15.3\% & -0.120 & 0.343 \\",cf198e81da167158515c35a01d89036c1cb710fe1471e3505c2a41bb55c221e6,NOT_RENDERED,COMMENTED,
0.120,decimal,COMMENTED,2179,subsection: What the Final Augmented Regularization Paths Show,tab:path_anchor_summary,"% Surrogate & $\approx0.954$ & 0.908 & \$78,196 & 1.060 & -0.062 & 0.932 & -15.3\% & -0.120 & 0.343 \\",cf198e81da167158515c35a01d89036c1cb710fe1471e3505c2a41bb55c221e6,NOT_RENDERED,COMMENTED,
0.343,decimal,COMMENTED,2179,subsection: What the Final Augmented Regularization Paths Show,tab:path_anchor_summary,"% Surrogate & $\approx0.954$ & 0.908 & \$78,196 & 1.060 & -0.062 & 0.932 & -15.3\% & -0.120 & 0.343 \\",cf198e81da167158515c35a01d89036c1cb710fe1471e3505c2a41bb55c221e6,NOT_RENDERED,COMMENTED,
0.905,decimal,COMMENTED,2180,subsection: What the Final Augmented Regularization Paths Show,tab:path_anchor_summary,"% Surrogate & $\approx10.481$ & 0.905 & \$81,075 & 1.033 & 0.000 & 0.967 & -2.0\% & -0.050 & 0.258 \\",550170726865aa3f1a935cfc74aef0f4f232822e1e981613d1b4e42abc0388c7,NOT_RENDERED,COMMENTED,
"81,075",int_ge_1000,COMMENTED,2180,subsection: What the Final Augmented Regularization Paths Show,tab:path_anchor_summary,"% Surrogate & $\approx10.481$ & 0.905 & \$81,075 & 1.033 & 0.000 & 0.967 & -2.0\% & -0.050 & 0.258 \\",550170726865aa3f1a935cfc74aef0f4f232822e1e981613d1b4e42abc0388c7,NOT_RENDERED,COMMENTED,
1.033,decimal,COMMENTED,2180,subsection: What the Final Augmented Regularization Paths Show,tab:path_anchor_summary,"% Surrogate & $\approx10.481$ & 0.905 & \$81,075 & 1.033 & 0.000 & 0.967 & -2.0\% & -0.050 & 0.258 \\",550170726865aa3f1a935cfc74aef0f4f232822e1e981613d1b4e42abc0388c7,NOT_RENDERED,COMMENTED,
0.000,decimal,COMMENTED,2180,subsection: What the Final Augmented Regularization Paths Show,tab:path_anchor_summary,"% Surrogate & $\approx10.481$ & 0.905 & \$81,075 & 1.033 & 0.000 & 0.967 & -2.0\% & -0.050 & 0.258 \\",550170726865aa3f1a935cfc74aef0f4f232822e1e981613d1b4e42abc0388c7,NOT_RENDERED,COMMENTED,
0.967,decimal,COMMENTED,2180,subsection: What the Final Augmented Regularization Paths Show,tab:path_anchor_summary,"% Surrogate & $\approx10.481$ & 0.905 & \$81,075 & 1.033 & 0.000 & 0.967 & -2.0\% & -0.050 & 0.258 \\",550170726865aa3f1a935cfc74aef0f4f232822e1e981613d1b4e42abc0388c7,NOT_RENDERED,COMMENTED,
2.0,decimal,COMMENTED,2180,subsection: What the Final Augmented Regularization Paths Show,tab:path_anchor_summary,"% Surrogate & $\approx10.481$ & 0.905 & \$81,075 & 1.033 & 0.000 & 0.967 & -2.0\% & -0.050 & 0.258 \\",550170726865aa3f1a935cfc74aef0f4f232822e1e981613d1b4e42abc0388c7,NOT_RENDERED,COMMENTED,
0.050,decimal,COMMENTED,2180,subsection: What the Final Augmented Regularization Paths Show,tab:path_anchor_summary,"% Surrogate & $\approx10.481$ & 0.905 & \$81,075 & 1.033 & 0.000 & 0.967 & -2.0\% & -0.050 & 0.258 \\",550170726865aa3f1a935cfc74aef0f4f232822e1e981613d1b4e42abc0388c7,NOT_RENDERED,COMMENTED,
0.258,decimal,COMMENTED,2180,subsection: What the Final Augmented Regularization Paths Show,tab:path_anchor_summary,"% Surrogate & $\approx10.481$ & 0.905 & \$81,075 & 1.033 & 0.000 & 0.967 & -2.0\% & -0.050 & 0.258 \\",550170726865aa3f1a935cfc74aef0f4f232822e1e981613d1b4e42abc0388c7,NOT_RENDERED,COMMENTED,
100,int_mid,COMMENTED,2181,subsection: What the Final Augmented Regularization Paths Show,tab:path_anchor_summary,"% Surrogate & 100 & 0.900 & \$85,257 & 1.020 & 0.030 & 0.987 & 1.7\% & -0.015 & 0.266 \\",71cd1b03dc13588a3bfc92a1dc6d6e192b31f1fc810c7994eda0a31a4b569fd7,NOT_RENDERED,COMMENTED,
0.900,decimal,COMMENTED,2181,subsection: What the Final Augmented Regularization Paths Show,tab:path_anchor_summary,"% Surrogate & 100 & 0.900 & \$85,257 & 1.020 & 0.030 & 0.987 & 1.7\% & -0.015 & 0.266 \\",71cd1b03dc13588a3bfc92a1dc6d6e192b31f1fc810c7994eda0a31a4b569fd7,NOT_RENDERED,COMMENTED,
"85,257",int_ge_1000,COMMENTED,2181,subsection: What the Final Augmented Regularization Paths Show,tab:path_anchor_summary,"% Surrogate & 100 & 0.900 & \$85,257 & 1.020 & 0.030 & 0.987 & 1.7\% & -0.015 & 0.266 \\",71cd1b03dc13588a3bfc92a1dc6d6e192b31f1fc810c7994eda0a31a4b569fd7,NOT_RENDERED,COMMENTED,
1.020,decimal,COMMENTED,2181,subsection: What the Final Augmented Regularization Paths Show,tab:path_anchor_summary,"% Surrogate & 100 & 0.900 & \$85,257 & 1.020 & 0.030 & 0.987 & 1.7\% & -0.015 & 0.266 \\",71cd1b03dc13588a3bfc92a1dc6d6e192b31f1fc810c7994eda0a31a4b569fd7,NOT_RENDERED,COMMENTED,
0.030,decimal,COMMENTED,2181,subsection: What the Final Augmented Regularization Paths Show,tab:path_anchor_summary,"% Surrogate & 100 & 0.900 & \$85,257 & 1.020 & 0.030 & 0.987 & 1.7\% & -0.015 & 0.266 \\",71cd1b03dc13588a3bfc92a1dc6d6e192b31f1fc810c7994eda0a31a4b569fd7,NOT_RENDERED,COMMENTED,
0.987,decimal,COMMENTED,2181,subsection: What the Final Augmented Regularization Paths Show,tab:path_anchor_summary,"% Surrogate & 100 & 0.900 & \$85,257 & 1.020 & 0.030 & 0.987 & 1.7\% & -0.015 & 0.266 \\",71cd1b03dc13588a3bfc92a1dc6d6e192b31f1fc810c7994eda0a31a4b569fd7,NOT_RENDERED,COMMENTED,
1.7,decimal,COMMENTED,2181,subsection: What the Final Augmented Regularization Paths Show,tab:path_anchor_summary,"% Surrogate & 100 & 0.900 & \$85,257 & 1.020 & 0.030 & 0.987 & 1.7\% & -0.015 & 0.266 \\",71cd1b03dc13588a3bfc92a1dc6d6e192b31f1fc810c7994eda0a31a4b569fd7,NOT_RENDERED,COMMENTED,
0.015,decimal,COMMENTED,2181,subsection: What the Final Augmented Regularization Paths Show,tab:path_anchor_summary,"% Surrogate & 100 & 0.900 & \$85,257 & 1.020 & 0.030 & 0.987 & 1.7\% & -0.015 & 0.266 \\",71cd1b03dc13588a3bfc92a1dc6d6e192b31f1fc810c7994eda0a31a4b569fd7,NOT_RENDERED,COMMENTED,
0.266,decimal,COMMENTED,2181,subsection: What the Final Augmented Regularization Paths Show,tab:path_anchor_summary,"% Surrogate & 100 & 0.900 & \$85,257 & 1.020 & 0.030 & 0.987 & 1.7\% & -0.015 & 0.266 \\",71cd1b03dc13588a3bfc92a1dc6d6e192b31f1fc810c7994eda0a31a4b569fd7,NOT_RENDERED,COMMENTED,
2,int_small,COMMENTED,2202,subsection: What the Final Augmented Regularization Paths Show,tab:path_anchor_summary,% & $R^2_P$,d609b020610b9b7855a1ab1abdfe348d4291f676aa1434c02933b6487d4fbf4e,NOT_RENDERED,COMMENTED,
0.799,decimal,COMMENTED,2219,subsection: What the Final Augmented Regularization Paths Show,tab:path_anchor_summary,% & 0.799,8796d1a2b29a4890f8cdf840f0703f5f5f759a54dea80cf71fc52f4db5f27834,NOT_RENDERED,COMMENTED,
"90,092",int_ge_1000,COMMENTED,2220,subsection: What the Final Augmented Regularization Paths Show,tab:path_anchor_summary,"% & \$90,092",13c3640d28610db3f0c2c093ceb75a0a5a03314329b363bc0656db1cd570f41a,NOT_RENDERED,COMMENTED,
1.042,decimal,COMMENTED,2221,subsection: What the Final Augmented Regularization Paths Show,tab:path_anchor_summary,% & 1.042,af00c51f47c5a807e656a94bfc6dcc7fd3b08bfd8a481321cce423a298e4aa71,NOT_RENDERED,COMMENTED,
0.016,decimal,COMMENTED,2222,subsection: What the Final Augmented Regularization Paths Show,tab:path_anchor_summary,% & \textbf{-0.016},4e61f8c99e56cf2be7ceb8f387e69b57503c6bf4a5fcdf7af1f8db47ceaf2952,NOT_RENDERED,COMMENTED,
0.975,decimal,COMMENTED,2223,subsection: What the Final Augmented Regularization Paths Show,tab:path_anchor_summary,% & 0.975,8d69283b6ff028534a8c1e529aa214f8b33f6ebee92e8ffa21bd550a51a24af4,NOT_RENDERED,COMMENTED,
11.6,decimal,COMMENTED,2224,subsection: What the Final Augmented Regularization Paths Show,tab:path_anchor_summary,% & -11.6\%,7c8d6066b3b09d336f1bdb4ed83331c0917210b89a41de6061a45fcb0d2a6aa9,NOT_RENDERED,COMMENTED,
0.092,decimal,COMMENTED,2225,subsection: What the Final Augmented Regularization Paths Show,tab:path_anchor_summary,% & -0.092,46622aabba8d5e5f01fd59af6abc9c966213690b9e7e42834e2faab2553ef3a1,NOT_RENDERED,COMMENTED,
0.250,decimal,COMMENTED,2226,subsection: What the Final Augmented Regularization Paths Show,tab:path_anchor_summary,% & 0.250 \\,0262cad619b6d57b2f411af4ce5fef35c265ced86473162dfd8c91df5e500f8a,NOT_RENDERED,COMMENTED,
0.894,decimal,COMMENTED,2230,subsection: What the Final Augmented Regularization Paths Show,tab:path_anchor_summary,% & 0.894,6fba4ae839cc3004c68051810c28473118deece75171f50a6855de6714e90c5d,NOT_RENDERED,COMMENTED,
"75,655",int_ge_1000,COMMENTED,2231,subsection: What the Final Augmented Regularization Paths Show,tab:path_anchor_summary,"% & \$75,655",13e57962f4344b9805040b45c05db465252441e45da7fd8776c4855ad2d79018,NOT_RENDERED,COMMENTED,
1.069,decimal,COMMENTED,2232,subsection: What the Final Augmented Regularization Paths Show,tab:path_anchor_summary,% & 1.069,dfac60f1176d0229bf40e481b590a59d02d3cacb97faca8288afe7a587596e67,NOT_RENDERED,COMMENTED,
0.091,decimal,COMMENTED,2233,subsection: What the Final Augmented Regularization Paths Show,tab:path_anchor_summary,% & -0.091,9f064378f2fd093d477c082aba6b3668feb29ccc3a69d3168fa2c689ab3481ba,NOT_RENDERED,COMMENTED,
0.923,decimal,COMMENTED,2234,subsection: What the Final Augmented Regularization Paths Show,tab:path_anchor_summary,% & 0.923,e28443102482e4288f0338eb009ec82f7b5c3efd26f565bf80113ed2a0052c01,NOT_RENDERED,COMMENTED,
26.5,decimal,COMMENTED,2235,subsection: What the Final Augmented Regularization Paths Show,tab:path_anchor_summary,% & -26.5\%,2d58c912b2e972488aca62532a4a8a16a8e3758c2f2bd75e7be443c45c4f0ae5,NOT_RENDERED,COMMENTED,
0.150,decimal,COMMENTED,2236,subsection: What the Final Augmented Regularization Paths Show,tab:path_anchor_summary,% & -0.150,16fc6bb6c18e291589890f5c12444eb001824635bf69ca7d243e2045a1dfeea9,NOT_RENDERED,COMMENTED,
0.387,decimal,COMMENTED,2237,subsection: What the Final Augmented Regularization Paths Show,tab:path_anchor_summary,% & 0.387 \\,36fae8d3cc9c84c564c88d940e896b6e1ad3c30a2b9adadca17e5c8c720d4003,NOT_RENDERED,COMMENTED,
0,int_small,COMMENTED,2243,subsection: What the Final Augmented Regularization Paths Show,tab:path_anchor_summary,% & 0,15772f9c9daf3bd20c7283f62726f339d7e2a2a8371dd3e5540f4b32f70d9a30,NOT_RENDERED,COMMENTED,
0.893,decimal,COMMENTED,2244,subsection: What the Final Augmented Regularization Paths Show,tab:path_anchor_summary,% & 0.893,065263545ff85da3d7594a5a1caba50129dbcd531c965cea6de7efb915e00749,NOT_RENDERED,COMMENTED,
"75,976",int_ge_1000,COMMENTED,2245,subsection: What the Final Augmented Regularization Paths Show,tab:path_anchor_summary,"% & \$75,976",4d82a533a6de5c043f0522febe9e9ea828eadae4e0c502e67cd8d1d936b66980,NOT_RENDERED,COMMENTED,
1.069,decimal,COMMENTED,2246,subsection: What the Final Augmented Regularization Paths Show,tab:path_anchor_summary,% & 1.069,dfac60f1176d0229bf40e481b590a59d02d3cacb97faca8288afe7a587596e67,NOT_RENDERED,COMMENTED,
0.088,decimal,COMMENTED,2247,subsection: What the Final Augmented Regularization Paths Show,tab:path_anchor_summary,% & -0.088,0286b1a4bc4d342e939cb171df8e973ca003b801bcde94f6951c27b66b2c8226,NOT_RENDERED,COMMENTED,
0.923,decimal,COMMENTED,2248,subsection: What the Final Augmented Regularization Paths Show,tab:path_anchor_summary,% & 0.923,e28443102482e4288f0338eb009ec82f7b5c3efd26f565bf80113ed2a0052c01,NOT_RENDERED,COMMENTED,
26.2,decimal,COMMENTED,2249,subsection: What the Final Augmented Regularization Paths Show,tab:path_anchor_summary,% & -26.2\%,5eb58a94a11cd17d6dc2e5948dcd9f562c07676d2462e5da5eb771654c2d932a,NOT_RENDERED,COMMENTED,
0.147,decimal,COMMENTED,2250,subsection: What the Final Augmented Regularization Paths Show,tab:path_anchor_summary,% & -0.147,46aa3da14ed8d29dd2066721a5e61adfada5322918208c06a90713b31ffac12f,NOT_RENDERED,COMMENTED,
0.382,decimal,COMMENTED,2251,subsection: What the Final Augmented Regularization Paths Show,tab:path_anchor_summary,% & 0.382 \\,8c64f5a9124ac1662bf36360c7318bbe098f2280b1eb23e12fecf4eccb43b1f3,NOT_RENDERED,COMMENTED,
0.10,decimal,COMMENTED,2254,subsection: What the Final Augmented Regularization Paths Show,tab:path_anchor_summary,% & $\approx 0.10$,89a7dda76cb812763bf115edfb4b14399e5a6eb5130a9e4dc45fb51212002d6d,NOT_RENDERED,COMMENTED,
0.894,decimal,COMMENTED,2255,subsection: What the Final Augmented Regularization Paths Show,tab:path_anchor_summary,% & 0.894,6fba4ae839cc3004c68051810c28473118deece75171f50a6855de6714e90c5d,NOT_RENDERED,COMMENTED,
"76,235",int_ge_1000,COMMENTED,2256,subsection: What the Final Augmented Regularization Paths Show,tab:path_anchor_summary,"% & \$76,235",8c8d717b0ecead57cf33ac6344debb839cf705e722e4c973120daf7a5e2fefb9,NOT_RENDERED,COMMENTED,
1.068,decimal,COMMENTED,2257,subsection: What the Final Augmented Regularization Paths Show,tab:path_anchor_summary,% & 1.068,93a66d269da8ef6eba3e781d2005ecb37cb93467ce5dc0da3697f797cd1a23ae,NOT_RENDERED,COMMENTED,
0.088,decimal,COMMENTED,2258,subsection: What the Final Augmented Regularization Paths Show,tab:path_anchor_summary,% & -0.088,0286b1a4bc4d342e939cb171df8e973ca003b801bcde94f6951c27b66b2c8226,NOT_RENDERED,COMMENTED,
0.926,decimal,COMMENTED,2259,subsection: What the Final Augmented Regularization Paths Show,tab:path_anchor_summary,% & 0.926,315badfe8cb9690c7fa9f32ee6f70350c89fb3b03bbd74fc3332d4d4b47946d8,NOT_RENDERED,COMMENTED,
27.0,decimal,COMMENTED,2260,subsection: What the Final Augmented Regularization Paths Show,tab:path_anchor_summary,% & -27.0\%,c8e94dffbcdcae6d5201ff6b09ac56563c1974623ef77d34ed8f0e75be9be35e,NOT_RENDERED,COMMENTED,
0.147,decimal,COMMENTED,2261,subsection: What the Final Augmented Regularization Paths Show,tab:path_anchor_summary,% & -0.147,46aa3da14ed8d29dd2066721a5e61adfada5322918208c06a90713b31ffac12f,NOT_RENDERED,COMMENTED,
0.382,decimal,COMMENTED,2262,subsection: What the Final Augmented Regularization Paths Show,tab:path_anchor_summary,% & 0.382 \\,8c64f5a9124ac1662bf36360c7318bbe098f2280b1eb23e12fecf4eccb43b1f3,NOT_RENDERED,COMMENTED,
0.95,decimal,COMMENTED,2265,subsection: What the Final Augmented Regularization Paths Show,tab:path_anchor_summary,% & $\approx 0.95$,28994c66b4aa14753d0236566c997c324a47575ee68534a4054edccee20798ea,NOT_RENDERED,COMMENTED,
0.899,decimal,COMMENTED,2266,subsection: What the Final Augmented Regularization Paths Show,tab:path_anchor_summary,% & 0.899,6d5bc0a8b54a80d26f1a97c1951f42d11b4097788fd1a376b9a5597c78443f40,NOT_RENDERED,COMMENTED,
"74,485",int_ge_1000,COMMENTED,2267,subsection: What the Final Augmented Regularization Paths Show,tab:path_anchor_summary,"% & \$74,485",9082afd56072069a8110e2101b296251bb0d6e6f959503b4f2b72fc8a48ca040,NOT_RENDERED,COMMENTED,
1.060,decimal,COMMENTED,2268,subsection: What the Final Augmented Regularization Paths Show,tab:path_anchor_summary,% & 1.060,4ba2bf6d9ccd9f95031eead9609ae63a9ed1483129df3fd161cab09b8d821b4b,NOT_RENDERED,COMMENTED,
0.075,decimal,COMMENTED,2269,subsection: What the Final Augmented Regularization Paths Show,tab:path_anchor_summary,% & -0.075,f4e549314aea5570f940f45e68af781cf21d1878ac87c295d4d5b6184245c8ff,NOT_RENDERED,COMMENTED,
0.940,decimal,COMMENTED,2270,subsection: What the Final Augmented Regularization Paths Show,tab:path_anchor_summary,% & 0.940,638a2ea81384259b46e446793b91938c980a1aa080937874a28bba230be53f58,NOT_RENDERED,COMMENTED,
21.9,decimal,COMMENTED,2271,subsection: What the Final Augmented Regularization Paths Show,tab:path_anchor_summary,% & -21.9\%,e612ca9c34353838d91baf5179a575e8aae060c021477b2958a48366369b6264,NOT_RENDERED,COMMENTED,
0.134,decimal,COMMENTED,2272,subsection: What the Final Augmented Regularization Paths Show,tab:path_anchor_summary,% & -0.134,981fc53444122f8649e7e3f2d7ec79a1b5948f78e6229e0b530b11ef0be47e7b,NOT_RENDERED,COMMENTED,
0.359,decimal,COMMENTED,2273,subsection: What the Final Augmented Regularization Paths Show,tab:path_anchor_summary,% & 0.359 \\,bbd893f5f86fbf16bc04b4ba319515e8b7746833e93422ff6aa8f4a89933e0c2,NOT_RENDERED,COMMENTED,
10.48,decimal,COMMENTED,2276,subsection: What the Final Augmented Regularization Paths Show,tab:path_anchor_summary,% & $\approx 10.48$,45ab643c096b44ab3a478a37fe7c0960e4ae4f347b48f1ec31602ebe391f921b,NOT_RENDERED,COMMENTED,
0.895,decimal,COMMENTED,2277,subsection: What the Final Augmented Regularization Paths Show,tab:path_anchor_summary,% & 0.895,1a7fc753a291e056292b9ca08a81dd4f5a1b3059e5a27f37b9d849c896933a43,NOT_RENDERED,COMMENTED,
"75,218",int_ge_1000,COMMENTED,2278,subsection: What the Final Augmented Regularization Paths Show,tab:path_anchor_summary,"% & \$75,218",3550714e2d9e2b11cea2c59eefd8253382cd9564278a3976de2c1dfb0304a1bc,NOT_RENDERED,COMMENTED,
1.036,decimal,COMMENTED,2279,subsection: What the Final Augmented Regularization Paths Show,tab:path_anchor_summary,% & 1.036,6b93dd2b771d3aacaaf1b436343bcf2115c6e498de4a8ce5168c4d8eb9f756a0,NOT_RENDERED,COMMENTED,
0.040,decimal,COMMENTED,2280,subsection: What the Final Augmented Regularization Paths Show,tab:path_anchor_summary,% & \textbf{-0.040},2f7d242df6f8ffa36267e655fe7ce445ed637d5f93af63c33d612fd76a35d1e0,NOT_RENDERED,COMMENTED,
0.984,decimal,COMMENTED,2281,subsection: What the Final Augmented Regularization Paths Show,tab:path_anchor_summary,% & 0.984,07bc2509d713b6ed694fffc7360274de944bd9c34e9f29b39cb898efc7265094,NOT_RENDERED,COMMENTED,
10.5,decimal,COMMENTED,2282,subsection: What the Final Augmented Regularization Paths Show,tab:path_anchor_summary,% & -10.5\%,88e7daeef361251a82582a01150bcf710a19f921aa47e2d2a88b08a7612944e2,NOT_RENDERED,COMMENTED,
0.096,decimal,COMMENTED,2283,subsection: What the Final Augmented Regularization Paths Show,tab:path_anchor_summary,% & -0.096,56f5405d4b04a70ea7d702c68d3e651c3c4c561a56cdb2be7f6aed08134d14ea,NOT_RENDERED,COMMENTED,
0.302,decimal,COMMENTED,2284,subsection: What the Final Augmented Regularization Paths Show,tab:path_anchor_summary,% & 0.302 \\,7fa3fddfbcd925cbaab8d9f764711115eb7b0bf497169fb2e76ad26c12b152f8,NOT_RENDERED,COMMENTED,
100,int_mid,COMMENTED,2287,subsection: What the Final Augmented Regularization Paths Show,tab:path_anchor_summary,% & 100,dfb90ff1092d56a2d057e4c0b086277ed5606176e0502a413ef1663cee5f891b,NOT_RENDERED,COMMENTED,
0.869,decimal,COMMENTED,2288,subsection: What the Final Augmented Regularization Paths Show,tab:path_anchor_summary,% & 0.869,5b78c45dfb6eefaed95fc526b5e40e0441f7816324a4e83fb80fc9b321df0d68,NOT_RENDERED,COMMENTED,
"84,918",int_ge_1000,COMMENTED,2289,subsection: What the Final Augmented Regularization Paths Show,tab:path_anchor_summary,"% & \$84,918",974ecde58b91e80f0e0eda47ffef00ad5853a0f2da6787bd0ad24aaf04529267,NOT_RENDERED,COMMENTED,
1.029,decimal,COMMENTED,2290,subsection: What the Final Augmented Regularization Paths Show,tab:path_anchor_summary,% & \textbf{1.029},ab2f69426f6afcc31c810175d52a0dad4e1fc696290acdd0623fcc3f237297fc,NOT_RENDERED,COMMENTED,
0.015,decimal,COMMENTED,2291,subsection: What the Final Augmented Regularization Paths Show,tab:path_anchor_summary,% & \textbf{-0.015},0740629e0ee3d0434105495e6c67a4ca3722a9093f0559f67a22384bac21f8cc,NOT_RENDERED,COMMENTED,
0.998,decimal,COMMENTED,2292,subsection: What the Final Augmented Regularization Paths Show,tab:path_anchor_summary,% & 0.998,9f17196240c33cfe1bd41ef045e0b903c3fc8dad6515aac18100d978e0f98bb8,NOT_RENDERED,COMMENTED,
0.7,decimal,COMMENTED,2293,subsection: What the Final Augmented Regularization Paths Show,tab:path_anchor_summary,% & \textbf{0.7\%},d1f133bf4a6d0490a57571df97da03ad2215b7fdef3359853e01009fc669a0a4,NOT_RENDERED,COMMENTED,
0.079,decimal,COMMENTED,2294,subsection: What the Final Augmented Regularization Paths Show,tab:path_anchor_summary,% & -0.079,b756b967c868e986c25b5d7a550aeaa6618e7fbe0efb78feca9ceb86a7f68ede,NOT_RENDERED,COMMENTED,
0.265,decimal,COMMENTED,2295,subsection: What the Final Augmented Regularization Paths Show,tab:path_anchor_summary,% & 0.265 \\,892b68f91ad4f2230a2f9379e4dfd3aeba13c4056613e9b15ce17f7b1a9c0f83,NOT_RENDERED,COMMENTED,
0,int_small,COMMENTED,2301,subsection: What the Final Augmented Regularization Paths Show,tab:path_anchor_summary,% & 0,15772f9c9daf3bd20c7283f62726f339d7e2a2a8371dd3e5540f4b32f70d9a30,NOT_RENDERED,COMMENTED,
0.893,decimal,COMMENTED,2302,subsection: What the Final Augmented Regularization Paths Show,tab:path_anchor_summary,% & 0.893,065263545ff85da3d7594a5a1caba50129dbcd531c965cea6de7efb915e00749,NOT_RENDERED,COMMENTED,
"75,976",int_ge_1000,COMMENTED,2303,subsection: What the Final Augmented Regularization Paths Show,tab:path_anchor_summary,"% & \$75,976",4d82a533a6de5c043f0522febe9e9ea828eadae4e0c502e67cd8d1d936b66980,NOT_RENDERED,COMMENTED,
1.069,decimal,COMMENTED,2304,subsection: What the Final Augmented Regularization Paths Show,tab:path_anchor_summary,% & 1.069,dfac60f1176d0229bf40e481b590a59d02d3cacb97faca8288afe7a587596e67,NOT_RENDERED,COMMENTED,
0.088,decimal,COMMENTED,2305,subsection: What the Final Augmented Regularization Paths Show,tab:path_anchor_summary,% & -0.088,0286b1a4bc4d342e939cb171df8e973ca003b801bcde94f6951c27b66b2c8226,NOT_RENDERED,COMMENTED,
0.923,decimal,COMMENTED,2306,subsection: What the Final Augmented Regularization Paths Show,tab:path_anchor_summary,% & 0.923,e28443102482e4288f0338eb009ec82f7b5c3efd26f565bf80113ed2a0052c01,NOT_RENDERED,COMMENTED,
26.2,decimal,COMMENTED,2307,subsection: What the Final Augmented Regularization Paths Show,tab:path_anchor_summary,% & -26.2\%,5eb58a94a11cd17d6dc2e5948dcd9f562c07676d2462e5da5eb771654c2d932a,NOT_RENDERED,COMMENTED,
0.147,decimal,COMMENTED,2308,subsection: What the Final Augmented Regularization Paths Show,tab:path_anchor_summary,% & -0.147,46aa3da14ed8d29dd2066721a5e61adfada5322918208c06a90713b31ffac12f,NOT_RENDERED,COMMENTED,
0.382,decimal,COMMENTED,2309,subsection: What the Final Augmented Regularization Paths Show,tab:path_anchor_summary,% & 0.382 \\,8c64f5a9124ac1662bf36360c7318bbe098f2280b1eb23e12fecf4eccb43b1f3,NOT_RENDERED,COMMENTED,
0.10,decimal,COMMENTED,2312,subsection: What the Final Augmented Regularization Paths Show,tab:path_anchor_summary,% & $\approx 0.10$,89a7dda76cb812763bf115edfb4b14399e5a6eb5130a9e4dc45fb51212002d6d,NOT_RENDERED,COMMENTED,
0.894,decimal,COMMENTED,2313,subsection: What the Final Augmented Regularization Paths Show,tab:path_anchor_summary,% & 0.894,6fba4ae839cc3004c68051810c28473118deece75171f50a6855de6714e90c5d,NOT_RENDERED,COMMENTED,
"75,897",int_ge_1000,COMMENTED,2314,subsection: What the Final Augmented Regularization Paths Show,tab:path_anchor_summary,"% & \$75,897",694f4a1e8abd4078a7781ac1bcf7741fa14cf17bf04aaa706ad9607b9ea72ca2,NOT_RENDERED,COMMENTED,
1.064,decimal,COMMENTED,2315,subsection: What the Final Augmented Regularization Paths Show,tab:path_anchor_summary,% & 1.064,3acad262c707381018bce575ba7c112d81d1fa1488fca5b2f79c6725db889afd,NOT_RENDERED,COMMENTED,
0.079,decimal,COMMENTED,2316,subsection: What the Final Augmented Regularization Paths Show,tab:path_anchor_summary,% & -0.079,b756b967c868e986c25b5d7a550aeaa6618e7fbe0efb78feca9ceb86a7f68ede,NOT_RENDERED,COMMENTED,
0.931,decimal,COMMENTED,2317,subsection: What the Final Augmented Regularization Paths Show,tab:path_anchor_summary,% & 0.931,89f5a0bb50d447c6bd6601fa4bb4c99ef4f04b13cfeb76b7ffffe4023a005e2f,NOT_RENDERED,COMMENTED,
22.7,decimal,COMMENTED,2318,subsection: What the Final Augmented Regularization Paths Show,tab:path_anchor_summary,% & -22.7\%,8261c10f203e2b779040617872c7e25b8e55de54defe5aedf89ee0d95318b01d,NOT_RENDERED,COMMENTED,
0.138,decimal,COMMENTED,2319,subsection: What the Final Augmented Regularization Paths Show,tab:path_anchor_summary,% & -0.138,e2fe706d8c78c68bcbe7c24c7891a3a4798bdf6865d3fc041028ebd7cf8f5423,NOT_RENDERED,COMMENTED,
0.367,decimal,COMMENTED,2320,subsection: What the Final Augmented Regularization Paths Show,tab:path_anchor_summary,% & 0.367 \\,db90f3d232ed3c62603f46d34346a380870f09bbccb485844ce565c29712b4e6,NOT_RENDERED,COMMENTED,
0.95,decimal,COMMENTED,2323,subsection: What the Final Augmented Regularization Paths Show,tab:path_anchor_summary,% & $\approx 0.95$,28994c66b4aa14753d0236566c997c324a47575ee68534a4054edccee20798ea,NOT_RENDERED,COMMENTED,
0.897,decimal,COMMENTED,2324,subsection: What the Final Augmented Regularization Paths Show,tab:path_anchor_summary,% & 0.897,beb6794a5b684b7169914a1d7c3d4a978760f9eed036bcf5ae341fd6f650a4c1,NOT_RENDERED,COMMENTED,
"75,468",int_ge_1000,COMMENTED,2325,subsection: What the Final Augmented Regularization Paths Show,tab:path_anchor_summary,"% & \$75,468",70f96983cfb576267b9f75108782095c5941a31edada9f6aa8ba68c987240755,NOT_RENDERED,COMMENTED,
1.049,decimal,COMMENTED,2326,subsection: What the Final Augmented Regularization Paths Show,tab:path_anchor_summary,% & 1.049,a57340e00172d3ba931be53120da424a65cad4f6303dca91c778a201997e5576,NOT_RENDERED,COMMENTED,
0.045,decimal,COMMENTED,2327,subsection: What the Final Augmented Regularization Paths Show,tab:path_anchor_summary,% & \textbf{-0.045},cb70a94e83fce91e44c377f7d48d7807cb534825af01230572eb60baf9028a02,NOT_RENDERED,COMMENTED,
0.953,decimal,COMMENTED,2328,subsection: What the Final Augmented Regularization Paths Show,tab:path_anchor_summary,% & 0.953,6d58d4be8d232c5f71b76e87e9a6cd9d51619f163b6e75ffa9837b8a60479f74,NOT_RENDERED,COMMENTED,
12.6,decimal,COMMENTED,2329,subsection: What the Final Augmented Regularization Paths Show,tab:path_anchor_summary,% & -12.6\%,ced748ce875880a106eb6fc26b930b26bb84db0b0efbfbb61f913a3d1d9a274f,NOT_RENDERED,COMMENTED,
0.102,decimal,COMMENTED,2330,subsection: What the Final Augmented Regularization Paths Show,tab:path_anchor_summary,% & -0.102,84b350fb11910da273c3a34cd73456a7a400abeb881d9751ca7c55a5daf90e1f,NOT_RENDERED,COMMENTED,
0.310,decimal,COMMENTED,2331,subsection: What the Final Augmented Regularization Paths Show,tab:path_anchor_summary,% & 0.310 \\,711832307ec81cc68c6057cf7bf954bf7f62d5826bdd11808c08e15864e07ef2,NOT_RENDERED,COMMENTED,
10.48,decimal,COMMENTED,2334,subsection: What the Final Augmented Regularization Paths Show,tab:path_anchor_summary,% & $\approx 10.48$,45ab643c096b44ab3a478a37fe7c0960e4ae4f347b48f1ec31602ebe391f921b,NOT_RENDERED,COMMENTED,
0.893,decimal,COMMENTED,2335,subsection: What the Final Augmented Regularization Paths Show,tab:path_anchor_summary,% & 0.893,065263545ff85da3d7594a5a1caba50129dbcd531c965cea6de7efb915e00749,NOT_RENDERED,COMMENTED,
"78,110",int_ge_1000,COMMENTED,2336,subsection: What the Final Augmented Regularization Paths Show,tab:path_anchor_summary,"% & \$78,110",cd9c12608b41f383f1ce66c5fb5e563b03db232353415d2d1237749094f77b6f,NOT_RENDERED,COMMENTED,
1.024,decimal,COMMENTED,2337,subsection: What the Final Augmented Regularization Paths Show,tab:path_anchor_summary,% & \textbf{1.024},eb6067e70b5b64c40213687d86a3ea19f09ef3004b0a14dc85aae976ef920687,NOT_RENDERED,COMMENTED,
0.013,decimal,COMMENTED,2338,subsection: What the Final Augmented Regularization Paths Show,tab:path_anchor_summary,% & \textbf{0.013},68472627af1945cec91c406881825f9c447ae11ff55d9494d5e94a74d83c41cb,NOT_RENDERED,COMMENTED,
0.988,decimal,COMMENTED,2339,subsection: What the Final Augmented Regularization Paths Show,tab:path_anchor_summary,% & 0.988,ddfadcf510967ee28d545962e2b0780a68322e7cca6ae6e2620e774003b1fd12,NOT_RENDERED,COMMENTED,
0.2,decimal,COMMENTED,2340,subsection: What the Final Augmented Regularization Paths Show,tab:path_anchor_summary,% & \textbf{0.2\%},1a7284c8e155a2f17183634739baa4676684a65ad9b57b2d850075ad7d6a004a,NOT_RENDERED,COMMENTED,
0.036,decimal,COMMENTED,2341,subsection: What the Final Augmented Regularization Paths Show,tab:path_anchor_summary,% & -0.036,2f332029384fa156355d094c1ee8fa434f7ec06b6b097b5139683aa71f0e0f21,NOT_RENDERED,COMMENTED,
0.250,decimal,COMMENTED,2342,subsection: What the Final Augmented Regularization Paths Show,tab:path_anchor_summary,% & 0.250 \\,0262cad619b6d57b2f411af4ce5fef35c265ced86473162dfd8c91df5e500f8a,NOT_RENDERED,COMMENTED,
100,int_mid,COMMENTED,2345,subsection: What the Final Augmented Regularization Paths Show,tab:path_anchor_summary,% & 100,dfb90ff1092d56a2d057e4c0b086277ed5606176e0502a413ef1663cee5f891b,NOT_RENDERED,COMMENTED,
0.889,decimal,COMMENTED,2346,subsection: What the Final Augmented Regularization Paths Show,tab:path_anchor_summary,% & 0.889,1a72ac8d3554876e954f15de7333261a0400539e47e086dcd058201d09af01ca,NOT_RENDERED,COMMENTED,
"82,094",int_ge_1000,COMMENTED,2347,subsection: What the Final Augmented Regularization Paths Show,tab:path_anchor_summary,"% & \$82,094",cd0b62a004cd010a98609a704b153e47a2878aaa078e6882de7fecb453cac480,NOT_RENDERED,COMMENTED,
1.010,decimal,COMMENTED,2348,subsection: What the Final Augmented Regularization Paths Show,tab:path_anchor_summary,% & \textbf{1.010},7b89f4a87a4b6f78e689b7402574721eb4ed54f7573543eb07d92524ca742a6b,NOT_RENDERED,COMMENTED,
0.042,decimal,COMMENTED,2349,subsection: What the Final Augmented Regularization Paths Show,tab:path_anchor_summary,% & \textbf{0.042},8ce27ef742b171d3d27a6aa27f0da5d4310cdd87b4b6df981520a0c235a88300,NOT_RENDERED,COMMENTED,
1.013,decimal,COMMENTED,2350,subsection: What the Final Augmented Regularization Paths Show,tab:path_anchor_summary,% & 1.013,3b2f3e18d591034d10983bec1665faa1b57c6cf322927f5e65ad8629bbf07b93,NOT_RENDERED,COMMENTED,
4.0,decimal,COMMENTED,2351,subsection: What the Final Augmented Regularization Paths Show,tab:path_anchor_summary,% & \textbf{4.0\%},970cfbe21972101b602779f35c02079bd07c0cddc39b1a5e7aea55b768829980,NOT_RENDERED,COMMENTED,
0.001,decimal,COMMENTED,2352,subsection: What the Final Augmented Regularization Paths Show,tab:path_anchor_summary,% & -0.001,d6742456162c980c4f352141405bbd3573232ab92de599e93795b9cc886a8d56,NOT_RENDERED,COMMENTED,
0.267,decimal,COMMENTED,2353,subsection: What the Final Augmented Regularization Paths Show,tab:path_anchor_summary,% & 0.267 \\,7d7cecfc7fa6e9922f43fb116dc143e481edd5dd05545d41dbc4e11939a08c6d,NOT_RENDERED,COMMENTED,
2025,year_like,COMMENTED,2358,subsection: What the Final Augmented Regularization Paths Show,tab:path_anchor_summary,% \multicolumn{10}{l}{\textit{Panel B: 2025 forward evaluation}} \\,1e9fb9b85ab46b3e24833ef08226b4d163f550d933515d6aa9546a02c55d968a,NOT_RENDERED,COMMENTED,
0.799,decimal,COMMENTED,2365,subsection: What the Final Augmented Regularization Paths Show,tab:path_anchor_summary,% & 0.799,8796d1a2b29a4890f8cdf840f0703f5f5f759a54dea80cf71fc52f4db5f27834,NOT_RENDERED,COMMENTED,
"99,371",int_ge_1000,COMMENTED,2366,subsection: What the Final Augmented Regularization Paths Show,tab:path_anchor_summary,"% & \$99,371",98d31870bd1e0225cba9edf9fe4c753da9022ff38a540628a5af121abb5e3baf,NOT_RENDERED,COMMENTED,
1.052,decimal,COMMENTED,2367,subsection: What the Final Augmented Regularization Paths Show,tab:path_anchor_summary,% & 1.052,2c95a3e6a043564ec61874a721fbc28dfb1a9f13b9b2fe91a524a450791d1eac,NOT_RENDERED,COMMENTED,
0.029,decimal,COMMENTED,2368,subsection: What the Final Augmented Regularization Paths Show,tab:path_anchor_summary,% & \textbf{-0.029},6e8b6a6e6a9f2bea08882761c0cd7c69a8de7ea4486ada0717c8ff9624452348,NOT_RENDERED,COMMENTED,
0.954,decimal,COMMENTED,2369,subsection: What the Final Augmented Regularization Paths Show,tab:path_anchor_summary,% & 0.954,28a64b4f451442a3841b552b4c434a68efaab4e56587975ce9e20c605e2e970f,NOT_RENDERED,COMMENTED,
17.3,decimal,COMMENTED,2370,subsection: What the Final Augmented Regularization Paths Show,tab:path_anchor_summary,% & -17.3\%,2e36dac38d4613b4c191488fd04627631af773029e8ead59b3f10b3fdea34fad,NOT_RENDERED,COMMENTED,
0.109,decimal,COMMENTED,2371,subsection: What the Final Augmented Regularization Paths Show,tab:path_anchor_summary,% & -0.109,01d783dc72e180ef07ed5fd05e5971a16a53feb5c82bb479c302cff6d599a659,NOT_RENDERED,COMMENTED,
0.269,decimal,COMMENTED,2372,subsection: What the Final Augmented Regularization Paths Show,tab:path_anchor_summary,% & 0.269 \\,b24296c7c45c766e7b5140eefbedc884bf4aaf60759bc5dd2ae5eea17390e0f6,NOT_RENDERED,COMMENTED,
0.904,decimal,COMMENTED,2376,subsection: What the Final Augmented Regularization Paths Show,tab:path_anchor_summary,% & 0.904,366bc2d7cdd347fe196a21d92b1df23001b586499102ba64760294becd34fbe3,NOT_RENDERED,COMMENTED,
"78,484",int_ge_1000,COMMENTED,2377,subsection: What the Final Augmented Regularization Paths Show,tab:path_anchor_summary,"% & \$78,484",642cfd72388dd9a05d2562a01bf1e0f3fd2de8f17d7def48ccc8a7c53e399335,NOT_RENDERED,COMMENTED,
1.079,decimal,COMMENTED,2378,subsection: What the Final Augmented Regularization Paths Show,tab:path_anchor_summary,% & 1.079,36e4d0f5c854dbe042911c3d3bd6d6c616943a26f322ffadd6808a30e966f02c,NOT_RENDERED,COMMENTED,
0.106,decimal,COMMENTED,2379,subsection: What the Final Augmented Regularization Paths Show,tab:path_anchor_summary,% & -0.106,8f88654e44ad3c8ca190af062dbc7092b50b5a39590bc155c8f72d93dd050bd6,NOT_RENDERED,COMMENTED,
0.907,decimal,COMMENTED,2380,subsection: What the Final Augmented Regularization Paths Show,tab:path_anchor_summary,% & 0.907,954b0a24ac4417da99527b2e1c59ceb95d6e810c34d5d080de71ff0e9d0d0789,NOT_RENDERED,COMMENTED,
28.6,decimal,COMMENTED,2381,subsection: What the Final Augmented Regularization Paths Show,tab:path_anchor_summary,% & -28.6\%,4a658194867c9444521cf2335942b2d5078ce8b165c3d762b6a6322adf3838e9,NOT_RENDERED,COMMENTED,
0.164,decimal,COMMENTED,2382,subsection: What the Final Augmented Regularization Paths Show,tab:path_anchor_summary,% & -0.164,28374e3130353fba911f572b23257382cab13e4667d888e04baf9cfc22dfbf04,NOT_RENDERED,COMMENTED,
0.422,decimal,COMMENTED,2383,subsection: What the Final Augmented Regularization Paths Show,tab:path_anchor_summary,% & 0.422 \\,28fdf428ea976dc877c4102630cb17e5efd5d5088bb172a57a5bd881795287f9,NOT_RENDERED,COMMENTED,
0,int_small,COMMENTED,2389,subsection: What the Final Augmented Regularization Paths Show,tab:path_anchor_summary,% & 0,15772f9c9daf3bd20c7283f62726f339d7e2a2a8371dd3e5540f4b32f70d9a30,NOT_RENDERED,COMMENTED,
0.904,decimal,COMMENTED,2390,subsection: What the Final Augmented Regularization Paths Show,tab:path_anchor_summary,% & 0.904,366bc2d7cdd347fe196a21d92b1df23001b586499102ba64760294becd34fbe3,NOT_RENDERED,COMMENTED,
"79,139",int_ge_1000,COMMENTED,2391,subsection: What the Final Augmented Regularization Paths Show,tab:path_anchor_summary,"% & \$79,139",ef4b281fdcecd55302b2e8e217e19e4c0611e1eab7e733cfbe043ecfc85d799e,NOT_RENDERED,COMMENTED,
1.078,decimal,COMMENTED,2392,subsection: What the Final Augmented Regularization Paths Show,tab:path_anchor_summary,% & 1.078,7a4bb4853c1eac59628231430e29e0a366913c7bdeced141cd1cce4cc576b8db,NOT_RENDERED,COMMENTED,
0.103,decimal,COMMENTED,2393,subsection: What the Final Augmented Regularization Paths Show,tab:path_anchor_summary,% & -0.103,ba47b4ff3db2dc669543f7e97cd6dd99be2fae957918aa7f65a0e85e3439464b,NOT_RENDERED,COMMENTED,
0.909,decimal,COMMENTED,2394,subsection: What the Final Augmented Regularization Paths Show,tab:path_anchor_summary,% & 0.909,e183060d49af90a58d7c4bc58008cdba6b48b9e5f3a6591c7c737ee13cd99570,NOT_RENDERED,COMMENTED,
28.4,decimal,COMMENTED,2395,subsection: What the Final Augmented Regularization Paths Show,tab:path_anchor_summary,% & -28.4\%,bf46408b3a1b86ea387985332b87b561fc3d46db8a52e44d6043b4c5ddd4a306,NOT_RENDERED,COMMENTED,
0.161,decimal,COMMENTED,2396,subsection: What the Final Augmented Regularization Paths Show,tab:path_anchor_summary,% & -0.161,3834262d38cceada5df4b4c04b80d05fb7e180a415659da5a013ee06dd88db33,NOT_RENDERED,COMMENTED,
0.417,decimal,COMMENTED,2397,subsection: What the Final Augmented Regularization Paths Show,tab:path_anchor_summary,% & 0.417 \\,a8a9932a253fe338a5f65d8f374c53afb68446604737e529369e5658ff9fb327,NOT_RENDERED,COMMENTED,
0.10,decimal,COMMENTED,2400,subsection: What the Final Augmented Regularization Paths Show,tab:path_anchor_summary,% & $\approx 0.10$,89a7dda76cb812763bf115edfb4b14399e5a6eb5130a9e4dc45fb51212002d6d,NOT_RENDERED,COMMENTED,
0.906,decimal,COMMENTED,2401,subsection: What the Final Augmented Regularization Paths Show,tab:path_anchor_summary,% & 0.906,bf9be7e5d42823de0f227c75097d9d8e122238362bbddb85320646ce64df7b91,NOT_RENDERED,COMMENTED,
"78,029",int_ge_1000,COMMENTED,2402,subsection: What the Final Augmented Regularization Paths Show,tab:path_anchor_summary,"% & \$78,029",df3fccf374877a68e7ed4aafe4f42e1bdd40e49aa2682b9155271f1d0a000624,NOT_RENDERED,COMMENTED,
1.077,decimal,COMMENTED,2403,subsection: What the Final Augmented Regularization Paths Show,tab:path_anchor_summary,% & 1.077,5990ba0c48c307501f861d2785259acfeae20141eeebeb20a5b65f1de51b8094,NOT_RENDERED,COMMENTED,
0.102,decimal,COMMENTED,2404,subsection: What the Final Augmented Regularization Paths Show,tab:path_anchor_summary,% & -0.102,84b350fb11910da273c3a34cd73456a7a400abeb881d9751ca7c55a5daf90e1f,NOT_RENDERED,COMMENTED,
0.910,decimal,COMMENTED,2405,subsection: What the Final Augmented Regularization Paths Show,tab:path_anchor_summary,% & 0.910,4f635e4927dc1b47b350d82893c434c83fae9550e734d75867ca8384a054f067,NOT_RENDERED,COMMENTED,
27.7,decimal,COMMENTED,2406,subsection: What the Final Augmented Regularization Paths Show,tab:path_anchor_summary,% & -27.7\%,716bd310c11cfc363100c9a51a8c8b292fd83b4db30de2b258524f0066210613,NOT_RENDERED,COMMENTED,
0.160,decimal,COMMENTED,2407,subsection: What the Final Augmented Regularization Paths Show,tab:path_anchor_summary,% & -0.160,32051303a85e1bd24f3efdef4add38c80456f75c531111df997ff514604fb793,NOT_RENDERED,COMMENTED,
0.416,decimal,COMMENTED,2408,subsection: What the Final Augmented Regularization Paths Show,tab:path_anchor_summary,% & 0.416 \\,93e7840b87f1a160e4396efedb42358a3fb9c8af7d18af0aae8a552f54ede490,NOT_RENDERED,COMMENTED,
0.95,decimal,COMMENTED,2411,subsection: What the Final Augmented Regularization Paths Show,tab:path_anchor_summary,% & $\approx 0.95$,28994c66b4aa14753d0236566c997c324a47575ee68534a4054edccee20798ea,NOT_RENDERED,COMMENTED,
0.910,decimal,COMMENTED,2412,subsection: What the Final Augmented Regularization Paths Show,tab:path_anchor_summary,% & 0.910,4f635e4927dc1b47b350d82893c434c83fae9550e734d75867ca8384a054f067,NOT_RENDERED,COMMENTED,
"77,139",int_ge_1000,COMMENTED,2413,subsection: What the Final Augmented Regularization Paths Show,tab:path_anchor_summary,"% & \$77,139",cfb53010ec22abd38802fcb6bc6a189a6621aaf84a142f0c5424e87287602584,NOT_RENDERED,COMMENTED,
1.069,decimal,COMMENTED,2414,subsection: What the Final Augmented Regularization Paths Show,tab:path_anchor_summary,% & 1.069,dfac60f1176d0229bf40e481b590a59d02d3cacb97faca8288afe7a587596e67,NOT_RENDERED,COMMENTED,
0.090,decimal,COMMENTED,2415,subsection: What the Final Augmented Regularization Paths Show,tab:path_anchor_summary,% & -0.090,5b88b4908f906b0b97efc2042304cf86d352246d766b6aa0ecbecf9de089153e,NOT_RENDERED,COMMENTED,
0.926,decimal,COMMENTED,2416,subsection: What the Final Augmented Regularization Paths Show,tab:path_anchor_summary,% & 0.926,315badfe8cb9690c7fa9f32ee6f70350c89fb3b03bbd74fc3332d4d4b47946d8,NOT_RENDERED,COMMENTED,
23.9,decimal,COMMENTED,2417,subsection: What the Final Augmented Regularization Paths Show,tab:path_anchor_summary,% & -23.9\%,ae111502963a57c5771466ff1e5c7ad39975d614127109cfe105543871a659c9,NOT_RENDERED,COMMENTED,
0.148,decimal,COMMENTED,2418,subsection: What the Final Augmented Regularization Paths Show,tab:path_anchor_summary,% & -0.148,1c80c0bb5e1058fb834ddc1b294290aae14ce61192ab4b60e797fe694825e9e4,NOT_RENDERED,COMMENTED,
0.392,decimal,COMMENTED,2419,subsection: What the Final Augmented Regularization Paths Show,tab:path_anchor_summary,% & 0.392 \\,182765ffd394381df23c3cfa9bf88b76f51409518503865da2fc21776c5a7e26,NOT_RENDERED,COMMENTED,
10.48,decimal,COMMENTED,2422,subsection: What the Final Augmented Regularization Paths Show,tab:path_anchor_summary,% & $\approx 10.48$,45ab643c096b44ab3a478a37fe7c0960e4ae4f347b48f1ec31602ebe391f921b,NOT_RENDERED,COMMENTED,
0.902,decimal,COMMENTED,2423,subsection: What the Final Augmented Regularization Paths Show,tab:path_anchor_summary,% & 0.902,c0b608f1236b2294f8b7bfb35894133d3c77261e9e860afadbb9ea19efe50b86,NOT_RENDERED,COMMENTED,
"79,187",int_ge_1000,COMMENTED,2424,subsection: What the Final Augmented Regularization Paths Show,tab:path_anchor_summary,"% & \$79,187",8abf7daaa739d08b6373f460ae2af9f496ac9dc8779007e483ce561d3175cee0,NOT_RENDERED,COMMENTED,
1.042,decimal,COMMENTED,2425,subsection: What the Final Augmented Regularization Paths Show,tab:path_anchor_summary,% & 1.042,af00c51f47c5a807e656a94bfc6dcc7fd3b08bfd8a481321cce423a298e4aa71,NOT_RENDERED,COMMENTED,
0.049,decimal,COMMENTED,2426,subsection: What the Final Augmented Regularization Paths Show,tab:path_anchor_summary,% & \textbf{-0.049},6e02ca2bb231e3caad71cb5d16f7c487c656809fa29d15671717824a6e6275b7,NOT_RENDERED,COMMENTED,
0.971,decimal,COMMENTED,2427,subsection: What the Final Augmented Regularization Paths Show,tab:path_anchor_summary,% & 0.971,cda8f4a8620e7c597f9fda63abf44dbec0e836b9829a6bf9deb87fd52f133a9e,NOT_RENDERED,COMMENTED,
11.9,decimal,COMMENTED,2428,subsection: What the Final Augmented Regularization Paths Show,tab:path_anchor_summary,% & -11.9\%,2674054eb3d7984358fc0a3d369c5fa275752cca14bfef8467ad08e57bf3c2dd,NOT_RENDERED,COMMENTED,
0.105,decimal,COMMENTED,2429,subsection: What the Final Augmented Regularization Paths Show,tab:path_anchor_summary,% & -0.105,6898a7c6f0c38131febcc4b5634b2dcacf53606b0aea2f97819f74e0a003073b,NOT_RENDERED,COMMENTED,
0.318,decimal,COMMENTED,2430,subsection: What the Final Augmented Regularization Paths Show,tab:path_anchor_summary,% & 0.318 \\,bde1e014a9ac4d2d350f9e29c492e803d5c7fc9bb9d718882974d1f6fb560598,NOT_RENDERED,COMMENTED,
100,int_mid,COMMENTED,2433,subsection: What the Final Augmented Regularization Paths Show,tab:path_anchor_summary,% & 100,dfb90ff1092d56a2d057e4c0b086277ed5606176e0502a413ef1663cee5f891b,NOT_RENDERED,COMMENTED,
0.873,decimal,COMMENTED,2434,subsection: What the Final Augmented Regularization Paths Show,tab:path_anchor_summary,% & 0.873,138e64e78a120190575ec3622077458fc5dd16a9cbfe79d1a238d816819de82d,NOT_RENDERED,COMMENTED,
"89,309",int_ge_1000,COMMENTED,2435,subsection: What the Final Augmented Regularization Paths Show,tab:path_anchor_summary,"% & \$89,309",626be143085655cf288e04bea967b3f800af18c102c315f3d7eaf235a098a51a,NOT_RENDERED,COMMENTED,
1.036,decimal,COMMENTED,2436,subsection: What the Final Augmented Regularization Paths Show,tab:path_anchor_summary,% & 1.036,6b93dd2b771d3aacaaf1b436343bcf2115c6e498de4a8ce5168c4d8eb9f756a0,NOT_RENDERED,COMMENTED,
0.029,decimal,COMMENTED,2437,subsection: What the Final Augmented Regularization Paths Show,tab:path_anchor_summary,% & \textbf{-0.029},6e8b6a6e6a9f2bea08882761c0cd7c69a8de7ea4486ada0717c8ff9624452348,NOT_RENDERED,COMMENTED,
0.983,decimal,COMMENTED,2438,subsection: What the Final Augmented Regularization Paths Show,tab:path_anchor_summary,% & 0.983,cae955a46e85a3a31a254255b04b9302cf3920d63a39beaf4684b18c5214f033,NOT_RENDERED,COMMENTED,
4.5,decimal,COMMENTED,2439,subsection: What the Final Augmented Regularization Paths Show,tab:path_anchor_summary,% & \textbf{-4.5\%},1420ad67db85c6976d3b949e4588605829ced3366e1afc797c725dbcaa1ec122,NOT_RENDERED,COMMENTED,
0.093,decimal,COMMENTED,2440,subsection: What the Final Augmented Regularization Paths Show,tab:path_anchor_summary,% & -0.093,641cd1ae38b19fbf0c3704e0f1d69fefe7cbc17b2181e2627073400124e3dcd5,NOT_RENDERED,COMMENTED,
0.281,decimal,COMMENTED,2441,subsection: What the Final Augmented Regularization Paths Show,tab:path_anchor_summary,% & 0.281 \\,0c7a5b9b4e3ec2441b34436e8460653fa28f0ff97f37da654e20be955167aacd,NOT_RENDERED,COMMENTED,
0,int_small,COMMENTED,2447,subsection: What the Final Augmented Regularization Paths Show,tab:path_anchor_summary,% & 0,15772f9c9daf3bd20c7283f62726f339d7e2a2a8371dd3e5540f4b32f70d9a30,NOT_RENDERED,COMMENTED,
0.904,decimal,COMMENTED,2448,subsection: What the Final Augmented Regularization Paths Show,tab:path_anchor_summary,% & 0.904,366bc2d7cdd347fe196a21d92b1df23001b586499102ba64760294becd34fbe3,NOT_RENDERED,COMMENTED,
"79,139",int_ge_1000,COMMENTED,2449,subsection: What the Final Augmented Regularization Paths Show,tab:path_anchor_summary,"% & \$79,139",ef4b281fdcecd55302b2e8e217e19e4c0611e1eab7e733cfbe043ecfc85d799e,NOT_RENDERED,COMMENTED,
1.078,decimal,COMMENTED,2450,subsection: What the Final Augmented Regularization Paths Show,tab:path_anchor_summary,% & 1.078,7a4bb4853c1eac59628231430e29e0a366913c7bdeced141cd1cce4cc576b8db,NOT_RENDERED,COMMENTED,
0.103,decimal,COMMENTED,2451,subsection: What the Final Augmented Regularization Paths Show,tab:path_anchor_summary,% & -0.103,ba47b4ff3db2dc669543f7e97cd6dd99be2fae957918aa7f65a0e85e3439464b,NOT_RENDERED,COMMENTED,
0.909,decimal,COMMENTED,2452,subsection: What the Final Augmented Regularization Paths Show,tab:path_anchor_summary,% & 0.909,e183060d49af90a58d7c4bc58008cdba6b48b9e5f3a6591c7c737ee13cd99570,NOT_RENDERED,COMMENTED,
28.4,decimal,COMMENTED,2453,subsection: What the Final Augmented Regularization Paths Show,tab:path_anchor_summary,% & -28.4\%,bf46408b3a1b86ea387985332b87b561fc3d46db8a52e44d6043b4c5ddd4a306,NOT_RENDERED,COMMENTED,
0.161,decimal,COMMENTED,2454,subsection: What the Final Augmented Regularization Paths Show,tab:path_anchor_summary,% & -0.161,3834262d38cceada5df4b4c04b80d05fb7e180a415659da5a013ee06dd88db33,NOT_RENDERED,COMMENTED,
0.417,decimal,COMMENTED,2455,subsection: What the Final Augmented Regularization Paths Show,tab:path_anchor_summary,% & 0.417 \\,a8a9932a253fe338a5f65d8f374c53afb68446604737e529369e5658ff9fb327,NOT_RENDERED,COMMENTED,
0.10,decimal,COMMENTED,2458,subsection: What the Final Augmented Regularization Paths Show,tab:path_anchor_summary,% & $\approx 0.10$,89a7dda76cb812763bf115edfb4b14399e5a6eb5130a9e4dc45fb51212002d6d,NOT_RENDERED,COMMENTED,
0.905,decimal,COMMENTED,2459,subsection: What the Final Augmented Regularization Paths Show,tab:path_anchor_summary,% & 0.905,f3a4df790e84cc05327bb2f80382aebc7f1a418aff0a2f6978f793eac6343a8a,NOT_RENDERED,COMMENTED,
"78,546",int_ge_1000,COMMENTED,2460,subsection: What the Final Augmented Regularization Paths Show,tab:path_anchor_summary,"% & \$78,546",568054f14b0f367d942e42abb98f088b55dca556a9e514b0698e04eb7f698b01,NOT_RENDERED,COMMENTED,
1.074,decimal,COMMENTED,2461,subsection: What the Final Augmented Regularization Paths Show,tab:path_anchor_summary,% & 1.074,344bcdb8113ad042604869059ae1a5120fb652811bb2aa2f0879efe7c169a00d,NOT_RENDERED,COMMENTED,
0.095,decimal,COMMENTED,2462,subsection: What the Final Augmented Regularization Paths Show,tab:path_anchor_summary,% & -0.095,75a43d51e68424005475c37f0621d7b3de3f0a8701c510ee4bafcda5d6e5ea3f,NOT_RENDERED,COMMENTED,
0.914,decimal,COMMENTED,2463,subsection: What the Final Augmented Regularization Paths Show,tab:path_anchor_summary,% & 0.914,4a94adf7e02e103fd746203875b62073d8be352fcdc0b8593c84dee7f1b1d29a,NOT_RENDERED,COMMENTED,
24.7,decimal,COMMENTED,2464,subsection: What the Final Augmented Regularization Paths Show,tab:path_anchor_summary,% & -24.7\%,ccc778af085bde1fbdb7216b258bc2408acace6fee57fbe179c3e60d01cf21f1,NOT_RENDERED,COMMENTED,
0.153,decimal,COMMENTED,2465,subsection: What the Final Augmented Regularization Paths Show,tab:path_anchor_summary,% & -0.153,1d9cdc412a293f0a3d1a81673719f77b3fcea59c169af7d34287f92dbbe33418,NOT_RENDERED,COMMENTED,
0.402,decimal,COMMENTED,2466,subsection: What the Final Augmented Regularization Paths Show,tab:path_anchor_summary,% & 0.402 \\,1ca5d38988592cd395ed398ad44ef55150f396a1da20786896618e9e6b0ccd2c,NOT_RENDERED,COMMENTED,
0.95,decimal,COMMENTED,2469,subsection: What the Final Augmented Regularization Paths Show,tab:path_anchor_summary,% & $\approx 0.95$,28994c66b4aa14753d0236566c997c324a47575ee68534a4054edccee20798ea,NOT_RENDERED,COMMENTED,
0.908,decimal,COMMENTED,2470,subsection: What the Final Augmented Regularization Paths Show,tab:path_anchor_summary,% & 0.908,8a1dabfe9ccdcf0206d21ba6473aea947906feceabd01c742c2702fc8449c886,NOT_RENDERED,COMMENTED,
"78,196",int_ge_1000,COMMENTED,2471,subsection: What the Final Augmented Regularization Paths Show,tab:path_anchor_summary,"% & \$78,196",dcf3167218285391a0776b5115ffd347d767cf69170b92d24b57d7cb67a58f15,NOT_RENDERED,COMMENTED,
1.060,decimal,COMMENTED,2472,subsection: What the Final Augmented Regularization Paths Show,tab:path_anchor_summary,% & 1.060,4ba2bf6d9ccd9f95031eead9609ae63a9ed1483129df3fd161cab09b8d821b4b,NOT_RENDERED,COMMENTED,
0.062,decimal,COMMENTED,2473,subsection: What the Final Augmented Regularization Paths Show,tab:path_anchor_summary,% & -0.062,df16934b6ac7c898bc548b52339fb53567087a40475af11769be4b2c251864bb,NOT_RENDERED,COMMENTED,
0.932,decimal,COMMENTED,2474,subsection: What the Final Augmented Regularization Paths Show,tab:path_anchor_summary,% & 0.932,d9e27df2127c25c1f766c10735f9ab6f8afdc140d262603cc012dcc24f42c28d,NOT_RENDERED,COMMENTED,
15.3,decimal,COMMENTED,2475,subsection: What the Final Augmented Regularization Paths Show,tab:path_anchor_summary,% & -15.3\%,25e6d78bd7db0e67908808554056892be330bf7016e54c5bb67b9e64ae955a10,NOT_RENDERED,COMMENTED,
0.120,decimal,COMMENTED,2476,subsection: What the Final Augmented Regularization Paths Show,tab:path_anchor_summary,% & -0.120,6973d993b9763efc63a0ffadb0a9d3f5d92cb72305f7065dec24d61606ce8dc4,NOT_RENDERED,COMMENTED,
0.343,decimal,COMMENTED,2477,subsection: What the Final Augmented Regularization Paths Show,tab:path_anchor_summary,% & 0.343 \\,2aa7d5fd18bad0088ccd070dbc6467c75b317c8a5a1b40fdb42a9233abd07a04,NOT_RENDERED,COMMENTED,
10.48,decimal,COMMENTED,2480,subsection: What the Final Augmented Regularization Paths Show,tab:path_anchor_summary,% & $\approx 10.48$,45ab643c096b44ab3a478a37fe7c0960e4ae4f347b48f1ec31602ebe391f921b,NOT_RENDERED,COMMENTED,
0.905,decimal,COMMENTED,2481,subsection: What the Final Augmented Regularization Paths Show,tab:path_anchor_summary,% & 0.905,f3a4df790e84cc05327bb2f80382aebc7f1a418aff0a2f6978f793eac6343a8a,NOT_RENDERED,COMMENTED,
"81,075",int_ge_1000,COMMENTED,2482,subsection: What the Final Augmented Regularization Paths Show,tab:path_anchor_summary,"% & \$81,075",2711678cceecb5edcf30aa1955ee946ad660273aa836caaa029327e507e145f1,NOT_RENDERED,COMMENTED,
1.033,decimal,COMMENTED,2483,subsection: What the Final Augmented Regularization Paths Show,tab:path_anchor_summary,% & 1.033,5060a5437af28a8a10c75a691f15205f2f048d3cea6b7577e4967fb6b576006a,NOT_RENDERED,COMMENTED,
0.000,decimal,COMMENTED,2484,subsection: What the Final Augmented Regularization Paths Show,tab:path_anchor_summary,% & \textbf{0.000},716e1ad4a7760f4015c2b3fc269a2d192278b1fd7a25ccaa0e15592358d4bed6,NOT_RENDERED,COMMENTED,
0.967,decimal,COMMENTED,2485,subsection: What the Final Augmented Regularization Paths Show,tab:path_anchor_summary,% & 0.967,dbec2e35287b552657946b992253e532a12175bc7e986293dfe5d9095f7f9f85,NOT_RENDERED,COMMENTED,
2.0,decimal,COMMENTED,2486,subsection: What the Final Augmented Regularization Paths Show,tab:path_anchor_summary,% & \textbf{-2.0\%},58458f0c991f28ec95cec8bedc6512af4f070859e36598b6b4bb0c19d1876e1b,NOT_RENDERED,COMMENTED,
0.050,decimal,COMMENTED,2487,subsection: What the Final Augmented Regularization Paths Show,tab:path_anchor_summary,% & -0.050,1eac05ff915eaae1234d7427bf7424929ce648553e0334afb338da3cf036b1f9,NOT_RENDERED,COMMENTED,
0.258,decimal,COMMENTED,2488,subsection: What the Final Augmented Regularization Paths Show,tab:path_anchor_summary,% & 0.258 \\,40cffb31d0f522c3a7c22efc9d6123ca7166ad0f6f0dd1b79dd0a7b449c1ff9c,NOT_RENDERED,COMMENTED,
100,int_mid,COMMENTED,2491,subsection: What the Final Augmented Regularization Paths Show,tab:path_anchor_summary,% & 100,dfb90ff1092d56a2d057e4c0b086277ed5606176e0502a413ef1663cee5f891b,NOT_RENDERED,COMMENTED,
0.900,decimal,COMMENTED,2492,subsection: What the Final Augmented Regularization Paths Show,tab:path_anchor_summary,% & 0.900,7a1c2cbdcf7d5c18b2fc0955b3afa3d1c746d1815ff83fd4f8efdbc86bc1ad17,NOT_RENDERED,COMMENTED,
"85,257",int_ge_1000,COMMENTED,2493,subsection: What the Final Augmented Regularization Paths Show,tab:path_anchor_summary,"% & \$85,257",ed1f4676ea0da2dfb3e9cf6d6047c63835cf725032773d8d1d7e603d2c509c36,NOT_RENDERED,COMMENTED,
1.020,decimal,COMMENTED,2494,subsection: What the Final Augmented Regularization Paths Show,tab:path_anchor_summary,% & \textbf{1.020},2212de75093820bc13243b41d3bf83b179392884352257151cd1c98e916dafa2,NOT_RENDERED,COMMENTED,
0.030,decimal,COMMENTED,2495,subsection: What the Final Augmented Regularization Paths Show,tab:path_anchor_summary,% & \textbf{0.030},a350a4258a75f2c75ac23a09cabcd8af8090a3e449b72ed86e641712fca6a9be,NOT_RENDERED,COMMENTED,
0.987,decimal,COMMENTED,2496,subsection: What the Final Augmented Regularization Paths Show,tab:path_anchor_summary,% & 0.987,736fdc14cadb3f8a79b0c3e7e4f4e8cf36806ce2fb8dbb33555bb0b3c25cb8bd,NOT_RENDERED,COMMENTED,
1.7,decimal,COMMENTED,2497,subsection: What the Final Augmented Regularization Paths Show,tab:path_anchor_summary,% & \textbf{1.7\%},5cb536ea97dfb9999ed4773b562c9253bcd9c000e78cc3225f963ab0d9572cc9,NOT_RENDERED,COMMENTED,
0.015,decimal,COMMENTED,2498,subsection: What the Final Augmented Regularization Paths Show,tab:path_anchor_summary,% & -0.015,4980c25f845db54965a2aae5452f795acd80906e6e4f5e63f80545d5a1898f60,NOT_RENDERED,COMMENTED,
0.266,decimal,COMMENTED,2499,subsection: What the Final Augmented Regularization Paths Show,tab:path_anchor_summary,% & 0.266 \\,a4ee4ca7d39ea4007d2d424c40e5db9d337dec18694b5550bfc0771eee842b2b,NOT_RENDERED,COMMENTED,
0.98,decimal,COMMENTED,2513,subsection: What the Final Augmented Regularization Paths Show,tab:path_anchor_summary,"% IAAO reference range: PRD $[0.98,1.03]$ and PRB $[-0.05,0.05]$ follow the",428d6b97089c695665d5e01a659d55f0d2124533326e7bb200bcba6d08290264,NOT_RENDERED,COMMENTED,
1.03,decimal,COMMENTED,2513,subsection: What the Final Augmented Regularization Paths Show,tab:path_anchor_summary,"% IAAO reference range: PRD $[0.98,1.03]$ and PRB $[-0.05,0.05]$ follow the",428d6b97089c695665d5e01a659d55f0d2124533326e7bb200bcba6d08290264,NOT_RENDERED,COMMENTED,
0.05,decimal,COMMENTED,2513,subsection: What the Final Augmented Regularization Paths Show,tab:path_anchor_summary,"% IAAO reference range: PRD $[0.98,1.03]$ and PRB $[-0.05,0.05]$ follow the",428d6b97089c695665d5e01a659d55f0d2124533326e7bb200bcba6d08290264,NOT_RENDERED,COMMENTED,
0.05,decimal,COMMENTED,2513,subsection: What the Final Augmented Regularization Paths Show,tab:path_anchor_summary,"% IAAO reference range: PRD $[0.98,1.03]$ and PRB $[-0.05,0.05]$ follow the",428d6b97089c695665d5e01a659d55f0d2124533326e7bb200bcba6d08290264,NOT_RENDERED,COMMENTED,
2013,year_like,COMMENTED,2514,subsection: What the Final Augmented Regularization Paths Show,tab:path_anchor_summary,"% 2013 IAAO Standard on Ratio Studies, while VEI $[-10\%,10\%]$ follows the",729ab0e3216c1065be641699bc21863911c7536a2c6722579f025c6dd1f847e0,NOT_RENDERED,COMMENTED,
10,int_small,COMMENTED,2514,subsection: What the Final Augmented Regularization Paths Show,tab:path_anchor_summary,"% 2013 IAAO Standard on Ratio Studies, while VEI $[-10\%,10\%]$ follows the",729ab0e3216c1065be641699bc21863911c7536a2c6722579f025c6dd1f847e0,NOT_RENDERED,COMMENTED,
10,int_small,COMMENTED,2514,subsection: What the Final Augmented Regularization Paths Show,tab:path_anchor_summary,"% 2013 IAAO Standard on Ratio Studies, while VEI $[-10\%,10\%]$ follows the",729ab0e3216c1065be641699bc21863911c7536a2c6722579f025c6dd1f847e0,NOT_RENDERED,COMMENTED,
2026,year_like,COMMENTED,2515,subsection: What the Final Augmented Regularization Paths Show,tab:path_anchor_summary,% May 2026 IAAO exposure draft and is used here as descriptive guidance rather,11a999be7a3a7fa8baeb3d00a303d3e8085be6d985640433d4efe04f8ad6dfc8,NOT_RENDERED,COMMENTED,
2,int_small,COMMENTED,2533,subsection: What the Final Augmented Regularization Paths Show,tab:path_anchor_summary,% & $R^2_P$,d609b020610b9b7855a1ab1abdfe348d4291f676aa1434c02933b6487d4fbf4e,NOT_RENDERED,COMMENTED,
0.799,decimal,COMMENTED,2547,subsection: What the Final Augmented Regularization Paths Show,tab:path_anchor_summary,"% Linear regression & -- & 0.799 & \$90,092 & \textbf{1.042} & \textbf{-0.016} & \textbf{0.975} & \textbf{-11.6\%} & \te",651a89084d099d0b7306728b8f7a15dac7e94f13e42a2c0090f62ce8870f40d5,NOT_RENDERED,COMMENTED,
"90,092",int_ge_1000,COMMENTED,2547,subsection: What the Final Augmented Regularization Paths Show,tab:path_anchor_summary,"% Linear regression & -- & 0.799 & \$90,092 & \textbf{1.042} & \textbf{-0.016} & \textbf{0.975} & \textbf{-11.6\%} & \te",651a89084d099d0b7306728b8f7a15dac7e94f13e42a2c0090f62ce8870f40d5,NOT_RENDERED,COMMENTED,
1.042,decimal,COMMENTED,2547,subsection: What the Final Augmented Regularization Paths Show,tab:path_anchor_summary,"% Linear regression & -- & 0.799 & \$90,092 & \textbf{1.042} & \textbf{-0.016} & \textbf{0.975} & \textbf{-11.6\%} & \te",651a89084d099d0b7306728b8f7a15dac7e94f13e42a2c0090f62ce8870f40d5,NOT_RENDERED,COMMENTED,
0.016,decimal,COMMENTED,2547,subsection: What the Final Augmented Regularization Paths Show,tab:path_anchor_summary,"% Linear regression & -- & 0.799 & \$90,092 & \textbf{1.042} & \textbf{-0.016} & \textbf{0.975} & \textbf{-11.6\%} & \te",651a89084d099d0b7306728b8f7a15dac7e94f13e42a2c0090f62ce8870f40d5,NOT_RENDERED,COMMENTED,
0.975,decimal,COMMENTED,2547,subsection: What the Final Augmented Regularization Paths Show,tab:path_anchor_summary,"% Linear regression & -- & 0.799 & \$90,092 & \textbf{1.042} & \textbf{-0.016} & \textbf{0.975} & \textbf{-11.6\%} & \te",651a89084d099d0b7306728b8f7a15dac7e94f13e42a2c0090f62ce8870f40d5,NOT_RENDERED,COMMENTED,
11.6,decimal,COMMENTED,2547,subsection: What the Final Augmented Regularization Paths Show,tab:path_anchor_summary,"% Linear regression & -- & 0.799 & \$90,092 & \textbf{1.042} & \textbf{-0.016} & \textbf{0.975} & \textbf{-11.6\%} & \te",651a89084d099d0b7306728b8f7a15dac7e94f13e42a2c0090f62ce8870f40d5,NOT_RENDERED,COMMENTED,
0.092,decimal,COMMENTED,2547,subsection: What the Final Augmented Regularization Paths Show,tab:path_anchor_summary,"% Linear regression & -- & 0.799 & \$90,092 & \textbf{1.042} & \textbf{-0.016} & \textbf{0.975} & \textbf{-11.6\%} & \te",651a89084d099d0b7306728b8f7a15dac7e94f13e42a2c0090f62ce8870f40d5,NOT_RENDERED,COMMENTED,
0.131,decimal,COMMENTED,2547,subsection: What the Final Augmented Regularization Paths Show,tab:path_anchor_summary,"% Linear regression & -- & 0.799 & \$90,092 & \textbf{1.042} & \textbf{-0.016} & \textbf{0.975} & \textbf{-11.6\%} & \te",651a89084d099d0b7306728b8f7a15dac7e94f13e42a2c0090f62ce8870f40d5,NOT_RENDERED,COMMENTED,
0.250,decimal,COMMENTED,2547,subsection: What the Final Augmented Regularization Paths Show,tab:path_anchor_summary,"% Linear regression & -- & 0.799 & \$90,092 & \textbf{1.042} & \textbf{-0.016} & \textbf{0.975} & \textbf{-11.6\%} & \te",651a89084d099d0b7306728b8f7a15dac7e94f13e42a2c0090f62ce8870f40d5,NOT_RENDERED,COMMENTED,
0.894,decimal,COMMENTED,2548,subsection: What the Final Augmented Regularization Paths Show,tab:path_anchor_summary,"% Ordinary LightGBM & -- & \textbf{0.894} & \textbf{\$75,655} & 1.069 & -0.091 & 0.923 & -26.5\% & -0.150 & \textbf{0.11",d5255d7c9d4c0385f69d15e4a113e6ffa90543e2b9bbad06d16e45bfd2dd2d6e,NOT_RENDERED,COMMENTED,
"75,655",int_ge_1000,COMMENTED,2548,subsection: What the Final Augmented Regularization Paths Show,tab:path_anchor_summary,"% Ordinary LightGBM & -- & \textbf{0.894} & \textbf{\$75,655} & 1.069 & -0.091 & 0.923 & -26.5\% & -0.150 & \textbf{0.11",d5255d7c9d4c0385f69d15e4a113e6ffa90543e2b9bbad06d16e45bfd2dd2d6e,NOT_RENDERED,COMMENTED,
1.069,decimal,COMMENTED,2548,subsection: What the Final Augmented Regularization Paths Show,tab:path_anchor_summary,"% Ordinary LightGBM & -- & \textbf{0.894} & \textbf{\$75,655} & 1.069 & -0.091 & 0.923 & -26.5\% & -0.150 & \textbf{0.11",d5255d7c9d4c0385f69d15e4a113e6ffa90543e2b9bbad06d16e45bfd2dd2d6e,NOT_RENDERED,COMMENTED,
0.091,decimal,COMMENTED,2548,subsection: What the Final Augmented Regularization Paths Show,tab:path_anchor_summary,"% Ordinary LightGBM & -- & \textbf{0.894} & \textbf{\$75,655} & 1.069 & -0.091 & 0.923 & -26.5\% & -0.150 & \textbf{0.11",d5255d7c9d4c0385f69d15e4a113e6ffa90543e2b9bbad06d16e45bfd2dd2d6e,NOT_RENDERED,COMMENTED,
0.923,decimal,COMMENTED,2548,subsection: What the Final Augmented Regularization Paths Show,tab:path_anchor_summary,"% Ordinary LightGBM & -- & \textbf{0.894} & \textbf{\$75,655} & 1.069 & -0.091 & 0.923 & -26.5\% & -0.150 & \textbf{0.11",d5255d7c9d4c0385f69d15e4a113e6ffa90543e2b9bbad06d16e45bfd2dd2d6e,NOT_RENDERED,COMMENTED,
26.5,decimal,COMMENTED,2548,subsection: What the Final Augmented Regularization Paths Show,tab:path_anchor_summary,"% Ordinary LightGBM & -- & \textbf{0.894} & \textbf{\$75,655} & 1.069 & -0.091 & 0.923 & -26.5\% & -0.150 & \textbf{0.11",d5255d7c9d4c0385f69d15e4a113e6ffa90543e2b9bbad06d16e45bfd2dd2d6e,NOT_RENDERED,COMMENTED,
0.150,decimal,COMMENTED,2548,subsection: What the Final Augmented Regularization Paths Show,tab:path_anchor_summary,"% Ordinary LightGBM & -- & \textbf{0.894} & \textbf{\$75,655} & 1.069 & -0.091 & 0.923 & -26.5\% & -0.150 & \textbf{0.11",d5255d7c9d4c0385f69d15e4a113e6ffa90543e2b9bbad06d16e45bfd2dd2d6e,NOT_RENDERED,COMMENTED,
0.119,decimal,COMMENTED,2548,subsection: What the Final Augmented Regularization Paths Show,tab:path_anchor_summary,"% Ordinary LightGBM & -- & \textbf{0.894} & \textbf{\$75,655} & 1.069 & -0.091 & 0.923 & -26.5\% & -0.150 & \textbf{0.11",d5255d7c9d4c0385f69d15e4a113e6ffa90543e2b9bbad06d16e45bfd2dd2d6e,NOT_RENDERED,COMMENTED,
0.387,decimal,COMMENTED,2548,subsection: What the Final Augmented Regularization Paths Show,tab:path_anchor_summary,"% Ordinary LightGBM & -- & \textbf{0.894} & \textbf{\$75,655} & 1.069 & -0.091 & 0.923 & -26.5\% & -0.150 & \textbf{0.11",d5255d7c9d4c0385f69d15e4a113e6ffa90543e2b9bbad06d16e45bfd2dd2d6e,NOT_RENDERED,COMMENTED,
0.894,decimal,COMMENTED,2552,subsection: What the Final Augmented Regularization Paths Show,tab:path_anchor_summary,"% Direct & $\approx0.1$ & 0.894 & \$76,235 & 1.068 & -0.088 & 0.926 & -27.0\% & -0.147 & 0.119 & 0.382 \\",48aaa5949f8cf40d03264281d71b6d1111294396a13768d6d3f649cf450460e6,NOT_RENDERED,COMMENTED,
"76,235",int_ge_1000,COMMENTED,2552,subsection: What the Final Augmented Regularization Paths Show,tab:path_anchor_summary,"% Direct & $\approx0.1$ & 0.894 & \$76,235 & 1.068 & -0.088 & 0.926 & -27.0\% & -0.147 & 0.119 & 0.382 \\",48aaa5949f8cf40d03264281d71b6d1111294396a13768d6d3f649cf450460e6,NOT_RENDERED,COMMENTED,
1.068,decimal,COMMENTED,2552,subsection: What the Final Augmented Regularization Paths Show,tab:path_anchor_summary,"% Direct & $\approx0.1$ & 0.894 & \$76,235 & 1.068 & -0.088 & 0.926 & -27.0\% & -0.147 & 0.119 & 0.382 \\",48aaa5949f8cf40d03264281d71b6d1111294396a13768d6d3f649cf450460e6,NOT_RENDERED,COMMENTED,
0.088,decimal,COMMENTED,2552,subsection: What the Final Augmented Regularization Paths Show,tab:path_anchor_summary,"% Direct & $\approx0.1$ & 0.894 & \$76,235 & 1.068 & -0.088 & 0.926 & -27.0\% & -0.147 & 0.119 & 0.382 \\",48aaa5949f8cf40d03264281d71b6d1111294396a13768d6d3f649cf450460e6,NOT_RENDERED,COMMENTED,
0.926,decimal,COMMENTED,2552,subsection: What the Final Augmented Regularization Paths Show,tab:path_anchor_summary,"% Direct & $\approx0.1$ & 0.894 & \$76,235 & 1.068 & -0.088 & 0.926 & -27.0\% & -0.147 & 0.119 & 0.382 \\",48aaa5949f8cf40d03264281d71b6d1111294396a13768d6d3f649cf450460e6,NOT_RENDERED,COMMENTED,
27.0,decimal,COMMENTED,2552,subsection: What the Final Augmented Regularization Paths Show,tab:path_anchor_summary,"% Direct & $\approx0.1$ & 0.894 & \$76,235 & 1.068 & -0.088 & 0.926 & -27.0\% & -0.147 & 0.119 & 0.382 \\",48aaa5949f8cf40d03264281d71b6d1111294396a13768d6d3f649cf450460e6,NOT_RENDERED,COMMENTED,
0.147,decimal,COMMENTED,2552,subsection: What the Final Augmented Regularization Paths Show,tab:path_anchor_summary,"% Direct & $\approx0.1$ & 0.894 & \$76,235 & 1.068 & -0.088 & 0.926 & -27.0\% & -0.147 & 0.119 & 0.382 \\",48aaa5949f8cf40d03264281d71b6d1111294396a13768d6d3f649cf450460e6,NOT_RENDERED,COMMENTED,
0.119,decimal,COMMENTED,2552,subsection: What the Final Augmented Regularization Paths Show,tab:path_anchor_summary,"% Direct & $\approx0.1$ & 0.894 & \$76,235 & 1.068 & -0.088 & 0.926 & -27.0\% & -0.147 & 0.119 & 0.382 \\",48aaa5949f8cf40d03264281d71b6d1111294396a13768d6d3f649cf450460e6,NOT_RENDERED,COMMENTED,
0.382,decimal,COMMENTED,2552,subsection: What the Final Augmented Regularization Paths Show,tab:path_anchor_summary,"% Direct & $\approx0.1$ & 0.894 & \$76,235 & 1.068 & -0.088 & 0.926 & -27.0\% & -0.147 & 0.119 & 0.382 \\",48aaa5949f8cf40d03264281d71b6d1111294396a13768d6d3f649cf450460e6,NOT_RENDERED,COMMENTED,
0.899,decimal,COMMENTED,2553,subsection: What the Final Augmented Regularization Paths Show,tab:path_anchor_summary,"% Direct & $\approx0.954$ & \textbf{0.899} & \textbf{\$74,485} & 1.060 & -0.075 & 0.940 & -21.9\% & -0.134 & 0.122 & 0.3",c66096a42fe90e49a8d7a6b45a143c6fbc119217aaa7777d8d6e02d34657ccec,NOT_RENDERED,COMMENTED,
"74,485",int_ge_1000,COMMENTED,2553,subsection: What the Final Augmented Regularization Paths Show,tab:path_anchor_summary,"% Direct & $\approx0.954$ & \textbf{0.899} & \textbf{\$74,485} & 1.060 & -0.075 & 0.940 & -21.9\% & -0.134 & 0.122 & 0.3",c66096a42fe90e49a8d7a6b45a143c6fbc119217aaa7777d8d6e02d34657ccec,NOT_RENDERED,COMMENTED,
1.060,decimal,COMMENTED,2553,subsection: What the Final Augmented Regularization Paths Show,tab:path_anchor_summary,"% Direct & $\approx0.954$ & \textbf{0.899} & \textbf{\$74,485} & 1.060 & -0.075 & 0.940 & -21.9\% & -0.134 & 0.122 & 0.3",c66096a42fe90e49a8d7a6b45a143c6fbc119217aaa7777d8d6e02d34657ccec,NOT_RENDERED,COMMENTED,
0.075,decimal,COMMENTED,2553,subsection: What the Final Augmented Regularization Paths Show,tab:path_anchor_summary,"% Direct & $\approx0.954$ & \textbf{0.899} & \textbf{\$74,485} & 1.060 & -0.075 & 0.940 & -21.9\% & -0.134 & 0.122 & 0.3",c66096a42fe90e49a8d7a6b45a143c6fbc119217aaa7777d8d6e02d34657ccec,NOT_RENDERED,COMMENTED,
0.940,decimal,COMMENTED,2553,subsection: What the Final Augmented Regularization Paths Show,tab:path_anchor_summary,"% Direct & $\approx0.954$ & \textbf{0.899} & \textbf{\$74,485} & 1.060 & -0.075 & 0.940 & -21.9\% & -0.134 & 0.122 & 0.3",c66096a42fe90e49a8d7a6b45a143c6fbc119217aaa7777d8d6e02d34657ccec,NOT_RENDERED,COMMENTED,
21.9,decimal,COMMENTED,2553,subsection: What the Final Augmented Regularization Paths Show,tab:path_anchor_summary,"% Direct & $\approx0.954$ & \textbf{0.899} & \textbf{\$74,485} & 1.060 & -0.075 & 0.940 & -21.9\% & -0.134 & 0.122 & 0.3",c66096a42fe90e49a8d7a6b45a143c6fbc119217aaa7777d8d6e02d34657ccec,NOT_RENDERED,COMMENTED,
0.134,decimal,COMMENTED,2553,subsection: What the Final Augmented Regularization Paths Show,tab:path_anchor_summary,"% Direct & $\approx0.954$ & \textbf{0.899} & \textbf{\$74,485} & 1.060 & -0.075 & 0.940 & -21.9\% & -0.134 & 0.122 & 0.3",c66096a42fe90e49a8d7a6b45a143c6fbc119217aaa7777d8d6e02d34657ccec,NOT_RENDERED,COMMENTED,
0.122,decimal,COMMENTED,2553,subsection: What the Final Augmented Regularization Paths Show,tab:path_anchor_summary,"% Direct & $\approx0.954$ & \textbf{0.899} & \textbf{\$74,485} & 1.060 & -0.075 & 0.940 & -21.9\% & -0.134 & 0.122 & 0.3",c66096a42fe90e49a8d7a6b45a143c6fbc119217aaa7777d8d6e02d34657ccec,NOT_RENDERED,COMMENTED,
0.359,decimal,COMMENTED,2553,subsection: What the Final Augmented Regularization Paths Show,tab:path_anchor_summary,"% Direct & $\approx0.954$ & \textbf{0.899} & \textbf{\$74,485} & 1.060 & -0.075 & 0.940 & -21.9\% & -0.134 & 0.122 & 0.3",c66096a42fe90e49a8d7a6b45a143c6fbc119217aaa7777d8d6e02d34657ccec,NOT_RENDERED,COMMENTED,
0.895,decimal,COMMENTED,2554,subsection: What the Final Augmented Regularization Paths Show,tab:path_anchor_summary,"% Direct & $\approx10.481$ & \textbf{0.895} & \textbf{\$75,218} & \textbf{1.036} & -0.040\textsuperscript{*} & \textbf{0",95303933492820f66f479744072d0f5c4f064eb15daf1c1dc6b55628c0238cef,NOT_RENDERED,COMMENTED,
"75,218",int_ge_1000,COMMENTED,2554,subsection: What the Final Augmented Regularization Paths Show,tab:path_anchor_summary,"% Direct & $\approx10.481$ & \textbf{0.895} & \textbf{\$75,218} & \textbf{1.036} & -0.040\textsuperscript{*} & \textbf{0",95303933492820f66f479744072d0f5c4f064eb15daf1c1dc6b55628c0238cef,NOT_RENDERED,COMMENTED,
1.036,decimal,COMMENTED,2554,subsection: What the Final Augmented Regularization Paths Show,tab:path_anchor_summary,"% Direct & $\approx10.481$ & \textbf{0.895} & \textbf{\$75,218} & \textbf{1.036} & -0.040\textsuperscript{*} & \textbf{0",95303933492820f66f479744072d0f5c4f064eb15daf1c1dc6b55628c0238cef,NOT_RENDERED,COMMENTED,
0.040,decimal,COMMENTED,2554,subsection: What the Final Augmented Regularization Paths Show,tab:path_anchor_summary,"% Direct & $\approx10.481$ & \textbf{0.895} & \textbf{\$75,218} & \textbf{1.036} & -0.040\textsuperscript{*} & \textbf{0",95303933492820f66f479744072d0f5c4f064eb15daf1c1dc6b55628c0238cef,NOT_RENDERED,COMMENTED,
0.984,decimal,COMMENTED,2554,subsection: What the Final Augmented Regularization Paths Show,tab:path_anchor_summary,"% Direct & $\approx10.481$ & \textbf{0.895} & \textbf{\$75,218} & \textbf{1.036} & -0.040\textsuperscript{*} & \textbf{0",95303933492820f66f479744072d0f5c4f064eb15daf1c1dc6b55628c0238cef,NOT_RENDERED,COMMENTED,
10.5,decimal,COMMENTED,2554,subsection: What the Final Augmented Regularization Paths Show,tab:path_anchor_summary,"% Direct & $\approx10.481$ & \textbf{0.895} & \textbf{\$75,218} & \textbf{1.036} & -0.040\textsuperscript{*} & \textbf{0",95303933492820f66f479744072d0f5c4f064eb15daf1c1dc6b55628c0238cef,NOT_RENDERED,COMMENTED,
0.096,decimal,COMMENTED,2554,subsection: What the Final Augmented Regularization Paths Show,tab:path_anchor_summary,"% Direct & $\approx10.481$ & \textbf{0.895} & \textbf{\$75,218} & \textbf{1.036} & -0.040\textsuperscript{*} & \textbf{0",95303933492820f66f479744072d0f5c4f064eb15daf1c1dc6b55628c0238cef,NOT_RENDERED,COMMENTED,
0.132,decimal,COMMENTED,2554,subsection: What the Final Augmented Regularization Paths Show,tab:path_anchor_summary,"% Direct & $\approx10.481$ & \textbf{0.895} & \textbf{\$75,218} & \textbf{1.036} & -0.040\textsuperscript{*} & \textbf{0",95303933492820f66f479744072d0f5c4f064eb15daf1c1dc6b55628c0238cef,NOT_RENDERED,COMMENTED,
0.302,decimal,COMMENTED,2554,subsection: What the Final Augmented Regularization Paths Show,tab:path_anchor_summary,"% Direct & $\approx10.481$ & \textbf{0.895} & \textbf{\$75,218} & \textbf{1.036} & -0.040\textsuperscript{*} & \textbf{0",95303933492820f66f479744072d0f5c4f064eb15daf1c1dc6b55628c0238cef,NOT_RENDERED,COMMENTED,
100,int_mid,COMMENTED,2555,subsection: What the Final Augmented Regularization Paths Show,tab:path_anchor_summary,"% Direct & 100 & 0.869 & \$84,918 & \textbf{1.029} & \textbf{-0.015} & \textbf{0.998} & \textbf{0.7\%} & \textbf{-0.079}",33fff2d79c68a02c6415c1f8ebfde501793e7a34055549f3451addbc83d98313,NOT_RENDERED,COMMENTED,
0.869,decimal,COMMENTED,2555,subsection: What the Final Augmented Regularization Paths Show,tab:path_anchor_summary,"% Direct & 100 & 0.869 & \$84,918 & \textbf{1.029} & \textbf{-0.015} & \textbf{0.998} & \textbf{0.7\%} & \textbf{-0.079}",33fff2d79c68a02c6415c1f8ebfde501793e7a34055549f3451addbc83d98313,NOT_RENDERED,COMMENTED,
"84,918",int_ge_1000,COMMENTED,2555,subsection: What the Final Augmented Regularization Paths Show,tab:path_anchor_summary,"% Direct & 100 & 0.869 & \$84,918 & \textbf{1.029} & \textbf{-0.015} & \textbf{0.998} & \textbf{0.7\%} & \textbf{-0.079}",33fff2d79c68a02c6415c1f8ebfde501793e7a34055549f3451addbc83d98313,NOT_RENDERED,COMMENTED,
1.029,decimal,COMMENTED,2555,subsection: What the Final Augmented Regularization Paths Show,tab:path_anchor_summary,"% Direct & 100 & 0.869 & \$84,918 & \textbf{1.029} & \textbf{-0.015} & \textbf{0.998} & \textbf{0.7\%} & \textbf{-0.079}",33fff2d79c68a02c6415c1f8ebfde501793e7a34055549f3451addbc83d98313,NOT_RENDERED,COMMENTED,
0.015,decimal,COMMENTED,2555,subsection: What the Final Augmented Regularization Paths Show,tab:path_anchor_summary,"% Direct & 100 & 0.869 & \$84,918 & \textbf{1.029} & \textbf{-0.015} & \textbf{0.998} & \textbf{0.7\%} & \textbf{-0.079}",33fff2d79c68a02c6415c1f8ebfde501793e7a34055549f3451addbc83d98313,NOT_RENDERED,COMMENTED,
0.998,decimal,COMMENTED,2555,subsection: What the Final Augmented Regularization Paths Show,tab:path_anchor_summary,"% Direct & 100 & 0.869 & \$84,918 & \textbf{1.029} & \textbf{-0.015} & \textbf{0.998} & \textbf{0.7\%} & \textbf{-0.079}",33fff2d79c68a02c6415c1f8ebfde501793e7a34055549f3451addbc83d98313,NOT_RENDERED,COMMENTED,
0.7,decimal,COMMENTED,2555,subsection: What the Final Augmented Regularization Paths Show,tab:path_anchor_summary,"% Direct & 100 & 0.869 & \$84,918 & \textbf{1.029} & \textbf{-0.015} & \textbf{0.998} & \textbf{0.7\%} & \textbf{-0.079}",33fff2d79c68a02c6415c1f8ebfde501793e7a34055549f3451addbc83d98313,NOT_RENDERED,COMMENTED,
0.079,decimal,COMMENTED,2555,subsection: What the Final Augmented Regularization Paths Show,tab:path_anchor_summary,"% Direct & 100 & 0.869 & \$84,918 & \textbf{1.029} & \textbf{-0.015} & \textbf{0.998} & \textbf{0.7\%} & \textbf{-0.079}",33fff2d79c68a02c6415c1f8ebfde501793e7a34055549f3451addbc83d98313,NOT_RENDERED,COMMENTED,
0.115,decimal,COMMENTED,2555,subsection: What the Final Augmented Regularization Paths Show,tab:path_anchor_summary,"% Direct & 100 & 0.869 & \$84,918 & \textbf{1.029} & \textbf{-0.015} & \textbf{0.998} & \textbf{0.7\%} & \textbf{-0.079}",33fff2d79c68a02c6415c1f8ebfde501793e7a34055549f3451addbc83d98313,NOT_RENDERED,COMMENTED,
0.265,decimal,COMMENTED,2555,subsection: What the Final Augmented Regularization Paths Show,tab:path_anchor_summary,"% Direct & 100 & 0.869 & \$84,918 & \textbf{1.029} & \textbf{-0.015} & \textbf{0.998} & \textbf{0.7\%} & \textbf{-0.079}",33fff2d79c68a02c6415c1f8ebfde501793e7a34055549f3451addbc83d98313,NOT_RENDERED,COMMENTED,
0.894,decimal,COMMENTED,2559,subsection: What the Final Augmented Regularization Paths Show,tab:path_anchor_summary,"% Surrogate & $\approx0.1$ & 0.894 & \$75,897 & 1.064 & -0.079 & 0.931 & -22.7\% & -0.138 & \textbf{0.113} & 0.367 \\",8cf336d70ef4160e7dc64cb16782551bcef991404769651918394fe700bf46ea,NOT_RENDERED,COMMENTED,
"75,897",int_ge_1000,COMMENTED,2559,subsection: What the Final Augmented Regularization Paths Show,tab:path_anchor_summary,"% Surrogate & $\approx0.1$ & 0.894 & \$75,897 & 1.064 & -0.079 & 0.931 & -22.7\% & -0.138 & \textbf{0.113} & 0.367 \\",8cf336d70ef4160e7dc64cb16782551bcef991404769651918394fe700bf46ea,NOT_RENDERED,COMMENTED,
1.064,decimal,COMMENTED,2559,subsection: What the Final Augmented Regularization Paths Show,tab:path_anchor_summary,"% Surrogate & $\approx0.1$ & 0.894 & \$75,897 & 1.064 & -0.079 & 0.931 & -22.7\% & -0.138 & \textbf{0.113} & 0.367 \\",8cf336d70ef4160e7dc64cb16782551bcef991404769651918394fe700bf46ea,NOT_RENDERED,COMMENTED,
0.079,decimal,COMMENTED,2559,subsection: What the Final Augmented Regularization Paths Show,tab:path_anchor_summary,"% Surrogate & $\approx0.1$ & 0.894 & \$75,897 & 1.064 & -0.079 & 0.931 & -22.7\% & -0.138 & \textbf{0.113} & 0.367 \\",8cf336d70ef4160e7dc64cb16782551bcef991404769651918394fe700bf46ea,NOT_RENDERED,COMMENTED,
0.931,decimal,COMMENTED,2559,subsection: What the Final Augmented Regularization Paths Show,tab:path_anchor_summary,"% Surrogate & $\approx0.1$ & 0.894 & \$75,897 & 1.064 & -0.079 & 0.931 & -22.7\% & -0.138 & \textbf{0.113} & 0.367 \\",8cf336d70ef4160e7dc64cb16782551bcef991404769651918394fe700bf46ea,NOT_RENDERED,COMMENTED,
22.7,decimal,COMMENTED,2559,subsection: What the Final Augmented Regularization Paths Show,tab:path_anchor_summary,"% Surrogate & $\approx0.1$ & 0.894 & \$75,897 & 1.064 & -0.079 & 0.931 & -22.7\% & -0.138 & \textbf{0.113} & 0.367 \\",8cf336d70ef4160e7dc64cb16782551bcef991404769651918394fe700bf46ea,NOT_RENDERED,COMMENTED,
0.138,decimal,COMMENTED,2559,subsection: What the Final Augmented Regularization Paths Show,tab:path_anchor_summary,"% Surrogate & $\approx0.1$ & 0.894 & \$75,897 & 1.064 & -0.079 & 0.931 & -22.7\% & -0.138 & \textbf{0.113} & 0.367 \\",8cf336d70ef4160e7dc64cb16782551bcef991404769651918394fe700bf46ea,NOT_RENDERED,COMMENTED,
0.113,decimal,COMMENTED,2559,subsection: What the Final Augmented Regularization Paths Show,tab:path_anchor_summary,"% Surrogate & $\approx0.1$ & 0.894 & \$75,897 & 1.064 & -0.079 & 0.931 & -22.7\% & -0.138 & \textbf{0.113} & 0.367 \\",8cf336d70ef4160e7dc64cb16782551bcef991404769651918394fe700bf46ea,NOT_RENDERED,COMMENTED,
0.367,decimal,COMMENTED,2559,subsection: What the Final Augmented Regularization Paths Show,tab:path_anchor_summary,"% Surrogate & $\approx0.1$ & 0.894 & \$75,897 & 1.064 & -0.079 & 0.931 & -22.7\% & -0.138 & \textbf{0.113} & 0.367 \\",8cf336d70ef4160e7dc64cb16782551bcef991404769651918394fe700bf46ea,NOT_RENDERED,COMMENTED,
0.897,decimal,COMMENTED,2560,subsection: What the Final Augmented Regularization Paths Show,tab:path_anchor_summary,"% Surrogate & $\approx0.954$ & \textbf{0.897} & \textbf{\$75,468} & 1.049 & -0.045\textsuperscript{*} & 0.953\textsupers",1a5cd106b57fe8bfa9414c70672f7aa38648a52f157bda9dc61574912635d170,NOT_RENDERED,COMMENTED,
"75,468",int_ge_1000,COMMENTED,2560,subsection: What the Final Augmented Regularization Paths Show,tab:path_anchor_summary,"% Surrogate & $\approx0.954$ & \textbf{0.897} & \textbf{\$75,468} & 1.049 & -0.045\textsuperscript{*} & 0.953\textsupers",1a5cd106b57fe8bfa9414c70672f7aa38648a52f157bda9dc61574912635d170,NOT_RENDERED,COMMENTED,
1.049,decimal,COMMENTED,2560,subsection: What the Final Augmented Regularization Paths Show,tab:path_anchor_summary,"% Surrogate & $\approx0.954$ & \textbf{0.897} & \textbf{\$75,468} & 1.049 & -0.045\textsuperscript{*} & 0.953\textsupers",1a5cd106b57fe8bfa9414c70672f7aa38648a52f157bda9dc61574912635d170,NOT_RENDERED,COMMENTED,
0.045,decimal,COMMENTED,2560,subsection: What the Final Augmented Regularization Paths Show,tab:path_anchor_summary,"% Surrogate & $\approx0.954$ & \textbf{0.897} & \textbf{\$75,468} & 1.049 & -0.045\textsuperscript{*} & 0.953\textsupers",1a5cd106b57fe8bfa9414c70672f7aa38648a52f157bda9dc61574912635d170,NOT_RENDERED,COMMENTED,
0.953,decimal,COMMENTED,2560,subsection: What the Final Augmented Regularization Paths Show,tab:path_anchor_summary,"% Surrogate & $\approx0.954$ & \textbf{0.897} & \textbf{\$75,468} & 1.049 & -0.045\textsuperscript{*} & 0.953\textsupers",1a5cd106b57fe8bfa9414c70672f7aa38648a52f157bda9dc61574912635d170,NOT_RENDERED,COMMENTED,
12.6,decimal,COMMENTED,2560,subsection: What the Final Augmented Regularization Paths Show,tab:path_anchor_summary,"% Surrogate & $\approx0.954$ & \textbf{0.897} & \textbf{\$75,468} & 1.049 & -0.045\textsuperscript{*} & 0.953\textsupers",1a5cd106b57fe8bfa9414c70672f7aa38648a52f157bda9dc61574912635d170,NOT_RENDERED,COMMENTED,
0.102,decimal,COMMENTED,2560,subsection: What the Final Augmented Regularization Paths Show,tab:path_anchor_summary,"% Surrogate & $\approx0.954$ & \textbf{0.897} & \textbf{\$75,468} & 1.049 & -0.045\textsuperscript{*} & 0.953\textsupers",1a5cd106b57fe8bfa9414c70672f7aa38648a52f157bda9dc61574912635d170,NOT_RENDERED,COMMENTED,
0.099,decimal,COMMENTED,2560,subsection: What the Final Augmented Regularization Paths Show,tab:path_anchor_summary,"% Surrogate & $\approx0.954$ & \textbf{0.897} & \textbf{\$75,468} & 1.049 & -0.045\textsuperscript{*} & 0.953\textsupers",1a5cd106b57fe8bfa9414c70672f7aa38648a52f157bda9dc61574912635d170,NOT_RENDERED,COMMENTED,
0.310,decimal,COMMENTED,2560,subsection: What the Final Augmented Regularization Paths Show,tab:path_anchor_summary,"% Surrogate & $\approx0.954$ & \textbf{0.897} & \textbf{\$75,468} & 1.049 & -0.045\textsuperscript{*} & 0.953\textsupers",1a5cd106b57fe8bfa9414c70672f7aa38648a52f157bda9dc61574912635d170,NOT_RENDERED,COMMENTED,
0.893,decimal,COMMENTED,2561,subsection: What the Final Augmented Regularization Paths Show,tab:path_anchor_summary,"% Surrogate & $\approx10.481$ & 0.893 & \$78,110 & \textbf{1.024} & \textbf{0.013} & \textbf{0.988} & \textbf{0.2\%} & \",151290e68f7095320d855ee93d3b24d429fda1cd73fad18d3ce61f6986fda4d1,NOT_RENDERED,COMMENTED,
"78,110",int_ge_1000,COMMENTED,2561,subsection: What the Final Augmented Regularization Paths Show,tab:path_anchor_summary,"% Surrogate & $\approx10.481$ & 0.893 & \$78,110 & \textbf{1.024} & \textbf{0.013} & \textbf{0.988} & \textbf{0.2\%} & \",151290e68f7095320d855ee93d3b24d429fda1cd73fad18d3ce61f6986fda4d1,NOT_RENDERED,COMMENTED,
1.024,decimal,COMMENTED,2561,subsection: What the Final Augmented Regularization Paths Show,tab:path_anchor_summary,"% Surrogate & $\approx10.481$ & 0.893 & \$78,110 & \textbf{1.024} & \textbf{0.013} & \textbf{0.988} & \textbf{0.2\%} & \",151290e68f7095320d855ee93d3b24d429fda1cd73fad18d3ce61f6986fda4d1,NOT_RENDERED,COMMENTED,
0.013,decimal,COMMENTED,2561,subsection: What the Final Augmented Regularization Paths Show,tab:path_anchor_summary,"% Surrogate & $\approx10.481$ & 0.893 & \$78,110 & \textbf{1.024} & \textbf{0.013} & \textbf{0.988} & \textbf{0.2\%} & \",151290e68f7095320d855ee93d3b24d429fda1cd73fad18d3ce61f6986fda4d1,NOT_RENDERED,COMMENTED,
0.988,decimal,COMMENTED,2561,subsection: What the Final Augmented Regularization Paths Show,tab:path_anchor_summary,"% Surrogate & $\approx10.481$ & 0.893 & \$78,110 & \textbf{1.024} & \textbf{0.013} & \textbf{0.988} & \textbf{0.2\%} & \",151290e68f7095320d855ee93d3b24d429fda1cd73fad18d3ce61f6986fda4d1,NOT_RENDERED,COMMENTED,
0.2,decimal,COMMENTED,2561,subsection: What the Final Augmented Regularization Paths Show,tab:path_anchor_summary,"% Surrogate & $\approx10.481$ & 0.893 & \$78,110 & \textbf{1.024} & \textbf{0.013} & \textbf{0.988} & \textbf{0.2\%} & \",151290e68f7095320d855ee93d3b24d429fda1cd73fad18d3ce61f6986fda4d1,NOT_RENDERED,COMMENTED,
0.036,decimal,COMMENTED,2561,subsection: What the Final Augmented Regularization Paths Show,tab:path_anchor_summary,"% Surrogate & $\approx10.481$ & 0.893 & \$78,110 & \textbf{1.024} & \textbf{0.013} & \textbf{0.988} & \textbf{0.2\%} & \",151290e68f7095320d855ee93d3b24d429fda1cd73fad18d3ce61f6986fda4d1,NOT_RENDERED,COMMENTED,
0.103,decimal,COMMENTED,2561,subsection: What the Final Augmented Regularization Paths Show,tab:path_anchor_summary,"% Surrogate & $\approx10.481$ & 0.893 & \$78,110 & \textbf{1.024} & \textbf{0.013} & \textbf{0.988} & \textbf{0.2\%} & \",151290e68f7095320d855ee93d3b24d429fda1cd73fad18d3ce61f6986fda4d1,NOT_RENDERED,COMMENTED,
0.250,decimal,COMMENTED,2561,subsection: What the Final Augmented Regularization Paths Show,tab:path_anchor_summary,"% Surrogate & $\approx10.481$ & 0.893 & \$78,110 & \textbf{1.024} & \textbf{0.013} & \textbf{0.988} & \textbf{0.2\%} & \",151290e68f7095320d855ee93d3b24d429fda1cd73fad18d3ce61f6986fda4d1,NOT_RENDERED,COMMENTED,
100,int_mid,COMMENTED,2562,subsection: What the Final Augmented Regularization Paths Show,tab:path_anchor_summary,"% Surrogate & 100 & 0.889 & \$82,094 & \textbf{1.010} & 0.042\textsuperscript{*} & \textbf{1.013} & \textbf{4.0\%} & \te",01c5ad06a65ed38a140e7efdccd83fb38dcae128f4bc27d6b0c93c0a9250e43f,NOT_RENDERED,COMMENTED,
0.889,decimal,COMMENTED,2562,subsection: What the Final Augmented Regularization Paths Show,tab:path_anchor_summary,"% Surrogate & 100 & 0.889 & \$82,094 & \textbf{1.010} & 0.042\textsuperscript{*} & \textbf{1.013} & \textbf{4.0\%} & \te",01c5ad06a65ed38a140e7efdccd83fb38dcae128f4bc27d6b0c93c0a9250e43f,NOT_RENDERED,COMMENTED,
"82,094",int_ge_1000,COMMENTED,2562,subsection: What the Final Augmented Regularization Paths Show,tab:path_anchor_summary,"% Surrogate & 100 & 0.889 & \$82,094 & \textbf{1.010} & 0.042\textsuperscript{*} & \textbf{1.013} & \textbf{4.0\%} & \te",01c5ad06a65ed38a140e7efdccd83fb38dcae128f4bc27d6b0c93c0a9250e43f,NOT_RENDERED,COMMENTED,
1.010,decimal,COMMENTED,2562,subsection: What the Final Augmented Regularization Paths Show,tab:path_anchor_summary,"% Surrogate & 100 & 0.889 & \$82,094 & \textbf{1.010} & 0.042\textsuperscript{*} & \textbf{1.013} & \textbf{4.0\%} & \te",01c5ad06a65ed38a140e7efdccd83fb38dcae128f4bc27d6b0c93c0a9250e43f,NOT_RENDERED,COMMENTED,
0.042,decimal,COMMENTED,2562,subsection: What the Final Augmented Regularization Paths Show,tab:path_anchor_summary,"% Surrogate & 100 & 0.889 & \$82,094 & \textbf{1.010} & 0.042\textsuperscript{*} & \textbf{1.013} & \textbf{4.0\%} & \te",01c5ad06a65ed38a140e7efdccd83fb38dcae128f4bc27d6b0c93c0a9250e43f,NOT_RENDERED,COMMENTED,
1.013,decimal,COMMENTED,2562,subsection: What the Final Augmented Regularization Paths Show,tab:path_anchor_summary,"% Surrogate & 100 & 0.889 & \$82,094 & \textbf{1.010} & 0.042\textsuperscript{*} & \textbf{1.013} & \textbf{4.0\%} & \te",01c5ad06a65ed38a140e7efdccd83fb38dcae128f4bc27d6b0c93c0a9250e43f,NOT_RENDERED,COMMENTED,
4.0,decimal,COMMENTED,2562,subsection: What the Final Augmented Regularization Paths Show,tab:path_anchor_summary,"% Surrogate & 100 & 0.889 & \$82,094 & \textbf{1.010} & 0.042\textsuperscript{*} & \textbf{1.013} & \textbf{4.0\%} & \te",01c5ad06a65ed38a140e7efdccd83fb38dcae128f4bc27d6b0c93c0a9250e43f,NOT_RENDERED,COMMENTED,
0.001,decimal,COMMENTED,2562,subsection: What the Final Augmented Regularization Paths Show,tab:path_anchor_summary,"% Surrogate & 100 & 0.889 & \$82,094 & \textbf{1.010} & 0.042\textsuperscript{*} & \textbf{1.013} & \textbf{4.0\%} & \te",01c5ad06a65ed38a140e7efdccd83fb38dcae128f4bc27d6b0c93c0a9250e43f,NOT_RENDERED,COMMENTED,
0.124,decimal,COMMENTED,2562,subsection: What the Final Augmented Regularization Paths Show,tab:path_anchor_summary,"% Surrogate & 100 & 0.889 & \$82,094 & \textbf{1.010} & 0.042\textsuperscript{*} & \textbf{1.013} & \textbf{4.0\%} & \te",01c5ad06a65ed38a140e7efdccd83fb38dcae128f4bc27d6b0c93c0a9250e43f,NOT_RENDERED,COMMENTED,
0.267,decimal,COMMENTED,2562,subsection: What the Final Augmented Regularization Paths Show,tab:path_anchor_summary,"% Surrogate & 100 & 0.889 & \$82,094 & \textbf{1.010} & 0.042\textsuperscript{*} & \textbf{1.013} & \textbf{4.0\%} & \te",01c5ad06a65ed38a140e7efdccd83fb38dcae128f4bc27d6b0c93c0a9250e43f,NOT_RENDERED,COMMENTED,
2025,year_like,COMMENTED,2565,subsection: What the Final Augmented Regularization Paths Show,tab:path_anchor_summary,% \multicolumn{11}{l}{\textit{Panel B: 2025 forward evaluation}} \\,a5dc6b25df5dca5eee1868eec766ea65418d15f6699ad729657043ebab4c2d25,NOT_RENDERED,COMMENTED,
0.799,decimal,COMMENTED,2569,subsection: What the Final Augmented Regularization Paths Show,tab:path_anchor_summary,"% Linear regression & -- & 0.799 & \$99,371 & \textbf{1.052} & \textbf{-0.029} & \textbf{0.954} & \textbf{-17.3\%} & \te",e25c44072c7da1e674f2efef56aec8f1d0ee4150e7fb3aa6d164f15c8327d0b5,NOT_RENDERED,COMMENTED,
"99,371",int_ge_1000,COMMENTED,2569,subsection: What the Final Augmented Regularization Paths Show,tab:path_anchor_summary,"% Linear regression & -- & 0.799 & \$99,371 & \textbf{1.052} & \textbf{-0.029} & \textbf{0.954} & \textbf{-17.3\%} & \te",e25c44072c7da1e674f2efef56aec8f1d0ee4150e7fb3aa6d164f15c8327d0b5,NOT_RENDERED,COMMENTED,
1.052,decimal,COMMENTED,2569,subsection: What the Final Augmented Regularization Paths Show,tab:path_anchor_summary,"% Linear regression & -- & 0.799 & \$99,371 & \textbf{1.052} & \textbf{-0.029} & \textbf{0.954} & \textbf{-17.3\%} & \te",e25c44072c7da1e674f2efef56aec8f1d0ee4150e7fb3aa6d164f15c8327d0b5,NOT_RENDERED,COMMENTED,
0.029,decimal,COMMENTED,2569,subsection: What the Final Augmented Regularization Paths Show,tab:path_anchor_summary,"% Linear regression & -- & 0.799 & \$99,371 & \textbf{1.052} & \textbf{-0.029} & \textbf{0.954} & \textbf{-17.3\%} & \te",e25c44072c7da1e674f2efef56aec8f1d0ee4150e7fb3aa6d164f15c8327d0b5,NOT_RENDERED,COMMENTED,
0.954,decimal,COMMENTED,2569,subsection: What the Final Augmented Regularization Paths Show,tab:path_anchor_summary,"% Linear regression & -- & 0.799 & \$99,371 & \textbf{1.052} & \textbf{-0.029} & \textbf{0.954} & \textbf{-17.3\%} & \te",e25c44072c7da1e674f2efef56aec8f1d0ee4150e7fb3aa6d164f15c8327d0b5,NOT_RENDERED,COMMENTED,
17.3,decimal,COMMENTED,2569,subsection: What the Final Augmented Regularization Paths Show,tab:path_anchor_summary,"% Linear regression & -- & 0.799 & \$99,371 & \textbf{1.052} & \textbf{-0.029} & \textbf{0.954} & \textbf{-17.3\%} & \te",e25c44072c7da1e674f2efef56aec8f1d0ee4150e7fb3aa6d164f15c8327d0b5,NOT_RENDERED,COMMENTED,
0.109,decimal,COMMENTED,2569,subsection: What the Final Augmented Regularization Paths Show,tab:path_anchor_summary,"% Linear regression & -- & 0.799 & \$99,371 & \textbf{1.052} & \textbf{-0.029} & \textbf{0.954} & \textbf{-17.3\%} & \te",e25c44072c7da1e674f2efef56aec8f1d0ee4150e7fb3aa6d164f15c8327d0b5,NOT_RENDERED,COMMENTED,
0.122,decimal,COMMENTED,2569,subsection: What the Final Augmented Regularization Paths Show,tab:path_anchor_summary,"% Linear regression & -- & 0.799 & \$99,371 & \textbf{1.052} & \textbf{-0.029} & \textbf{0.954} & \textbf{-17.3\%} & \te",e25c44072c7da1e674f2efef56aec8f1d0ee4150e7fb3aa6d164f15c8327d0b5,NOT_RENDERED,COMMENTED,
0.269,decimal,COMMENTED,2569,subsection: What the Final Augmented Regularization Paths Show,tab:path_anchor_summary,"% Linear regression & -- & 0.799 & \$99,371 & \textbf{1.052} & \textbf{-0.029} & \textbf{0.954} & \textbf{-17.3\%} & \te",e25c44072c7da1e674f2efef56aec8f1d0ee4150e7fb3aa6d164f15c8327d0b5,NOT_RENDERED,COMMENTED,
0.904,decimal,COMMENTED,2570,subsection: What the Final Augmented Regularization Paths Show,tab:path_anchor_summary,"% Ordinary LightGBM & -- & \textbf{0.904} & \textbf{\$78,484} & 1.079 & -0.106 & 0.907 & -28.6\% & -0.164 & \textbf{0.12",2a7064ae84fb5c5f6427262c1b57c718ce2953759853b2aefc6faaec973f1ca3,NOT_RENDERED,COMMENTED,
"78,484",int_ge_1000,COMMENTED,2570,subsection: What the Final Augmented Regularization Paths Show,tab:path_anchor_summary,"% Ordinary LightGBM & -- & \textbf{0.904} & \textbf{\$78,484} & 1.079 & -0.106 & 0.907 & -28.6\% & -0.164 & \textbf{0.12",2a7064ae84fb5c5f6427262c1b57c718ce2953759853b2aefc6faaec973f1ca3,NOT_RENDERED,COMMENTED,
1.079,decimal,COMMENTED,2570,subsection: What the Final Augmented Regularization Paths Show,tab:path_anchor_summary,"% Ordinary LightGBM & -- & \textbf{0.904} & \textbf{\$78,484} & 1.079 & -0.106 & 0.907 & -28.6\% & -0.164 & \textbf{0.12",2a7064ae84fb5c5f6427262c1b57c718ce2953759853b2aefc6faaec973f1ca3,NOT_RENDERED,COMMENTED,
0.106,decimal,COMMENTED,2570,subsection: What the Final Augmented Regularization Paths Show,tab:path_anchor_summary,"% Ordinary LightGBM & -- & \textbf{0.904} & \textbf{\$78,484} & 1.079 & -0.106 & 0.907 & -28.6\% & -0.164 & \textbf{0.12",2a7064ae84fb5c5f6427262c1b57c718ce2953759853b2aefc6faaec973f1ca3,NOT_RENDERED,COMMENTED,
0.907,decimal,COMMENTED,2570,subsection: What the Final Augmented Regularization Paths Show,tab:path_anchor_summary,"% Ordinary LightGBM & -- & \textbf{0.904} & \textbf{\$78,484} & 1.079 & -0.106 & 0.907 & -28.6\% & -0.164 & \textbf{0.12",2a7064ae84fb5c5f6427262c1b57c718ce2953759853b2aefc6faaec973f1ca3,NOT_RENDERED,COMMENTED,
28.6,decimal,COMMENTED,2570,subsection: What the Final Augmented Regularization Paths Show,tab:path_anchor_summary,"% Ordinary LightGBM & -- & \textbf{0.904} & \textbf{\$78,484} & 1.079 & -0.106 & 0.907 & -28.6\% & -0.164 & \textbf{0.12",2a7064ae84fb5c5f6427262c1b57c718ce2953759853b2aefc6faaec973f1ca3,NOT_RENDERED,COMMENTED,
0.164,decimal,COMMENTED,2570,subsection: What the Final Augmented Regularization Paths Show,tab:path_anchor_summary,"% Ordinary LightGBM & -- & \textbf{0.904} & \textbf{\$78,484} & 1.079 & -0.106 & 0.907 & -28.6\% & -0.164 & \textbf{0.12",2a7064ae84fb5c5f6427262c1b57c718ce2953759853b2aefc6faaec973f1ca3,NOT_RENDERED,COMMENTED,
0.121,decimal,COMMENTED,2570,subsection: What the Final Augmented Regularization Paths Show,tab:path_anchor_summary,"% Ordinary LightGBM & -- & \textbf{0.904} & \textbf{\$78,484} & 1.079 & -0.106 & 0.907 & -28.6\% & -0.164 & \textbf{0.12",2a7064ae84fb5c5f6427262c1b57c718ce2953759853b2aefc6faaec973f1ca3,NOT_RENDERED,COMMENTED,
0.422,decimal,COMMENTED,2570,subsection: What the Final Augmented Regularization Paths Show,tab:path_anchor_summary,"% Ordinary LightGBM & -- & \textbf{0.904} & \textbf{\$78,484} & 1.079 & -0.106 & 0.907 & -28.6\% & -0.164 & \textbf{0.12",2a7064ae84fb5c5f6427262c1b57c718ce2953759853b2aefc6faaec973f1ca3,NOT_RENDERED,COMMENTED,
0.906,decimal,COMMENTED,2574,subsection: What the Final Augmented Regularization Paths Show,tab:path_anchor_summary,"% Direct & $\approx0.1$ & \textbf{0.906} & \textbf{\$78,029} & 1.077 & -0.102 & 0.910 & -27.7\% & -0.160 & 0.121 & 0.416",c8bc2fdc08f6cb057e6234aaab149f56fd881e37ce57b8fd8879ab8fbf4e8eac,NOT_RENDERED,COMMENTED,
"78,029",int_ge_1000,COMMENTED,2574,subsection: What the Final Augmented Regularization Paths Show,tab:path_anchor_summary,"% Direct & $\approx0.1$ & \textbf{0.906} & \textbf{\$78,029} & 1.077 & -0.102 & 0.910 & -27.7\% & -0.160 & 0.121 & 0.416",c8bc2fdc08f6cb057e6234aaab149f56fd881e37ce57b8fd8879ab8fbf4e8eac,NOT_RENDERED,COMMENTED,
1.077,decimal,COMMENTED,2574,subsection: What the Final Augmented Regularization Paths Show,tab:path_anchor_summary,"% Direct & $\approx0.1$ & \textbf{0.906} & \textbf{\$78,029} & 1.077 & -0.102 & 0.910 & -27.7\% & -0.160 & 0.121 & 0.416",c8bc2fdc08f6cb057e6234aaab149f56fd881e37ce57b8fd8879ab8fbf4e8eac,NOT_RENDERED,COMMENTED,
0.102,decimal,COMMENTED,2574,subsection: What the Final Augmented Regularization Paths Show,tab:path_anchor_summary,"% Direct & $\approx0.1$ & \textbf{0.906} & \textbf{\$78,029} & 1.077 & -0.102 & 0.910 & -27.7\% & -0.160 & 0.121 & 0.416",c8bc2fdc08f6cb057e6234aaab149f56fd881e37ce57b8fd8879ab8fbf4e8eac,NOT_RENDERED,COMMENTED,
0.910,decimal,COMMENTED,2574,subsection: What the Final Augmented Regularization Paths Show,tab:path_anchor_summary,"% Direct & $\approx0.1$ & \textbf{0.906} & \textbf{\$78,029} & 1.077 & -0.102 & 0.910 & -27.7\% & -0.160 & 0.121 & 0.416",c8bc2fdc08f6cb057e6234aaab149f56fd881e37ce57b8fd8879ab8fbf4e8eac,NOT_RENDERED,COMMENTED,
27.7,decimal,COMMENTED,2574,subsection: What the Final Augmented Regularization Paths Show,tab:path_anchor_summary,"% Direct & $\approx0.1$ & \textbf{0.906} & \textbf{\$78,029} & 1.077 & -0.102 & 0.910 & -27.7\% & -0.160 & 0.121 & 0.416",c8bc2fdc08f6cb057e6234aaab149f56fd881e37ce57b8fd8879ab8fbf4e8eac,NOT_RENDERED,COMMENTED,
0.160,decimal,COMMENTED,2574,subsection: What the Final Augmented Regularization Paths Show,tab:path_anchor_summary,"% Direct & $\approx0.1$ & \textbf{0.906} & \textbf{\$78,029} & 1.077 & -0.102 & 0.910 & -27.7\% & -0.160 & 0.121 & 0.416",c8bc2fdc08f6cb057e6234aaab149f56fd881e37ce57b8fd8879ab8fbf4e8eac,NOT_RENDERED,COMMENTED,
0.121,decimal,COMMENTED,2574,subsection: What the Final Augmented Regularization Paths Show,tab:path_anchor_summary,"% Direct & $\approx0.1$ & \textbf{0.906} & \textbf{\$78,029} & 1.077 & -0.102 & 0.910 & -27.7\% & -0.160 & 0.121 & 0.416",c8bc2fdc08f6cb057e6234aaab149f56fd881e37ce57b8fd8879ab8fbf4e8eac,NOT_RENDERED,COMMENTED,
0.416,decimal,COMMENTED,2574,subsection: What the Final Augmented Regularization Paths Show,tab:path_anchor_summary,"% Direct & $\approx0.1$ & \textbf{0.906} & \textbf{\$78,029} & 1.077 & -0.102 & 0.910 & -27.7\% & -0.160 & 0.121 & 0.416",c8bc2fdc08f6cb057e6234aaab149f56fd881e37ce57b8fd8879ab8fbf4e8eac,NOT_RENDERED,COMMENTED,
0.910,decimal,COMMENTED,2575,subsection: What the Final Augmented Regularization Paths Show,tab:path_anchor_summary,"% Direct & $\approx0.954$ & \textbf{0.910} & \textbf{\$77,139} & 1.069 & -0.090 & 0.926 & -23.9\% & -0.148 & 0.127 & 0.3",043be7f6dd52a9055c93db5b6b56dea7e88dcd26c7af8260498dfc68960ef752,NOT_RENDERED,COMMENTED,
"77,139",int_ge_1000,COMMENTED,2575,subsection: What the Final Augmented Regularization Paths Show,tab:path_anchor_summary,"% Direct & $\approx0.954$ & \textbf{0.910} & \textbf{\$77,139} & 1.069 & -0.090 & 0.926 & -23.9\% & -0.148 & 0.127 & 0.3",043be7f6dd52a9055c93db5b6b56dea7e88dcd26c7af8260498dfc68960ef752,NOT_RENDERED,COMMENTED,
1.069,decimal,COMMENTED,2575,subsection: What the Final Augmented Regularization Paths Show,tab:path_anchor_summary,"% Direct & $\approx0.954$ & \textbf{0.910} & \textbf{\$77,139} & 1.069 & -0.090 & 0.926 & -23.9\% & -0.148 & 0.127 & 0.3",043be7f6dd52a9055c93db5b6b56dea7e88dcd26c7af8260498dfc68960ef752,NOT_RENDERED,COMMENTED,
0.090,decimal,COMMENTED,2575,subsection: What the Final Augmented Regularization Paths Show,tab:path_anchor_summary,"% Direct & $\approx0.954$ & \textbf{0.910} & \textbf{\$77,139} & 1.069 & -0.090 & 0.926 & -23.9\% & -0.148 & 0.127 & 0.3",043be7f6dd52a9055c93db5b6b56dea7e88dcd26c7af8260498dfc68960ef752,NOT_RENDERED,COMMENTED,
0.926,decimal,COMMENTED,2575,subsection: What the Final Augmented Regularization Paths Show,tab:path_anchor_summary,"% Direct & $\approx0.954$ & \textbf{0.910} & \textbf{\$77,139} & 1.069 & -0.090 & 0.926 & -23.9\% & -0.148 & 0.127 & 0.3",043be7f6dd52a9055c93db5b6b56dea7e88dcd26c7af8260498dfc68960ef752,NOT_RENDERED,COMMENTED,
23.9,decimal,COMMENTED,2575,subsection: What the Final Augmented Regularization Paths Show,tab:path_anchor_summary,"% Direct & $\approx0.954$ & \textbf{0.910} & \textbf{\$77,139} & 1.069 & -0.090 & 0.926 & -23.9\% & -0.148 & 0.127 & 0.3",043be7f6dd52a9055c93db5b6b56dea7e88dcd26c7af8260498dfc68960ef752,NOT_RENDERED,COMMENTED,
0.148,decimal,COMMENTED,2575,subsection: What the Final Augmented Regularization Paths Show,tab:path_anchor_summary,"% Direct & $\approx0.954$ & \textbf{0.910} & \textbf{\$77,139} & 1.069 & -0.090 & 0.926 & -23.9\% & -0.148 & 0.127 & 0.3",043be7f6dd52a9055c93db5b6b56dea7e88dcd26c7af8260498dfc68960ef752,NOT_RENDERED,COMMENTED,
0.127,decimal,COMMENTED,2575,subsection: What the Final Augmented Regularization Paths Show,tab:path_anchor_summary,"% Direct & $\approx0.954$ & \textbf{0.910} & \textbf{\$77,139} & 1.069 & -0.090 & 0.926 & -23.9\% & -0.148 & 0.127 & 0.3",043be7f6dd52a9055c93db5b6b56dea7e88dcd26c7af8260498dfc68960ef752,NOT_RENDERED,COMMENTED,
0.392,decimal,COMMENTED,2575,subsection: What the Final Augmented Regularization Paths Show,tab:path_anchor_summary,"% Direct & $\approx0.954$ & \textbf{0.910} & \textbf{\$77,139} & 1.069 & -0.090 & 0.926 & -23.9\% & -0.148 & 0.127 & 0.3",043be7f6dd52a9055c93db5b6b56dea7e88dcd26c7af8260498dfc68960ef752,NOT_RENDERED,COMMENTED,
0.902,decimal,COMMENTED,2576,subsection: What the Final Augmented Regularization Paths Show,tab:path_anchor_summary,"% Direct & $\approx10.481$ & 0.902 & \$79,187 & \textbf{1.042} & -0.049\textsuperscript{*} & \textbf{0.971} & \textbf{-1",bf8f4875a53d9f543c313e234fa12abc6b08f61ff0e5d6201e51e5f9b6dcd21f,NOT_RENDERED,COMMENTED,
"79,187",int_ge_1000,COMMENTED,2576,subsection: What the Final Augmented Regularization Paths Show,tab:path_anchor_summary,"% Direct & $\approx10.481$ & 0.902 & \$79,187 & \textbf{1.042} & -0.049\textsuperscript{*} & \textbf{0.971} & \textbf{-1",bf8f4875a53d9f543c313e234fa12abc6b08f61ff0e5d6201e51e5f9b6dcd21f,NOT_RENDERED,COMMENTED,
1.042,decimal,COMMENTED,2576,subsection: What the Final Augmented Regularization Paths Show,tab:path_anchor_summary,"% Direct & $\approx10.481$ & 0.902 & \$79,187 & \textbf{1.042} & -0.049\textsuperscript{*} & \textbf{0.971} & \textbf{-1",bf8f4875a53d9f543c313e234fa12abc6b08f61ff0e5d6201e51e5f9b6dcd21f,NOT_RENDERED,COMMENTED,
0.049,decimal,COMMENTED,2576,subsection: What the Final Augmented Regularization Paths Show,tab:path_anchor_summary,"% Direct & $\approx10.481$ & 0.902 & \$79,187 & \textbf{1.042} & -0.049\textsuperscript{*} & \textbf{0.971} & \textbf{-1",bf8f4875a53d9f543c313e234fa12abc6b08f61ff0e5d6201e51e5f9b6dcd21f,NOT_RENDERED,COMMENTED,
0.971,decimal,COMMENTED,2576,subsection: What the Final Augmented Regularization Paths Show,tab:path_anchor_summary,"% Direct & $\approx10.481$ & 0.902 & \$79,187 & \textbf{1.042} & -0.049\textsuperscript{*} & \textbf{0.971} & \textbf{-1",bf8f4875a53d9f543c313e234fa12abc6b08f61ff0e5d6201e51e5f9b6dcd21f,NOT_RENDERED,COMMENTED,
11.9,decimal,COMMENTED,2576,subsection: What the Final Augmented Regularization Paths Show,tab:path_anchor_summary,"% Direct & $\approx10.481$ & 0.902 & \$79,187 & \textbf{1.042} & -0.049\textsuperscript{*} & \textbf{0.971} & \textbf{-1",bf8f4875a53d9f543c313e234fa12abc6b08f61ff0e5d6201e51e5f9b6dcd21f,NOT_RENDERED,COMMENTED,
0.105,decimal,COMMENTED,2576,subsection: What the Final Augmented Regularization Paths Show,tab:path_anchor_summary,"% Direct & $\approx10.481$ & 0.902 & \$79,187 & \textbf{1.042} & -0.049\textsuperscript{*} & \textbf{0.971} & \textbf{-1",bf8f4875a53d9f543c313e234fa12abc6b08f61ff0e5d6201e51e5f9b6dcd21f,NOT_RENDERED,COMMENTED,
0.134,decimal,COMMENTED,2576,subsection: What the Final Augmented Regularization Paths Show,tab:path_anchor_summary,"% Direct & $\approx10.481$ & 0.902 & \$79,187 & \textbf{1.042} & -0.049\textsuperscript{*} & \textbf{0.971} & \textbf{-1",bf8f4875a53d9f543c313e234fa12abc6b08f61ff0e5d6201e51e5f9b6dcd21f,NOT_RENDERED,COMMENTED,
0.318,decimal,COMMENTED,2576,subsection: What the Final Augmented Regularization Paths Show,tab:path_anchor_summary,"% Direct & $\approx10.481$ & 0.902 & \$79,187 & \textbf{1.042} & -0.049\textsuperscript{*} & \textbf{0.971} & \textbf{-1",bf8f4875a53d9f543c313e234fa12abc6b08f61ff0e5d6201e51e5f9b6dcd21f,NOT_RENDERED,COMMENTED,
100,int_mid,COMMENTED,2577,subsection: What the Final Augmented Regularization Paths Show,tab:path_anchor_summary,"% Direct & 100 & 0.873 & \$89,309 & \textbf{1.036} & -0.029\textsuperscript{*} & \textbf{0.983} & \textbf{-4.5\%} & \tex",179ed6b8566ccda8fb30176b95c083c71e51e2187215c49ab2bb479d37195b92,NOT_RENDERED,COMMENTED,
0.873,decimal,COMMENTED,2577,subsection: What the Final Augmented Regularization Paths Show,tab:path_anchor_summary,"% Direct & 100 & 0.873 & \$89,309 & \textbf{1.036} & -0.029\textsuperscript{*} & \textbf{0.983} & \textbf{-4.5\%} & \tex",179ed6b8566ccda8fb30176b95c083c71e51e2187215c49ab2bb479d37195b92,NOT_RENDERED,COMMENTED,
"89,309",int_ge_1000,COMMENTED,2577,subsection: What the Final Augmented Regularization Paths Show,tab:path_anchor_summary,"% Direct & 100 & 0.873 & \$89,309 & \textbf{1.036} & -0.029\textsuperscript{*} & \textbf{0.983} & \textbf{-4.5\%} & \tex",179ed6b8566ccda8fb30176b95c083c71e51e2187215c49ab2bb479d37195b92,NOT_RENDERED,COMMENTED,
1.036,decimal,COMMENTED,2577,subsection: What the Final Augmented Regularization Paths Show,tab:path_anchor_summary,"% Direct & 100 & 0.873 & \$89,309 & \textbf{1.036} & -0.029\textsuperscript{*} & \textbf{0.983} & \textbf{-4.5\%} & \tex",179ed6b8566ccda8fb30176b95c083c71e51e2187215c49ab2bb479d37195b92,NOT_RENDERED,COMMENTED,
0.029,decimal,COMMENTED,2577,subsection: What the Final Augmented Regularization Paths Show,tab:path_anchor_summary,"% Direct & 100 & 0.873 & \$89,309 & \textbf{1.036} & -0.029\textsuperscript{*} & \textbf{0.983} & \textbf{-4.5\%} & \tex",179ed6b8566ccda8fb30176b95c083c71e51e2187215c49ab2bb479d37195b92,NOT_RENDERED,COMMENTED,
0.983,decimal,COMMENTED,2577,subsection: What the Final Augmented Regularization Paths Show,tab:path_anchor_summary,"% Direct & 100 & 0.873 & \$89,309 & \textbf{1.036} & -0.029\textsuperscript{*} & \textbf{0.983} & \textbf{-4.5\%} & \tex",179ed6b8566ccda8fb30176b95c083c71e51e2187215c49ab2bb479d37195b92,NOT_RENDERED,COMMENTED,
4.5,decimal,COMMENTED,2577,subsection: What the Final Augmented Regularization Paths Show,tab:path_anchor_summary,"% Direct & 100 & 0.873 & \$89,309 & \textbf{1.036} & -0.029\textsuperscript{*} & \textbf{0.983} & \textbf{-4.5\%} & \tex",179ed6b8566ccda8fb30176b95c083c71e51e2187215c49ab2bb479d37195b92,NOT_RENDERED,COMMENTED,
0.093,decimal,COMMENTED,2577,subsection: What the Final Augmented Regularization Paths Show,tab:path_anchor_summary,"% Direct & 100 & 0.873 & \$89,309 & \textbf{1.036} & -0.029\textsuperscript{*} & \textbf{0.983} & \textbf{-4.5\%} & \tex",179ed6b8566ccda8fb30176b95c083c71e51e2187215c49ab2bb479d37195b92,NOT_RENDERED,COMMENTED,
0.119,decimal,COMMENTED,2577,subsection: What the Final Augmented Regularization Paths Show,tab:path_anchor_summary,"% Direct & 100 & 0.873 & \$89,309 & \textbf{1.036} & -0.029\textsuperscript{*} & \textbf{0.983} & \textbf{-4.5\%} & \tex",179ed6b8566ccda8fb30176b95c083c71e51e2187215c49ab2bb479d37195b92,NOT_RENDERED,COMMENTED,
0.281,decimal,COMMENTED,2577,subsection: What the Final Augmented Regularization Paths Show,tab:path_anchor_summary,"% Direct & 100 & 0.873 & \$89,309 & \textbf{1.036} & -0.029\textsuperscript{*} & \textbf{0.983} & \textbf{-4.5\%} & \tex",179ed6b8566ccda8fb30176b95c083c71e51e2187215c49ab2bb479d37195b92,NOT_RENDERED,COMMENTED,
0.905,decimal,COMMENTED,2581,subsection: What the Final Augmented Regularization Paths Show,tab:path_anchor_summary,"% Surrogate & $\approx0.1$ & \textbf{0.905} & \$78,546 & 1.074 & -0.095 & 0.914 & -24.7\% & -0.153 & \textbf{0.116} & 0.",680ee132a3e553f7e4b27e818208b6fa137634eaca9f1dc441971e3df9a1fb31,NOT_RENDERED,COMMENTED,
"78,546",int_ge_1000,COMMENTED,2581,subsection: What the Final Augmented Regularization Paths Show,tab:path_anchor_summary,"% Surrogate & $\approx0.1$ & \textbf{0.905} & \$78,546 & 1.074 & -0.095 & 0.914 & -24.7\% & -0.153 & \textbf{0.116} & 0.",680ee132a3e553f7e4b27e818208b6fa137634eaca9f1dc441971e3df9a1fb31,NOT_RENDERED,COMMENTED,
1.074,decimal,COMMENTED,2581,subsection: What the Final Augmented Regularization Paths Show,tab:path_anchor_summary,"% Surrogate & $\approx0.1$ & \textbf{0.905} & \$78,546 & 1.074 & -0.095 & 0.914 & -24.7\% & -0.153 & \textbf{0.116} & 0.",680ee132a3e553f7e4b27e818208b6fa137634eaca9f1dc441971e3df9a1fb31,NOT_RENDERED,COMMENTED,
0.095,decimal,COMMENTED,2581,subsection: What the Final Augmented Regularization Paths Show,tab:path_anchor_summary,"% Surrogate & $\approx0.1$ & \textbf{0.905} & \$78,546 & 1.074 & -0.095 & 0.914 & -24.7\% & -0.153 & \textbf{0.116} & 0.",680ee132a3e553f7e4b27e818208b6fa137634eaca9f1dc441971e3df9a1fb31,NOT_RENDERED,COMMENTED,
0.914,decimal,COMMENTED,2581,subsection: What the Final Augmented Regularization Paths Show,tab:path_anchor_summary,"% Surrogate & $\approx0.1$ & \textbf{0.905} & \$78,546 & 1.074 & -0.095 & 0.914 & -24.7\% & -0.153 & \textbf{0.116} & 0.",680ee132a3e553f7e4b27e818208b6fa137634eaca9f1dc441971e3df9a1fb31,NOT_RENDERED,COMMENTED,
24.7,decimal,COMMENTED,2581,subsection: What the Final Augmented Regularization Paths Show,tab:path_anchor_summary,"% Surrogate & $\approx0.1$ & \textbf{0.905} & \$78,546 & 1.074 & -0.095 & 0.914 & -24.7\% & -0.153 & \textbf{0.116} & 0.",680ee132a3e553f7e4b27e818208b6fa137634eaca9f1dc441971e3df9a1fb31,NOT_RENDERED,COMMENTED,
0.153,decimal,COMMENTED,2581,subsection: What the Final Augmented Regularization Paths Show,tab:path_anchor_summary,"% Surrogate & $\approx0.1$ & \textbf{0.905} & \$78,546 & 1.074 & -0.095 & 0.914 & -24.7\% & -0.153 & \textbf{0.116} & 0.",680ee132a3e553f7e4b27e818208b6fa137634eaca9f1dc441971e3df9a1fb31,NOT_RENDERED,COMMENTED,
0.116,decimal,COMMENTED,2581,subsection: What the Final Augmented Regularization Paths Show,tab:path_anchor_summary,"% Surrogate & $\approx0.1$ & \textbf{0.905} & \$78,546 & 1.074 & -0.095 & 0.914 & -24.7\% & -0.153 & \textbf{0.116} & 0.",680ee132a3e553f7e4b27e818208b6fa137634eaca9f1dc441971e3df9a1fb31,NOT_RENDERED,COMMENTED,
0.402,decimal,COMMENTED,2581,subsection: What the Final Augmented Regularization Paths Show,tab:path_anchor_summary,"% Surrogate & $\approx0.1$ & \textbf{0.905} & \$78,546 & 1.074 & -0.095 & 0.914 & -24.7\% & -0.153 & \textbf{0.116} & 0.",680ee132a3e553f7e4b27e818208b6fa137634eaca9f1dc441971e3df9a1fb31,NOT_RENDERED,COMMENTED,
0.908,decimal,COMMENTED,2582,subsection: What the Final Augmented Regularization Paths Show,tab:path_anchor_summary,"% Surrogate & $\approx0.954$ & \textbf{0.908} & \textbf{\$78,196} & 1.060 & -0.062 & 0.932 & \textbf{-15.3\%} & -0.120 &",d58b58c8d918757c7b2058d9fd321f2e664d9a9644bbcd1f57dacd3aa4af542f,NOT_RENDERED,COMMENTED,
"78,196",int_ge_1000,COMMENTED,2582,subsection: What the Final Augmented Regularization Paths Show,tab:path_anchor_summary,"% Surrogate & $\approx0.954$ & \textbf{0.908} & \textbf{\$78,196} & 1.060 & -0.062 & 0.932 & \textbf{-15.3\%} & -0.120 &",d58b58c8d918757c7b2058d9fd321f2e664d9a9644bbcd1f57dacd3aa4af542f,NOT_RENDERED,COMMENTED,
1.060,decimal,COMMENTED,2582,subsection: What the Final Augmented Regularization Paths Show,tab:path_anchor_summary,"% Surrogate & $\approx0.954$ & \textbf{0.908} & \textbf{\$78,196} & 1.060 & -0.062 & 0.932 & \textbf{-15.3\%} & -0.120 &",d58b58c8d918757c7b2058d9fd321f2e664d9a9644bbcd1f57dacd3aa4af542f,NOT_RENDERED,COMMENTED,
0.062,decimal,COMMENTED,2582,subsection: What the Final Augmented Regularization Paths Show,tab:path_anchor_summary,"% Surrogate & $\approx0.954$ & \textbf{0.908} & \textbf{\$78,196} & 1.060 & -0.062 & 0.932 & \textbf{-15.3\%} & -0.120 &",d58b58c8d918757c7b2058d9fd321f2e664d9a9644bbcd1f57dacd3aa4af542f,NOT_RENDERED,COMMENTED,
0.932,decimal,COMMENTED,2582,subsection: What the Final Augmented Regularization Paths Show,tab:path_anchor_summary,"% Surrogate & $\approx0.954$ & \textbf{0.908} & \textbf{\$78,196} & 1.060 & -0.062 & 0.932 & \textbf{-15.3\%} & -0.120 &",d58b58c8d918757c7b2058d9fd321f2e664d9a9644bbcd1f57dacd3aa4af542f,NOT_RENDERED,COMMENTED,
15.3,decimal,COMMENTED,2582,subsection: What the Final Augmented Regularization Paths Show,tab:path_anchor_summary,"% Surrogate & $\approx0.954$ & \textbf{0.908} & \textbf{\$78,196} & 1.060 & -0.062 & 0.932 & \textbf{-15.3\%} & -0.120 &",d58b58c8d918757c7b2058d9fd321f2e664d9a9644bbcd1f57dacd3aa4af542f,NOT_RENDERED,COMMENTED,
0.120,decimal,COMMENTED,2582,subsection: What the Final Augmented Regularization Paths Show,tab:path_anchor_summary,"% Surrogate & $\approx0.954$ & \textbf{0.908} & \textbf{\$78,196} & 1.060 & -0.062 & 0.932 & \textbf{-15.3\%} & -0.120 &",d58b58c8d918757c7b2058d9fd321f2e664d9a9644bbcd1f57dacd3aa4af542f,NOT_RENDERED,COMMENTED,
0.096,decimal,COMMENTED,2582,subsection: What the Final Augmented Regularization Paths Show,tab:path_anchor_summary,"% Surrogate & $\approx0.954$ & \textbf{0.908} & \textbf{\$78,196} & 1.060 & -0.062 & 0.932 & \textbf{-15.3\%} & -0.120 &",d58b58c8d918757c7b2058d9fd321f2e664d9a9644bbcd1f57dacd3aa4af542f,NOT_RENDERED,COMMENTED,
0.343,decimal,COMMENTED,2582,subsection: What the Final Augmented Regularization Paths Show,tab:path_anchor_summary,"% Surrogate & $\approx0.954$ & \textbf{0.908} & \textbf{\$78,196} & 1.060 & -0.062 & 0.932 & \textbf{-15.3\%} & -0.120 &",d58b58c8d918757c7b2058d9fd321f2e664d9a9644bbcd1f57dacd3aa4af542f,NOT_RENDERED,COMMENTED,
0.905,decimal,COMMENTED,2583,subsection: What the Final Augmented Regularization Paths Show,tab:path_anchor_summary,"% Surrogate & $\approx10.481$ & \textbf{0.905} & \$81,075 & \textbf{1.033} & \textbf{0.000} & \textbf{0.967} & \textbf{-",4ba5c7c8e81e59902029eceb67353faab0534811439f93fcb2983abd70b75d20,NOT_RENDERED,COMMENTED,
"81,075",int_ge_1000,COMMENTED,2583,subsection: What the Final Augmented Regularization Paths Show,tab:path_anchor_summary,"% Surrogate & $\approx10.481$ & \textbf{0.905} & \$81,075 & \textbf{1.033} & \textbf{0.000} & \textbf{0.967} & \textbf{-",4ba5c7c8e81e59902029eceb67353faab0534811439f93fcb2983abd70b75d20,NOT_RENDERED,COMMENTED,
1.033,decimal,COMMENTED,2583,subsection: What the Final Augmented Regularization Paths Show,tab:path_anchor_summary,"% Surrogate & $\approx10.481$ & \textbf{0.905} & \$81,075 & \textbf{1.033} & \textbf{0.000} & \textbf{0.967} & \textbf{-",4ba5c7c8e81e59902029eceb67353faab0534811439f93fcb2983abd70b75d20,NOT_RENDERED,COMMENTED,
0.000,decimal,COMMENTED,2583,subsection: What the Final Augmented Regularization Paths Show,tab:path_anchor_summary,"% Surrogate & $\approx10.481$ & \textbf{0.905} & \$81,075 & \textbf{1.033} & \textbf{0.000} & \textbf{0.967} & \textbf{-",4ba5c7c8e81e59902029eceb67353faab0534811439f93fcb2983abd70b75d20,NOT_RENDERED,COMMENTED,
0.967,decimal,COMMENTED,2583,subsection: What the Final Augmented Regularization Paths Show,tab:path_anchor_summary,"% Surrogate & $\approx10.481$ & \textbf{0.905} & \$81,075 & \textbf{1.033} & \textbf{0.000} & \textbf{0.967} & \textbf{-",4ba5c7c8e81e59902029eceb67353faab0534811439f93fcb2983abd70b75d20,NOT_RENDERED,COMMENTED,
2.0,decimal,COMMENTED,2583,subsection: What the Final Augmented Regularization Paths Show,tab:path_anchor_summary,"% Surrogate & $\approx10.481$ & \textbf{0.905} & \$81,075 & \textbf{1.033} & \textbf{0.000} & \textbf{0.967} & \textbf{-",4ba5c7c8e81e59902029eceb67353faab0534811439f93fcb2983abd70b75d20,NOT_RENDERED,COMMENTED,
0.050,decimal,COMMENTED,2583,subsection: What the Final Augmented Regularization Paths Show,tab:path_anchor_summary,"% Surrogate & $\approx10.481$ & \textbf{0.905} & \$81,075 & \textbf{1.033} & \textbf{0.000} & \textbf{0.967} & \textbf{-",4ba5c7c8e81e59902029eceb67353faab0534811439f93fcb2983abd70b75d20,NOT_RENDERED,COMMENTED,
0.092,decimal,COMMENTED,2583,subsection: What the Final Augmented Regularization Paths Show,tab:path_anchor_summary,"% Surrogate & $\approx10.481$ & \textbf{0.905} & \$81,075 & \textbf{1.033} & \textbf{0.000} & \textbf{0.967} & \textbf{-",4ba5c7c8e81e59902029eceb67353faab0534811439f93fcb2983abd70b75d20,NOT_RENDERED,COMMENTED,
0.258,decimal,COMMENTED,2583,subsection: What the Final Augmented Regularization Paths Show,tab:path_anchor_summary,"% Surrogate & $\approx10.481$ & \textbf{0.905} & \$81,075 & \textbf{1.033} & \textbf{0.000} & \textbf{0.967} & \textbf{-",4ba5c7c8e81e59902029eceb67353faab0534811439f93fcb2983abd70b75d20,NOT_RENDERED,COMMENTED,
100,int_mid,COMMENTED,2584,subsection: What the Final Augmented Regularization Paths Show,tab:path_anchor_summary,"% Surrogate & 100 & 0.900 & \$85,257 & \textbf{1.020} & 0.030\textsuperscript{*} & \textbf{0.987} & \textbf{1.7\%} & \te",6953b36f1947168c690a420f067e9090c296f8c92cf162138094436eb1c666ee,NOT_RENDERED,COMMENTED,
0.900,decimal,COMMENTED,2584,subsection: What the Final Augmented Regularization Paths Show,tab:path_anchor_summary,"% Surrogate & 100 & 0.900 & \$85,257 & \textbf{1.020} & 0.030\textsuperscript{*} & \textbf{0.987} & \textbf{1.7\%} & \te",6953b36f1947168c690a420f067e9090c296f8c92cf162138094436eb1c666ee,NOT_RENDERED,COMMENTED,
"85,257",int_ge_1000,COMMENTED,2584,subsection: What the Final Augmented Regularization Paths Show,tab:path_anchor_summary,"% Surrogate & 100 & 0.900 & \$85,257 & \textbf{1.020} & 0.030\textsuperscript{*} & \textbf{0.987} & \textbf{1.7\%} & \te",6953b36f1947168c690a420f067e9090c296f8c92cf162138094436eb1c666ee,NOT_RENDERED,COMMENTED,
1.020,decimal,COMMENTED,2584,subsection: What the Final Augmented Regularization Paths Show,tab:path_anchor_summary,"% Surrogate & 100 & 0.900 & \$85,257 & \textbf{1.020} & 0.030\textsuperscript{*} & \textbf{0.987} & \textbf{1.7\%} & \te",6953b36f1947168c690a420f067e9090c296f8c92cf162138094436eb1c666ee,NOT_RENDERED,COMMENTED,
0.030,decimal,COMMENTED,2584,subsection: What the Final Augmented Regularization Paths Show,tab:path_anchor_summary,"% Surrogate & 100 & 0.900 & \$85,257 & \textbf{1.020} & 0.030\textsuperscript{*} & \textbf{0.987} & \textbf{1.7\%} & \te",6953b36f1947168c690a420f067e9090c296f8c92cf162138094436eb1c666ee,NOT_RENDERED,COMMENTED,
0.987,decimal,COMMENTED,2584,subsection: What the Final Augmented Regularization Paths Show,tab:path_anchor_summary,"% Surrogate & 100 & 0.900 & \$85,257 & \textbf{1.020} & 0.030\textsuperscript{*} & \textbf{0.987} & \textbf{1.7\%} & \te",6953b36f1947168c690a420f067e9090c296f8c92cf162138094436eb1c666ee,NOT_RENDERED,COMMENTED,
1.7,decimal,COMMENTED,2584,subsection: What the Final Augmented Regularization Paths Show,tab:path_anchor_summary,"% Surrogate & 100 & 0.900 & \$85,257 & \textbf{1.020} & 0.030\textsuperscript{*} & \textbf{0.987} & \textbf{1.7\%} & \te",6953b36f1947168c690a420f067e9090c296f8c92cf162138094436eb1c666ee,NOT_RENDERED,COMMENTED,
0.015,decimal,COMMENTED,2584,subsection: What the Final Augmented Regularization Paths Show,tab:path_anchor_summary,"% Surrogate & 100 & 0.900 & \$85,257 & \textbf{1.020} & 0.030\textsuperscript{*} & \textbf{0.987} & \textbf{1.7\%} & \te",6953b36f1947168c690a420f067e9090c296f8c92cf162138094436eb1c666ee,NOT_RENDERED,COMMENTED,
0.111,decimal,COMMENTED,2584,subsection: What the Final Augmented Regularization Paths Show,tab:path_anchor_summary,"% Surrogate & 100 & 0.900 & \$85,257 & \textbf{1.020} & 0.030\textsuperscript{*} & \textbf{0.987} & \textbf{1.7\%} & \te",6953b36f1947168c690a420f067e9090c296f8c92cf162138094436eb1c666ee,NOT_RENDERED,COMMENTED,
0.266,decimal,COMMENTED,2584,subsection: What the Final Augmented Regularization Paths Show,tab:path_anchor_summary,"% Surrogate & 100 & 0.900 & \$85,257 & \textbf{1.020} & 0.030\textsuperscript{*} & \textbf{0.987} & \textbf{1.7\%} & \te",6953b36f1947168c690a420f067e9090c296f8c92cf162138094436eb1c666ee,NOT_RENDERED,COMMENTED,
0.98,decimal,COMMENTED,2597,subsection: What the Final Augmented Regularization Paths Show,tab:path_anchor_summary,"% For penalized rows, an asterisk indicates improvement relative to Ordinary LightGBM without equaling or improving upon",b6eb0b86faaf21874e8b36f44e2c8468b9b20e66c87df02ab94e8160307502f2,NOT_RENDERED,COMMENTED,
1.03,decimal,COMMENTED,2597,subsection: What the Final Augmented Regularization Paths Show,tab:path_anchor_summary,"% For penalized rows, an asterisk indicates improvement relative to Ordinary LightGBM without equaling or improving upon",b6eb0b86faaf21874e8b36f44e2c8468b9b20e66c87df02ab94e8160307502f2,NOT_RENDERED,COMMENTED,
0.05,decimal,COMMENTED,2597,subsection: What the Final Augmented Regularization Paths Show,tab:path_anchor_summary,"% For penalized rows, an asterisk indicates improvement relative to Ordinary LightGBM without equaling or improving upon",b6eb0b86faaf21874e8b36f44e2c8468b9b20e66c87df02ab94e8160307502f2,NOT_RENDERED,COMMENTED,
0.05,decimal,COMMENTED,2597,subsection: What the Final Augmented Regularization Paths Show,tab:path_anchor_summary,"% For penalized rows, an asterisk indicates improvement relative to Ordinary LightGBM without equaling or improving upon",b6eb0b86faaf21874e8b36f44e2c8468b9b20e66c87df02ab94e8160307502f2,NOT_RENDERED,COMMENTED,
0.95,decimal,COMMENTED,2597,subsection: What the Final Augmented Regularization Paths Show,tab:path_anchor_summary,"% For penalized rows, an asterisk indicates improvement relative to Ordinary LightGBM without equaling or improving upon",b6eb0b86faaf21874e8b36f44e2c8468b9b20e66c87df02ab94e8160307502f2,NOT_RENDERED,COMMENTED,
1.05,decimal,COMMENTED,2597,subsection: What the Final Augmented Regularization Paths Show,tab:path_anchor_summary,"% For penalized rows, an asterisk indicates improvement relative to Ordinary LightGBM without equaling or improving upon",b6eb0b86faaf21874e8b36f44e2c8468b9b20e66c87df02ab94e8160307502f2,NOT_RENDERED,COMMENTED,
10,int_small,COMMENTED,2597,subsection: What the Final Augmented Regularization Paths Show,tab:path_anchor_summary,"% For penalized rows, an asterisk indicates improvement relative to Ordinary LightGBM without equaling or improving upon",b6eb0b86faaf21874e8b36f44e2c8468b9b20e66c87df02ab94e8160307502f2,NOT_RENDERED,COMMENTED,
10,int_small,COMMENTED,2597,subsection: What the Final Augmented Regularization Paths Show,tab:path_anchor_summary,"% For penalized rows, an asterisk indicates improvement relative to Ordinary LightGBM without equaling or improving upon",b6eb0b86faaf21874e8b36f44e2c8468b9b20e66c87df02ab94e8160307502f2,NOT_RENDERED,COMMENTED,
2,int_small,COMMENTED,2597,subsection: What the Final Augmented Regularization Paths Show,tab:path_anchor_summary,"% For penalized rows, an asterisk indicates improvement relative to Ordinary LightGBM without equaling or improving upon",b6eb0b86faaf21874e8b36f44e2c8468b9b20e66c87df02ab94e8160307502f2,NOT_RENDERED,COMMENTED,
0.01,decimal,COMMENTED,2615,subsection: What the Final Augmented Regularization Paths Show,tab:path_anchor_summary,% \caption{\oldtext{Primary regularization-path summary at prespecified display anchors: prediction and assessor-facing ,bf84f399face6a7de6cf082dac9589f70d614f5b414970fcf1026e004ae95942,NOT_RENDERED,COMMENTED,
0.1,decimal,COMMENTED,2615,subsection: What the Final Augmented Regularization Paths Show,tab:path_anchor_summary,% \caption{\oldtext{Primary regularization-path summary at prespecified display anchors: prediction and assessor-facing ,bf84f399face6a7de6cf082dac9589f70d614f5b414970fcf1026e004ae95942,NOT_RENDERED,COMMENTED,
1,int_small,COMMENTED,2615,subsection: What the Final Augmented Regularization Paths Show,tab:path_anchor_summary,% \caption{\oldtext{Primary regularization-path summary at prespecified display anchors: prediction and assessor-facing ,bf84f399face6a7de6cf082dac9589f70d614f5b414970fcf1026e004ae95942,NOT_RENDERED,COMMENTED,
"10,100",int_ge_1000,COMMENTED,2615,subsection: What the Final Augmented Regularization Paths Show,tab:path_anchor_summary,% \caption{\oldtext{Primary regularization-path summary at prespecified display anchors: prediction and assessor-facing ,bf84f399face6a7de6cf082dac9589f70d614f5b414970fcf1026e004ae95942,NOT_RENDERED,COMMENTED,
2,int_small,COMMENTED,2621,subsection: What the Final Augmented Regularization Paths Show,tab:path_anchor_summary,% & $R^2_P$,d609b020610b9b7855a1ab1abdfe348d4291f676aa1434c02933b6487d4fbf4e,NOT_RENDERED,COMMENTED,
0.799,decimal,COMMENTED,2634,subsection: What the Final Augmented Regularization Paths Show,tab:path_anchor_summary,"% Linear regression & -- & 0.799 & \$90,092 & 24.1\% & 0.322 & \textbf{1.042} & \textbf{-0.016} & \textbf{0.975} & \text",a77deca28ad5e6f8f80750641aee3225b78fc3cbb98e0e740e8321e358dc2bf3,NOT_RENDERED,COMMENTED,
"90,092",int_ge_1000,COMMENTED,2634,subsection: What the Final Augmented Regularization Paths Show,tab:path_anchor_summary,"% Linear regression & -- & 0.799 & \$90,092 & 24.1\% & 0.322 & \textbf{1.042} & \textbf{-0.016} & \textbf{0.975} & \text",a77deca28ad5e6f8f80750641aee3225b78fc3cbb98e0e740e8321e358dc2bf3,NOT_RENDERED,COMMENTED,
24.1,decimal,COMMENTED,2634,subsection: What the Final Augmented Regularization Paths Show,tab:path_anchor_summary,"% Linear regression & -- & 0.799 & \$90,092 & 24.1\% & 0.322 & \textbf{1.042} & \textbf{-0.016} & \textbf{0.975} & \text",a77deca28ad5e6f8f80750641aee3225b78fc3cbb98e0e740e8321e358dc2bf3,NOT_RENDERED,COMMENTED,
0.322,decimal,COMMENTED,2634,subsection: What the Final Augmented Regularization Paths Show,tab:path_anchor_summary,"% Linear regression & -- & 0.799 & \$90,092 & 24.1\% & 0.322 & \textbf{1.042} & \textbf{-0.016} & \textbf{0.975} & \text",a77deca28ad5e6f8f80750641aee3225b78fc3cbb98e0e740e8321e358dc2bf3,NOT_RENDERED,COMMENTED,
1.042,decimal,COMMENTED,2634,subsection: What the Final Augmented Regularization Paths Show,tab:path_anchor_summary,"% Linear regression & -- & 0.799 & \$90,092 & 24.1\% & 0.322 & \textbf{1.042} & \textbf{-0.016} & \textbf{0.975} & \text",a77deca28ad5e6f8f80750641aee3225b78fc3cbb98e0e740e8321e358dc2bf3,NOT_RENDERED,COMMENTED,
0.016,decimal,COMMENTED,2634,subsection: What the Final Augmented Regularization Paths Show,tab:path_anchor_summary,"% Linear regression & -- & 0.799 & \$90,092 & 24.1\% & 0.322 & \textbf{1.042} & \textbf{-0.016} & \textbf{0.975} & \text",a77deca28ad5e6f8f80750641aee3225b78fc3cbb98e0e740e8321e358dc2bf3,NOT_RENDERED,COMMENTED,
0.975,decimal,COMMENTED,2634,subsection: What the Final Augmented Regularization Paths Show,tab:path_anchor_summary,"% Linear regression & -- & 0.799 & \$90,092 & 24.1\% & 0.322 & \textbf{1.042} & \textbf{-0.016} & \textbf{0.975} & \text",a77deca28ad5e6f8f80750641aee3225b78fc3cbb98e0e740e8321e358dc2bf3,NOT_RENDERED,COMMENTED,
11.6,decimal,COMMENTED,2634,subsection: What the Final Augmented Regularization Paths Show,tab:path_anchor_summary,"% Linear regression & -- & 0.799 & \$90,092 & 24.1\% & 0.322 & \textbf{1.042} & \textbf{-0.016} & \textbf{0.975} & \text",a77deca28ad5e6f8f80750641aee3225b78fc3cbb98e0e740e8321e358dc2bf3,NOT_RENDERED,COMMENTED,
0.894,decimal,COMMENTED,2635,subsection: What the Final Augmented Regularization Paths Show,tab:path_anchor_summary,"% Ordinary LightGBM & -- & \textbf{0.894} & \textbf{\$75,655} & \textbf{21.2\%} & \textbf{0.289} & 1.069 & -0.091 & 0.92",ffc4a293c71b0dc3fe0f44cdd6ff2f580c96762ccbe4e34da1ece531fe255ac2,NOT_RENDERED,COMMENTED,
"75,655",int_ge_1000,COMMENTED,2635,subsection: What the Final Augmented Regularization Paths Show,tab:path_anchor_summary,"% Ordinary LightGBM & -- & \textbf{0.894} & \textbf{\$75,655} & \textbf{21.2\%} & \textbf{0.289} & 1.069 & -0.091 & 0.92",ffc4a293c71b0dc3fe0f44cdd6ff2f580c96762ccbe4e34da1ece531fe255ac2,NOT_RENDERED,COMMENTED,
21.2,decimal,COMMENTED,2635,subsection: What the Final Augmented Regularization Paths Show,tab:path_anchor_summary,"% Ordinary LightGBM & -- & \textbf{0.894} & \textbf{\$75,655} & \textbf{21.2\%} & \textbf{0.289} & 1.069 & -0.091 & 0.92",ffc4a293c71b0dc3fe0f44cdd6ff2f580c96762ccbe4e34da1ece531fe255ac2,NOT_RENDERED,COMMENTED,
0.289,decimal,COMMENTED,2635,subsection: What the Final Augmented Regularization Paths Show,tab:path_anchor_summary,"% Ordinary LightGBM & -- & \textbf{0.894} & \textbf{\$75,655} & \textbf{21.2\%} & \textbf{0.289} & 1.069 & -0.091 & 0.92",ffc4a293c71b0dc3fe0f44cdd6ff2f580c96762ccbe4e34da1ece531fe255ac2,NOT_RENDERED,COMMENTED,
1.069,decimal,COMMENTED,2635,subsection: What the Final Augmented Regularization Paths Show,tab:path_anchor_summary,"% Ordinary LightGBM & -- & \textbf{0.894} & \textbf{\$75,655} & \textbf{21.2\%} & \textbf{0.289} & 1.069 & -0.091 & 0.92",ffc4a293c71b0dc3fe0f44cdd6ff2f580c96762ccbe4e34da1ece531fe255ac2,NOT_RENDERED,COMMENTED,
0.091,decimal,COMMENTED,2635,subsection: What the Final Augmented Regularization Paths Show,tab:path_anchor_summary,"% Ordinary LightGBM & -- & \textbf{0.894} & \textbf{\$75,655} & \textbf{21.2\%} & \textbf{0.289} & 1.069 & -0.091 & 0.92",ffc4a293c71b0dc3fe0f44cdd6ff2f580c96762ccbe4e34da1ece531fe255ac2,NOT_RENDERED,COMMENTED,
0.923,decimal,COMMENTED,2635,subsection: What the Final Augmented Regularization Paths Show,tab:path_anchor_summary,"% Ordinary LightGBM & -- & \textbf{0.894} & \textbf{\$75,655} & \textbf{21.2\%} & \textbf{0.289} & 1.069 & -0.091 & 0.92",ffc4a293c71b0dc3fe0f44cdd6ff2f580c96762ccbe4e34da1ece531fe255ac2,NOT_RENDERED,COMMENTED,
26.5,decimal,COMMENTED,2635,subsection: What the Final Augmented Regularization Paths Show,tab:path_anchor_summary,"% Ordinary LightGBM & -- & \textbf{0.894} & \textbf{\$75,655} & \textbf{21.2\%} & \textbf{0.289} & 1.069 & -0.091 & 0.92",ffc4a293c71b0dc3fe0f44cdd6ff2f580c96762ccbe4e34da1ece531fe255ac2,NOT_RENDERED,COMMENTED,
0.893,decimal,COMMENTED,2640,subsection: What the Final Augmented Regularization Paths Show,tab:path_anchor_summary,"% \latesttext{Direct} & \latesttext{$\approx0.01$} & \latesttext{0.893} & \latesttext{\$76,058} & \latesttext{21.2\%} & ",8b21b8babedf2a8c149abc24a39d3a64617901970a91fbca544ca4c209d572b2,NOT_RENDERED,COMMENTED,
"76,058",int_ge_1000,COMMENTED,2640,subsection: What the Final Augmented Regularization Paths Show,tab:path_anchor_summary,"% \latesttext{Direct} & \latesttext{$\approx0.01$} & \latesttext{0.893} & \latesttext{\$76,058} & \latesttext{21.2\%} & ",8b21b8babedf2a8c149abc24a39d3a64617901970a91fbca544ca4c209d572b2,NOT_RENDERED,COMMENTED,
21.2,decimal,COMMENTED,2640,subsection: What the Final Augmented Regularization Paths Show,tab:path_anchor_summary,"% \latesttext{Direct} & \latesttext{$\approx0.01$} & \latesttext{0.893} & \latesttext{\$76,058} & \latesttext{21.2\%} & ",8b21b8babedf2a8c149abc24a39d3a64617901970a91fbca544ca4c209d572b2,NOT_RENDERED,COMMENTED,
0.290,decimal,COMMENTED,2640,subsection: What the Final Augmented Regularization Paths Show,tab:path_anchor_summary,"% \latesttext{Direct} & \latesttext{$\approx0.01$} & \latesttext{0.893} & \latesttext{\$76,058} & \latesttext{21.2\%} & ",8b21b8babedf2a8c149abc24a39d3a64617901970a91fbca544ca4c209d572b2,NOT_RENDERED,COMMENTED,
1.069,decimal,COMMENTED,2640,subsection: What the Final Augmented Regularization Paths Show,tab:path_anchor_summary,"% \latesttext{Direct} & \latesttext{$\approx0.01$} & \latesttext{0.893} & \latesttext{\$76,058} & \latesttext{21.2\%} & ",8b21b8babedf2a8c149abc24a39d3a64617901970a91fbca544ca4c209d572b2,NOT_RENDERED,COMMENTED,
0.089,decimal,COMMENTED,2640,subsection: What the Final Augmented Regularization Paths Show,tab:path_anchor_summary,"% \latesttext{Direct} & \latesttext{$\approx0.01$} & \latesttext{0.893} & \latesttext{\$76,058} & \latesttext{21.2\%} & ",8b21b8babedf2a8c149abc24a39d3a64617901970a91fbca544ca4c209d572b2,NOT_RENDERED,COMMENTED,
0.924,decimal,COMMENTED,2640,subsection: What the Final Augmented Regularization Paths Show,tab:path_anchor_summary,"% \latesttext{Direct} & \latesttext{$\approx0.01$} & \latesttext{0.893} & \latesttext{\$76,058} & \latesttext{21.2\%} & ",8b21b8babedf2a8c149abc24a39d3a64617901970a91fbca544ca4c209d572b2,NOT_RENDERED,COMMENTED,
26.9,decimal,COMMENTED,2640,subsection: What the Final Augmented Regularization Paths Show,tab:path_anchor_summary,"% \latesttext{Direct} & \latesttext{$\approx0.01$} & \latesttext{0.893} & \latesttext{\$76,058} & \latesttext{21.2\%} & ",8b21b8babedf2a8c149abc24a39d3a64617901970a91fbca544ca4c209d572b2,NOT_RENDERED,COMMENTED,
0.1,decimal,COMMENTED,2641,subsection: What the Final Augmented Regularization Paths Show,tab:path_anchor_summary,"% Direct & \oldtext{$\approx0.1$}\latesttext{$0.1$} & 0.894 & \$76,235 & \oldtext{\textit{source}}\latesttext{21.3\%} & ",949cb2c5cc4b46859c284a38131fb3ab7da084731429399d94ba6f75d642caf8,NOT_RENDERED,COMMENTED,
0.894,decimal,COMMENTED,2641,subsection: What the Final Augmented Regularization Paths Show,tab:path_anchor_summary,"% Direct & \oldtext{$\approx0.1$}\latesttext{$0.1$} & 0.894 & \$76,235 & \oldtext{\textit{source}}\latesttext{21.3\%} & ",949cb2c5cc4b46859c284a38131fb3ab7da084731429399d94ba6f75d642caf8,NOT_RENDERED,COMMENTED,
"76,235",int_ge_1000,COMMENTED,2641,subsection: What the Final Augmented Regularization Paths Show,tab:path_anchor_summary,"% Direct & \oldtext{$\approx0.1$}\latesttext{$0.1$} & 0.894 & \$76,235 & \oldtext{\textit{source}}\latesttext{21.3\%} & ",949cb2c5cc4b46859c284a38131fb3ab7da084731429399d94ba6f75d642caf8,NOT_RENDERED,COMMENTED,
21.3,decimal,COMMENTED,2641,subsection: What the Final Augmented Regularization Paths Show,tab:path_anchor_summary,"% Direct & \oldtext{$\approx0.1$}\latesttext{$0.1$} & 0.894 & \$76,235 & \oldtext{\textit{source}}\latesttext{21.3\%} & ",949cb2c5cc4b46859c284a38131fb3ab7da084731429399d94ba6f75d642caf8,NOT_RENDERED,COMMENTED,
0.291,decimal,COMMENTED,2641,subsection: What the Final Augmented Regularization Paths Show,tab:path_anchor_summary,"% Direct & \oldtext{$\approx0.1$}\latesttext{$0.1$} & 0.894 & \$76,235 & \oldtext{\textit{source}}\latesttext{21.3\%} & ",949cb2c5cc4b46859c284a38131fb3ab7da084731429399d94ba6f75d642caf8,NOT_RENDERED,COMMENTED,
1.068,decimal,COMMENTED,2641,subsection: What the Final Augmented Regularization Paths Show,tab:path_anchor_summary,"% Direct & \oldtext{$\approx0.1$}\latesttext{$0.1$} & 0.894 & \$76,235 & \oldtext{\textit{source}}\latesttext{21.3\%} & ",949cb2c5cc4b46859c284a38131fb3ab7da084731429399d94ba6f75d642caf8,NOT_RENDERED,COMMENTED,
0.088,decimal,COMMENTED,2641,subsection: What the Final Augmented Regularization Paths Show,tab:path_anchor_summary,"% Direct & \oldtext{$\approx0.1$}\latesttext{$0.1$} & 0.894 & \$76,235 & \oldtext{\textit{source}}\latesttext{21.3\%} & ",949cb2c5cc4b46859c284a38131fb3ab7da084731429399d94ba6f75d642caf8,NOT_RENDERED,COMMENTED,
0.926,decimal,COMMENTED,2641,subsection: What the Final Augmented Regularization Paths Show,tab:path_anchor_summary,"% Direct & \oldtext{$\approx0.1$}\latesttext{$0.1$} & 0.894 & \$76,235 & \oldtext{\textit{source}}\latesttext{21.3\%} & ",949cb2c5cc4b46859c284a38131fb3ab7da084731429399d94ba6f75d642caf8,NOT_RENDERED,COMMENTED,
27.0,decimal,COMMENTED,2641,subsection: What the Final Augmented Regularization Paths Show,tab:path_anchor_summary,"% Direct & \oldtext{$\approx0.1$}\latesttext{$0.1$} & 0.894 & \$76,235 & \oldtext{\textit{source}}\latesttext{21.3\%} & ",949cb2c5cc4b46859c284a38131fb3ab7da084731429399d94ba6f75d642caf8,NOT_RENDERED,COMMENTED,
0.899,decimal,COMMENTED,2642,subsection: What the Final Augmented Regularization Paths Show,tab:path_anchor_summary,"% Direct & \oldtext{$\approx0.954$}\latesttext{$\approx1$} & \textbf{0.899}\textsuperscript{*} & \textbf{\$74,485}\texts",d43089e3f59ea4fed8eb831b39194b678078ae26b4fd305e290c1ba3330cdeb6,NOT_RENDERED,COMMENTED,
"74,485",int_ge_1000,COMMENTED,2642,subsection: What the Final Augmented Regularization Paths Show,tab:path_anchor_summary,"% Direct & \oldtext{$\approx0.954$}\latesttext{$\approx1$} & \textbf{0.899}\textsuperscript{*} & \textbf{\$74,485}\texts",d43089e3f59ea4fed8eb831b39194b678078ae26b4fd305e290c1ba3330cdeb6,NOT_RENDERED,COMMENTED,
21.1,decimal,COMMENTED,2642,subsection: What the Final Augmented Regularization Paths Show,tab:path_anchor_summary,"% Direct & \oldtext{$\approx0.954$}\latesttext{$\approx1$} & \textbf{0.899}\textsuperscript{*} & \textbf{\$74,485}\texts",d43089e3f59ea4fed8eb831b39194b678078ae26b4fd305e290c1ba3330cdeb6,NOT_RENDERED,COMMENTED,
0.290,decimal,COMMENTED,2642,subsection: What the Final Augmented Regularization Paths Show,tab:path_anchor_summary,"% Direct & \oldtext{$\approx0.954$}\latesttext{$\approx1$} & \textbf{0.899}\textsuperscript{*} & \textbf{\$74,485}\texts",d43089e3f59ea4fed8eb831b39194b678078ae26b4fd305e290c1ba3330cdeb6,NOT_RENDERED,COMMENTED,
1.060,decimal,COMMENTED,2642,subsection: What the Final Augmented Regularization Paths Show,tab:path_anchor_summary,"% Direct & \oldtext{$\approx0.954$}\latesttext{$\approx1$} & \textbf{0.899}\textsuperscript{*} & \textbf{\$74,485}\texts",d43089e3f59ea4fed8eb831b39194b678078ae26b4fd305e290c1ba3330cdeb6,NOT_RENDERED,COMMENTED,
0.075,decimal,COMMENTED,2642,subsection: What the Final Augmented Regularization Paths Show,tab:path_anchor_summary,"% Direct & \oldtext{$\approx0.954$}\latesttext{$\approx1$} & \textbf{0.899}\textsuperscript{*} & \textbf{\$74,485}\texts",d43089e3f59ea4fed8eb831b39194b678078ae26b4fd305e290c1ba3330cdeb6,NOT_RENDERED,COMMENTED,
0.940,decimal,COMMENTED,2642,subsection: What the Final Augmented Regularization Paths Show,tab:path_anchor_summary,"% Direct & \oldtext{$\approx0.954$}\latesttext{$\approx1$} & \textbf{0.899}\textsuperscript{*} & \textbf{\$74,485}\texts",d43089e3f59ea4fed8eb831b39194b678078ae26b4fd305e290c1ba3330cdeb6,NOT_RENDERED,COMMENTED,
21.9,decimal,COMMENTED,2642,subsection: What the Final Augmented Regularization Paths Show,tab:path_anchor_summary,"% Direct & \oldtext{$\approx0.954$}\latesttext{$\approx1$} & \textbf{0.899}\textsuperscript{*} & \textbf{\$74,485}\texts",d43089e3f59ea4fed8eb831b39194b678078ae26b4fd305e290c1ba3330cdeb6,NOT_RENDERED,COMMENTED,
0.895,decimal,COMMENTED,2643,subsection: What the Final Augmented Regularization Paths Show,tab:path_anchor_summary,"% Direct & \oldtext{$\approx10.481$}\latesttext{$\approx10$} & \textbf{0.895}\textsuperscript{*} & \textbf{\$75,218}\tex",9ff143fc70c62d08bcb833d41bb5590984741a58ca1850eab3482328aba670c7,NOT_RENDERED,COMMENTED,
"75,218",int_ge_1000,COMMENTED,2643,subsection: What the Final Augmented Regularization Paths Show,tab:path_anchor_summary,"% Direct & \oldtext{$\approx10.481$}\latesttext{$\approx10$} & \textbf{0.895}\textsuperscript{*} & \textbf{\$75,218}\tex",9ff143fc70c62d08bcb833d41bb5590984741a58ca1850eab3482328aba670c7,NOT_RENDERED,COMMENTED,
21.4,decimal,COMMENTED,2643,subsection: What the Final Augmented Regularization Paths Show,tab:path_anchor_summary,"% Direct & \oldtext{$\approx10.481$}\latesttext{$\approx10$} & \textbf{0.895}\textsuperscript{*} & \textbf{\$75,218}\tex",9ff143fc70c62d08bcb833d41bb5590984741a58ca1850eab3482328aba670c7,NOT_RENDERED,COMMENTED,
0.294,decimal,COMMENTED,2643,subsection: What the Final Augmented Regularization Paths Show,tab:path_anchor_summary,"% Direct & \oldtext{$\approx10.481$}\latesttext{$\approx10$} & \textbf{0.895}\textsuperscript{*} & \textbf{\$75,218}\tex",9ff143fc70c62d08bcb833d41bb5590984741a58ca1850eab3482328aba670c7,NOT_RENDERED,COMMENTED,
1.036,decimal,COMMENTED,2643,subsection: What the Final Augmented Regularization Paths Show,tab:path_anchor_summary,"% Direct & \oldtext{$\approx10.481$}\latesttext{$\approx10$} & \textbf{0.895}\textsuperscript{*} & \textbf{\$75,218}\tex",9ff143fc70c62d08bcb833d41bb5590984741a58ca1850eab3482328aba670c7,NOT_RENDERED,COMMENTED,
0.040,decimal,COMMENTED,2643,subsection: What the Final Augmented Regularization Paths Show,tab:path_anchor_summary,"% Direct & \oldtext{$\approx10.481$}\latesttext{$\approx10$} & \textbf{0.895}\textsuperscript{*} & \textbf{\$75,218}\tex",9ff143fc70c62d08bcb833d41bb5590984741a58ca1850eab3482328aba670c7,NOT_RENDERED,COMMENTED,
0.984,decimal,COMMENTED,2643,subsection: What the Final Augmented Regularization Paths Show,tab:path_anchor_summary,"% Direct & \oldtext{$\approx10.481$}\latesttext{$\approx10$} & \textbf{0.895}\textsuperscript{*} & \textbf{\$75,218}\tex",9ff143fc70c62d08bcb833d41bb5590984741a58ca1850eab3482328aba670c7,NOT_RENDERED,COMMENTED,
10.5,decimal,COMMENTED,2643,subsection: What the Final Augmented Regularization Paths Show,tab:path_anchor_summary,"% Direct & \oldtext{$\approx10.481$}\latesttext{$\approx10$} & \textbf{0.895}\textsuperscript{*} & \textbf{\$75,218}\tex",9ff143fc70c62d08bcb833d41bb5590984741a58ca1850eab3482328aba670c7,NOT_RENDERED,COMMENTED,
100,int_mid,COMMENTED,2644,subsection: What the Final Augmented Regularization Paths Show,tab:path_anchor_summary,"% Direct & 100 & 0.869 & \$84,918 & \oldtext{\textit{source}}\latesttext{23.9\%} & \oldtext{\textit{source}}\latesttext{",0ec80b70f84a7528e70f306b700c25e8bad30485dc2cafebbe640739e3f7548b,NOT_RENDERED,COMMENTED,
0.869,decimal,COMMENTED,2644,subsection: What the Final Augmented Regularization Paths Show,tab:path_anchor_summary,"% Direct & 100 & 0.869 & \$84,918 & \oldtext{\textit{source}}\latesttext{23.9\%} & \oldtext{\textit{source}}\latesttext{",0ec80b70f84a7528e70f306b700c25e8bad30485dc2cafebbe640739e3f7548b,NOT_RENDERED,COMMENTED,
"84,918",int_ge_1000,COMMENTED,2644,subsection: What the Final Augmented Regularization Paths Show,tab:path_anchor_summary,"% Direct & 100 & 0.869 & \$84,918 & \oldtext{\textit{source}}\latesttext{23.9\%} & \oldtext{\textit{source}}\latesttext{",0ec80b70f84a7528e70f306b700c25e8bad30485dc2cafebbe640739e3f7548b,NOT_RENDERED,COMMENTED,
23.9,decimal,COMMENTED,2644,subsection: What the Final Augmented Regularization Paths Show,tab:path_anchor_summary,"% Direct & 100 & 0.869 & \$84,918 & \oldtext{\textit{source}}\latesttext{23.9\%} & \oldtext{\textit{source}}\latesttext{",0ec80b70f84a7528e70f306b700c25e8bad30485dc2cafebbe640739e3f7548b,NOT_RENDERED,COMMENTED,
0.325,decimal,COMMENTED,2644,subsection: What the Final Augmented Regularization Paths Show,tab:path_anchor_summary,"% Direct & 100 & 0.869 & \$84,918 & \oldtext{\textit{source}}\latesttext{23.9\%} & \oldtext{\textit{source}}\latesttext{",0ec80b70f84a7528e70f306b700c25e8bad30485dc2cafebbe640739e3f7548b,NOT_RENDERED,COMMENTED,
1.029,decimal,COMMENTED,2644,subsection: What the Final Augmented Regularization Paths Show,tab:path_anchor_summary,"% Direct & 100 & 0.869 & \$84,918 & \oldtext{\textit{source}}\latesttext{23.9\%} & \oldtext{\textit{source}}\latesttext{",0ec80b70f84a7528e70f306b700c25e8bad30485dc2cafebbe640739e3f7548b,NOT_RENDERED,COMMENTED,
0.015,decimal,COMMENTED,2644,subsection: What the Final Augmented Regularization Paths Show,tab:path_anchor_summary,"% Direct & 100 & 0.869 & \$84,918 & \oldtext{\textit{source}}\latesttext{23.9\%} & \oldtext{\textit{source}}\latesttext{",0ec80b70f84a7528e70f306b700c25e8bad30485dc2cafebbe640739e3f7548b,NOT_RENDERED,COMMENTED,
0.998,decimal,COMMENTED,2644,subsection: What the Final Augmented Regularization Paths Show,tab:path_anchor_summary,"% Direct & 100 & 0.869 & \$84,918 & \oldtext{\textit{source}}\latesttext{23.9\%} & \oldtext{\textit{source}}\latesttext{",0ec80b70f84a7528e70f306b700c25e8bad30485dc2cafebbe640739e3f7548b,NOT_RENDERED,COMMENTED,
0.7,decimal,COMMENTED,2644,subsection: What the Final Augmented Regularization Paths Show,tab:path_anchor_summary,"% Direct & 100 & 0.869 & \$84,918 & \oldtext{\textit{source}}\latesttext{23.9\%} & \oldtext{\textit{source}}\latesttext{",0ec80b70f84a7528e70f306b700c25e8bad30485dc2cafebbe640739e3f7548b,NOT_RENDERED,COMMENTED,
0.894,decimal,COMMENTED,2649,subsection: What the Final Augmented Regularization Paths Show,tab:path_anchor_summary,"% \latesttext{Surrogate} & \latesttext{$\approx0.01$} & \latesttext{0.894} & \latesttext{\$75,748} & \latesttext{\textbf",1ef225a9266d9a009c9cb2e976e186940750a6f675d4805e2f39c243af1bd8dd,NOT_RENDERED,COMMENTED,
"75,748",int_ge_1000,COMMENTED,2649,subsection: What the Final Augmented Regularization Paths Show,tab:path_anchor_summary,"% \latesttext{Surrogate} & \latesttext{$\approx0.01$} & \latesttext{0.894} & \latesttext{\$75,748} & \latesttext{\textbf",1ef225a9266d9a009c9cb2e976e186940750a6f675d4805e2f39c243af1bd8dd,NOT_RENDERED,COMMENTED,
21.2,decimal,COMMENTED,2649,subsection: What the Final Augmented Regularization Paths Show,tab:path_anchor_summary,"% \latesttext{Surrogate} & \latesttext{$\approx0.01$} & \latesttext{0.894} & \latesttext{\$75,748} & \latesttext{\textbf",1ef225a9266d9a009c9cb2e976e186940750a6f675d4805e2f39c243af1bd8dd,NOT_RENDERED,COMMENTED,
0.289,decimal,COMMENTED,2649,subsection: What the Final Augmented Regularization Paths Show,tab:path_anchor_summary,"% \latesttext{Surrogate} & \latesttext{$\approx0.01$} & \latesttext{0.894} & \latesttext{\$75,748} & \latesttext{\textbf",1ef225a9266d9a009c9cb2e976e186940750a6f675d4805e2f39c243af1bd8dd,NOT_RENDERED,COMMENTED,
1.069,decimal,COMMENTED,2649,subsection: What the Final Augmented Regularization Paths Show,tab:path_anchor_summary,"% \latesttext{Surrogate} & \latesttext{$\approx0.01$} & \latesttext{0.894} & \latesttext{\$75,748} & \latesttext{\textbf",1ef225a9266d9a009c9cb2e976e186940750a6f675d4805e2f39c243af1bd8dd,NOT_RENDERED,COMMENTED,
0.088,decimal,COMMENTED,2649,subsection: What the Final Augmented Regularization Paths Show,tab:path_anchor_summary,"% \latesttext{Surrogate} & \latesttext{$\approx0.01$} & \latesttext{0.894} & \latesttext{\$75,748} & \latesttext{\textbf",1ef225a9266d9a009c9cb2e976e186940750a6f675d4805e2f39c243af1bd8dd,NOT_RENDERED,COMMENTED,
0.924,decimal,COMMENTED,2649,subsection: What the Final Augmented Regularization Paths Show,tab:path_anchor_summary,"% \latesttext{Surrogate} & \latesttext{$\approx0.01$} & \latesttext{0.894} & \latesttext{\$75,748} & \latesttext{\textbf",1ef225a9266d9a009c9cb2e976e186940750a6f675d4805e2f39c243af1bd8dd,NOT_RENDERED,COMMENTED,
25.8,decimal,COMMENTED,2649,subsection: What the Final Augmented Regularization Paths Show,tab:path_anchor_summary,"% \latesttext{Surrogate} & \latesttext{$\approx0.01$} & \latesttext{0.894} & \latesttext{\$75,748} & \latesttext{\textbf",1ef225a9266d9a009c9cb2e976e186940750a6f675d4805e2f39c243af1bd8dd,NOT_RENDERED,COMMENTED,
0.1,decimal,COMMENTED,2650,subsection: What the Final Augmented Regularization Paths Show,tab:path_anchor_summary,"% Surrogate & \oldtext{$\approx0.1$}\latesttext{$0.1$} & 0.894 & \$75,897 & \oldtext{\textit{source}}\latesttext{\textbf",f708d1349d9397dbd1e7db225b1c1e4a0d86104e2cf4bf4a7a9025bf72273cb6,NOT_RENDERED,COMMENTED,
0.894,decimal,COMMENTED,2650,subsection: What the Final Augmented Regularization Paths Show,tab:path_anchor_summary,"% Surrogate & \oldtext{$\approx0.1$}\latesttext{$0.1$} & 0.894 & \$75,897 & \oldtext{\textit{source}}\latesttext{\textbf",f708d1349d9397dbd1e7db225b1c1e4a0d86104e2cf4bf4a7a9025bf72273cb6,NOT_RENDERED,COMMENTED,
"75,897",int_ge_1000,COMMENTED,2650,subsection: What the Final Augmented Regularization Paths Show,tab:path_anchor_summary,"% Surrogate & \oldtext{$\approx0.1$}\latesttext{$0.1$} & 0.894 & \$75,897 & \oldtext{\textit{source}}\latesttext{\textbf",f708d1349d9397dbd1e7db225b1c1e4a0d86104e2cf4bf4a7a9025bf72273cb6,NOT_RENDERED,COMMENTED,
21.1,decimal,COMMENTED,2650,subsection: What the Final Augmented Regularization Paths Show,tab:path_anchor_summary,"% Surrogate & \oldtext{$\approx0.1$}\latesttext{$0.1$} & 0.894 & \$75,897 & \oldtext{\textit{source}}\latesttext{\textbf",f708d1349d9397dbd1e7db225b1c1e4a0d86104e2cf4bf4a7a9025bf72273cb6,NOT_RENDERED,COMMENTED,
0.292,decimal,COMMENTED,2650,subsection: What the Final Augmented Regularization Paths Show,tab:path_anchor_summary,"% Surrogate & \oldtext{$\approx0.1$}\latesttext{$0.1$} & 0.894 & \$75,897 & \oldtext{\textit{source}}\latesttext{\textbf",f708d1349d9397dbd1e7db225b1c1e4a0d86104e2cf4bf4a7a9025bf72273cb6,NOT_RENDERED,COMMENTED,
1.064,decimal,COMMENTED,2650,subsection: What the Final Augmented Regularization Paths Show,tab:path_anchor_summary,"% Surrogate & \oldtext{$\approx0.1$}\latesttext{$0.1$} & 0.894 & \$75,897 & \oldtext{\textit{source}}\latesttext{\textbf",f708d1349d9397dbd1e7db225b1c1e4a0d86104e2cf4bf4a7a9025bf72273cb6,NOT_RENDERED,COMMENTED,
0.079,decimal,COMMENTED,2650,subsection: What the Final Augmented Regularization Paths Show,tab:path_anchor_summary,"% Surrogate & \oldtext{$\approx0.1$}\latesttext{$0.1$} & 0.894 & \$75,897 & \oldtext{\textit{source}}\latesttext{\textbf",f708d1349d9397dbd1e7db225b1c1e4a0d86104e2cf4bf4a7a9025bf72273cb6,NOT_RENDERED,COMMENTED,
0.931,decimal,COMMENTED,2650,subsection: What the Final Augmented Regularization Paths Show,tab:path_anchor_summary,"% Surrogate & \oldtext{$\approx0.1$}\latesttext{$0.1$} & 0.894 & \$75,897 & \oldtext{\textit{source}}\latesttext{\textbf",f708d1349d9397dbd1e7db225b1c1e4a0d86104e2cf4bf4a7a9025bf72273cb6,NOT_RENDERED,COMMENTED,
22.7,decimal,COMMENTED,2650,subsection: What the Final Augmented Regularization Paths Show,tab:path_anchor_summary,"% Surrogate & \oldtext{$\approx0.1$}\latesttext{$0.1$} & 0.894 & \$75,897 & \oldtext{\textit{source}}\latesttext{\textbf",f708d1349d9397dbd1e7db225b1c1e4a0d86104e2cf4bf4a7a9025bf72273cb6,NOT_RENDERED,COMMENTED,
0.897,decimal,COMMENTED,2651,subsection: What the Final Augmented Regularization Paths Show,tab:path_anchor_summary,"% Surrogate & \oldtext{$\approx0.954$}\latesttext{$\approx1$} & \textbf{0.897}\textsuperscript{*} & \textbf{\$75,468}\te",3c83d77bf4cddd923371eb5918c4c74b05d9602e0eec7ec484cbc8424dfb48c9,NOT_RENDERED,COMMENTED,
"75,468",int_ge_1000,COMMENTED,2651,subsection: What the Final Augmented Regularization Paths Show,tab:path_anchor_summary,"% Surrogate & \oldtext{$\approx0.954$}\latesttext{$\approx1$} & \textbf{0.897}\textsuperscript{*} & \textbf{\$75,468}\te",3c83d77bf4cddd923371eb5918c4c74b05d9602e0eec7ec484cbc8424dfb48c9,NOT_RENDERED,COMMENTED,
21.0,decimal,COMMENTED,2651,subsection: What the Final Augmented Regularization Paths Show,tab:path_anchor_summary,"% Surrogate & \oldtext{$\approx0.954$}\latesttext{$\approx1$} & \textbf{0.897}\textsuperscript{*} & \textbf{\$75,468}\te",3c83d77bf4cddd923371eb5918c4c74b05d9602e0eec7ec484cbc8424dfb48c9,NOT_RENDERED,COMMENTED,
0.298,decimal,COMMENTED,2651,subsection: What the Final Augmented Regularization Paths Show,tab:path_anchor_summary,"% Surrogate & \oldtext{$\approx0.954$}\latesttext{$\approx1$} & \textbf{0.897}\textsuperscript{*} & \textbf{\$75,468}\te",3c83d77bf4cddd923371eb5918c4c74b05d9602e0eec7ec484cbc8424dfb48c9,NOT_RENDERED,COMMENTED,
1.049,decimal,COMMENTED,2651,subsection: What the Final Augmented Regularization Paths Show,tab:path_anchor_summary,"% Surrogate & \oldtext{$\approx0.954$}\latesttext{$\approx1$} & \textbf{0.897}\textsuperscript{*} & \textbf{\$75,468}\te",3c83d77bf4cddd923371eb5918c4c74b05d9602e0eec7ec484cbc8424dfb48c9,NOT_RENDERED,COMMENTED,
0.045,decimal,COMMENTED,2651,subsection: What the Final Augmented Regularization Paths Show,tab:path_anchor_summary,"% Surrogate & \oldtext{$\approx0.954$}\latesttext{$\approx1$} & \textbf{0.897}\textsuperscript{*} & \textbf{\$75,468}\te",3c83d77bf4cddd923371eb5918c4c74b05d9602e0eec7ec484cbc8424dfb48c9,NOT_RENDERED,COMMENTED,
0.953,decimal,COMMENTED,2651,subsection: What the Final Augmented Regularization Paths Show,tab:path_anchor_summary,"% Surrogate & \oldtext{$\approx0.954$}\latesttext{$\approx1$} & \textbf{0.897}\textsuperscript{*} & \textbf{\$75,468}\te",3c83d77bf4cddd923371eb5918c4c74b05d9602e0eec7ec484cbc8424dfb48c9,NOT_RENDERED,COMMENTED,
12.6,decimal,COMMENTED,2651,subsection: What the Final Augmented Regularization Paths Show,tab:path_anchor_summary,"% Surrogate & \oldtext{$\approx0.954$}\latesttext{$\approx1$} & \textbf{0.897}\textsuperscript{*} & \textbf{\$75,468}\te",3c83d77bf4cddd923371eb5918c4c74b05d9602e0eec7ec484cbc8424dfb48c9,NOT_RENDERED,COMMENTED,
0.893,decimal,COMMENTED,2652,subsection: What the Final Augmented Regularization Paths Show,tab:path_anchor_summary,"% Surrogate & \oldtext{$\approx10.481$}\latesttext{$\approx10$} & 0.893 & \$78,110 & \oldtext{\textit{source}}\latesttex",1296f734040d239663fc28485834e45014be757e07fb0422dfc5cb3532078efb,NOT_RENDERED,COMMENTED,
"78,110",int_ge_1000,COMMENTED,2652,subsection: What the Final Augmented Regularization Paths Show,tab:path_anchor_summary,"% Surrogate & \oldtext{$\approx10.481$}\latesttext{$\approx10$} & 0.893 & \$78,110 & \oldtext{\textit{source}}\latesttex",1296f734040d239663fc28485834e45014be757e07fb0422dfc5cb3532078efb,NOT_RENDERED,COMMENTED,
21.6,decimal,COMMENTED,2652,subsection: What the Final Augmented Regularization Paths Show,tab:path_anchor_summary,"% Surrogate & \oldtext{$\approx10.481$}\latesttext{$\approx10$} & 0.893 & \$78,110 & \oldtext{\textit{source}}\latesttex",1296f734040d239663fc28485834e45014be757e07fb0422dfc5cb3532078efb,NOT_RENDERED,COMMENTED,
0.329,decimal,COMMENTED,2652,subsection: What the Final Augmented Regularization Paths Show,tab:path_anchor_summary,"% Surrogate & \oldtext{$\approx10.481$}\latesttext{$\approx10$} & 0.893 & \$78,110 & \oldtext{\textit{source}}\latesttex",1296f734040d239663fc28485834e45014be757e07fb0422dfc5cb3532078efb,NOT_RENDERED,COMMENTED,
1.024,decimal,COMMENTED,2652,subsection: What the Final Augmented Regularization Paths Show,tab:path_anchor_summary,"% Surrogate & \oldtext{$\approx10.481$}\latesttext{$\approx10$} & 0.893 & \$78,110 & \oldtext{\textit{source}}\latesttex",1296f734040d239663fc28485834e45014be757e07fb0422dfc5cb3532078efb,NOT_RENDERED,COMMENTED,
0.013,decimal,COMMENTED,2652,subsection: What the Final Augmented Regularization Paths Show,tab:path_anchor_summary,"% Surrogate & \oldtext{$\approx10.481$}\latesttext{$\approx10$} & 0.893 & \$78,110 & \oldtext{\textit{source}}\latesttex",1296f734040d239663fc28485834e45014be757e07fb0422dfc5cb3532078efb,NOT_RENDERED,COMMENTED,
0.988,decimal,COMMENTED,2652,subsection: What the Final Augmented Regularization Paths Show,tab:path_anchor_summary,"% Surrogate & \oldtext{$\approx10.481$}\latesttext{$\approx10$} & 0.893 & \$78,110 & \oldtext{\textit{source}}\latesttex",1296f734040d239663fc28485834e45014be757e07fb0422dfc5cb3532078efb,NOT_RENDERED,COMMENTED,
0.2,decimal,COMMENTED,2652,subsection: What the Final Augmented Regularization Paths Show,tab:path_anchor_summary,"% Surrogate & \oldtext{$\approx10.481$}\latesttext{$\approx10$} & 0.893 & \$78,110 & \oldtext{\textit{source}}\latesttex",1296f734040d239663fc28485834e45014be757e07fb0422dfc5cb3532078efb,NOT_RENDERED,COMMENTED,
100,int_mid,COMMENTED,2653,subsection: What the Final Augmented Regularization Paths Show,tab:path_anchor_summary,"% Surrogate & 100 & 0.889 & \$82,094 & \oldtext{\textit{source}}\latesttext{22.8\%} & \oldtext{\textit{source}}\latestte",f360d80e4c7b5be7beeafe9abba00966dcd7ec093cc298c469aa767fd0d46dc8,NOT_RENDERED,COMMENTED,
0.889,decimal,COMMENTED,2653,subsection: What the Final Augmented Regularization Paths Show,tab:path_anchor_summary,"% Surrogate & 100 & 0.889 & \$82,094 & \oldtext{\textit{source}}\latesttext{22.8\%} & \oldtext{\textit{source}}\latestte",f360d80e4c7b5be7beeafe9abba00966dcd7ec093cc298c469aa767fd0d46dc8,NOT_RENDERED,COMMENTED,
"82,094",int_ge_1000,COMMENTED,2653,subsection: What the Final Augmented Regularization Paths Show,tab:path_anchor_summary,"% Surrogate & 100 & 0.889 & \$82,094 & \oldtext{\textit{source}}\latesttext{22.8\%} & \oldtext{\textit{source}}\latestte",f360d80e4c7b5be7beeafe9abba00966dcd7ec093cc298c469aa767fd0d46dc8,NOT_RENDERED,COMMENTED,
22.8,decimal,COMMENTED,2653,subsection: What the Final Augmented Regularization Paths Show,tab:path_anchor_summary,"% Surrogate & 100 & 0.889 & \$82,094 & \oldtext{\textit{source}}\latesttext{22.8\%} & \oldtext{\textit{source}}\latestte",f360d80e4c7b5be7beeafe9abba00966dcd7ec093cc298c469aa767fd0d46dc8,NOT_RENDERED,COMMENTED,
0.357,decimal,COMMENTED,2653,subsection: What the Final Augmented Regularization Paths Show,tab:path_anchor_summary,"% Surrogate & 100 & 0.889 & \$82,094 & \oldtext{\textit{source}}\latesttext{22.8\%} & \oldtext{\textit{source}}\latestte",f360d80e4c7b5be7beeafe9abba00966dcd7ec093cc298c469aa767fd0d46dc8,NOT_RENDERED,COMMENTED,
1.010,decimal,COMMENTED,2653,subsection: What the Final Augmented Regularization Paths Show,tab:path_anchor_summary,"% Surrogate & 100 & 0.889 & \$82,094 & \oldtext{\textit{source}}\latesttext{22.8\%} & \oldtext{\textit{source}}\latestte",f360d80e4c7b5be7beeafe9abba00966dcd7ec093cc298c469aa767fd0d46dc8,NOT_RENDERED,COMMENTED,
0.042,decimal,COMMENTED,2653,subsection: What the Final Augmented Regularization Paths Show,tab:path_anchor_summary,"% Surrogate & 100 & 0.889 & \$82,094 & \oldtext{\textit{source}}\latesttext{22.8\%} & \oldtext{\textit{source}}\latestte",f360d80e4c7b5be7beeafe9abba00966dcd7ec093cc298c469aa767fd0d46dc8,NOT_RENDERED,COMMENTED,
1.013,decimal,COMMENTED,2653,subsection: What the Final Augmented Regularization Paths Show,tab:path_anchor_summary,"% Surrogate & 100 & 0.889 & \$82,094 & \oldtext{\textit{source}}\latesttext{22.8\%} & \oldtext{\textit{source}}\latestte",f360d80e4c7b5be7beeafe9abba00966dcd7ec093cc298c469aa767fd0d46dc8,NOT_RENDERED,COMMENTED,
4.0,decimal,COMMENTED,2653,subsection: What the Final Augmented Regularization Paths Show,tab:path_anchor_summary,"% Surrogate & 100 & 0.889 & \$82,094 & \oldtext{\textit{source}}\latesttext{22.8\%} & \oldtext{\textit{source}}\latestte",f360d80e4c7b5be7beeafe9abba00966dcd7ec093cc298c469aa767fd0d46dc8,NOT_RENDERED,COMMENTED,
2025,year_like,COMMENTED,2656,subsection: What the Final Augmented Regularization Paths Show,tab:path_anchor_summary,% \multicolumn{10}{l}{\textit{Panel B: 2025 forward evaluation}} \\,1e9fb9b85ab46b3e24833ef08226b4d163f550d933515d6aa9546a02c55d968a,NOT_RENDERED,COMMENTED,
0.799,decimal,COMMENTED,2660,subsection: What the Final Augmented Regularization Paths Show,tab:path_anchor_summary,"% Linear regression & -- & 0.799 & \$99,371 & 24.9\% & 0.313 & \textbf{1.052} & \textbf{-0.029} & \textbf{0.954} & \text",3e616d22ba4d8a5ebcc9d3d07a2a46c803c9aa4d644006e031bcd9b7cd4bf12e,NOT_RENDERED,COMMENTED,
"99,371",int_ge_1000,COMMENTED,2660,subsection: What the Final Augmented Regularization Paths Show,tab:path_anchor_summary,"% Linear regression & -- & 0.799 & \$99,371 & 24.9\% & 0.313 & \textbf{1.052} & \textbf{-0.029} & \textbf{0.954} & \text",3e616d22ba4d8a5ebcc9d3d07a2a46c803c9aa4d644006e031bcd9b7cd4bf12e,NOT_RENDERED,COMMENTED,
24.9,decimal,COMMENTED,2660,subsection: What the Final Augmented Regularization Paths Show,tab:path_anchor_summary,"% Linear regression & -- & 0.799 & \$99,371 & 24.9\% & 0.313 & \textbf{1.052} & \textbf{-0.029} & \textbf{0.954} & \text",3e616d22ba4d8a5ebcc9d3d07a2a46c803c9aa4d644006e031bcd9b7cd4bf12e,NOT_RENDERED,COMMENTED,
0.313,decimal,COMMENTED,2660,subsection: What the Final Augmented Regularization Paths Show,tab:path_anchor_summary,"% Linear regression & -- & 0.799 & \$99,371 & 24.9\% & 0.313 & \textbf{1.052} & \textbf{-0.029} & \textbf{0.954} & \text",3e616d22ba4d8a5ebcc9d3d07a2a46c803c9aa4d644006e031bcd9b7cd4bf12e,NOT_RENDERED,COMMENTED,
1.052,decimal,COMMENTED,2660,subsection: What the Final Augmented Regularization Paths Show,tab:path_anchor_summary,"% Linear regression & -- & 0.799 & \$99,371 & 24.9\% & 0.313 & \textbf{1.052} & \textbf{-0.029} & \textbf{0.954} & \text",3e616d22ba4d8a5ebcc9d3d07a2a46c803c9aa4d644006e031bcd9b7cd4bf12e,NOT_RENDERED,COMMENTED,
0.029,decimal,COMMENTED,2660,subsection: What the Final Augmented Regularization Paths Show,tab:path_anchor_summary,"% Linear regression & -- & 0.799 & \$99,371 & 24.9\% & 0.313 & \textbf{1.052} & \textbf{-0.029} & \textbf{0.954} & \text",3e616d22ba4d8a5ebcc9d3d07a2a46c803c9aa4d644006e031bcd9b7cd4bf12e,NOT_RENDERED,COMMENTED,
0.954,decimal,COMMENTED,2660,subsection: What the Final Augmented Regularization Paths Show,tab:path_anchor_summary,"% Linear regression & -- & 0.799 & \$99,371 & 24.9\% & 0.313 & \textbf{1.052} & \textbf{-0.029} & \textbf{0.954} & \text",3e616d22ba4d8a5ebcc9d3d07a2a46c803c9aa4d644006e031bcd9b7cd4bf12e,NOT_RENDERED,COMMENTED,
17.3,decimal,COMMENTED,2660,subsection: What the Final Augmented Regularization Paths Show,tab:path_anchor_summary,"% Linear regression & -- & 0.799 & \$99,371 & 24.9\% & 0.313 & \textbf{1.052} & \textbf{-0.029} & \textbf{0.954} & \text",3e616d22ba4d8a5ebcc9d3d07a2a46c803c9aa4d644006e031bcd9b7cd4bf12e,NOT_RENDERED,COMMENTED,
0.904,decimal,COMMENTED,2661,subsection: What the Final Augmented Regularization Paths Show,tab:path_anchor_summary,"% Ordinary LightGBM & -- & \textbf{0.904} & \textbf{\$78,484} & \textbf{20.8\%} & \textbf{0.278} & 1.079 & -0.106 & 0.90",7017c47e67febb11de034c5a74526052b12c4da6a83793a94608e6b8ffef2c3b,NOT_RENDERED,COMMENTED,
"78,484",int_ge_1000,COMMENTED,2661,subsection: What the Final Augmented Regularization Paths Show,tab:path_anchor_summary,"% Ordinary LightGBM & -- & \textbf{0.904} & \textbf{\$78,484} & \textbf{20.8\%} & \textbf{0.278} & 1.079 & -0.106 & 0.90",7017c47e67febb11de034c5a74526052b12c4da6a83793a94608e6b8ffef2c3b,NOT_RENDERED,COMMENTED,
20.8,decimal,COMMENTED,2661,subsection: What the Final Augmented Regularization Paths Show,tab:path_anchor_summary,"% Ordinary LightGBM & -- & \textbf{0.904} & \textbf{\$78,484} & \textbf{20.8\%} & \textbf{0.278} & 1.079 & -0.106 & 0.90",7017c47e67febb11de034c5a74526052b12c4da6a83793a94608e6b8ffef2c3b,NOT_RENDERED,COMMENTED,
0.278,decimal,COMMENTED,2661,subsection: What the Final Augmented Regularization Paths Show,tab:path_anchor_summary,"% Ordinary LightGBM & -- & \textbf{0.904} & \textbf{\$78,484} & \textbf{20.8\%} & \textbf{0.278} & 1.079 & -0.106 & 0.90",7017c47e67febb11de034c5a74526052b12c4da6a83793a94608e6b8ffef2c3b,NOT_RENDERED,COMMENTED,
1.079,decimal,COMMENTED,2661,subsection: What the Final Augmented Regularization Paths Show,tab:path_anchor_summary,"% Ordinary LightGBM & -- & \textbf{0.904} & \textbf{\$78,484} & \textbf{20.8\%} & \textbf{0.278} & 1.079 & -0.106 & 0.90",7017c47e67febb11de034c5a74526052b12c4da6a83793a94608e6b8ffef2c3b,NOT_RENDERED,COMMENTED,
0.106,decimal,COMMENTED,2661,subsection: What the Final Augmented Regularization Paths Show,tab:path_anchor_summary,"% Ordinary LightGBM & -- & \textbf{0.904} & \textbf{\$78,484} & \textbf{20.8\%} & \textbf{0.278} & 1.079 & -0.106 & 0.90",7017c47e67febb11de034c5a74526052b12c4da6a83793a94608e6b8ffef2c3b,NOT_RENDERED,COMMENTED,
0.907,decimal,COMMENTED,2661,subsection: What the Final Augmented Regularization Paths Show,tab:path_anchor_summary,"% Ordinary LightGBM & -- & \textbf{0.904} & \textbf{\$78,484} & \textbf{20.8\%} & \textbf{0.278} & 1.079 & -0.106 & 0.90",7017c47e67febb11de034c5a74526052b12c4da6a83793a94608e6b8ffef2c3b,NOT_RENDERED,COMMENTED,
28.6,decimal,COMMENTED,2661,subsection: What the Final Augmented Regularization Paths Show,tab:path_anchor_summary,"% Ordinary LightGBM & -- & \textbf{0.904} & \textbf{\$78,484} & \textbf{20.8\%} & \textbf{0.278} & 1.079 & -0.106 & 0.90",7017c47e67febb11de034c5a74526052b12c4da6a83793a94608e6b8ffef2c3b,NOT_RENDERED,COMMENTED,
0.905,decimal,COMMENTED,2666,subsection: What the Final Augmented Regularization Paths Show,tab:path_anchor_summary,% \latesttext{Direct} & \latesttext{$\approx0.01$} & \latesttext{\textbf{0.905}\textsuperscript{*}} & \latesttext{\textb,a0a36a7ee297100ae74bd63eb13e0413d99e67e274f6f510728282625df08506,NOT_RENDERED,COMMENTED,
"78,442",int_ge_1000,COMMENTED,2666,subsection: What the Final Augmented Regularization Paths Show,tab:path_anchor_summary,% \latesttext{Direct} & \latesttext{$\approx0.01$} & \latesttext{\textbf{0.905}\textsuperscript{*}} & \latesttext{\textb,a0a36a7ee297100ae74bd63eb13e0413d99e67e274f6f510728282625df08506,NOT_RENDERED,COMMENTED,
20.7,decimal,COMMENTED,2666,subsection: What the Final Augmented Regularization Paths Show,tab:path_anchor_summary,% \latesttext{Direct} & \latesttext{$\approx0.01$} & \latesttext{\textbf{0.905}\textsuperscript{*}} & \latesttext{\textb,a0a36a7ee297100ae74bd63eb13e0413d99e67e274f6f510728282625df08506,NOT_RENDERED,COMMENTED,
0.278,decimal,COMMENTED,2666,subsection: What the Final Augmented Regularization Paths Show,tab:path_anchor_summary,% \latesttext{Direct} & \latesttext{$\approx0.01$} & \latesttext{\textbf{0.905}\textsuperscript{*}} & \latesttext{\textb,a0a36a7ee297100ae74bd63eb13e0413d99e67e274f6f510728282625df08506,NOT_RENDERED,COMMENTED,
1.078,decimal,COMMENTED,2666,subsection: What the Final Augmented Regularization Paths Show,tab:path_anchor_summary,% \latesttext{Direct} & \latesttext{$\approx0.01$} & \latesttext{\textbf{0.905}\textsuperscript{*}} & \latesttext{\textb,a0a36a7ee297100ae74bd63eb13e0413d99e67e274f6f510728282625df08506,NOT_RENDERED,COMMENTED,
0.105,decimal,COMMENTED,2666,subsection: What the Final Augmented Regularization Paths Show,tab:path_anchor_summary,% \latesttext{Direct} & \latesttext{$\approx0.01$} & \latesttext{\textbf{0.905}\textsuperscript{*}} & \latesttext{\textb,a0a36a7ee297100ae74bd63eb13e0413d99e67e274f6f510728282625df08506,NOT_RENDERED,COMMENTED,
0.909,decimal,COMMENTED,2666,subsection: What the Final Augmented Regularization Paths Show,tab:path_anchor_summary,% \latesttext{Direct} & \latesttext{$\approx0.01$} & \latesttext{\textbf{0.905}\textsuperscript{*}} & \latesttext{\textb,a0a36a7ee297100ae74bd63eb13e0413d99e67e274f6f510728282625df08506,NOT_RENDERED,COMMENTED,
29.8,decimal,COMMENTED,2666,subsection: What the Final Augmented Regularization Paths Show,tab:path_anchor_summary,% \latesttext{Direct} & \latesttext{$\approx0.01$} & \latesttext{\textbf{0.905}\textsuperscript{*}} & \latesttext{\textb,a0a36a7ee297100ae74bd63eb13e0413d99e67e274f6f510728282625df08506,NOT_RENDERED,COMMENTED,
0.1,decimal,COMMENTED,2667,subsection: What the Final Augmented Regularization Paths Show,tab:path_anchor_summary,"% Direct & \oldtext{$\approx0.1$}\latesttext{$0.1$} & \textbf{0.906}\textsuperscript{*} & \textbf{\$78,029}\textsuperscr",b2b6b2df1b0edba98b67eb2f4677f07393d2667d8b2707c9c92fed90719a3946,NOT_RENDERED,COMMENTED,
0.906,decimal,COMMENTED,2667,subsection: What the Final Augmented Regularization Paths Show,tab:path_anchor_summary,"% Direct & \oldtext{$\approx0.1$}\latesttext{$0.1$} & \textbf{0.906}\textsuperscript{*} & \textbf{\$78,029}\textsuperscr",b2b6b2df1b0edba98b67eb2f4677f07393d2667d8b2707c9c92fed90719a3946,NOT_RENDERED,COMMENTED,
"78,029",int_ge_1000,COMMENTED,2667,subsection: What the Final Augmented Regularization Paths Show,tab:path_anchor_summary,"% Direct & \oldtext{$\approx0.1$}\latesttext{$0.1$} & \textbf{0.906}\textsuperscript{*} & \textbf{\$78,029}\textsuperscr",b2b6b2df1b0edba98b67eb2f4677f07393d2667d8b2707c9c92fed90719a3946,NOT_RENDERED,COMMENTED,
20.7,decimal,COMMENTED,2667,subsection: What the Final Augmented Regularization Paths Show,tab:path_anchor_summary,"% Direct & \oldtext{$\approx0.1$}\latesttext{$0.1$} & \textbf{0.906}\textsuperscript{*} & \textbf{\$78,029}\textsuperscr",b2b6b2df1b0edba98b67eb2f4677f07393d2667d8b2707c9c92fed90719a3946,NOT_RENDERED,COMMENTED,
0.278,decimal,COMMENTED,2667,subsection: What the Final Augmented Regularization Paths Show,tab:path_anchor_summary,"% Direct & \oldtext{$\approx0.1$}\latesttext{$0.1$} & \textbf{0.906}\textsuperscript{*} & \textbf{\$78,029}\textsuperscr",b2b6b2df1b0edba98b67eb2f4677f07393d2667d8b2707c9c92fed90719a3946,NOT_RENDERED,COMMENTED,
1.077,decimal,COMMENTED,2667,subsection: What the Final Augmented Regularization Paths Show,tab:path_anchor_summary,"% Direct & \oldtext{$\approx0.1$}\latesttext{$0.1$} & \textbf{0.906}\textsuperscript{*} & \textbf{\$78,029}\textsuperscr",b2b6b2df1b0edba98b67eb2f4677f07393d2667d8b2707c9c92fed90719a3946,NOT_RENDERED,COMMENTED,
0.102,decimal,COMMENTED,2667,subsection: What the Final Augmented Regularization Paths Show,tab:path_anchor_summary,"% Direct & \oldtext{$\approx0.1$}\latesttext{$0.1$} & \textbf{0.906}\textsuperscript{*} & \textbf{\$78,029}\textsuperscr",b2b6b2df1b0edba98b67eb2f4677f07393d2667d8b2707c9c92fed90719a3946,NOT_RENDERED,COMMENTED,
0.910,decimal,COMMENTED,2667,subsection: What the Final Augmented Regularization Paths Show,tab:path_anchor_summary,"% Direct & \oldtext{$\approx0.1$}\latesttext{$0.1$} & \textbf{0.906}\textsuperscript{*} & \textbf{\$78,029}\textsuperscr",b2b6b2df1b0edba98b67eb2f4677f07393d2667d8b2707c9c92fed90719a3946,NOT_RENDERED,COMMENTED,
27.7,decimal,COMMENTED,2667,subsection: What the Final Augmented Regularization Paths Show,tab:path_anchor_summary,"% Direct & \oldtext{$\approx0.1$}\latesttext{$0.1$} & \textbf{0.906}\textsuperscript{*} & \textbf{\$78,029}\textsuperscr",b2b6b2df1b0edba98b67eb2f4677f07393d2667d8b2707c9c92fed90719a3946,NOT_RENDERED,COMMENTED,
0.910,decimal,COMMENTED,2668,subsection: What the Final Augmented Regularization Paths Show,tab:path_anchor_summary,"% Direct & \oldtext{$\approx0.954$}\latesttext{$\approx1$} & \textbf{0.910}\textsuperscript{*} & \textbf{\$77,139}\texts",518874420a204ef8c8c8c9d3b905a569f9097a466944bcaaaf0881a49dd745f9,NOT_RENDERED,COMMENTED,
"77,139",int_ge_1000,COMMENTED,2668,subsection: What the Final Augmented Regularization Paths Show,tab:path_anchor_summary,"% Direct & \oldtext{$\approx0.954$}\latesttext{$\approx1$} & \textbf{0.910}\textsuperscript{*} & \textbf{\$77,139}\texts",518874420a204ef8c8c8c9d3b905a569f9097a466944bcaaaf0881a49dd745f9,NOT_RENDERED,COMMENTED,
20.7,decimal,COMMENTED,2668,subsection: What the Final Augmented Regularization Paths Show,tab:path_anchor_summary,"% Direct & \oldtext{$\approx0.954$}\latesttext{$\approx1$} & \textbf{0.910}\textsuperscript{*} & \textbf{\$77,139}\texts",518874420a204ef8c8c8c9d3b905a569f9097a466944bcaaaf0881a49dd745f9,NOT_RENDERED,COMMENTED,
0.279,decimal,COMMENTED,2668,subsection: What the Final Augmented Regularization Paths Show,tab:path_anchor_summary,"% Direct & \oldtext{$\approx0.954$}\latesttext{$\approx1$} & \textbf{0.910}\textsuperscript{*} & \textbf{\$77,139}\texts",518874420a204ef8c8c8c9d3b905a569f9097a466944bcaaaf0881a49dd745f9,NOT_RENDERED,COMMENTED,
1.069,decimal,COMMENTED,2668,subsection: What the Final Augmented Regularization Paths Show,tab:path_anchor_summary,"% Direct & \oldtext{$\approx0.954$}\latesttext{$\approx1$} & \textbf{0.910}\textsuperscript{*} & \textbf{\$77,139}\texts",518874420a204ef8c8c8c9d3b905a569f9097a466944bcaaaf0881a49dd745f9,NOT_RENDERED,COMMENTED,
0.090,decimal,COMMENTED,2668,subsection: What the Final Augmented Regularization Paths Show,tab:path_anchor_summary,"% Direct & \oldtext{$\approx0.954$}\latesttext{$\approx1$} & \textbf{0.910}\textsuperscript{*} & \textbf{\$77,139}\texts",518874420a204ef8c8c8c9d3b905a569f9097a466944bcaaaf0881a49dd745f9,NOT_RENDERED,COMMENTED,
0.926,decimal,COMMENTED,2668,subsection: What the Final Augmented Regularization Paths Show,tab:path_anchor_summary,"% Direct & \oldtext{$\approx0.954$}\latesttext{$\approx1$} & \textbf{0.910}\textsuperscript{*} & \textbf{\$77,139}\texts",518874420a204ef8c8c8c9d3b905a569f9097a466944bcaaaf0881a49dd745f9,NOT_RENDERED,COMMENTED,
23.9,decimal,COMMENTED,2668,subsection: What the Final Augmented Regularization Paths Show,tab:path_anchor_summary,"% Direct & \oldtext{$\approx0.954$}\latesttext{$\approx1$} & \textbf{0.910}\textsuperscript{*} & \textbf{\$77,139}\texts",518874420a204ef8c8c8c9d3b905a569f9097a466944bcaaaf0881a49dd745f9,NOT_RENDERED,COMMENTED,
0.902,decimal,COMMENTED,2669,subsection: What the Final Augmented Regularization Paths Show,tab:path_anchor_summary,"% Direct & \oldtext{$\approx10.481$}\latesttext{$\approx10$} & 0.902 & \$79,187 & \oldtext{\textit{source}}\latesttext{2",abcb918b91ac1a62b33258bccbb0e3cfdb0de358f44c285f65423a5fbcd0294e,NOT_RENDERED,COMMENTED,
"79,187",int_ge_1000,COMMENTED,2669,subsection: What the Final Augmented Regularization Paths Show,tab:path_anchor_summary,"% Direct & \oldtext{$\approx10.481$}\latesttext{$\approx10$} & 0.902 & \$79,187 & \oldtext{\textit{source}}\latesttext{2",abcb918b91ac1a62b33258bccbb0e3cfdb0de358f44c285f65423a5fbcd0294e,NOT_RENDERED,COMMENTED,
20.9,decimal,COMMENTED,2669,subsection: What the Final Augmented Regularization Paths Show,tab:path_anchor_summary,"% Direct & \oldtext{$\approx10.481$}\latesttext{$\approx10$} & 0.902 & \$79,187 & \oldtext{\textit{source}}\latesttext{2",abcb918b91ac1a62b33258bccbb0e3cfdb0de358f44c285f65423a5fbcd0294e,NOT_RENDERED,COMMENTED,
0.281,decimal,COMMENTED,2669,subsection: What the Final Augmented Regularization Paths Show,tab:path_anchor_summary,"% Direct & \oldtext{$\approx10.481$}\latesttext{$\approx10$} & 0.902 & \$79,187 & \oldtext{\textit{source}}\latesttext{2",abcb918b91ac1a62b33258bccbb0e3cfdb0de358f44c285f65423a5fbcd0294e,NOT_RENDERED,COMMENTED,
1.042,decimal,COMMENTED,2669,subsection: What the Final Augmented Regularization Paths Show,tab:path_anchor_summary,"% Direct & \oldtext{$\approx10.481$}\latesttext{$\approx10$} & 0.902 & \$79,187 & \oldtext{\textit{source}}\latesttext{2",abcb918b91ac1a62b33258bccbb0e3cfdb0de358f44c285f65423a5fbcd0294e,NOT_RENDERED,COMMENTED,
0.049,decimal,COMMENTED,2669,subsection: What the Final Augmented Regularization Paths Show,tab:path_anchor_summary,"% Direct & \oldtext{$\approx10.481$}\latesttext{$\approx10$} & 0.902 & \$79,187 & \oldtext{\textit{source}}\latesttext{2",abcb918b91ac1a62b33258bccbb0e3cfdb0de358f44c285f65423a5fbcd0294e,NOT_RENDERED,COMMENTED,
0.971,decimal,COMMENTED,2669,subsection: What the Final Augmented Regularization Paths Show,tab:path_anchor_summary,"% Direct & \oldtext{$\approx10.481$}\latesttext{$\approx10$} & 0.902 & \$79,187 & \oldtext{\textit{source}}\latesttext{2",abcb918b91ac1a62b33258bccbb0e3cfdb0de358f44c285f65423a5fbcd0294e,NOT_RENDERED,COMMENTED,
11.9,decimal,COMMENTED,2669,subsection: What the Final Augmented Regularization Paths Show,tab:path_anchor_summary,"% Direct & \oldtext{$\approx10.481$}\latesttext{$\approx10$} & 0.902 & \$79,187 & \oldtext{\textit{source}}\latesttext{2",abcb918b91ac1a62b33258bccbb0e3cfdb0de358f44c285f65423a5fbcd0294e,NOT_RENDERED,COMMENTED,
100,int_mid,COMMENTED,2670,subsection: What the Final Augmented Regularization Paths Show,tab:path_anchor_summary,"% Direct & 100 & 0.873 & \$89,309 & \oldtext{\textit{source}}\latesttext{23.1\%} & \oldtext{\textit{source}}\latesttext{",585f1427a08aaf007f445cff2cfcf4e3550920ebc3bd376d8afedd1f1cc94ad7,NOT_RENDERED,COMMENTED,
0.873,decimal,COMMENTED,2670,subsection: What the Final Augmented Regularization Paths Show,tab:path_anchor_summary,"% Direct & 100 & 0.873 & \$89,309 & \oldtext{\textit{source}}\latesttext{23.1\%} & \oldtext{\textit{source}}\latesttext{",585f1427a08aaf007f445cff2cfcf4e3550920ebc3bd376d8afedd1f1cc94ad7,NOT_RENDERED,COMMENTED,
"89,309",int_ge_1000,COMMENTED,2670,subsection: What the Final Augmented Regularization Paths Show,tab:path_anchor_summary,"% Direct & 100 & 0.873 & \$89,309 & \oldtext{\textit{source}}\latesttext{23.1\%} & \oldtext{\textit{source}}\latesttext{",585f1427a08aaf007f445cff2cfcf4e3550920ebc3bd376d8afedd1f1cc94ad7,NOT_RENDERED,COMMENTED,
23.1,decimal,COMMENTED,2670,subsection: What the Final Augmented Regularization Paths Show,tab:path_anchor_summary,"% Direct & 100 & 0.873 & \$89,309 & \oldtext{\textit{source}}\latesttext{23.1\%} & \oldtext{\textit{source}}\latesttext{",585f1427a08aaf007f445cff2cfcf4e3550920ebc3bd376d8afedd1f1cc94ad7,NOT_RENDERED,COMMENTED,
0.307,decimal,COMMENTED,2670,subsection: What the Final Augmented Regularization Paths Show,tab:path_anchor_summary,"% Direct & 100 & 0.873 & \$89,309 & \oldtext{\textit{source}}\latesttext{23.1\%} & \oldtext{\textit{source}}\latesttext{",585f1427a08aaf007f445cff2cfcf4e3550920ebc3bd376d8afedd1f1cc94ad7,NOT_RENDERED,COMMENTED,
1.036,decimal,COMMENTED,2670,subsection: What the Final Augmented Regularization Paths Show,tab:path_anchor_summary,"% Direct & 100 & 0.873 & \$89,309 & \oldtext{\textit{source}}\latesttext{23.1\%} & \oldtext{\textit{source}}\latesttext{",585f1427a08aaf007f445cff2cfcf4e3550920ebc3bd376d8afedd1f1cc94ad7,NOT_RENDERED,COMMENTED,
0.029,decimal,COMMENTED,2670,subsection: What the Final Augmented Regularization Paths Show,tab:path_anchor_summary,"% Direct & 100 & 0.873 & \$89,309 & \oldtext{\textit{source}}\latesttext{23.1\%} & \oldtext{\textit{source}}\latesttext{",585f1427a08aaf007f445cff2cfcf4e3550920ebc3bd376d8afedd1f1cc94ad7,NOT_RENDERED,COMMENTED,
0.983,decimal,COMMENTED,2670,subsection: What the Final Augmented Regularization Paths Show,tab:path_anchor_summary,"% Direct & 100 & 0.873 & \$89,309 & \oldtext{\textit{source}}\latesttext{23.1\%} & \oldtext{\textit{source}}\latesttext{",585f1427a08aaf007f445cff2cfcf4e3550920ebc3bd376d8afedd1f1cc94ad7,NOT_RENDERED,COMMENTED,
4.5,decimal,COMMENTED,2670,subsection: What the Final Augmented Regularization Paths Show,tab:path_anchor_summary,"% Direct & 100 & 0.873 & \$89,309 & \oldtext{\textit{source}}\latesttext{23.1\%} & \oldtext{\textit{source}}\latesttext{",585f1427a08aaf007f445cff2cfcf4e3550920ebc3bd376d8afedd1f1cc94ad7,NOT_RENDERED,COMMENTED,
0.904,decimal,COMMENTED,2675,subsection: What the Final Augmented Regularization Paths Show,tab:path_anchor_summary,"% \latesttext{Surrogate} & \latesttext{$\approx0.01$} & \latesttext{0.904} & \latesttext{\$78,620} & \latesttext{\textbf",e1c4ab472a72e5fec1172b6338c6fb32afe4ff886d741baad753bb87dcb013a7,NOT_RENDERED,COMMENTED,
"78,620",int_ge_1000,COMMENTED,2675,subsection: What the Final Augmented Regularization Paths Show,tab:path_anchor_summary,"% \latesttext{Surrogate} & \latesttext{$\approx0.01$} & \latesttext{0.904} & \latesttext{\$78,620} & \latesttext{\textbf",e1c4ab472a72e5fec1172b6338c6fb32afe4ff886d741baad753bb87dcb013a7,NOT_RENDERED,COMMENTED,
20.7,decimal,COMMENTED,2675,subsection: What the Final Augmented Regularization Paths Show,tab:path_anchor_summary,"% \latesttext{Surrogate} & \latesttext{$\approx0.01$} & \latesttext{0.904} & \latesttext{\$78,620} & \latesttext{\textbf",e1c4ab472a72e5fec1172b6338c6fb32afe4ff886d741baad753bb87dcb013a7,NOT_RENDERED,COMMENTED,
0.279,decimal,COMMENTED,2675,subsection: What the Final Augmented Regularization Paths Show,tab:path_anchor_summary,"% \latesttext{Surrogate} & \latesttext{$\approx0.01$} & \latesttext{0.904} & \latesttext{\$78,620} & \latesttext{\textbf",e1c4ab472a72e5fec1172b6338c6fb32afe4ff886d741baad753bb87dcb013a7,NOT_RENDERED,COMMENTED,
1.077,decimal,COMMENTED,2675,subsection: What the Final Augmented Regularization Paths Show,tab:path_anchor_summary,"% \latesttext{Surrogate} & \latesttext{$\approx0.01$} & \latesttext{0.904} & \latesttext{\$78,620} & \latesttext{\textbf",e1c4ab472a72e5fec1172b6338c6fb32afe4ff886d741baad753bb87dcb013a7,NOT_RENDERED,COMMENTED,
0.101,decimal,COMMENTED,2675,subsection: What the Final Augmented Regularization Paths Show,tab:path_anchor_summary,"% \latesttext{Surrogate} & \latesttext{$\approx0.01$} & \latesttext{0.904} & \latesttext{\$78,620} & \latesttext{\textbf",e1c4ab472a72e5fec1172b6338c6fb32afe4ff886d741baad753bb87dcb013a7,NOT_RENDERED,COMMENTED,
0.910,decimal,COMMENTED,2675,subsection: What the Final Augmented Regularization Paths Show,tab:path_anchor_summary,"% \latesttext{Surrogate} & \latesttext{$\approx0.01$} & \latesttext{0.904} & \latesttext{\$78,620} & \latesttext{\textbf",e1c4ab472a72e5fec1172b6338c6fb32afe4ff886d741baad753bb87dcb013a7,NOT_RENDERED,COMMENTED,
27.4,decimal,COMMENTED,2675,subsection: What the Final Augmented Regularization Paths Show,tab:path_anchor_summary,"% \latesttext{Surrogate} & \latesttext{$\approx0.01$} & \latesttext{0.904} & \latesttext{\$78,620} & \latesttext{\textbf",e1c4ab472a72e5fec1172b6338c6fb32afe4ff886d741baad753bb87dcb013a7,NOT_RENDERED,COMMENTED,
0.1,decimal,COMMENTED,2676,subsection: What the Final Augmented Regularization Paths Show,tab:path_anchor_summary,"% Surrogate & \oldtext{$\approx0.1$}\latesttext{$0.1$} & \textbf{0.905}\textsuperscript{*} & \$78,546 & \oldtext{\textit",ca68b4338c830a3d6a2e0762706d5c4c36a2a63ba93eae72fa94f6b466c3aabd,NOT_RENDERED,COMMENTED,
0.905,decimal,COMMENTED,2676,subsection: What the Final Augmented Regularization Paths Show,tab:path_anchor_summary,"% Surrogate & \oldtext{$\approx0.1$}\latesttext{$0.1$} & \textbf{0.905}\textsuperscript{*} & \$78,546 & \oldtext{\textit",ca68b4338c830a3d6a2e0762706d5c4c36a2a63ba93eae72fa94f6b466c3aabd,NOT_RENDERED,COMMENTED,
"78,546",int_ge_1000,COMMENTED,2676,subsection: What the Final Augmented Regularization Paths Show,tab:path_anchor_summary,"% Surrogate & \oldtext{$\approx0.1$}\latesttext{$0.1$} & \textbf{0.905}\textsuperscript{*} & \$78,546 & \oldtext{\textit",ca68b4338c830a3d6a2e0762706d5c4c36a2a63ba93eae72fa94f6b466c3aabd,NOT_RENDERED,COMMENTED,
20.6,decimal,COMMENTED,2676,subsection: What the Final Augmented Regularization Paths Show,tab:path_anchor_summary,"% Surrogate & \oldtext{$\approx0.1$}\latesttext{$0.1$} & \textbf{0.905}\textsuperscript{*} & \$78,546 & \oldtext{\textit",ca68b4338c830a3d6a2e0762706d5c4c36a2a63ba93eae72fa94f6b466c3aabd,NOT_RENDERED,COMMENTED,
0.279,decimal,COMMENTED,2676,subsection: What the Final Augmented Regularization Paths Show,tab:path_anchor_summary,"% Surrogate & \oldtext{$\approx0.1$}\latesttext{$0.1$} & \textbf{0.905}\textsuperscript{*} & \$78,546 & \oldtext{\textit",ca68b4338c830a3d6a2e0762706d5c4c36a2a63ba93eae72fa94f6b466c3aabd,NOT_RENDERED,COMMENTED,
1.074,decimal,COMMENTED,2676,subsection: What the Final Augmented Regularization Paths Show,tab:path_anchor_summary,"% Surrogate & \oldtext{$\approx0.1$}\latesttext{$0.1$} & \textbf{0.905}\textsuperscript{*} & \$78,546 & \oldtext{\textit",ca68b4338c830a3d6a2e0762706d5c4c36a2a63ba93eae72fa94f6b466c3aabd,NOT_RENDERED,COMMENTED,
0.095,decimal,COMMENTED,2676,subsection: What the Final Augmented Regularization Paths Show,tab:path_anchor_summary,"% Surrogate & \oldtext{$\approx0.1$}\latesttext{$0.1$} & \textbf{0.905}\textsuperscript{*} & \$78,546 & \oldtext{\textit",ca68b4338c830a3d6a2e0762706d5c4c36a2a63ba93eae72fa94f6b466c3aabd,NOT_RENDERED,COMMENTED,
0.914,decimal,COMMENTED,2676,subsection: What the Final Augmented Regularization Paths Show,tab:path_anchor_summary,"% Surrogate & \oldtext{$\approx0.1$}\latesttext{$0.1$} & \textbf{0.905}\textsuperscript{*} & \$78,546 & \oldtext{\textit",ca68b4338c830a3d6a2e0762706d5c4c36a2a63ba93eae72fa94f6b466c3aabd,NOT_RENDERED,COMMENTED,
24.7,decimal,COMMENTED,2676,subsection: What the Final Augmented Regularization Paths Show,tab:path_anchor_summary,"% Surrogate & \oldtext{$\approx0.1$}\latesttext{$0.1$} & \textbf{0.905}\textsuperscript{*} & \$78,546 & \oldtext{\textit",ca68b4338c830a3d6a2e0762706d5c4c36a2a63ba93eae72fa94f6b466c3aabd,NOT_RENDERED,COMMENTED,
0.908,decimal,COMMENTED,2677,subsection: What the Final Augmented Regularization Paths Show,tab:path_anchor_summary,"% Surrogate & \oldtext{$\approx0.954$}\latesttext{$\approx1$} & \textbf{0.908}\textsuperscript{*} & \textbf{\$78,196}\te",449466f099ee13623d930e69870c74bc23c3efb985e02576b2874da10a63c5bb,NOT_RENDERED,COMMENTED,
"78,196",int_ge_1000,COMMENTED,2677,subsection: What the Final Augmented Regularization Paths Show,tab:path_anchor_summary,"% Surrogate & \oldtext{$\approx0.954$}\latesttext{$\approx1$} & \textbf{0.908}\textsuperscript{*} & \textbf{\$78,196}\te",449466f099ee13623d930e69870c74bc23c3efb985e02576b2874da10a63c5bb,NOT_RENDERED,COMMENTED,
20.4,decimal,COMMENTED,2677,subsection: What the Final Augmented Regularization Paths Show,tab:path_anchor_summary,"% Surrogate & \oldtext{$\approx0.954$}\latesttext{$\approx1$} & \textbf{0.908}\textsuperscript{*} & \textbf{\$78,196}\te",449466f099ee13623d930e69870c74bc23c3efb985e02576b2874da10a63c5bb,NOT_RENDERED,COMMENTED,
0.284,decimal,COMMENTED,2677,subsection: What the Final Augmented Regularization Paths Show,tab:path_anchor_summary,"% Surrogate & \oldtext{$\approx0.954$}\latesttext{$\approx1$} & \textbf{0.908}\textsuperscript{*} & \textbf{\$78,196}\te",449466f099ee13623d930e69870c74bc23c3efb985e02576b2874da10a63c5bb,NOT_RENDERED,COMMENTED,
1.060,decimal,COMMENTED,2677,subsection: What the Final Augmented Regularization Paths Show,tab:path_anchor_summary,"% Surrogate & \oldtext{$\approx0.954$}\latesttext{$\approx1$} & \textbf{0.908}\textsuperscript{*} & \textbf{\$78,196}\te",449466f099ee13623d930e69870c74bc23c3efb985e02576b2874da10a63c5bb,NOT_RENDERED,COMMENTED,
0.062,decimal,COMMENTED,2677,subsection: What the Final Augmented Regularization Paths Show,tab:path_anchor_summary,"% Surrogate & \oldtext{$\approx0.954$}\latesttext{$\approx1$} & \textbf{0.908}\textsuperscript{*} & \textbf{\$78,196}\te",449466f099ee13623d930e69870c74bc23c3efb985e02576b2874da10a63c5bb,NOT_RENDERED,COMMENTED,
0.932,decimal,COMMENTED,2677,subsection: What the Final Augmented Regularization Paths Show,tab:path_anchor_summary,"% Surrogate & \oldtext{$\approx0.954$}\latesttext{$\approx1$} & \textbf{0.908}\textsuperscript{*} & \textbf{\$78,196}\te",449466f099ee13623d930e69870c74bc23c3efb985e02576b2874da10a63c5bb,NOT_RENDERED,COMMENTED,
15.3,decimal,COMMENTED,2677,subsection: What the Final Augmented Regularization Paths Show,tab:path_anchor_summary,"% Surrogate & \oldtext{$\approx0.954$}\latesttext{$\approx1$} & \textbf{0.908}\textsuperscript{*} & \textbf{\$78,196}\te",449466f099ee13623d930e69870c74bc23c3efb985e02576b2874da10a63c5bb,NOT_RENDERED,COMMENTED,
0.905,decimal,COMMENTED,2678,subsection: What the Final Augmented Regularization Paths Show,tab:path_anchor_summary,"% Surrogate & \oldtext{$\approx10.481$}\latesttext{$\approx10$} & \textbf{0.905}\textsuperscript{*} & \$81,075 & \oldtex",0968e4038cb55db99f2e577f329f0d0ac765771e7402a6b109cdc469aa097230,NOT_RENDERED,COMMENTED,
"81,075",int_ge_1000,COMMENTED,2678,subsection: What the Final Augmented Regularization Paths Show,tab:path_anchor_summary,"% Surrogate & \oldtext{$\approx10.481$}\latesttext{$\approx10$} & \textbf{0.905}\textsuperscript{*} & \$81,075 & \oldtex",0968e4038cb55db99f2e577f329f0d0ac765771e7402a6b109cdc469aa097230,NOT_RENDERED,COMMENTED,
20.9,decimal,COMMENTED,2678,subsection: What the Final Augmented Regularization Paths Show,tab:path_anchor_summary,"% Surrogate & \oldtext{$\approx10.481$}\latesttext{$\approx10$} & \textbf{0.905}\textsuperscript{*} & \$81,075 & \oldtex",0968e4038cb55db99f2e577f329f0d0ac765771e7402a6b109cdc469aa097230,NOT_RENDERED,COMMENTED,
0.310,decimal,COMMENTED,2678,subsection: What the Final Augmented Regularization Paths Show,tab:path_anchor_summary,"% Surrogate & \oldtext{$\approx10.481$}\latesttext{$\approx10$} & \textbf{0.905}\textsuperscript{*} & \$81,075 & \oldtex",0968e4038cb55db99f2e577f329f0d0ac765771e7402a6b109cdc469aa097230,NOT_RENDERED,COMMENTED,
1.033,decimal,COMMENTED,2678,subsection: What the Final Augmented Regularization Paths Show,tab:path_anchor_summary,"% Surrogate & \oldtext{$\approx10.481$}\latesttext{$\approx10$} & \textbf{0.905}\textsuperscript{*} & \$81,075 & \oldtex",0968e4038cb55db99f2e577f329f0d0ac765771e7402a6b109cdc469aa097230,NOT_RENDERED,COMMENTED,
0.000,decimal,COMMENTED,2678,subsection: What the Final Augmented Regularization Paths Show,tab:path_anchor_summary,"% Surrogate & \oldtext{$\approx10.481$}\latesttext{$\approx10$} & \textbf{0.905}\textsuperscript{*} & \$81,075 & \oldtex",0968e4038cb55db99f2e577f329f0d0ac765771e7402a6b109cdc469aa097230,NOT_RENDERED,COMMENTED,
0.967,decimal,COMMENTED,2678,subsection: What the Final Augmented Regularization Paths Show,tab:path_anchor_summary,"% Surrogate & \oldtext{$\approx10.481$}\latesttext{$\approx10$} & \textbf{0.905}\textsuperscript{*} & \$81,075 & \oldtex",0968e4038cb55db99f2e577f329f0d0ac765771e7402a6b109cdc469aa097230,NOT_RENDERED,COMMENTED,
2.0,decimal,COMMENTED,2678,subsection: What the Final Augmented Regularization Paths Show,tab:path_anchor_summary,"% Surrogate & \oldtext{$\approx10.481$}\latesttext{$\approx10$} & \textbf{0.905}\textsuperscript{*} & \$81,075 & \oldtex",0968e4038cb55db99f2e577f329f0d0ac765771e7402a6b109cdc469aa097230,NOT_RENDERED,COMMENTED,
100,int_mid,COMMENTED,2679,subsection: What the Final Augmented Regularization Paths Show,tab:path_anchor_summary,"% Surrogate & 100 & 0.900 & \$85,257 & \oldtext{\textit{source}}\latesttext{22.0\%} & \oldtext{\textit{source}}\latestte",3c3decfef9b5877b7713c35fb5ec5627eb858ffebaaa0e934c76c152a0433e1a,NOT_RENDERED,COMMENTED,
0.900,decimal,COMMENTED,2679,subsection: What the Final Augmented Regularization Paths Show,tab:path_anchor_summary,"% Surrogate & 100 & 0.900 & \$85,257 & \oldtext{\textit{source}}\latesttext{22.0\%} & \oldtext{\textit{source}}\latestte",3c3decfef9b5877b7713c35fb5ec5627eb858ffebaaa0e934c76c152a0433e1a,NOT_RENDERED,COMMENTED,
"85,257",int_ge_1000,COMMENTED,2679,subsection: What the Final Augmented Regularization Paths Show,tab:path_anchor_summary,"% Surrogate & 100 & 0.900 & \$85,257 & \oldtext{\textit{source}}\latesttext{22.0\%} & \oldtext{\textit{source}}\latestte",3c3decfef9b5877b7713c35fb5ec5627eb858ffebaaa0e934c76c152a0433e1a,NOT_RENDERED,COMMENTED,
22.0,decimal,COMMENTED,2679,subsection: What the Final Augmented Regularization Paths Show,tab:path_anchor_summary,"% Surrogate & 100 & 0.900 & \$85,257 & \oldtext{\textit{source}}\latesttext{22.0\%} & \oldtext{\textit{source}}\latestte",3c3decfef9b5877b7713c35fb5ec5627eb858ffebaaa0e934c76c152a0433e1a,NOT_RENDERED,COMMENTED,
0.336,decimal,COMMENTED,2679,subsection: What the Final Augmented Regularization Paths Show,tab:path_anchor_summary,"% Surrogate & 100 & 0.900 & \$85,257 & \oldtext{\textit{source}}\latesttext{22.0\%} & \oldtext{\textit{source}}\latestte",3c3decfef9b5877b7713c35fb5ec5627eb858ffebaaa0e934c76c152a0433e1a,NOT_RENDERED,COMMENTED,
1.020,decimal,COMMENTED,2679,subsection: What the Final Augmented Regularization Paths Show,tab:path_anchor_summary,"% Surrogate & 100 & 0.900 & \$85,257 & \oldtext{\textit{source}}\latesttext{22.0\%} & \oldtext{\textit{source}}\latestte",3c3decfef9b5877b7713c35fb5ec5627eb858ffebaaa0e934c76c152a0433e1a,NOT_RENDERED,COMMENTED,
0.030,decimal,COMMENTED,2679,subsection: What the Final Augmented Regularization Paths Show,tab:path_anchor_summary,"% Surrogate & 100 & 0.900 & \$85,257 & \oldtext{\textit{source}}\latesttext{22.0\%} & \oldtext{\textit{source}}\latestte",3c3decfef9b5877b7713c35fb5ec5627eb858ffebaaa0e934c76c152a0433e1a,NOT_RENDERED,COMMENTED,
0.987,decimal,COMMENTED,2679,subsection: What the Final Augmented Regularization Paths Show,tab:path_anchor_summary,"% Surrogate & 100 & 0.900 & \$85,257 & \oldtext{\textit{source}}\latesttext{22.0\%} & \oldtext{\textit{source}}\latestte",3c3decfef9b5877b7713c35fb5ec5627eb858ffebaaa0e934c76c152a0433e1a,NOT_RENDERED,COMMENTED,
1.7,decimal,COMMENTED,2679,subsection: What the Final Augmented Regularization Paths Show,tab:path_anchor_summary,"% Surrogate & 100 & 0.900 & \$85,257 & \oldtext{\textit{source}}\latesttext{22.0\%} & \oldtext{\textit{source}}\latestte",3c3decfef9b5877b7713c35fb5ec5627eb858ffebaaa0e934c76c152a0433e1a,NOT_RENDERED,COMMENTED,
0.01,decimal,COMMENTED,2686,subsection: What the Final Augmented Regularization Paths Show,tab:path_anchor_summary,% \oldtext{Display anchors are fixed presentation anchors and are not selected on the basis of observed performance. Pos,8601caff9368a8e220ab246b1a9838bdec55af2d460557e2c9de234ed5ba3710,NOT_RENDERED,COMMENTED,
0.1,decimal,COMMENTED,2686,subsection: What the Final Augmented Regularization Paths Show,tab:path_anchor_summary,% \oldtext{Display anchors are fixed presentation anchors and are not selected on the basis of observed performance. Pos,8601caff9368a8e220ab246b1a9838bdec55af2d460557e2c9de234ed5ba3710,NOT_RENDERED,COMMENTED,
1,int_small,COMMENTED,2686,subsection: What the Final Augmented Regularization Paths Show,tab:path_anchor_summary,% \oldtext{Display anchors are fixed presentation anchors and are not selected on the basis of observed performance. Pos,8601caff9368a8e220ab246b1a9838bdec55af2d460557e2c9de234ed5ba3710,NOT_RENDERED,COMMENTED,
"10,100",int_ge_1000,COMMENTED,2686,subsection: What the Final Augmented Regularization Paths Show,tab:path_anchor_summary,% \oldtext{Display anchors are fixed presentation anchors and are not selected on the basis of observed performance. Pos,8601caff9368a8e220ab246b1a9838bdec55af2d460557e2c9de234ed5ba3710,NOT_RENDERED,COMMENTED,
0.0104811,decimal,COMMENTED,2686,subsection: What the Final Augmented Regularization Paths Show,tab:path_anchor_summary,% \oldtext{Display anchors are fixed presentation anchors and are not selected on the basis of observed performance. Pos,8601caff9368a8e220ab246b1a9838bdec55af2d460557e2c9de234ed5ba3710,NOT_RENDERED,COMMENTED,
0.1,decimal,COMMENTED,2686,subsection: What the Final Augmented Regularization Paths Show,tab:path_anchor_summary,% \oldtext{Display anchors are fixed presentation anchors and are not selected on the basis of observed performance. Pos,8601caff9368a8e220ab246b1a9838bdec55af2d460557e2c9de234ed5ba3710,NOT_RENDERED,COMMENTED,
0.954095,decimal,COMMENTED,2686,subsection: What the Final Augmented Regularization Paths Show,tab:path_anchor_summary,% \oldtext{Display anchors are fixed presentation anchors and are not selected on the basis of observed performance. Pos,8601caff9368a8e220ab246b1a9838bdec55af2d460557e2c9de234ed5ba3710,NOT_RENDERED,COMMENTED,
10.4811,decimal,COMMENTED,2686,subsection: What the Final Augmented Regularization Paths Show,tab:path_anchor_summary,% \oldtext{Display anchors are fixed presentation anchors and are not selected on the basis of observed performance. Pos,8601caff9368a8e220ab246b1a9838bdec55af2d460557e2c9de234ed5ba3710,NOT_RENDERED,COMMENTED,
100,int_mid,COMMENTED,2686,subsection: What the Final Augmented Regularization Paths Show,tab:path_anchor_summary,% \oldtext{Display anchors are fixed presentation anchors and are not selected on the basis of observed performance. Pos,8601caff9368a8e220ab246b1a9838bdec55af2d460557e2c9de234ed5ba3710,NOT_RENDERED,COMMENTED,
2,int_small,COMMENTED,2687,subsection: What the Final Augmented Regularization Paths Show,tab:path_anchor_summary,% \latesttext{Formatting comparisons are evaluated using the unrounded canonical values; entries that appear equal after,d0c9ea17c90f31ff790b6c4fbf4a659dbd584a655e5d431451a502e13547fc9a,NOT_RENDERED,COMMENTED,
0.98,decimal,COMMENTED,2687,subsection: What the Final Augmented Regularization Paths Show,tab:path_anchor_summary,% \latesttext{Formatting comparisons are evaluated using the unrounded canonical values; entries that appear equal after,d0c9ea17c90f31ff790b6c4fbf4a659dbd584a655e5d431451a502e13547fc9a,NOT_RENDERED,COMMENTED,
1.03,decimal,COMMENTED,2687,subsection: What the Final Augmented Regularization Paths Show,tab:path_anchor_summary,% \latesttext{Formatting comparisons are evaluated using the unrounded canonical values; entries that appear equal after,d0c9ea17c90f31ff790b6c4fbf4a659dbd584a655e5d431451a502e13547fc9a,NOT_RENDERED,COMMENTED,
0.05,decimal,COMMENTED,2687,subsection: What the Final Augmented Regularization Paths Show,tab:path_anchor_summary,% \latesttext{Formatting comparisons are evaluated using the unrounded canonical values; entries that appear equal after,d0c9ea17c90f31ff790b6c4fbf4a659dbd584a655e5d431451a502e13547fc9a,NOT_RENDERED,COMMENTED,
0.05,decimal,COMMENTED,2687,subsection: What the Final Augmented Regularization Paths Show,tab:path_anchor_summary,% \latesttext{Formatting comparisons are evaluated using the unrounded canonical values; entries that appear equal after,d0c9ea17c90f31ff790b6c4fbf4a659dbd584a655e5d431451a502e13547fc9a,NOT_RENDERED,COMMENTED,
0.95,decimal,COMMENTED,2687,subsection: What the Final Augmented Regularization Paths Show,tab:path_anchor_summary,% \latesttext{Formatting comparisons are evaluated using the unrounded canonical values; entries that appear equal after,d0c9ea17c90f31ff790b6c4fbf4a659dbd584a655e5d431451a502e13547fc9a,NOT_RENDERED,COMMENTED,
1.05,decimal,COMMENTED,2687,subsection: What the Final Augmented Regularization Paths Show,tab:path_anchor_summary,% \latesttext{Formatting comparisons are evaluated using the unrounded canonical values; entries that appear equal after,d0c9ea17c90f31ff790b6c4fbf4a659dbd584a655e5d431451a502e13547fc9a,NOT_RENDERED,COMMENTED,
10,int_small,COMMENTED,2687,subsection: What the Final Augmented Regularization Paths Show,tab:path_anchor_summary,% \latesttext{Formatting comparisons are evaluated using the unrounded canonical values; entries that appear equal after,d0c9ea17c90f31ff790b6c4fbf4a659dbd584a655e5d431451a502e13547fc9a,NOT_RENDERED,COMMENTED,
10,int_small,COMMENTED,2687,subsection: What the Final Augmented Regularization Paths Show,tab:path_anchor_summary,% \latesttext{Formatting comparisons are evaluated using the unrounded canonical values; entries that appear equal after,d0c9ea17c90f31ff790b6c4fbf4a659dbd584a655e5d431451a502e13547fc9a,NOT_RENDERED,COMMENTED,
0.799,decimal,ACTIVE,2716,subsection: What the Final Augmented Regularization Paths Show,tab:path_anchor_summary,"Linear regression & -- & 0.799 & \$90,092 & 24.1\% & 0.322 & \textbf{1.042} & \textbf{-0.016} & \textbf{0.975} & \textbf",05811ac576a666d98bf29a866e2dc6ac3c504a29af3445c8f425a02d54882539,FLAGGED_UNSUPPORTED,no frozen source,
"90,092",int_ge_1000,ACTIVE,2716,subsection: What the Final Augmented Regularization Paths Show,tab:path_anchor_summary,"Linear regression & -- & 0.799 & \$90,092 & 24.1\% & 0.322 & \textbf{1.042} & \textbf{-0.016} & \textbf{0.975} & \textbf",05811ac576a666d98bf29a866e2dc6ac3c504a29af3445c8f425a02d54882539,FLAGGED_UNSUPPORTED,no frozen source,
24.1,decimal,ACTIVE,2716,subsection: What the Final Augmented Regularization Paths Show,tab:path_anchor_summary,"Linear regression & -- & 0.799 & \$90,092 & 24.1\% & 0.322 & \textbf{1.042} & \textbf{-0.016} & \textbf{0.975} & \textbf",05811ac576a666d98bf29a866e2dc6ac3c504a29af3445c8f425a02d54882539,FLAGGED_UNSUPPORTED,no frozen source,
0.322,decimal,ACTIVE,2716,subsection: What the Final Augmented Regularization Paths Show,tab:path_anchor_summary,"Linear regression & -- & 0.799 & \$90,092 & 24.1\% & 0.322 & \textbf{1.042} & \textbf{-0.016} & \textbf{0.975} & \textbf",05811ac576a666d98bf29a866e2dc6ac3c504a29af3445c8f425a02d54882539,FLAGGED_UNSUPPORTED,no frozen source,
1.042,decimal,ACTIVE,2716,subsection: What the Final Augmented Regularization Paths Show,tab:path_anchor_summary,"Linear regression & -- & 0.799 & \$90,092 & 24.1\% & 0.322 & \textbf{1.042} & \textbf{-0.016} & \textbf{0.975} & \textbf",05811ac576a666d98bf29a866e2dc6ac3c504a29af3445c8f425a02d54882539,FLAGGED_UNSUPPORTED,no frozen source,
0.016,decimal,ACTIVE,2716,subsection: What the Final Augmented Regularization Paths Show,tab:path_anchor_summary,"Linear regression & -- & 0.799 & \$90,092 & 24.1\% & 0.322 & \textbf{1.042} & \textbf{-0.016} & \textbf{0.975} & \textbf",05811ac576a666d98bf29a866e2dc6ac3c504a29af3445c8f425a02d54882539,FLAGGED_UNSUPPORTED,no frozen source,
0.975,decimal,ACTIVE,2716,subsection: What the Final Augmented Regularization Paths Show,tab:path_anchor_summary,"Linear regression & -- & 0.799 & \$90,092 & 24.1\% & 0.322 & \textbf{1.042} & \textbf{-0.016} & \textbf{0.975} & \textbf",05811ac576a666d98bf29a866e2dc6ac3c504a29af3445c8f425a02d54882539,FLAGGED_UNSUPPORTED,no frozen source,
11.6,decimal,ACTIVE,2716,subsection: What the Final Augmented Regularization Paths Show,tab:path_anchor_summary,"Linear regression & -- & 0.799 & \$90,092 & 24.1\% & 0.322 & \textbf{1.042} & \textbf{-0.016} & \textbf{0.975} & \textbf",05811ac576a666d98bf29a866e2dc6ac3c504a29af3445c8f425a02d54882539,FLAGGED_UNSUPPORTED,no frozen source,
0.894,decimal,ACTIVE,2717,subsection: What the Final Augmented Regularization Paths Show,tab:path_anchor_summary,"Ordinary LightGBM & -- & \textbf{0.894} & \textbf{\$75,655} & \textbf{21.2\%} & \textbf{0.289} & 1.069 & -0.091 & 0.923 ",662ba5072dac7fd0e5ab99871e5bad5f46e4f9e9da4d49a3a3028465219b5d68,SOURCED,,N-baseline-R2P-heldout
"75,655",int_ge_1000,ACTIVE,2717,subsection: What the Final Augmented Regularization Paths Show,tab:path_anchor_summary,"Ordinary LightGBM & -- & \textbf{0.894} & \textbf{\$75,655} & \textbf{21.2\%} & \textbf{0.289} & 1.069 & -0.091 & 0.923 ",662ba5072dac7fd0e5ab99871e5bad5f46e4f9e9da4d49a3a3028465219b5d68,SOURCED,,N-baseline-MAEP-heldout
21.2,decimal,ACTIVE,2717,subsection: What the Final Augmented Regularization Paths Show,tab:path_anchor_summary,"Ordinary LightGBM & -- & \textbf{0.894} & \textbf{\$75,655} & \textbf{21.2\%} & \textbf{0.289} & 1.069 & -0.091 & 0.923 ",662ba5072dac7fd0e5ab99871e5bad5f46e4f9e9da4d49a3a3028465219b5d68,SOURCED,,N-baseline-MAPEP-heldout
0.289,decimal,ACTIVE,2717,subsection: What the Final Augmented Regularization Paths Show,tab:path_anchor_summary,"Ordinary LightGBM & -- & \textbf{0.894} & \textbf{\$75,655} & \textbf{21.2\%} & \textbf{0.289} & 1.069 & -0.091 & 0.923 ",662ba5072dac7fd0e5ab99871e5bad5f46e4f9e9da4d49a3a3028465219b5d68,SOURCED,,N-baseline-RMSElogP-heldout
1.069,decimal,ACTIVE,2717,subsection: What the Final Augmented Regularization Paths Show,tab:path_anchor_summary,"Ordinary LightGBM & -- & \textbf{0.894} & \textbf{\$75,655} & \textbf{21.2\%} & \textbf{0.289} & 1.069 & -0.091 & 0.923 ",662ba5072dac7fd0e5ab99871e5bad5f46e4f9e9da4d49a3a3028465219b5d68,SOURCED,,N-baseline-PRD-heldout;N-path-PRD-direct_rho_0p954095-forward_2025
0.091,decimal,ACTIVE,2717,subsection: What the Final Augmented Regularization Paths Show,tab:path_anchor_summary,"Ordinary LightGBM & -- & \textbf{0.894} & \textbf{\$75,655} & \textbf{21.2\%} & \textbf{0.289} & 1.069 & -0.091 & 0.923 ",662ba5072dac7fd0e5ab99871e5bad5f46e4f9e9da4d49a3a3028465219b5d68,SOURCED,,N-baseline-PRB-heldout
0.923,decimal,ACTIVE,2717,subsection: What the Final Augmented Regularization Paths Show,tab:path_anchor_summary,"Ordinary LightGBM & -- & \textbf{0.894} & \textbf{\$75,655} & \textbf{21.2\%} & \textbf{0.289} & 1.069 & -0.091 & 0.923 ",662ba5072dac7fd0e5ab99871e5bad5f46e4f9e9da4d49a3a3028465219b5d68,SOURCED,,N-baseline-MKI-heldout
26.5,decimal,ACTIVE,2717,subsection: What the Final Augmented Regularization Paths Show,tab:path_anchor_summary,"Ordinary LightGBM & -- & \textbf{0.894} & \textbf{\$75,655} & \textbf{21.2\%} & \textbf{0.289} & 1.069 & -0.091 & 0.923 ",662ba5072dac7fd0e5ab99871e5bad5f46e4f9e9da4d49a3a3028465219b5d68,SOURCED,,N-baseline-VEI-heldout
0.893,decimal,ACTIVE,2721,subsection: What the Final Augmented Regularization Paths Show,tab:path_anchor_summary,"\latesttext{Direct} & \latesttext{$\approx0.01$} & \latesttext{0.893} & \latesttext{\$76,058} & \latesttext{21.2\%} & \l",b855abc1524b1db15e1975f2828845b3198c08f133d8f6d51f6092649e16acd7,FLAGGED_UNSUPPORTED,no frozen source,
"76,058",int_ge_1000,ACTIVE,2721,subsection: What the Final Augmented Regularization Paths Show,tab:path_anchor_summary,"\latesttext{Direct} & \latesttext{$\approx0.01$} & \latesttext{0.893} & \latesttext{\$76,058} & \latesttext{21.2\%} & \l",b855abc1524b1db15e1975f2828845b3198c08f133d8f6d51f6092649e16acd7,FLAGGED_UNSUPPORTED,no frozen source,
21.2,decimal,ACTIVE,2721,subsection: What the Final Augmented Regularization Paths Show,tab:path_anchor_summary,"\latesttext{Direct} & \latesttext{$\approx0.01$} & \latesttext{0.893} & \latesttext{\$76,058} & \latesttext{21.2\%} & \l",b855abc1524b1db15e1975f2828845b3198c08f133d8f6d51f6092649e16acd7,SOURCED,,N-baseline-MAPEP-heldout
0.290,decimal,ACTIVE,2721,subsection: What the Final Augmented Regularization Paths Show,tab:path_anchor_summary,"\latesttext{Direct} & \latesttext{$\approx0.01$} & \latesttext{0.893} & \latesttext{\$76,058} & \latesttext{21.2\%} & \l",b855abc1524b1db15e1975f2828845b3198c08f133d8f6d51f6092649e16acd7,SOURCED,,N-path-RMSElogP-direct_rho_0p954095-heldout
1.069,decimal,ACTIVE,2721,subsection: What the Final Augmented Regularization Paths Show,tab:path_anchor_summary,"\latesttext{Direct} & \latesttext{$\approx0.01$} & \latesttext{0.893} & \latesttext{\$76,058} & \latesttext{21.2\%} & \l",b855abc1524b1db15e1975f2828845b3198c08f133d8f6d51f6092649e16acd7,SOURCED,,N-baseline-PRD-heldout;N-path-PRD-direct_rho_0p954095-forward_2025
0.089,decimal,ACTIVE,2721,subsection: What the Final Augmented Regularization Paths Show,tab:path_anchor_summary,"\latesttext{Direct} & \latesttext{$\approx0.01$} & \latesttext{0.893} & \latesttext{\$76,058} & \latesttext{21.2\%} & \l",b855abc1524b1db15e1975f2828845b3198c08f133d8f6d51f6092649e16acd7,SOURCED,,N-anchor-PRB-Direct-0.0104811313415468-heldout
0.924,decimal,ACTIVE,2721,subsection: What the Final Augmented Regularization Paths Show,tab:path_anchor_summary,"\latesttext{Direct} & \latesttext{$\approx0.01$} & \latesttext{0.893} & \latesttext{\$76,058} & \latesttext{21.2\%} & \l",b855abc1524b1db15e1975f2828845b3198c08f133d8f6d51f6092649e16acd7,FLAGGED_UNSUPPORTED,no frozen source,
26.9,decimal,ACTIVE,2721,subsection: What the Final Augmented Regularization Paths Show,tab:path_anchor_summary,"\latesttext{Direct} & \latesttext{$\approx0.01$} & \latesttext{0.893} & \latesttext{\$76,058} & \latesttext{21.2\%} & \l",b855abc1524b1db15e1975f2828845b3198c08f133d8f6d51f6092649e16acd7,SOURCED,,N-anchor-VEI-Direct-0.0104811313415468-heldout
0.894,decimal,ACTIVE,2722,subsection: What the Final Augmented Regularization Paths Show,tab:path_anchor_summary,"Direct & \latesttext{$0.1$} & 0.894 & \$76,235 & \latesttext{21.3\%} & \latesttext{0.291} & \textbf{1.068} & \textbf{-0.",8cd7fe74fd956ab04f6bc7d4a10bbd503daacb8d834c0c4446521bbc5a39a914,SOURCED,,N-baseline-R2P-heldout
"76,235",int_ge_1000,ACTIVE,2722,subsection: What the Final Augmented Regularization Paths Show,tab:path_anchor_summary,"Direct & \latesttext{$0.1$} & 0.894 & \$76,235 & \latesttext{21.3\%} & \latesttext{0.291} & \textbf{1.068} & \textbf{-0.",8cd7fe74fd956ab04f6bc7d4a10bbd503daacb8d834c0c4446521bbc5a39a914,FLAGGED_UNSUPPORTED,no frozen source,
21.3,decimal,ACTIVE,2722,subsection: What the Final Augmented Regularization Paths Show,tab:path_anchor_summary,"Direct & \latesttext{$0.1$} & 0.894 & \$76,235 & \latesttext{21.3\%} & \latesttext{0.291} & \textbf{1.068} & \textbf{-0.",8cd7fe74fd956ab04f6bc7d4a10bbd503daacb8d834c0c4446521bbc5a39a914,FLAGGED_UNSUPPORTED,no frozen source,
0.291,decimal,ACTIVE,2722,subsection: What the Final Augmented Regularization Paths Show,tab:path_anchor_summary,"Direct & \latesttext{$0.1$} & 0.894 & \$76,235 & \latesttext{21.3\%} & \latesttext{0.291} & \textbf{1.068} & \textbf{-0.",8cd7fe74fd956ab04f6bc7d4a10bbd503daacb8d834c0c4446521bbc5a39a914,FLAGGED_UNSUPPORTED,no frozen source,
1.068,decimal,ACTIVE,2722,subsection: What the Final Augmented Regularization Paths Show,tab:path_anchor_summary,"Direct & \latesttext{$0.1$} & 0.894 & \$76,235 & \latesttext{21.3\%} & \latesttext{0.291} & \textbf{1.068} & \textbf{-0.",8cd7fe74fd956ab04f6bc7d4a10bbd503daacb8d834c0c4446521bbc5a39a914,FLAGGED_UNSUPPORTED,no frozen source,
0.088,decimal,ACTIVE,2722,subsection: What the Final Augmented Regularization Paths Show,tab:path_anchor_summary,"Direct & \latesttext{$0.1$} & 0.894 & \$76,235 & \latesttext{21.3\%} & \latesttext{0.291} & \textbf{1.068} & \textbf{-0.",8cd7fe74fd956ab04f6bc7d4a10bbd503daacb8d834c0c4446521bbc5a39a914,SOURCED,,N-anchor-PRB-Direct-0.1-heldout;N-anchor-PRB-Surrogate-0.0104811313415468-heldout
0.926,decimal,ACTIVE,2722,subsection: What the Final Augmented Regularization Paths Show,tab:path_anchor_summary,"Direct & \latesttext{$0.1$} & 0.894 & \$76,235 & \latesttext{21.3\%} & \latesttext{0.291} & \textbf{1.068} & \textbf{-0.",8cd7fe74fd956ab04f6bc7d4a10bbd503daacb8d834c0c4446521bbc5a39a914,SOURCED,,N-path-MKI-direct_rho_0p954095-forward_2025
27.0,decimal,ACTIVE,2722,subsection: What the Final Augmented Regularization Paths Show,tab:path_anchor_summary,"Direct & \latesttext{$0.1$} & 0.894 & \$76,235 & \latesttext{21.3\%} & \latesttext{0.291} & \textbf{1.068} & \textbf{-0.",8cd7fe74fd956ab04f6bc7d4a10bbd503daacb8d834c0c4446521bbc5a39a914,SOURCED,,N-anchor-VEI-Direct-0.1-heldout
0.899,decimal,ACTIVE,2723,subsection: What the Final Augmented Regularization Paths Show,tab:path_anchor_summary,"Direct & \latesttext{$\approx1$} & \textbf{0.899}\textsuperscript{*} & \textbf{\$74,485}\textsuperscript{*} & \latesttex",3cbf8a0c06f3e5295a342989cc0b72b3dd1b8e21851e7d8eaae77e384341003a,SOURCED,,N-path-R2P-direct_rho_0p954095-heldout
"74,485",int_ge_1000,ACTIVE,2723,subsection: What the Final Augmented Regularization Paths Show,tab:path_anchor_summary,"Direct & \latesttext{$\approx1$} & \textbf{0.899}\textsuperscript{*} & \textbf{\$74,485}\textsuperscript{*} & \latesttex",3cbf8a0c06f3e5295a342989cc0b72b3dd1b8e21851e7d8eaae77e384341003a,SOURCED,,N-path-MAEP-direct_rho_0p954095-heldout
21.1,decimal,ACTIVE,2723,subsection: What the Final Augmented Regularization Paths Show,tab:path_anchor_summary,"Direct & \latesttext{$\approx1$} & \textbf{0.899}\textsuperscript{*} & \textbf{\$74,485}\textsuperscript{*} & \latesttex",3cbf8a0c06f3e5295a342989cc0b72b3dd1b8e21851e7d8eaae77e384341003a,SOURCED,,N-path-MAPEP-direct_rho_0p954095-heldout
0.290,decimal,ACTIVE,2723,subsection: What the Final Augmented Regularization Paths Show,tab:path_anchor_summary,"Direct & \latesttext{$\approx1$} & \textbf{0.899}\textsuperscript{*} & \textbf{\$74,485}\textsuperscript{*} & \latesttex",3cbf8a0c06f3e5295a342989cc0b72b3dd1b8e21851e7d8eaae77e384341003a,SOURCED,,N-path-RMSElogP-direct_rho_0p954095-heldout
1.060,decimal,ACTIVE,2723,subsection: What the Final Augmented Regularization Paths Show,tab:path_anchor_summary,"Direct & \latesttext{$\approx1$} & \textbf{0.899}\textsuperscript{*} & \textbf{\$74,485}\textsuperscript{*} & \latesttex",3cbf8a0c06f3e5295a342989cc0b72b3dd1b8e21851e7d8eaae77e384341003a,SOURCED,,N-path-PRD-direct_rho_0p954095-heldout;N-path-PRD-surrogate_rho_0p954095-forward_2025
0.075,decimal,ACTIVE,2723,subsection: What the Final Augmented Regularization Paths Show,tab:path_anchor_summary,"Direct & \latesttext{$\approx1$} & \textbf{0.899}\textsuperscript{*} & \textbf{\$74,485}\textsuperscript{*} & \latesttex",3cbf8a0c06f3e5295a342989cc0b72b3dd1b8e21851e7d8eaae77e384341003a,SOURCED,,N-anchor-PRB-Direct-0.954095476349994-heldout
0.940,decimal,ACTIVE,2723,subsection: What the Final Augmented Regularization Paths Show,tab:path_anchor_summary,"Direct & \latesttext{$\approx1$} & \textbf{0.899}\textsuperscript{*} & \textbf{\$74,485}\textsuperscript{*} & \latesttex",3cbf8a0c06f3e5295a342989cc0b72b3dd1b8e21851e7d8eaae77e384341003a,SOURCED,,N-path-MKI-direct_rho_0p954095-heldout
21.9,decimal,ACTIVE,2723,subsection: What the Final Augmented Regularization Paths Show,tab:path_anchor_summary,"Direct & \latesttext{$\approx1$} & \textbf{0.899}\textsuperscript{*} & \textbf{\$74,485}\textsuperscript{*} & \latesttex",3cbf8a0c06f3e5295a342989cc0b72b3dd1b8e21851e7d8eaae77e384341003a,SOURCED,,N-anchor-VEI-Direct-0.954095476349994-heldout
0.895,decimal,ACTIVE,2724,subsection: What the Final Augmented Regularization Paths Show,tab:path_anchor_summary,"Direct & \latesttext{$\approx10$} & \textbf{0.895}\textsuperscript{*} & \textbf{\$75,218}\textsuperscript{*} & \latestte",21d713bc0673ebffa6095957275a2e6ac87062fc586a102d8a6ab498e64cb246,FLAGGED_UNSUPPORTED,no frozen source,
"75,218",int_ge_1000,ACTIVE,2724,subsection: What the Final Augmented Regularization Paths Show,tab:path_anchor_summary,"Direct & \latesttext{$\approx10$} & \textbf{0.895}\textsuperscript{*} & \textbf{\$75,218}\textsuperscript{*} & \latestte",21d713bc0673ebffa6095957275a2e6ac87062fc586a102d8a6ab498e64cb246,FLAGGED_UNSUPPORTED,no frozen source,
21.4,decimal,ACTIVE,2724,subsection: What the Final Augmented Regularization Paths Show,tab:path_anchor_summary,"Direct & \latesttext{$\approx10$} & \textbf{0.895}\textsuperscript{*} & \textbf{\$75,218}\textsuperscript{*} & \latestte",21d713bc0673ebffa6095957275a2e6ac87062fc586a102d8a6ab498e64cb246,FLAGGED_UNSUPPORTED,no frozen source,
0.294,decimal,ACTIVE,2724,subsection: What the Final Augmented Regularization Paths Show,tab:path_anchor_summary,"Direct & \latesttext{$\approx10$} & \textbf{0.895}\textsuperscript{*} & \textbf{\$75,218}\textsuperscript{*} & \latestte",21d713bc0673ebffa6095957275a2e6ac87062fc586a102d8a6ab498e64cb246,FLAGGED_UNSUPPORTED,no frozen source,
1.036,decimal,ACTIVE,2724,subsection: What the Final Augmented Regularization Paths Show,tab:path_anchor_summary,"Direct & \latesttext{$\approx10$} & \textbf{0.895}\textsuperscript{*} & \textbf{\$75,218}\textsuperscript{*} & \latestte",21d713bc0673ebffa6095957275a2e6ac87062fc586a102d8a6ab498e64cb246,SOURCED,,N-path-PRD-direct_rho100-forward_2025
0.040,decimal,ACTIVE,2724,subsection: What the Final Augmented Regularization Paths Show,tab:path_anchor_summary,"Direct & \latesttext{$\approx10$} & \textbf{0.895}\textsuperscript{*} & \textbf{\$75,218}\textsuperscript{*} & \latestte",21d713bc0673ebffa6095957275a2e6ac87062fc586a102d8a6ab498e64cb246,SOURCED,,N-anchor-PRB-Direct-10.481131341546853-heldout
0.984,decimal,ACTIVE,2724,subsection: What the Final Augmented Regularization Paths Show,tab:path_anchor_summary,"Direct & \latesttext{$\approx10$} & \textbf{0.895}\textsuperscript{*} & \textbf{\$75,218}\textsuperscript{*} & \latestte",21d713bc0673ebffa6095957275a2e6ac87062fc586a102d8a6ab498e64cb246,FLAGGED_UNSUPPORTED,no frozen source,
10.5,decimal,ACTIVE,2724,subsection: What the Final Augmented Regularization Paths Show,tab:path_anchor_summary,"Direct & \latesttext{$\approx10$} & \textbf{0.895}\textsuperscript{*} & \textbf{\$75,218}\textsuperscript{*} & \latestte",21d713bc0673ebffa6095957275a2e6ac87062fc586a102d8a6ab498e64cb246,SOURCED,,N-anchor-VEI-Direct-10.481131341546853-heldout
100,int_mid,ACTIVE,2725,subsection: What the Final Augmented Regularization Paths Show,tab:path_anchor_summary,"Direct & 100 & 0.869 & \$84,918 & \latesttext{23.9\%} & \latesttext{0.325} & \textbf{1.029}\textsuperscript{*} & \textbf",77e79d04008abe160ac303ece0d01847b4a62ad62bf5c056103921a8ececbbc8,ALLOWLISTED,DESIGN_CONSTANT,
0.869,decimal,ACTIVE,2725,subsection: What the Final Augmented Regularization Paths Show,tab:path_anchor_summary,"Direct & 100 & 0.869 & \$84,918 & \latesttext{23.9\%} & \latesttext{0.325} & \textbf{1.029}\textsuperscript{*} & \textbf",77e79d04008abe160ac303ece0d01847b4a62ad62bf5c056103921a8ececbbc8,SOURCED,,N-path-R2P-direct_rho100-heldout
"84,918",int_ge_1000,ACTIVE,2725,subsection: What the Final Augmented Regularization Paths Show,tab:path_anchor_summary,"Direct & 100 & 0.869 & \$84,918 & \latesttext{23.9\%} & \latesttext{0.325} & \textbf{1.029}\textsuperscript{*} & \textbf",77e79d04008abe160ac303ece0d01847b4a62ad62bf5c056103921a8ececbbc8,SOURCED,,N-path-MAEP-direct_rho100-heldout
23.9,decimal,ACTIVE,2725,subsection: What the Final Augmented Regularization Paths Show,tab:path_anchor_summary,"Direct & 100 & 0.869 & \$84,918 & \latesttext{23.9\%} & \latesttext{0.325} & \textbf{1.029}\textsuperscript{*} & \textbf",77e79d04008abe160ac303ece0d01847b4a62ad62bf5c056103921a8ececbbc8,SOURCED,,N-anchor-VEI-Direct-0.954095476349994-forward_2025;N-path-MAPEP-direct_rho100-heldout
0.325,decimal,ACTIVE,2725,subsection: What the Final Augmented Regularization Paths Show,tab:path_anchor_summary,"Direct & 100 & 0.869 & \$84,918 & \latesttext{23.9\%} & \latesttext{0.325} & \textbf{1.029}\textsuperscript{*} & \textbf",77e79d04008abe160ac303ece0d01847b4a62ad62bf5c056103921a8ececbbc8,SOURCED,,N-path-RMSElogP-direct_rho100-heldout
1.029,decimal,ACTIVE,2725,subsection: What the Final Augmented Regularization Paths Show,tab:path_anchor_summary,"Direct & 100 & 0.869 & \$84,918 & \latesttext{23.9\%} & \latesttext{0.325} & \textbf{1.029}\textsuperscript{*} & \textbf",77e79d04008abe160ac303ece0d01847b4a62ad62bf5c056103921a8ececbbc8,SOURCED,,N-path-PRD-direct_rho100-heldout
0.015,decimal,ACTIVE,2725,subsection: What the Final Augmented Regularization Paths Show,tab:path_anchor_summary,"Direct & 100 & 0.869 & \$84,918 & \latesttext{23.9\%} & \latesttext{0.325} & \textbf{1.029}\textsuperscript{*} & \textbf",77e79d04008abe160ac303ece0d01847b4a62ad62bf5c056103921a8ececbbc8,SOURCED,,N-anchor-PRB-Direct-100.0-heldout
0.998,decimal,ACTIVE,2725,subsection: What the Final Augmented Regularization Paths Show,tab:path_anchor_summary,"Direct & 100 & 0.869 & \$84,918 & \latesttext{23.9\%} & \latesttext{0.325} & \textbf{1.029}\textsuperscript{*} & \textbf",77e79d04008abe160ac303ece0d01847b4a62ad62bf5c056103921a8ececbbc8,SOURCED,,N-path-MKI-direct_rho100-heldout
0.7,decimal,ACTIVE,2725,subsection: What the Final Augmented Regularization Paths Show,tab:path_anchor_summary,"Direct & 100 & 0.869 & \$84,918 & \latesttext{23.9\%} & \latesttext{0.325} & \textbf{1.029}\textsuperscript{*} & \textbf",77e79d04008abe160ac303ece0d01847b4a62ad62bf5c056103921a8ececbbc8,SOURCED,,N-anchor-VEI-Direct-100.0-heldout
0.894,decimal,ACTIVE,2729,subsection: What the Final Augmented Regularization Paths Show,tab:path_anchor_summary,"\latesttext{Surrogate} & \latesttext{$\approx0.01$} & \latesttext{0.894} & \latesttext{\$75,748} & \latesttext{\textbf{2",6257e896e87557194c3f7d73d36a7eeffdf21d52a1a420c6a0345ac7941a2394,SOURCED,,N-baseline-R2P-heldout
"75,748",int_ge_1000,ACTIVE,2729,subsection: What the Final Augmented Regularization Paths Show,tab:path_anchor_summary,"\latesttext{Surrogate} & \latesttext{$\approx0.01$} & \latesttext{0.894} & \latesttext{\$75,748} & \latesttext{\textbf{2",6257e896e87557194c3f7d73d36a7eeffdf21d52a1a420c6a0345ac7941a2394,FLAGGED_UNSUPPORTED,no frozen source,
21.2,decimal,ACTIVE,2729,subsection: What the Final Augmented Regularization Paths Show,tab:path_anchor_summary,"\latesttext{Surrogate} & \latesttext{$\approx0.01$} & \latesttext{0.894} & \latesttext{\$75,748} & \latesttext{\textbf{2",6257e896e87557194c3f7d73d36a7eeffdf21d52a1a420c6a0345ac7941a2394,SOURCED,,N-baseline-MAPEP-heldout
0.289,decimal,ACTIVE,2729,subsection: What the Final Augmented Regularization Paths Show,tab:path_anchor_summary,"\latesttext{Surrogate} & \latesttext{$\approx0.01$} & \latesttext{0.894} & \latesttext{\$75,748} & \latesttext{\textbf{2",6257e896e87557194c3f7d73d36a7eeffdf21d52a1a420c6a0345ac7941a2394,SOURCED,,N-baseline-RMSElogP-heldout
1.069,decimal,ACTIVE,2729,subsection: What the Final Augmented Regularization Paths Show,tab:path_anchor_summary,"\latesttext{Surrogate} & \latesttext{$\approx0.01$} & \latesttext{0.894} & \latesttext{\$75,748} & \latesttext{\textbf{2",6257e896e87557194c3f7d73d36a7eeffdf21d52a1a420c6a0345ac7941a2394,SOURCED,,N-baseline-PRD-heldout;N-path-PRD-direct_rho_0p954095-forward_2025
0.088,decimal,ACTIVE,2729,subsection: What the Final Augmented Regularization Paths Show,tab:path_anchor_summary,"\latesttext{Surrogate} & \latesttext{$\approx0.01$} & \latesttext{0.894} & \latesttext{\$75,748} & \latesttext{\textbf{2",6257e896e87557194c3f7d73d36a7eeffdf21d52a1a420c6a0345ac7941a2394,SOURCED,,N-anchor-PRB-Direct-0.1-heldout;N-anchor-PRB-Surrogate-0.0104811313415468-heldout
0.924,decimal,ACTIVE,2729,subsection: What the Final Augmented Regularization Paths Show,tab:path_anchor_summary,"\latesttext{Surrogate} & \latesttext{$\approx0.01$} & \latesttext{0.894} & \latesttext{\$75,748} & \latesttext{\textbf{2",6257e896e87557194c3f7d73d36a7eeffdf21d52a1a420c6a0345ac7941a2394,FLAGGED_UNSUPPORTED,no frozen source,
25.8,decimal,ACTIVE,2729,subsection: What the Final Augmented Regularization Paths Show,tab:path_anchor_summary,"\latesttext{Surrogate} & \latesttext{$\approx0.01$} & \latesttext{0.894} & \latesttext{\$75,748} & \latesttext{\textbf{2",6257e896e87557194c3f7d73d36a7eeffdf21d52a1a420c6a0345ac7941a2394,SOURCED,,N-anchor-VEI-Surrogate-0.0104811313415468-heldout
0.894,decimal,ACTIVE,2730,subsection: What the Final Augmented Regularization Paths Show,tab:path_anchor_summary,"Surrogate & \latesttext{$0.1$} & 0.894 & \$75,897 & \latesttext{\textbf{21.1\%}\textsuperscript{*}} & \latesttext{0.292}",158e229830ff0d0b4536f149ee2327d5bf6da02b8a09f6148ff5f112cfc77db4,SOURCED,,N-baseline-R2P-heldout
"75,897",int_ge_1000,ACTIVE,2730,subsection: What the Final Augmented Regularization Paths Show,tab:path_anchor_summary,"Surrogate & \latesttext{$0.1$} & 0.894 & \$75,897 & \latesttext{\textbf{21.1\%}\textsuperscript{*}} & \latesttext{0.292}",158e229830ff0d0b4536f149ee2327d5bf6da02b8a09f6148ff5f112cfc77db4,FLAGGED_UNSUPPORTED,no frozen source,
21.1,decimal,ACTIVE,2730,subsection: What the Final Augmented Regularization Paths Show,tab:path_anchor_summary,"Surrogate & \latesttext{$0.1$} & 0.894 & \$75,897 & \latesttext{\textbf{21.1\%}\textsuperscript{*}} & \latesttext{0.292}",158e229830ff0d0b4536f149ee2327d5bf6da02b8a09f6148ff5f112cfc77db4,SOURCED,,N-path-MAPEP-direct_rho_0p954095-heldout
0.292,decimal,ACTIVE,2730,subsection: What the Final Augmented Regularization Paths Show,tab:path_anchor_summary,"Surrogate & \latesttext{$0.1$} & 0.894 & \$75,897 & \latesttext{\textbf{21.1\%}\textsuperscript{*}} & \latesttext{0.292}",158e229830ff0d0b4536f149ee2327d5bf6da02b8a09f6148ff5f112cfc77db4,FLAGGED_UNSUPPORTED,no frozen source,
1.064,decimal,ACTIVE,2730,subsection: What the Final Augmented Regularization Paths Show,tab:path_anchor_summary,"Surrogate & \latesttext{$0.1$} & 0.894 & \$75,897 & \latesttext{\textbf{21.1\%}\textsuperscript{*}} & \latesttext{0.292}",158e229830ff0d0b4536f149ee2327d5bf6da02b8a09f6148ff5f112cfc77db4,FLAGGED_UNSUPPORTED,no frozen source,
0.079,decimal,ACTIVE,2730,subsection: What the Final Augmented Regularization Paths Show,tab:path_anchor_summary,"Surrogate & \latesttext{$0.1$} & 0.894 & \$75,897 & \latesttext{\textbf{21.1\%}\textsuperscript{*}} & \latesttext{0.292}",158e229830ff0d0b4536f149ee2327d5bf6da02b8a09f6148ff5f112cfc77db4,SOURCED,,N-anchor-PRB-Surrogate-0.1-heldout
0.931,decimal,ACTIVE,2730,subsection: What the Final Augmented Regularization Paths Show,tab:path_anchor_summary,"Surrogate & \latesttext{$0.1$} & 0.894 & \$75,897 & \latesttext{\textbf{21.1\%}\textsuperscript{*}} & \latesttext{0.292}",158e229830ff0d0b4536f149ee2327d5bf6da02b8a09f6148ff5f112cfc77db4,FLAGGED_UNSUPPORTED,no frozen source,
22.7,decimal,ACTIVE,2730,subsection: What the Final Augmented Regularization Paths Show,tab:path_anchor_summary,"Surrogate & \latesttext{$0.1$} & 0.894 & \$75,897 & \latesttext{\textbf{21.1\%}\textsuperscript{*}} & \latesttext{0.292}",158e229830ff0d0b4536f149ee2327d5bf6da02b8a09f6148ff5f112cfc77db4,SOURCED,,N-anchor-VEI-Surrogate-0.1-heldout
0.897,decimal,ACTIVE,2731,subsection: What the Final Augmented Regularization Paths Show,tab:path_anchor_summary,"Surrogate & \latesttext{$\approx1$} & \textbf{0.897}\textsuperscript{*} & \textbf{\$75,468}\textsuperscript{*} & \latest",c3235e3460ce76663f62e8c4a621d82e29a996690fdd467304404e7044ff9eb5,SOURCED,,N-path-R2P-surrogate_rho_0p954095-heldout
"75,468",int_ge_1000,ACTIVE,2731,subsection: What the Final Augmented Regularization Paths Show,tab:path_anchor_summary,"Surrogate & \latesttext{$\approx1$} & \textbf{0.897}\textsuperscript{*} & \textbf{\$75,468}\textsuperscript{*} & \latest",c3235e3460ce76663f62e8c4a621d82e29a996690fdd467304404e7044ff9eb5,SOURCED,,N-path-MAEP-surrogate_rho_0p954095-heldout
21.0,decimal,ACTIVE,2731,subsection: What the Final Augmented Regularization Paths Show,tab:path_anchor_summary,"Surrogate & \latesttext{$\approx1$} & \textbf{0.897}\textsuperscript{*} & \textbf{\$75,468}\textsuperscript{*} & \latest",c3235e3460ce76663f62e8c4a621d82e29a996690fdd467304404e7044ff9eb5,SOURCED,,N-path-MAPEP-surrogate_rho_0p954095-heldout
0.298,decimal,ACTIVE,2731,subsection: What the Final Augmented Regularization Paths Show,tab:path_anchor_summary,"Surrogate & \latesttext{$\approx1$} & \textbf{0.897}\textsuperscript{*} & \textbf{\$75,468}\textsuperscript{*} & \latest",c3235e3460ce76663f62e8c4a621d82e29a996690fdd467304404e7044ff9eb5,SOURCED,,N-path-RMSElogP-surrogate_rho_0p954095-heldout
1.049,decimal,ACTIVE,2731,subsection: What the Final Augmented Regularization Paths Show,tab:path_anchor_summary,"Surrogate & \latesttext{$\approx1$} & \textbf{0.897}\textsuperscript{*} & \textbf{\$75,468}\textsuperscript{*} & \latest",c3235e3460ce76663f62e8c4a621d82e29a996690fdd467304404e7044ff9eb5,SOURCED,,N-path-PRD-surrogate_rho_0p954095-heldout
0.045,decimal,ACTIVE,2731,subsection: What the Final Augmented Regularization Paths Show,tab:path_anchor_summary,"Surrogate & \latesttext{$\approx1$} & \textbf{0.897}\textsuperscript{*} & \textbf{\$75,468}\textsuperscript{*} & \latest",c3235e3460ce76663f62e8c4a621d82e29a996690fdd467304404e7044ff9eb5,SOURCED,,N-anchor-PRB-Surrogate-0.954095476349994-heldout
0.953,decimal,ACTIVE,2731,subsection: What the Final Augmented Regularization Paths Show,tab:path_anchor_summary,"Surrogate & \latesttext{$\approx1$} & \textbf{0.897}\textsuperscript{*} & \textbf{\$75,468}\textsuperscript{*} & \latest",c3235e3460ce76663f62e8c4a621d82e29a996690fdd467304404e7044ff9eb5,SOURCED,,N-path-MKI-surrogate_rho_0p954095-heldout
12.6,decimal,ACTIVE,2731,subsection: What the Final Augmented Regularization Paths Show,tab:path_anchor_summary,"Surrogate & \latesttext{$\approx1$} & \textbf{0.897}\textsuperscript{*} & \textbf{\$75,468}\textsuperscript{*} & \latest",c3235e3460ce76663f62e8c4a621d82e29a996690fdd467304404e7044ff9eb5,SOURCED,,N-anchor-VEI-Surrogate-0.954095476349994-heldout
0.893,decimal,ACTIVE,2732,subsection: What the Final Augmented Regularization Paths Show,tab:path_anchor_summary,"Surrogate & \latesttext{$\approx10$} & 0.893 & \$78,110 & \latesttext{21.6\%} & \latesttext{0.329} & \textbf{1.024}\text",a9e8e2940e41c21b1c2c45f24db64c8ae0980b9bdebbf2d50c953fb436d0b0a6,FLAGGED_UNSUPPORTED,no frozen source,
"78,110",int_ge_1000,ACTIVE,2732,subsection: What the Final Augmented Regularization Paths Show,tab:path_anchor_summary,"Surrogate & \latesttext{$\approx10$} & 0.893 & \$78,110 & \latesttext{21.6\%} & \latesttext{0.329} & \textbf{1.024}\text",a9e8e2940e41c21b1c2c45f24db64c8ae0980b9bdebbf2d50c953fb436d0b0a6,FLAGGED_UNSUPPORTED,no frozen source,
21.6,decimal,ACTIVE,2732,subsection: What the Final Augmented Regularization Paths Show,tab:path_anchor_summary,"Surrogate & \latesttext{$\approx10$} & 0.893 & \$78,110 & \latesttext{21.6\%} & \latesttext{0.329} & \textbf{1.024}\text",a9e8e2940e41c21b1c2c45f24db64c8ae0980b9bdebbf2d50c953fb436d0b0a6,FLAGGED_UNSUPPORTED,no frozen source,
0.329,decimal,ACTIVE,2732,subsection: What the Final Augmented Regularization Paths Show,tab:path_anchor_summary,"Surrogate & \latesttext{$\approx10$} & 0.893 & \$78,110 & \latesttext{21.6\%} & \latesttext{0.329} & \textbf{1.024}\text",a9e8e2940e41c21b1c2c45f24db64c8ae0980b9bdebbf2d50c953fb436d0b0a6,FLAGGED_UNSUPPORTED,no frozen source,
1.024,decimal,ACTIVE,2732,subsection: What the Final Augmented Regularization Paths Show,tab:path_anchor_summary,"Surrogate & \latesttext{$\approx10$} & 0.893 & \$78,110 & \latesttext{21.6\%} & \latesttext{0.329} & \textbf{1.024}\text",a9e8e2940e41c21b1c2c45f24db64c8ae0980b9bdebbf2d50c953fb436d0b0a6,FLAGGED_UNSUPPORTED,no frozen source,
0.013,decimal,ACTIVE,2732,subsection: What the Final Augmented Regularization Paths Show,tab:path_anchor_summary,"Surrogate & \latesttext{$\approx10$} & 0.893 & \$78,110 & \latesttext{21.6\%} & \latesttext{0.329} & \textbf{1.024}\text",a9e8e2940e41c21b1c2c45f24db64c8ae0980b9bdebbf2d50c953fb436d0b0a6,SOURCED,,N-anchor-PRB-Surrogate-10.481131341546853-heldout
0.988,decimal,ACTIVE,2732,subsection: What the Final Augmented Regularization Paths Show,tab:path_anchor_summary,"Surrogate & \latesttext{$\approx10$} & 0.893 & \$78,110 & \latesttext{21.6\%} & \latesttext{0.329} & \textbf{1.024}\text",a9e8e2940e41c21b1c2c45f24db64c8ae0980b9bdebbf2d50c953fb436d0b0a6,FLAGGED_UNSUPPORTED,no frozen source,
0.2,decimal,ACTIVE,2732,subsection: What the Final Augmented Regularization Paths Show,tab:path_anchor_summary,"Surrogate & \latesttext{$\approx10$} & 0.893 & \$78,110 & \latesttext{21.6\%} & \latesttext{0.329} & \textbf{1.024}\text",a9e8e2940e41c21b1c2c45f24db64c8ae0980b9bdebbf2d50c953fb436d0b0a6,SOURCED,,N-anchor-VEI-Surrogate-10.481131341546853-heldout
100,int_mid,ACTIVE,2733,subsection: What the Final Augmented Regularization Paths Show,tab:path_anchor_summary,"Surrogate & 100 & 0.889 & \$82,094 & \latesttext{22.8\%} & \latesttext{0.357} & \textbf{1.010}\textsuperscript{*} & \tex",68aaae29496f1fc8c72de7cd74ffaa26ee07966bdb85beb206d5e76fff6b66d4,ALLOWLISTED,DESIGN_CONSTANT,
0.889,decimal,ACTIVE,2733,subsection: What the Final Augmented Regularization Paths Show,tab:path_anchor_summary,"Surrogate & 100 & 0.889 & \$82,094 & \latesttext{22.8\%} & \latesttext{0.357} & \textbf{1.010}\textsuperscript{*} & \tex",68aaae29496f1fc8c72de7cd74ffaa26ee07966bdb85beb206d5e76fff6b66d4,SOURCED,,N-path-R2P-surrogate_rho100-heldout
"82,094",int_ge_1000,ACTIVE,2733,subsection: What the Final Augmented Regularization Paths Show,tab:path_anchor_summary,"Surrogate & 100 & 0.889 & \$82,094 & \latesttext{22.8\%} & \latesttext{0.357} & \textbf{1.010}\textsuperscript{*} & \tex",68aaae29496f1fc8c72de7cd74ffaa26ee07966bdb85beb206d5e76fff6b66d4,SOURCED,,N-path-MAEP-surrogate_rho100-heldout
22.8,decimal,ACTIVE,2733,subsection: What the Final Augmented Regularization Paths Show,tab:path_anchor_summary,"Surrogate & 100 & 0.889 & \$82,094 & \latesttext{22.8\%} & \latesttext{0.357} & \textbf{1.010}\textsuperscript{*} & \tex",68aaae29496f1fc8c72de7cd74ffaa26ee07966bdb85beb206d5e76fff6b66d4,SOURCED,,N-path-MAPEP-surrogate_rho100-heldout
0.357,decimal,ACTIVE,2733,subsection: What the Final Augmented Regularization Paths Show,tab:path_anchor_summary,"Surrogate & 100 & 0.889 & \$82,094 & \latesttext{22.8\%} & \latesttext{0.357} & \textbf{1.010}\textsuperscript{*} & \tex",68aaae29496f1fc8c72de7cd74ffaa26ee07966bdb85beb206d5e76fff6b66d4,SOURCED,,N-path-RMSElogP-surrogate_rho100-heldout
1.010,decimal,ACTIVE,2733,subsection: What the Final Augmented Regularization Paths Show,tab:path_anchor_summary,"Surrogate & 100 & 0.889 & \$82,094 & \latesttext{22.8\%} & \latesttext{0.357} & \textbf{1.010}\textsuperscript{*} & \tex",68aaae29496f1fc8c72de7cd74ffaa26ee07966bdb85beb206d5e76fff6b66d4,SOURCED,,N-path-PRD-surrogate_rho100-heldout
0.042,decimal,ACTIVE,2733,subsection: What the Final Augmented Regularization Paths Show,tab:path_anchor_summary,"Surrogate & 100 & 0.889 & \$82,094 & \latesttext{22.8\%} & \latesttext{0.357} & \textbf{1.010}\textsuperscript{*} & \tex",68aaae29496f1fc8c72de7cd74ffaa26ee07966bdb85beb206d5e76fff6b66d4,SOURCED,,N-anchor-PRB-Surrogate-100.0-heldout
1.013,decimal,ACTIVE,2733,subsection: What the Final Augmented Regularization Paths Show,tab:path_anchor_summary,"Surrogate & 100 & 0.889 & \$82,094 & \latesttext{22.8\%} & \latesttext{0.357} & \textbf{1.010}\textsuperscript{*} & \tex",68aaae29496f1fc8c72de7cd74ffaa26ee07966bdb85beb206d5e76fff6b66d4,SOURCED,,N-path-MKI-surrogate_rho100-heldout
4.0,decimal,ACTIVE,2733,subsection: What the Final Augmented Regularization Paths Show,tab:path_anchor_summary,"Surrogate & 100 & 0.889 & \$82,094 & \latesttext{22.8\%} & \latesttext{0.357} & \textbf{1.010}\textsuperscript{*} & \tex",68aaae29496f1fc8c72de7cd74ffaa26ee07966bdb85beb206d5e76fff6b66d4,SOURCED,,N-anchor-VEI-Surrogate-100.0-heldout
2025,year_like,ACTIVE,2736,subsection: What the Final Augmented Regularization Paths Show,tab:path_anchor_summary,\multicolumn{10}{l}{\textit{Panel B: 2025 forward evaluation}} \\,aa16aa327e5c691c8e4be1713a5788516b30347ed04cf14c50769992c744b5bb,ALLOWLISTED,DESIGN_CONSTANT,
0.799,decimal,ACTIVE,2740,subsection: What the Final Augmented Regularization Paths Show,tab:path_anchor_summary,"Linear regression & -- & 0.799 & \$99,371 & 24.9\% & 0.313 & \textbf{1.052} & \textbf{-0.029} & \textbf{0.954} & \textbf",81efeb4144782f37a560255b233d14a3ee1f63d9ff98bb786e672f50573bf0cc,FLAGGED_UNSUPPORTED,no frozen source,
"99,371",int_ge_1000,ACTIVE,2740,subsection: What the Final Augmented Regularization Paths Show,tab:path_anchor_summary,"Linear regression & -- & 0.799 & \$99,371 & 24.9\% & 0.313 & \textbf{1.052} & \textbf{-0.029} & \textbf{0.954} & \textbf",81efeb4144782f37a560255b233d14a3ee1f63d9ff98bb786e672f50573bf0cc,FLAGGED_UNSUPPORTED,no frozen source,
24.9,decimal,ACTIVE,2740,subsection: What the Final Augmented Regularization Paths Show,tab:path_anchor_summary,"Linear regression & -- & 0.799 & \$99,371 & 24.9\% & 0.313 & \textbf{1.052} & \textbf{-0.029} & \textbf{0.954} & \textbf",81efeb4144782f37a560255b233d14a3ee1f63d9ff98bb786e672f50573bf0cc,FLAGGED_UNSUPPORTED,no frozen source,
0.313,decimal,ACTIVE,2740,subsection: What the Final Augmented Regularization Paths Show,tab:path_anchor_summary,"Linear regression & -- & 0.799 & \$99,371 & 24.9\% & 0.313 & \textbf{1.052} & \textbf{-0.029} & \textbf{0.954} & \textbf",81efeb4144782f37a560255b233d14a3ee1f63d9ff98bb786e672f50573bf0cc,FLAGGED_UNSUPPORTED,no frozen source,
1.052,decimal,ACTIVE,2740,subsection: What the Final Augmented Regularization Paths Show,tab:path_anchor_summary,"Linear regression & -- & 0.799 & \$99,371 & 24.9\% & 0.313 & \textbf{1.052} & \textbf{-0.029} & \textbf{0.954} & \textbf",81efeb4144782f37a560255b233d14a3ee1f63d9ff98bb786e672f50573bf0cc,FLAGGED_UNSUPPORTED,no frozen source,
0.029,decimal,ACTIVE,2740,subsection: What the Final Augmented Regularization Paths Show,tab:path_anchor_summary,"Linear regression & -- & 0.799 & \$99,371 & 24.9\% & 0.313 & \textbf{1.052} & \textbf{-0.029} & \textbf{0.954} & \textbf",81efeb4144782f37a560255b233d14a3ee1f63d9ff98bb786e672f50573bf0cc,SOURCED,,N-anchor-PRB-Direct-100.0-forward_2025
0.954,decimal,ACTIVE,2740,subsection: What the Final Augmented Regularization Paths Show,tab:path_anchor_summary,"Linear regression & -- & 0.799 & \$99,371 & 24.9\% & 0.313 & \textbf{1.052} & \textbf{-0.029} & \textbf{0.954} & \textbf",81efeb4144782f37a560255b233d14a3ee1f63d9ff98bb786e672f50573bf0cc,FLAGGED_UNSUPPORTED,no frozen source,
17.3,decimal,ACTIVE,2740,subsection: What the Final Augmented Regularization Paths Show,tab:path_anchor_summary,"Linear regression & -- & 0.799 & \$99,371 & 24.9\% & 0.313 & \textbf{1.052} & \textbf{-0.029} & \textbf{0.954} & \textbf",81efeb4144782f37a560255b233d14a3ee1f63d9ff98bb786e672f50573bf0cc,FLAGGED_UNSUPPORTED,no frozen source,
0.904,decimal,ACTIVE,2741,subsection: What the Final Augmented Regularization Paths Show,tab:path_anchor_summary,"Ordinary LightGBM & -- & \textbf{0.904} & \textbf{\$78,484} & \textbf{20.8\%} & \textbf{0.278} & 1.079 & -0.106 & 0.907 ",0da28142937e4e3158b7ca564c9fc04653b34405ad80e514c9c3dcdd95160769,SOURCED,,N-baseline-R2P-forward_2025
"78,484",int_ge_1000,ACTIVE,2741,subsection: What the Final Augmented Regularization Paths Show,tab:path_anchor_summary,"Ordinary LightGBM & -- & \textbf{0.904} & \textbf{\$78,484} & \textbf{20.8\%} & \textbf{0.278} & 1.079 & -0.106 & 0.907 ",0da28142937e4e3158b7ca564c9fc04653b34405ad80e514c9c3dcdd95160769,SOURCED,,N-baseline-MAEP-forward_2025
20.8,decimal,ACTIVE,2741,subsection: What the Final Augmented Regularization Paths Show,tab:path_anchor_summary,"Ordinary LightGBM & -- & \textbf{0.904} & \textbf{\$78,484} & \textbf{20.8\%} & \textbf{0.278} & 1.079 & -0.106 & 0.907 ",0da28142937e4e3158b7ca564c9fc04653b34405ad80e514c9c3dcdd95160769,SOURCED,,N-baseline-MAPEP-forward_2025
0.278,decimal,ACTIVE,2741,subsection: What the Final Augmented Regularization Paths Show,tab:path_anchor_summary,"Ordinary LightGBM & -- & \textbf{0.904} & \textbf{\$78,484} & \textbf{20.8\%} & \textbf{0.278} & 1.079 & -0.106 & 0.907 ",0da28142937e4e3158b7ca564c9fc04653b34405ad80e514c9c3dcdd95160769,SOURCED,,N-baseline-RMSElogP-forward_2025
1.079,decimal,ACTIVE,2741,subsection: What the Final Augmented Regularization Paths Show,tab:path_anchor_summary,"Ordinary LightGBM & -- & \textbf{0.904} & \textbf{\$78,484} & \textbf{20.8\%} & \textbf{0.278} & 1.079 & -0.106 & 0.907 ",0da28142937e4e3158b7ca564c9fc04653b34405ad80e514c9c3dcdd95160769,SOURCED,,N-baseline-PRD-forward_2025
0.106,decimal,ACTIVE,2741,subsection: What the Final Augmented Regularization Paths Show,tab:path_anchor_summary,"Ordinary LightGBM & -- & \textbf{0.904} & \textbf{\$78,484} & \textbf{20.8\%} & \textbf{0.278} & 1.079 & -0.106 & 0.907 ",0da28142937e4e3158b7ca564c9fc04653b34405ad80e514c9c3dcdd95160769,SOURCED,,N-baseline-PRB-forward_2025
0.907,decimal,ACTIVE,2741,subsection: What the Final Augmented Regularization Paths Show,tab:path_anchor_summary,"Ordinary LightGBM & -- & \textbf{0.904} & \textbf{\$78,484} & \textbf{20.8\%} & \textbf{0.278} & 1.079 & -0.106 & 0.907 ",0da28142937e4e3158b7ca564c9fc04653b34405ad80e514c9c3dcdd95160769,SOURCED,,N-baseline-MKI-forward_2025
28.6,decimal,ACTIVE,2741,subsection: What the Final Augmented Regularization Paths Show,tab:path_anchor_summary,"Ordinary LightGBM & -- & \textbf{0.904} & \textbf{\$78,484} & \textbf{20.8\%} & \textbf{0.278} & 1.079 & -0.106 & 0.907 ",0da28142937e4e3158b7ca564c9fc04653b34405ad80e514c9c3dcdd95160769,SOURCED,,N-baseline-VEI-forward_2025
0.905,decimal,ACTIVE,2745,subsection: What the Final Augmented Regularization Paths Show,tab:path_anchor_summary,\latesttext{Direct} & \latesttext{$\approx0.01$} & \latesttext{\textbf{0.905}\textsuperscript{*}} & \latesttext{\textbf{,7a2b7d2463f1f70208ef2757b6c7d877a43c80c7469e61f318503d94530fa8ce,FLAGGED_UNSUPPORTED,no frozen source,
"78,442",int_ge_1000,ACTIVE,2745,subsection: What the Final Augmented Regularization Paths Show,tab:path_anchor_summary,\latesttext{Direct} & \latesttext{$\approx0.01$} & \latesttext{\textbf{0.905}\textsuperscript{*}} & \latesttext{\textbf{,7a2b7d2463f1f70208ef2757b6c7d877a43c80c7469e61f318503d94530fa8ce,FLAGGED_UNSUPPORTED,no frozen source,
20.7,decimal,ACTIVE,2745,subsection: What the Final Augmented Regularization Paths Show,tab:path_anchor_summary,\latesttext{Direct} & \latesttext{$\approx0.01$} & \latesttext{\textbf{0.905}\textsuperscript{*}} & \latesttext{\textbf{,7a2b7d2463f1f70208ef2757b6c7d877a43c80c7469e61f318503d94530fa8ce,SOURCED,,N-path-MAPEP-direct_rho_0p954095-forward_2025
0.278,decimal,ACTIVE,2745,subsection: What the Final Augmented Regularization Paths Show,tab:path_anchor_summary,\latesttext{Direct} & \latesttext{$\approx0.01$} & \latesttext{\textbf{0.905}\textsuperscript{*}} & \latesttext{\textbf{,7a2b7d2463f1f70208ef2757b6c7d877a43c80c7469e61f318503d94530fa8ce,SOURCED,,N-baseline-RMSElogP-forward_2025
1.078,decimal,ACTIVE,2745,subsection: What the Final Augmented Regularization Paths Show,tab:path_anchor_summary,\latesttext{Direct} & \latesttext{$\approx0.01$} & \latesttext{\textbf{0.905}\textsuperscript{*}} & \latesttext{\textbf{,7a2b7d2463f1f70208ef2757b6c7d877a43c80c7469e61f318503d94530fa8ce,FLAGGED_UNSUPPORTED,no frozen source,
0.105,decimal,ACTIVE,2745,subsection: What the Final Augmented Regularization Paths Show,tab:path_anchor_summary,\latesttext{Direct} & \latesttext{$\approx0.01$} & \latesttext{\textbf{0.905}\textsuperscript{*}} & \latesttext{\textbf{,7a2b7d2463f1f70208ef2757b6c7d877a43c80c7469e61f318503d94530fa8ce,SOURCED,,N-anchor-PRB-Direct-0.0104811313415468-forward_2025
0.909,decimal,ACTIVE,2745,subsection: What the Final Augmented Regularization Paths Show,tab:path_anchor_summary,\latesttext{Direct} & \latesttext{$\approx0.01$} & \latesttext{\textbf{0.905}\textsuperscript{*}} & \latesttext{\textbf{,7a2b7d2463f1f70208ef2757b6c7d877a43c80c7469e61f318503d94530fa8ce,FLAGGED_UNSUPPORTED,no frozen source,
29.8,decimal,ACTIVE,2745,subsection: What the Final Augmented Regularization Paths Show,tab:path_anchor_summary,\latesttext{Direct} & \latesttext{$\approx0.01$} & \latesttext{\textbf{0.905}\textsuperscript{*}} & \latesttext{\textbf{,7a2b7d2463f1f70208ef2757b6c7d877a43c80c7469e61f318503d94530fa8ce,SOURCED,,N-anchor-VEI-Direct-0.0104811313415468-forward_2025
0.906,decimal,ACTIVE,2746,subsection: What the Final Augmented Regularization Paths Show,tab:path_anchor_summary,"Direct & \latesttext{$0.1$} & \textbf{0.906}\textsuperscript{*} & \textbf{\$78,029}\textsuperscript{*} & \latesttext{\te",1c9cb29d27163230611da00379c01370f74e69745104d63be95b073c3848e142,FLAGGED_UNSUPPORTED,no frozen source,
"78,029",int_ge_1000,ACTIVE,2746,subsection: What the Final Augmented Regularization Paths Show,tab:path_anchor_summary,"Direct & \latesttext{$0.1$} & \textbf{0.906}\textsuperscript{*} & \textbf{\$78,029}\textsuperscript{*} & \latesttext{\te",1c9cb29d27163230611da00379c01370f74e69745104d63be95b073c3848e142,FLAGGED_UNSUPPORTED,no frozen source,
20.7,decimal,ACTIVE,2746,subsection: What the Final Augmented Regularization Paths Show,tab:path_anchor_summary,"Direct & \latesttext{$0.1$} & \textbf{0.906}\textsuperscript{*} & \textbf{\$78,029}\textsuperscript{*} & \latesttext{\te",1c9cb29d27163230611da00379c01370f74e69745104d63be95b073c3848e142,SOURCED,,N-path-MAPEP-direct_rho_0p954095-forward_2025
0.278,decimal,ACTIVE,2746,subsection: What the Final Augmented Regularization Paths Show,tab:path_anchor_summary,"Direct & \latesttext{$0.1$} & \textbf{0.906}\textsuperscript{*} & \textbf{\$78,029}\textsuperscript{*} & \latesttext{\te",1c9cb29d27163230611da00379c01370f74e69745104d63be95b073c3848e142,SOURCED,,N-baseline-RMSElogP-forward_2025
1.077,decimal,ACTIVE,2746,subsection: What the Final Augmented Regularization Paths Show,tab:path_anchor_summary,"Direct & \latesttext{$0.1$} & \textbf{0.906}\textsuperscript{*} & \textbf{\$78,029}\textsuperscript{*} & \latesttext{\te",1c9cb29d27163230611da00379c01370f74e69745104d63be95b073c3848e142,FLAGGED_UNSUPPORTED,no frozen source,
0.102,decimal,ACTIVE,2746,subsection: What the Final Augmented Regularization Paths Show,tab:path_anchor_summary,"Direct & \latesttext{$0.1$} & \textbf{0.906}\textsuperscript{*} & \textbf{\$78,029}\textsuperscript{*} & \latesttext{\te",1c9cb29d27163230611da00379c01370f74e69745104d63be95b073c3848e142,SOURCED,,N-anchor-PRB-Direct-0.1-forward_2025
0.910,decimal,ACTIVE,2746,subsection: What the Final Augmented Regularization Paths Show,tab:path_anchor_summary,"Direct & \latesttext{$0.1$} & \textbf{0.906}\textsuperscript{*} & \textbf{\$78,029}\textsuperscript{*} & \latesttext{\te",1c9cb29d27163230611da00379c01370f74e69745104d63be95b073c3848e142,SOURCED,,N-path-R2P-direct_rho_0p954095-forward_2025
27.7,decimal,ACTIVE,2746,subsection: What the Final Augmented Regularization Paths Show,tab:path_anchor_summary,"Direct & \latesttext{$0.1$} & \textbf{0.906}\textsuperscript{*} & \textbf{\$78,029}\textsuperscript{*} & \latesttext{\te",1c9cb29d27163230611da00379c01370f74e69745104d63be95b073c3848e142,SOURCED,,N-anchor-VEI-Direct-0.1-forward_2025
0.910,decimal,ACTIVE,2747,subsection: What the Final Augmented Regularization Paths Show,tab:path_anchor_summary,"Direct & \latesttext{$\approx1$} & \textbf{0.910}\textsuperscript{*} & \textbf{\$77,139}\textsuperscript{*} & \latesttex",1b02a8a48bc9d0daa84d0fadda2497346fa97ec5d921fcdce26003fd7103d1d1,SOURCED,,N-path-R2P-direct_rho_0p954095-forward_2025
"77,139",int_ge_1000,ACTIVE,2747,subsection: What the Final Augmented Regularization Paths Show,tab:path_anchor_summary,"Direct & \latesttext{$\approx1$} & \textbf{0.910}\textsuperscript{*} & \textbf{\$77,139}\textsuperscript{*} & \latesttex",1b02a8a48bc9d0daa84d0fadda2497346fa97ec5d921fcdce26003fd7103d1d1,SOURCED,,N-path-MAEP-direct_rho_0p954095-forward_2025
20.7,decimal,ACTIVE,2747,subsection: What the Final Augmented Regularization Paths Show,tab:path_anchor_summary,"Direct & \latesttext{$\approx1$} & \textbf{0.910}\textsuperscript{*} & \textbf{\$77,139}\textsuperscript{*} & \latesttex",1b02a8a48bc9d0daa84d0fadda2497346fa97ec5d921fcdce26003fd7103d1d1,SOURCED,,N-path-MAPEP-direct_rho_0p954095-forward_2025
0.279,decimal,ACTIVE,2747,subsection: What the Final Augmented Regularization Paths Show,tab:path_anchor_summary,"Direct & \latesttext{$\approx1$} & \textbf{0.910}\textsuperscript{*} & \textbf{\$77,139}\textsuperscript{*} & \latesttex",1b02a8a48bc9d0daa84d0fadda2497346fa97ec5d921fcdce26003fd7103d1d1,SOURCED,,N-path-RMSElogP-direct_rho_0p954095-forward_2025
1.069,decimal,ACTIVE,2747,subsection: What the Final Augmented Regularization Paths Show,tab:path_anchor_summary,"Direct & \latesttext{$\approx1$} & \textbf{0.910}\textsuperscript{*} & \textbf{\$77,139}\textsuperscript{*} & \latesttex",1b02a8a48bc9d0daa84d0fadda2497346fa97ec5d921fcdce26003fd7103d1d1,SOURCED,,N-baseline-PRD-heldout;N-path-PRD-direct_rho_0p954095-forward_2025
0.090,decimal,ACTIVE,2747,subsection: What the Final Augmented Regularization Paths Show,tab:path_anchor_summary,"Direct & \latesttext{$\approx1$} & \textbf{0.910}\textsuperscript{*} & \textbf{\$77,139}\textsuperscript{*} & \latesttex",1b02a8a48bc9d0daa84d0fadda2497346fa97ec5d921fcdce26003fd7103d1d1,SOURCED,,N-anchor-PRB-Direct-0.954095476349994-forward_2025
0.926,decimal,ACTIVE,2747,subsection: What the Final Augmented Regularization Paths Show,tab:path_anchor_summary,"Direct & \latesttext{$\approx1$} & \textbf{0.910}\textsuperscript{*} & \textbf{\$77,139}\textsuperscript{*} & \latesttex",1b02a8a48bc9d0daa84d0fadda2497346fa97ec5d921fcdce26003fd7103d1d1,SOURCED,,N-path-MKI-direct_rho_0p954095-forward_2025
23.9,decimal,ACTIVE,2747,subsection: What the Final Augmented Regularization Paths Show,tab:path_anchor_summary,"Direct & \latesttext{$\approx1$} & \textbf{0.910}\textsuperscript{*} & \textbf{\$77,139}\textsuperscript{*} & \latesttex",1b02a8a48bc9d0daa84d0fadda2497346fa97ec5d921fcdce26003fd7103d1d1,SOURCED,,N-anchor-VEI-Direct-0.954095476349994-forward_2025;N-path-MAPEP-direct_rho100-heldout
0.902,decimal,ACTIVE,2748,subsection: What the Final Augmented Regularization Paths Show,tab:path_anchor_summary,"Direct & \latesttext{$\approx10$} & 0.902 & \$79,187 & \latesttext{20.9\%} & \latesttext{0.281} & \textbf{1.042}\textsup",62ddd3d82e811ced4eccddcc5c34a498daf066035f7aca3d084a0bbf3f3886ac,FLAGGED_UNSUPPORTED,no frozen source,
"79,187",int_ge_1000,ACTIVE,2748,subsection: What the Final Augmented Regularization Paths Show,tab:path_anchor_summary,"Direct & \latesttext{$\approx10$} & 0.902 & \$79,187 & \latesttext{20.9\%} & \latesttext{0.281} & \textbf{1.042}\textsup",62ddd3d82e811ced4eccddcc5c34a498daf066035f7aca3d084a0bbf3f3886ac,FLAGGED_UNSUPPORTED,no frozen source,
20.9,decimal,ACTIVE,2748,subsection: What the Final Augmented Regularization Paths Show,tab:path_anchor_summary,"Direct & \latesttext{$\approx10$} & 0.902 & \$79,187 & \latesttext{20.9\%} & \latesttext{0.281} & \textbf{1.042}\textsup",62ddd3d82e811ced4eccddcc5c34a498daf066035f7aca3d084a0bbf3f3886ac,FLAGGED_UNSUPPORTED,no frozen source,
0.281,decimal,ACTIVE,2748,subsection: What the Final Augmented Regularization Paths Show,tab:path_anchor_summary,"Direct & \latesttext{$\approx10$} & 0.902 & \$79,187 & \latesttext{20.9\%} & \latesttext{0.281} & \textbf{1.042}\textsup",62ddd3d82e811ced4eccddcc5c34a498daf066035f7aca3d084a0bbf3f3886ac,FLAGGED_UNSUPPORTED,no frozen source,
1.042,decimal,ACTIVE,2748,subsection: What the Final Augmented Regularization Paths Show,tab:path_anchor_summary,"Direct & \latesttext{$\approx10$} & 0.902 & \$79,187 & \latesttext{20.9\%} & \latesttext{0.281} & \textbf{1.042}\textsup",62ddd3d82e811ced4eccddcc5c34a498daf066035f7aca3d084a0bbf3f3886ac,FLAGGED_UNSUPPORTED,no frozen source,
0.049,decimal,ACTIVE,2748,subsection: What the Final Augmented Regularization Paths Show,tab:path_anchor_summary,"Direct & \latesttext{$\approx10$} & 0.902 & \$79,187 & \latesttext{20.9\%} & \latesttext{0.281} & \textbf{1.042}\textsup",62ddd3d82e811ced4eccddcc5c34a498daf066035f7aca3d084a0bbf3f3886ac,SOURCED,,N-anchor-PRB-Direct-10.481131341546853-forward_2025
0.971,decimal,ACTIVE,2748,subsection: What the Final Augmented Regularization Paths Show,tab:path_anchor_summary,"Direct & \latesttext{$\approx10$} & 0.902 & \$79,187 & \latesttext{20.9\%} & \latesttext{0.281} & \textbf{1.042}\textsup",62ddd3d82e811ced4eccddcc5c34a498daf066035f7aca3d084a0bbf3f3886ac,FLAGGED_UNSUPPORTED,no frozen source,
11.9,decimal,ACTIVE,2748,subsection: What the Final Augmented Regularization Paths Show,tab:path_anchor_summary,"Direct & \latesttext{$\approx10$} & 0.902 & \$79,187 & \latesttext{20.9\%} & \latesttext{0.281} & \textbf{1.042}\textsup",62ddd3d82e811ced4eccddcc5c34a498daf066035f7aca3d084a0bbf3f3886ac,SOURCED,,N-anchor-VEI-Direct-10.481131341546853-forward_2025
100,int_mid,ACTIVE,2749,subsection: What the Final Augmented Regularization Paths Show,tab:path_anchor_summary,"Direct & 100 & 0.873 & \$89,309 & \latesttext{23.1\%} & \latesttext{0.307} & \textbf{1.036}\textsuperscript{*} & \textbf",b539ae53b630534254fa868553c4b6918f1201f648654f49d24b62e99b431047,ALLOWLISTED,DESIGN_CONSTANT,
0.873,decimal,ACTIVE,2749,subsection: What the Final Augmented Regularization Paths Show,tab:path_anchor_summary,"Direct & 100 & 0.873 & \$89,309 & \latesttext{23.1\%} & \latesttext{0.307} & \textbf{1.036}\textsuperscript{*} & \textbf",b539ae53b630534254fa868553c4b6918f1201f648654f49d24b62e99b431047,SOURCED,,N-path-R2P-direct_rho100-forward_2025
"89,309",int_ge_1000,ACTIVE,2749,subsection: What the Final Augmented Regularization Paths Show,tab:path_anchor_summary,"Direct & 100 & 0.873 & \$89,309 & \latesttext{23.1\%} & \latesttext{0.307} & \textbf{1.036}\textsuperscript{*} & \textbf",b539ae53b630534254fa868553c4b6918f1201f648654f49d24b62e99b431047,SOURCED,,N-path-MAEP-direct_rho100-forward_2025
23.1,decimal,ACTIVE,2749,subsection: What the Final Augmented Regularization Paths Show,tab:path_anchor_summary,"Direct & 100 & 0.873 & \$89,309 & \latesttext{23.1\%} & \latesttext{0.307} & \textbf{1.036}\textsuperscript{*} & \textbf",b539ae53b630534254fa868553c4b6918f1201f648654f49d24b62e99b431047,SOURCED,,N-path-MAPEP-direct_rho100-forward_2025
0.307,decimal,ACTIVE,2749,subsection: What the Final Augmented Regularization Paths Show,tab:path_anchor_summary,"Direct & 100 & 0.873 & \$89,309 & \latesttext{23.1\%} & \latesttext{0.307} & \textbf{1.036}\textsuperscript{*} & \textbf",b539ae53b630534254fa868553c4b6918f1201f648654f49d24b62e99b431047,SOURCED,,N-path-RMSElogP-direct_rho100-forward_2025
1.036,decimal,ACTIVE,2749,subsection: What the Final Augmented Regularization Paths Show,tab:path_anchor_summary,"Direct & 100 & 0.873 & \$89,309 & \latesttext{23.1\%} & \latesttext{0.307} & \textbf{1.036}\textsuperscript{*} & \textbf",b539ae53b630534254fa868553c4b6918f1201f648654f49d24b62e99b431047,SOURCED,,N-path-PRD-direct_rho100-forward_2025
0.029,decimal,ACTIVE,2749,subsection: What the Final Augmented Regularization Paths Show,tab:path_anchor_summary,"Direct & 100 & 0.873 & \$89,309 & \latesttext{23.1\%} & \latesttext{0.307} & \textbf{1.036}\textsuperscript{*} & \textbf",b539ae53b630534254fa868553c4b6918f1201f648654f49d24b62e99b431047,SOURCED,,N-anchor-PRB-Direct-100.0-forward_2025
0.983,decimal,ACTIVE,2749,subsection: What the Final Augmented Regularization Paths Show,tab:path_anchor_summary,"Direct & 100 & 0.873 & \$89,309 & \latesttext{23.1\%} & \latesttext{0.307} & \textbf{1.036}\textsuperscript{*} & \textbf",b539ae53b630534254fa868553c4b6918f1201f648654f49d24b62e99b431047,SOURCED,,N-path-MKI-direct_rho100-forward_2025
4.5,decimal,ACTIVE,2749,subsection: What the Final Augmented Regularization Paths Show,tab:path_anchor_summary,"Direct & 100 & 0.873 & \$89,309 & \latesttext{23.1\%} & \latesttext{0.307} & \textbf{1.036}\textsuperscript{*} & \textbf",b539ae53b630534254fa868553c4b6918f1201f648654f49d24b62e99b431047,SOURCED,,N-anchor-VEI-Direct-100.0-forward_2025
0.904,decimal,ACTIVE,2753,subsection: What the Final Augmented Regularization Paths Show,tab:path_anchor_summary,"\latesttext{Surrogate} & \latesttext{$\approx0.01$} & \latesttext{0.904} & \latesttext{\$78,620} & \latesttext{\textbf{2",fee0aa436fb9985975f0f25860f9855ec0c218b4a689d28725ba1f4f312d4b78,SOURCED,,N-baseline-R2P-forward_2025
"78,620",int_ge_1000,ACTIVE,2753,subsection: What the Final Augmented Regularization Paths Show,tab:path_anchor_summary,"\latesttext{Surrogate} & \latesttext{$\approx0.01$} & \latesttext{0.904} & \latesttext{\$78,620} & \latesttext{\textbf{2",fee0aa436fb9985975f0f25860f9855ec0c218b4a689d28725ba1f4f312d4b78,FLAGGED_UNSUPPORTED,no frozen source,
20.7,decimal,ACTIVE,2753,subsection: What the Final Augmented Regularization Paths Show,tab:path_anchor_summary,"\latesttext{Surrogate} & \latesttext{$\approx0.01$} & \latesttext{0.904} & \latesttext{\$78,620} & \latesttext{\textbf{2",fee0aa436fb9985975f0f25860f9855ec0c218b4a689d28725ba1f4f312d4b78,SOURCED,,N-path-MAPEP-direct_rho_0p954095-forward_2025
0.279,decimal,ACTIVE,2753,subsection: What the Final Augmented Regularization Paths Show,tab:path_anchor_summary,"\latesttext{Surrogate} & \latesttext{$\approx0.01$} & \latesttext{0.904} & \latesttext{\$78,620} & \latesttext{\textbf{2",fee0aa436fb9985975f0f25860f9855ec0c218b4a689d28725ba1f4f312d4b78,SOURCED,,N-path-RMSElogP-direct_rho_0p954095-forward_2025
1.077,decimal,ACTIVE,2753,subsection: What the Final Augmented Regularization Paths Show,tab:path_anchor_summary,"\latesttext{Surrogate} & \latesttext{$\approx0.01$} & \latesttext{0.904} & \latesttext{\$78,620} & \latesttext{\textbf{2",fee0aa436fb9985975f0f25860f9855ec0c218b4a689d28725ba1f4f312d4b78,FLAGGED_UNSUPPORTED,no frozen source,
0.101,decimal,ACTIVE,2753,subsection: What the Final Augmented Regularization Paths Show,tab:path_anchor_summary,"\latesttext{Surrogate} & \latesttext{$\approx0.01$} & \latesttext{0.904} & \latesttext{\$78,620} & \latesttext{\textbf{2",fee0aa436fb9985975f0f25860f9855ec0c218b4a689d28725ba1f4f312d4b78,SOURCED,,N-anchor-PRB-Surrogate-0.0104811313415468-forward_2025
0.910,decimal,ACTIVE,2753,subsection: What the Final Augmented Regularization Paths Show,tab:path_anchor_summary,"\latesttext{Surrogate} & \latesttext{$\approx0.01$} & \latesttext{0.904} & \latesttext{\$78,620} & \latesttext{\textbf{2",fee0aa436fb9985975f0f25860f9855ec0c218b4a689d28725ba1f4f312d4b78,SOURCED,,N-path-R2P-direct_rho_0p954095-forward_2025
27.4,decimal,ACTIVE,2753,subsection: What the Final Augmented Regularization Paths Show,tab:path_anchor_summary,"\latesttext{Surrogate} & \latesttext{$\approx0.01$} & \latesttext{0.904} & \latesttext{\$78,620} & \latesttext{\textbf{2",fee0aa436fb9985975f0f25860f9855ec0c218b4a689d28725ba1f4f312d4b78,SOURCED,,N-anchor-VEI-Surrogate-0.0104811313415468-forward_2025
0.905,decimal,ACTIVE,2754,subsection: What the Final Augmented Regularization Paths Show,tab:path_anchor_summary,"Surrogate & \latesttext{$0.1$} & \textbf{0.905}\textsuperscript{*} & \$78,546 & \latesttext{\textbf{20.6\%}\textsuperscr",1ac55ee101f05a36454f42e41311f2e499b1cdf885e9ed6ca99dff3054862627,FLAGGED_UNSUPPORTED,no frozen source,
"78,546",int_ge_1000,ACTIVE,2754,subsection: What the Final Augmented Regularization Paths Show,tab:path_anchor_summary,"Surrogate & \latesttext{$0.1$} & \textbf{0.905}\textsuperscript{*} & \$78,546 & \latesttext{\textbf{20.6\%}\textsuperscr",1ac55ee101f05a36454f42e41311f2e499b1cdf885e9ed6ca99dff3054862627,FLAGGED_UNSUPPORTED,no frozen source,
20.6,decimal,ACTIVE,2754,subsection: What the Final Augmented Regularization Paths Show,tab:path_anchor_summary,"Surrogate & \latesttext{$0.1$} & \textbf{0.905}\textsuperscript{*} & \$78,546 & \latesttext{\textbf{20.6\%}\textsuperscr",1ac55ee101f05a36454f42e41311f2e499b1cdf885e9ed6ca99dff3054862627,FLAGGED_UNSUPPORTED,no frozen source,
0.279,decimal,ACTIVE,2754,subsection: What the Final Augmented Regularization Paths Show,tab:path_anchor_summary,"Surrogate & \latesttext{$0.1$} & \textbf{0.905}\textsuperscript{*} & \$78,546 & \latesttext{\textbf{20.6\%}\textsuperscr",1ac55ee101f05a36454f42e41311f2e499b1cdf885e9ed6ca99dff3054862627,SOURCED,,N-path-RMSElogP-direct_rho_0p954095-forward_2025
1.074,decimal,ACTIVE,2754,subsection: What the Final Augmented Regularization Paths Show,tab:path_anchor_summary,"Surrogate & \latesttext{$0.1$} & \textbf{0.905}\textsuperscript{*} & \$78,546 & \latesttext{\textbf{20.6\%}\textsuperscr",1ac55ee101f05a36454f42e41311f2e499b1cdf885e9ed6ca99dff3054862627,FLAGGED_UNSUPPORTED,no frozen source,
0.095,decimal,ACTIVE,2754,subsection: What the Final Augmented Regularization Paths Show,tab:path_anchor_summary,"Surrogate & \latesttext{$0.1$} & \textbf{0.905}\textsuperscript{*} & \$78,546 & \latesttext{\textbf{20.6\%}\textsuperscr",1ac55ee101f05a36454f42e41311f2e499b1cdf885e9ed6ca99dff3054862627,SOURCED,,N-anchor-PRB-Surrogate-0.1-forward_2025
0.914,decimal,ACTIVE,2754,subsection: What the Final Augmented Regularization Paths Show,tab:path_anchor_summary,"Surrogate & \latesttext{$0.1$} & \textbf{0.905}\textsuperscript{*} & \$78,546 & \latesttext{\textbf{20.6\%}\textsuperscr",1ac55ee101f05a36454f42e41311f2e499b1cdf885e9ed6ca99dff3054862627,FLAGGED_UNSUPPORTED,no frozen source,
24.7,decimal,ACTIVE,2754,subsection: What the Final Augmented Regularization Paths Show,tab:path_anchor_summary,"Surrogate & \latesttext{$0.1$} & \textbf{0.905}\textsuperscript{*} & \$78,546 & \latesttext{\textbf{20.6\%}\textsuperscr",1ac55ee101f05a36454f42e41311f2e499b1cdf885e9ed6ca99dff3054862627,SOURCED,,N-anchor-VEI-Surrogate-0.1-forward_2025
0.908,decimal,ACTIVE,2755,subsection: What the Final Augmented Regularization Paths Show,tab:path_anchor_summary,"Surrogate & \latesttext{$\approx1$} & \textbf{0.908}\textsuperscript{*} & \textbf{\$78,196}\textsuperscript{*} & \latest",83354210d1b17df63f21def964a98a48db13aad36a411b2fbfb87011ce4da38e,SOURCED,,N-path-R2P-surrogate_rho_0p954095-forward_2025
"78,196",int_ge_1000,ACTIVE,2755,subsection: What the Final Augmented Regularization Paths Show,tab:path_anchor_summary,"Surrogate & \latesttext{$\approx1$} & \textbf{0.908}\textsuperscript{*} & \textbf{\$78,196}\textsuperscript{*} & \latest",83354210d1b17df63f21def964a98a48db13aad36a411b2fbfb87011ce4da38e,SOURCED,,N-path-MAEP-surrogate_rho_0p954095-forward_2025
20.4,decimal,ACTIVE,2755,subsection: What the Final Augmented Regularization Paths Show,tab:path_anchor_summary,"Surrogate & \latesttext{$\approx1$} & \textbf{0.908}\textsuperscript{*} & \textbf{\$78,196}\textsuperscript{*} & \latest",83354210d1b17df63f21def964a98a48db13aad36a411b2fbfb87011ce4da38e,SOURCED,,N-path-MAPEP-surrogate_rho_0p954095-forward_2025
0.284,decimal,ACTIVE,2755,subsection: What the Final Augmented Regularization Paths Show,tab:path_anchor_summary,"Surrogate & \latesttext{$\approx1$} & \textbf{0.908}\textsuperscript{*} & \textbf{\$78,196}\textsuperscript{*} & \latest",83354210d1b17df63f21def964a98a48db13aad36a411b2fbfb87011ce4da38e,SOURCED,,N-path-RMSElogP-surrogate_rho_0p954095-forward_2025
1.060,decimal,ACTIVE,2755,subsection: What the Final Augmented Regularization Paths Show,tab:path_anchor_summary,"Surrogate & \latesttext{$\approx1$} & \textbf{0.908}\textsuperscript{*} & \textbf{\$78,196}\textsuperscript{*} & \latest",83354210d1b17df63f21def964a98a48db13aad36a411b2fbfb87011ce4da38e,SOURCED,,N-path-PRD-direct_rho_0p954095-heldout;N-path-PRD-surrogate_rho_0p954095-forward_2025
0.062,decimal,ACTIVE,2755,subsection: What the Final Augmented Regularization Paths Show,tab:path_anchor_summary,"Surrogate & \latesttext{$\approx1$} & \textbf{0.908}\textsuperscript{*} & \textbf{\$78,196}\textsuperscript{*} & \latest",83354210d1b17df63f21def964a98a48db13aad36a411b2fbfb87011ce4da38e,SOURCED,,N-anchor-PRB-Surrogate-0.954095476349994-forward_2025
0.932,decimal,ACTIVE,2755,subsection: What the Final Augmented Regularization Paths Show,tab:path_anchor_summary,"Surrogate & \latesttext{$\approx1$} & \textbf{0.908}\textsuperscript{*} & \textbf{\$78,196}\textsuperscript{*} & \latest",83354210d1b17df63f21def964a98a48db13aad36a411b2fbfb87011ce4da38e,SOURCED,,N-path-MKI-surrogate_rho_0p954095-forward_2025
15.3,decimal,ACTIVE,2755,subsection: What the Final Augmented Regularization Paths Show,tab:path_anchor_summary,"Surrogate & \latesttext{$\approx1$} & \textbf{0.908}\textsuperscript{*} & \textbf{\$78,196}\textsuperscript{*} & \latest",83354210d1b17df63f21def964a98a48db13aad36a411b2fbfb87011ce4da38e,SOURCED,,N-anchor-VEI-Surrogate-0.954095476349994-forward_2025
0.905,decimal,ACTIVE,2756,subsection: What the Final Augmented Regularization Paths Show,tab:path_anchor_summary,"Surrogate & \latesttext{$\approx10$} & \textbf{0.905}\textsuperscript{*} & \$81,075 & \latesttext{20.9\%} & \latesttext{",4c9eec6beb0e5f82b1940b1914ed5635d2360300f904da87331049dd9701526e,FLAGGED_UNSUPPORTED,no frozen source,
"81,075",int_ge_1000,ACTIVE,2756,subsection: What the Final Augmented Regularization Paths Show,tab:path_anchor_summary,"Surrogate & \latesttext{$\approx10$} & \textbf{0.905}\textsuperscript{*} & \$81,075 & \latesttext{20.9\%} & \latesttext{",4c9eec6beb0e5f82b1940b1914ed5635d2360300f904da87331049dd9701526e,FLAGGED_UNSUPPORTED,no frozen source,
20.9,decimal,ACTIVE,2756,subsection: What the Final Augmented Regularization Paths Show,tab:path_anchor_summary,"Surrogate & \latesttext{$\approx10$} & \textbf{0.905}\textsuperscript{*} & \$81,075 & \latesttext{20.9\%} & \latesttext{",4c9eec6beb0e5f82b1940b1914ed5635d2360300f904da87331049dd9701526e,FLAGGED_UNSUPPORTED,no frozen source,
0.310,decimal,ACTIVE,2756,subsection: What the Final Augmented Regularization Paths Show,tab:path_anchor_summary,"Surrogate & \latesttext{$\approx10$} & \textbf{0.905}\textsuperscript{*} & \$81,075 & \latesttext{20.9\%} & \latesttext{",4c9eec6beb0e5f82b1940b1914ed5635d2360300f904da87331049dd9701526e,FLAGGED_UNSUPPORTED,no frozen source,
1.033,decimal,ACTIVE,2756,subsection: What the Final Augmented Regularization Paths Show,tab:path_anchor_summary,"Surrogate & \latesttext{$\approx10$} & \textbf{0.905}\textsuperscript{*} & \$81,075 & \latesttext{20.9\%} & \latesttext{",4c9eec6beb0e5f82b1940b1914ed5635d2360300f904da87331049dd9701526e,FLAGGED_UNSUPPORTED,no frozen source,
0.000,decimal,ACTIVE,2756,subsection: What the Final Augmented Regularization Paths Show,tab:path_anchor_summary,"Surrogate & \latesttext{$\approx10$} & \textbf{0.905}\textsuperscript{*} & \$81,075 & \latesttext{20.9\%} & \latesttext{",4c9eec6beb0e5f82b1940b1914ed5635d2360300f904da87331049dd9701526e,SOURCED,,N-anchor-PRB-Surrogate-10.481131341546853-forward_2025
0.967,decimal,ACTIVE,2756,subsection: What the Final Augmented Regularization Paths Show,tab:path_anchor_summary,"Surrogate & \latesttext{$\approx10$} & \textbf{0.905}\textsuperscript{*} & \$81,075 & \latesttext{20.9\%} & \latesttext{",4c9eec6beb0e5f82b1940b1914ed5635d2360300f904da87331049dd9701526e,FLAGGED_UNSUPPORTED,no frozen source,
2.0,decimal,ACTIVE,2756,subsection: What the Final Augmented Regularization Paths Show,tab:path_anchor_summary,"Surrogate & \latesttext{$\approx10$} & \textbf{0.905}\textsuperscript{*} & \$81,075 & \latesttext{20.9\%} & \latesttext{",4c9eec6beb0e5f82b1940b1914ed5635d2360300f904da87331049dd9701526e,SOURCED,,N-anchor-VEI-Surrogate-10.481131341546853-forward_2025
100,int_mid,ACTIVE,2757,subsection: What the Final Augmented Regularization Paths Show,tab:path_anchor_summary,"Surrogate & 100 & 0.900 & \$85,257 & \latesttext{22.0\%} & \latesttext{0.336} & \textbf{1.020}\textsuperscript{*} & \tex",b1d969be249340a677ff5c7e9487e61a69375822eaf81b45b91941f22793a1d1,ALLOWLISTED,DESIGN_CONSTANT,
0.900,decimal,ACTIVE,2757,subsection: What the Final Augmented Regularization Paths Show,tab:path_anchor_summary,"Surrogate & 100 & 0.900 & \$85,257 & \latesttext{22.0\%} & \latesttext{0.336} & \textbf{1.020}\textsuperscript{*} & \tex",b1d969be249340a677ff5c7e9487e61a69375822eaf81b45b91941f22793a1d1,SOURCED,,N-path-R2P-surrogate_rho100-forward_2025
"85,257",int_ge_1000,ACTIVE,2757,subsection: What the Final Augmented Regularization Paths Show,tab:path_anchor_summary,"Surrogate & 100 & 0.900 & \$85,257 & \latesttext{22.0\%} & \latesttext{0.336} & \textbf{1.020}\textsuperscript{*} & \tex",b1d969be249340a677ff5c7e9487e61a69375822eaf81b45b91941f22793a1d1,SOURCED,,N-path-MAEP-surrogate_rho100-forward_2025
22.0,decimal,ACTIVE,2757,subsection: What the Final Augmented Regularization Paths Show,tab:path_anchor_summary,"Surrogate & 100 & 0.900 & \$85,257 & \latesttext{22.0\%} & \latesttext{0.336} & \textbf{1.020}\textsuperscript{*} & \tex",b1d969be249340a677ff5c7e9487e61a69375822eaf81b45b91941f22793a1d1,SOURCED,,N-path-MAPEP-surrogate_rho100-forward_2025
0.336,decimal,ACTIVE,2757,subsection: What the Final Augmented Regularization Paths Show,tab:path_anchor_summary,"Surrogate & 100 & 0.900 & \$85,257 & \latesttext{22.0\%} & \latesttext{0.336} & \textbf{1.020}\textsuperscript{*} & \tex",b1d969be249340a677ff5c7e9487e61a69375822eaf81b45b91941f22793a1d1,SOURCED,,N-path-RMSElogP-surrogate_rho100-forward_2025
1.020,decimal,ACTIVE,2757,subsection: What the Final Augmented Regularization Paths Show,tab:path_anchor_summary,"Surrogate & 100 & 0.900 & \$85,257 & \latesttext{22.0\%} & \latesttext{0.336} & \textbf{1.020}\textsuperscript{*} & \tex",b1d969be249340a677ff5c7e9487e61a69375822eaf81b45b91941f22793a1d1,SOURCED,,N-path-PRD-surrogate_rho100-forward_2025
0.030,decimal,ACTIVE,2757,subsection: What the Final Augmented Regularization Paths Show,tab:path_anchor_summary,"Surrogate & 100 & 0.900 & \$85,257 & \latesttext{22.0\%} & \latesttext{0.336} & \textbf{1.020}\textsuperscript{*} & \tex",b1d969be249340a677ff5c7e9487e61a69375822eaf81b45b91941f22793a1d1,SOURCED,,N-anchor-PRB-Surrogate-100.0-forward_2025
0.987,decimal,ACTIVE,2757,subsection: What the Final Augmented Regularization Paths Show,tab:path_anchor_summary,"Surrogate & 100 & 0.900 & \$85,257 & \latesttext{22.0\%} & \latesttext{0.336} & \textbf{1.020}\textsuperscript{*} & \tex",b1d969be249340a677ff5c7e9487e61a69375822eaf81b45b91941f22793a1d1,SOURCED,,N-path-MKI-surrogate_rho100-forward_2025
1.7,decimal,ACTIVE,2757,subsection: What the Final Augmented Regularization Paths Show,tab:path_anchor_summary,"Surrogate & 100 & 0.900 & \$85,257 & \latesttext{22.0\%} & \latesttext{0.336} & \textbf{1.020}\textsuperscript{*} & \tex",b1d969be249340a677ff5c7e9487e61a69375822eaf81b45b91941f22793a1d1,SOURCED,,N-anchor-VEI-Surrogate-100.0-forward_2025
2013,year_like,ACTIVE,2765,subsection: What the Final Augmented Regularization Paths Show,tab:path_anchor_summary,\latesttext{Formatting comparisons are evaluated using the unrounded canonical values; entries that appear tied at the d,5d463f54226170e20bf506b3135b54cdfcfa39d2c0c94180174f8863c16f86e6,ALLOWLISTED,CITATION_OR_YEAR,
0,int_small,COMMENTED,2770,subsection: What the Final Augmented Regularization Paths Show,tab:path_anchor_summary,"% \oldtext{Given the current implementation audit, within-family path changes are read relative to the custom-objective ",8a9b81158fbd876f326f5468e2432111df331a59db370ba38031222e77f6c8d1,NOT_RENDERED,COMMENTED,
0.954,decimal,COMMENTED,2770,subsection: What the Final Augmented Regularization Paths Show,tab:path_anchor_summary,"% \oldtext{Given the current implementation audit, within-family path changes are read relative to the custom-objective ",8a9b81158fbd876f326f5468e2432111df331a59db370ba38031222e77f6c8d1,NOT_RENDERED,COMMENTED,
2,int_small,COMMENTED,2770,subsection: What the Final Augmented Regularization Paths Show,tab:path_anchor_summary,"% \oldtext{Given the current implementation audit, within-family path changes are read relative to the custom-objective ",8a9b81158fbd876f326f5468e2432111df331a59db370ba38031222e77f6c8d1,NOT_RENDERED,COMMENTED,
0.893,decimal,COMMENTED,2770,subsection: What the Final Augmented Regularization Paths Show,tab:path_anchor_summary,"% \oldtext{Given the current implementation audit, within-family path changes are read relative to the custom-objective ",8a9b81158fbd876f326f5468e2432111df331a59db370ba38031222e77f6c8d1,NOT_RENDERED,COMMENTED,
0.899,decimal,COMMENTED,2770,subsection: What the Final Augmented Regularization Paths Show,tab:path_anchor_summary,"% \oldtext{Given the current implementation audit, within-family path changes are read relative to the custom-objective ",8a9b81158fbd876f326f5468e2432111df331a59db370ba38031222e77f6c8d1,NOT_RENDERED,COMMENTED,
"75,976",int_ge_1000,COMMENTED,2770,subsection: What the Final Augmented Regularization Paths Show,tab:path_anchor_summary,"% \oldtext{Given the current implementation audit, within-family path changes are read relative to the custom-objective ",8a9b81158fbd876f326f5468e2432111df331a59db370ba38031222e77f6c8d1,NOT_RENDERED,COMMENTED,
"74,485",int_ge_1000,COMMENTED,2770,subsection: What the Final Augmented Regularization Paths Show,tab:path_anchor_summary,"% \oldtext{Given the current implementation audit, within-family path changes are read relative to the custom-objective ",8a9b81158fbd876f326f5468e2432111df331a59db370ba38031222e77f6c8d1,NOT_RENDERED,COMMENTED,
2025,year_like,COMMENTED,2770,subsection: What the Final Augmented Regularization Paths Show,tab:path_anchor_summary,"% \oldtext{Given the current implementation audit, within-family path changes are read relative to the custom-objective ",8a9b81158fbd876f326f5468e2432111df331a59db370ba38031222e77f6c8d1,NOT_RENDERED,COMMENTED,
2,int_small,COMMENTED,2770,subsection: What the Final Augmented Regularization Paths Show,tab:path_anchor_summary,"% \oldtext{Given the current implementation audit, within-family path changes are read relative to the custom-objective ",8a9b81158fbd876f326f5468e2432111df331a59db370ba38031222e77f6c8d1,NOT_RENDERED,COMMENTED,
0.904,decimal,COMMENTED,2770,subsection: What the Final Augmented Regularization Paths Show,tab:path_anchor_summary,"% \oldtext{Given the current implementation audit, within-family path changes are read relative to the custom-objective ",8a9b81158fbd876f326f5468e2432111df331a59db370ba38031222e77f6c8d1,NOT_RENDERED,COMMENTED,
0.910,decimal,COMMENTED,2770,subsection: What the Final Augmented Regularization Paths Show,tab:path_anchor_summary,"% \oldtext{Given the current implementation audit, within-family path changes are read relative to the custom-objective ",8a9b81158fbd876f326f5468e2432111df331a59db370ba38031222e77f6c8d1,NOT_RENDERED,COMMENTED,
"79,139",int_ge_1000,COMMENTED,2770,subsection: What the Final Augmented Regularization Paths Show,tab:path_anchor_summary,"% \oldtext{Given the current implementation audit, within-family path changes are read relative to the custom-objective ",8a9b81158fbd876f326f5468e2432111df331a59db370ba38031222e77f6c8d1,NOT_RENDERED,COMMENTED,
"77,139",int_ge_1000,COMMENTED,2770,subsection: What the Final Augmented Regularization Paths Show,tab:path_anchor_summary,"% \oldtext{Given the current implementation audit, within-family path changes are read relative to the custom-objective ",8a9b81158fbd876f326f5468e2432111df331a59db370ba38031222e77f6c8d1,NOT_RENDERED,COMMENTED,
0.954,decimal,COMMENTED,2771,subsection: What the Final Augmented Regularization Paths Show,tab:path_anchor_summary,"% \oldtext{At the prespecified anchor near $\rho=0.954$, the Direct path has held-out $R^2_P=0.899$ and MAE of \$74,485,",1381d256da17718f8ddf5ac745f1caf5c555070d81b5ae6ced609515bab1563c,NOT_RENDERED,COMMENTED,
2,int_small,COMMENTED,2771,subsection: What the Final Augmented Regularization Paths Show,tab:path_anchor_summary,"% \oldtext{At the prespecified anchor near $\rho=0.954$, the Direct path has held-out $R^2_P=0.899$ and MAE of \$74,485,",1381d256da17718f8ddf5ac745f1caf5c555070d81b5ae6ced609515bab1563c,NOT_RENDERED,COMMENTED,
0.899,decimal,COMMENTED,2771,subsection: What the Final Augmented Regularization Paths Show,tab:path_anchor_summary,"% \oldtext{At the prespecified anchor near $\rho=0.954$, the Direct path has held-out $R^2_P=0.899$ and MAE of \$74,485,",1381d256da17718f8ddf5ac745f1caf5c555070d81b5ae6ced609515bab1563c,NOT_RENDERED,COMMENTED,
"74,485",int_ge_1000,COMMENTED,2771,subsection: What the Final Augmented Regularization Paths Show,tab:path_anchor_summary,"% \oldtext{At the prespecified anchor near $\rho=0.954$, the Direct path has held-out $R^2_P=0.899$ and MAE of \$74,485,",1381d256da17718f8ddf5ac745f1caf5c555070d81b5ae6ced609515bab1563c,NOT_RENDERED,COMMENTED,
0.894,decimal,COMMENTED,2771,subsection: What the Final Augmented Regularization Paths Show,tab:path_anchor_summary,"% \oldtext{At the prespecified anchor near $\rho=0.954$, the Direct path has held-out $R^2_P=0.899$ and MAE of \$74,485,",1381d256da17718f8ddf5ac745f1caf5c555070d81b5ae6ced609515bab1563c,NOT_RENDERED,COMMENTED,
"75,655",int_ge_1000,COMMENTED,2771,subsection: What the Final Augmented Regularization Paths Show,tab:path_anchor_summary,"% \oldtext{At the prespecified anchor near $\rho=0.954$, the Direct path has held-out $R^2_P=0.899$ and MAE of \$74,485,",1381d256da17718f8ddf5ac745f1caf5c555070d81b5ae6ced609515bab1563c,NOT_RENDERED,COMMENTED,
2025,year_like,COMMENTED,2771,subsection: What the Final Augmented Regularization Paths Show,tab:path_anchor_summary,"% \oldtext{At the prespecified anchor near $\rho=0.954$, the Direct path has held-out $R^2_P=0.899$ and MAE of \$74,485,",1381d256da17718f8ddf5ac745f1caf5c555070d81b5ae6ced609515bab1563c,NOT_RENDERED,COMMENTED,
2,int_small,COMMENTED,2771,subsection: What the Final Augmented Regularization Paths Show,tab:path_anchor_summary,"% \oldtext{At the prespecified anchor near $\rho=0.954$, the Direct path has held-out $R^2_P=0.899$ and MAE of \$74,485,",1381d256da17718f8ddf5ac745f1caf5c555070d81b5ae6ced609515bab1563c,NOT_RENDERED,COMMENTED,
0.910,decimal,COMMENTED,2771,subsection: What the Final Augmented Regularization Paths Show,tab:path_anchor_summary,"% \oldtext{At the prespecified anchor near $\rho=0.954$, the Direct path has held-out $R^2_P=0.899$ and MAE of \$74,485,",1381d256da17718f8ddf5ac745f1caf5c555070d81b5ae6ced609515bab1563c,NOT_RENDERED,COMMENTED,
"77,139",int_ge_1000,COMMENTED,2771,subsection: What the Final Augmented Regularization Paths Show,tab:path_anchor_summary,"% \oldtext{At the prespecified anchor near $\rho=0.954$, the Direct path has held-out $R^2_P=0.899$ and MAE of \$74,485,",1381d256da17718f8ddf5ac745f1caf5c555070d81b5ae6ced609515bab1563c,NOT_RENDERED,COMMENTED,
0.904,decimal,COMMENTED,2771,subsection: What the Final Augmented Regularization Paths Show,tab:path_anchor_summary,"% \oldtext{At the prespecified anchor near $\rho=0.954$, the Direct path has held-out $R^2_P=0.899$ and MAE of \$74,485,",1381d256da17718f8ddf5ac745f1caf5c555070d81b5ae6ced609515bab1563c,NOT_RENDERED,COMMENTED,
"78,484",int_ge_1000,COMMENTED,2771,subsection: What the Final Augmented Regularization Paths Show,tab:path_anchor_summary,"% \oldtext{At the prespecified anchor near $\rho=0.954$, the Direct path has held-out $R^2_P=0.899$ and MAE of \$74,485,",1381d256da17718f8ddf5ac745f1caf5c555070d81b5ae6ced609515bab1563c,NOT_RENDERED,COMMENTED,
"74,485",int_ge_1000,ACTIVE,2772,subsection: What the Final Augmented Regularization Paths Show,tab:path_anchor_summary,"\latesttext{At the nominal $\rho=1$ display anchor (tested $\rho=0.954095$), the Direct path has held-out $R^2_P=0.899$ ",fcfd85e6251df2c08235aeafe2e96507355b8fe7c2c52f1de991c9a20061ef6c,SOURCED,,N-path-MAEP-direct_rho_0p954095-heldout
"75,655",int_ge_1000,ACTIVE,2772,subsection: What the Final Augmented Regularization Paths Show,tab:path_anchor_summary,"\latesttext{At the nominal $\rho=1$ display anchor (tested $\rho=0.954095$), the Direct path has held-out $R^2_P=0.899$ ",fcfd85e6251df2c08235aeafe2e96507355b8fe7c2c52f1de991c9a20061ef6c,SOURCED,,N-baseline-MAEP-heldout
2025,year_like,ACTIVE,2772,subsection: What the Final Augmented Regularization Paths Show,tab:path_anchor_summary,"\latesttext{At the nominal $\rho=1$ display anchor (tested $\rho=0.954095$), the Direct path has held-out $R^2_P=0.899$ ",fcfd85e6251df2c08235aeafe2e96507355b8fe7c2c52f1de991c9a20061ef6c,ALLOWLISTED,DESIGN_CONSTANT,
"77,139",int_ge_1000,ACTIVE,2772,subsection: What the Final Augmented Regularization Paths Show,tab:path_anchor_summary,"\latesttext{At the nominal $\rho=1$ display anchor (tested $\rho=0.954095$), the Direct path has held-out $R^2_P=0.899$ ",fcfd85e6251df2c08235aeafe2e96507355b8fe7c2c52f1de991c9a20061ef6c,SOURCED,,N-path-MAEP-direct_rho_0p954095-forward_2025
"78,484",int_ge_1000,ACTIVE,2772,subsection: What the Final Augmented Regularization Paths Show,tab:path_anchor_summary,"\latesttext{At the nominal $\rho=1$ display anchor (tested $\rho=0.954095$), the Direct path has held-out $R^2_P=0.899$ ",fcfd85e6251df2c08235aeafe2e96507355b8fe7c2c52f1de991c9a20061ef6c,SOURCED,,N-baseline-MAEP-forward_2025
0.356,decimal,ACTIVE,2792,subsection: What the Final Augmented Regularization Paths Show,tab:rho_candidate_regions,Direct & 0.356 & 2.560 &,a7f96a5e4854e0705876b4a9f76502036dbfe9ba08cac4879e2f03dc35918e6c,FLAGGED_UNSUPPORTED,no frozen source,
2.560,decimal,ACTIVE,2792,subsection: What the Final Augmented Regularization Paths Show,tab:rho_candidate_regions,Direct & 0.356 & 2.560 &,a7f96a5e4854e0705876b4a9f76502036dbfe9ba08cac4879e2f03dc35918e6c,FLAGGED_UNSUPPORTED,no frozen source,
7,int_small,ACTIVE,2794,subsection: What the Final Augmented Regularization Paths Show,tab:rho_candidate_regions,7/7 stable; guardrail indices 53--56 \\,184abc2ae3f5a1d18773e106b843128941e4fb2f4a8dc20cd251810d855af9fb,FLAGGED_UNSUPPORTED,no frozen source,
7,int_small,ACTIVE,2794,subsection: What the Final Augmented Regularization Paths Show,tab:rho_candidate_regions,7/7 stable; guardrail indices 53--56 \\,184abc2ae3f5a1d18773e106b843128941e4fb2f4a8dc20cd251810d855af9fb,FLAGGED_UNSUPPORTED,no frozen source,
53,int_small,ACTIVE,2794,subsection: What the Final Augmented Regularization Paths Show,tab:rho_candidate_regions,7/7 stable; guardrail indices 53--56 \\,184abc2ae3f5a1d18773e106b843128941e4fb2f4a8dc20cd251810d855af9fb,FLAGGED_UNSUPPORTED,no frozen source,
56,int_small,ACTIVE,2794,subsection: What the Final Augmented Regularization Paths Show,tab:rho_candidate_regions,7/7 stable; guardrail indices 53--56 \\,184abc2ae3f5a1d18773e106b843128941e4fb2f4a8dc20cd251810d855af9fb,FLAGGED_UNSUPPORTED,no frozen source,
0.202,decimal,ACTIVE,2795,subsection: What the Final Augmented Regularization Paths Show,tab:rho_candidate_regions,Surrogate & 0.202 & 2.223 &,659e24a051cd020c246529d1521d42d3ec85ad1ee914aff62acac29383deeb56,FLAGGED_UNSUPPORTED,no frozen source,
2.223,decimal,ACTIVE,2795,subsection: What the Final Augmented Regularization Paths Show,tab:rho_candidate_regions,Surrogate & 0.202 & 2.223 &,659e24a051cd020c246529d1521d42d3ec85ad1ee914aff62acac29383deeb56,FLAGGED_UNSUPPORTED,no frozen source,
7,int_small,ACTIVE,2797,subsection: What the Final Augmented Regularization Paths Show,tab:rho_candidate_regions,7/7 rebound; guardrail indices 53--55 \\,fd2246da8dcf3ad514cfcc5051c643b08cef64ea6bc8c6c75a91a3db90a8d9f9,FLAGGED_UNSUPPORTED,no frozen source,
7,int_small,ACTIVE,2797,subsection: What the Final Augmented Regularization Paths Show,tab:rho_candidate_regions,7/7 rebound; guardrail indices 53--55 \\,fd2246da8dcf3ad514cfcc5051c643b08cef64ea6bc8c6c75a91a3db90a8d9f9,FLAGGED_UNSUPPORTED,no frozen source,
53,int_small,ACTIVE,2797,subsection: What the Final Augmented Regularization Paths Show,tab:rho_candidate_regions,7/7 rebound; guardrail indices 53--55 \\,fd2246da8dcf3ad514cfcc5051c643b08cef64ea6bc8c6c75a91a3db90a8d9f9,FLAGGED_UNSUPPORTED,no frozen source,
55,int_small,ACTIVE,2797,subsection: What the Final Augmented Regularization Paths Show,tab:rho_candidate_regions,7/7 rebound; guardrail indices 53--55 \\,fd2246da8dcf3ad514cfcc5051c643b08cef64ea6bc8c6c75a91a3db90a8d9f9,FLAGGED_UNSUPPORTED,no frozen source,
30,int_small,SUPPRESSED,2812,subsection: How the Valuation-Ratio Shape Changes Along the Path,subsec:ratio_shape_results,\oldtext{Scalar diagnostics do not show where along the value distribution the ratio pattern changes. We therefore compl,3c079ea9056f8d72a741d5d473928428c827adbf4f405997b9abd722f1cae0cf,NOT_RENDERED,SUPPRESSED,
30,int_small,ACTIVE,2813,subsection: How the Valuation-Ratio Shape Changes Along the Path,subsec:ratio_shape_results,\latesttext{Scalar diagnostics do not show where along the value distribution the ratio pattern changes. We therefore co,a1f69a403f8fb6729517f7ce8b9032a1db722901048557fec79ad18738654bd6,ALLOWLISTED,DESIGN_CONSTANT,
1,int_small,SUPPRESSED,2818,subsection: How the Valuation-Ratio Shape Changes Along the Path,subsec:ratio_shape_results,\caption{\oldtext{Valuation-ratio profiles against sale price at the prespecified display anchors. The horizontal line a,4e37760b3cc1017ad395edc667e769bd08b1f71beeccec2c3d7a21a936e07148,NOT_RENDERED,SUPPRESSED,
0.9,decimal,SUPPRESSED,2818,subsection: How the Valuation-Ratio Shape Changes Along the Path,subsec:ratio_shape_results,\caption{\oldtext{Valuation-ratio profiles against sale price at the prespecified display anchors. The horizontal line a,4e37760b3cc1017ad395edc667e769bd08b1f71beeccec2c3d7a21a936e07148,NOT_RENDERED,SUPPRESSED,
1.1,decimal,SUPPRESSED,2818,subsection: How the Valuation-Ratio Shape Changes Along the Path,subsec:ratio_shape_results,\caption{\oldtext{Valuation-ratio profiles against sale price at the prespecified display anchors. The horizontal line a,4e37760b3cc1017ad395edc667e769bd08b1f71beeccec2c3d7a21a936e07148,NOT_RENDERED,SUPPRESSED,
1,int_small,ACTIVE,2818,subsection: How the Valuation-Ratio Shape Changes Along the Path,subsec:ratio_shape_results,\caption{\oldtext{Valuation-ratio profiles against sale price at the prespecified display anchors. The horizontal line a,4e37760b3cc1017ad395edc667e769bd08b1f71beeccec2c3d7a21a936e07148,ALLOWLISTED,MATH_CONSTANT,
0.9,decimal,ACTIVE,2818,subsection: How the Valuation-Ratio Shape Changes Along the Path,subsec:ratio_shape_results,\caption{\oldtext{Valuation-ratio profiles against sale price at the prespecified display anchors. The horizontal line a,4e37760b3cc1017ad395edc667e769bd08b1f71beeccec2c3d7a21a936e07148,ALLOWLISTED,TYPESETTING,
1.1,decimal,ACTIVE,2818,subsection: How the Valuation-Ratio Shape Changes Along the Path,subsec:ratio_shape_results,\caption{\oldtext{Valuation-ratio profiles against sale price at the prespecified display anchors. The horizontal line a,4e37760b3cc1017ad395edc667e769bd08b1f71beeccec2c3d7a21a936e07148,ALLOWLISTED,TYPESETTING,
2025,year_like,SUPPRESSED,2830,subsection: How the Valuation-Ratio Shape Changes Along the Path,fig:ratio_shape_path_placeholder,\oldtext{The fixed cross-fitted $\Delta_{\mathrm{NL}}$ nonlinearity gap separates these families. Along the Direct ancho,93d7a6f2d814188b73fb174c8ec01a6144180ca7c81c9c86dbf28669aa0e21d1,NOT_RENDERED,SUPPRESSED,
2025,year_like,SUPPRESSED,2830,subsection: How the Valuation-Ratio Shape Changes Along the Path,fig:ratio_shape_path_placeholder,\oldtext{The fixed cross-fitted $\Delta_{\mathrm{NL}}$ nonlinearity gap separates these families. Along the Direct ancho,93d7a6f2d814188b73fb174c8ec01a6144180ca7c81c9c86dbf28669aa0e21d1,NOT_RENDERED,SUPPRESSED,
2025,year_like,ACTIVE,2831,subsection: How the Valuation-Ratio Shape Changes Along the Path,fig:ratio_shape_path_placeholder,\latesttext{The fixed cross-fitted $\Delta_{\mathrm{NL}}$ nonlinearity gap separates these families. Along the Direct pa,070915b83fe8a15bc272bab263fdd3ce877848941386e2c9e432c30ca745fad9,ALLOWLISTED,DESIGN_CONSTANT,
2025,year_like,ACTIVE,2831,subsection: How the Valuation-Ratio Shape Changes Along the Path,fig:ratio_shape_path_placeholder,\latesttext{The fixed cross-fitted $\Delta_{\mathrm{NL}}$ nonlinearity gap separates these families. Along the Direct pa,070915b83fe8a15bc272bab263fdd3ce877848941386e2c9e432c30ca745fad9,ALLOWLISTED,DESIGN_CONSTANT,
1,int_small,ACTIVE,2832,subsection: How the Valuation-Ratio Shape Changes Along the Path,fig:ratio_shape_path_placeholder,"\latesttext{The chronological-CV screening analysis adds an earlier warning to this out-of-time picture. For Surrogate, ",ee170572bb6d67d1e6296cadc43c58074be53fa5bb9951c5d94a74e5c15c798f,ALLOWLISTED,MATH_CONSTANT,
7,int_small,ACTIVE,2832,subsection: How the Valuation-Ratio Shape Changes Along the Path,fig:ratio_shape_path_placeholder,"\latesttext{The chronological-CV screening analysis adds an earlier warning to this out-of-time picture. For Surrogate, ",ee170572bb6d67d1e6296cadc43c58074be53fa5bb9951c5d94a74e5c15c798f,ALLOWLISTED,DESIGN_CONSTANT,
6,int_small,ACTIVE,2832,subsection: How the Valuation-Ratio Shape Changes Along the Path,fig:ratio_shape_path_placeholder,"\latesttext{The chronological-CV screening analysis adds an earlier warning to this out-of-time picture. For Surrogate, ",ee170572bb6d67d1e6296cadc43c58074be53fa5bb9951c5d94a74e5c15c798f,ALLOWLISTED,DESIGN_CONSTANT,
7,int_small,ACTIVE,2832,subsection: How the Valuation-Ratio Shape Changes Along the Path,fig:ratio_shape_path_placeholder,"\latesttext{The chronological-CV screening analysis adds an earlier warning to this out-of-time picture. For Surrogate, ",ee170572bb6d67d1e6296cadc43c58074be53fa5bb9951c5d94a74e5c15c798f,ALLOWLISTED,DESIGN_CONSTANT,
2025,year_like,SUPPRESSED,2848,subsection: First-Order Correction and Residual Structure Along the Path,subsec:mechanism_results,\caption{\oldtext{Mechanism and residual-structure paths versus $\rho$ for Direct and Surrogate on held-out (solid) and ,a902e78524ba756248cf8ba860b849220f788a819c8979e7bc33633c0435f300,NOT_RENDERED,SUPPRESSED,
2025,year_like,ACTIVE,2848,subsection: First-Order Correction and Residual Structure Along the Path,subsec:mechanism_results,\caption{\oldtext{Mechanism and residual-structure paths versus $\rho$ for Direct and Surrogate on held-out (solid) and ,a902e78524ba756248cf8ba860b849220f788a819c8979e7bc33633c0435f300,ALLOWLISTED,DESIGN_CONSTANT,
2025,year_like,ACTIVE,2854,subsection: First-Order Correction and Residual Structure Along the Path,fig:mechanism_path_placeholder,$\rho=0$ to $-0.079$ at $\rho=100$; the corresponding 2025 values move from,1007502aece6b89f53ee2b61786f74e6a149355bc3b57b0e0d2c78e6513b5d04,ALLOWLISTED,DESIGN_CONSTANT,
2025,year_like,ACTIVE,2856,subsection: First-Order Correction and Residual Structure Along the Path,fig:mechanism_path_placeholder,reaching $-0.001$ on the held-out sample and $-0.015$ in 2025 at $\rho=100$.,7808cf216dab124d7c8e95e0af40415c43843abb2c936a91b2d43d9eb69cbe33,ALLOWLISTED,DESIGN_CONSTANT,
2025,year_like,ACTIVE,2860,subsection: First-Order Correction and Residual Structure Along the Path,fig:mechanism_path_placeholder,$\rho=10.481$ and then rises to $0.267$ at $\rho=100$; the 2025 path shows,0ce94109c2d786c3a9920d2f376bfc647280352c5c5999f12f3dbd8664610fe8,ALLOWLISTED,DESIGN_CONSTANT,
2025,year_like,SUPPRESSED,2878,subsection: Accuracy--Equity Trajectories,subsec:tradeoff_results,"\caption{\oldtext{Accuracy--equity trajectories with $R^2_P$ on the vertical axis and PRD, PRB, MKI, and VEI on the hori",6703ed6204a511a054cb43a114ff6ea4bbb3b7397b778eef7733f0234f8c6870,NOT_RENDERED,SUPPRESSED,
2025,year_like,ACTIVE,2878,subsection: Accuracy--Equity Trajectories,subsec:tradeoff_results,"\caption{\oldtext{Accuracy--equity trajectories with $R^2_P$ on the vertical axis and PRD, PRB, MKI, and VEI on the hori",6703ed6204a511a054cb43a114ff6ea4bbb3b7397b778eef7733f0234f8c6870,ALLOWLISTED,DESIGN_CONSTANT,
2,int_small,COMMENTED,2882,subsection: Accuracy--Equity Trajectories,fig:accuracy_equity_placeholder,"% \oldtext{At stronger regularization, the vertical-equity diagnostics continue toward neutrality while $R^2_P$ bends do",84f1555dd48e5833f8976ee7607ad96a433c1564274756f0e0c991aeb7026d05,NOT_RENDERED,COMMENTED,
2025,year_like,SUPPRESSED,2902,subsection: Chronological Stability and Other Model-Quality Dimensions,subsec:path_stability_results,"\oldtext{Temporal concordance of the exact event locations is substantially weaker. After freezing the Direct CV span, o",ccdb467d736ca15c8979d3eccdb74f66a3c429223713f179537be5c1dc64840f,NOT_RENDERED,SUPPRESSED,
2025,year_like,SUPPRESSED,2902,subsection: Chronological Stability and Other Model-Quality Dimensions,subsec:path_stability_results,"\oldtext{Temporal concordance of the exact event locations is substantially weaker. After freezing the Direct CV span, o",ccdb467d736ca15c8979d3eccdb74f66a3c429223713f179537be5c1dc64840f,NOT_RENDERED,SUPPRESSED,
2025,year_like,SUPPRESSED,2903,subsection: Chronological Stability and Other Model-Quality Dimensions,subsec:path_stability_results,\latesttext{Exact temporal concordance is nevertheless weak. None of the five Direct held-out turning events and none of,17d4cd1a280da5b969a503087e69a6c27c2c22305367f6a41ddaf63441024c68,NOT_RENDERED,SUPPRESSED,
2025,year_like,SUPPRESSED,2906,subsection: Chronological Stability and Other Model-Quality Dimensions,subsec:path_stability_results,\latesttext{The lower-tail extension also changes the Surrogate conclusion. Its CV $\operatorname{RMSE}_{\log P}$ event ,171f876f6994a37b1884939a774da073049bb2928be3be975a019d9ec50e0aec,NOT_RENDERED,SUPPRESSED,
2025,year_like,SUPPRESSED,2907,subsection: Chronological Stability and Other Model-Quality Dimensions,subsec:path_stability_results,"\latesttext{The family-specific CV spans remain Direct $\rho\in[0.0494,1.099]$ and Surrogate $\rho\in[0.00222,0.954]$. T",6ca94ac8d08f7fefc7d5397d8f5f8ab44a8f4720567f1debe373fc0a7d04dbd5,NOT_RENDERED,SUPPRESSED,
2025,year_like,SUPPRESSED,2907,subsection: Chronological Stability and Other Model-Quality Dimensions,subsec:path_stability_results,"\latesttext{The family-specific CV spans remain Direct $\rho\in[0.0494,1.099]$ and Surrogate $\rho\in[0.00222,0.954]$. T",6ca94ac8d08f7fefc7d5397d8f5f8ab44a8f4720567f1debe373fc0a7d04dbd5,NOT_RENDERED,SUPPRESSED,
2025,year_like,SUPPRESSED,2907,subsection: Chronological Stability and Other Model-Quality Dimensions,subsec:path_stability_results,"\latesttext{The family-specific CV spans remain Direct $\rho\in[0.0494,1.099]$ and Surrogate $\rho\in[0.00222,0.954]$. T",6ca94ac8d08f7fefc7d5397d8f5f8ab44a8f4720567f1debe373fc0a7d04dbd5,NOT_RENDERED,SUPPRESSED,
53,int_small,ACTIVE,2913,subsection: Chronological Stability and Other Model-Quality Dimensions,subsec:path_stability_results,The generic candidate-region screen is the primary path-stability summary for downstream use. Direct has activity onset ,85e7f9165df3b708d6a021a15cfe08c77d24d569ed32b3be38df394c24698766,FLAGGED_UNSUPPORTED,no frozen source,
56,int_small,ACTIVE,2913,subsection: Chronological Stability and Other Model-Quality Dimensions,subsec:path_stability_results,The generic candidate-region screen is the primary path-stability summary for downstream use. Direct has activity onset ,85e7f9165df3b708d6a021a15cfe08c77d24d569ed32b3be38df394c24698766,FLAGGED_UNSUPPORTED,no frozen source,
53,int_small,ACTIVE,2915,subsection: Chronological Stability and Other Model-Quality Dimensions,subsec:path_stability_results,"Surrogate has activity onset $\rho=0.202359$ and upper guardrail $2.222996$. Its first predictive bend, at the earlier M",603b963bb4540ac29fd201a195d890183f09a0e0f029e22f75d7f253e6e4a3f2,FLAGGED_UNSUPPORTED,no frozen source,
55,int_small,ACTIVE,2915,subsection: Chronological Stability and Other Model-Quality Dimensions,subsec:path_stability_results,"Surrogate has activity onset $\rho=0.202359$ and upper guardrail $2.222996$. Its first predictive bend, at the earlier M",603b963bb4540ac29fd201a195d890183f09a0e0f029e22f75d7f253e6e4a3f2,FLAGGED_UNSUPPORTED,no frozen source,
2025,year_like,ACTIVE,2917,subsection: Chronological Stability and Other Model-Quality Dimensions,subsec:path_stability_results,"The older five-metric prediction/COD transition spans remain a separate descriptive diagnostic: Direct $\rho\in[0.0494,1",7e118057aea343073c627631a97a7b538108d6ceb0fe1039a48c7b6845ec2923,ALLOWLISTED,DESIGN_CONSTANT,
0.833,decimal,IFFALSE,2942,subsection: Exploratory Six-County Evidence Shows Heterogeneity and Limits,tab:attom_baselines,"Cook, IL & 0.833 & 0.282 & 20.9 & 21.266 & 1.073 & -0.079 & 0.976 \\",ce1532a92af106e93a1d190fd9d594a064c716fd7075d39dfc972e2241b61907,NOT_RENDERED,IFFALSE,
0.282,decimal,IFFALSE,2942,subsection: Exploratory Six-County Evidence Shows Heterogeneity and Limits,tab:attom_baselines,"Cook, IL & 0.833 & 0.282 & 20.9 & 21.266 & 1.073 & -0.079 & 0.976 \\",ce1532a92af106e93a1d190fd9d594a064c716fd7075d39dfc972e2241b61907,NOT_RENDERED,IFFALSE,
20.9,decimal,IFFALSE,2942,subsection: Exploratory Six-County Evidence Shows Heterogeneity and Limits,tab:attom_baselines,"Cook, IL & 0.833 & 0.282 & 20.9 & 21.266 & 1.073 & -0.079 & 0.976 \\",ce1532a92af106e93a1d190fd9d594a064c716fd7075d39dfc972e2241b61907,NOT_RENDERED,IFFALSE,
21.266,decimal,IFFALSE,2942,subsection: Exploratory Six-County Evidence Shows Heterogeneity and Limits,tab:attom_baselines,"Cook, IL & 0.833 & 0.282 & 20.9 & 21.266 & 1.073 & -0.079 & 0.976 \\",ce1532a92af106e93a1d190fd9d594a064c716fd7075d39dfc972e2241b61907,NOT_RENDERED,IFFALSE,
1.073,decimal,IFFALSE,2942,subsection: Exploratory Six-County Evidence Shows Heterogeneity and Limits,tab:attom_baselines,"Cook, IL & 0.833 & 0.282 & 20.9 & 21.266 & 1.073 & -0.079 & 0.976 \\",ce1532a92af106e93a1d190fd9d594a064c716fd7075d39dfc972e2241b61907,NOT_RENDERED,IFFALSE,
0.079,decimal,IFFALSE,2942,subsection: Exploratory Six-County Evidence Shows Heterogeneity and Limits,tab:attom_baselines,"Cook, IL & 0.833 & 0.282 & 20.9 & 21.266 & 1.073 & -0.079 & 0.976 \\",ce1532a92af106e93a1d190fd9d594a064c716fd7075d39dfc972e2241b61907,NOT_RENDERED,IFFALSE,
0.976,decimal,IFFALSE,2942,subsection: Exploratory Six-County Evidence Shows Heterogeneity and Limits,tab:attom_baselines,"Cook, IL & 0.833 & 0.282 & 20.9 & 21.266 & 1.073 & -0.079 & 0.976 \\",ce1532a92af106e93a1d190fd9d594a064c716fd7075d39dfc972e2241b61907,NOT_RENDERED,IFFALSE,
0.781,decimal,IFFALSE,2943,subsection: Exploratory Six-County Evidence Shows Heterogeneity and Limits,tab:attom_baselines,"Allegheny, PA & 0.781 & 0.324 & 25.3 & 26.061 & 1.103 & -0.103 & 0.956 \\",70a103fd383d80f348b5656bd843175971eb02bffe912762aeaca0567888de37,NOT_RENDERED,IFFALSE,
0.324,decimal,IFFALSE,2943,subsection: Exploratory Six-County Evidence Shows Heterogeneity and Limits,tab:attom_baselines,"Allegheny, PA & 0.781 & 0.324 & 25.3 & 26.061 & 1.103 & -0.103 & 0.956 \\",70a103fd383d80f348b5656bd843175971eb02bffe912762aeaca0567888de37,NOT_RENDERED,IFFALSE,
25.3,decimal,IFFALSE,2943,subsection: Exploratory Six-County Evidence Shows Heterogeneity and Limits,tab:attom_baselines,"Allegheny, PA & 0.781 & 0.324 & 25.3 & 26.061 & 1.103 & -0.103 & 0.956 \\",70a103fd383d80f348b5656bd843175971eb02bffe912762aeaca0567888de37,NOT_RENDERED,IFFALSE,
26.061,decimal,IFFALSE,2943,subsection: Exploratory Six-County Evidence Shows Heterogeneity and Limits,tab:attom_baselines,"Allegheny, PA & 0.781 & 0.324 & 25.3 & 26.061 & 1.103 & -0.103 & 0.956 \\",70a103fd383d80f348b5656bd843175971eb02bffe912762aeaca0567888de37,NOT_RENDERED,IFFALSE,
1.103,decimal,IFFALSE,2943,subsection: Exploratory Six-County Evidence Shows Heterogeneity and Limits,tab:attom_baselines,"Allegheny, PA & 0.781 & 0.324 & 25.3 & 26.061 & 1.103 & -0.103 & 0.956 \\",70a103fd383d80f348b5656bd843175971eb02bffe912762aeaca0567888de37,NOT_RENDERED,IFFALSE,
0.103,decimal,IFFALSE,2943,subsection: Exploratory Six-County Evidence Shows Heterogeneity and Limits,tab:attom_baselines,"Allegheny, PA & 0.781 & 0.324 & 25.3 & 26.061 & 1.103 & -0.103 & 0.956 \\",70a103fd383d80f348b5656bd843175971eb02bffe912762aeaca0567888de37,NOT_RENDERED,IFFALSE,
0.956,decimal,IFFALSE,2943,subsection: Exploratory Six-County Evidence Shows Heterogeneity and Limits,tab:attom_baselines,"Allegheny, PA & 0.781 & 0.324 & 25.3 & 26.061 & 1.103 & -0.103 & 0.956 \\",70a103fd383d80f348b5656bd843175971eb02bffe912762aeaca0567888de37,NOT_RENDERED,IFFALSE,
0.848,decimal,IFFALSE,2944,subsection: Exploratory Six-County Evidence Shows Heterogeneity and Limits,tab:attom_baselines,"Maricopa, AZ & 0.848 & 0.219 & 14.0 & 14.171 & 1.076 & -0.060 & 0.977 \\",5baf6f0b3ee6a5b4575222caa841402fd43adb152cc385d88eeffada3ec7b923,NOT_RENDERED,IFFALSE,
0.219,decimal,IFFALSE,2944,subsection: Exploratory Six-County Evidence Shows Heterogeneity and Limits,tab:attom_baselines,"Maricopa, AZ & 0.848 & 0.219 & 14.0 & 14.171 & 1.076 & -0.060 & 0.977 \\",5baf6f0b3ee6a5b4575222caa841402fd43adb152cc385d88eeffada3ec7b923,NOT_RENDERED,IFFALSE,
14.0,decimal,IFFALSE,2944,subsection: Exploratory Six-County Evidence Shows Heterogeneity and Limits,tab:attom_baselines,"Maricopa, AZ & 0.848 & 0.219 & 14.0 & 14.171 & 1.076 & -0.060 & 0.977 \\",5baf6f0b3ee6a5b4575222caa841402fd43adb152cc385d88eeffada3ec7b923,NOT_RENDERED,IFFALSE,
14.171,decimal,IFFALSE,2944,subsection: Exploratory Six-County Evidence Shows Heterogeneity and Limits,tab:attom_baselines,"Maricopa, AZ & 0.848 & 0.219 & 14.0 & 14.171 & 1.076 & -0.060 & 0.977 \\",5baf6f0b3ee6a5b4575222caa841402fd43adb152cc385d88eeffada3ec7b923,NOT_RENDERED,IFFALSE,
1.076,decimal,IFFALSE,2944,subsection: Exploratory Six-County Evidence Shows Heterogeneity and Limits,tab:attom_baselines,"Maricopa, AZ & 0.848 & 0.219 & 14.0 & 14.171 & 1.076 & -0.060 & 0.977 \\",5baf6f0b3ee6a5b4575222caa841402fd43adb152cc385d88eeffada3ec7b923,NOT_RENDERED,IFFALSE,
0.060,decimal,IFFALSE,2944,subsection: Exploratory Six-County Evidence Shows Heterogeneity and Limits,tab:attom_baselines,"Maricopa, AZ & 0.848 & 0.219 & 14.0 & 14.171 & 1.076 & -0.060 & 0.977 \\",5baf6f0b3ee6a5b4575222caa841402fd43adb152cc385d88eeffada3ec7b923,NOT_RENDERED,IFFALSE,
0.977,decimal,IFFALSE,2944,subsection: Exploratory Six-County Evidence Shows Heterogeneity and Limits,tab:attom_baselines,"Maricopa, AZ & 0.848 & 0.219 & 14.0 & 14.171 & 1.076 & -0.060 & 0.977 \\",5baf6f0b3ee6a5b4575222caa841402fd43adb152cc385d88eeffada3ec7b923,NOT_RENDERED,IFFALSE,
0.814,decimal,IFFALSE,2945,subsection: Exploratory Six-County Evidence Shows Heterogeneity and Limits,tab:attom_baselines,"King, WA & 0.814 & 0.250 & 16.7 & 16.790 & 1.102 & -0.074 & 0.948 \\",50dfce999bd08c7c20a13f3c59a7dac0708047a263334a54a0e2e2236c03a836,NOT_RENDERED,IFFALSE,
0.250,decimal,IFFALSE,2945,subsection: Exploratory Six-County Evidence Shows Heterogeneity and Limits,tab:attom_baselines,"King, WA & 0.814 & 0.250 & 16.7 & 16.790 & 1.102 & -0.074 & 0.948 \\",50dfce999bd08c7c20a13f3c59a7dac0708047a263334a54a0e2e2236c03a836,NOT_RENDERED,IFFALSE,
16.7,decimal,IFFALSE,2945,subsection: Exploratory Six-County Evidence Shows Heterogeneity and Limits,tab:attom_baselines,"King, WA & 0.814 & 0.250 & 16.7 & 16.790 & 1.102 & -0.074 & 0.948 \\",50dfce999bd08c7c20a13f3c59a7dac0708047a263334a54a0e2e2236c03a836,NOT_RENDERED,IFFALSE,
16.790,decimal,IFFALSE,2945,subsection: Exploratory Six-County Evidence Shows Heterogeneity and Limits,tab:attom_baselines,"King, WA & 0.814 & 0.250 & 16.7 & 16.790 & 1.102 & -0.074 & 0.948 \\",50dfce999bd08c7c20a13f3c59a7dac0708047a263334a54a0e2e2236c03a836,NOT_RENDERED,IFFALSE,
1.102,decimal,IFFALSE,2945,subsection: Exploratory Six-County Evidence Shows Heterogeneity and Limits,tab:attom_baselines,"King, WA & 0.814 & 0.250 & 16.7 & 16.790 & 1.102 & -0.074 & 0.948 \\",50dfce999bd08c7c20a13f3c59a7dac0708047a263334a54a0e2e2236c03a836,NOT_RENDERED,IFFALSE,
0.074,decimal,IFFALSE,2945,subsection: Exploratory Six-County Evidence Shows Heterogeneity and Limits,tab:attom_baselines,"King, WA & 0.814 & 0.250 & 16.7 & 16.790 & 1.102 & -0.074 & 0.948 \\",50dfce999bd08c7c20a13f3c59a7dac0708047a263334a54a0e2e2236c03a836,NOT_RENDERED,IFFALSE,
0.948,decimal,IFFALSE,2945,subsection: Exploratory Six-County Evidence Shows Heterogeneity and Limits,tab:attom_baselines,"King, WA & 0.814 & 0.250 & 16.7 & 16.790 & 1.102 & -0.074 & 0.948 \\",50dfce999bd08c7c20a13f3c59a7dac0708047a263334a54a0e2e2236c03a836,NOT_RENDERED,IFFALSE,
0.815,decimal,IFFALSE,2946,subsection: Exploratory Six-County Evidence Shows Heterogeneity and Limits,tab:attom_baselines,"Miami-Dade, FL & 0.815 & 0.310 & 25.4 & 24.181 & 1.086 & 0.027 & 1.039 \\",dd2321349d0421849cdec3b0357db1eee0b77e0f742f05a383a130b65554559b,NOT_RENDERED,IFFALSE,
0.310,decimal,IFFALSE,2946,subsection: Exploratory Six-County Evidence Shows Heterogeneity and Limits,tab:attom_baselines,"Miami-Dade, FL & 0.815 & 0.310 & 25.4 & 24.181 & 1.086 & 0.027 & 1.039 \\",dd2321349d0421849cdec3b0357db1eee0b77e0f742f05a383a130b65554559b,NOT_RENDERED,IFFALSE,
25.4,decimal,IFFALSE,2946,subsection: Exploratory Six-County Evidence Shows Heterogeneity and Limits,tab:attom_baselines,"Miami-Dade, FL & 0.815 & 0.310 & 25.4 & 24.181 & 1.086 & 0.027 & 1.039 \\",dd2321349d0421849cdec3b0357db1eee0b77e0f742f05a383a130b65554559b,NOT_RENDERED,IFFALSE,
24.181,decimal,IFFALSE,2946,subsection: Exploratory Six-County Evidence Shows Heterogeneity and Limits,tab:attom_baselines,"Miami-Dade, FL & 0.815 & 0.310 & 25.4 & 24.181 & 1.086 & 0.027 & 1.039 \\",dd2321349d0421849cdec3b0357db1eee0b77e0f742f05a383a130b65554559b,NOT_RENDERED,IFFALSE,
1.086,decimal,IFFALSE,2946,subsection: Exploratory Six-County Evidence Shows Heterogeneity and Limits,tab:attom_baselines,"Miami-Dade, FL & 0.815 & 0.310 & 25.4 & 24.181 & 1.086 & 0.027 & 1.039 \\",dd2321349d0421849cdec3b0357db1eee0b77e0f742f05a383a130b65554559b,NOT_RENDERED,IFFALSE,
0.027,decimal,IFFALSE,2946,subsection: Exploratory Six-County Evidence Shows Heterogeneity and Limits,tab:attom_baselines,"Miami-Dade, FL & 0.815 & 0.310 & 25.4 & 24.181 & 1.086 & 0.027 & 1.039 \\",dd2321349d0421849cdec3b0357db1eee0b77e0f742f05a383a130b65554559b,NOT_RENDERED,IFFALSE,
1.039,decimal,IFFALSE,2946,subsection: Exploratory Six-County Evidence Shows Heterogeneity and Limits,tab:attom_baselines,"Miami-Dade, FL & 0.815 & 0.310 & 25.4 & 24.181 & 1.086 & 0.027 & 1.039 \\",dd2321349d0421849cdec3b0357db1eee0b77e0f742f05a383a130b65554559b,NOT_RENDERED,IFFALSE,
0.790,decimal,IFFALSE,2947,subsection: Exploratory Six-County Evidence Shows Heterogeneity and Limits,tab:attom_baselines,"Middlesex, MA & 0.790 & 0.258 & 18.6 & 18.255 & 1.083 & -0.088 & 1.014 \\",b529f4bd7ced5cc3a4545de9a611d9b93866340c2f26800e656bcc5395e05c44,NOT_RENDERED,IFFALSE,
0.258,decimal,IFFALSE,2947,subsection: Exploratory Six-County Evidence Shows Heterogeneity and Limits,tab:attom_baselines,"Middlesex, MA & 0.790 & 0.258 & 18.6 & 18.255 & 1.083 & -0.088 & 1.014 \\",b529f4bd7ced5cc3a4545de9a611d9b93866340c2f26800e656bcc5395e05c44,NOT_RENDERED,IFFALSE,
18.6,decimal,IFFALSE,2947,subsection: Exploratory Six-County Evidence Shows Heterogeneity and Limits,tab:attom_baselines,"Middlesex, MA & 0.790 & 0.258 & 18.6 & 18.255 & 1.083 & -0.088 & 1.014 \\",b529f4bd7ced5cc3a4545de9a611d9b93866340c2f26800e656bcc5395e05c44,NOT_RENDERED,IFFALSE,
18.255,decimal,IFFALSE,2947,subsection: Exploratory Six-County Evidence Shows Heterogeneity and Limits,tab:attom_baselines,"Middlesex, MA & 0.790 & 0.258 & 18.6 & 18.255 & 1.083 & -0.088 & 1.014 \\",b529f4bd7ced5cc3a4545de9a611d9b93866340c2f26800e656bcc5395e05c44,NOT_RENDERED,IFFALSE,
1.083,decimal,IFFALSE,2947,subsection: Exploratory Six-County Evidence Shows Heterogeneity and Limits,tab:attom_baselines,"Middlesex, MA & 0.790 & 0.258 & 18.6 & 18.255 & 1.083 & -0.088 & 1.014 \\",b529f4bd7ced5cc3a4545de9a611d9b93866340c2f26800e656bcc5395e05c44,NOT_RENDERED,IFFALSE,
0.088,decimal,IFFALSE,2947,subsection: Exploratory Six-County Evidence Shows Heterogeneity and Limits,tab:attom_baselines,"Middlesex, MA & 0.790 & 0.258 & 18.6 & 18.255 & 1.083 & -0.088 & 1.014 \\",b529f4bd7ced5cc3a4545de9a611d9b93866340c2f26800e656bcc5395e05c44,NOT_RENDERED,IFFALSE,
1.014,decimal,IFFALSE,2947,subsection: Exploratory Six-County Evidence Shows Heterogeneity and Limits,tab:attom_baselines,"Middlesex, MA & 0.790 & 0.258 & 18.6 & 18.255 & 1.083 & -0.088 & 1.014 \\",b529f4bd7ced5cc3a4545de9a611d9b93866340c2f26800e656bcc5395e05c44,NOT_RENDERED,IFFALSE,
1.84,decimal,IFFALSE,2956,subsection: Exploratory Six-County Evidence Shows Heterogeneity and Limits,tab:attom_baselines,"% \oldtext{Among the four counties whose baseline PRB point estimate is outside the benchmark band, at least one tested ",50a1f5c1b380c216ca74153a02692d0b027c223ed8122ee93da99a71c59d458e,NOT_RENDERED,IFFALSE,
10.39,decimal,IFFALSE,2971,subsection: Exploratory Six-County Evidence Shows Heterogeneity and Limits,tab:attom_selected_penalty,"Cook, IL & 10.39 & 1.073 & 1.036 & -0.079 & -0.023 & +2.11 \\",b9dc7e8bbec3dcf915061178ded939123e7c572195cb9682b6d62bfe401cab60,NOT_RENDERED,IFFALSE,
1.073,decimal,IFFALSE,2971,subsection: Exploratory Six-County Evidence Shows Heterogeneity and Limits,tab:attom_selected_penalty,"Cook, IL & 10.39 & 1.073 & 1.036 & -0.079 & -0.023 & +2.11 \\",b9dc7e8bbec3dcf915061178ded939123e7c572195cb9682b6d62bfe401cab60,NOT_RENDERED,IFFALSE,
1.036,decimal,IFFALSE,2971,subsection: Exploratory Six-County Evidence Shows Heterogeneity and Limits,tab:attom_selected_penalty,"Cook, IL & 10.39 & 1.073 & 1.036 & -0.079 & -0.023 & +2.11 \\",b9dc7e8bbec3dcf915061178ded939123e7c572195cb9682b6d62bfe401cab60,NOT_RENDERED,IFFALSE,
0.079,decimal,IFFALSE,2971,subsection: Exploratory Six-County Evidence Shows Heterogeneity and Limits,tab:attom_selected_penalty,"Cook, IL & 10.39 & 1.073 & 1.036 & -0.079 & -0.023 & +2.11 \\",b9dc7e8bbec3dcf915061178ded939123e7c572195cb9682b6d62bfe401cab60,NOT_RENDERED,IFFALSE,
0.023,decimal,IFFALSE,2971,subsection: Exploratory Six-County Evidence Shows Heterogeneity and Limits,tab:attom_selected_penalty,"Cook, IL & 10.39 & 1.073 & 1.036 & -0.079 & -0.023 & +2.11 \\",b9dc7e8bbec3dcf915061178ded939123e7c572195cb9682b6d62bfe401cab60,NOT_RENDERED,IFFALSE,
2.11,decimal,IFFALSE,2971,subsection: Exploratory Six-County Evidence Shows Heterogeneity and Limits,tab:attom_selected_penalty,"Cook, IL & 10.39 & 1.073 & 1.036 & -0.079 & -0.023 & +2.11 \\",b9dc7e8bbec3dcf915061178ded939123e7c572195cb9682b6d62bfe401cab60,NOT_RENDERED,IFFALSE,
22.21,decimal,IFFALSE,2972,subsection: Exploratory Six-County Evidence Shows Heterogeneity and Limits,tab:attom_selected_penalty,"Allegheny, PA & 22.21 & 1.103 & 1.047 & -0.103 & -0.004 & +4.16 \\",76e4243dfdd97b7f7dedf339839ad33deb37ec13652a5ba866509fe8348f84a0,NOT_RENDERED,IFFALSE,
1.103,decimal,IFFALSE,2972,subsection: Exploratory Six-County Evidence Shows Heterogeneity and Limits,tab:attom_selected_penalty,"Allegheny, PA & 22.21 & 1.103 & 1.047 & -0.103 & -0.004 & +4.16 \\",76e4243dfdd97b7f7dedf339839ad33deb37ec13652a5ba866509fe8348f84a0,NOT_RENDERED,IFFALSE,
1.047,decimal,IFFALSE,2972,subsection: Exploratory Six-County Evidence Shows Heterogeneity and Limits,tab:attom_selected_penalty,"Allegheny, PA & 22.21 & 1.103 & 1.047 & -0.103 & -0.004 & +4.16 \\",76e4243dfdd97b7f7dedf339839ad33deb37ec13652a5ba866509fe8348f84a0,NOT_RENDERED,IFFALSE,
0.103,decimal,IFFALSE,2972,subsection: Exploratory Six-County Evidence Shows Heterogeneity and Limits,tab:attom_selected_penalty,"Allegheny, PA & 22.21 & 1.103 & 1.047 & -0.103 & -0.004 & +4.16 \\",76e4243dfdd97b7f7dedf339839ad33deb37ec13652a5ba866509fe8348f84a0,NOT_RENDERED,IFFALSE,
0.004,decimal,IFFALSE,2972,subsection: Exploratory Six-County Evidence Shows Heterogeneity and Limits,tab:attom_selected_penalty,"Allegheny, PA & 22.21 & 1.103 & 1.047 & -0.103 & -0.004 & +4.16 \\",76e4243dfdd97b7f7dedf339839ad33deb37ec13652a5ba866509fe8348f84a0,NOT_RENDERED,IFFALSE,
4.16,decimal,IFFALSE,2972,subsection: Exploratory Six-County Evidence Shows Heterogeneity and Limits,tab:attom_selected_penalty,"Allegheny, PA & 22.21 & 1.103 & 1.047 & -0.103 & -0.004 & +4.16 \\",76e4243dfdd97b7f7dedf339839ad33deb37ec13652a5ba866509fe8348f84a0,NOT_RENDERED,IFFALSE,
14.47,decimal,IFFALSE,2973,subsection: Exploratory Six-County Evidence Shows Heterogeneity and Limits,tab:attom_selected_penalty,"Maricopa, AZ & 14.47 & 1.076 & 1.055 & -0.060 & -0.020 & +1.04 \\",e80417368162f392e29d2b673fcc89e0f4553a3e380e9d8cce3c2447ad7d3211,NOT_RENDERED,IFFALSE,
1.076,decimal,IFFALSE,2973,subsection: Exploratory Six-County Evidence Shows Heterogeneity and Limits,tab:attom_selected_penalty,"Maricopa, AZ & 14.47 & 1.076 & 1.055 & -0.060 & -0.020 & +1.04 \\",e80417368162f392e29d2b673fcc89e0f4553a3e380e9d8cce3c2447ad7d3211,NOT_RENDERED,IFFALSE,
1.055,decimal,IFFALSE,2973,subsection: Exploratory Six-County Evidence Shows Heterogeneity and Limits,tab:attom_selected_penalty,"Maricopa, AZ & 14.47 & 1.076 & 1.055 & -0.060 & -0.020 & +1.04 \\",e80417368162f392e29d2b673fcc89e0f4553a3e380e9d8cce3c2447ad7d3211,NOT_RENDERED,IFFALSE,
0.060,decimal,IFFALSE,2973,subsection: Exploratory Six-County Evidence Shows Heterogeneity and Limits,tab:attom_selected_penalty,"Maricopa, AZ & 14.47 & 1.076 & 1.055 & -0.060 & -0.020 & +1.04 \\",e80417368162f392e29d2b673fcc89e0f4553a3e380e9d8cce3c2447ad7d3211,NOT_RENDERED,IFFALSE,
0.020,decimal,IFFALSE,2973,subsection: Exploratory Six-County Evidence Shows Heterogeneity and Limits,tab:attom_selected_penalty,"Maricopa, AZ & 14.47 & 1.076 & 1.055 & -0.060 & -0.020 & +1.04 \\",e80417368162f392e29d2b673fcc89e0f4553a3e380e9d8cce3c2447ad7d3211,NOT_RENDERED,IFFALSE,
1.04,decimal,IFFALSE,2973,subsection: Exploratory Six-County Evidence Shows Heterogeneity and Limits,tab:attom_selected_penalty,"Maricopa, AZ & 14.47 & 1.076 & 1.055 & -0.060 & -0.020 & +1.04 \\",e80417368162f392e29d2b673fcc89e0f4553a3e380e9d8cce3c2447ad7d3211,NOT_RENDERED,IFFALSE,
13.64,decimal,IFFALSE,2974,subsection: Exploratory Six-County Evidence Shows Heterogeneity and Limits,tab:attom_selected_penalty,"King, WA & 13.64 & 1.102 & 1.079 & -0.074 & -0.023 & -0.20 \\",94c4ff5366a97848a37394384ea95ccd28fc282f704ce7b630520403db5ae5c7,NOT_RENDERED,IFFALSE,
1.102,decimal,IFFALSE,2974,subsection: Exploratory Six-County Evidence Shows Heterogeneity and Limits,tab:attom_selected_penalty,"King, WA & 13.64 & 1.102 & 1.079 & -0.074 & -0.023 & -0.20 \\",94c4ff5366a97848a37394384ea95ccd28fc282f704ce7b630520403db5ae5c7,NOT_RENDERED,IFFALSE,
1.079,decimal,IFFALSE,2974,subsection: Exploratory Six-County Evidence Shows Heterogeneity and Limits,tab:attom_selected_penalty,"King, WA & 13.64 & 1.102 & 1.079 & -0.074 & -0.023 & -0.20 \\",94c4ff5366a97848a37394384ea95ccd28fc282f704ce7b630520403db5ae5c7,NOT_RENDERED,IFFALSE,
0.074,decimal,IFFALSE,2974,subsection: Exploratory Six-County Evidence Shows Heterogeneity and Limits,tab:attom_selected_penalty,"King, WA & 13.64 & 1.102 & 1.079 & -0.074 & -0.023 & -0.20 \\",94c4ff5366a97848a37394384ea95ccd28fc282f704ce7b630520403db5ae5c7,NOT_RENDERED,IFFALSE,
0.023,decimal,IFFALSE,2974,subsection: Exploratory Six-County Evidence Shows Heterogeneity and Limits,tab:attom_selected_penalty,"King, WA & 13.64 & 1.102 & 1.079 & -0.074 & -0.023 & -0.20 \\",94c4ff5366a97848a37394384ea95ccd28fc282f704ce7b630520403db5ae5c7,NOT_RENDERED,IFFALSE,
0.20,decimal,IFFALSE,2974,subsection: Exploratory Six-County Evidence Shows Heterogeneity and Limits,tab:attom_selected_penalty,"King, WA & 13.64 & 1.102 & 1.079 & -0.074 & -0.023 & -0.20 \\",94c4ff5366a97848a37394384ea95ccd28fc282f704ce7b630520403db5ae5c7,NOT_RENDERED,IFFALSE,
4.03,decimal,IFFALSE,2975,subsection: Exploratory Six-County Evidence Shows Heterogeneity and Limits,tab:attom_selected_penalty,"Miami-Dade, FL & 4.03 & 1.086 & 1.046 & 0.027 & 0.067 & +3.77 \\",953362612ba6ee56c9e504095f3c6912451e6695bc962e6ee3590db6ce40b868,NOT_RENDERED,IFFALSE,
1.086,decimal,IFFALSE,2975,subsection: Exploratory Six-County Evidence Shows Heterogeneity and Limits,tab:attom_selected_penalty,"Miami-Dade, FL & 4.03 & 1.086 & 1.046 & 0.027 & 0.067 & +3.77 \\",953362612ba6ee56c9e504095f3c6912451e6695bc962e6ee3590db6ce40b868,NOT_RENDERED,IFFALSE,
1.046,decimal,IFFALSE,2975,subsection: Exploratory Six-County Evidence Shows Heterogeneity and Limits,tab:attom_selected_penalty,"Miami-Dade, FL & 4.03 & 1.086 & 1.046 & 0.027 & 0.067 & +3.77 \\",953362612ba6ee56c9e504095f3c6912451e6695bc962e6ee3590db6ce40b868,NOT_RENDERED,IFFALSE,
0.027,decimal,IFFALSE,2975,subsection: Exploratory Six-County Evidence Shows Heterogeneity and Limits,tab:attom_selected_penalty,"Miami-Dade, FL & 4.03 & 1.086 & 1.046 & 0.027 & 0.067 & +3.77 \\",953362612ba6ee56c9e504095f3c6912451e6695bc962e6ee3590db6ce40b868,NOT_RENDERED,IFFALSE,
0.067,decimal,IFFALSE,2975,subsection: Exploratory Six-County Evidence Shows Heterogeneity and Limits,tab:attom_selected_penalty,"Miami-Dade, FL & 4.03 & 1.086 & 1.046 & 0.027 & 0.067 & +3.77 \\",953362612ba6ee56c9e504095f3c6912451e6695bc962e6ee3590db6ce40b868,NOT_RENDERED,IFFALSE,
3.77,decimal,IFFALSE,2975,subsection: Exploratory Six-County Evidence Shows Heterogeneity and Limits,tab:attom_selected_penalty,"Miami-Dade, FL & 4.03 & 1.086 & 1.046 & 0.027 & 0.067 & +3.77 \\",953362612ba6ee56c9e504095f3c6912451e6695bc962e6ee3590db6ce40b868,NOT_RENDERED,IFFALSE,
28.50,decimal,IFFALSE,2976,subsection: Exploratory Six-County Evidence Shows Heterogeneity and Limits,tab:attom_selected_penalty,"Middlesex, MA & 28.50 & 1.083 & 1.051 & -0.088 & -0.009 & +5.33 \\",7cd41ad8bd78995629f6b993d6c2ce3637eba706752ec564d859e1ea7ea940b7,NOT_RENDERED,IFFALSE,
1.083,decimal,IFFALSE,2976,subsection: Exploratory Six-County Evidence Shows Heterogeneity and Limits,tab:attom_selected_penalty,"Middlesex, MA & 28.50 & 1.083 & 1.051 & -0.088 & -0.009 & +5.33 \\",7cd41ad8bd78995629f6b993d6c2ce3637eba706752ec564d859e1ea7ea940b7,NOT_RENDERED,IFFALSE,
1.051,decimal,IFFALSE,2976,subsection: Exploratory Six-County Evidence Shows Heterogeneity and Limits,tab:attom_selected_penalty,"Middlesex, MA & 28.50 & 1.083 & 1.051 & -0.088 & -0.009 & +5.33 \\",7cd41ad8bd78995629f6b993d6c2ce3637eba706752ec564d859e1ea7ea940b7,NOT_RENDERED,IFFALSE,
0.088,decimal,IFFALSE,2976,subsection: Exploratory Six-County Evidence Shows Heterogeneity and Limits,tab:attom_selected_penalty,"Middlesex, MA & 28.50 & 1.083 & 1.051 & -0.088 & -0.009 & +5.33 \\",7cd41ad8bd78995629f6b993d6c2ce3637eba706752ec564d859e1ea7ea940b7,NOT_RENDERED,IFFALSE,
0.009,decimal,IFFALSE,2976,subsection: Exploratory Six-County Evidence Shows Heterogeneity and Limits,tab:attom_selected_penalty,"Middlesex, MA & 28.50 & 1.083 & 1.051 & -0.088 & -0.009 & +5.33 \\",7cd41ad8bd78995629f6b993d6c2ce3637eba706752ec564d859e1ea7ea940b7,NOT_RENDERED,IFFALSE,
5.33,decimal,IFFALSE,2976,subsection: Exploratory Six-County Evidence Shows Heterogeneity and Limits,tab:attom_selected_penalty,"Middlesex, MA & 28.50 & 1.083 & 1.051 & -0.088 & -0.009 & +5.33 \\",7cd41ad8bd78995629f6b993d6c2ce3637eba706752ec564d859e1ea7ea940b7,NOT_RENDERED,IFFALSE,
994,int_mid,ACTIVE,3000,section: Discussion and Conclusions,sec:discussion,\latesttext{The CCAO application answers a bounded model-design question. Along the currently frozen custom-objective pa,161f517a50e116a09dfb868f2962c4bd440c02c03b3e5bde9c4e871ff8466a17,SOURCED,,N-design-n_estimators
2025,year_like,SUPPRESSED,3010,section: Discussion and Conclusions,sec:discussion,"\oldtext{The transition analysis adds a separate temporal qualification. After resolving the lower tail of the grid, bot",72d75ad9cbad19e50afbbd57d7d2439b509b7e3e60626acde39204244b7eebce,NOT_RENDERED,SUPPRESSED,
2025,year_like,SUPPRESSED,3011,section: Discussion and Conclusions,sec:discussion,"\oldtext{The transition analysis adds a separate temporal qualification. After resolving the lower tail of the grid, bot",72d75ad9cbad19e50afbbd57d7d2439b509b7e3e60626acde39204244b7eebce,NOT_RENDERED,SUPPRESSED,
6,int_small,COMMENTED,3040,subsection: Practical Implementation Considerations,sec:implementation_workflow,% Superseded operating-point instruction is replaced by items 6--8 below.,250f5a4749a9554ae86e5a54b7ecdbfaf0f6d4f28cf3c68bdc3b19967ef56aa2,NOT_RENDERED,COMMENTED,
8,int_small,COMMENTED,3040,subsection: Practical Implementation Considerations,sec:implementation_workflow,% Superseded operating-point instruction is replaced by items 6--8 below.,250f5a4749a9554ae86e5a54b7ecdbfaf0f6d4f28cf3c68bdc3b19967ef56aa2,NOT_RENDERED,COMMENTED,
994,int_mid,ACTIVE,3083,subsection: Limitations,tab:roles,"\latesttext{Third, the experiment characterizes fixed-994-tree regularization paths, not a deployment decision or fully ",3673838816a88e09a33eaa2392bb920bc35fd325c7ccc4da02ff068911eaf205,SOURCED,,N-design-n_estimators
2013,year_like,ACTIVE,3108,Appendix subsection: Assessor-facing guidance status,app:metrics,The 2013 IAAO Standard on Ratio Studies is the established standard cited for PRD,3a72d08fff8988443e4a934e262809c3f143035bf75239c54be30d2b686c50b4,ALLOWLISTED,CITATION_OR_YEAR,
2026,year_like,ACTIVE,3109,Appendix subsection: Assessor-facing guidance status,app:metrics,and COD guidance in this paper \cite{IAAO2013Ratio}. The May 2026 revision of the,d8c584310ce36cba752459e768752cacf94a6fe49fdac7699c1762f4440096a1,ALLOWLISTED,CITATION_OR_YEAR,
2025,year_like,SUPPRESSED,3216,Appendix subsection: Mechanism and residual-structure diagnostics,eq:nonlinearity_gap_estimator,held-out and 2025 forward paths and is not computed retrospectively for the already,7fe4539c063df1e469ed637e2355f032c45dec9cfc55a75a54e326b03070021d,NOT_RENDERED,SUPPRESSED,
2025,year_like,ACTIVE,3218,Appendix subsection: Mechanism and residual-structure diagnostics,eq:nonlinearity_gap_estimator,\latesttext{The estimator is reported on the primary held-out and 2025 forward paths. The same frozen cross-fitted estim,be28abf6a6028a25420272421ee5c5d4fb9ad5428b9e0416c0c1c2a1b21f1310,ALLOWLISTED,DESIGN_CONSTANT,
2025,year_like,ACTIVE,3683,Appendix subsection: Zero-Penalty Implementation Audit,subsec:zero_control_results,\caption{Implementation-control comparison at $\rho=0$. Prediction differences are log-price deviations from ordinary Li,15be2f8c2463d7a67746f41f008ab25f02731eda6f8f7d18457c6f582e0086c9,ALLOWLISTED,DESIGN_CONSTANT,
0.894,decimal,ACTIVE,3689,Appendix subsection: Zero-Penalty Implementation Audit,tab:rho_zero_control,Held-out & Ordinary LightGBM & 0.894 & 0.289 & -0.150 & -- & -- \\,795aa5a661c75fe6a603e97ddde17cdc9a74faf964b2c0941a574b78492480c5,SOURCED,,N-zero-R2P-A-heldout
0.289,decimal,ACTIVE,3689,Appendix subsection: Zero-Penalty Implementation Audit,tab:rho_zero_control,Held-out & Ordinary LightGBM & 0.894 & 0.289 & -0.150 & -- & -- \\,795aa5a661c75fe6a603e97ddde17cdc9a74faf964b2c0941a574b78492480c5,SOURCED,,N-zero-RMSElogP-A-heldout;N-zero-RMSElogP-C-heldout
0.150,decimal,ACTIVE,3689,Appendix subsection: Zero-Penalty Implementation Audit,tab:rho_zero_control,Held-out & Ordinary LightGBM & 0.894 & 0.289 & -0.150 & -- & -- \\,795aa5a661c75fe6a603e97ddde17cdc9a74faf964b2c0941a574b78492480c5,SOURCED,,N-zero-betalog-A-heldout
0.893,decimal,ACTIVE,3690,Appendix subsection: Zero-Penalty Implementation Audit,tab:rho_zero_control,"Held-out & Direct, $\rho=0$ & 0.893 & 0.289 & -0.147 & 3.24e-02 & 3.09e-01 \\",7a0138986d1e4a65206aa30bd44b25000f6419042e5c1cf13b34cb11f785bef1,SOURCED,,N-zero-R2P-C-heldout
0.289,decimal,ACTIVE,3690,Appendix subsection: Zero-Penalty Implementation Audit,tab:rho_zero_control,"Held-out & Direct, $\rho=0$ & 0.893 & 0.289 & -0.147 & 3.24e-02 & 3.09e-01 \\",7a0138986d1e4a65206aa30bd44b25000f6419042e5c1cf13b34cb11f785bef1,SOURCED,,N-zero-RMSElogP-A-heldout;N-zero-RMSElogP-C-heldout
0.147,decimal,ACTIVE,3690,Appendix subsection: Zero-Penalty Implementation Audit,tab:rho_zero_control,"Held-out & Direct, $\rho=0$ & 0.893 & 0.289 & -0.147 & 3.24e-02 & 3.09e-01 \\",7a0138986d1e4a65206aa30bd44b25000f6419042e5c1cf13b34cb11f785bef1,SOURCED,,N-zero-betalog-C-heldout
3.24e-02,scientific,ACTIVE,3690,Appendix subsection: Zero-Penalty Implementation Audit,tab:rho_zero_control,"Held-out & Direct, $\rho=0$ & 0.893 & 0.289 & -0.147 & 3.24e-02 & 3.09e-01 \\",7a0138986d1e4a65206aa30bd44b25000f6419042e5c1cf13b34cb11f785bef1,SOURCED,,N-zero-meandelta-heldout
3.09e-01,scientific,ACTIVE,3690,Appendix subsection: Zero-Penalty Implementation Audit,tab:rho_zero_control,"Held-out & Direct, $\rho=0$ & 0.893 & 0.289 & -0.147 & 3.24e-02 & 3.09e-01 \\",7a0138986d1e4a65206aa30bd44b25000f6419042e5c1cf13b34cb11f785bef1,SOURCED,,N-zero-maxdelta-heldout
0.893,decimal,ACTIVE,3691,Appendix subsection: Zero-Penalty Implementation Audit,tab:rho_zero_control,"Held-out & Surrogate, $\rho=0$ & 0.893 & 0.289 & -0.147 & 3.24e-02 & 3.09e-01 \\",9e76d98c7f2f519b516951b2dab7ae612b09534ce138234bfcc66789efae9b53,SOURCED,,N-zero-R2P-C-heldout
0.289,decimal,ACTIVE,3691,Appendix subsection: Zero-Penalty Implementation Audit,tab:rho_zero_control,"Held-out & Surrogate, $\rho=0$ & 0.893 & 0.289 & -0.147 & 3.24e-02 & 3.09e-01 \\",9e76d98c7f2f519b516951b2dab7ae612b09534ce138234bfcc66789efae9b53,SOURCED,,N-zero-RMSElogP-A-heldout;N-zero-RMSElogP-C-heldout
0.147,decimal,ACTIVE,3691,Appendix subsection: Zero-Penalty Implementation Audit,tab:rho_zero_control,"Held-out & Surrogate, $\rho=0$ & 0.893 & 0.289 & -0.147 & 3.24e-02 & 3.09e-01 \\",9e76d98c7f2f519b516951b2dab7ae612b09534ce138234bfcc66789efae9b53,SOURCED,,N-zero-betalog-C-heldout
3.24e-02,scientific,ACTIVE,3691,Appendix subsection: Zero-Penalty Implementation Audit,tab:rho_zero_control,"Held-out & Surrogate, $\rho=0$ & 0.893 & 0.289 & -0.147 & 3.24e-02 & 3.09e-01 \\",9e76d98c7f2f519b516951b2dab7ae612b09534ce138234bfcc66789efae9b53,SOURCED,,N-zero-meandelta-heldout
3.09e-01,scientific,ACTIVE,3691,Appendix subsection: Zero-Penalty Implementation Audit,tab:rho_zero_control,"Held-out & Surrogate, $\rho=0$ & 0.893 & 0.289 & -0.147 & 3.24e-02 & 3.09e-01 \\",9e76d98c7f2f519b516951b2dab7ae612b09534ce138234bfcc66789efae9b53,SOURCED,,N-zero-maxdelta-heldout
2025,year_like,ACTIVE,3693,Appendix subsection: Zero-Penalty Implementation Audit,tab:rho_zero_control,2025 forward & Ordinary LightGBM & 0.904 & 0.278 & -0.164 & -- & -- \\,f9f542ab483c7d1ece544870af2301159a42f6ebb57633e182c8e2435329ffa6,ALLOWLISTED,DESIGN_CONSTANT,
0.904,decimal,ACTIVE,3693,Appendix subsection: Zero-Penalty Implementation Audit,tab:rho_zero_control,2025 forward & Ordinary LightGBM & 0.904 & 0.278 & -0.164 & -- & -- \\,f9f542ab483c7d1ece544870af2301159a42f6ebb57633e182c8e2435329ffa6,SOURCED,,N-zero-R2P-A-forward_2025;N-zero-R2P-C-forward_2025
0.278,decimal,ACTIVE,3693,Appendix subsection: Zero-Penalty Implementation Audit,tab:rho_zero_control,2025 forward & Ordinary LightGBM & 0.904 & 0.278 & -0.164 & -- & -- \\,f9f542ab483c7d1ece544870af2301159a42f6ebb57633e182c8e2435329ffa6,SOURCED,,N-zero-RMSElogP-A-forward_2025
0.164,decimal,ACTIVE,3693,Appendix subsection: Zero-Penalty Implementation Audit,tab:rho_zero_control,2025 forward & Ordinary LightGBM & 0.904 & 0.278 & -0.164 & -- & -- \\,f9f542ab483c7d1ece544870af2301159a42f6ebb57633e182c8e2435329ffa6,SOURCED,,N-zero-betalog-A-forward_2025
2025,year_like,ACTIVE,3694,Appendix subsection: Zero-Penalty Implementation Audit,tab:rho_zero_control,"2025 forward & Direct, $\rho=0$ & 0.904 & 0.279 & -0.161 & 3.06e-02 & 2.83e-01 \\",0b794713e547cee046f9c2ad63a1d07dbce7abfd4894a44e4d5f3657a5bc6700,ALLOWLISTED,DESIGN_CONSTANT,
0.904,decimal,ACTIVE,3694,Appendix subsection: Zero-Penalty Implementation Audit,tab:rho_zero_control,"2025 forward & Direct, $\rho=0$ & 0.904 & 0.279 & -0.161 & 3.06e-02 & 2.83e-01 \\",0b794713e547cee046f9c2ad63a1d07dbce7abfd4894a44e4d5f3657a5bc6700,SOURCED,,N-zero-R2P-A-forward_2025;N-zero-R2P-C-forward_2025
0.279,decimal,ACTIVE,3694,Appendix subsection: Zero-Penalty Implementation Audit,tab:rho_zero_control,"2025 forward & Direct, $\rho=0$ & 0.904 & 0.279 & -0.161 & 3.06e-02 & 2.83e-01 \\",0b794713e547cee046f9c2ad63a1d07dbce7abfd4894a44e4d5f3657a5bc6700,SOURCED,,N-zero-RMSElogP-C-forward_2025
0.161,decimal,ACTIVE,3694,Appendix subsection: Zero-Penalty Implementation Audit,tab:rho_zero_control,"2025 forward & Direct, $\rho=0$ & 0.904 & 0.279 & -0.161 & 3.06e-02 & 2.83e-01 \\",0b794713e547cee046f9c2ad63a1d07dbce7abfd4894a44e4d5f3657a5bc6700,SOURCED,,N-zero-betalog-C-forward_2025
3.06e-02,scientific,ACTIVE,3694,Appendix subsection: Zero-Penalty Implementation Audit,tab:rho_zero_control,"2025 forward & Direct, $\rho=0$ & 0.904 & 0.279 & -0.161 & 3.06e-02 & 2.83e-01 \\",0b794713e547cee046f9c2ad63a1d07dbce7abfd4894a44e4d5f3657a5bc6700,SOURCED,,N-zero-meandelta-forward_2025
2.83e-01,scientific,ACTIVE,3694,Appendix subsection: Zero-Penalty Implementation Audit,tab:rho_zero_control,"2025 forward & Direct, $\rho=0$ & 0.904 & 0.279 & -0.161 & 3.06e-02 & 2.83e-01 \\",0b794713e547cee046f9c2ad63a1d07dbce7abfd4894a44e4d5f3657a5bc6700,SOURCED,,N-zero-maxdelta-forward_2025
2025,year_like,ACTIVE,3695,Appendix subsection: Zero-Penalty Implementation Audit,tab:rho_zero_control,"2025 forward & Surrogate, $\rho=0$ & 0.904 & 0.279 & -0.161 & 3.06e-02 & 2.83e-01 \\",d1a0b6be534085724799d994791029e3a1f4057f63137ed81ad62b050774a2f0,ALLOWLISTED,DESIGN_CONSTANT,
0.904,decimal,ACTIVE,3695,Appendix subsection: Zero-Penalty Implementation Audit,tab:rho_zero_control,"2025 forward & Surrogate, $\rho=0$ & 0.904 & 0.279 & -0.161 & 3.06e-02 & 2.83e-01 \\",d1a0b6be534085724799d994791029e3a1f4057f63137ed81ad62b050774a2f0,SOURCED,,N-zero-R2P-A-forward_2025;N-zero-R2P-C-forward_2025
0.279,decimal,ACTIVE,3695,Appendix subsection: Zero-Penalty Implementation Audit,tab:rho_zero_control,"2025 forward & Surrogate, $\rho=0$ & 0.904 & 0.279 & -0.161 & 3.06e-02 & 2.83e-01 \\",d1a0b6be534085724799d994791029e3a1f4057f63137ed81ad62b050774a2f0,SOURCED,,N-zero-RMSElogP-C-forward_2025
0.161,decimal,ACTIVE,3695,Appendix subsection: Zero-Penalty Implementation Audit,tab:rho_zero_control,"2025 forward & Surrogate, $\rho=0$ & 0.904 & 0.279 & -0.161 & 3.06e-02 & 2.83e-01 \\",d1a0b6be534085724799d994791029e3a1f4057f63137ed81ad62b050774a2f0,SOURCED,,N-zero-betalog-C-forward_2025
3.06e-02,scientific,ACTIVE,3695,Appendix subsection: Zero-Penalty Implementation Audit,tab:rho_zero_control,"2025 forward & Surrogate, $\rho=0$ & 0.904 & 0.279 & -0.161 & 3.06e-02 & 2.83e-01 \\",d1a0b6be534085724799d994791029e3a1f4057f63137ed81ad62b050774a2f0,SOURCED,,N-zero-meandelta-forward_2025
2.83e-01,scientific,ACTIVE,3695,Appendix subsection: Zero-Penalty Implementation Audit,tab:rho_zero_control,"2025 forward & Surrogate, $\rho=0$ & 0.904 & 0.279 & -0.161 & 3.06e-02 & 2.83e-01 \\",d1a0b6be534085724799d994791029e3a1f4057f63137ed81ad62b050774a2f0,SOURCED,,N-zero-maxdelta-forward_2025
2025,year_like,ACTIVE,3783,Appendix subsection: Complete Regularization-Path Results,app:ccao_path_details,"standard deviation, held-out results, and 2025 forward results for the",c65293a5a2f4380a48fbe752598f8c961b09c85eabd68d5d8833fe744338492e,ALLOWLISTED,DESIGN_CONSTANT,
2025,year_like,ACTIVE,3799,Appendix subsection: Complete Regularization-Path Results,tab:ccao_baseline_complementary,\textbf{Measure} & \multicolumn{2}{c}{\textbf{Held-out evaluation}} & \multicolumn{2}{c}{\textbf{2025 forward evaluation,8a9aae799e59a1ecee2b89f4d54b038053e4ed44890a0f1079710a69763a6ff6,ALLOWLISTED,DESIGN_CONSTANT,
0.969,decimal,ACTIVE,3805,Appendix subsection: Complete Regularization-Path Results,tab:ccao_baseline_complementary,\baselinecompmetric{Median ratio $m_S$} & \textbf{0.969} & 0.929 & \textbf{1.020} & 0.950 \\,2d5d06d0d0139dd39c0c317459a101cb73864102cdf203295567760fe4559145,FLAGGED_UNSUPPORTED,no frozen source,
0.929,decimal,ACTIVE,3805,Appendix subsection: Complete Regularization-Path Results,tab:ccao_baseline_complementary,\baselinecompmetric{Median ratio $m_S$} & \textbf{0.969} & 0.929 & \textbf{1.020} & 0.950 \\,2d5d06d0d0139dd39c0c317459a101cb73864102cdf203295567760fe4559145,SOURCED,,N-baselinecomp-medianratio-heldout
1.020,decimal,ACTIVE,3805,Appendix subsection: Complete Regularization-Path Results,tab:ccao_baseline_complementary,\baselinecompmetric{Median ratio $m_S$} & \textbf{0.969} & 0.929 & \textbf{1.020} & 0.950 \\,2d5d06d0d0139dd39c0c317459a101cb73864102cdf203295567760fe4559145,FLAGGED_UNSUPPORTED,no frozen source,
0.950,decimal,ACTIVE,3805,Appendix subsection: Complete Regularization-Path Results,tab:ccao_baseline_complementary,\baselinecompmetric{Median ratio $m_S$} & \textbf{0.969} & 0.929 & \textbf{1.020} & 0.950 \\,2d5d06d0d0139dd39c0c317459a101cb73864102cdf203295567760fe4559145,SOURCED,,N-baselinecomp-medianratio-forward_2025
1.020,decimal,ACTIVE,3806,Appendix subsection: Complete Regularization-Path Results,tab:ccao_baseline_complementary,\baselinecompmetric{Mean ratio $\bar r_S$} & 1.020 & \textbf{0.989} & 1.081 & \textbf{1.015} \\,c822789a96f43b369312f94bed4fccbd84f3c20a84f0b52b0a4761bdaee0b41d,FLAGGED_UNSUPPORTED,no frozen source,
0.989,decimal,ACTIVE,3806,Appendix subsection: Complete Regularization-Path Results,tab:ccao_baseline_complementary,\baselinecompmetric{Mean ratio $\bar r_S$} & 1.020 & \textbf{0.989} & 1.081 & \textbf{1.015} \\,c822789a96f43b369312f94bed4fccbd84f3c20a84f0b52b0a4761bdaee0b41d,SOURCED,,N-baselinecomp-meanratio-heldout
1.081,decimal,ACTIVE,3806,Appendix subsection: Complete Regularization-Path Results,tab:ccao_baseline_complementary,\baselinecompmetric{Mean ratio $\bar r_S$} & 1.020 & \textbf{0.989} & 1.081 & \textbf{1.015} \\,c822789a96f43b369312f94bed4fccbd84f3c20a84f0b52b0a4761bdaee0b41d,FLAGGED_UNSUPPORTED,no frozen source,
1.015,decimal,ACTIVE,3806,Appendix subsection: Complete Regularization-Path Results,tab:ccao_baseline_complementary,\baselinecompmetric{Mean ratio $\bar r_S$} & 1.020 & \textbf{0.989} & 1.081 & \textbf{1.015} \\,c822789a96f43b369312f94bed4fccbd84f3c20a84f0b52b0a4761bdaee0b41d,SOURCED,,N-baselinecomp-meanratio-forward_2025
0.979,decimal,ACTIVE,3807,Appendix subsection: Complete Regularization-Path Results,tab:ccao_baseline_complementary,"\baselinecompmetric{Weighted mean $\bar r_{W,S}$} & \textbf{0.979} & 0.924 & \textbf{1.027} & 0.941 \\",ebc0b30a0adbdfd64950e11f3be3d184e01d34ba954fb5eed5aefa34f13b9c98,FLAGGED_UNSUPPORTED,no frozen source,
0.924,decimal,ACTIVE,3807,Appendix subsection: Complete Regularization-Path Results,tab:ccao_baseline_complementary,"\baselinecompmetric{Weighted mean $\bar r_{W,S}$} & \textbf{0.979} & 0.924 & \textbf{1.027} & 0.941 \\",ebc0b30a0adbdfd64950e11f3be3d184e01d34ba954fb5eed5aefa34f13b9c98,SOURCED,,N-baselinecomp-wmeanratio-heldout
1.027,decimal,ACTIVE,3807,Appendix subsection: Complete Regularization-Path Results,tab:ccao_baseline_complementary,"\baselinecompmetric{Weighted mean $\bar r_{W,S}$} & \textbf{0.979} & 0.924 & \textbf{1.027} & 0.941 \\",ebc0b30a0adbdfd64950e11f3be3d184e01d34ba954fb5eed5aefa34f13b9c98,FLAGGED_UNSUPPORTED,no frozen source,
0.941,decimal,ACTIVE,3807,Appendix subsection: Complete Regularization-Path Results,tab:ccao_baseline_complementary,"\baselinecompmetric{Weighted mean $\bar r_{W,S}$} & \textbf{0.979} & 0.924 & \textbf{1.027} & 0.941 \\",ebc0b30a0adbdfd64950e11f3be3d184e01d34ba954fb5eed5aefa34f13b9c98,SOURCED,,N-baselinecomp-wmeanratio-forward_2025
24.7,decimal,ACTIVE,3811,Appendix subsection: Complete Regularization-Path Results,tab:ccao_baseline_complementary,\baselinecompmetric{COD} & 24.7\% & \textbf{21.6\%} & 24.3\% & \textbf{21.3\%} \\,9a8e5067b7c21f25756e2e6fb0abec9d06057e607995beb62065b02f9590362d,FLAGGED_UNSUPPORTED,no frozen source,
21.6,decimal,ACTIVE,3811,Appendix subsection: Complete Regularization-Path Results,tab:ccao_baseline_complementary,\baselinecompmetric{COD} & 24.7\% & \textbf{21.6\%} & 24.3\% & \textbf{21.3\%} \\,9a8e5067b7c21f25756e2e6fb0abec9d06057e607995beb62065b02f9590362d,SOURCED,,N-baselinecomp-COD-heldout
24.3,decimal,ACTIVE,3811,Appendix subsection: Complete Regularization-Path Results,tab:ccao_baseline_complementary,\baselinecompmetric{COD} & 24.7\% & \textbf{21.6\%} & 24.3\% & \textbf{21.3\%} \\,9a8e5067b7c21f25756e2e6fb0abec9d06057e607995beb62065b02f9590362d,FLAGGED_UNSUPPORTED,no frozen source,
21.3,decimal,ACTIVE,3811,Appendix subsection: Complete Regularization-Path Results,tab:ccao_baseline_complementary,\baselinecompmetric{COD} & 24.7\% & \textbf{21.6\%} & 24.3\% & \textbf{21.3\%} \\,9a8e5067b7c21f25756e2e6fb0abec9d06057e607995beb62065b02f9590362d,SOURCED,,N-baselinecomp-COD-forward_2025
45.2,decimal,ACTIVE,3812,Appendix subsection: Complete Regularization-Path Results,tab:ccao_baseline_complementary,\baselinecompmetric{COV} & 45.2\% & \textbf{39.7\%} & 42.1\% & \textbf{37.2\%} \\,854786a729c55e94ca233230d90960f0e1fcd66048123ce1b1e39cbf3aa26720,FLAGGED_UNSUPPORTED,no frozen source,
39.7,decimal,ACTIVE,3812,Appendix subsection: Complete Regularization-Path Results,tab:ccao_baseline_complementary,\baselinecompmetric{COV} & 45.2\% & \textbf{39.7\%} & 42.1\% & \textbf{37.2\%} \\,854786a729c55e94ca233230d90960f0e1fcd66048123ce1b1e39cbf3aa26720,FLAGGED_UNSUPPORTED,no frozen source,
42.1,decimal,ACTIVE,3812,Appendix subsection: Complete Regularization-Path Results,tab:ccao_baseline_complementary,\baselinecompmetric{COV} & 45.2\% & \textbf{39.7\%} & 42.1\% & \textbf{37.2\%} \\,854786a729c55e94ca233230d90960f0e1fcd66048123ce1b1e39cbf3aa26720,FLAGGED_UNSUPPORTED,no frozen source,
37.2,decimal,ACTIVE,3812,Appendix subsection: Complete Regularization-Path Results,tab:ccao_baseline_complementary,\baselinecompmetric{COV} & 45.2\% & \textbf{39.7\%} & 42.1\% & \textbf{37.2\%} \\,854786a729c55e94ca233230d90960f0e1fcd66048123ce1b1e39cbf3aa26720,FLAGGED_UNSUPPORTED,no frozen source,
0.092,decimal,ACTIVE,3816,Appendix subsection: Complete Regularization-Path Results,tab:ccao_baseline_complementary,\baselinecompmetric{$\beta_{\log}$} & \textbf{-0.092} & -0.150 & \textbf{-0.109} & -0.164 \\,f30c78894451a2f660a8745887d3f11f2493d5f271c487b02859826884ff601d,FLAGGED_UNSUPPORTED,no frozen source,
0.150,decimal,ACTIVE,3816,Appendix subsection: Complete Regularization-Path Results,tab:ccao_baseline_complementary,\baselinecompmetric{$\beta_{\log}$} & \textbf{-0.092} & -0.150 & \textbf{-0.109} & -0.164 \\,f30c78894451a2f660a8745887d3f11f2493d5f271c487b02859826884ff601d,SOURCED,,N-baselinecomp-betalog-heldout
0.109,decimal,ACTIVE,3816,Appendix subsection: Complete Regularization-Path Results,tab:ccao_baseline_complementary,\baselinecompmetric{$\beta_{\log}$} & \textbf{-0.092} & -0.150 & \textbf{-0.109} & -0.164 \\,f30c78894451a2f660a8745887d3f11f2493d5f271c487b02859826884ff601d,FLAGGED_UNSUPPORTED,no frozen source,
0.164,decimal,ACTIVE,3816,Appendix subsection: Complete Regularization-Path Results,tab:ccao_baseline_complementary,\baselinecompmetric{$\beta_{\log}$} & \textbf{-0.092} & -0.150 & \textbf{-0.109} & -0.164 \\,f30c78894451a2f660a8745887d3f11f2493d5f271c487b02859826884ff601d,SOURCED,,N-baselinecomp-betalog-forward_2025
0.131,decimal,ACTIVE,3817,Appendix subsection: Complete Regularization-Path Results,tab:ccao_baseline_complementary,\baselinecompmetric{$\Delta_{\mathrm{NL}}$} & 0.131 & \textbf{0.119} & 0.122 & \textbf{0.121} \\,cd5dc1496e8023858ab2da74ce882e9ac03bdf18e51253622913905ed5e9daf1,FLAGGED_UNSUPPORTED,no frozen source,
0.119,decimal,ACTIVE,3817,Appendix subsection: Complete Regularization-Path Results,tab:ccao_baseline_complementary,\baselinecompmetric{$\Delta_{\mathrm{NL}}$} & 0.131 & \textbf{0.119} & 0.122 & \textbf{0.121} \\,cd5dc1496e8023858ab2da74ce882e9ac03bdf18e51253622913905ed5e9daf1,SOURCED,,N-baselinecomp-DeltaNL-heldout
0.122,decimal,ACTIVE,3817,Appendix subsection: Complete Regularization-Path Results,tab:ccao_baseline_complementary,\baselinecompmetric{$\Delta_{\mathrm{NL}}$} & 0.131 & \textbf{0.119} & 0.122 & \textbf{0.121} \\,cd5dc1496e8023858ab2da74ce882e9ac03bdf18e51253622913905ed5e9daf1,FLAGGED_UNSUPPORTED,no frozen source,
0.121,decimal,ACTIVE,3817,Appendix subsection: Complete Regularization-Path Results,tab:ccao_baseline_complementary,\baselinecompmetric{$\Delta_{\mathrm{NL}}$} & 0.131 & \textbf{0.119} & 0.122 & \textbf{0.121} \\,cd5dc1496e8023858ab2da74ce882e9ac03bdf18e51253622913905ed5e9daf1,SOURCED,,N-baselinecomp-DeltaNL-forward_2025
0.250,decimal,ACTIVE,3818,Appendix subsection: Complete Regularization-Path Results,tab:ccao_baseline_complementary,"\baselinecompmetric{$\operatorname{dCor}(e,y)$} & \textbf{0.250} & 0.387 & \textbf{0.269} & 0.422 \\",e8099f2a639ecc48670af6f7f1531590bb545d6585b4de36812bb810cd46a8ae,FLAGGED_UNSUPPORTED,no frozen source,
0.387,decimal,ACTIVE,3818,Appendix subsection: Complete Regularization-Path Results,tab:ccao_baseline_complementary,"\baselinecompmetric{$\operatorname{dCor}(e,y)$} & \textbf{0.250} & 0.387 & \textbf{0.269} & 0.422 \\",e8099f2a639ecc48670af6f7f1531590bb545d6585b4de36812bb810cd46a8ae,SOURCED,,N-baselinecomp-dCor-heldout
0.269,decimal,ACTIVE,3818,Appendix subsection: Complete Regularization-Path Results,tab:ccao_baseline_complementary,"\baselinecompmetric{$\operatorname{dCor}(e,y)$} & \textbf{0.250} & 0.387 & \textbf{0.269} & 0.422 \\",e8099f2a639ecc48670af6f7f1531590bb545d6585b4de36812bb810cd46a8ae,FLAGGED_UNSUPPORTED,no frozen source,
0.422,decimal,ACTIVE,3818,Appendix subsection: Complete Regularization-Path Results,tab:ccao_baseline_complementary,"\baselinecompmetric{$\operatorname{dCor}(e,y)$} & \textbf{0.250} & 0.387 & \textbf{0.269} & 0.422 \\",e8099f2a639ecc48670af6f7f1531590bb545d6585b4de36812bb810cd46a8ae,SOURCED,,N-baselinecomp-dCor-forward_2025
0.969,decimal,COMMENTED,3853,Appendix subsection: Complete Regularization-Path Results,tab:path_anchor_complementary,% Linear regression & -- & \textbf{0.969} & 1.020 & \textbf{0.979} & 24.7\% & 45.2\% & \textbf{-0.092} & 0.131 & \textbf,eefa6cd0ecb311c4304a85eac994dfb6f94ae3d44872b67bbab8e1f450b4cbf0,NOT_RENDERED,COMMENTED,
1.020,decimal,COMMENTED,3853,Appendix subsection: Complete Regularization-Path Results,tab:path_anchor_complementary,% Linear regression & -- & \textbf{0.969} & 1.020 & \textbf{0.979} & 24.7\% & 45.2\% & \textbf{-0.092} & 0.131 & \textbf,eefa6cd0ecb311c4304a85eac994dfb6f94ae3d44872b67bbab8e1f450b4cbf0,NOT_RENDERED,COMMENTED,
0.979,decimal,COMMENTED,3853,Appendix subsection: Complete Regularization-Path Results,tab:path_anchor_complementary,% Linear regression & -- & \textbf{0.969} & 1.020 & \textbf{0.979} & 24.7\% & 45.2\% & \textbf{-0.092} & 0.131 & \textbf,eefa6cd0ecb311c4304a85eac994dfb6f94ae3d44872b67bbab8e1f450b4cbf0,NOT_RENDERED,COMMENTED,
24.7,decimal,COMMENTED,3853,Appendix subsection: Complete Regularization-Path Results,tab:path_anchor_complementary,% Linear regression & -- & \textbf{0.969} & 1.020 & \textbf{0.979} & 24.7\% & 45.2\% & \textbf{-0.092} & 0.131 & \textbf,eefa6cd0ecb311c4304a85eac994dfb6f94ae3d44872b67bbab8e1f450b4cbf0,NOT_RENDERED,COMMENTED,
45.2,decimal,COMMENTED,3853,Appendix subsection: Complete Regularization-Path Results,tab:path_anchor_complementary,% Linear regression & -- & \textbf{0.969} & 1.020 & \textbf{0.979} & 24.7\% & 45.2\% & \textbf{-0.092} & 0.131 & \textbf,eefa6cd0ecb311c4304a85eac994dfb6f94ae3d44872b67bbab8e1f450b4cbf0,NOT_RENDERED,COMMENTED,
0.092,decimal,COMMENTED,3853,Appendix subsection: Complete Regularization-Path Results,tab:path_anchor_complementary,% Linear regression & -- & \textbf{0.969} & 1.020 & \textbf{0.979} & 24.7\% & 45.2\% & \textbf{-0.092} & 0.131 & \textbf,eefa6cd0ecb311c4304a85eac994dfb6f94ae3d44872b67bbab8e1f450b4cbf0,NOT_RENDERED,COMMENTED,
0.131,decimal,COMMENTED,3853,Appendix subsection: Complete Regularization-Path Results,tab:path_anchor_complementary,% Linear regression & -- & \textbf{0.969} & 1.020 & \textbf{0.979} & 24.7\% & 45.2\% & \textbf{-0.092} & 0.131 & \textbf,eefa6cd0ecb311c4304a85eac994dfb6f94ae3d44872b67bbab8e1f450b4cbf0,NOT_RENDERED,COMMENTED,
0.250,decimal,COMMENTED,3853,Appendix subsection: Complete Regularization-Path Results,tab:path_anchor_complementary,% Linear regression & -- & \textbf{0.969} & 1.020 & \textbf{0.979} & 24.7\% & 45.2\% & \textbf{-0.092} & 0.131 & \textbf,eefa6cd0ecb311c4304a85eac994dfb6f94ae3d44872b67bbab8e1f450b4cbf0,NOT_RENDERED,COMMENTED,
0.929,decimal,COMMENTED,3854,Appendix subsection: Complete Regularization-Path Results,tab:path_anchor_complementary,% Ordinary LightGBM & -- & 0.929 & \textbf{0.989} & 0.924 & \textbf{21.6\%} & \textbf{39.7\%} & -0.150 & \textbf{0.119} ,bb8460a3da83a8993cc332085f6a8d556865f626fad9a2af0d4ee968f147bb56,NOT_RENDERED,COMMENTED,
0.989,decimal,COMMENTED,3854,Appendix subsection: Complete Regularization-Path Results,tab:path_anchor_complementary,% Ordinary LightGBM & -- & 0.929 & \textbf{0.989} & 0.924 & \textbf{21.6\%} & \textbf{39.7\%} & -0.150 & \textbf{0.119} ,bb8460a3da83a8993cc332085f6a8d556865f626fad9a2af0d4ee968f147bb56,NOT_RENDERED,COMMENTED,
0.924,decimal,COMMENTED,3854,Appendix subsection: Complete Regularization-Path Results,tab:path_anchor_complementary,% Ordinary LightGBM & -- & 0.929 & \textbf{0.989} & 0.924 & \textbf{21.6\%} & \textbf{39.7\%} & -0.150 & \textbf{0.119} ,bb8460a3da83a8993cc332085f6a8d556865f626fad9a2af0d4ee968f147bb56,NOT_RENDERED,COMMENTED,
21.6,decimal,COMMENTED,3854,Appendix subsection: Complete Regularization-Path Results,tab:path_anchor_complementary,% Ordinary LightGBM & -- & 0.929 & \textbf{0.989} & 0.924 & \textbf{21.6\%} & \textbf{39.7\%} & -0.150 & \textbf{0.119} ,bb8460a3da83a8993cc332085f6a8d556865f626fad9a2af0d4ee968f147bb56,NOT_RENDERED,COMMENTED,
39.7,decimal,COMMENTED,3854,Appendix subsection: Complete Regularization-Path Results,tab:path_anchor_complementary,% Ordinary LightGBM & -- & 0.929 & \textbf{0.989} & 0.924 & \textbf{21.6\%} & \textbf{39.7\%} & -0.150 & \textbf{0.119} ,bb8460a3da83a8993cc332085f6a8d556865f626fad9a2af0d4ee968f147bb56,NOT_RENDERED,COMMENTED,
0.150,decimal,COMMENTED,3854,Appendix subsection: Complete Regularization-Path Results,tab:path_anchor_complementary,% Ordinary LightGBM & -- & 0.929 & \textbf{0.989} & 0.924 & \textbf{21.6\%} & \textbf{39.7\%} & -0.150 & \textbf{0.119} ,bb8460a3da83a8993cc332085f6a8d556865f626fad9a2af0d4ee968f147bb56,NOT_RENDERED,COMMENTED,
0.119,decimal,COMMENTED,3854,Appendix subsection: Complete Regularization-Path Results,tab:path_anchor_complementary,% Ordinary LightGBM & -- & 0.929 & \textbf{0.989} & 0.924 & \textbf{21.6\%} & \textbf{39.7\%} & -0.150 & \textbf{0.119} ,bb8460a3da83a8993cc332085f6a8d556865f626fad9a2af0d4ee968f147bb56,NOT_RENDERED,COMMENTED,
0.387,decimal,COMMENTED,3854,Appendix subsection: Complete Regularization-Path Results,tab:path_anchor_complementary,% Ordinary LightGBM & -- & 0.929 & \textbf{0.989} & 0.924 & \textbf{21.6\%} & \textbf{39.7\%} & -0.150 & \textbf{0.119} ,bb8460a3da83a8993cc332085f6a8d556865f626fad9a2af0d4ee968f147bb56,NOT_RENDERED,COMMENTED,
0.926,decimal,COMMENTED,3859,Appendix subsection: Complete Regularization-Path Results,tab:path_anchor_complementary,% \latesttext{Direct} & \latesttext{$\approx0.01$} & \latesttext{0.926} & \latesttext{0.986} & \latesttext{0.922} & \lat,187f3764c23d17bc29e7e27e22e9d5edde278e3a52215072f026dc2ddedbe8fe,NOT_RENDERED,COMMENTED,
0.986,decimal,COMMENTED,3859,Appendix subsection: Complete Regularization-Path Results,tab:path_anchor_complementary,% \latesttext{Direct} & \latesttext{$\approx0.01$} & \latesttext{0.926} & \latesttext{0.986} & \latesttext{0.922} & \lat,187f3764c23d17bc29e7e27e22e9d5edde278e3a52215072f026dc2ddedbe8fe,NOT_RENDERED,COMMENTED,
0.922,decimal,COMMENTED,3859,Appendix subsection: Complete Regularization-Path Results,tab:path_anchor_complementary,% \latesttext{Direct} & \latesttext{$\approx0.01$} & \latesttext{0.926} & \latesttext{0.986} & \latesttext{0.922} & \lat,187f3764c23d17bc29e7e27e22e9d5edde278e3a52215072f026dc2ddedbe8fe,NOT_RENDERED,COMMENTED,
21.7,decimal,COMMENTED,3859,Appendix subsection: Complete Regularization-Path Results,tab:path_anchor_complementary,% \latesttext{Direct} & \latesttext{$\approx0.01$} & \latesttext{0.926} & \latesttext{0.986} & \latesttext{0.922} & \lat,187f3764c23d17bc29e7e27e22e9d5edde278e3a52215072f026dc2ddedbe8fe,NOT_RENDERED,COMMENTED,
39.9,decimal,COMMENTED,3859,Appendix subsection: Complete Regularization-Path Results,tab:path_anchor_complementary,% \latesttext{Direct} & \latesttext{$\approx0.01$} & \latesttext{0.926} & \latesttext{0.986} & \latesttext{0.922} & \lat,187f3764c23d17bc29e7e27e22e9d5edde278e3a52215072f026dc2ddedbe8fe,NOT_RENDERED,COMMENTED,
0.148,decimal,COMMENTED,3859,Appendix subsection: Complete Regularization-Path Results,tab:path_anchor_complementary,% \latesttext{Direct} & \latesttext{$\approx0.01$} & \latesttext{0.926} & \latesttext{0.986} & \latesttext{0.922} & \lat,187f3764c23d17bc29e7e27e22e9d5edde278e3a52215072f026dc2ddedbe8fe,NOT_RENDERED,COMMENTED,
0.119,decimal,COMMENTED,3859,Appendix subsection: Complete Regularization-Path Results,tab:path_anchor_complementary,% \latesttext{Direct} & \latesttext{$\approx0.01$} & \latesttext{0.926} & \latesttext{0.986} & \latesttext{0.922} & \lat,187f3764c23d17bc29e7e27e22e9d5edde278e3a52215072f026dc2ddedbe8fe,NOT_RENDERED,COMMENTED,
0.385,decimal,COMMENTED,3859,Appendix subsection: Complete Regularization-Path Results,tab:path_anchor_complementary,% \latesttext{Direct} & \latesttext{$\approx0.01$} & \latesttext{0.926} & \latesttext{0.986} & \latesttext{0.922} & \lat,187f3764c23d17bc29e7e27e22e9d5edde278e3a52215072f026dc2ddedbe8fe,NOT_RENDERED,COMMENTED,
0.1,decimal,COMMENTED,3860,Appendix subsection: Complete Regularization-Path Results,tab:path_anchor_complementary,% Direct & \oldtext{$\approx0.1$}\latesttext{$0.1$} & \oldtext{\textit{source}}\latesttext{0.924} & \oldtext{\textit{sou,d19644e312c07d189e8c423930eb6d37b0af1a779f45113e189842f7bfa7e71d,NOT_RENDERED,COMMENTED,
0.924,decimal,COMMENTED,3860,Appendix subsection: Complete Regularization-Path Results,tab:path_anchor_complementary,% Direct & \oldtext{$\approx0.1$}\latesttext{$0.1$} & \oldtext{\textit{source}}\latesttext{0.924} & \oldtext{\textit{sou,d19644e312c07d189e8c423930eb6d37b0af1a779f45113e189842f7bfa7e71d,NOT_RENDERED,COMMENTED,
0.983,decimal,COMMENTED,3860,Appendix subsection: Complete Regularization-Path Results,tab:path_anchor_complementary,% Direct & \oldtext{$\approx0.1$}\latesttext{$0.1$} & \oldtext{\textit{source}}\latesttext{0.924} & \oldtext{\textit{sou,d19644e312c07d189e8c423930eb6d37b0af1a779f45113e189842f7bfa7e71d,NOT_RENDERED,COMMENTED,
0.920,decimal,COMMENTED,3860,Appendix subsection: Complete Regularization-Path Results,tab:path_anchor_complementary,% Direct & \oldtext{$\approx0.1$}\latesttext{$0.1$} & \oldtext{\textit{source}}\latesttext{0.924} & \oldtext{\textit{sou,d19644e312c07d189e8c423930eb6d37b0af1a779f45113e189842f7bfa7e71d,NOT_RENDERED,COMMENTED,
21.6,decimal,COMMENTED,3860,Appendix subsection: Complete Regularization-Path Results,tab:path_anchor_complementary,% Direct & \oldtext{$\approx0.1$}\latesttext{$0.1$} & \oldtext{\textit{source}}\latesttext{0.924} & \oldtext{\textit{sou,d19644e312c07d189e8c423930eb6d37b0af1a779f45113e189842f7bfa7e71d,NOT_RENDERED,COMMENTED,
39.8,decimal,COMMENTED,3860,Appendix subsection: Complete Regularization-Path Results,tab:path_anchor_complementary,% Direct & \oldtext{$\approx0.1$}\latesttext{$0.1$} & \oldtext{\textit{source}}\latesttext{0.924} & \oldtext{\textit{sou,d19644e312c07d189e8c423930eb6d37b0af1a779f45113e189842f7bfa7e71d,NOT_RENDERED,COMMENTED,
0.147,decimal,COMMENTED,3860,Appendix subsection: Complete Regularization-Path Results,tab:path_anchor_complementary,% Direct & \oldtext{$\approx0.1$}\latesttext{$0.1$} & \oldtext{\textit{source}}\latesttext{0.924} & \oldtext{\textit{sou,d19644e312c07d189e8c423930eb6d37b0af1a779f45113e189842f7bfa7e71d,NOT_RENDERED,COMMENTED,
0.119,decimal,COMMENTED,3860,Appendix subsection: Complete Regularization-Path Results,tab:path_anchor_complementary,% Direct & \oldtext{$\approx0.1$}\latesttext{$0.1$} & \oldtext{\textit{source}}\latesttext{0.924} & \oldtext{\textit{sou,d19644e312c07d189e8c423930eb6d37b0af1a779f45113e189842f7bfa7e71d,NOT_RENDERED,COMMENTED,
0.382,decimal,COMMENTED,3860,Appendix subsection: Complete Regularization-Path Results,tab:path_anchor_complementary,% Direct & \oldtext{$\approx0.1$}\latesttext{$0.1$} & \oldtext{\textit{source}}\latesttext{0.924} & \oldtext{\textit{sou,d19644e312c07d189e8c423930eb6d37b0af1a779f45113e189842f7bfa7e71d,NOT_RENDERED,COMMENTED,
0.936,decimal,COMMENTED,3861,Appendix subsection: Complete Regularization-Path Results,tab:path_anchor_complementary,% Direct & \oldtext{$\approx0.954$}\latesttext{$\approx1$} & \oldtext{\textit{source}}\latesttext{\textbf{0.936}} & \old,65d7dd8b24f2dccc2c89475e5ba047742c8c26d2278dd4cb9981368d12d0e0ef,NOT_RENDERED,COMMENTED,
0.993,decimal,COMMENTED,3861,Appendix subsection: Complete Regularization-Path Results,tab:path_anchor_complementary,% Direct & \oldtext{$\approx0.954$}\latesttext{$\approx1$} & \oldtext{\textit{source}}\latesttext{\textbf{0.936}} & \old,65d7dd8b24f2dccc2c89475e5ba047742c8c26d2278dd4cb9981368d12d0e0ef,NOT_RENDERED,COMMENTED,
0.936,decimal,COMMENTED,3861,Appendix subsection: Complete Regularization-Path Results,tab:path_anchor_complementary,% Direct & \oldtext{$\approx0.954$}\latesttext{$\approx1$} & \oldtext{\textit{source}}\latesttext{\textbf{0.936}} & \old,65d7dd8b24f2dccc2c89475e5ba047742c8c26d2278dd4cb9981368d12d0e0ef,NOT_RENDERED,COMMENTED,
21.6,decimal,COMMENTED,3861,Appendix subsection: Complete Regularization-Path Results,tab:path_anchor_complementary,% Direct & \oldtext{$\approx0.954$}\latesttext{$\approx1$} & \oldtext{\textit{source}}\latesttext{\textbf{0.936}} & \old,65d7dd8b24f2dccc2c89475e5ba047742c8c26d2278dd4cb9981368d12d0e0ef,NOT_RENDERED,COMMENTED,
39.9,decimal,COMMENTED,3861,Appendix subsection: Complete Regularization-Path Results,tab:path_anchor_complementary,% Direct & \oldtext{$\approx0.954$}\latesttext{$\approx1$} & \oldtext{\textit{source}}\latesttext{\textbf{0.936}} & \old,65d7dd8b24f2dccc2c89475e5ba047742c8c26d2278dd4cb9981368d12d0e0ef,NOT_RENDERED,COMMENTED,
0.134,decimal,COMMENTED,3861,Appendix subsection: Complete Regularization-Path Results,tab:path_anchor_complementary,% Direct & \oldtext{$\approx0.954$}\latesttext{$\approx1$} & \oldtext{\textit{source}}\latesttext{\textbf{0.936}} & \old,65d7dd8b24f2dccc2c89475e5ba047742c8c26d2278dd4cb9981368d12d0e0ef,NOT_RENDERED,COMMENTED,
0.122,decimal,COMMENTED,3861,Appendix subsection: Complete Regularization-Path Results,tab:path_anchor_complementary,% Direct & \oldtext{$\approx0.954$}\latesttext{$\approx1$} & \oldtext{\textit{source}}\latesttext{\textbf{0.936}} & \old,65d7dd8b24f2dccc2c89475e5ba047742c8c26d2278dd4cb9981368d12d0e0ef,NOT_RENDERED,COMMENTED,
0.359,decimal,COMMENTED,3861,Appendix subsection: Complete Regularization-Path Results,tab:path_anchor_complementary,% Direct & \oldtext{$\approx0.954$}\latesttext{$\approx1$} & \oldtext{\textit{source}}\latesttext{\textbf{0.936}} & \old,65d7dd8b24f2dccc2c89475e5ba047742c8c26d2278dd4cb9981368d12d0e0ef,NOT_RENDERED,COMMENTED,
0.953,decimal,COMMENTED,3862,Appendix subsection: Complete Regularization-Path Results,tab:path_anchor_complementary,% Direct & \oldtext{$\approx10.481$}\latesttext{$\approx10$} & \oldtext{\textit{source}}\latesttext{\textbf{0.953}} & \o,28a9d1885fd7c9b309e2ae3e5ec05dfd66bff5ad57924b6f012f17d1d8effde4,NOT_RENDERED,COMMENTED,
1.005,decimal,COMMENTED,3862,Appendix subsection: Complete Regularization-Path Results,tab:path_anchor_complementary,% Direct & \oldtext{$\approx10.481$}\latesttext{$\approx10$} & \oldtext{\textit{source}}\latesttext{\textbf{0.953}} & \o,28a9d1885fd7c9b309e2ae3e5ec05dfd66bff5ad57924b6f012f17d1d8effde4,NOT_RENDERED,COMMENTED,
0.970,decimal,COMMENTED,3862,Appendix subsection: Complete Regularization-Path Results,tab:path_anchor_complementary,% Direct & \oldtext{$\approx10.481$}\latesttext{$\approx10$} & \oldtext{\textit{source}}\latesttext{\textbf{0.953}} & \o,28a9d1885fd7c9b309e2ae3e5ec05dfd66bff5ad57924b6f012f17d1d8effde4,NOT_RENDERED,COMMENTED,
21.9,decimal,COMMENTED,3862,Appendix subsection: Complete Regularization-Path Results,tab:path_anchor_complementary,% Direct & \oldtext{$\approx10.481$}\latesttext{$\approx10$} & \oldtext{\textit{source}}\latesttext{\textbf{0.953}} & \o,28a9d1885fd7c9b309e2ae3e5ec05dfd66bff5ad57924b6f012f17d1d8effde4,NOT_RENDERED,COMMENTED,
39.4,decimal,COMMENTED,3862,Appendix subsection: Complete Regularization-Path Results,tab:path_anchor_complementary,% Direct & \oldtext{$\approx10.481$}\latesttext{$\approx10$} & \oldtext{\textit{source}}\latesttext{\textbf{0.953}} & \o,28a9d1885fd7c9b309e2ae3e5ec05dfd66bff5ad57924b6f012f17d1d8effde4,NOT_RENDERED,COMMENTED,
0.096,decimal,COMMENTED,3862,Appendix subsection: Complete Regularization-Path Results,tab:path_anchor_complementary,% Direct & \oldtext{$\approx10.481$}\latesttext{$\approx10$} & \oldtext{\textit{source}}\latesttext{\textbf{0.953}} & \o,28a9d1885fd7c9b309e2ae3e5ec05dfd66bff5ad57924b6f012f17d1d8effde4,NOT_RENDERED,COMMENTED,
0.132,decimal,COMMENTED,3862,Appendix subsection: Complete Regularization-Path Results,tab:path_anchor_complementary,% Direct & \oldtext{$\approx10.481$}\latesttext{$\approx10$} & \oldtext{\textit{source}}\latesttext{\textbf{0.953}} & \o,28a9d1885fd7c9b309e2ae3e5ec05dfd66bff5ad57924b6f012f17d1d8effde4,NOT_RENDERED,COMMENTED,
0.302,decimal,COMMENTED,3862,Appendix subsection: Complete Regularization-Path Results,tab:path_anchor_complementary,% Direct & \oldtext{$\approx10.481$}\latesttext{$\approx10$} & \oldtext{\textit{source}}\latesttext{\textbf{0.953}} & \o,28a9d1885fd7c9b309e2ae3e5ec05dfd66bff5ad57924b6f012f17d1d8effde4,NOT_RENDERED,COMMENTED,
100,int_mid,COMMENTED,3863,Appendix subsection: Complete Regularization-Path Results,tab:path_anchor_complementary,% Direct & 100 & \oldtext{\textit{source}}\latesttext{\textbf{0.968}} & \oldtext{\textit{source}}\latesttext{1.022} & \o,acd52299a1b53103e88d501c1f79095d72675c0420cf38e1f0a08d7dadae084f,NOT_RENDERED,COMMENTED,
0.968,decimal,COMMENTED,3863,Appendix subsection: Complete Regularization-Path Results,tab:path_anchor_complementary,% Direct & 100 & \oldtext{\textit{source}}\latesttext{\textbf{0.968}} & \oldtext{\textit{source}}\latesttext{1.022} & \o,acd52299a1b53103e88d501c1f79095d72675c0420cf38e1f0a08d7dadae084f,NOT_RENDERED,COMMENTED,
1.022,decimal,COMMENTED,3863,Appendix subsection: Complete Regularization-Path Results,tab:path_anchor_complementary,% Direct & 100 & \oldtext{\textit{source}}\latesttext{\textbf{0.968}} & \oldtext{\textit{source}}\latesttext{1.022} & \o,acd52299a1b53103e88d501c1f79095d72675c0420cf38e1f0a08d7dadae084f,NOT_RENDERED,COMMENTED,
0.993,decimal,COMMENTED,3863,Appendix subsection: Complete Regularization-Path Results,tab:path_anchor_complementary,% Direct & 100 & \oldtext{\textit{source}}\latesttext{\textbf{0.968}} & \oldtext{\textit{source}}\latesttext{1.022} & \o,acd52299a1b53103e88d501c1f79095d72675c0420cf38e1f0a08d7dadae084f,NOT_RENDERED,COMMENTED,
24.5,decimal,COMMENTED,3863,Appendix subsection: Complete Regularization-Path Results,tab:path_anchor_complementary,% Direct & 100 & \oldtext{\textit{source}}\latesttext{\textbf{0.968}} & \oldtext{\textit{source}}\latesttext{1.022} & \o,acd52299a1b53103e88d501c1f79095d72675c0420cf38e1f0a08d7dadae084f,NOT_RENDERED,COMMENTED,
41.5,decimal,COMMENTED,3863,Appendix subsection: Complete Regularization-Path Results,tab:path_anchor_complementary,% Direct & 100 & \oldtext{\textit{source}}\latesttext{\textbf{0.968}} & \oldtext{\textit{source}}\latesttext{1.022} & \o,acd52299a1b53103e88d501c1f79095d72675c0420cf38e1f0a08d7dadae084f,NOT_RENDERED,COMMENTED,
0.079,decimal,COMMENTED,3863,Appendix subsection: Complete Regularization-Path Results,tab:path_anchor_complementary,% Direct & 100 & \oldtext{\textit{source}}\latesttext{\textbf{0.968}} & \oldtext{\textit{source}}\latesttext{1.022} & \o,acd52299a1b53103e88d501c1f79095d72675c0420cf38e1f0a08d7dadae084f,NOT_RENDERED,COMMENTED,
0.115,decimal,COMMENTED,3863,Appendix subsection: Complete Regularization-Path Results,tab:path_anchor_complementary,% Direct & 100 & \oldtext{\textit{source}}\latesttext{\textbf{0.968}} & \oldtext{\textit{source}}\latesttext{1.022} & \o,acd52299a1b53103e88d501c1f79095d72675c0420cf38e1f0a08d7dadae084f,NOT_RENDERED,COMMENTED,
0.265,decimal,COMMENTED,3863,Appendix subsection: Complete Regularization-Path Results,tab:path_anchor_complementary,% Direct & 100 & \oldtext{\textit{source}}\latesttext{\textbf{0.968}} & \oldtext{\textit{source}}\latesttext{1.022} & \o,acd52299a1b53103e88d501c1f79095d72675c0420cf38e1f0a08d7dadae084f,NOT_RENDERED,COMMENTED,
0.929,decimal,COMMENTED,3868,Appendix subsection: Complete Regularization-Path Results,tab:path_anchor_complementary,% \latesttext{Surrogate} & \latesttext{$\approx0.01$} & \latesttext{0.929} & \latesttext{0.987} & \latesttext{0.924} & \,5467cc53ccd7e2dba9f33d126666a918dd8001fabdf34d1a912dc3ad17dac638,NOT_RENDERED,COMMENTED,
0.987,decimal,COMMENTED,3868,Appendix subsection: Complete Regularization-Path Results,tab:path_anchor_complementary,% \latesttext{Surrogate} & \latesttext{$\approx0.01$} & \latesttext{0.929} & \latesttext{0.987} & \latesttext{0.924} & \,5467cc53ccd7e2dba9f33d126666a918dd8001fabdf34d1a912dc3ad17dac638,NOT_RENDERED,COMMENTED,
0.924,decimal,COMMENTED,3868,Appendix subsection: Complete Regularization-Path Results,tab:path_anchor_complementary,% \latesttext{Surrogate} & \latesttext{$\approx0.01$} & \latesttext{0.929} & \latesttext{0.987} & \latesttext{0.924} & \,5467cc53ccd7e2dba9f33d126666a918dd8001fabdf34d1a912dc3ad17dac638,NOT_RENDERED,COMMENTED,
21.6,decimal,COMMENTED,3868,Appendix subsection: Complete Regularization-Path Results,tab:path_anchor_complementary,% \latesttext{Surrogate} & \latesttext{$\approx0.01$} & \latesttext{0.929} & \latesttext{0.987} & \latesttext{0.924} & \,5467cc53ccd7e2dba9f33d126666a918dd8001fabdf34d1a912dc3ad17dac638,NOT_RENDERED,COMMENTED,
39.9,decimal,COMMENTED,3868,Appendix subsection: Complete Regularization-Path Results,tab:path_anchor_complementary,% \latesttext{Surrogate} & \latesttext{$\approx0.01$} & \latesttext{0.929} & \latesttext{0.987} & \latesttext{0.924} & \,5467cc53ccd7e2dba9f33d126666a918dd8001fabdf34d1a912dc3ad17dac638,NOT_RENDERED,COMMENTED,
0.147,decimal,COMMENTED,3868,Appendix subsection: Complete Regularization-Path Results,tab:path_anchor_complementary,% \latesttext{Surrogate} & \latesttext{$\approx0.01$} & \latesttext{0.929} & \latesttext{0.987} & \latesttext{0.924} & \,5467cc53ccd7e2dba9f33d126666a918dd8001fabdf34d1a912dc3ad17dac638,NOT_RENDERED,COMMENTED,
0.116,decimal,COMMENTED,3868,Appendix subsection: Complete Regularization-Path Results,tab:path_anchor_complementary,% \latesttext{Surrogate} & \latesttext{$\approx0.01$} & \latesttext{0.929} & \latesttext{0.987} & \latesttext{0.924} & \,5467cc53ccd7e2dba9f33d126666a918dd8001fabdf34d1a912dc3ad17dac638,NOT_RENDERED,COMMENTED,
0.383,decimal,COMMENTED,3868,Appendix subsection: Complete Regularization-Path Results,tab:path_anchor_complementary,% \latesttext{Surrogate} & \latesttext{$\approx0.01$} & \latesttext{0.929} & \latesttext{0.987} & \latesttext{0.924} & \,5467cc53ccd7e2dba9f33d126666a918dd8001fabdf34d1a912dc3ad17dac638,NOT_RENDERED,COMMENTED,
0.1,decimal,COMMENTED,3869,Appendix subsection: Complete Regularization-Path Results,tab:path_anchor_complementary,% Surrogate & \oldtext{$\approx0.1$}\latesttext{$0.1$} & \oldtext{\textit{source}}\latesttext{0.927} & \oldtext{\textit{,19f814275fc815d410c816f749b5f90f37cf746a881ed75472bbf6c5711808e1,NOT_RENDERED,COMMENTED,
0.927,decimal,COMMENTED,3869,Appendix subsection: Complete Regularization-Path Results,tab:path_anchor_complementary,% Surrogate & \oldtext{$\approx0.1$}\latesttext{$0.1$} & \oldtext{\textit{source}}\latesttext{0.927} & \oldtext{\textit{,19f814275fc815d410c816f749b5f90f37cf746a881ed75472bbf6c5711808e1,NOT_RENDERED,COMMENTED,
0.982,decimal,COMMENTED,3869,Appendix subsection: Complete Regularization-Path Results,tab:path_anchor_complementary,% Surrogate & \oldtext{$\approx0.1$}\latesttext{$0.1$} & \oldtext{\textit{source}}\latesttext{0.927} & \oldtext{\textit{,19f814275fc815d410c816f749b5f90f37cf746a881ed75472bbf6c5711808e1,NOT_RENDERED,COMMENTED,
0.923,decimal,COMMENTED,3869,Appendix subsection: Complete Regularization-Path Results,tab:path_anchor_complementary,% Surrogate & \oldtext{$\approx0.1$}\latesttext{$0.1$} & \oldtext{\textit{source}}\latesttext{0.927} & \oldtext{\textit{,19f814275fc815d410c816f749b5f90f37cf746a881ed75472bbf6c5711808e1,NOT_RENDERED,COMMENTED,
21.5,decimal,COMMENTED,3869,Appendix subsection: Complete Regularization-Path Results,tab:path_anchor_complementary,% Surrogate & \oldtext{$\approx0.1$}\latesttext{$0.1$} & \oldtext{\textit{source}}\latesttext{0.927} & \oldtext{\textit{,19f814275fc815d410c816f749b5f90f37cf746a881ed75472bbf6c5711808e1,NOT_RENDERED,COMMENTED,
39.9,decimal,COMMENTED,3869,Appendix subsection: Complete Regularization-Path Results,tab:path_anchor_complementary,% Surrogate & \oldtext{$\approx0.1$}\latesttext{$0.1$} & \oldtext{\textit{source}}\latesttext{0.927} & \oldtext{\textit{,19f814275fc815d410c816f749b5f90f37cf746a881ed75472bbf6c5711808e1,NOT_RENDERED,COMMENTED,
0.138,decimal,COMMENTED,3869,Appendix subsection: Complete Regularization-Path Results,tab:path_anchor_complementary,% Surrogate & \oldtext{$\approx0.1$}\latesttext{$0.1$} & \oldtext{\textit{source}}\latesttext{0.927} & \oldtext{\textit{,19f814275fc815d410c816f749b5f90f37cf746a881ed75472bbf6c5711808e1,NOT_RENDERED,COMMENTED,
0.113,decimal,COMMENTED,3869,Appendix subsection: Complete Regularization-Path Results,tab:path_anchor_complementary,% Surrogate & \oldtext{$\approx0.1$}\latesttext{$0.1$} & \oldtext{\textit{source}}\latesttext{0.927} & \oldtext{\textit{,19f814275fc815d410c816f749b5f90f37cf746a881ed75472bbf6c5711808e1,NOT_RENDERED,COMMENTED,
0.367,decimal,COMMENTED,3869,Appendix subsection: Complete Regularization-Path Results,tab:path_anchor_complementary,% Surrogate & \oldtext{$\approx0.1$}\latesttext{$0.1$} & \oldtext{\textit{source}}\latesttext{0.927} & \oldtext{\textit{,19f814275fc815d410c816f749b5f90f37cf746a881ed75472bbf6c5711808e1,NOT_RENDERED,COMMENTED,
0.929,decimal,COMMENTED,3870,Appendix subsection: Complete Regularization-Path Results,tab:path_anchor_complementary,% Surrogate & \oldtext{$\approx0.954$}\latesttext{$\approx1$} & \oldtext{\textit{source}}\latesttext{0.929} & \oldtext{\,11513eb3cc175a184ad3646ff379cb51485ec10af8ec725d1c4a5a56b02b9787,NOT_RENDERED,COMMENTED,
0.975,decimal,COMMENTED,3870,Appendix subsection: Complete Regularization-Path Results,tab:path_anchor_complementary,% Surrogate & \oldtext{$\approx0.954$}\latesttext{$\approx1$} & \oldtext{\textit{source}}\latesttext{0.929} & \oldtext{\,11513eb3cc175a184ad3646ff379cb51485ec10af8ec725d1c4a5a56b02b9787,NOT_RENDERED,COMMENTED,
0.930,decimal,COMMENTED,3870,Appendix subsection: Complete Regularization-Path Results,tab:path_anchor_complementary,% Surrogate & \oldtext{$\approx0.954$}\latesttext{$\approx1$} & \oldtext{\textit{source}}\latesttext{0.929} & \oldtext{\,11513eb3cc175a184ad3646ff379cb51485ec10af8ec725d1c4a5a56b02b9787,NOT_RENDERED,COMMENTED,
21.4,decimal,COMMENTED,3870,Appendix subsection: Complete Regularization-Path Results,tab:path_anchor_complementary,% Surrogate & \oldtext{$\approx0.954$}\latesttext{$\approx1$} & \oldtext{\textit{source}}\latesttext{0.929} & \oldtext{\,11513eb3cc175a184ad3646ff379cb51485ec10af8ec725d1c4a5a56b02b9787,NOT_RENDERED,COMMENTED,
38.2,decimal,COMMENTED,3870,Appendix subsection: Complete Regularization-Path Results,tab:path_anchor_complementary,% Surrogate & \oldtext{$\approx0.954$}\latesttext{$\approx1$} & \oldtext{\textit{source}}\latesttext{0.929} & \oldtext{\,11513eb3cc175a184ad3646ff379cb51485ec10af8ec725d1c4a5a56b02b9787,NOT_RENDERED,COMMENTED,
0.102,decimal,COMMENTED,3870,Appendix subsection: Complete Regularization-Path Results,tab:path_anchor_complementary,% Surrogate & \oldtext{$\approx0.954$}\latesttext{$\approx1$} & \oldtext{\textit{source}}\latesttext{0.929} & \oldtext{\,11513eb3cc175a184ad3646ff379cb51485ec10af8ec725d1c4a5a56b02b9787,NOT_RENDERED,COMMENTED,
0.099,decimal,COMMENTED,3870,Appendix subsection: Complete Regularization-Path Results,tab:path_anchor_complementary,% Surrogate & \oldtext{$\approx0.954$}\latesttext{$\approx1$} & \oldtext{\textit{source}}\latesttext{0.929} & \oldtext{\,11513eb3cc175a184ad3646ff379cb51485ec10af8ec725d1c4a5a56b02b9787,NOT_RENDERED,COMMENTED,
0.310,decimal,COMMENTED,3870,Appendix subsection: Complete Regularization-Path Results,tab:path_anchor_complementary,% Surrogate & \oldtext{$\approx0.954$}\latesttext{$\approx1$} & \oldtext{\textit{source}}\latesttext{0.929} & \oldtext{\,11513eb3cc175a184ad3646ff379cb51485ec10af8ec725d1c4a5a56b02b9787,NOT_RENDERED,COMMENTED,
0.927,decimal,COMMENTED,3871,Appendix subsection: Complete Regularization-Path Results,tab:path_anchor_complementary,% Surrogate & \oldtext{$\approx10.481$}\latesttext{$\approx10$} & \oldtext{\textit{source}}\latesttext{0.927} & \oldtext,0326f5ad16a56f782d5147116ff81a70ed071ff9c8a412f36cfc17e3f7ccca7d,NOT_RENDERED,COMMENTED,
0.953,decimal,COMMENTED,3871,Appendix subsection: Complete Regularization-Path Results,tab:path_anchor_complementary,% Surrogate & \oldtext{$\approx10.481$}\latesttext{$\approx10$} & \oldtext{\textit{source}}\latesttext{0.927} & \oldtext,0326f5ad16a56f782d5147116ff81a70ed071ff9c8a412f36cfc17e3f7ccca7d,NOT_RENDERED,COMMENTED,
0.931,decimal,COMMENTED,3871,Appendix subsection: Complete Regularization-Path Results,tab:path_anchor_complementary,% Surrogate & \oldtext{$\approx10.481$}\latesttext{$\approx10$} & \oldtext{\textit{source}}\latesttext{0.927} & \oldtext,0326f5ad16a56f782d5147116ff81a70ed071ff9c8a412f36cfc17e3f7ccca7d,NOT_RENDERED,COMMENTED,
22.2,decimal,COMMENTED,3871,Appendix subsection: Complete Regularization-Path Results,tab:path_anchor_complementary,% Surrogate & \oldtext{$\approx10.481$}\latesttext{$\approx10$} & \oldtext{\textit{source}}\latesttext{0.927} & \oldtext,0326f5ad16a56f782d5147116ff81a70ed071ff9c8a412f36cfc17e3f7ccca7d,NOT_RENDERED,COMMENTED,
38.5,decimal,COMMENTED,3871,Appendix subsection: Complete Regularization-Path Results,tab:path_anchor_complementary,% Surrogate & \oldtext{$\approx10.481$}\latesttext{$\approx10$} & \oldtext{\textit{source}}\latesttext{0.927} & \oldtext,0326f5ad16a56f782d5147116ff81a70ed071ff9c8a412f36cfc17e3f7ccca7d,NOT_RENDERED,COMMENTED,
0.036,decimal,COMMENTED,3871,Appendix subsection: Complete Regularization-Path Results,tab:path_anchor_complementary,% Surrogate & \oldtext{$\approx10.481$}\latesttext{$\approx10$} & \oldtext{\textit{source}}\latesttext{0.927} & \oldtext,0326f5ad16a56f782d5147116ff81a70ed071ff9c8a412f36cfc17e3f7ccca7d,NOT_RENDERED,COMMENTED,
0.103,decimal,COMMENTED,3871,Appendix subsection: Complete Regularization-Path Results,tab:path_anchor_complementary,% Surrogate & \oldtext{$\approx10.481$}\latesttext{$\approx10$} & \oldtext{\textit{source}}\latesttext{0.927} & \oldtext,0326f5ad16a56f782d5147116ff81a70ed071ff9c8a412f36cfc17e3f7ccca7d,NOT_RENDERED,COMMENTED,
0.250,decimal,COMMENTED,3871,Appendix subsection: Complete Regularization-Path Results,tab:path_anchor_complementary,% Surrogate & \oldtext{$\approx10.481$}\latesttext{$\approx10$} & \oldtext{\textit{source}}\latesttext{0.927} & \oldtext,0326f5ad16a56f782d5147116ff81a70ed071ff9c8a412f36cfc17e3f7ccca7d,NOT_RENDERED,COMMENTED,
100,int_mid,COMMENTED,3872,Appendix subsection: Complete Regularization-Path Results,tab:path_anchor_complementary,% Surrogate & 100 & \oldtext{\textit{source}}\latesttext{0.923} & \oldtext{\textit{source}}\latesttext{0.937} & \oldtext,8165757e2031916d144cd9e2f81c1a2e4c234e665ba1b851059fb798fe8faa4a,NOT_RENDERED,COMMENTED,
0.923,decimal,COMMENTED,3872,Appendix subsection: Complete Regularization-Path Results,tab:path_anchor_complementary,% Surrogate & 100 & \oldtext{\textit{source}}\latesttext{0.923} & \oldtext{\textit{source}}\latesttext{0.937} & \oldtext,8165757e2031916d144cd9e2f81c1a2e4c234e665ba1b851059fb798fe8faa4a,NOT_RENDERED,COMMENTED,
0.937,decimal,COMMENTED,3872,Appendix subsection: Complete Regularization-Path Results,tab:path_anchor_complementary,% Surrogate & 100 & \oldtext{\textit{source}}\latesttext{0.923} & \oldtext{\textit{source}}\latesttext{0.937} & \oldtext,8165757e2031916d144cd9e2f81c1a2e4c234e665ba1b851059fb798fe8faa4a,NOT_RENDERED,COMMENTED,
0.928,decimal,COMMENTED,3872,Appendix subsection: Complete Regularization-Path Results,tab:path_anchor_complementary,% Surrogate & 100 & \oldtext{\textit{source}}\latesttext{0.923} & \oldtext{\textit{source}}\latesttext{0.937} & \oldtext,8165757e2031916d144cd9e2f81c1a2e4c234e665ba1b851059fb798fe8faa4a,NOT_RENDERED,COMMENTED,
23.5,decimal,COMMENTED,3872,Appendix subsection: Complete Regularization-Path Results,tab:path_anchor_complementary,% Surrogate & 100 & \oldtext{\textit{source}}\latesttext{0.923} & \oldtext{\textit{source}}\latesttext{0.937} & \oldtext,8165757e2031916d144cd9e2f81c1a2e4c234e665ba1b851059fb798fe8faa4a,NOT_RENDERED,COMMENTED,
40.3,decimal,COMMENTED,3872,Appendix subsection: Complete Regularization-Path Results,tab:path_anchor_complementary,% Surrogate & 100 & \oldtext{\textit{source}}\latesttext{0.923} & \oldtext{\textit{source}}\latesttext{0.937} & \oldtext,8165757e2031916d144cd9e2f81c1a2e4c234e665ba1b851059fb798fe8faa4a,NOT_RENDERED,COMMENTED,
0.001,decimal,COMMENTED,3872,Appendix subsection: Complete Regularization-Path Results,tab:path_anchor_complementary,% Surrogate & 100 & \oldtext{\textit{source}}\latesttext{0.923} & \oldtext{\textit{source}}\latesttext{0.937} & \oldtext,8165757e2031916d144cd9e2f81c1a2e4c234e665ba1b851059fb798fe8faa4a,NOT_RENDERED,COMMENTED,
0.124,decimal,COMMENTED,3872,Appendix subsection: Complete Regularization-Path Results,tab:path_anchor_complementary,% Surrogate & 100 & \oldtext{\textit{source}}\latesttext{0.923} & \oldtext{\textit{source}}\latesttext{0.937} & \oldtext,8165757e2031916d144cd9e2f81c1a2e4c234e665ba1b851059fb798fe8faa4a,NOT_RENDERED,COMMENTED,
0.267,decimal,COMMENTED,3872,Appendix subsection: Complete Regularization-Path Results,tab:path_anchor_complementary,% Surrogate & 100 & \oldtext{\textit{source}}\latesttext{0.923} & \oldtext{\textit{source}}\latesttext{0.937} & \oldtext,8165757e2031916d144cd9e2f81c1a2e4c234e665ba1b851059fb798fe8faa4a,NOT_RENDERED,COMMENTED,
2025,year_like,COMMENTED,3875,Appendix subsection: Complete Regularization-Path Results,tab:path_anchor_complementary,% \multicolumn{10}{l}{\textit{Panel B: 2025 forward evaluation}} \\,1e9fb9b85ab46b3e24833ef08226b4d163f550d933515d6aa9546a02c55d968a,NOT_RENDERED,COMMENTED,
1.020,decimal,COMMENTED,3879,Appendix subsection: Complete Regularization-Path Results,tab:path_anchor_complementary,% Linear regression & -- & \textbf{1.020} & 1.081 & \textbf{1.027} & 24.3\% & 42.1\% & \textbf{-0.109} & 0.122 & \textbf,07cb96e89a91d3463820f10ea91088a2600f3f11fe6b562b92dae6a7204a5dea,NOT_RENDERED,COMMENTED,
1.081,decimal,COMMENTED,3879,Appendix subsection: Complete Regularization-Path Results,tab:path_anchor_complementary,% Linear regression & -- & \textbf{1.020} & 1.081 & \textbf{1.027} & 24.3\% & 42.1\% & \textbf{-0.109} & 0.122 & \textbf,07cb96e89a91d3463820f10ea91088a2600f3f11fe6b562b92dae6a7204a5dea,NOT_RENDERED,COMMENTED,
1.027,decimal,COMMENTED,3879,Appendix subsection: Complete Regularization-Path Results,tab:path_anchor_complementary,% Linear regression & -- & \textbf{1.020} & 1.081 & \textbf{1.027} & 24.3\% & 42.1\% & \textbf{-0.109} & 0.122 & \textbf,07cb96e89a91d3463820f10ea91088a2600f3f11fe6b562b92dae6a7204a5dea,NOT_RENDERED,COMMENTED,
24.3,decimal,COMMENTED,3879,Appendix subsection: Complete Regularization-Path Results,tab:path_anchor_complementary,% Linear regression & -- & \textbf{1.020} & 1.081 & \textbf{1.027} & 24.3\% & 42.1\% & \textbf{-0.109} & 0.122 & \textbf,07cb96e89a91d3463820f10ea91088a2600f3f11fe6b562b92dae6a7204a5dea,NOT_RENDERED,COMMENTED,
42.1,decimal,COMMENTED,3879,Appendix subsection: Complete Regularization-Path Results,tab:path_anchor_complementary,% Linear regression & -- & \textbf{1.020} & 1.081 & \textbf{1.027} & 24.3\% & 42.1\% & \textbf{-0.109} & 0.122 & \textbf,07cb96e89a91d3463820f10ea91088a2600f3f11fe6b562b92dae6a7204a5dea,NOT_RENDERED,COMMENTED,
0.109,decimal,COMMENTED,3879,Appendix subsection: Complete Regularization-Path Results,tab:path_anchor_complementary,% Linear regression & -- & \textbf{1.020} & 1.081 & \textbf{1.027} & 24.3\% & 42.1\% & \textbf{-0.109} & 0.122 & \textbf,07cb96e89a91d3463820f10ea91088a2600f3f11fe6b562b92dae6a7204a5dea,NOT_RENDERED,COMMENTED,
0.122,decimal,COMMENTED,3879,Appendix subsection: Complete Regularization-Path Results,tab:path_anchor_complementary,% Linear regression & -- & \textbf{1.020} & 1.081 & \textbf{1.027} & 24.3\% & 42.1\% & \textbf{-0.109} & 0.122 & \textbf,07cb96e89a91d3463820f10ea91088a2600f3f11fe6b562b92dae6a7204a5dea,NOT_RENDERED,COMMENTED,
0.269,decimal,COMMENTED,3879,Appendix subsection: Complete Regularization-Path Results,tab:path_anchor_complementary,% Linear regression & -- & \textbf{1.020} & 1.081 & \textbf{1.027} & 24.3\% & 42.1\% & \textbf{-0.109} & 0.122 & \textbf,07cb96e89a91d3463820f10ea91088a2600f3f11fe6b562b92dae6a7204a5dea,NOT_RENDERED,COMMENTED,
0.950,decimal,COMMENTED,3880,Appendix subsection: Complete Regularization-Path Results,tab:path_anchor_complementary,% Ordinary LightGBM & -- & 0.950 & \textbf{1.015} & 0.941 & \textbf{21.3\%} & \textbf{37.2\%} & -0.164 & \textbf{0.121} ,ee84faeb6802dd0cc37776d382ffed4db15d22c9b14d5a993de8860331bb18b4,NOT_RENDERED,COMMENTED,
1.015,decimal,COMMENTED,3880,Appendix subsection: Complete Regularization-Path Results,tab:path_anchor_complementary,% Ordinary LightGBM & -- & 0.950 & \textbf{1.015} & 0.941 & \textbf{21.3\%} & \textbf{37.2\%} & -0.164 & \textbf{0.121} ,ee84faeb6802dd0cc37776d382ffed4db15d22c9b14d5a993de8860331bb18b4,NOT_RENDERED,COMMENTED,
0.941,decimal,COMMENTED,3880,Appendix subsection: Complete Regularization-Path Results,tab:path_anchor_complementary,% Ordinary LightGBM & -- & 0.950 & \textbf{1.015} & 0.941 & \textbf{21.3\%} & \textbf{37.2\%} & -0.164 & \textbf{0.121} ,ee84faeb6802dd0cc37776d382ffed4db15d22c9b14d5a993de8860331bb18b4,NOT_RENDERED,COMMENTED,
21.3,decimal,COMMENTED,3880,Appendix subsection: Complete Regularization-Path Results,tab:path_anchor_complementary,% Ordinary LightGBM & -- & 0.950 & \textbf{1.015} & 0.941 & \textbf{21.3\%} & \textbf{37.2\%} & -0.164 & \textbf{0.121} ,ee84faeb6802dd0cc37776d382ffed4db15d22c9b14d5a993de8860331bb18b4,NOT_RENDERED,COMMENTED,
37.2,decimal,COMMENTED,3880,Appendix subsection: Complete Regularization-Path Results,tab:path_anchor_complementary,% Ordinary LightGBM & -- & 0.950 & \textbf{1.015} & 0.941 & \textbf{21.3\%} & \textbf{37.2\%} & -0.164 & \textbf{0.121} ,ee84faeb6802dd0cc37776d382ffed4db15d22c9b14d5a993de8860331bb18b4,NOT_RENDERED,COMMENTED,
0.164,decimal,COMMENTED,3880,Appendix subsection: Complete Regularization-Path Results,tab:path_anchor_complementary,% Ordinary LightGBM & -- & 0.950 & \textbf{1.015} & 0.941 & \textbf{21.3\%} & \textbf{37.2\%} & -0.164 & \textbf{0.121} ,ee84faeb6802dd0cc37776d382ffed4db15d22c9b14d5a993de8860331bb18b4,NOT_RENDERED,COMMENTED,
0.121,decimal,COMMENTED,3880,Appendix subsection: Complete Regularization-Path Results,tab:path_anchor_complementary,% Ordinary LightGBM & -- & 0.950 & \textbf{1.015} & 0.941 & \textbf{21.3\%} & \textbf{37.2\%} & -0.164 & \textbf{0.121} ,ee84faeb6802dd0cc37776d382ffed4db15d22c9b14d5a993de8860331bb18b4,NOT_RENDERED,COMMENTED,
0.422,decimal,COMMENTED,3880,Appendix subsection: Complete Regularization-Path Results,tab:path_anchor_complementary,% Ordinary LightGBM & -- & 0.950 & \textbf{1.015} & 0.941 & \textbf{21.3\%} & \textbf{37.2\%} & -0.164 & \textbf{0.121} ,ee84faeb6802dd0cc37776d382ffed4db15d22c9b14d5a993de8860331bb18b4,NOT_RENDERED,COMMENTED,
0.948,decimal,COMMENTED,3885,Appendix subsection: Complete Regularization-Path Results,tab:path_anchor_complementary,% \latesttext{Direct} & \latesttext{$\approx0.01$} & \latesttext{0.948} & \latesttext{\textbf{1.013}\textsuperscript{*}},5500b84a709ebb8c0c87d9f58d531607e9ca77aa378f5b797a2076f85ad54075,NOT_RENDERED,COMMENTED,
1.013,decimal,COMMENTED,3885,Appendix subsection: Complete Regularization-Path Results,tab:path_anchor_complementary,% \latesttext{Direct} & \latesttext{$\approx0.01$} & \latesttext{0.948} & \latesttext{\textbf{1.013}\textsuperscript{*}},5500b84a709ebb8c0c87d9f58d531607e9ca77aa378f5b797a2076f85ad54075,NOT_RENDERED,COMMENTED,
0.939,decimal,COMMENTED,3885,Appendix subsection: Complete Regularization-Path Results,tab:path_anchor_complementary,% \latesttext{Direct} & \latesttext{$\approx0.01$} & \latesttext{0.948} & \latesttext{\textbf{1.013}\textsuperscript{*}},5500b84a709ebb8c0c87d9f58d531607e9ca77aa378f5b797a2076f85ad54075,NOT_RENDERED,COMMENTED,
21.2,decimal,COMMENTED,3885,Appendix subsection: Complete Regularization-Path Results,tab:path_anchor_complementary,% \latesttext{Direct} & \latesttext{$\approx0.01$} & \latesttext{0.948} & \latesttext{\textbf{1.013}\textsuperscript{*}},5500b84a709ebb8c0c87d9f58d531607e9ca77aa378f5b797a2076f85ad54075,NOT_RENDERED,COMMENTED,
37.1,decimal,COMMENTED,3885,Appendix subsection: Complete Regularization-Path Results,tab:path_anchor_complementary,% \latesttext{Direct} & \latesttext{$\approx0.01$} & \latesttext{0.948} & \latesttext{\textbf{1.013}\textsuperscript{*}},5500b84a709ebb8c0c87d9f58d531607e9ca77aa378f5b797a2076f85ad54075,NOT_RENDERED,COMMENTED,
0.163,decimal,COMMENTED,3885,Appendix subsection: Complete Regularization-Path Results,tab:path_anchor_complementary,% \latesttext{Direct} & \latesttext{$\approx0.01$} & \latesttext{0.948} & \latesttext{\textbf{1.013}\textsuperscript{*}},5500b84a709ebb8c0c87d9f58d531607e9ca77aa378f5b797a2076f85ad54075,NOT_RENDERED,COMMENTED,
0.123,decimal,COMMENTED,3885,Appendix subsection: Complete Regularization-Path Results,tab:path_anchor_complementary,% \latesttext{Direct} & \latesttext{$\approx0.01$} & \latesttext{0.948} & \latesttext{\textbf{1.013}\textsuperscript{*}},5500b84a709ebb8c0c87d9f58d531607e9ca77aa378f5b797a2076f85ad54075,NOT_RENDERED,COMMENTED,
0.420,decimal,COMMENTED,3885,Appendix subsection: Complete Regularization-Path Results,tab:path_anchor_complementary,% \latesttext{Direct} & \latesttext{$\approx0.01$} & \latesttext{0.948} & \latesttext{\textbf{1.013}\textsuperscript{*}},5500b84a709ebb8c0c87d9f58d531607e9ca77aa378f5b797a2076f85ad54075,NOT_RENDERED,COMMENTED,
0.1,decimal,COMMENTED,3886,Appendix subsection: Complete Regularization-Path Results,tab:path_anchor_complementary,% Direct & \oldtext{$\approx0.1$}\latesttext{$0.1$} & \oldtext{\textit{source}}\latesttext{\textbf{0.952}} & \oldtext{\t,6dba8e0665974a70ef34725a886303e3f210f298a0ca0b1a395ec737a8f7fb16,NOT_RENDERED,COMMENTED,
0.952,decimal,COMMENTED,3886,Appendix subsection: Complete Regularization-Path Results,tab:path_anchor_complementary,% Direct & \oldtext{$\approx0.1$}\latesttext{$0.1$} & \oldtext{\textit{source}}\latesttext{\textbf{0.952}} & \oldtext{\t,6dba8e0665974a70ef34725a886303e3f210f298a0ca0b1a395ec737a8f7fb16,NOT_RENDERED,COMMENTED,
1.015,decimal,COMMENTED,3886,Appendix subsection: Complete Regularization-Path Results,tab:path_anchor_complementary,% Direct & \oldtext{$\approx0.1$}\latesttext{$0.1$} & \oldtext{\textit{source}}\latesttext{\textbf{0.952}} & \oldtext{\t,6dba8e0665974a70ef34725a886303e3f210f298a0ca0b1a395ec737a8f7fb16,NOT_RENDERED,COMMENTED,
0.942,decimal,COMMENTED,3886,Appendix subsection: Complete Regularization-Path Results,tab:path_anchor_complementary,% Direct & \oldtext{$\approx0.1$}\latesttext{$0.1$} & \oldtext{\textit{source}}\latesttext{\textbf{0.952}} & \oldtext{\t,6dba8e0665974a70ef34725a886303e3f210f298a0ca0b1a395ec737a8f7fb16,NOT_RENDERED,COMMENTED,
21.2,decimal,COMMENTED,3886,Appendix subsection: Complete Regularization-Path Results,tab:path_anchor_complementary,% Direct & \oldtext{$\approx0.1$}\latesttext{$0.1$} & \oldtext{\textit{source}}\latesttext{\textbf{0.952}} & \oldtext{\t,6dba8e0665974a70ef34725a886303e3f210f298a0ca0b1a395ec737a8f7fb16,NOT_RENDERED,COMMENTED,
37.2,decimal,COMMENTED,3886,Appendix subsection: Complete Regularization-Path Results,tab:path_anchor_complementary,% Direct & \oldtext{$\approx0.1$}\latesttext{$0.1$} & \oldtext{\textit{source}}\latesttext{\textbf{0.952}} & \oldtext{\t,6dba8e0665974a70ef34725a886303e3f210f298a0ca0b1a395ec737a8f7fb16,NOT_RENDERED,COMMENTED,
0.160,decimal,COMMENTED,3886,Appendix subsection: Complete Regularization-Path Results,tab:path_anchor_complementary,% Direct & \oldtext{$\approx0.1$}\latesttext{$0.1$} & \oldtext{\textit{source}}\latesttext{\textbf{0.952}} & \oldtext{\t,6dba8e0665974a70ef34725a886303e3f210f298a0ca0b1a395ec737a8f7fb16,NOT_RENDERED,COMMENTED,
0.121,decimal,COMMENTED,3886,Appendix subsection: Complete Regularization-Path Results,tab:path_anchor_complementary,% Direct & \oldtext{$\approx0.1$}\latesttext{$0.1$} & \oldtext{\textit{source}}\latesttext{\textbf{0.952}} & \oldtext{\t,6dba8e0665974a70ef34725a886303e3f210f298a0ca0b1a395ec737a8f7fb16,NOT_RENDERED,COMMENTED,
0.416,decimal,COMMENTED,3886,Appendix subsection: Complete Regularization-Path Results,tab:path_anchor_complementary,% Direct & \oldtext{$\approx0.1$}\latesttext{$0.1$} & \oldtext{\textit{source}}\latesttext{\textbf{0.952}} & \oldtext{\t,6dba8e0665974a70ef34725a886303e3f210f298a0ca0b1a395ec737a8f7fb16,NOT_RENDERED,COMMENTED,
0.957,decimal,COMMENTED,3887,Appendix subsection: Complete Regularization-Path Results,tab:path_anchor_complementary,% Direct & \oldtext{$\approx0.954$}\latesttext{$\approx1$} & \oldtext{\textit{source}}\latesttext{\textbf{0.957}} & \old,088eebdcb09a7fedc8b920c74d88560579616c8bc18430c38eb33595cb269fa2,NOT_RENDERED,COMMENTED,
1.019,decimal,COMMENTED,3887,Appendix subsection: Complete Regularization-Path Results,tab:path_anchor_complementary,% Direct & \oldtext{$\approx0.954$}\latesttext{$\approx1$} & \oldtext{\textit{source}}\latesttext{\textbf{0.957}} & \old,088eebdcb09a7fedc8b920c74d88560579616c8bc18430c38eb33595cb269fa2,NOT_RENDERED,COMMENTED,
0.954,decimal,COMMENTED,3887,Appendix subsection: Complete Regularization-Path Results,tab:path_anchor_complementary,% Direct & \oldtext{$\approx0.954$}\latesttext{$\approx1$} & \oldtext{\textit{source}}\latesttext{\textbf{0.957}} & \old,088eebdcb09a7fedc8b920c74d88560579616c8bc18430c38eb33595cb269fa2,NOT_RENDERED,COMMENTED,
21.2,decimal,COMMENTED,3887,Appendix subsection: Complete Regularization-Path Results,tab:path_anchor_complementary,% Direct & \oldtext{$\approx0.954$}\latesttext{$\approx1$} & \oldtext{\textit{source}}\latesttext{\textbf{0.957}} & \old,088eebdcb09a7fedc8b920c74d88560579616c8bc18430c38eb33595cb269fa2,NOT_RENDERED,COMMENTED,
37.2,decimal,COMMENTED,3887,Appendix subsection: Complete Regularization-Path Results,tab:path_anchor_complementary,% Direct & \oldtext{$\approx0.954$}\latesttext{$\approx1$} & \oldtext{\textit{source}}\latesttext{\textbf{0.957}} & \old,088eebdcb09a7fedc8b920c74d88560579616c8bc18430c38eb33595cb269fa2,NOT_RENDERED,COMMENTED,
0.148,decimal,COMMENTED,3887,Appendix subsection: Complete Regularization-Path Results,tab:path_anchor_complementary,% Direct & \oldtext{$\approx0.954$}\latesttext{$\approx1$} & \oldtext{\textit{source}}\latesttext{\textbf{0.957}} & \old,088eebdcb09a7fedc8b920c74d88560579616c8bc18430c38eb33595cb269fa2,NOT_RENDERED,COMMENTED,
0.127,decimal,COMMENTED,3887,Appendix subsection: Complete Regularization-Path Results,tab:path_anchor_complementary,% Direct & \oldtext{$\approx0.954$}\latesttext{$\approx1$} & \oldtext{\textit{source}}\latesttext{\textbf{0.957}} & \old,088eebdcb09a7fedc8b920c74d88560579616c8bc18430c38eb33595cb269fa2,NOT_RENDERED,COMMENTED,
0.392,decimal,COMMENTED,3887,Appendix subsection: Complete Regularization-Path Results,tab:path_anchor_complementary,% Direct & \oldtext{$\approx0.954$}\latesttext{$\approx1$} & \oldtext{\textit{source}}\latesttext{\textbf{0.957}} & \old,088eebdcb09a7fedc8b920c74d88560579616c8bc18430c38eb33595cb269fa2,NOT_RENDERED,COMMENTED,
0.978,decimal,COMMENTED,3888,Appendix subsection: Complete Regularization-Path Results,tab:path_anchor_complementary,% Direct & \oldtext{$\approx10.481$}\latesttext{$\approx10$} & \oldtext{\textit{source}}\latesttext{\textbf{0.978}} & \o,b6f6422b69b3bc060fdf005ac7800b991e78611842037127cc09c60a12b70cb6,NOT_RENDERED,COMMENTED,
1.032,decimal,COMMENTED,3888,Appendix subsection: Complete Regularization-Path Results,tab:path_anchor_complementary,% Direct & \oldtext{$\approx10.481$}\latesttext{$\approx10$} & \oldtext{\textit{source}}\latesttext{\textbf{0.978}} & \o,b6f6422b69b3bc060fdf005ac7800b991e78611842037127cc09c60a12b70cb6,NOT_RENDERED,COMMENTED,
0.991,decimal,COMMENTED,3888,Appendix subsection: Complete Regularization-Path Results,tab:path_anchor_complementary,% Direct & \oldtext{$\approx10.481$}\latesttext{$\approx10$} & \oldtext{\textit{source}}\latesttext{\textbf{0.978}} & \o,b6f6422b69b3bc060fdf005ac7800b991e78611842037127cc09c60a12b70cb6,NOT_RENDERED,COMMENTED,
21.3,decimal,COMMENTED,3888,Appendix subsection: Complete Regularization-Path Results,tab:path_anchor_complementary,% Direct & \oldtext{$\approx10.481$}\latesttext{$\approx10$} & \oldtext{\textit{source}}\latesttext{\textbf{0.978}} & \o,b6f6422b69b3bc060fdf005ac7800b991e78611842037127cc09c60a12b70cb6,NOT_RENDERED,COMMENTED,
37.4,decimal,COMMENTED,3888,Appendix subsection: Complete Regularization-Path Results,tab:path_anchor_complementary,% Direct & \oldtext{$\approx10.481$}\latesttext{$\approx10$} & \oldtext{\textit{source}}\latesttext{\textbf{0.978}} & \o,b6f6422b69b3bc060fdf005ac7800b991e78611842037127cc09c60a12b70cb6,NOT_RENDERED,COMMENTED,
0.105,decimal,COMMENTED,3888,Appendix subsection: Complete Regularization-Path Results,tab:path_anchor_complementary,% Direct & \oldtext{$\approx10.481$}\latesttext{$\approx10$} & \oldtext{\textit{source}}\latesttext{\textbf{0.978}} & \o,b6f6422b69b3bc060fdf005ac7800b991e78611842037127cc09c60a12b70cb6,NOT_RENDERED,COMMENTED,
0.134,decimal,COMMENTED,3888,Appendix subsection: Complete Regularization-Path Results,tab:path_anchor_complementary,% Direct & \oldtext{$\approx10.481$}\latesttext{$\approx10$} & \oldtext{\textit{source}}\latesttext{\textbf{0.978}} & \o,b6f6422b69b3bc060fdf005ac7800b991e78611842037127cc09c60a12b70cb6,NOT_RENDERED,COMMENTED,
0.318,decimal,COMMENTED,3888,Appendix subsection: Complete Regularization-Path Results,tab:path_anchor_complementary,% Direct & \oldtext{$\approx10.481$}\latesttext{$\approx10$} & \oldtext{\textit{source}}\latesttext{\textbf{0.978}} & \o,b6f6422b69b3bc060fdf005ac7800b991e78611842037127cc09c60a12b70cb6,NOT_RENDERED,COMMENTED,
100,int_mid,COMMENTED,3889,Appendix subsection: Complete Regularization-Path Results,tab:path_anchor_complementary,% Direct & 100 & \oldtext{\textit{source}}\latesttext{\textbf{0.992}\textsuperscript{*}} & \oldtext{\textit{source}}\lat,65627893ba71ade4ff0690ca9013cbaaf89e24240e57a25b7eaeccd68cd353cb,NOT_RENDERED,COMMENTED,
0.992,decimal,COMMENTED,3889,Appendix subsection: Complete Regularization-Path Results,tab:path_anchor_complementary,% Direct & 100 & \oldtext{\textit{source}}\latesttext{\textbf{0.992}\textsuperscript{*}} & \oldtext{\textit{source}}\lat,65627893ba71ade4ff0690ca9013cbaaf89e24240e57a25b7eaeccd68cd353cb,NOT_RENDERED,COMMENTED,
1.049,decimal,COMMENTED,3889,Appendix subsection: Complete Regularization-Path Results,tab:path_anchor_complementary,% Direct & 100 & \oldtext{\textit{source}}\latesttext{\textbf{0.992}\textsuperscript{*}} & \oldtext{\textit{source}}\lat,65627893ba71ade4ff0690ca9013cbaaf89e24240e57a25b7eaeccd68cd353cb,NOT_RENDERED,COMMENTED,
1.012,decimal,COMMENTED,3889,Appendix subsection: Complete Regularization-Path Results,tab:path_anchor_complementary,% Direct & 100 & \oldtext{\textit{source}}\latesttext{\textbf{0.992}\textsuperscript{*}} & \oldtext{\textit{source}}\lat,65627893ba71ade4ff0690ca9013cbaaf89e24240e57a25b7eaeccd68cd353cb,NOT_RENDERED,COMMENTED,
23.3,decimal,COMMENTED,3889,Appendix subsection: Complete Regularization-Path Results,tab:path_anchor_complementary,% Direct & 100 & \oldtext{\textit{source}}\latesttext{\textbf{0.992}\textsuperscript{*}} & \oldtext{\textit{source}}\lat,65627893ba71ade4ff0690ca9013cbaaf89e24240e57a25b7eaeccd68cd353cb,NOT_RENDERED,COMMENTED,
40.3,decimal,COMMENTED,3889,Appendix subsection: Complete Regularization-Path Results,tab:path_anchor_complementary,% Direct & 100 & \oldtext{\textit{source}}\latesttext{\textbf{0.992}\textsuperscript{*}} & \oldtext{\textit{source}}\lat,65627893ba71ade4ff0690ca9013cbaaf89e24240e57a25b7eaeccd68cd353cb,NOT_RENDERED,COMMENTED,
0.093,decimal,COMMENTED,3889,Appendix subsection: Complete Regularization-Path Results,tab:path_anchor_complementary,% Direct & 100 & \oldtext{\textit{source}}\latesttext{\textbf{0.992}\textsuperscript{*}} & \oldtext{\textit{source}}\lat,65627893ba71ade4ff0690ca9013cbaaf89e24240e57a25b7eaeccd68cd353cb,NOT_RENDERED,COMMENTED,
0.119,decimal,COMMENTED,3889,Appendix subsection: Complete Regularization-Path Results,tab:path_anchor_complementary,% Direct & 100 & \oldtext{\textit{source}}\latesttext{\textbf{0.992}\textsuperscript{*}} & \oldtext{\textit{source}}\lat,65627893ba71ade4ff0690ca9013cbaaf89e24240e57a25b7eaeccd68cd353cb,NOT_RENDERED,COMMENTED,
0.281,decimal,COMMENTED,3889,Appendix subsection: Complete Regularization-Path Results,tab:path_anchor_complementary,% Direct & 100 & \oldtext{\textit{source}}\latesttext{\textbf{0.992}\textsuperscript{*}} & \oldtext{\textit{source}}\lat,65627893ba71ade4ff0690ca9013cbaaf89e24240e57a25b7eaeccd68cd353cb,NOT_RENDERED,COMMENTED,
0.948,decimal,COMMENTED,3894,Appendix subsection: Complete Regularization-Path Results,tab:path_anchor_complementary,% \latesttext{Surrogate} & \latesttext{$\approx0.01$} & \latesttext{0.948} & \latesttext{\textbf{1.011}\textsuperscript{,57e7479ddb4b07817b880b9653ce17ae7fe5024206980ff546d9f7823dd1952f,NOT_RENDERED,COMMENTED,
1.011,decimal,COMMENTED,3894,Appendix subsection: Complete Regularization-Path Results,tab:path_anchor_complementary,% \latesttext{Surrogate} & \latesttext{$\approx0.01$} & \latesttext{0.948} & \latesttext{\textbf{1.011}\textsuperscript{,57e7479ddb4b07817b880b9653ce17ae7fe5024206980ff546d9f7823dd1952f,NOT_RENDERED,COMMENTED,
0.938,decimal,COMMENTED,3894,Appendix subsection: Complete Regularization-Path Results,tab:path_anchor_complementary,% \latesttext{Surrogate} & \latesttext{$\approx0.01$} & \latesttext{0.948} & \latesttext{\textbf{1.011}\textsuperscript{,57e7479ddb4b07817b880b9653ce17ae7fe5024206980ff546d9f7823dd1952f,NOT_RENDERED,COMMENTED,
21.2,decimal,COMMENTED,3894,Appendix subsection: Complete Regularization-Path Results,tab:path_anchor_complementary,% \latesttext{Surrogate} & \latesttext{$\approx0.01$} & \latesttext{0.948} & \latesttext{\textbf{1.011}\textsuperscript{,57e7479ddb4b07817b880b9653ce17ae7fe5024206980ff546d9f7823dd1952f,NOT_RENDERED,COMMENTED,
37.2,decimal,COMMENTED,3894,Appendix subsection: Complete Regularization-Path Results,tab:path_anchor_complementary,% \latesttext{Surrogate} & \latesttext{$\approx0.01$} & \latesttext{0.948} & \latesttext{\textbf{1.011}\textsuperscript{,57e7479ddb4b07817b880b9653ce17ae7fe5024206980ff546d9f7823dd1952f,NOT_RENDERED,COMMENTED,
0.159,decimal,COMMENTED,3894,Appendix subsection: Complete Regularization-Path Results,tab:path_anchor_complementary,% \latesttext{Surrogate} & \latesttext{$\approx0.01$} & \latesttext{0.948} & \latesttext{\textbf{1.011}\textsuperscript{,57e7479ddb4b07817b880b9653ce17ae7fe5024206980ff546d9f7823dd1952f,NOT_RENDERED,COMMENTED,
0.119,decimal,COMMENTED,3894,Appendix subsection: Complete Regularization-Path Results,tab:path_anchor_complementary,% \latesttext{Surrogate} & \latesttext{$\approx0.01$} & \latesttext{0.948} & \latesttext{\textbf{1.011}\textsuperscript{,57e7479ddb4b07817b880b9653ce17ae7fe5024206980ff546d9f7823dd1952f,NOT_RENDERED,COMMENTED,
0.413,decimal,COMMENTED,3894,Appendix subsection: Complete Regularization-Path Results,tab:path_anchor_complementary,% \latesttext{Surrogate} & \latesttext{$\approx0.01$} & \latesttext{0.948} & \latesttext{\textbf{1.011}\textsuperscript{,57e7479ddb4b07817b880b9653ce17ae7fe5024206980ff546d9f7823dd1952f,NOT_RENDERED,COMMENTED,
0.1,decimal,COMMENTED,3895,Appendix subsection: Complete Regularization-Path Results,tab:path_anchor_complementary,% Surrogate & \oldtext{$\approx0.1$}\latesttext{$0.1$} & \oldtext{\textit{source}}\latesttext{0.948} & \oldtext{\textit{,ee4079f12b27f23dcecdc3883ef379777e7dfdcabee318b9b62fb49b0946fe3e,NOT_RENDERED,COMMENTED,
0.948,decimal,COMMENTED,3895,Appendix subsection: Complete Regularization-Path Results,tab:path_anchor_complementary,% Surrogate & \oldtext{$\approx0.1$}\latesttext{$0.1$} & \oldtext{\textit{source}}\latesttext{0.948} & \oldtext{\textit{,ee4079f12b27f23dcecdc3883ef379777e7dfdcabee318b9b62fb49b0946fe3e,NOT_RENDERED,COMMENTED,
1.009,decimal,COMMENTED,3895,Appendix subsection: Complete Regularization-Path Results,tab:path_anchor_complementary,% Surrogate & \oldtext{$\approx0.1$}\latesttext{$0.1$} & \oldtext{\textit{source}}\latesttext{0.948} & \oldtext{\textit{,ee4079f12b27f23dcecdc3883ef379777e7dfdcabee318b9b62fb49b0946fe3e,NOT_RENDERED,COMMENTED,
0.939,decimal,COMMENTED,3895,Appendix subsection: Complete Regularization-Path Results,tab:path_anchor_complementary,% Surrogate & \oldtext{$\approx0.1$}\latesttext{$0.1$} & \oldtext{\textit{source}}\latesttext{0.948} & \oldtext{\textit{,ee4079f12b27f23dcecdc3883ef379777e7dfdcabee318b9b62fb49b0946fe3e,NOT_RENDERED,COMMENTED,
21.1,decimal,COMMENTED,3895,Appendix subsection: Complete Regularization-Path Results,tab:path_anchor_complementary,% Surrogate & \oldtext{$\approx0.1$}\latesttext{$0.1$} & \oldtext{\textit{source}}\latesttext{0.948} & \oldtext{\textit{,ee4079f12b27f23dcecdc3883ef379777e7dfdcabee318b9b62fb49b0946fe3e,NOT_RENDERED,COMMENTED,
36.8,decimal,COMMENTED,3895,Appendix subsection: Complete Regularization-Path Results,tab:path_anchor_complementary,% Surrogate & \oldtext{$\approx0.1$}\latesttext{$0.1$} & \oldtext{\textit{source}}\latesttext{0.948} & \oldtext{\textit{,ee4079f12b27f23dcecdc3883ef379777e7dfdcabee318b9b62fb49b0946fe3e,NOT_RENDERED,COMMENTED,
0.153,decimal,COMMENTED,3895,Appendix subsection: Complete Regularization-Path Results,tab:path_anchor_complementary,% Surrogate & \oldtext{$\approx0.1$}\latesttext{$0.1$} & \oldtext{\textit{source}}\latesttext{0.948} & \oldtext{\textit{,ee4079f12b27f23dcecdc3883ef379777e7dfdcabee318b9b62fb49b0946fe3e,NOT_RENDERED,COMMENTED,
0.116,decimal,COMMENTED,3895,Appendix subsection: Complete Regularization-Path Results,tab:path_anchor_complementary,% Surrogate & \oldtext{$\approx0.1$}\latesttext{$0.1$} & \oldtext{\textit{source}}\latesttext{0.948} & \oldtext{\textit{,ee4079f12b27f23dcecdc3883ef379777e7dfdcabee318b9b62fb49b0946fe3e,NOT_RENDERED,COMMENTED,
0.402,decimal,COMMENTED,3895,Appendix subsection: Complete Regularization-Path Results,tab:path_anchor_complementary,% Surrogate & \oldtext{$\approx0.1$}\latesttext{$0.1$} & \oldtext{\textit{source}}\latesttext{0.948} & \oldtext{\textit{,ee4079f12b27f23dcecdc3883ef379777e7dfdcabee318b9b62fb49b0946fe3e,NOT_RENDERED,COMMENTED,
0.950,decimal,COMMENTED,3896,Appendix subsection: Complete Regularization-Path Results,tab:path_anchor_complementary,% Surrogate & \oldtext{$\approx0.954$}\latesttext{$\approx1$} & \oldtext{\textit{source}}\latesttext{0.950} & \oldtext{\,a364fd7e63851016b3846f27269aa3f32bc72c934b2f9d01dd613435f1c02263,NOT_RENDERED,COMMENTED,
1.003,decimal,COMMENTED,3896,Appendix subsection: Complete Regularization-Path Results,tab:path_anchor_complementary,% Surrogate & \oldtext{$\approx0.954$}\latesttext{$\approx1$} & \oldtext{\textit{source}}\latesttext{0.950} & \oldtext{\,a364fd7e63851016b3846f27269aa3f32bc72c934b2f9d01dd613435f1c02263,NOT_RENDERED,COMMENTED,
0.946,decimal,COMMENTED,3896,Appendix subsection: Complete Regularization-Path Results,tab:path_anchor_complementary,% Surrogate & \oldtext{$\approx0.954$}\latesttext{$\approx1$} & \oldtext{\textit{source}}\latesttext{0.950} & \oldtext{\,a364fd7e63851016b3846f27269aa3f32bc72c934b2f9d01dd613435f1c02263,NOT_RENDERED,COMMENTED,
20.9,decimal,COMMENTED,3896,Appendix subsection: Complete Regularization-Path Results,tab:path_anchor_complementary,% Surrogate & \oldtext{$\approx0.954$}\latesttext{$\approx1$} & \oldtext{\textit{source}}\latesttext{0.950} & \oldtext{\,a364fd7e63851016b3846f27269aa3f32bc72c934b2f9d01dd613435f1c02263,NOT_RENDERED,COMMENTED,
36.1,decimal,COMMENTED,3896,Appendix subsection: Complete Regularization-Path Results,tab:path_anchor_complementary,% Surrogate & \oldtext{$\approx0.954$}\latesttext{$\approx1$} & \oldtext{\textit{source}}\latesttext{0.950} & \oldtext{\,a364fd7e63851016b3846f27269aa3f32bc72c934b2f9d01dd613435f1c02263,NOT_RENDERED,COMMENTED,
0.120,decimal,COMMENTED,3896,Appendix subsection: Complete Regularization-Path Results,tab:path_anchor_complementary,% Surrogate & \oldtext{$\approx0.954$}\latesttext{$\approx1$} & \oldtext{\textit{source}}\latesttext{0.950} & \oldtext{\,a364fd7e63851016b3846f27269aa3f32bc72c934b2f9d01dd613435f1c02263,NOT_RENDERED,COMMENTED,
0.096,decimal,COMMENTED,3896,Appendix subsection: Complete Regularization-Path Results,tab:path_anchor_complementary,% Surrogate & \oldtext{$\approx0.954$}\latesttext{$\approx1$} & \oldtext{\textit{source}}\latesttext{0.950} & \oldtext{\,a364fd7e63851016b3846f27269aa3f32bc72c934b2f9d01dd613435f1c02263,NOT_RENDERED,COMMENTED,
0.343,decimal,COMMENTED,3896,Appendix subsection: Complete Regularization-Path Results,tab:path_anchor_complementary,% Surrogate & \oldtext{$\approx0.954$}\latesttext{$\approx1$} & \oldtext{\textit{source}}\latesttext{0.950} & \oldtext{\,a364fd7e63851016b3846f27269aa3f32bc72c934b2f9d01dd613435f1c02263,NOT_RENDERED,COMMENTED,
0.949,decimal,COMMENTED,3897,Appendix subsection: Complete Regularization-Path Results,tab:path_anchor_complementary,% Surrogate & \oldtext{$\approx10.481$}\latesttext{$\approx10$} & \oldtext{\textit{source}}\latesttext{0.949} & \oldtext,77a5050d583e4380142981a3928482ef36c624964dd9ee85370d68a2e37a8160,NOT_RENDERED,COMMENTED,
0.979,decimal,COMMENTED,3897,Appendix subsection: Complete Regularization-Path Results,tab:path_anchor_complementary,% Surrogate & \oldtext{$\approx10.481$}\latesttext{$\approx10$} & \oldtext{\textit{source}}\latesttext{0.949} & \oldtext,77a5050d583e4380142981a3928482ef36c624964dd9ee85370d68a2e37a8160,NOT_RENDERED,COMMENTED,
0.948,decimal,COMMENTED,3897,Appendix subsection: Complete Regularization-Path Results,tab:path_anchor_complementary,% Surrogate & \oldtext{$\approx10.481$}\latesttext{$\approx10$} & \oldtext{\textit{source}}\latesttext{0.949} & \oldtext,77a5050d583e4380142981a3928482ef36c624964dd9ee85370d68a2e37a8160,NOT_RENDERED,COMMENTED,
21.5,decimal,COMMENTED,3897,Appendix subsection: Complete Regularization-Path Results,tab:path_anchor_complementary,% Surrogate & \oldtext{$\approx10.481$}\latesttext{$\approx10$} & \oldtext{\textit{source}}\latesttext{0.949} & \oldtext,77a5050d583e4380142981a3928482ef36c624964dd9ee85370d68a2e37a8160,NOT_RENDERED,COMMENTED,
35.9,decimal,COMMENTED,3897,Appendix subsection: Complete Regularization-Path Results,tab:path_anchor_complementary,% Surrogate & \oldtext{$\approx10.481$}\latesttext{$\approx10$} & \oldtext{\textit{source}}\latesttext{0.949} & \oldtext,77a5050d583e4380142981a3928482ef36c624964dd9ee85370d68a2e37a8160,NOT_RENDERED,COMMENTED,
0.050,decimal,COMMENTED,3897,Appendix subsection: Complete Regularization-Path Results,tab:path_anchor_complementary,% Surrogate & \oldtext{$\approx10.481$}\latesttext{$\approx10$} & \oldtext{\textit{source}}\latesttext{0.949} & \oldtext,77a5050d583e4380142981a3928482ef36c624964dd9ee85370d68a2e37a8160,NOT_RENDERED,COMMENTED,
0.092,decimal,COMMENTED,3897,Appendix subsection: Complete Regularization-Path Results,tab:path_anchor_complementary,% Surrogate & \oldtext{$\approx10.481$}\latesttext{$\approx10$} & \oldtext{\textit{source}}\latesttext{0.949} & \oldtext,77a5050d583e4380142981a3928482ef36c624964dd9ee85370d68a2e37a8160,NOT_RENDERED,COMMENTED,
0.258,decimal,COMMENTED,3897,Appendix subsection: Complete Regularization-Path Results,tab:path_anchor_complementary,% Surrogate & \oldtext{$\approx10.481$}\latesttext{$\approx10$} & \oldtext{\textit{source}}\latesttext{0.949} & \oldtext,77a5050d583e4380142981a3928482ef36c624964dd9ee85370d68a2e37a8160,NOT_RENDERED,COMMENTED,
100,int_mid,COMMENTED,3898,Appendix subsection: Complete Regularization-Path Results,tab:path_anchor_complementary,% Surrogate & 100 & \oldtext{\textit{source}}\latesttext{0.948} & \oldtext{\textit{source}}\latesttext{0.964} & \oldtext,bfe647acf2b4c179aba7a1a5ea3e153b18e49f2475e2cf1f12cd10878d5e05cd,NOT_RENDERED,COMMENTED,
0.948,decimal,COMMENTED,3898,Appendix subsection: Complete Regularization-Path Results,tab:path_anchor_complementary,% Surrogate & 100 & \oldtext{\textit{source}}\latesttext{0.948} & \oldtext{\textit{source}}\latesttext{0.964} & \oldtext,bfe647acf2b4c179aba7a1a5ea3e153b18e49f2475e2cf1f12cd10878d5e05cd,NOT_RENDERED,COMMENTED,
0.964,decimal,COMMENTED,3898,Appendix subsection: Complete Regularization-Path Results,tab:path_anchor_complementary,% Surrogate & 100 & \oldtext{\textit{source}}\latesttext{0.948} & \oldtext{\textit{source}}\latesttext{0.964} & \oldtext,bfe647acf2b4c179aba7a1a5ea3e153b18e49f2475e2cf1f12cd10878d5e05cd,NOT_RENDERED,COMMENTED,
0.945,decimal,COMMENTED,3898,Appendix subsection: Complete Regularization-Path Results,tab:path_anchor_complementary,% Surrogate & 100 & \oldtext{\textit{source}}\latesttext{0.948} & \oldtext{\textit{source}}\latesttext{0.964} & \oldtext,bfe647acf2b4c179aba7a1a5ea3e153b18e49f2475e2cf1f12cd10878d5e05cd,NOT_RENDERED,COMMENTED,
22.7,decimal,COMMENTED,3898,Appendix subsection: Complete Regularization-Path Results,tab:path_anchor_complementary,% Surrogate & 100 & \oldtext{\textit{source}}\latesttext{0.948} & \oldtext{\textit{source}}\latesttext{0.964} & \oldtext,bfe647acf2b4c179aba7a1a5ea3e153b18e49f2475e2cf1f12cd10878d5e05cd,NOT_RENDERED,COMMENTED,
36.8,decimal,COMMENTED,3898,Appendix subsection: Complete Regularization-Path Results,tab:path_anchor_complementary,% Surrogate & 100 & \oldtext{\textit{source}}\latesttext{0.948} & \oldtext{\textit{source}}\latesttext{0.964} & \oldtext,bfe647acf2b4c179aba7a1a5ea3e153b18e49f2475e2cf1f12cd10878d5e05cd,NOT_RENDERED,COMMENTED,
0.015,decimal,COMMENTED,3898,Appendix subsection: Complete Regularization-Path Results,tab:path_anchor_complementary,% Surrogate & 100 & \oldtext{\textit{source}}\latesttext{0.948} & \oldtext{\textit{source}}\latesttext{0.964} & \oldtext,bfe647acf2b4c179aba7a1a5ea3e153b18e49f2475e2cf1f12cd10878d5e05cd,NOT_RENDERED,COMMENTED,
0.111,decimal,COMMENTED,3898,Appendix subsection: Complete Regularization-Path Results,tab:path_anchor_complementary,% Surrogate & 100 & \oldtext{\textit{source}}\latesttext{0.948} & \oldtext{\textit{source}}\latesttext{0.964} & \oldtext,bfe647acf2b4c179aba7a1a5ea3e153b18e49f2475e2cf1f12cd10878d5e05cd,NOT_RENDERED,COMMENTED,
0.266,decimal,COMMENTED,3898,Appendix subsection: Complete Regularization-Path Results,tab:path_anchor_complementary,% Surrogate & 100 & \oldtext{\textit{source}}\latesttext{0.948} & \oldtext{\textit{source}}\latesttext{0.964} & \oldtext,bfe647acf2b4c179aba7a1a5ea3e153b18e49f2475e2cf1f12cd10878d5e05cd,NOT_RENDERED,COMMENTED,
0.01,decimal,COMMENTED,3905,Appendix subsection: Complete Regularization-Path Results,tab:path_anchor_complementary,"% \latesttext{The nominal display anchors $\{0.01,0.1,1,10,100\}$ correspond to tested values $\{0.0104811,0.1,0.954095,",c1114e8c8b81ccce5a447ddb6988ecc1c5dc5019adc81b1020cb348fe6f0b4b2,NOT_RENDERED,COMMENTED,
0.1,decimal,COMMENTED,3905,Appendix subsection: Complete Regularization-Path Results,tab:path_anchor_complementary,"% \latesttext{The nominal display anchors $\{0.01,0.1,1,10,100\}$ correspond to tested values $\{0.0104811,0.1,0.954095,",c1114e8c8b81ccce5a447ddb6988ecc1c5dc5019adc81b1020cb348fe6f0b4b2,NOT_RENDERED,COMMENTED,
1,int_small,COMMENTED,3905,Appendix subsection: Complete Regularization-Path Results,tab:path_anchor_complementary,"% \latesttext{The nominal display anchors $\{0.01,0.1,1,10,100\}$ correspond to tested values $\{0.0104811,0.1,0.954095,",c1114e8c8b81ccce5a447ddb6988ecc1c5dc5019adc81b1020cb348fe6f0b4b2,NOT_RENDERED,COMMENTED,
"10,100",int_ge_1000,COMMENTED,3905,Appendix subsection: Complete Regularization-Path Results,tab:path_anchor_complementary,"% \latesttext{The nominal display anchors $\{0.01,0.1,1,10,100\}$ correspond to tested values $\{0.0104811,0.1,0.954095,",c1114e8c8b81ccce5a447ddb6988ecc1c5dc5019adc81b1020cb348fe6f0b4b2,NOT_RENDERED,COMMENTED,
0.0104811,decimal,COMMENTED,3905,Appendix subsection: Complete Regularization-Path Results,tab:path_anchor_complementary,"% \latesttext{The nominal display anchors $\{0.01,0.1,1,10,100\}$ correspond to tested values $\{0.0104811,0.1,0.954095,",c1114e8c8b81ccce5a447ddb6988ecc1c5dc5019adc81b1020cb348fe6f0b4b2,NOT_RENDERED,COMMENTED,
0.1,decimal,COMMENTED,3905,Appendix subsection: Complete Regularization-Path Results,tab:path_anchor_complementary,"% \latesttext{The nominal display anchors $\{0.01,0.1,1,10,100\}$ correspond to tested values $\{0.0104811,0.1,0.954095,",c1114e8c8b81ccce5a447ddb6988ecc1c5dc5019adc81b1020cb348fe6f0b4b2,NOT_RENDERED,COMMENTED,
0.954095,decimal,COMMENTED,3905,Appendix subsection: Complete Regularization-Path Results,tab:path_anchor_complementary,"% \latesttext{The nominal display anchors $\{0.01,0.1,1,10,100\}$ correspond to tested values $\{0.0104811,0.1,0.954095,",c1114e8c8b81ccce5a447ddb6988ecc1c5dc5019adc81b1020cb348fe6f0b4b2,NOT_RENDERED,COMMENTED,
10.4811,decimal,COMMENTED,3905,Appendix subsection: Complete Regularization-Path Results,tab:path_anchor_complementary,"% \latesttext{The nominal display anchors $\{0.01,0.1,1,10,100\}$ correspond to tested values $\{0.0104811,0.1,0.954095,",c1114e8c8b81ccce5a447ddb6988ecc1c5dc5019adc81b1020cb348fe6f0b4b2,NOT_RENDERED,COMMENTED,
100,int_mid,COMMENTED,3905,Appendix subsection: Complete Regularization-Path Results,tab:path_anchor_complementary,"% \latesttext{The nominal display anchors $\{0.01,0.1,1,10,100\}$ correspond to tested values $\{0.0104811,0.1,0.954095,",c1114e8c8b81ccce5a447ddb6988ecc1c5dc5019adc81b1020cb348fe6f0b4b2,NOT_RENDERED,COMMENTED,
0.969,decimal,ACTIVE,3935,Appendix subsection: Complete Regularization-Path Results,tab:path_anchor_complementary,Linear regression & -- & \textbf{0.969} & 1.020 & \textbf{0.979} & 24.7\% & 45.2\% & \textbf{-0.092} & 0.131 & \textbf{0,488859ff45dc4ff6712f7ccf80fe2e3e77de4e374c4af3e987f6e68bae3628cf,FLAGGED_UNSUPPORTED,no frozen source,
1.020,decimal,ACTIVE,3935,Appendix subsection: Complete Regularization-Path Results,tab:path_anchor_complementary,Linear regression & -- & \textbf{0.969} & 1.020 & \textbf{0.979} & 24.7\% & 45.2\% & \textbf{-0.092} & 0.131 & \textbf{0,488859ff45dc4ff6712f7ccf80fe2e3e77de4e374c4af3e987f6e68bae3628cf,FLAGGED_UNSUPPORTED,no frozen source,
0.979,decimal,ACTIVE,3935,Appendix subsection: Complete Regularization-Path Results,tab:path_anchor_complementary,Linear regression & -- & \textbf{0.969} & 1.020 & \textbf{0.979} & 24.7\% & 45.2\% & \textbf{-0.092} & 0.131 & \textbf{0,488859ff45dc4ff6712f7ccf80fe2e3e77de4e374c4af3e987f6e68bae3628cf,FLAGGED_UNSUPPORTED,no frozen source,
24.7,decimal,ACTIVE,3935,Appendix subsection: Complete Regularization-Path Results,tab:path_anchor_complementary,Linear regression & -- & \textbf{0.969} & 1.020 & \textbf{0.979} & 24.7\% & 45.2\% & \textbf{-0.092} & 0.131 & \textbf{0,488859ff45dc4ff6712f7ccf80fe2e3e77de4e374c4af3e987f6e68bae3628cf,FLAGGED_UNSUPPORTED,no frozen source,
45.2,decimal,ACTIVE,3935,Appendix subsection: Complete Regularization-Path Results,tab:path_anchor_complementary,Linear regression & -- & \textbf{0.969} & 1.020 & \textbf{0.979} & 24.7\% & 45.2\% & \textbf{-0.092} & 0.131 & \textbf{0,488859ff45dc4ff6712f7ccf80fe2e3e77de4e374c4af3e987f6e68bae3628cf,FLAGGED_UNSUPPORTED,no frozen source,
0.092,decimal,ACTIVE,3935,Appendix subsection: Complete Regularization-Path Results,tab:path_anchor_complementary,Linear regression & -- & \textbf{0.969} & 1.020 & \textbf{0.979} & 24.7\% & 45.2\% & \textbf{-0.092} & 0.131 & \textbf{0,488859ff45dc4ff6712f7ccf80fe2e3e77de4e374c4af3e987f6e68bae3628cf,FLAGGED_UNSUPPORTED,no frozen source,
0.131,decimal,ACTIVE,3935,Appendix subsection: Complete Regularization-Path Results,tab:path_anchor_complementary,Linear regression & -- & \textbf{0.969} & 1.020 & \textbf{0.979} & 24.7\% & 45.2\% & \textbf{-0.092} & 0.131 & \textbf{0,488859ff45dc4ff6712f7ccf80fe2e3e77de4e374c4af3e987f6e68bae3628cf,FLAGGED_UNSUPPORTED,no frozen source,
0.250,decimal,ACTIVE,3935,Appendix subsection: Complete Regularization-Path Results,tab:path_anchor_complementary,Linear regression & -- & \textbf{0.969} & 1.020 & \textbf{0.979} & 24.7\% & 45.2\% & \textbf{-0.092} & 0.131 & \textbf{0,488859ff45dc4ff6712f7ccf80fe2e3e77de4e374c4af3e987f6e68bae3628cf,FLAGGED_UNSUPPORTED,no frozen source,
0.929,decimal,ACTIVE,3936,Appendix subsection: Complete Regularization-Path Results,tab:path_anchor_complementary,Ordinary LightGBM & -- & 0.929 & \textbf{0.989} & 0.924 & \textbf{21.6\%} & \textbf{39.7\%} & -0.150 & \textbf{0.119} & ,8f0574a90594eb2bafea25d9bc3c646f73ac8d9364b9541116a08c5f2fdac318,SOURCED,,N-baselinecomp-medianratio-heldout;N-pathcomp-medianratio-surrogate_rho_0p954095-heldout
0.989,decimal,ACTIVE,3936,Appendix subsection: Complete Regularization-Path Results,tab:path_anchor_complementary,Ordinary LightGBM & -- & 0.929 & \textbf{0.989} & 0.924 & \textbf{21.6\%} & \textbf{39.7\%} & -0.150 & \textbf{0.119} & ,8f0574a90594eb2bafea25d9bc3c646f73ac8d9364b9541116a08c5f2fdac318,SOURCED,,N-baselinecomp-meanratio-heldout
0.924,decimal,ACTIVE,3936,Appendix subsection: Complete Regularization-Path Results,tab:path_anchor_complementary,Ordinary LightGBM & -- & 0.929 & \textbf{0.989} & 0.924 & \textbf{21.6\%} & \textbf{39.7\%} & -0.150 & \textbf{0.119} & ,8f0574a90594eb2bafea25d9bc3c646f73ac8d9364b9541116a08c5f2fdac318,SOURCED,,N-baselinecomp-wmeanratio-heldout
21.6,decimal,ACTIVE,3936,Appendix subsection: Complete Regularization-Path Results,tab:path_anchor_complementary,Ordinary LightGBM & -- & 0.929 & \textbf{0.989} & 0.924 & \textbf{21.6\%} & \textbf{39.7\%} & -0.150 & \textbf{0.119} & ,8f0574a90594eb2bafea25d9bc3c646f73ac8d9364b9541116a08c5f2fdac318,SOURCED,,N-baselinecomp-COD-heldout;N-pathcomp-COD-direct_rho_0p954095-heldout
39.7,decimal,ACTIVE,3936,Appendix subsection: Complete Regularization-Path Results,tab:path_anchor_complementary,Ordinary LightGBM & -- & 0.929 & \textbf{0.989} & 0.924 & \textbf{21.6\%} & \textbf{39.7\%} & -0.150 & \textbf{0.119} & ,8f0574a90594eb2bafea25d9bc3c646f73ac8d9364b9541116a08c5f2fdac318,FLAGGED_UNSUPPORTED,no frozen source,
0.150,decimal,ACTIVE,3936,Appendix subsection: Complete Regularization-Path Results,tab:path_anchor_complementary,Ordinary LightGBM & -- & 0.929 & \textbf{0.989} & 0.924 & \textbf{21.6\%} & \textbf{39.7\%} & -0.150 & \textbf{0.119} & ,8f0574a90594eb2bafea25d9bc3c646f73ac8d9364b9541116a08c5f2fdac318,SOURCED,,N-baselinecomp-betalog-heldout
0.119,decimal,ACTIVE,3936,Appendix subsection: Complete Regularization-Path Results,tab:path_anchor_complementary,Ordinary LightGBM & -- & 0.929 & \textbf{0.989} & 0.924 & \textbf{21.6\%} & \textbf{39.7\%} & -0.150 & \textbf{0.119} & ,8f0574a90594eb2bafea25d9bc3c646f73ac8d9364b9541116a08c5f2fdac318,SOURCED,,N-baselinecomp-DeltaNL-heldout
0.387,decimal,ACTIVE,3936,Appendix subsection: Complete Regularization-Path Results,tab:path_anchor_complementary,Ordinary LightGBM & -- & 0.929 & \textbf{0.989} & 0.924 & \textbf{21.6\%} & \textbf{39.7\%} & -0.150 & \textbf{0.119} & ,8f0574a90594eb2bafea25d9bc3c646f73ac8d9364b9541116a08c5f2fdac318,SOURCED,,N-baselinecomp-dCor-heldout
0.926,decimal,ACTIVE,3941,Appendix subsection: Complete Regularization-Path Results,tab:path_anchor_complementary,\latesttext{Direct} & \latesttext{$\approx0.01$} & \latesttext{0.926} & \latesttext{0.986} & \latesttext{0.922} & \lates,3de2e99b54c2e8f18f129a0e21683c6957c007fb8e1897fa50535543539ed5d3,FLAGGED_UNSUPPORTED,no frozen source,
0.986,decimal,ACTIVE,3941,Appendix subsection: Complete Regularization-Path Results,tab:path_anchor_complementary,\latesttext{Direct} & \latesttext{$\approx0.01$} & \latesttext{0.926} & \latesttext{0.986} & \latesttext{0.922} & \lates,3de2e99b54c2e8f18f129a0e21683c6957c007fb8e1897fa50535543539ed5d3,FLAGGED_UNSUPPORTED,no frozen source,
0.922,decimal,ACTIVE,3941,Appendix subsection: Complete Regularization-Path Results,tab:path_anchor_complementary,\latesttext{Direct} & \latesttext{$\approx0.01$} & \latesttext{0.926} & \latesttext{0.986} & \latesttext{0.922} & \lates,3de2e99b54c2e8f18f129a0e21683c6957c007fb8e1897fa50535543539ed5d3,FLAGGED_UNSUPPORTED,no frozen source,
21.7,decimal,ACTIVE,3941,Appendix subsection: Complete Regularization-Path Results,tab:path_anchor_complementary,\latesttext{Direct} & \latesttext{$\approx0.01$} & \latesttext{0.926} & \latesttext{0.986} & \latesttext{0.922} & \lates,3de2e99b54c2e8f18f129a0e21683c6957c007fb8e1897fa50535543539ed5d3,FLAGGED_UNSUPPORTED,no frozen source,
39.9,decimal,ACTIVE,3941,Appendix subsection: Complete Regularization-Path Results,tab:path_anchor_complementary,\latesttext{Direct} & \latesttext{$\approx0.01$} & \latesttext{0.926} & \latesttext{0.986} & \latesttext{0.922} & \lates,3de2e99b54c2e8f18f129a0e21683c6957c007fb8e1897fa50535543539ed5d3,FLAGGED_UNSUPPORTED,no frozen source,
0.148,decimal,ACTIVE,3941,Appendix subsection: Complete Regularization-Path Results,tab:path_anchor_complementary,\latesttext{Direct} & \latesttext{$\approx0.01$} & \latesttext{0.926} & \latesttext{0.986} & \latesttext{0.922} & \lates,3de2e99b54c2e8f18f129a0e21683c6957c007fb8e1897fa50535543539ed5d3,SOURCED,,N-pathcomp-betalog-direct_rho_0p954095-forward_2025
0.119,decimal,ACTIVE,3941,Appendix subsection: Complete Regularization-Path Results,tab:path_anchor_complementary,\latesttext{Direct} & \latesttext{$\approx0.01$} & \latesttext{0.926} & \latesttext{0.986} & \latesttext{0.922} & \lates,3de2e99b54c2e8f18f129a0e21683c6957c007fb8e1897fa50535543539ed5d3,SOURCED,,N-baselinecomp-DeltaNL-heldout
0.385,decimal,ACTIVE,3941,Appendix subsection: Complete Regularization-Path Results,tab:path_anchor_complementary,\latesttext{Direct} & \latesttext{$\approx0.01$} & \latesttext{0.926} & \latesttext{0.986} & \latesttext{0.922} & \lates,3de2e99b54c2e8f18f129a0e21683c6957c007fb8e1897fa50535543539ed5d3,FLAGGED_UNSUPPORTED,no frozen source,
0.924,decimal,ACTIVE,3942,Appendix subsection: Complete Regularization-Path Results,tab:path_anchor_complementary,Direct & \latesttext{$0.1$} & \latesttext{0.924} & \latesttext{0.983} & \latesttext{0.920} & \latesttext{21.6\%} & \late,fafe3170117d0dcda12e8ab51b21b14e665f08308c19452a9619fa078235742e,SOURCED,,N-baselinecomp-wmeanratio-heldout
0.983,decimal,ACTIVE,3942,Appendix subsection: Complete Regularization-Path Results,tab:path_anchor_complementary,Direct & \latesttext{$0.1$} & \latesttext{0.924} & \latesttext{0.983} & \latesttext{0.920} & \latesttext{21.6\%} & \late,fafe3170117d0dcda12e8ab51b21b14e665f08308c19452a9619fa078235742e,FLAGGED_UNSUPPORTED,no frozen source,
0.920,decimal,ACTIVE,3942,Appendix subsection: Complete Regularization-Path Results,tab:path_anchor_complementary,Direct & \latesttext{$0.1$} & \latesttext{0.924} & \latesttext{0.983} & \latesttext{0.920} & \latesttext{21.6\%} & \late,fafe3170117d0dcda12e8ab51b21b14e665f08308c19452a9619fa078235742e,FLAGGED_UNSUPPORTED,no frozen source,
21.6,decimal,ACTIVE,3942,Appendix subsection: Complete Regularization-Path Results,tab:path_anchor_complementary,Direct & \latesttext{$0.1$} & \latesttext{0.924} & \latesttext{0.983} & \latesttext{0.920} & \latesttext{21.6\%} & \late,fafe3170117d0dcda12e8ab51b21b14e665f08308c19452a9619fa078235742e,SOURCED,,N-baselinecomp-COD-heldout;N-pathcomp-COD-direct_rho_0p954095-heldout
39.8,decimal,ACTIVE,3942,Appendix subsection: Complete Regularization-Path Results,tab:path_anchor_complementary,Direct & \latesttext{$0.1$} & \latesttext{0.924} & \latesttext{0.983} & \latesttext{0.920} & \latesttext{21.6\%} & \late,fafe3170117d0dcda12e8ab51b21b14e665f08308c19452a9619fa078235742e,FLAGGED_UNSUPPORTED,no frozen source,
0.147,decimal,ACTIVE,3942,Appendix subsection: Complete Regularization-Path Results,tab:path_anchor_complementary,Direct & \latesttext{$0.1$} & \latesttext{0.924} & \latesttext{0.983} & \latesttext{0.920} & \latesttext{21.6\%} & \late,fafe3170117d0dcda12e8ab51b21b14e665f08308c19452a9619fa078235742e,FLAGGED_UNSUPPORTED,no frozen source,
0.119,decimal,ACTIVE,3942,Appendix subsection: Complete Regularization-Path Results,tab:path_anchor_complementary,Direct & \latesttext{$0.1$} & \latesttext{0.924} & \latesttext{0.983} & \latesttext{0.920} & \latesttext{21.6\%} & \late,fafe3170117d0dcda12e8ab51b21b14e665f08308c19452a9619fa078235742e,SOURCED,,N-baselinecomp-DeltaNL-heldout
0.382,decimal,ACTIVE,3942,Appendix subsection: Complete Regularization-Path Results,tab:path_anchor_complementary,Direct & \latesttext{$0.1$} & \latesttext{0.924} & \latesttext{0.983} & \latesttext{0.920} & \latesttext{21.6\%} & \late,fafe3170117d0dcda12e8ab51b21b14e665f08308c19452a9619fa078235742e,FLAGGED_UNSUPPORTED,no frozen source,
0.936,decimal,ACTIVE,3943,Appendix subsection: Complete Regularization-Path Results,tab:path_anchor_complementary,Direct & \latesttext{$\approx1$} & \latesttext{\textbf{0.936}} & \latesttext{\textbf{0.993}\textsuperscript{*}} & \lates,04d93cea93e5f10af5e94a421f2d387803be52c58ec67cc9e78e58583f10fbbd,SOURCED,,N-pathcomp-medianratio-direct_rho_0p954095-heldout;N-pathcomp-wmeanratio-direct_rho_0p954095-heldout
0.993,decimal,ACTIVE,3943,Appendix subsection: Complete Regularization-Path Results,tab:path_anchor_complementary,Direct & \latesttext{$\approx1$} & \latesttext{\textbf{0.936}} & \latesttext{\textbf{0.993}\textsuperscript{*}} & \lates,04d93cea93e5f10af5e94a421f2d387803be52c58ec67cc9e78e58583f10fbbd,SOURCED,,N-pathcomp-meanratio-direct_rho_0p954095-heldout;N-pathcomp-wmeanratio-direct_rho100-heldout
0.936,decimal,ACTIVE,3943,Appendix subsection: Complete Regularization-Path Results,tab:path_anchor_complementary,Direct & \latesttext{$\approx1$} & \latesttext{\textbf{0.936}} & \latesttext{\textbf{0.993}\textsuperscript{*}} & \lates,04d93cea93e5f10af5e94a421f2d387803be52c58ec67cc9e78e58583f10fbbd,SOURCED,,N-pathcomp-medianratio-direct_rho_0p954095-heldout;N-pathcomp-wmeanratio-direct_rho_0p954095-heldout
21.6,decimal,ACTIVE,3943,Appendix subsection: Complete Regularization-Path Results,tab:path_anchor_complementary,Direct & \latesttext{$\approx1$} & \latesttext{\textbf{0.936}} & \latesttext{\textbf{0.993}\textsuperscript{*}} & \lates,04d93cea93e5f10af5e94a421f2d387803be52c58ec67cc9e78e58583f10fbbd,SOURCED,,N-baselinecomp-COD-heldout;N-pathcomp-COD-direct_rho_0p954095-heldout
39.9,decimal,ACTIVE,3943,Appendix subsection: Complete Regularization-Path Results,tab:path_anchor_complementary,Direct & \latesttext{$\approx1$} & \latesttext{\textbf{0.936}} & \latesttext{\textbf{0.993}\textsuperscript{*}} & \lates,04d93cea93e5f10af5e94a421f2d387803be52c58ec67cc9e78e58583f10fbbd,FLAGGED_UNSUPPORTED,no frozen source,
0.134,decimal,ACTIVE,3943,Appendix subsection: Complete Regularization-Path Results,tab:path_anchor_complementary,Direct & \latesttext{$\approx1$} & \latesttext{\textbf{0.936}} & \latesttext{\textbf{0.993}\textsuperscript{*}} & \lates,04d93cea93e5f10af5e94a421f2d387803be52c58ec67cc9e78e58583f10fbbd,SOURCED,,N-pathcomp-betalog-direct_rho_0p954095-heldout
0.122,decimal,ACTIVE,3943,Appendix subsection: Complete Regularization-Path Results,tab:path_anchor_complementary,Direct & \latesttext{$\approx1$} & \latesttext{\textbf{0.936}} & \latesttext{\textbf{0.993}\textsuperscript{*}} & \lates,04d93cea93e5f10af5e94a421f2d387803be52c58ec67cc9e78e58583f10fbbd,FLAGGED_UNSUPPORTED,no frozen source,
0.359,decimal,ACTIVE,3943,Appendix subsection: Complete Regularization-Path Results,tab:path_anchor_complementary,Direct & \latesttext{$\approx1$} & \latesttext{\textbf{0.936}} & \latesttext{\textbf{0.993}\textsuperscript{*}} & \lates,04d93cea93e5f10af5e94a421f2d387803be52c58ec67cc9e78e58583f10fbbd,FLAGGED_UNSUPPORTED,no frozen source,
0.953,decimal,ACTIVE,3944,Appendix subsection: Complete Regularization-Path Results,tab:path_anchor_complementary,Direct & \latesttext{$\approx10$} & \latesttext{\textbf{0.953}} & \latesttext{\textbf{1.005}\textsuperscript{*}} & \late,6062b027eaf5e9d842009f39c41d06c8e718479c715c76675029b983281df336,FLAGGED_UNSUPPORTED,no frozen source,
1.005,decimal,ACTIVE,3944,Appendix subsection: Complete Regularization-Path Results,tab:path_anchor_complementary,Direct & \latesttext{$\approx10$} & \latesttext{\textbf{0.953}} & \latesttext{\textbf{1.005}\textsuperscript{*}} & \late,6062b027eaf5e9d842009f39c41d06c8e718479c715c76675029b983281df336,FLAGGED_UNSUPPORTED,no frozen source,
0.970,decimal,ACTIVE,3944,Appendix subsection: Complete Regularization-Path Results,tab:path_anchor_complementary,Direct & \latesttext{$\approx10$} & \latesttext{\textbf{0.953}} & \latesttext{\textbf{1.005}\textsuperscript{*}} & \late,6062b027eaf5e9d842009f39c41d06c8e718479c715c76675029b983281df336,FLAGGED_UNSUPPORTED,no frozen source,
21.9,decimal,ACTIVE,3944,Appendix subsection: Complete Regularization-Path Results,tab:path_anchor_complementary,Direct & \latesttext{$\approx10$} & \latesttext{\textbf{0.953}} & \latesttext{\textbf{1.005}\textsuperscript{*}} & \late,6062b027eaf5e9d842009f39c41d06c8e718479c715c76675029b983281df336,FLAGGED_UNSUPPORTED,no frozen source,
39.4,decimal,ACTIVE,3944,Appendix subsection: Complete Regularization-Path Results,tab:path_anchor_complementary,Direct & \latesttext{$\approx10$} & \latesttext{\textbf{0.953}} & \latesttext{\textbf{1.005}\textsuperscript{*}} & \late,6062b027eaf5e9d842009f39c41d06c8e718479c715c76675029b983281df336,FLAGGED_UNSUPPORTED,no frozen source,
0.096,decimal,ACTIVE,3944,Appendix subsection: Complete Regularization-Path Results,tab:path_anchor_complementary,Direct & \latesttext{$\approx10$} & \latesttext{\textbf{0.953}} & \latesttext{\textbf{1.005}\textsuperscript{*}} & \late,6062b027eaf5e9d842009f39c41d06c8e718479c715c76675029b983281df336,FLAGGED_UNSUPPORTED,no frozen source,
0.132,decimal,ACTIVE,3944,Appendix subsection: Complete Regularization-Path Results,tab:path_anchor_complementary,Direct & \latesttext{$\approx10$} & \latesttext{\textbf{0.953}} & \latesttext{\textbf{1.005}\textsuperscript{*}} & \late,6062b027eaf5e9d842009f39c41d06c8e718479c715c76675029b983281df336,FLAGGED_UNSUPPORTED,no frozen source,
0.302,decimal,ACTIVE,3944,Appendix subsection: Complete Regularization-Path Results,tab:path_anchor_complementary,Direct & \latesttext{$\approx10$} & \latesttext{\textbf{0.953}} & \latesttext{\textbf{1.005}\textsuperscript{*}} & \late,6062b027eaf5e9d842009f39c41d06c8e718479c715c76675029b983281df336,FLAGGED_UNSUPPORTED,no frozen source,
100,int_mid,ACTIVE,3945,Appendix subsection: Complete Regularization-Path Results,tab:path_anchor_complementary,Direct & 100 & \latesttext{\textbf{0.968}} & \latesttext{1.022} & \latesttext{\textbf{0.993}\textsuperscript{*}} & \late,fe0557667e14a827a2b17510982eb4834df626afbe66c4e9f87c5e61aedf4c15,ALLOWLISTED,DESIGN_CONSTANT,
0.968,decimal,ACTIVE,3945,Appendix subsection: Complete Regularization-Path Results,tab:path_anchor_complementary,Direct & 100 & \latesttext{\textbf{0.968}} & \latesttext{1.022} & \latesttext{\textbf{0.993}\textsuperscript{*}} & \late,fe0557667e14a827a2b17510982eb4834df626afbe66c4e9f87c5e61aedf4c15,SOURCED,,N-pathcomp-medianratio-direct_rho100-heldout
1.022,decimal,ACTIVE,3945,Appendix subsection: Complete Regularization-Path Results,tab:path_anchor_complementary,Direct & 100 & \latesttext{\textbf{0.968}} & \latesttext{1.022} & \latesttext{\textbf{0.993}\textsuperscript{*}} & \late,fe0557667e14a827a2b17510982eb4834df626afbe66c4e9f87c5e61aedf4c15,SOURCED,,N-pathcomp-meanratio-direct_rho100-heldout
0.993,decimal,ACTIVE,3945,Appendix subsection: Complete Regularization-Path Results,tab:path_anchor_complementary,Direct & 100 & \latesttext{\textbf{0.968}} & \latesttext{1.022} & \latesttext{\textbf{0.993}\textsuperscript{*}} & \late,fe0557667e14a827a2b17510982eb4834df626afbe66c4e9f87c5e61aedf4c15,SOURCED,,N-pathcomp-meanratio-direct_rho_0p954095-heldout;N-pathcomp-wmeanratio-direct_rho100-heldout
24.5,decimal,ACTIVE,3945,Appendix subsection: Complete Regularization-Path Results,tab:path_anchor_complementary,Direct & 100 & \latesttext{\textbf{0.968}} & \latesttext{1.022} & \latesttext{\textbf{0.993}\textsuperscript{*}} & \late,fe0557667e14a827a2b17510982eb4834df626afbe66c4e9f87c5e61aedf4c15,SOURCED,,N-pathcomp-COD-direct_rho100-heldout
41.5,decimal,ACTIVE,3945,Appendix subsection: Complete Regularization-Path Results,tab:path_anchor_complementary,Direct & 100 & \latesttext{\textbf{0.968}} & \latesttext{1.022} & \latesttext{\textbf{0.993}\textsuperscript{*}} & \late,fe0557667e14a827a2b17510982eb4834df626afbe66c4e9f87c5e61aedf4c15,FLAGGED_UNSUPPORTED,no frozen source,
0.079,decimal,ACTIVE,3945,Appendix subsection: Complete Regularization-Path Results,tab:path_anchor_complementary,Direct & 100 & \latesttext{\textbf{0.968}} & \latesttext{1.022} & \latesttext{\textbf{0.993}\textsuperscript{*}} & \late,fe0557667e14a827a2b17510982eb4834df626afbe66c4e9f87c5e61aedf4c15,SOURCED,,N-pathcomp-betalog-direct_rho100-heldout
0.115,decimal,ACTIVE,3945,Appendix subsection: Complete Regularization-Path Results,tab:path_anchor_complementary,Direct & 100 & \latesttext{\textbf{0.968}} & \latesttext{1.022} & \latesttext{\textbf{0.993}\textsuperscript{*}} & \late,fe0557667e14a827a2b17510982eb4834df626afbe66c4e9f87c5e61aedf4c15,FLAGGED_UNSUPPORTED,no frozen source,
0.265,decimal,ACTIVE,3945,Appendix subsection: Complete Regularization-Path Results,tab:path_anchor_complementary,Direct & 100 & \latesttext{\textbf{0.968}} & \latesttext{1.022} & \latesttext{\textbf{0.993}\textsuperscript{*}} & \late,fe0557667e14a827a2b17510982eb4834df626afbe66c4e9f87c5e61aedf4c15,FLAGGED_UNSUPPORTED,no frozen source,
0.929,decimal,ACTIVE,3950,Appendix subsection: Complete Regularization-Path Results,tab:path_anchor_complementary,\latesttext{Surrogate} & \latesttext{$\approx0.01$} & \latesttext{0.929} & \latesttext{0.987} & \latesttext{0.924} & \la,69a7616db6ff81bd4d0e057388adbfd676e7b34ea664fd43d09a2d1d714bb10c,SOURCED,,N-baselinecomp-medianratio-heldout;N-pathcomp-medianratio-surrogate_rho_0p954095-heldout
0.987,decimal,ACTIVE,3950,Appendix subsection: Complete Regularization-Path Results,tab:path_anchor_complementary,\latesttext{Surrogate} & \latesttext{$\approx0.01$} & \latesttext{0.929} & \latesttext{0.987} & \latesttext{0.924} & \la,69a7616db6ff81bd4d0e057388adbfd676e7b34ea664fd43d09a2d1d714bb10c,FLAGGED_UNSUPPORTED,no frozen source,
0.924,decimal,ACTIVE,3950,Appendix subsection: Complete Regularization-Path Results,tab:path_anchor_complementary,\latesttext{Surrogate} & \latesttext{$\approx0.01$} & \latesttext{0.929} & \latesttext{0.987} & \latesttext{0.924} & \la,69a7616db6ff81bd4d0e057388adbfd676e7b34ea664fd43d09a2d1d714bb10c,SOURCED,,N-baselinecomp-wmeanratio-heldout
21.6,decimal,ACTIVE,3950,Appendix subsection: Complete Regularization-Path Results,tab:path_anchor_complementary,\latesttext{Surrogate} & \latesttext{$\approx0.01$} & \latesttext{0.929} & \latesttext{0.987} & \latesttext{0.924} & \la,69a7616db6ff81bd4d0e057388adbfd676e7b34ea664fd43d09a2d1d714bb10c,SOURCED,,N-baselinecomp-COD-heldout;N-pathcomp-COD-direct_rho_0p954095-heldout
39.9,decimal,ACTIVE,3950,Appendix subsection: Complete Regularization-Path Results,tab:path_anchor_complementary,\latesttext{Surrogate} & \latesttext{$\approx0.01$} & \latesttext{0.929} & \latesttext{0.987} & \latesttext{0.924} & \la,69a7616db6ff81bd4d0e057388adbfd676e7b34ea664fd43d09a2d1d714bb10c,FLAGGED_UNSUPPORTED,no frozen source,
0.147,decimal,ACTIVE,3950,Appendix subsection: Complete Regularization-Path Results,tab:path_anchor_complementary,\latesttext{Surrogate} & \latesttext{$\approx0.01$} & \latesttext{0.929} & \latesttext{0.987} & \latesttext{0.924} & \la,69a7616db6ff81bd4d0e057388adbfd676e7b34ea664fd43d09a2d1d714bb10c,FLAGGED_UNSUPPORTED,no frozen source,
0.116,decimal,ACTIVE,3950,Appendix subsection: Complete Regularization-Path Results,tab:path_anchor_complementary,\latesttext{Surrogate} & \latesttext{$\approx0.01$} & \latesttext{0.929} & \latesttext{0.987} & \latesttext{0.924} & \la,69a7616db6ff81bd4d0e057388adbfd676e7b34ea664fd43d09a2d1d714bb10c,FLAGGED_UNSUPPORTED,no frozen source,
0.383,decimal,ACTIVE,3950,Appendix subsection: Complete Regularization-Path Results,tab:path_anchor_complementary,\latesttext{Surrogate} & \latesttext{$\approx0.01$} & \latesttext{0.929} & \latesttext{0.987} & \latesttext{0.924} & \la,69a7616db6ff81bd4d0e057388adbfd676e7b34ea664fd43d09a2d1d714bb10c,FLAGGED_UNSUPPORTED,no frozen source,
0.927,decimal,ACTIVE,3951,Appendix subsection: Complete Regularization-Path Results,tab:path_anchor_complementary,Surrogate & \latesttext{$0.1$} & \latesttext{0.927} & \latesttext{0.982} & \latesttext{0.923} & \latesttext{\textbf{21.5,d78223e6e9130a66d8ecf452d036b9213e4d54cb6e4fd91fda640d5597145461,FLAGGED_UNSUPPORTED,no frozen source,
0.982,decimal,ACTIVE,3951,Appendix subsection: Complete Regularization-Path Results,tab:path_anchor_complementary,Surrogate & \latesttext{$0.1$} & \latesttext{0.927} & \latesttext{0.982} & \latesttext{0.923} & \latesttext{\textbf{21.5,d78223e6e9130a66d8ecf452d036b9213e4d54cb6e4fd91fda640d5597145461,FLAGGED_UNSUPPORTED,no frozen source,
0.923,decimal,ACTIVE,3951,Appendix subsection: Complete Regularization-Path Results,tab:path_anchor_complementary,Surrogate & \latesttext{$0.1$} & \latesttext{0.927} & \latesttext{0.982} & \latesttext{0.923} & \latesttext{\textbf{21.5,d78223e6e9130a66d8ecf452d036b9213e4d54cb6e4fd91fda640d5597145461,SOURCED,,N-pathcomp-medianratio-surrogate_rho100-heldout
21.5,decimal,ACTIVE,3951,Appendix subsection: Complete Regularization-Path Results,tab:path_anchor_complementary,Surrogate & \latesttext{$0.1$} & \latesttext{0.927} & \latesttext{0.982} & \latesttext{0.923} & \latesttext{\textbf{21.5,d78223e6e9130a66d8ecf452d036b9213e4d54cb6e4fd91fda640d5597145461,FLAGGED_UNSUPPORTED,no frozen source,
39.9,decimal,ACTIVE,3951,Appendix subsection: Complete Regularization-Path Results,tab:path_anchor_complementary,Surrogate & \latesttext{$0.1$} & \latesttext{0.927} & \latesttext{0.982} & \latesttext{0.923} & \latesttext{\textbf{21.5,d78223e6e9130a66d8ecf452d036b9213e4d54cb6e4fd91fda640d5597145461,FLAGGED_UNSUPPORTED,no frozen source,
0.138,decimal,ACTIVE,3951,Appendix subsection: Complete Regularization-Path Results,tab:path_anchor_complementary,Surrogate & \latesttext{$0.1$} & \latesttext{0.927} & \latesttext{0.982} & \latesttext{0.923} & \latesttext{\textbf{21.5,d78223e6e9130a66d8ecf452d036b9213e4d54cb6e4fd91fda640d5597145461,FLAGGED_UNSUPPORTED,no frozen source,
0.113,decimal,ACTIVE,3951,Appendix subsection: Complete Regularization-Path Results,tab:path_anchor_complementary,Surrogate & \latesttext{$0.1$} & \latesttext{0.927} & \latesttext{0.982} & \latesttext{0.923} & \latesttext{\textbf{21.5,d78223e6e9130a66d8ecf452d036b9213e4d54cb6e4fd91fda640d5597145461,FLAGGED_UNSUPPORTED,no frozen source,
0.367,decimal,ACTIVE,3951,Appendix subsection: Complete Regularization-Path Results,tab:path_anchor_complementary,Surrogate & \latesttext{$0.1$} & \latesttext{0.927} & \latesttext{0.982} & \latesttext{0.923} & \latesttext{\textbf{21.5,d78223e6e9130a66d8ecf452d036b9213e4d54cb6e4fd91fda640d5597145461,FLAGGED_UNSUPPORTED,no frozen source,
0.929,decimal,ACTIVE,3952,Appendix subsection: Complete Regularization-Path Results,tab:path_anchor_complementary,Surrogate & \latesttext{$\approx1$} & \latesttext{0.929} & \latesttext{0.975} & \latesttext{\textbf{0.930}} & \latesttex,f5896fd83e9c701d54625d9f060885205bd2df91b5dc1a0d4bab53b5c2a47431,SOURCED,,N-baselinecomp-medianratio-heldout;N-pathcomp-medianratio-surrogate_rho_0p954095-heldout
0.975,decimal,ACTIVE,3952,Appendix subsection: Complete Regularization-Path Results,tab:path_anchor_complementary,Surrogate & \latesttext{$\approx1$} & \latesttext{0.929} & \latesttext{0.975} & \latesttext{\textbf{0.930}} & \latesttex,f5896fd83e9c701d54625d9f060885205bd2df91b5dc1a0d4bab53b5c2a47431,SOURCED,,N-pathcomp-meanratio-surrogate_rho_0p954095-heldout
0.930,decimal,ACTIVE,3952,Appendix subsection: Complete Regularization-Path Results,tab:path_anchor_complementary,Surrogate & \latesttext{$\approx1$} & \latesttext{0.929} & \latesttext{0.975} & \latesttext{\textbf{0.930}} & \latesttex,f5896fd83e9c701d54625d9f060885205bd2df91b5dc1a0d4bab53b5c2a47431,SOURCED,,N-pathcomp-wmeanratio-surrogate_rho_0p954095-heldout
21.4,decimal,ACTIVE,3952,Appendix subsection: Complete Regularization-Path Results,tab:path_anchor_complementary,Surrogate & \latesttext{$\approx1$} & \latesttext{0.929} & \latesttext{0.975} & \latesttext{\textbf{0.930}} & \latesttex,f5896fd83e9c701d54625d9f060885205bd2df91b5dc1a0d4bab53b5c2a47431,SOURCED,,N-pathcomp-COD-surrogate_rho_0p954095-heldout
38.2,decimal,ACTIVE,3952,Appendix subsection: Complete Regularization-Path Results,tab:path_anchor_complementary,Surrogate & \latesttext{$\approx1$} & \latesttext{0.929} & \latesttext{0.975} & \latesttext{\textbf{0.930}} & \latesttex,f5896fd83e9c701d54625d9f060885205bd2df91b5dc1a0d4bab53b5c2a47431,FLAGGED_UNSUPPORTED,no frozen source,
0.102,decimal,ACTIVE,3952,Appendix subsection: Complete Regularization-Path Results,tab:path_anchor_complementary,Surrogate & \latesttext{$\approx1$} & \latesttext{0.929} & \latesttext{0.975} & \latesttext{\textbf{0.930}} & \latesttex,f5896fd83e9c701d54625d9f060885205bd2df91b5dc1a0d4bab53b5c2a47431,SOURCED,,N-pathcomp-betalog-surrogate_rho_0p954095-heldout
0.099,decimal,ACTIVE,3952,Appendix subsection: Complete Regularization-Path Results,tab:path_anchor_complementary,Surrogate & \latesttext{$\approx1$} & \latesttext{0.929} & \latesttext{0.975} & \latesttext{\textbf{0.930}} & \latesttex,f5896fd83e9c701d54625d9f060885205bd2df91b5dc1a0d4bab53b5c2a47431,FLAGGED_UNSUPPORTED,no frozen source,
0.310,decimal,ACTIVE,3952,Appendix subsection: Complete Regularization-Path Results,tab:path_anchor_complementary,Surrogate & \latesttext{$\approx1$} & \latesttext{0.929} & \latesttext{0.975} & \latesttext{\textbf{0.930}} & \latesttex,f5896fd83e9c701d54625d9f060885205bd2df91b5dc1a0d4bab53b5c2a47431,FLAGGED_UNSUPPORTED,no frozen source,
0.927,decimal,ACTIVE,3953,Appendix subsection: Complete Regularization-Path Results,tab:path_anchor_complementary,Surrogate & \latesttext{$\approx10$} & \latesttext{0.927} & \latesttext{0.953} & \latesttext{\textbf{0.931}} & \latestte,d7234015349c2d0d4554f48ef8c0856ca068becc87cb96c5c84ac2d48d020014,FLAGGED_UNSUPPORTED,no frozen source,
0.953,decimal,ACTIVE,3953,Appendix subsection: Complete Regularization-Path Results,tab:path_anchor_complementary,Surrogate & \latesttext{$\approx10$} & \latesttext{0.927} & \latesttext{0.953} & \latesttext{\textbf{0.931}} & \latestte,d7234015349c2d0d4554f48ef8c0856ca068becc87cb96c5c84ac2d48d020014,FLAGGED_UNSUPPORTED,no frozen source,
0.931,decimal,ACTIVE,3953,Appendix subsection: Complete Regularization-Path Results,tab:path_anchor_complementary,Surrogate & \latesttext{$\approx10$} & \latesttext{0.927} & \latesttext{0.953} & \latesttext{\textbf{0.931}} & \latestte,d7234015349c2d0d4554f48ef8c0856ca068becc87cb96c5c84ac2d48d020014,FLAGGED_UNSUPPORTED,no frozen source,
22.2,decimal,ACTIVE,3953,Appendix subsection: Complete Regularization-Path Results,tab:path_anchor_complementary,Surrogate & \latesttext{$\approx10$} & \latesttext{0.927} & \latesttext{0.953} & \latesttext{\textbf{0.931}} & \latestte,d7234015349c2d0d4554f48ef8c0856ca068becc87cb96c5c84ac2d48d020014,FLAGGED_UNSUPPORTED,no frozen source,
38.5,decimal,ACTIVE,3953,Appendix subsection: Complete Regularization-Path Results,tab:path_anchor_complementary,Surrogate & \latesttext{$\approx10$} & \latesttext{0.927} & \latesttext{0.953} & \latesttext{\textbf{0.931}} & \latestte,d7234015349c2d0d4554f48ef8c0856ca068becc87cb96c5c84ac2d48d020014,FLAGGED_UNSUPPORTED,no frozen source,
0.036,decimal,ACTIVE,3953,Appendix subsection: Complete Regularization-Path Results,tab:path_anchor_complementary,Surrogate & \latesttext{$\approx10$} & \latesttext{0.927} & \latesttext{0.953} & \latesttext{\textbf{0.931}} & \latestte,d7234015349c2d0d4554f48ef8c0856ca068becc87cb96c5c84ac2d48d020014,FLAGGED_UNSUPPORTED,no frozen source,
0.103,decimal,ACTIVE,3953,Appendix subsection: Complete Regularization-Path Results,tab:path_anchor_complementary,Surrogate & \latesttext{$\approx10$} & \latesttext{0.927} & \latesttext{0.953} & \latesttext{\textbf{0.931}} & \latestte,d7234015349c2d0d4554f48ef8c0856ca068becc87cb96c5c84ac2d48d020014,FLAGGED_UNSUPPORTED,no frozen source,
0.250,decimal,ACTIVE,3953,Appendix subsection: Complete Regularization-Path Results,tab:path_anchor_complementary,Surrogate & \latesttext{$\approx10$} & \latesttext{0.927} & \latesttext{0.953} & \latesttext{\textbf{0.931}} & \latestte,d7234015349c2d0d4554f48ef8c0856ca068becc87cb96c5c84ac2d48d020014,FLAGGED_UNSUPPORTED,no frozen source,
100,int_mid,ACTIVE,3954,Appendix subsection: Complete Regularization-Path Results,tab:path_anchor_complementary,Surrogate & 100 & \latesttext{0.923} & \latesttext{0.937} & \latesttext{\textbf{0.928}} & \latesttext{23.5\%} & \latestt,1fe2edcc641e96f734a6e9c6e152f48464e4ffec0749bf092571c28135e6b7ab,ALLOWLISTED,DESIGN_CONSTANT,
0.923,decimal,ACTIVE,3954,Appendix subsection: Complete Regularization-Path Results,tab:path_anchor_complementary,Surrogate & 100 & \latesttext{0.923} & \latesttext{0.937} & \latesttext{\textbf{0.928}} & \latesttext{23.5\%} & \latestt,1fe2edcc641e96f734a6e9c6e152f48464e4ffec0749bf092571c28135e6b7ab,SOURCED,,N-pathcomp-medianratio-surrogate_rho100-heldout
0.937,decimal,ACTIVE,3954,Appendix subsection: Complete Regularization-Path Results,tab:path_anchor_complementary,Surrogate & 100 & \latesttext{0.923} & \latesttext{0.937} & \latesttext{\textbf{0.928}} & \latesttext{23.5\%} & \latestt,1fe2edcc641e96f734a6e9c6e152f48464e4ffec0749bf092571c28135e6b7ab,SOURCED,,N-pathcomp-meanratio-surrogate_rho100-heldout
0.928,decimal,ACTIVE,3954,Appendix subsection: Complete Regularization-Path Results,tab:path_anchor_complementary,Surrogate & 100 & \latesttext{0.923} & \latesttext{0.937} & \latesttext{\textbf{0.928}} & \latesttext{23.5\%} & \latestt,1fe2edcc641e96f734a6e9c6e152f48464e4ffec0749bf092571c28135e6b7ab,SOURCED,,N-pathcomp-wmeanratio-surrogate_rho100-heldout
23.5,decimal,ACTIVE,3954,Appendix subsection: Complete Regularization-Path Results,tab:path_anchor_complementary,Surrogate & 100 & \latesttext{0.923} & \latesttext{0.937} & \latesttext{\textbf{0.928}} & \latesttext{23.5\%} & \latestt,1fe2edcc641e96f734a6e9c6e152f48464e4ffec0749bf092571c28135e6b7ab,SOURCED,,N-pathcomp-COD-surrogate_rho100-heldout
40.3,decimal,ACTIVE,3954,Appendix subsection: Complete Regularization-Path Results,tab:path_anchor_complementary,Surrogate & 100 & \latesttext{0.923} & \latesttext{0.937} & \latesttext{\textbf{0.928}} & \latesttext{23.5\%} & \latestt,1fe2edcc641e96f734a6e9c6e152f48464e4ffec0749bf092571c28135e6b7ab,FLAGGED_UNSUPPORTED,no frozen source,
0.001,decimal,ACTIVE,3954,Appendix subsection: Complete Regularization-Path Results,tab:path_anchor_complementary,Surrogate & 100 & \latesttext{0.923} & \latesttext{0.937} & \latesttext{\textbf{0.928}} & \latesttext{23.5\%} & \latestt,1fe2edcc641e96f734a6e9c6e152f48464e4ffec0749bf092571c28135e6b7ab,SOURCED,,N-pathcomp-betalog-surrogate_rho100-heldout
0.124,decimal,ACTIVE,3954,Appendix subsection: Complete Regularization-Path Results,tab:path_anchor_complementary,Surrogate & 100 & \latesttext{0.923} & \latesttext{0.937} & \latesttext{\textbf{0.928}} & \latesttext{23.5\%} & \latestt,1fe2edcc641e96f734a6e9c6e152f48464e4ffec0749bf092571c28135e6b7ab,FLAGGED_UNSUPPORTED,no frozen source,
0.267,decimal,ACTIVE,3954,Appendix subsection: Complete Regularization-Path Results,tab:path_anchor_complementary,Surrogate & 100 & \latesttext{0.923} & \latesttext{0.937} & \latesttext{\textbf{0.928}} & \latesttext{23.5\%} & \latestt,1fe2edcc641e96f734a6e9c6e152f48464e4ffec0749bf092571c28135e6b7ab,FLAGGED_UNSUPPORTED,no frozen source,
2025,year_like,ACTIVE,3958,Appendix subsection: Complete Regularization-Path Results,tab:path_anchor_complementary,\multicolumn{10}{l}{\textit{Panel B: 2025 forward evaluation}} \\,aa16aa327e5c691c8e4be1713a5788516b30347ed04cf14c50769992c744b5bb,ALLOWLISTED,DESIGN_CONSTANT,
1.020,decimal,ACTIVE,3963,Appendix subsection: Complete Regularization-Path Results,tab:path_anchor_complementary,Linear regression & -- & \textbf{1.020} & 1.081 & \textbf{1.027} & 24.3\% & 42.1\% & \textbf{-0.109} & 0.122 & \textbf{0,7bf31a57acff6e895ec15fb041e3bbddbc13972e99190bdc24fe4c79255226bc,FLAGGED_UNSUPPORTED,no frozen source,
1.081,decimal,ACTIVE,3963,Appendix subsection: Complete Regularization-Path Results,tab:path_anchor_complementary,Linear regression & -- & \textbf{1.020} & 1.081 & \textbf{1.027} & 24.3\% & 42.1\% & \textbf{-0.109} & 0.122 & \textbf{0,7bf31a57acff6e895ec15fb041e3bbddbc13972e99190bdc24fe4c79255226bc,FLAGGED_UNSUPPORTED,no frozen source,
1.027,decimal,ACTIVE,3963,Appendix subsection: Complete Regularization-Path Results,tab:path_anchor_complementary,Linear regression & -- & \textbf{1.020} & 1.081 & \textbf{1.027} & 24.3\% & 42.1\% & \textbf{-0.109} & 0.122 & \textbf{0,7bf31a57acff6e895ec15fb041e3bbddbc13972e99190bdc24fe4c79255226bc,FLAGGED_UNSUPPORTED,no frozen source,
24.3,decimal,ACTIVE,3963,Appendix subsection: Complete Regularization-Path Results,tab:path_anchor_complementary,Linear regression & -- & \textbf{1.020} & 1.081 & \textbf{1.027} & 24.3\% & 42.1\% & \textbf{-0.109} & 0.122 & \textbf{0,7bf31a57acff6e895ec15fb041e3bbddbc13972e99190bdc24fe4c79255226bc,FLAGGED_UNSUPPORTED,no frozen source,
42.1,decimal,ACTIVE,3963,Appendix subsection: Complete Regularization-Path Results,tab:path_anchor_complementary,Linear regression & -- & \textbf{1.020} & 1.081 & \textbf{1.027} & 24.3\% & 42.1\% & \textbf{-0.109} & 0.122 & \textbf{0,7bf31a57acff6e895ec15fb041e3bbddbc13972e99190bdc24fe4c79255226bc,FLAGGED_UNSUPPORTED,no frozen source,
0.109,decimal,ACTIVE,3963,Appendix subsection: Complete Regularization-Path Results,tab:path_anchor_complementary,Linear regression & -- & \textbf{1.020} & 1.081 & \textbf{1.027} & 24.3\% & 42.1\% & \textbf{-0.109} & 0.122 & \textbf{0,7bf31a57acff6e895ec15fb041e3bbddbc13972e99190bdc24fe4c79255226bc,FLAGGED_UNSUPPORTED,no frozen source,
0.122,decimal,ACTIVE,3963,Appendix subsection: Complete Regularization-Path Results,tab:path_anchor_complementary,Linear regression & -- & \textbf{1.020} & 1.081 & \textbf{1.027} & 24.3\% & 42.1\% & \textbf{-0.109} & 0.122 & \textbf{0,7bf31a57acff6e895ec15fb041e3bbddbc13972e99190bdc24fe4c79255226bc,FLAGGED_UNSUPPORTED,no frozen source,
0.269,decimal,ACTIVE,3963,Appendix subsection: Complete Regularization-Path Results,tab:path_anchor_complementary,Linear regression & -- & \textbf{1.020} & 1.081 & \textbf{1.027} & 24.3\% & 42.1\% & \textbf{-0.109} & 0.122 & \textbf{0,7bf31a57acff6e895ec15fb041e3bbddbc13972e99190bdc24fe4c79255226bc,FLAGGED_UNSUPPORTED,no frozen source,
0.950,decimal,ACTIVE,3964,Appendix subsection: Complete Regularization-Path Results,tab:path_anchor_complementary,Ordinary LightGBM & -- & 0.950 & \textbf{1.015} & 0.941 & \textbf{21.3\%} & \textbf{37.2\%} & -0.164 & \textbf{0.121} & ,7fe854b155668b6b96dae398d612d357dfbe51512ebba016f5c6c2f2318f4b05,SOURCED,,N-baselinecomp-medianratio-forward_2025;N-pathcomp-medianratio-surrogate_rho_0p954095-forward_2025
1.015,decimal,ACTIVE,3964,Appendix subsection: Complete Regularization-Path Results,tab:path_anchor_complementary,Ordinary LightGBM & -- & 0.950 & \textbf{1.015} & 0.941 & \textbf{21.3\%} & \textbf{37.2\%} & -0.164 & \textbf{0.121} & ,7fe854b155668b6b96dae398d612d357dfbe51512ebba016f5c6c2f2318f4b05,SOURCED,,N-baselinecomp-meanratio-forward_2025
0.941,decimal,ACTIVE,3964,Appendix subsection: Complete Regularization-Path Results,tab:path_anchor_complementary,Ordinary LightGBM & -- & 0.950 & \textbf{1.015} & 0.941 & \textbf{21.3\%} & \textbf{37.2\%} & -0.164 & \textbf{0.121} & ,7fe854b155668b6b96dae398d612d357dfbe51512ebba016f5c6c2f2318f4b05,SOURCED,,N-baselinecomp-wmeanratio-forward_2025
21.3,decimal,ACTIVE,3964,Appendix subsection: Complete Regularization-Path Results,tab:path_anchor_complementary,Ordinary LightGBM & -- & 0.950 & \textbf{1.015} & 0.941 & \textbf{21.3\%} & \textbf{37.2\%} & -0.164 & \textbf{0.121} & ,7fe854b155668b6b96dae398d612d357dfbe51512ebba016f5c6c2f2318f4b05,SOURCED,,N-baselinecomp-COD-forward_2025
37.2,decimal,ACTIVE,3964,Appendix subsection: Complete Regularization-Path Results,tab:path_anchor_complementary,Ordinary LightGBM & -- & 0.950 & \textbf{1.015} & 0.941 & \textbf{21.3\%} & \textbf{37.2\%} & -0.164 & \textbf{0.121} & ,7fe854b155668b6b96dae398d612d357dfbe51512ebba016f5c6c2f2318f4b05,FLAGGED_UNSUPPORTED,no frozen source,
0.164,decimal,ACTIVE,3964,Appendix subsection: Complete Regularization-Path Results,tab:path_anchor_complementary,Ordinary LightGBM & -- & 0.950 & \textbf{1.015} & 0.941 & \textbf{21.3\%} & \textbf{37.2\%} & -0.164 & \textbf{0.121} & ,7fe854b155668b6b96dae398d612d357dfbe51512ebba016f5c6c2f2318f4b05,SOURCED,,N-baselinecomp-betalog-forward_2025
0.121,decimal,ACTIVE,3964,Appendix subsection: Complete Regularization-Path Results,tab:path_anchor_complementary,Ordinary LightGBM & -- & 0.950 & \textbf{1.015} & 0.941 & \textbf{21.3\%} & \textbf{37.2\%} & -0.164 & \textbf{0.121} & ,7fe854b155668b6b96dae398d612d357dfbe51512ebba016f5c6c2f2318f4b05,SOURCED,,N-baselinecomp-DeltaNL-forward_2025
0.422,decimal,ACTIVE,3964,Appendix subsection: Complete Regularization-Path Results,tab:path_anchor_complementary,Ordinary LightGBM & -- & 0.950 & \textbf{1.015} & 0.941 & \textbf{21.3\%} & \textbf{37.2\%} & -0.164 & \textbf{0.121} & ,7fe854b155668b6b96dae398d612d357dfbe51512ebba016f5c6c2f2318f4b05,SOURCED,,N-baselinecomp-dCor-forward_2025
0.948,decimal,ACTIVE,3969,Appendix subsection: Complete Regularization-Path Results,tab:path_anchor_complementary,\latesttext{Direct} & \latesttext{$\approx0.01$} & \latesttext{0.948} & \latesttext{\textbf{1.013}\textsuperscript{*}} &,7928c32a9971845bb8ab816d9df24996e3e48325976f63e6c30847c43be1bb7e,SOURCED,,N-pathcomp-medianratio-surrogate_rho100-forward_2025
1.013,decimal,ACTIVE,3969,Appendix subsection: Complete Regularization-Path Results,tab:path_anchor_complementary,\latesttext{Direct} & \latesttext{$\approx0.01$} & \latesttext{0.948} & \latesttext{\textbf{1.013}\textsuperscript{*}} &,7928c32a9971845bb8ab816d9df24996e3e48325976f63e6c30847c43be1bb7e,FLAGGED_UNSUPPORTED,no frozen source,
0.939,decimal,ACTIVE,3969,Appendix subsection: Complete Regularization-Path Results,tab:path_anchor_complementary,\latesttext{Direct} & \latesttext{$\approx0.01$} & \latesttext{0.948} & \latesttext{\textbf{1.013}\textsuperscript{*}} &,7928c32a9971845bb8ab816d9df24996e3e48325976f63e6c30847c43be1bb7e,FLAGGED_UNSUPPORTED,no frozen source,
21.2,decimal,ACTIVE,3969,Appendix subsection: Complete Regularization-Path Results,tab:path_anchor_complementary,\latesttext{Direct} & \latesttext{$\approx0.01$} & \latesttext{0.948} & \latesttext{\textbf{1.013}\textsuperscript{*}} &,7928c32a9971845bb8ab816d9df24996e3e48325976f63e6c30847c43be1bb7e,SOURCED,,N-pathcomp-COD-direct_rho_0p954095-forward_2025
37.1,decimal,ACTIVE,3969,Appendix subsection: Complete Regularization-Path Results,tab:path_anchor_complementary,\latesttext{Direct} & \latesttext{$\approx0.01$} & \latesttext{0.948} & \latesttext{\textbf{1.013}\textsuperscript{*}} &,7928c32a9971845bb8ab816d9df24996e3e48325976f63e6c30847c43be1bb7e,FLAGGED_UNSUPPORTED,no frozen source,
0.163,decimal,ACTIVE,3969,Appendix subsection: Complete Regularization-Path Results,tab:path_anchor_complementary,\latesttext{Direct} & \latesttext{$\approx0.01$} & \latesttext{0.948} & \latesttext{\textbf{1.013}\textsuperscript{*}} &,7928c32a9971845bb8ab816d9df24996e3e48325976f63e6c30847c43be1bb7e,FLAGGED_UNSUPPORTED,no frozen source,
0.123,decimal,ACTIVE,3969,Appendix subsection: Complete Regularization-Path Results,tab:path_anchor_complementary,\latesttext{Direct} & \latesttext{$\approx0.01$} & \latesttext{0.948} & \latesttext{\textbf{1.013}\textsuperscript{*}} &,7928c32a9971845bb8ab816d9df24996e3e48325976f63e6c30847c43be1bb7e,FLAGGED_UNSUPPORTED,no frozen source,
0.420,decimal,ACTIVE,3969,Appendix subsection: Complete Regularization-Path Results,tab:path_anchor_complementary,\latesttext{Direct} & \latesttext{$\approx0.01$} & \latesttext{0.948} & \latesttext{\textbf{1.013}\textsuperscript{*}} &,7928c32a9971845bb8ab816d9df24996e3e48325976f63e6c30847c43be1bb7e,FLAGGED_UNSUPPORTED,no frozen source,
0.952,decimal,ACTIVE,3970,Appendix subsection: Complete Regularization-Path Results,tab:path_anchor_complementary,Direct & \latesttext{$0.1$} & \latesttext{\textbf{0.952}} & \latesttext{\textbf{1.015}\textsuperscript{*}} & \latesttext,0118d8d5c81d1ab88b412a8fe8b870c873a5ddb65764218ea520a76d3bed1488,FLAGGED_UNSUPPORTED,no frozen source,
1.015,decimal,ACTIVE,3970,Appendix subsection: Complete Regularization-Path Results,tab:path_anchor_complementary,Direct & \latesttext{$0.1$} & \latesttext{\textbf{0.952}} & \latesttext{\textbf{1.015}\textsuperscript{*}} & \latesttext,0118d8d5c81d1ab88b412a8fe8b870c873a5ddb65764218ea520a76d3bed1488,SOURCED,,N-baselinecomp-meanratio-forward_2025
0.942,decimal,ACTIVE,3970,Appendix subsection: Complete Regularization-Path Results,tab:path_anchor_complementary,Direct & \latesttext{$0.1$} & \latesttext{\textbf{0.952}} & \latesttext{\textbf{1.015}\textsuperscript{*}} & \latesttext,0118d8d5c81d1ab88b412a8fe8b870c873a5ddb65764218ea520a76d3bed1488,FLAGGED_UNSUPPORTED,no frozen source,
21.2,decimal,ACTIVE,3970,Appendix subsection: Complete Regularization-Path Results,tab:path_anchor_complementary,Direct & \latesttext{$0.1$} & \latesttext{\textbf{0.952}} & \latesttext{\textbf{1.015}\textsuperscript{*}} & \latesttext,0118d8d5c81d1ab88b412a8fe8b870c873a5ddb65764218ea520a76d3bed1488,SOURCED,,N-pathcomp-COD-direct_rho_0p954095-forward_2025
37.2,decimal,ACTIVE,3970,Appendix subsection: Complete Regularization-Path Results,tab:path_anchor_complementary,Direct & \latesttext{$0.1$} & \latesttext{\textbf{0.952}} & \latesttext{\textbf{1.015}\textsuperscript{*}} & \latesttext,0118d8d5c81d1ab88b412a8fe8b870c873a5ddb65764218ea520a76d3bed1488,FLAGGED_UNSUPPORTED,no frozen source,
0.160,decimal,ACTIVE,3970,Appendix subsection: Complete Regularization-Path Results,tab:path_anchor_complementary,Direct & \latesttext{$0.1$} & \latesttext{\textbf{0.952}} & \latesttext{\textbf{1.015}\textsuperscript{*}} & \latesttext,0118d8d5c81d1ab88b412a8fe8b870c873a5ddb65764218ea520a76d3bed1488,FLAGGED_UNSUPPORTED,no frozen source,
0.121,decimal,ACTIVE,3970,Appendix subsection: Complete Regularization-Path Results,tab:path_anchor_complementary,Direct & \latesttext{$0.1$} & \latesttext{\textbf{0.952}} & \latesttext{\textbf{1.015}\textsuperscript{*}} & \latesttext,0118d8d5c81d1ab88b412a8fe8b870c873a5ddb65764218ea520a76d3bed1488,SOURCED,,N-baselinecomp-DeltaNL-forward_2025
0.416,decimal,ACTIVE,3970,Appendix subsection: Complete Regularization-Path Results,tab:path_anchor_complementary,Direct & \latesttext{$0.1$} & \latesttext{\textbf{0.952}} & \latesttext{\textbf{1.015}\textsuperscript{*}} & \latesttext,0118d8d5c81d1ab88b412a8fe8b870c873a5ddb65764218ea520a76d3bed1488,FLAGGED_UNSUPPORTED,no frozen source,
0.957,decimal,ACTIVE,3971,Appendix subsection: Complete Regularization-Path Results,tab:path_anchor_complementary,Direct & \latesttext{$\approx1$} & \latesttext{\textbf{0.957}} & \latesttext{1.019} & \latesttext{\textbf{0.954}} & \lat,e449c3c3c385f5f2bf30ea91e64397b64204ce6ab7ecb9e9b7c86987577d7806,SOURCED,,N-pathcomp-medianratio-direct_rho_0p954095-forward_2025
1.019,decimal,ACTIVE,3971,Appendix subsection: Complete Regularization-Path Results,tab:path_anchor_complementary,Direct & \latesttext{$\approx1$} & \latesttext{\textbf{0.957}} & \latesttext{1.019} & \latesttext{\textbf{0.954}} & \lat,e449c3c3c385f5f2bf30ea91e64397b64204ce6ab7ecb9e9b7c86987577d7806,SOURCED,,N-pathcomp-meanratio-direct_rho_0p954095-forward_2025
0.954,decimal,ACTIVE,3971,Appendix subsection: Complete Regularization-Path Results,tab:path_anchor_complementary,Direct & \latesttext{$\approx1$} & \latesttext{\textbf{0.957}} & \latesttext{1.019} & \latesttext{\textbf{0.954}} & \lat,e449c3c3c385f5f2bf30ea91e64397b64204ce6ab7ecb9e9b7c86987577d7806,SOURCED,,N-pathcomp-wmeanratio-direct_rho_0p954095-forward_2025
21.2,decimal,ACTIVE,3971,Appendix subsection: Complete Regularization-Path Results,tab:path_anchor_complementary,Direct & \latesttext{$\approx1$} & \latesttext{\textbf{0.957}} & \latesttext{1.019} & \latesttext{\textbf{0.954}} & \lat,e449c3c3c385f5f2bf30ea91e64397b64204ce6ab7ecb9e9b7c86987577d7806,SOURCED,,N-pathcomp-COD-direct_rho_0p954095-forward_2025
37.2,decimal,ACTIVE,3971,Appendix subsection: Complete Regularization-Path Results,tab:path_anchor_complementary,Direct & \latesttext{$\approx1$} & \latesttext{\textbf{0.957}} & \latesttext{1.019} & \latesttext{\textbf{0.954}} & \lat,e449c3c3c385f5f2bf30ea91e64397b64204ce6ab7ecb9e9b7c86987577d7806,FLAGGED_UNSUPPORTED,no frozen source,
0.148,decimal,ACTIVE,3971,Appendix subsection: Complete Regularization-Path Results,tab:path_anchor_complementary,Direct & \latesttext{$\approx1$} & \latesttext{\textbf{0.957}} & \latesttext{1.019} & \latesttext{\textbf{0.954}} & \lat,e449c3c3c385f5f2bf30ea91e64397b64204ce6ab7ecb9e9b7c86987577d7806,SOURCED,,N-pathcomp-betalog-direct_rho_0p954095-forward_2025
0.127,decimal,ACTIVE,3971,Appendix subsection: Complete Regularization-Path Results,tab:path_anchor_complementary,Direct & \latesttext{$\approx1$} & \latesttext{\textbf{0.957}} & \latesttext{1.019} & \latesttext{\textbf{0.954}} & \lat,e449c3c3c385f5f2bf30ea91e64397b64204ce6ab7ecb9e9b7c86987577d7806,FLAGGED_UNSUPPORTED,no frozen source,
0.392,decimal,ACTIVE,3971,Appendix subsection: Complete Regularization-Path Results,tab:path_anchor_complementary,Direct & \latesttext{$\approx1$} & \latesttext{\textbf{0.957}} & \latesttext{1.019} & \latesttext{\textbf{0.954}} & \lat,e449c3c3c385f5f2bf30ea91e64397b64204ce6ab7ecb9e9b7c86987577d7806,FLAGGED_UNSUPPORTED,no frozen source,
0.978,decimal,ACTIVE,3972,Appendix subsection: Complete Regularization-Path Results,tab:path_anchor_complementary,Direct & \latesttext{$\approx10$} & \latesttext{\textbf{0.978}} & \latesttext{1.032} & \latesttext{\textbf{0.991}\textsu,00a88790ddd0f9613ad7727adfa87d5df44e52f54e146420ff7badfdec43c3a3,FLAGGED_UNSUPPORTED,no frozen source,
1.032,decimal,ACTIVE,3972,Appendix subsection: Complete Regularization-Path Results,tab:path_anchor_complementary,Direct & \latesttext{$\approx10$} & \latesttext{\textbf{0.978}} & \latesttext{1.032} & \latesttext{\textbf{0.991}\textsu,00a88790ddd0f9613ad7727adfa87d5df44e52f54e146420ff7badfdec43c3a3,FLAGGED_UNSUPPORTED,no frozen source,
0.991,decimal,ACTIVE,3972,Appendix subsection: Complete Regularization-Path Results,tab:path_anchor_complementary,Direct & \latesttext{$\approx10$} & \latesttext{\textbf{0.978}} & \latesttext{1.032} & \latesttext{\textbf{0.991}\textsu,00a88790ddd0f9613ad7727adfa87d5df44e52f54e146420ff7badfdec43c3a3,FLAGGED_UNSUPPORTED,no frozen source,
21.3,decimal,ACTIVE,3972,Appendix subsection: Complete Regularization-Path Results,tab:path_anchor_complementary,Direct & \latesttext{$\approx10$} & \latesttext{\textbf{0.978}} & \latesttext{1.032} & \latesttext{\textbf{0.991}\textsu,00a88790ddd0f9613ad7727adfa87d5df44e52f54e146420ff7badfdec43c3a3,SOURCED,,N-baselinecomp-COD-forward_2025
37.4,decimal,ACTIVE,3972,Appendix subsection: Complete Regularization-Path Results,tab:path_anchor_complementary,Direct & \latesttext{$\approx10$} & \latesttext{\textbf{0.978}} & \latesttext{1.032} & \latesttext{\textbf{0.991}\textsu,00a88790ddd0f9613ad7727adfa87d5df44e52f54e146420ff7badfdec43c3a3,FLAGGED_UNSUPPORTED,no frozen source,
0.105,decimal,ACTIVE,3972,Appendix subsection: Complete Regularization-Path Results,tab:path_anchor_complementary,Direct & \latesttext{$\approx10$} & \latesttext{\textbf{0.978}} & \latesttext{1.032} & \latesttext{\textbf{0.991}\textsu,00a88790ddd0f9613ad7727adfa87d5df44e52f54e146420ff7badfdec43c3a3,FLAGGED_UNSUPPORTED,no frozen source,
0.134,decimal,ACTIVE,3972,Appendix subsection: Complete Regularization-Path Results,tab:path_anchor_complementary,Direct & \latesttext{$\approx10$} & \latesttext{\textbf{0.978}} & \latesttext{1.032} & \latesttext{\textbf{0.991}\textsu,00a88790ddd0f9613ad7727adfa87d5df44e52f54e146420ff7badfdec43c3a3,SOURCED,,N-pathcomp-betalog-direct_rho_0p954095-heldout
0.318,decimal,ACTIVE,3972,Appendix subsection: Complete Regularization-Path Results,tab:path_anchor_complementary,Direct & \latesttext{$\approx10$} & \latesttext{\textbf{0.978}} & \latesttext{1.032} & \latesttext{\textbf{0.991}\textsu,00a88790ddd0f9613ad7727adfa87d5df44e52f54e146420ff7badfdec43c3a3,FLAGGED_UNSUPPORTED,no frozen source,
100,int_mid,ACTIVE,3973,Appendix subsection: Complete Regularization-Path Results,tab:path_anchor_complementary,Direct & 100 & \latesttext{\textbf{0.992}\textsuperscript{*}} & \latesttext{1.049} & \latesttext{\textbf{1.012}\textsupe,32a05af76b2f4f7ec2db8a4343cc418f7503e7aebba46017cabe2d510ff1d4c5,ALLOWLISTED,DESIGN_CONSTANT,
0.992,decimal,ACTIVE,3973,Appendix subsection: Complete Regularization-Path Results,tab:path_anchor_complementary,Direct & 100 & \latesttext{\textbf{0.992}\textsuperscript{*}} & \latesttext{1.049} & \latesttext{\textbf{1.012}\textsupe,32a05af76b2f4f7ec2db8a4343cc418f7503e7aebba46017cabe2d510ff1d4c5,SOURCED,,N-pathcomp-medianratio-direct_rho100-forward_2025
1.049,decimal,ACTIVE,3973,Appendix subsection: Complete Regularization-Path Results,tab:path_anchor_complementary,Direct & 100 & \latesttext{\textbf{0.992}\textsuperscript{*}} & \latesttext{1.049} & \latesttext{\textbf{1.012}\textsupe,32a05af76b2f4f7ec2db8a4343cc418f7503e7aebba46017cabe2d510ff1d4c5,SOURCED,,N-pathcomp-meanratio-direct_rho100-forward_2025
1.012,decimal,ACTIVE,3973,Appendix subsection: Complete Regularization-Path Results,tab:path_anchor_complementary,Direct & 100 & \latesttext{\textbf{0.992}\textsuperscript{*}} & \latesttext{1.049} & \latesttext{\textbf{1.012}\textsupe,32a05af76b2f4f7ec2db8a4343cc418f7503e7aebba46017cabe2d510ff1d4c5,SOURCED,,N-pathcomp-wmeanratio-direct_rho100-forward_2025
23.3,decimal,ACTIVE,3973,Appendix subsection: Complete Regularization-Path Results,tab:path_anchor_complementary,Direct & 100 & \latesttext{\textbf{0.992}\textsuperscript{*}} & \latesttext{1.049} & \latesttext{\textbf{1.012}\textsupe,32a05af76b2f4f7ec2db8a4343cc418f7503e7aebba46017cabe2d510ff1d4c5,SOURCED,,N-pathcomp-COD-direct_rho100-forward_2025
40.3,decimal,ACTIVE,3973,Appendix subsection: Complete Regularization-Path Results,tab:path_anchor_complementary,Direct & 100 & \latesttext{\textbf{0.992}\textsuperscript{*}} & \latesttext{1.049} & \latesttext{\textbf{1.012}\textsupe,32a05af76b2f4f7ec2db8a4343cc418f7503e7aebba46017cabe2d510ff1d4c5,FLAGGED_UNSUPPORTED,no frozen source,
0.093,decimal,ACTIVE,3973,Appendix subsection: Complete Regularization-Path Results,tab:path_anchor_complementary,Direct & 100 & \latesttext{\textbf{0.992}\textsuperscript{*}} & \latesttext{1.049} & \latesttext{\textbf{1.012}\textsupe,32a05af76b2f4f7ec2db8a4343cc418f7503e7aebba46017cabe2d510ff1d4c5,SOURCED,,N-pathcomp-betalog-direct_rho100-forward_2025
0.119,decimal,ACTIVE,3973,Appendix subsection: Complete Regularization-Path Results,tab:path_anchor_complementary,Direct & 100 & \latesttext{\textbf{0.992}\textsuperscript{*}} & \latesttext{1.049} & \latesttext{\textbf{1.012}\textsupe,32a05af76b2f4f7ec2db8a4343cc418f7503e7aebba46017cabe2d510ff1d4c5,SOURCED,,N-baselinecomp-DeltaNL-heldout
0.281,decimal,ACTIVE,3973,Appendix subsection: Complete Regularization-Path Results,tab:path_anchor_complementary,Direct & 100 & \latesttext{\textbf{0.992}\textsuperscript{*}} & \latesttext{1.049} & \latesttext{\textbf{1.012}\textsupe,32a05af76b2f4f7ec2db8a4343cc418f7503e7aebba46017cabe2d510ff1d4c5,FLAGGED_UNSUPPORTED,no frozen source,
0.948,decimal,ACTIVE,3978,Appendix subsection: Complete Regularization-Path Results,tab:path_anchor_complementary,\latesttext{Surrogate} & \latesttext{$\approx0.01$} & \latesttext{0.948} & \latesttext{\textbf{1.011}\textsuperscript{*},fe873922c74e56ef8d1b6e68c8d3e23d85529e9dbb29bb6412e8e42dbcad5e07,SOURCED,,N-pathcomp-medianratio-surrogate_rho100-forward_2025
1.011,decimal,ACTIVE,3978,Appendix subsection: Complete Regularization-Path Results,tab:path_anchor_complementary,\latesttext{Surrogate} & \latesttext{$\approx0.01$} & \latesttext{0.948} & \latesttext{\textbf{1.011}\textsuperscript{*},fe873922c74e56ef8d1b6e68c8d3e23d85529e9dbb29bb6412e8e42dbcad5e07,FLAGGED_UNSUPPORTED,no frozen source,
0.938,decimal,ACTIVE,3978,Appendix subsection: Complete Regularization-Path Results,tab:path_anchor_complementary,\latesttext{Surrogate} & \latesttext{$\approx0.01$} & \latesttext{0.948} & \latesttext{\textbf{1.011}\textsuperscript{*},fe873922c74e56ef8d1b6e68c8d3e23d85529e9dbb29bb6412e8e42dbcad5e07,FLAGGED_UNSUPPORTED,no frozen source,
21.2,decimal,ACTIVE,3978,Appendix subsection: Complete Regularization-Path Results,tab:path_anchor_complementary,\latesttext{Surrogate} & \latesttext{$\approx0.01$} & \latesttext{0.948} & \latesttext{\textbf{1.011}\textsuperscript{*},fe873922c74e56ef8d1b6e68c8d3e23d85529e9dbb29bb6412e8e42dbcad5e07,SOURCED,,N-pathcomp-COD-direct_rho_0p954095-forward_2025
37.2,decimal,ACTIVE,3978,Appendix subsection: Complete Regularization-Path Results,tab:path_anchor_complementary,\latesttext{Surrogate} & \latesttext{$\approx0.01$} & \latesttext{0.948} & \latesttext{\textbf{1.011}\textsuperscript{*},fe873922c74e56ef8d1b6e68c8d3e23d85529e9dbb29bb6412e8e42dbcad5e07,FLAGGED_UNSUPPORTED,no frozen source,
0.159,decimal,ACTIVE,3978,Appendix subsection: Complete Regularization-Path Results,tab:path_anchor_complementary,\latesttext{Surrogate} & \latesttext{$\approx0.01$} & \latesttext{0.948} & \latesttext{\textbf{1.011}\textsuperscript{*},fe873922c74e56ef8d1b6e68c8d3e23d85529e9dbb29bb6412e8e42dbcad5e07,FLAGGED_UNSUPPORTED,no frozen source,
0.119,decimal,ACTIVE,3978,Appendix subsection: Complete Regularization-Path Results,tab:path_anchor_complementary,\latesttext{Surrogate} & \latesttext{$\approx0.01$} & \latesttext{0.948} & \latesttext{\textbf{1.011}\textsuperscript{*},fe873922c74e56ef8d1b6e68c8d3e23d85529e9dbb29bb6412e8e42dbcad5e07,SOURCED,,N-baselinecomp-DeltaNL-heldout
0.413,decimal,ACTIVE,3978,Appendix subsection: Complete Regularization-Path Results,tab:path_anchor_complementary,\latesttext{Surrogate} & \latesttext{$\approx0.01$} & \latesttext{0.948} & \latesttext{\textbf{1.011}\textsuperscript{*},fe873922c74e56ef8d1b6e68c8d3e23d85529e9dbb29bb6412e8e42dbcad5e07,FLAGGED_UNSUPPORTED,no frozen source,
0.948,decimal,ACTIVE,3979,Appendix subsection: Complete Regularization-Path Results,tab:path_anchor_complementary,Surrogate & \latesttext{$0.1$} & \latesttext{0.948} & \latesttext{\textbf{1.009}\textsuperscript{*}} & \latesttext{0.939,120a1ccda1c76a3c6c1dc31aa9b158e26cdabfa85c5189ba8521853d10f74699,SOURCED,,N-pathcomp-medianratio-surrogate_rho100-forward_2025
1.009,decimal,ACTIVE,3979,Appendix subsection: Complete Regularization-Path Results,tab:path_anchor_complementary,Surrogate & \latesttext{$0.1$} & \latesttext{0.948} & \latesttext{\textbf{1.009}\textsuperscript{*}} & \latesttext{0.939,120a1ccda1c76a3c6c1dc31aa9b158e26cdabfa85c5189ba8521853d10f74699,FLAGGED_UNSUPPORTED,no frozen source,
0.939,decimal,ACTIVE,3979,Appendix subsection: Complete Regularization-Path Results,tab:path_anchor_complementary,Surrogate & \latesttext{$0.1$} & \latesttext{0.948} & \latesttext{\textbf{1.009}\textsuperscript{*}} & \latesttext{0.939,120a1ccda1c76a3c6c1dc31aa9b158e26cdabfa85c5189ba8521853d10f74699,FLAGGED_UNSUPPORTED,no frozen source,
21.1,decimal,ACTIVE,3979,Appendix subsection: Complete Regularization-Path Results,tab:path_anchor_complementary,Surrogate & \latesttext{$0.1$} & \latesttext{0.948} & \latesttext{\textbf{1.009}\textsuperscript{*}} & \latesttext{0.939,120a1ccda1c76a3c6c1dc31aa9b158e26cdabfa85c5189ba8521853d10f74699,FLAGGED_UNSUPPORTED,no frozen source,
36.8,decimal,ACTIVE,3979,Appendix subsection: Complete Regularization-Path Results,tab:path_anchor_complementary,Surrogate & \latesttext{$0.1$} & \latesttext{0.948} & \latesttext{\textbf{1.009}\textsuperscript{*}} & \latesttext{0.939,120a1ccda1c76a3c6c1dc31aa9b158e26cdabfa85c5189ba8521853d10f74699,FLAGGED_UNSUPPORTED,no frozen source,
0.153,decimal,ACTIVE,3979,Appendix subsection: Complete Regularization-Path Results,tab:path_anchor_complementary,Surrogate & \latesttext{$0.1$} & \latesttext{0.948} & \latesttext{\textbf{1.009}\textsuperscript{*}} & \latesttext{0.939,120a1ccda1c76a3c6c1dc31aa9b158e26cdabfa85c5189ba8521853d10f74699,FLAGGED_UNSUPPORTED,no frozen source,
0.116,decimal,ACTIVE,3979,Appendix subsection: Complete Regularization-Path Results,tab:path_anchor_complementary,Surrogate & \latesttext{$0.1$} & \latesttext{0.948} & \latesttext{\textbf{1.009}\textsuperscript{*}} & \latesttext{0.939,120a1ccda1c76a3c6c1dc31aa9b158e26cdabfa85c5189ba8521853d10f74699,FLAGGED_UNSUPPORTED,no frozen source,
0.402,decimal,ACTIVE,3979,Appendix subsection: Complete Regularization-Path Results,tab:path_anchor_complementary,Surrogate & \latesttext{$0.1$} & \latesttext{0.948} & \latesttext{\textbf{1.009}\textsuperscript{*}} & \latesttext{0.939,120a1ccda1c76a3c6c1dc31aa9b158e26cdabfa85c5189ba8521853d10f74699,FLAGGED_UNSUPPORTED,no frozen source,
0.950,decimal,ACTIVE,3980,Appendix subsection: Complete Regularization-Path Results,tab:path_anchor_complementary,Surrogate & \latesttext{$\approx1$} & \latesttext{0.950} & \latesttext{\textbf{1.003}\textsuperscript{*}} & \latesttext{,d43bcde126526a632cf8fd017bf4661e17c5238c0c04a036b6ae87fea72bf0aa,SOURCED,,N-baselinecomp-medianratio-forward_2025;N-pathcomp-medianratio-surrogate_rho_0p954095-forward_2025
1.003,decimal,ACTIVE,3980,Appendix subsection: Complete Regularization-Path Results,tab:path_anchor_complementary,Surrogate & \latesttext{$\approx1$} & \latesttext{0.950} & \latesttext{\textbf{1.003}\textsuperscript{*}} & \latesttext{,d43bcde126526a632cf8fd017bf4661e17c5238c0c04a036b6ae87fea72bf0aa,SOURCED,,N-pathcomp-meanratio-surrogate_rho_0p954095-forward_2025
0.946,decimal,ACTIVE,3980,Appendix subsection: Complete Regularization-Path Results,tab:path_anchor_complementary,Surrogate & \latesttext{$\approx1$} & \latesttext{0.950} & \latesttext{\textbf{1.003}\textsuperscript{*}} & \latesttext{,d43bcde126526a632cf8fd017bf4661e17c5238c0c04a036b6ae87fea72bf0aa,SOURCED,,N-pathcomp-wmeanratio-surrogate_rho_0p954095-forward_2025
20.9,decimal,ACTIVE,3980,Appendix subsection: Complete Regularization-Path Results,tab:path_anchor_complementary,Surrogate & \latesttext{$\approx1$} & \latesttext{0.950} & \latesttext{\textbf{1.003}\textsuperscript{*}} & \latesttext{,d43bcde126526a632cf8fd017bf4661e17c5238c0c04a036b6ae87fea72bf0aa,SOURCED,,N-pathcomp-COD-surrogate_rho_0p954095-forward_2025
36.1,decimal,ACTIVE,3980,Appendix subsection: Complete Regularization-Path Results,tab:path_anchor_complementary,Surrogate & \latesttext{$\approx1$} & \latesttext{0.950} & \latesttext{\textbf{1.003}\textsuperscript{*}} & \latesttext{,d43bcde126526a632cf8fd017bf4661e17c5238c0c04a036b6ae87fea72bf0aa,FLAGGED_UNSUPPORTED,no frozen source,
0.120,decimal,ACTIVE,3980,Appendix subsection: Complete Regularization-Path Results,tab:path_anchor_complementary,Surrogate & \latesttext{$\approx1$} & \latesttext{0.950} & \latesttext{\textbf{1.003}\textsuperscript{*}} & \latesttext{,d43bcde126526a632cf8fd017bf4661e17c5238c0c04a036b6ae87fea72bf0aa,SOURCED,,N-pathcomp-betalog-surrogate_rho_0p954095-forward_2025
0.096,decimal,ACTIVE,3980,Appendix subsection: Complete Regularization-Path Results,tab:path_anchor_complementary,Surrogate & \latesttext{$\approx1$} & \latesttext{0.950} & \latesttext{\textbf{1.003}\textsuperscript{*}} & \latesttext{,d43bcde126526a632cf8fd017bf4661e17c5238c0c04a036b6ae87fea72bf0aa,FLAGGED_UNSUPPORTED,no frozen source,
0.343,decimal,ACTIVE,3980,Appendix subsection: Complete Regularization-Path Results,tab:path_anchor_complementary,Surrogate & \latesttext{$\approx1$} & \latesttext{0.950} & \latesttext{\textbf{1.003}\textsuperscript{*}} & \latesttext{,d43bcde126526a632cf8fd017bf4661e17c5238c0c04a036b6ae87fea72bf0aa,FLAGGED_UNSUPPORTED,no frozen source,
0.949,decimal,ACTIVE,3981,Appendix subsection: Complete Regularization-Path Results,tab:path_anchor_complementary,Surrogate & \latesttext{$\approx10$} & \latesttext{0.949} & \latesttext{0.979} & \latesttext{\textbf{0.948}} & \latestte,5ca613e8019e25664e2c36c5bb95df3ab7e799e4d2b45b7686f551b0c431181c,FLAGGED_UNSUPPORTED,no frozen source,
0.979,decimal,ACTIVE,3981,Appendix subsection: Complete Regularization-Path Results,tab:path_anchor_complementary,Surrogate & \latesttext{$\approx10$} & \latesttext{0.949} & \latesttext{0.979} & \latesttext{\textbf{0.948}} & \latestte,5ca613e8019e25664e2c36c5bb95df3ab7e799e4d2b45b7686f551b0c431181c,FLAGGED_UNSUPPORTED,no frozen source,
0.948,decimal,ACTIVE,3981,Appendix subsection: Complete Regularization-Path Results,tab:path_anchor_complementary,Surrogate & \latesttext{$\approx10$} & \latesttext{0.949} & \latesttext{0.979} & \latesttext{\textbf{0.948}} & \latestte,5ca613e8019e25664e2c36c5bb95df3ab7e799e4d2b45b7686f551b0c431181c,SOURCED,,N-pathcomp-medianratio-surrogate_rho100-forward_2025
21.5,decimal,ACTIVE,3981,Appendix subsection: Complete Regularization-Path Results,tab:path_anchor_complementary,Surrogate & \latesttext{$\approx10$} & \latesttext{0.949} & \latesttext{0.979} & \latesttext{\textbf{0.948}} & \latestte,5ca613e8019e25664e2c36c5bb95df3ab7e799e4d2b45b7686f551b0c431181c,FLAGGED_UNSUPPORTED,no frozen source,
35.9,decimal,ACTIVE,3981,Appendix subsection: Complete Regularization-Path Results,tab:path_anchor_complementary,Surrogate & \latesttext{$\approx10$} & \latesttext{0.949} & \latesttext{0.979} & \latesttext{\textbf{0.948}} & \latestte,5ca613e8019e25664e2c36c5bb95df3ab7e799e4d2b45b7686f551b0c431181c,FLAGGED_UNSUPPORTED,no frozen source,
0.050,decimal,ACTIVE,3981,Appendix subsection: Complete Regularization-Path Results,tab:path_anchor_complementary,Surrogate & \latesttext{$\approx10$} & \latesttext{0.949} & \latesttext{0.979} & \latesttext{\textbf{0.948}} & \latestte,5ca613e8019e25664e2c36c5bb95df3ab7e799e4d2b45b7686f551b0c431181c,FLAGGED_UNSUPPORTED,no frozen source,
0.092,decimal,ACTIVE,3981,Appendix subsection: Complete Regularization-Path Results,tab:path_anchor_complementary,Surrogate & \latesttext{$\approx10$} & \latesttext{0.949} & \latesttext{0.979} & \latesttext{\textbf{0.948}} & \latestte,5ca613e8019e25664e2c36c5bb95df3ab7e799e4d2b45b7686f551b0c431181c,FLAGGED_UNSUPPORTED,no frozen source,
0.258,decimal,ACTIVE,3981,Appendix subsection: Complete Regularization-Path Results,tab:path_anchor_complementary,Surrogate & \latesttext{$\approx10$} & \latesttext{0.949} & \latesttext{0.979} & \latesttext{\textbf{0.948}} & \latestte,5ca613e8019e25664e2c36c5bb95df3ab7e799e4d2b45b7686f551b0c431181c,FLAGGED_UNSUPPORTED,no frozen source,
100,int_mid,ACTIVE,3982,Appendix subsection: Complete Regularization-Path Results,tab:path_anchor_complementary,Surrogate & 100 & \latesttext{0.948} & \latesttext{0.964} & \latesttext{\textbf{0.945}} & \latesttext{22.7\%} & \latestt,6bbd2be2f7d9fcd4ddfd242d9733bf5f997102ae2bd177aca7ffe7d3b3266438,ALLOWLISTED,DESIGN_CONSTANT,
0.948,decimal,ACTIVE,3982,Appendix subsection: Complete Regularization-Path Results,tab:path_anchor_complementary,Surrogate & 100 & \latesttext{0.948} & \latesttext{0.964} & \latesttext{\textbf{0.945}} & \latesttext{22.7\%} & \latestt,6bbd2be2f7d9fcd4ddfd242d9733bf5f997102ae2bd177aca7ffe7d3b3266438,SOURCED,,N-pathcomp-medianratio-surrogate_rho100-forward_2025
0.964,decimal,ACTIVE,3982,Appendix subsection: Complete Regularization-Path Results,tab:path_anchor_complementary,Surrogate & 100 & \latesttext{0.948} & \latesttext{0.964} & \latesttext{\textbf{0.945}} & \latesttext{22.7\%} & \latestt,6bbd2be2f7d9fcd4ddfd242d9733bf5f997102ae2bd177aca7ffe7d3b3266438,SOURCED,,N-pathcomp-meanratio-surrogate_rho100-forward_2025
0.945,decimal,ACTIVE,3982,Appendix subsection: Complete Regularization-Path Results,tab:path_anchor_complementary,Surrogate & 100 & \latesttext{0.948} & \latesttext{0.964} & \latesttext{\textbf{0.945}} & \latesttext{22.7\%} & \latestt,6bbd2be2f7d9fcd4ddfd242d9733bf5f997102ae2bd177aca7ffe7d3b3266438,SOURCED,,N-pathcomp-wmeanratio-surrogate_rho100-forward_2025
22.7,decimal,ACTIVE,3982,Appendix subsection: Complete Regularization-Path Results,tab:path_anchor_complementary,Surrogate & 100 & \latesttext{0.948} & \latesttext{0.964} & \latesttext{\textbf{0.945}} & \latesttext{22.7\%} & \latestt,6bbd2be2f7d9fcd4ddfd242d9733bf5f997102ae2bd177aca7ffe7d3b3266438,SOURCED,,N-pathcomp-COD-surrogate_rho100-forward_2025
36.8,decimal,ACTIVE,3982,Appendix subsection: Complete Regularization-Path Results,tab:path_anchor_complementary,Surrogate & 100 & \latesttext{0.948} & \latesttext{0.964} & \latesttext{\textbf{0.945}} & \latesttext{22.7\%} & \latestt,6bbd2be2f7d9fcd4ddfd242d9733bf5f997102ae2bd177aca7ffe7d3b3266438,FLAGGED_UNSUPPORTED,no frozen source,
0.015,decimal,ACTIVE,3982,Appendix subsection: Complete Regularization-Path Results,tab:path_anchor_complementary,Surrogate & 100 & \latesttext{0.948} & \latesttext{0.964} & \latesttext{\textbf{0.945}} & \latesttext{22.7\%} & \latestt,6bbd2be2f7d9fcd4ddfd242d9733bf5f997102ae2bd177aca7ffe7d3b3266438,SOURCED,,N-pathcomp-betalog-surrogate_rho100-forward_2025
0.111,decimal,ACTIVE,3982,Appendix subsection: Complete Regularization-Path Results,tab:path_anchor_complementary,Surrogate & 100 & \latesttext{0.948} & \latesttext{0.964} & \latesttext{\textbf{0.945}} & \latesttext{22.7\%} & \latestt,6bbd2be2f7d9fcd4ddfd242d9733bf5f997102ae2bd177aca7ffe7d3b3266438,FLAGGED_UNSUPPORTED,no frozen source,
0.266,decimal,ACTIVE,3982,Appendix subsection: Complete Regularization-Path Results,tab:path_anchor_complementary,Surrogate & 100 & \latesttext{0.948} & \latesttext{0.964} & \latesttext{\textbf{0.945}} & \latesttext{22.7\%} & \latestt,6bbd2be2f7d9fcd4ddfd242d9733bf5f997102ae2bd177aca7ffe7d3b3266438,FLAGGED_UNSUPPORTED,no frozen source,
2025,year_like,SUPPRESSED,3998,Appendix subsection: Complete Regularization-Path Results,tab:path_anchor_complementary,"\oldtext{The machine-readable combined path table now includes held-out and 2025 $\Delta_{\mathrm{NL}}$ for Linear, ordi",72adf7a12255c8d3f6e0e0c893fde3048e8a4d9ba84962c9d63f87054a929e44,NOT_RENDERED,SUPPRESSED,
2025,year_like,SUPPRESSED,3999,Appendix subsection: Complete Regularization-Path Results,tab:path_anchor_complementary,"\oldtext{The machine-readable combined path table includes held-out and 2025 $\Delta_{\mathrm{NL}}$ for Linear, ordinary",e4a0e62fe6490edf0e2c12f6b1fe24467025dbaa7e57c4323023461358c5e6f5,NOT_RENDERED,SUPPRESSED,
2025,year_like,ACTIVE,4000,Appendix subsection: Complete Regularization-Path Results,tab:path_anchor_complementary,"\latesttext{The machine-readable combined path table includes held-out and 2025 $\Delta_{\mathrm{NL}}$ for Linear, ordin",10653eef5a27d423e5f54f62221c61715ef2fe41c0fc45d88ad09fd575051af9,ALLOWLISTED,DESIGN_CONSTANT,
994,int_mid,ACTIVE,4004,Appendix subsection: Complete Regularization-Path Results,tab:path_anchor_complementary,\latesttext{The transition diagnostics are computed read-only from the final augmented 994-tree path table. The original,e5a207733397d371dadf062aaeff853892201d12a850676970fe8810f7d1257d,FLAGGED_UNSUPPORTED,no frozen source,
32,int_small,ACTIVE,4004,Appendix subsection: Complete Regularization-Path Results,tab:path_anchor_complementary,\latesttext{The transition diagnostics are computed read-only from the final augmented 994-tree path table. The original,e5a207733397d371dadf062aaeff853892201d12a850676970fe8810f7d1257d,FLAGGED_UNSUPPORTED,no frozen source,
994,int_mid,ACTIVE,4004,Appendix subsection: Complete Regularization-Path Results,tab:path_anchor_complementary,\latesttext{The transition diagnostics are computed read-only from the final augmented 994-tree path table. The original,e5a207733397d371dadf062aaeff853892201d12a850676970fe8810f7d1257d,FLAGGED_UNSUPPORTED,no frozen source,
2025,year_like,ACTIVE,4014,Appendix subsection: Generic CV Candidate-Region Screen,subsec:candidate_screen_appendix,The final CCAO positive-$\rho$ candidate regions are approximately $0.36$--$2.56$ for Direct and $0.20$--$2.22$ for Surr,903c6da59aeb8397d9e4d31305f244e343133a1aeb1a24e5fec5dc00d0d63890,ALLOWLISTED,DESIGN_CONSTANT,
7,int_small,SUPPRESSED,4055,Appendix subsection: Cross-Metric Turning Points and Temporal Concordance,tab:transition_summary,"& \oldtext{7/7; valid endpoints $[0.1,\,0.153]$ to $[1.099,\,1.265]$}\oldtext{7/7}\latesttext{7/7; lower $[0.004498,\,0.",5fc7093700878b91329816d33b4d57f1cf51b2d33401f4194deb44185a1cc784,NOT_RENDERED,SUPPRESSED,
7,int_small,SUPPRESSED,4055,Appendix subsection: Cross-Metric Turning Points and Temporal Concordance,tab:transition_summary,"& \oldtext{7/7; valid endpoints $[0.1,\,0.153]$ to $[1.099,\,1.265]$}\oldtext{7/7}\latesttext{7/7; lower $[0.004498,\,0.",5fc7093700878b91329816d33b4d57f1cf51b2d33401f4194deb44185a1cc784,NOT_RENDERED,SUPPRESSED,
7,int_small,SUPPRESSED,4055,Appendix subsection: Cross-Metric Turning Points and Temporal Concordance,tab:transition_summary,"& \oldtext{7/7; valid endpoints $[0.1,\,0.153]$ to $[1.099,\,1.265]$}\oldtext{7/7}\latesttext{7/7; lower $[0.004498,\,0.",5fc7093700878b91329816d33b4d57f1cf51b2d33401f4194deb44185a1cc784,NOT_RENDERED,SUPPRESSED,
7,int_small,SUPPRESSED,4055,Appendix subsection: Cross-Metric Turning Points and Temporal Concordance,tab:transition_summary,"& \oldtext{7/7; valid endpoints $[0.1,\,0.153]$ to $[1.099,\,1.265]$}\oldtext{7/7}\latesttext{7/7; lower $[0.004498,\,0.",5fc7093700878b91329816d33b4d57f1cf51b2d33401f4194deb44185a1cc784,NOT_RENDERED,SUPPRESSED,
7,int_small,ACTIVE,4055,Appendix subsection: Cross-Metric Turning Points and Temporal Concordance,tab:transition_summary,"& \oldtext{7/7; valid endpoints $[0.1,\,0.153]$ to $[1.099,\,1.265]$}\oldtext{7/7}\latesttext{7/7; lower $[0.004498,\,0.",5fc7093700878b91329816d33b4d57f1cf51b2d33401f4194deb44185a1cc784,FLAGGED_UNSUPPORTED,no frozen source,
7,int_small,ACTIVE,4055,Appendix subsection: Cross-Metric Turning Points and Temporal Concordance,tab:transition_summary,"& \oldtext{7/7; valid endpoints $[0.1,\,0.153]$ to $[1.099,\,1.265]$}\oldtext{7/7}\latesttext{7/7; lower $[0.004498,\,0.",5fc7093700878b91329816d33b4d57f1cf51b2d33401f4194deb44185a1cc784,FLAGGED_UNSUPPORTED,no frozen source,
2,int_small,SUPPRESSED,4056,Appendix subsection: Cross-Metric Turning Points and Temporal Concordance,tab:transition_summary,"& \oldtext{2/7}\oldtext{7/7}\latesttext{7/7; lower $[0.001099,\,0.010481]$, upper $[0.828643,\,1.676833]$} \\",6081ac92be9b6241ce131a1b801e26244520347cca292bd20502cadf1591604c,NOT_RENDERED,SUPPRESSED,
7,int_small,SUPPRESSED,4056,Appendix subsection: Cross-Metric Turning Points and Temporal Concordance,tab:transition_summary,"& \oldtext{2/7}\oldtext{7/7}\latesttext{7/7; lower $[0.001099,\,0.010481]$, upper $[0.828643,\,1.676833]$} \\",6081ac92be9b6241ce131a1b801e26244520347cca292bd20502cadf1591604c,NOT_RENDERED,SUPPRESSED,
7,int_small,SUPPRESSED,4056,Appendix subsection: Cross-Metric Turning Points and Temporal Concordance,tab:transition_summary,"& \oldtext{2/7}\oldtext{7/7}\latesttext{7/7; lower $[0.001099,\,0.010481]$, upper $[0.828643,\,1.676833]$} \\",6081ac92be9b6241ce131a1b801e26244520347cca292bd20502cadf1591604c,NOT_RENDERED,SUPPRESSED,
7,int_small,SUPPRESSED,4056,Appendix subsection: Cross-Metric Turning Points and Temporal Concordance,tab:transition_summary,"& \oldtext{2/7}\oldtext{7/7}\latesttext{7/7; lower $[0.001099,\,0.010481]$, upper $[0.828643,\,1.676833]$} \\",6081ac92be9b6241ce131a1b801e26244520347cca292bd20502cadf1591604c,NOT_RENDERED,SUPPRESSED,
7,int_small,ACTIVE,4056,Appendix subsection: Cross-Metric Turning Points and Temporal Concordance,tab:transition_summary,"& \oldtext{2/7}\oldtext{7/7}\latesttext{7/7; lower $[0.001099,\,0.010481]$, upper $[0.828643,\,1.676833]$} \\",6081ac92be9b6241ce131a1b801e26244520347cca292bd20502cadf1591604c,FLAGGED_UNSUPPORTED,no frozen source,
7,int_small,ACTIVE,4056,Appendix subsection: Cross-Metric Turning Points and Temporal Concordance,tab:transition_summary,"& \oldtext{2/7}\oldtext{7/7}\latesttext{7/7; lower $[0.001099,\,0.010481]$, upper $[0.828643,\,1.676833]$} \\",6081ac92be9b6241ce131a1b801e26244520347cca292bd20502cadf1591604c,FLAGGED_UNSUPPORTED,no frozen source,
1,int_small,SUPPRESSED,4058,Appendix subsection: Cross-Metric Turning Points and Temporal Concordance,tab:transition_summary,& \oldtext{1/5}\latesttext{0/5},bd28c389665b7216e21928f089c040fcfae86826fca7d0efaf01a907b6e9c55d,NOT_RENDERED,SUPPRESSED,
5,int_small,SUPPRESSED,4058,Appendix subsection: Cross-Metric Turning Points and Temporal Concordance,tab:transition_summary,& \oldtext{1/5}\latesttext{0/5},bd28c389665b7216e21928f089c040fcfae86826fca7d0efaf01a907b6e9c55d,NOT_RENDERED,SUPPRESSED,
0,int_small,ACTIVE,4058,Appendix subsection: Cross-Metric Turning Points and Temporal Concordance,tab:transition_summary,& \oldtext{1/5}\latesttext{0/5},bd28c389665b7216e21928f089c040fcfae86826fca7d0efaf01a907b6e9c55d,FLAGGED_UNSUPPORTED,no frozen source,
5,int_small,ACTIVE,4058,Appendix subsection: Cross-Metric Turning Points and Temporal Concordance,tab:transition_summary,& \oldtext{1/5}\latesttext{0/5},bd28c389665b7216e21928f089c040fcfae86826fca7d0efaf01a907b6e9c55d,FLAGGED_UNSUPPORTED,no frozen source,
0,int_small,SUPPRESSED,4059,Appendix subsection: Cross-Metric Turning Points and Temporal Concordance,tab:transition_summary,& \oldtext{0/5}\latesttext{1/5 (MAE)} \\,cfcfba4fae21464e0624c2217fb7ea831a923bbf57d0e691c20b76202696b9b2,NOT_RENDERED,SUPPRESSED,
5,int_small,SUPPRESSED,4059,Appendix subsection: Cross-Metric Turning Points and Temporal Concordance,tab:transition_summary,& \oldtext{0/5}\latesttext{1/5 (MAE)} \\,cfcfba4fae21464e0624c2217fb7ea831a923bbf57d0e691c20b76202696b9b2,NOT_RENDERED,SUPPRESSED,
1,int_small,ACTIVE,4059,Appendix subsection: Cross-Metric Turning Points and Temporal Concordance,tab:transition_summary,& \oldtext{0/5}\latesttext{1/5 (MAE)} \\,cfcfba4fae21464e0624c2217fb7ea831a923bbf57d0e691c20b76202696b9b2,FLAGGED_UNSUPPORTED,no frozen source,
5,int_small,ACTIVE,4059,Appendix subsection: Cross-Metric Turning Points and Temporal Concordance,tab:transition_summary,& \oldtext{0/5}\latesttext{1/5 (MAE)} \\,cfcfba4fae21464e0624c2217fb7ea831a923bbf57d0e691c20b76202696b9b2,FLAGGED_UNSUPPORTED,no frozen source,
2025,year_like,ACTIVE,4060,Appendix subsection: Cross-Metric Turning Points and Temporal Concordance,tab:transition_summary,2025 exact concordance,9061f178a130a24cd1cb15bf91ed18d03eed13393b4d0f4abfe629a63dc254ad,ALLOWLISTED,DESIGN_CONSTANT,
0,int_small,ACTIVE,4061,Appendix subsection: Cross-Metric Turning Points and Temporal Concordance,tab:transition_summary,& 0/5,003453baa591158f7113b21fc72784a9bdeb2f0bc58594294e2c654624432565,FLAGGED_UNSUPPORTED,no frozen source,
5,int_small,ACTIVE,4061,Appendix subsection: Cross-Metric Turning Points and Temporal Concordance,tab:transition_summary,& 0/5,003453baa591158f7113b21fc72784a9bdeb2f0bc58594294e2c654624432565,FLAGGED_UNSUPPORTED,no frozen source,
0,int_small,SUPPRESSED,4062,Appendix subsection: Cross-Metric Turning Points and Temporal Concordance,tab:transition_summary,& \oldtext{0/5}\latesttext{1/5 (MAE)} \\,cfcfba4fae21464e0624c2217fb7ea831a923bbf57d0e691c20b76202696b9b2,NOT_RENDERED,SUPPRESSED,
5,int_small,SUPPRESSED,4062,Appendix subsection: Cross-Metric Turning Points and Temporal Concordance,tab:transition_summary,& \oldtext{0/5}\latesttext{1/5 (MAE)} \\,cfcfba4fae21464e0624c2217fb7ea831a923bbf57d0e691c20b76202696b9b2,NOT_RENDERED,SUPPRESSED,
1,int_small,ACTIVE,4062,Appendix subsection: Cross-Metric Turning Points and Temporal Concordance,tab:transition_summary,& \oldtext{0/5}\latesttext{1/5 (MAE)} \\,cfcfba4fae21464e0624c2217fb7ea831a923bbf57d0e691c20b76202696b9b2,FLAGGED_UNSUPPORTED,no frozen source,
5,int_small,ACTIVE,4062,Appendix subsection: Cross-Metric Turning Points and Temporal Concordance,tab:transition_summary,& \oldtext{0/5}\latesttext{1/5 (MAE)} \\,cfcfba4fae21464e0624c2217fb7ea831a923bbf57d0e691c20b76202696b9b2,FLAGGED_UNSUPPORTED,no frozen source,
7,int_small,ACTIVE,4064,Appendix subsection: Cross-Metric Turning Points and Temporal Concordance,tab:transition_summary,"& \oldtext{mixed by metric}\latesttext{valid full-CV span and 7/7 LOFO support, but 0/5 exact concordance in both later ",b8eec165b60f3f68345709efda60bd0fd8aa4e9f11b713ede896f3968de81d56,FLAGGED_UNSUPPORTED,no frozen source,
7,int_small,ACTIVE,4064,Appendix subsection: Cross-Metric Turning Points and Temporal Concordance,tab:transition_summary,"& \oldtext{mixed by metric}\latesttext{valid full-CV span and 7/7 LOFO support, but 0/5 exact concordance in both later ",b8eec165b60f3f68345709efda60bd0fd8aa4e9f11b713ede896f3968de81d56,FLAGGED_UNSUPPORTED,no frozen source,
0,int_small,ACTIVE,4064,Appendix subsection: Cross-Metric Turning Points and Temporal Concordance,tab:transition_summary,"& \oldtext{mixed by metric}\latesttext{valid full-CV span and 7/7 LOFO support, but 0/5 exact concordance in both later ",b8eec165b60f3f68345709efda60bd0fd8aa4e9f11b713ede896f3968de81d56,FLAGGED_UNSUPPORTED,no frozen source,
5,int_small,ACTIVE,4064,Appendix subsection: Cross-Metric Turning Points and Temporal Concordance,tab:transition_summary,"& \oldtext{mixed by metric}\latesttext{valid full-CV span and 7/7 LOFO support, but 0/5 exact concordance in both later ",b8eec165b60f3f68345709efda60bd0fd8aa4e9f11b713ede896f3968de81d56,FLAGGED_UNSUPPORTED,no frozen source,
7,int_small,ACTIVE,4065,Appendix subsection: Cross-Metric Turning Points and Temporal Concordance,tab:transition_summary,"& \oldtext{no common five-metric positive CV span}\latesttext{valid full-CV span and 7/7 LOFO support, but only 1/5 exac",afb1a8f2b8007bfbcd53a636a7ded3809057cf0038151033e957c2714943df93,FLAGGED_UNSUPPORTED,no frozen source,
7,int_small,ACTIVE,4065,Appendix subsection: Cross-Metric Turning Points and Temporal Concordance,tab:transition_summary,"& \oldtext{no common five-metric positive CV span}\latesttext{valid full-CV span and 7/7 LOFO support, but only 1/5 exac",afb1a8f2b8007bfbcd53a636a7ded3809057cf0038151033e957c2714943df93,FLAGGED_UNSUPPORTED,no frozen source,
1,int_small,ACTIVE,4065,Appendix subsection: Cross-Metric Turning Points and Temporal Concordance,tab:transition_summary,"& \oldtext{no common five-metric positive CV span}\latesttext{valid full-CV span and 7/7 LOFO support, but only 1/5 exac",afb1a8f2b8007bfbcd53a636a7ded3809057cf0038151033e957c2714943df93,FLAGGED_UNSUPPORTED,no frozen source,
5,int_small,ACTIVE,4065,Appendix subsection: Cross-Metric Turning Points and Temporal Concordance,tab:transition_summary,"& \oldtext{no common five-metric positive CV span}\latesttext{valid full-CV span and 7/7 LOFO support, but only 1/5 exac",afb1a8f2b8007bfbcd53a636a7ded3809057cf0038151033e957c2714943df93,FLAGGED_UNSUPPORTED,no frozen source,
2025,year_like,ACTIVE,4075,Appendix subsection: Cross-Metric Turning Points and Temporal Concordance,tab:transition_summary,"Held-out and 2025 comparisons are retrospective temporal concordance, not prospective confirmation.",d0d04721111d321a7a230d08b27d6bd2bbd709bf22c0b08f63f2d0a67e40c70c,ALLOWLISTED,DESIGN_CONSTANT,
7,int_small,ACTIVE,4077,Appendix subsection: Cross-Metric Turning Points and Temporal Concordance,tab:transition_summary,\latesttext{Leave-one-fold-out 7/7 records that a positive-interior five-event span exists in every omitted-fold aggrega,7cb7472a290084e125e74c0be1c2ded8e1a37a6c133a56b3c5c18d13852f38f6,FLAGGED_UNSUPPORTED,no frozen source,
7,int_small,ACTIVE,4077,Appendix subsection: Cross-Metric Turning Points and Temporal Concordance,tab:transition_summary,\latesttext{Leave-one-fold-out 7/7 records that a positive-interior five-event span exists in every omitted-fold aggrega,7cb7472a290084e125e74c0be1c2ded8e1a37a6c133a56b3c5c18d13852f38f6,FLAGGED_UNSUPPORTED,no frozen source,
3.393,decimal,SUPPRESSED,4118,Appendix subsection: Cross-Metric Turning Points and Temporal Concordance,fig:mechanism_event_locations,\oldtext{$R^2_P$} & \oldtext{3.393} & \oldtext{0.901} & \oldtext{1.099} & \oldtext{0.899} & \oldtext{0.0018} & \oldtext{,f1369764be56ef4552a1812573d6f4e686134205254b87384033c268f4f40cc1,NOT_RENDERED,SUPPRESSED,
0.901,decimal,SUPPRESSED,4118,Appendix subsection: Cross-Metric Turning Points and Temporal Concordance,fig:mechanism_event_locations,\oldtext{$R^2_P$} & \oldtext{3.393} & \oldtext{0.901} & \oldtext{1.099} & \oldtext{0.899} & \oldtext{0.0018} & \oldtext{,f1369764be56ef4552a1812573d6f4e686134205254b87384033c268f4f40cc1,NOT_RENDERED,SUPPRESSED,
1.099,decimal,SUPPRESSED,4118,Appendix subsection: Cross-Metric Turning Points and Temporal Concordance,fig:mechanism_event_locations,\oldtext{$R^2_P$} & \oldtext{3.393} & \oldtext{0.901} & \oldtext{1.099} & \oldtext{0.899} & \oldtext{0.0018} & \oldtext{,f1369764be56ef4552a1812573d6f4e686134205254b87384033c268f4f40cc1,NOT_RENDERED,SUPPRESSED,
0.899,decimal,SUPPRESSED,4118,Appendix subsection: Cross-Metric Turning Points and Temporal Concordance,fig:mechanism_event_locations,\oldtext{$R^2_P$} & \oldtext{3.393} & \oldtext{0.901} & \oldtext{1.099} & \oldtext{0.899} & \oldtext{0.0018} & \oldtext{,f1369764be56ef4552a1812573d6f4e686134205254b87384033c268f4f40cc1,NOT_RENDERED,SUPPRESSED,
0.0018,decimal,SUPPRESSED,4118,Appendix subsection: Cross-Metric Turning Points and Temporal Concordance,fig:mechanism_event_locations,\oldtext{$R^2_P$} & \oldtext{3.393} & \oldtext{0.901} & \oldtext{1.099} & \oldtext{0.899} & \oldtext{0.0018} & \oldtext{,f1369764be56ef4552a1812573d6f4e686134205254b87384033c268f4f40cc1,NOT_RENDERED,SUPPRESSED,
0.056,decimal,SUPPRESSED,4118,Appendix subsection: Cross-Metric Turning Points and Temporal Concordance,fig:mechanism_event_locations,\oldtext{$R^2_P$} & \oldtext{3.393} & \oldtext{0.901} & \oldtext{1.099} & \oldtext{0.899} & \oldtext{0.0018} & \oldtext{,f1369764be56ef4552a1812573d6f4e686134205254b87384033c268f4f40cc1,NOT_RENDERED,SUPPRESSED,
0.490,decimal,SUPPRESSED,4118,Appendix subsection: Cross-Metric Turning Points and Temporal Concordance,fig:mechanism_event_locations,\oldtext{$R^2_P$} & \oldtext{3.393} & \oldtext{0.901} & \oldtext{1.099} & \oldtext{0.899} & \oldtext{0.0018} & \oldtext{,f1369764be56ef4552a1812573d6f4e686134205254b87384033c268f4f40cc1,NOT_RENDERED,SUPPRESSED,
1.931,decimal,SUPPRESSED,4119,Appendix subsection: Cross-Metric Turning Points and Temporal Concordance,fig:mechanism_event_locations,"\oldtext{$\operatorname{MAE}_P$} & \oldtext{1.931} & \oldtext{\$73,924} & \oldtext{0.829} & \oldtext{\$74,409} & \oldtex",88da343aa62ff363560e8dcd95f37b503c92dbfd6df97d9149b4679a550ca9ef,NOT_RENDERED,SUPPRESSED,
"73,924",int_ge_1000,SUPPRESSED,4119,Appendix subsection: Cross-Metric Turning Points and Temporal Concordance,fig:mechanism_event_locations,"\oldtext{$\operatorname{MAE}_P$} & \oldtext{1.931} & \oldtext{\$73,924} & \oldtext{0.829} & \oldtext{\$74,409} & \oldtex",88da343aa62ff363560e8dcd95f37b503c92dbfd6df97d9149b4679a550ca9ef,NOT_RENDERED,SUPPRESSED,
0.829,decimal,SUPPRESSED,4119,Appendix subsection: Cross-Metric Turning Points and Temporal Concordance,fig:mechanism_event_locations,"\oldtext{$\operatorname{MAE}_P$} & \oldtext{1.931} & \oldtext{\$73,924} & \oldtext{0.829} & \oldtext{\$74,409} & \oldtex",88da343aa62ff363560e8dcd95f37b503c92dbfd6df97d9149b4679a550ca9ef,NOT_RENDERED,SUPPRESSED,
"74,409",int_ge_1000,SUPPRESSED,4119,Appendix subsection: Cross-Metric Turning Points and Temporal Concordance,fig:mechanism_event_locations,"\oldtext{$\operatorname{MAE}_P$} & \oldtext{1.931} & \oldtext{\$73,924} & \oldtext{0.829} & \oldtext{\$74,409} & \oldtex",88da343aa62ff363560e8dcd95f37b503c92dbfd6df97d9149b4679a550ca9ef,NOT_RENDERED,SUPPRESSED,
485,int_mid,SUPPRESSED,4119,Appendix subsection: Cross-Metric Turning Points and Temporal Concordance,fig:mechanism_event_locations,"\oldtext{$\operatorname{MAE}_P$} & \oldtext{1.931} & \oldtext{\$73,924} & \oldtext{0.829} & \oldtext{\$74,409} & \oldtex",88da343aa62ff363560e8dcd95f37b503c92dbfd6df97d9149b4679a550ca9ef,NOT_RENDERED,SUPPRESSED,
0.044,decimal,SUPPRESSED,4119,Appendix subsection: Cross-Metric Turning Points and Temporal Concordance,fig:mechanism_event_locations,"\oldtext{$\operatorname{MAE}_P$} & \oldtext{1.931} & \oldtext{\$73,924} & \oldtext{0.829} & \oldtext{\$74,409} & \oldtex",88da343aa62ff363560e8dcd95f37b503c92dbfd6df97d9149b4679a550ca9ef,NOT_RENDERED,SUPPRESSED,
0.245,decimal,SUPPRESSED,4119,Appendix subsection: Cross-Metric Turning Points and Temporal Concordance,fig:mechanism_event_locations,"\oldtext{$\operatorname{MAE}_P$} & \oldtext{1.931} & \oldtext{\$73,924} & \oldtext{0.829} & \oldtext{\$74,409} & \oldtex",88da343aa62ff363560e8dcd95f37b503c92dbfd6df97d9149b4679a550ca9ef,NOT_RENDERED,SUPPRESSED,
1.265,decimal,SUPPRESSED,4120,Appendix subsection: Cross-Metric Turning Points and Temporal Concordance,fig:mechanism_event_locations,\oldtext{$\operatorname{MAPE}_P$} & \oldtext{1.265} & \oldtext{21.0\%} & \oldtext{0.829} & \oldtext{21.1\%} & \oldtext{0,e8dc5817474cc684729f7f60ea841addac6903a453ab6776f7f864d94d37b295,NOT_RENDERED,SUPPRESSED,
21.0,decimal,SUPPRESSED,4120,Appendix subsection: Cross-Metric Turning Points and Temporal Concordance,fig:mechanism_event_locations,\oldtext{$\operatorname{MAPE}_P$} & \oldtext{1.265} & \oldtext{21.0\%} & \oldtext{0.829} & \oldtext{21.1\%} & \oldtext{0,e8dc5817474cc684729f7f60ea841addac6903a453ab6776f7f864d94d37b295,NOT_RENDERED,SUPPRESSED,
0.829,decimal,SUPPRESSED,4120,Appendix subsection: Cross-Metric Turning Points and Temporal Concordance,fig:mechanism_event_locations,\oldtext{$\operatorname{MAPE}_P$} & \oldtext{1.265} & \oldtext{21.0\%} & \oldtext{0.829} & \oldtext{21.1\%} & \oldtext{0,e8dc5817474cc684729f7f60ea841addac6903a453ab6776f7f864d94d37b295,NOT_RENDERED,SUPPRESSED,
21.1,decimal,SUPPRESSED,4120,Appendix subsection: Cross-Metric Turning Points and Temporal Concordance,fig:mechanism_event_locations,\oldtext{$\operatorname{MAPE}_P$} & \oldtext{1.265} & \oldtext{21.0\%} & \oldtext{0.829} & \oldtext{21.1\%} & \oldtext{0,e8dc5817474cc684729f7f60ea841addac6903a453ab6776f7f864d94d37b295,NOT_RENDERED,SUPPRESSED,
0.033,decimal,SUPPRESSED,4120,Appendix subsection: Cross-Metric Turning Points and Temporal Concordance,fig:mechanism_event_locations,\oldtext{$\operatorname{MAPE}_P$} & \oldtext{1.265} & \oldtext{21.0\%} & \oldtext{0.829} & \oldtext{21.1\%} & \oldtext{0,e8dc5817474cc684729f7f60ea841addac6903a453ab6776f7f864d94d37b295,NOT_RENDERED,SUPPRESSED,
0.011,decimal,SUPPRESSED,4120,Appendix subsection: Cross-Metric Turning Points and Temporal Concordance,fig:mechanism_event_locations,\oldtext{$\operatorname{MAPE}_P$} & \oldtext{1.265} & \oldtext{21.0\%} & \oldtext{0.829} & \oldtext{21.1\%} & \oldtext{0,e8dc5817474cc684729f7f60ea841addac6903a453ab6776f7f864d94d37b295,NOT_RENDERED,SUPPRESSED,
0.061,decimal,SUPPRESSED,4120,Appendix subsection: Cross-Metric Turning Points and Temporal Concordance,fig:mechanism_event_locations,\oldtext{$\operatorname{MAPE}_P$} & \oldtext{1.265} & \oldtext{21.0\%} & \oldtext{0.829} & \oldtext{21.1\%} & \oldtext{0,e8dc5817474cc684729f7f60ea841addac6903a453ab6776f7f864d94d37b295,NOT_RENDERED,SUPPRESSED,
0.720,decimal,SUPPRESSED,4121,Appendix subsection: Cross-Metric Turning Points and Temporal Concordance,fig:mechanism_event_locations,\oldtext{$\operatorname{RMSE}_{\log P}$} & \oldtext{0.720} & \oldtext{0.289} & \oldtext{0.720} & \oldtext{0.289} & \oldt,3b50fe3717daad5b4c75b15876e12618da224743941187541e2048ee2806221d,NOT_RENDERED,SUPPRESSED,
0.289,decimal,SUPPRESSED,4121,Appendix subsection: Cross-Metric Turning Points and Temporal Concordance,fig:mechanism_event_locations,\oldtext{$\operatorname{RMSE}_{\log P}$} & \oldtext{0.720} & \oldtext{0.289} & \oldtext{0.720} & \oldtext{0.289} & \oldt,3b50fe3717daad5b4c75b15876e12618da224743941187541e2048ee2806221d,NOT_RENDERED,SUPPRESSED,
0.720,decimal,SUPPRESSED,4121,Appendix subsection: Cross-Metric Turning Points and Temporal Concordance,fig:mechanism_event_locations,\oldtext{$\operatorname{RMSE}_{\log P}$} & \oldtext{0.720} & \oldtext{0.289} & \oldtext{0.720} & \oldtext{0.289} & \oldt,3b50fe3717daad5b4c75b15876e12618da224743941187541e2048ee2806221d,NOT_RENDERED,SUPPRESSED,
0.289,decimal,SUPPRESSED,4121,Appendix subsection: Cross-Metric Turning Points and Temporal Concordance,fig:mechanism_event_locations,\oldtext{$\operatorname{RMSE}_{\log P}$} & \oldtext{0.720} & \oldtext{0.289} & \oldtext{0.720} & \oldtext{0.289} & \oldt,3b50fe3717daad5b4c75b15876e12618da224743941187541e2048ee2806221d,NOT_RENDERED,SUPPRESSED,
0,int_small,SUPPRESSED,4121,Appendix subsection: Cross-Metric Turning Points and Temporal Concordance,fig:mechanism_event_locations,\oldtext{$\operatorname{RMSE}_{\log P}$} & \oldtext{0.720} & \oldtext{0.289} & \oldtext{0.720} & \oldtext{0.289} & \oldt,3b50fe3717daad5b4c75b15876e12618da224743941187541e2048ee2806221d,NOT_RENDERED,SUPPRESSED,
0,int_small,SUPPRESSED,4121,Appendix subsection: Cross-Metric Turning Points and Temporal Concordance,fig:mechanism_event_locations,\oldtext{$\operatorname{RMSE}_{\log P}$} & \oldtext{0.720} & \oldtext{0.289} & \oldtext{0.720} & \oldtext{0.289} & \oldt,3b50fe3717daad5b4c75b15876e12618da224743941187541e2048ee2806221d,NOT_RENDERED,SUPPRESSED,
0,int_small,SUPPRESSED,4121,Appendix subsection: Cross-Metric Turning Points and Temporal Concordance,fig:mechanism_event_locations,\oldtext{$\operatorname{RMSE}_{\log P}$} & \oldtext{0.720} & \oldtext{0.289} & \oldtext{0.720} & \oldtext{0.289} & \oldt,3b50fe3717daad5b4c75b15876e12618da224743941187541e2048ee2806221d,NOT_RENDERED,SUPPRESSED,
1.265,decimal,SUPPRESSED,4122,Appendix subsection: Cross-Metric Turning Points and Temporal Concordance,fig:mechanism_event_locations,\oldtext{COD} & \oldtext{1.265} & \oldtext{21.52} & \oldtext{1.099} & \oldtext{21.53} & \oldtext{0.015} & \oldtext{0.005,4e393e8a99e74adde648ae15ad618e3a916bad962fa88f86a627975714004d39,NOT_RENDERED,SUPPRESSED,
21.52,decimal,SUPPRESSED,4122,Appendix subsection: Cross-Metric Turning Points and Temporal Concordance,fig:mechanism_event_locations,\oldtext{COD} & \oldtext{1.265} & \oldtext{21.52} & \oldtext{1.099} & \oldtext{21.53} & \oldtext{0.015} & \oldtext{0.005,4e393e8a99e74adde648ae15ad618e3a916bad962fa88f86a627975714004d39,NOT_RENDERED,SUPPRESSED,
1.099,decimal,SUPPRESSED,4122,Appendix subsection: Cross-Metric Turning Points and Temporal Concordance,fig:mechanism_event_locations,\oldtext{COD} & \oldtext{1.265} & \oldtext{21.52} & \oldtext{1.099} & \oldtext{21.53} & \oldtext{0.015} & \oldtext{0.005,4e393e8a99e74adde648ae15ad618e3a916bad962fa88f86a627975714004d39,NOT_RENDERED,SUPPRESSED,
21.53,decimal,SUPPRESSED,4122,Appendix subsection: Cross-Metric Turning Points and Temporal Concordance,fig:mechanism_event_locations,\oldtext{COD} & \oldtext{1.265} & \oldtext{21.52} & \oldtext{1.099} & \oldtext{21.53} & \oldtext{0.015} & \oldtext{0.005,4e393e8a99e74adde648ae15ad618e3a916bad962fa88f86a627975714004d39,NOT_RENDERED,SUPPRESSED,
0.015,decimal,SUPPRESSED,4122,Appendix subsection: Cross-Metric Turning Points and Temporal Concordance,fig:mechanism_event_locations,\oldtext{COD} & \oldtext{1.265} & \oldtext{21.52} & \oldtext{1.099} & \oldtext{21.53} & \oldtext{0.015} & \oldtext{0.005,4e393e8a99e74adde648ae15ad618e3a916bad962fa88f86a627975714004d39,NOT_RENDERED,SUPPRESSED,
0.005,decimal,SUPPRESSED,4122,Appendix subsection: Cross-Metric Turning Points and Temporal Concordance,fig:mechanism_event_locations,\oldtext{COD} & \oldtext{1.265} & \oldtext{21.52} & \oldtext{1.099} & \oldtext{21.53} & \oldtext{0.015} & \oldtext{0.005,4e393e8a99e74adde648ae15ad618e3a916bad962fa88f86a627975714004d39,NOT_RENDERED,SUPPRESSED,
0.061,decimal,SUPPRESSED,4122,Appendix subsection: Cross-Metric Turning Points and Temporal Concordance,fig:mechanism_event_locations,\oldtext{COD} & \oldtext{1.265} & \oldtext{21.52} & \oldtext{1.099} & \oldtext{21.53} & \oldtext{0.015} & \oldtext{0.005,4e393e8a99e74adde648ae15ad618e3a916bad962fa88f86a627975714004d39,NOT_RENDERED,SUPPRESSED,
2025,year_like,SUPPRESSED,4124,Appendix subsection: Cross-Metric Turning Points and Temporal Concordance,fig:mechanism_event_locations,\multicolumn{8}{l}{\oldtext{\textit{Panel B: 2025 forward evaluation}}} \\,5951d4379e87f8962da1dfbf7e70a23b1fbc1564f3c3868fa3fc7e38163bcad3,NOT_RENDERED,SUPPRESSED,
1.931,decimal,SUPPRESSED,4126,Appendix subsection: Cross-Metric Turning Points and Temporal Concordance,fig:mechanism_event_locations,\oldtext{$R^2_P$} & \oldtext{1.931} & \oldtext{0.912} & \oldtext{1.099} & \oldtext{0.910} & \oldtext{0.0014} & \oldtext{,15f01bb794f22230ebae899796c483751aa3d0bc77d74d3c11ce6fecfa9b8507,NOT_RENDERED,SUPPRESSED,
0.912,decimal,SUPPRESSED,4126,Appendix subsection: Cross-Metric Turning Points and Temporal Concordance,fig:mechanism_event_locations,\oldtext{$R^2_P$} & \oldtext{1.931} & \oldtext{0.912} & \oldtext{1.099} & \oldtext{0.910} & \oldtext{0.0014} & \oldtext{,15f01bb794f22230ebae899796c483751aa3d0bc77d74d3c11ce6fecfa9b8507,NOT_RENDERED,SUPPRESSED,
1.099,decimal,SUPPRESSED,4126,Appendix subsection: Cross-Metric Turning Points and Temporal Concordance,fig:mechanism_event_locations,\oldtext{$R^2_P$} & \oldtext{1.931} & \oldtext{0.912} & \oldtext{1.099} & \oldtext{0.910} & \oldtext{0.0014} & \oldtext{,15f01bb794f22230ebae899796c483751aa3d0bc77d74d3c11ce6fecfa9b8507,NOT_RENDERED,SUPPRESSED,
0.910,decimal,SUPPRESSED,4126,Appendix subsection: Cross-Metric Turning Points and Temporal Concordance,fig:mechanism_event_locations,\oldtext{$R^2_P$} & \oldtext{1.931} & \oldtext{0.912} & \oldtext{1.099} & \oldtext{0.910} & \oldtext{0.0014} & \oldtext{,15f01bb794f22230ebae899796c483751aa3d0bc77d74d3c11ce6fecfa9b8507,NOT_RENDERED,SUPPRESSED,
0.0014,decimal,SUPPRESSED,4126,Appendix subsection: Cross-Metric Turning Points and Temporal Concordance,fig:mechanism_event_locations,\oldtext{$R^2_P$} & \oldtext{1.931} & \oldtext{0.912} & \oldtext{1.099} & \oldtext{0.910} & \oldtext{0.0014} & \oldtext{,15f01bb794f22230ebae899796c483751aa3d0bc77d74d3c11ce6fecfa9b8507,NOT_RENDERED,SUPPRESSED,
0.037,decimal,SUPPRESSED,4126,Appendix subsection: Cross-Metric Turning Points and Temporal Concordance,fig:mechanism_event_locations,\oldtext{$R^2_P$} & \oldtext{1.931} & \oldtext{0.912} & \oldtext{1.099} & \oldtext{0.910} & \oldtext{0.0014} & \oldtext{,15f01bb794f22230ebae899796c483751aa3d0bc77d74d3c11ce6fecfa9b8507,NOT_RENDERED,SUPPRESSED,
0.245,decimal,SUPPRESSED,4126,Appendix subsection: Cross-Metric Turning Points and Temporal Concordance,fig:mechanism_event_locations,\oldtext{$R^2_P$} & \oldtext{1.931} & \oldtext{0.912} & \oldtext{1.099} & \oldtext{0.910} & \oldtext{0.0014} & \oldtext{,15f01bb794f22230ebae899796c483751aa3d0bc77d74d3c11ce6fecfa9b8507,NOT_RENDERED,SUPPRESSED,
2.560,decimal,SUPPRESSED,4127,Appendix subsection: Cross-Metric Turning Points and Temporal Concordance,fig:mechanism_event_locations,"\oldtext{$\operatorname{MAE}_P$} & \oldtext{2.560} & \oldtext{\$76,558} & \oldtext{1.099} & \oldtext{\$76,848} & \oldtex",16f549b4d9ff3154d344f4c5c2ec8bc0556476963b61628df4d70b1996a0a080,NOT_RENDERED,SUPPRESSED,
"76,558",int_ge_1000,SUPPRESSED,4127,Appendix subsection: Cross-Metric Turning Points and Temporal Concordance,fig:mechanism_event_locations,"\oldtext{$\operatorname{MAE}_P$} & \oldtext{2.560} & \oldtext{\$76,558} & \oldtext{1.099} & \oldtext{\$76,848} & \oldtex",16f549b4d9ff3154d344f4c5c2ec8bc0556476963b61628df4d70b1996a0a080,NOT_RENDERED,SUPPRESSED,
1.099,decimal,SUPPRESSED,4127,Appendix subsection: Cross-Metric Turning Points and Temporal Concordance,fig:mechanism_event_locations,"\oldtext{$\operatorname{MAE}_P$} & \oldtext{2.560} & \oldtext{\$76,558} & \oldtext{1.099} & \oldtext{\$76,848} & \oldtex",16f549b4d9ff3154d344f4c5c2ec8bc0556476963b61628df4d70b1996a0a080,NOT_RENDERED,SUPPRESSED,
"76,848",int_ge_1000,SUPPRESSED,4127,Appendix subsection: Cross-Metric Turning Points and Temporal Concordance,fig:mechanism_event_locations,"\oldtext{$\operatorname{MAE}_P$} & \oldtext{2.560} & \oldtext{\$76,558} & \oldtext{1.099} & \oldtext{\$76,848} & \oldtex",16f549b4d9ff3154d344f4c5c2ec8bc0556476963b61628df4d70b1996a0a080,NOT_RENDERED,SUPPRESSED,
289,int_mid,SUPPRESSED,4127,Appendix subsection: Cross-Metric Turning Points and Temporal Concordance,fig:mechanism_event_locations,"\oldtext{$\operatorname{MAE}_P$} & \oldtext{2.560} & \oldtext{\$76,558} & \oldtext{1.099} & \oldtext{\$76,848} & \oldtex",16f549b4d9ff3154d344f4c5c2ec8bc0556476963b61628df4d70b1996a0a080,NOT_RENDERED,SUPPRESSED,
0.023,decimal,SUPPRESSED,4127,Appendix subsection: Cross-Metric Turning Points and Temporal Concordance,fig:mechanism_event_locations,"\oldtext{$\operatorname{MAE}_P$} & \oldtext{2.560} & \oldtext{\$76,558} & \oldtext{1.099} & \oldtext{\$76,848} & \oldtex",16f549b4d9ff3154d344f4c5c2ec8bc0556476963b61628df4d70b1996a0a080,NOT_RENDERED,SUPPRESSED,
0.367,decimal,SUPPRESSED,4127,Appendix subsection: Cross-Metric Turning Points and Temporal Concordance,fig:mechanism_event_locations,"\oldtext{$\operatorname{MAE}_P$} & \oldtext{2.560} & \oldtext{\$76,558} & \oldtext{1.099} & \oldtext{\$76,848} & \oldtex",16f549b4d9ff3154d344f4c5c2ec8bc0556476963b61628df4d70b1996a0a080,NOT_RENDERED,SUPPRESSED,
2.223,decimal,SUPPRESSED,4128,Appendix subsection: Cross-Metric Turning Points and Temporal Concordance,fig:mechanism_event_locations,\oldtext{$\operatorname{MAPE}_P$} & \oldtext{2.223} & \oldtext{20.6\%} & \oldtext{0.309} & \oldtext{20.6\%} & \oldtext{0,e5a4b673913734323660e4a5e9bee4a531c1ced2f5a475b853fbbd543869327b,NOT_RENDERED,SUPPRESSED,
20.6,decimal,SUPPRESSED,4128,Appendix subsection: Cross-Metric Turning Points and Temporal Concordance,fig:mechanism_event_locations,\oldtext{$\operatorname{MAPE}_P$} & \oldtext{2.223} & \oldtext{20.6\%} & \oldtext{0.309} & \oldtext{20.6\%} & \oldtext{0,e5a4b673913734323660e4a5e9bee4a531c1ced2f5a475b853fbbd543869327b,NOT_RENDERED,SUPPRESSED,
0.309,decimal,SUPPRESSED,4128,Appendix subsection: Cross-Metric Turning Points and Temporal Concordance,fig:mechanism_event_locations,\oldtext{$\operatorname{MAPE}_P$} & \oldtext{2.223} & \oldtext{20.6\%} & \oldtext{0.309} & \oldtext{20.6\%} & \oldtext{0,e5a4b673913734323660e4a5e9bee4a531c1ced2f5a475b853fbbd543869327b,NOT_RENDERED,SUPPRESSED,
20.6,decimal,SUPPRESSED,4128,Appendix subsection: Cross-Metric Turning Points and Temporal Concordance,fig:mechanism_event_locations,\oldtext{$\operatorname{MAPE}_P$} & \oldtext{2.223} & \oldtext{20.6\%} & \oldtext{0.309} & \oldtext{20.6\%} & \oldtext{0,e5a4b673913734323660e4a5e9bee4a531c1ced2f5a475b853fbbd543869327b,NOT_RENDERED,SUPPRESSED,
0.052,decimal,SUPPRESSED,4128,Appendix subsection: Cross-Metric Turning Points and Temporal Concordance,fig:mechanism_event_locations,\oldtext{$\operatorname{MAPE}_P$} & \oldtext{2.223} & \oldtext{20.6\%} & \oldtext{0.309} & \oldtext{20.6\%} & \oldtext{0,e5a4b673913734323660e4a5e9bee4a531c1ced2f5a475b853fbbd543869327b,NOT_RENDERED,SUPPRESSED,
0.020,decimal,SUPPRESSED,4128,Appendix subsection: Cross-Metric Turning Points and Temporal Concordance,fig:mechanism_event_locations,\oldtext{$\operatorname{MAPE}_P$} & \oldtext{2.223} & \oldtext{20.6\%} & \oldtext{0.309} & \oldtext{20.6\%} & \oldtext{0,e5a4b673913734323660e4a5e9bee4a531c1ced2f5a475b853fbbd543869327b,NOT_RENDERED,SUPPRESSED,
0.306,decimal,SUPPRESSED,4128,Appendix subsection: Cross-Metric Turning Points and Temporal Concordance,fig:mechanism_event_locations,\oldtext{$\operatorname{MAPE}_P$} & \oldtext{2.223} & \oldtext{20.6\%} & \oldtext{0.309} & \oldtext{20.6\%} & \oldtext{0,e5a4b673913734323660e4a5e9bee4a531c1ced2f5a475b853fbbd543869327b,NOT_RENDERED,SUPPRESSED,
1.456,decimal,SUPPRESSED,4129,Appendix subsection: Cross-Metric Turning Points and Temporal Concordance,fig:mechanism_event_locations,\oldtext{$\operatorname{RMSE}_{\log P}$} & \oldtext{1.456} & \oldtext{0.278} & \oldtext{0.625} & \oldtext{0.278} & \oldt,53cc24359211ae156df93cd70cc3427ef717dd40681557be28ac3515c7128cd7,NOT_RENDERED,SUPPRESSED,
0.278,decimal,SUPPRESSED,4129,Appendix subsection: Cross-Metric Turning Points and Temporal Concordance,fig:mechanism_event_locations,\oldtext{$\operatorname{RMSE}_{\log P}$} & \oldtext{1.456} & \oldtext{0.278} & \oldtext{0.625} & \oldtext{0.278} & \oldt,53cc24359211ae156df93cd70cc3427ef717dd40681557be28ac3515c7128cd7,NOT_RENDERED,SUPPRESSED,
0.625,decimal,SUPPRESSED,4129,Appendix subsection: Cross-Metric Turning Points and Temporal Concordance,fig:mechanism_event_locations,\oldtext{$\operatorname{RMSE}_{\log P}$} & \oldtext{1.456} & \oldtext{0.278} & \oldtext{0.625} & \oldtext{0.278} & \oldt,53cc24359211ae156df93cd70cc3427ef717dd40681557be28ac3515c7128cd7,NOT_RENDERED,SUPPRESSED,
0.278,decimal,SUPPRESSED,4129,Appendix subsection: Cross-Metric Turning Points and Temporal Concordance,fig:mechanism_event_locations,\oldtext{$\operatorname{RMSE}_{\log P}$} & \oldtext{1.456} & \oldtext{0.278} & \oldtext{0.625} & \oldtext{0.278} & \oldt,53cc24359211ae156df93cd70cc3427ef717dd40681557be28ac3515c7128cd7,NOT_RENDERED,SUPPRESSED,
0.0001,decimal,SUPPRESSED,4129,Appendix subsection: Cross-Metric Turning Points and Temporal Concordance,fig:mechanism_event_locations,\oldtext{$\operatorname{RMSE}_{\log P}$} & \oldtext{1.456} & \oldtext{0.278} & \oldtext{0.625} & \oldtext{0.278} & \oldt,53cc24359211ae156df93cd70cc3427ef717dd40681557be28ac3515c7128cd7,NOT_RENDERED,SUPPRESSED,
0.003,decimal,SUPPRESSED,4129,Appendix subsection: Cross-Metric Turning Points and Temporal Concordance,fig:mechanism_event_locations,\oldtext{$\operatorname{RMSE}_{\log P}$} & \oldtext{1.456} & \oldtext{0.278} & \oldtext{0.625} & \oldtext{0.278} & \oldt,53cc24359211ae156df93cd70cc3427ef717dd40681557be28ac3515c7128cd7,NOT_RENDERED,SUPPRESSED,
0.122,decimal,SUPPRESSED,4129,Appendix subsection: Cross-Metric Turning Points and Temporal Concordance,fig:mechanism_event_locations,\oldtext{$\operatorname{RMSE}_{\log P}$} & \oldtext{1.456} & \oldtext{0.278} & \oldtext{0.625} & \oldtext{0.278} & \oldt,53cc24359211ae156df93cd70cc3427ef717dd40681557be28ac3515c7128cd7,NOT_RENDERED,SUPPRESSED,
2.223,decimal,SUPPRESSED,4130,Appendix subsection: Cross-Metric Turning Points and Temporal Concordance,fig:mechanism_event_locations,\oldtext{COD} & \oldtext{2.223} & \oldtext{21.05} & \oldtext{0.309} & \oldtext{21.11} & \oldtext{0.062} & \oldtext{0.027,c732d7ac305a3be341248e724e3bf19a12476ef58b0ea8e398ecdb8cc2dd2bed,NOT_RENDERED,SUPPRESSED,
21.05,decimal,SUPPRESSED,4130,Appendix subsection: Cross-Metric Turning Points and Temporal Concordance,fig:mechanism_event_locations,\oldtext{COD} & \oldtext{2.223} & \oldtext{21.05} & \oldtext{0.309} & \oldtext{21.11} & \oldtext{0.062} & \oldtext{0.027,c732d7ac305a3be341248e724e3bf19a12476ef58b0ea8e398ecdb8cc2dd2bed,NOT_RENDERED,SUPPRESSED,
0.309,decimal,SUPPRESSED,4130,Appendix subsection: Cross-Metric Turning Points and Temporal Concordance,fig:mechanism_event_locations,\oldtext{COD} & \oldtext{2.223} & \oldtext{21.05} & \oldtext{0.309} & \oldtext{21.11} & \oldtext{0.062} & \oldtext{0.027,c732d7ac305a3be341248e724e3bf19a12476ef58b0ea8e398ecdb8cc2dd2bed,NOT_RENDERED,SUPPRESSED,
21.11,decimal,SUPPRESSED,4130,Appendix subsection: Cross-Metric Turning Points and Temporal Concordance,fig:mechanism_event_locations,\oldtext{COD} & \oldtext{2.223} & \oldtext{21.05} & \oldtext{0.309} & \oldtext{21.11} & \oldtext{0.062} & \oldtext{0.027,c732d7ac305a3be341248e724e3bf19a12476ef58b0ea8e398ecdb8cc2dd2bed,NOT_RENDERED,SUPPRESSED,
0.062,decimal,SUPPRESSED,4130,Appendix subsection: Cross-Metric Turning Points and Temporal Concordance,fig:mechanism_event_locations,\oldtext{COD} & \oldtext{2.223} & \oldtext{21.05} & \oldtext{0.309} & \oldtext{21.11} & \oldtext{0.062} & \oldtext{0.027,c732d7ac305a3be341248e724e3bf19a12476ef58b0ea8e398ecdb8cc2dd2bed,NOT_RENDERED,SUPPRESSED,
0.027,decimal,SUPPRESSED,4130,Appendix subsection: Cross-Metric Turning Points and Temporal Concordance,fig:mechanism_event_locations,\oldtext{COD} & \oldtext{2.223} & \oldtext{21.05} & \oldtext{0.309} & \oldtext{21.11} & \oldtext{0.062} & \oldtext{0.027,c732d7ac305a3be341248e724e3bf19a12476ef58b0ea8e398ecdb8cc2dd2bed,NOT_RENDERED,SUPPRESSED,
0.306,decimal,SUPPRESSED,4130,Appendix subsection: Cross-Metric Turning Points and Temporal Concordance,fig:mechanism_event_locations,\oldtext{COD} & \oldtext{2.223} & \oldtext{21.05} & \oldtext{0.309} & \oldtext{21.11} & \oldtext{0.062} & \oldtext{0.027,c732d7ac305a3be341248e724e3bf19a12476ef58b0ea8e398ecdb8cc2dd2bed,NOT_RENDERED,SUPPRESSED,
3.393,decimal,ACTIVE,4155,Appendix subsection: Cross-Metric Turning Points and Temporal Concordance,tab:transition_regret,Direct & $R^2_P$ & 3.393 & 1.099 & 0.0018 & 0.056 & 0.490 \\,1210c04cfc95f379f6f9d2b2202e1a85669d9738dfbd11f49027e68eca5c4a30,FLAGGED_UNSUPPORTED,no frozen source,
1.099,decimal,ACTIVE,4155,Appendix subsection: Cross-Metric Turning Points and Temporal Concordance,tab:transition_regret,Direct & $R^2_P$ & 3.393 & 1.099 & 0.0018 & 0.056 & 0.490 \\,1210c04cfc95f379f6f9d2b2202e1a85669d9738dfbd11f49027e68eca5c4a30,FLAGGED_UNSUPPORTED,no frozen source,
0.0018,decimal,ACTIVE,4155,Appendix subsection: Cross-Metric Turning Points and Temporal Concordance,tab:transition_regret,Direct & $R^2_P$ & 3.393 & 1.099 & 0.0018 & 0.056 & 0.490 \\,1210c04cfc95f379f6f9d2b2202e1a85669d9738dfbd11f49027e68eca5c4a30,FLAGGED_UNSUPPORTED,no frozen source,
0.056,decimal,ACTIVE,4155,Appendix subsection: Cross-Metric Turning Points and Temporal Concordance,tab:transition_regret,Direct & $R^2_P$ & 3.393 & 1.099 & 0.0018 & 0.056 & 0.490 \\,1210c04cfc95f379f6f9d2b2202e1a85669d9738dfbd11f49027e68eca5c4a30,FLAGGED_UNSUPPORTED,no frozen source,
0.490,decimal,ACTIVE,4155,Appendix subsection: Cross-Metric Turning Points and Temporal Concordance,tab:transition_regret,Direct & $R^2_P$ & 3.393 & 1.099 & 0.0018 & 0.056 & 0.490 \\,1210c04cfc95f379f6f9d2b2202e1a85669d9738dfbd11f49027e68eca5c4a30,FLAGGED_UNSUPPORTED,no frozen source,
1.931,decimal,ACTIVE,4156,Appendix subsection: Cross-Metric Turning Points and Temporal Concordance,tab:transition_regret,Direct & $\operatorname{MAE}_P$ & 1.931 & 0.829 & \$485 & 0.044 & 0.245 \\,890f20780b6e5f7665f754235d90b9147dc1ecd6ec18862ff5f19a2fff9449bf,FLAGGED_UNSUPPORTED,no frozen source,
0.829,decimal,ACTIVE,4156,Appendix subsection: Cross-Metric Turning Points and Temporal Concordance,tab:transition_regret,Direct & $\operatorname{MAE}_P$ & 1.931 & 0.829 & \$485 & 0.044 & 0.245 \\,890f20780b6e5f7665f754235d90b9147dc1ecd6ec18862ff5f19a2fff9449bf,FLAGGED_UNSUPPORTED,no frozen source,
485,int_mid,ACTIVE,4156,Appendix subsection: Cross-Metric Turning Points and Temporal Concordance,tab:transition_regret,Direct & $\operatorname{MAE}_P$ & 1.931 & 0.829 & \$485 & 0.044 & 0.245 \\,890f20780b6e5f7665f754235d90b9147dc1ecd6ec18862ff5f19a2fff9449bf,FLAGGED_UNSUPPORTED,no frozen source,
0.044,decimal,ACTIVE,4156,Appendix subsection: Cross-Metric Turning Points and Temporal Concordance,tab:transition_regret,Direct & $\operatorname{MAE}_P$ & 1.931 & 0.829 & \$485 & 0.044 & 0.245 \\,890f20780b6e5f7665f754235d90b9147dc1ecd6ec18862ff5f19a2fff9449bf,FLAGGED_UNSUPPORTED,no frozen source,
0.245,decimal,ACTIVE,4156,Appendix subsection: Cross-Metric Turning Points and Temporal Concordance,tab:transition_regret,Direct & $\operatorname{MAE}_P$ & 1.931 & 0.829 & \$485 & 0.044 & 0.245 \\,890f20780b6e5f7665f754235d90b9147dc1ecd6ec18862ff5f19a2fff9449bf,FLAGGED_UNSUPPORTED,no frozen source,
1.265,decimal,ACTIVE,4157,Appendix subsection: Cross-Metric Turning Points and Temporal Concordance,tab:transition_regret,Direct & $\operatorname{MAPE}_P$ & 1.265 & 0.829 & 0.033 pp & 0.011 & 0.061 \\,617fb3cffb761b6535b997ec71d0adf07235ac72bb7bfe69447c7cfc8f9ae25d,FLAGGED_UNSUPPORTED,no frozen source,
0.829,decimal,ACTIVE,4157,Appendix subsection: Cross-Metric Turning Points and Temporal Concordance,tab:transition_regret,Direct & $\operatorname{MAPE}_P$ & 1.265 & 0.829 & 0.033 pp & 0.011 & 0.061 \\,617fb3cffb761b6535b997ec71d0adf07235ac72bb7bfe69447c7cfc8f9ae25d,FLAGGED_UNSUPPORTED,no frozen source,
0.033,decimal,ACTIVE,4157,Appendix subsection: Cross-Metric Turning Points and Temporal Concordance,tab:transition_regret,Direct & $\operatorname{MAPE}_P$ & 1.265 & 0.829 & 0.033 pp & 0.011 & 0.061 \\,617fb3cffb761b6535b997ec71d0adf07235ac72bb7bfe69447c7cfc8f9ae25d,FLAGGED_UNSUPPORTED,no frozen source,
0.011,decimal,ACTIVE,4157,Appendix subsection: Cross-Metric Turning Points and Temporal Concordance,tab:transition_regret,Direct & $\operatorname{MAPE}_P$ & 1.265 & 0.829 & 0.033 pp & 0.011 & 0.061 \\,617fb3cffb761b6535b997ec71d0adf07235ac72bb7bfe69447c7cfc8f9ae25d,FLAGGED_UNSUPPORTED,no frozen source,
0.061,decimal,ACTIVE,4157,Appendix subsection: Cross-Metric Turning Points and Temporal Concordance,tab:transition_regret,Direct & $\operatorname{MAPE}_P$ & 1.265 & 0.829 & 0.033 pp & 0.011 & 0.061 \\,617fb3cffb761b6535b997ec71d0adf07235ac72bb7bfe69447c7cfc8f9ae25d,FLAGGED_UNSUPPORTED,no frozen source,
0.0160,decimal,ACTIVE,4158,Appendix subsection: Cross-Metric Turning Points and Temporal Concordance,tab:transition_regret,Direct & $\operatorname{RMSE}_{\log P}$ & 0.0160 & 0.0569 & 0.000461 & 0.013 & 0.490 \\,083f5617c66b2c27aa3d90573cc873949e6c42fccea60c799d92a19720e7d726,FLAGGED_UNSUPPORTED,no frozen source,
0.0569,decimal,ACTIVE,4158,Appendix subsection: Cross-Metric Turning Points and Temporal Concordance,tab:transition_regret,Direct & $\operatorname{RMSE}_{\log P}$ & 0.0160 & 0.0569 & 0.000461 & 0.013 & 0.490 \\,083f5617c66b2c27aa3d90573cc873949e6c42fccea60c799d92a19720e7d726,FLAGGED_UNSUPPORTED,no frozen source,
0.000461,decimal,ACTIVE,4158,Appendix subsection: Cross-Metric Turning Points and Temporal Concordance,tab:transition_regret,Direct & $\operatorname{RMSE}_{\log P}$ & 0.0160 & 0.0569 & 0.000461 & 0.013 & 0.490 \\,083f5617c66b2c27aa3d90573cc873949e6c42fccea60c799d92a19720e7d726,FLAGGED_UNSUPPORTED,no frozen source,
0.013,decimal,ACTIVE,4158,Appendix subsection: Cross-Metric Turning Points and Temporal Concordance,tab:transition_regret,Direct & $\operatorname{RMSE}_{\log P}$ & 0.0160 & 0.0569 & 0.000461 & 0.013 & 0.490 \\,083f5617c66b2c27aa3d90573cc873949e6c42fccea60c799d92a19720e7d726,FLAGGED_UNSUPPORTED,no frozen source,
0.490,decimal,ACTIVE,4158,Appendix subsection: Cross-Metric Turning Points and Temporal Concordance,tab:transition_regret,Direct & $\operatorname{RMSE}_{\log P}$ & 0.0160 & 0.0569 & 0.000461 & 0.013 & 0.490 \\,083f5617c66b2c27aa3d90573cc873949e6c42fccea60c799d92a19720e7d726,FLAGGED_UNSUPPORTED,no frozen source,
1.265,decimal,ACTIVE,4159,Appendix subsection: Cross-Metric Turning Points and Temporal Concordance,tab:transition_regret,Direct & COD & 1.265 & 1.099 & 0.01451 & 0.005 & 0.061 \\,ecaced7efc7a1499ef5212f2da1e1e64b48a9eefde5021abe86b113900ec5aef,FLAGGED_UNSUPPORTED,no frozen source,
1.099,decimal,ACTIVE,4159,Appendix subsection: Cross-Metric Turning Points and Temporal Concordance,tab:transition_regret,Direct & COD & 1.265 & 1.099 & 0.01451 & 0.005 & 0.061 \\,ecaced7efc7a1499ef5212f2da1e1e64b48a9eefde5021abe86b113900ec5aef,FLAGGED_UNSUPPORTED,no frozen source,
0.01451,decimal,ACTIVE,4159,Appendix subsection: Cross-Metric Turning Points and Temporal Concordance,tab:transition_regret,Direct & COD & 1.265 & 1.099 & 0.01451 & 0.005 & 0.061 \\,ecaced7efc7a1499ef5212f2da1e1e64b48a9eefde5021abe86b113900ec5aef,FLAGGED_UNSUPPORTED,no frozen source,
0.005,decimal,ACTIVE,4159,Appendix subsection: Cross-Metric Turning Points and Temporal Concordance,tab:transition_regret,Direct & COD & 1.265 & 1.099 & 0.01451 & 0.005 & 0.061 \\,ecaced7efc7a1499ef5212f2da1e1e64b48a9eefde5021abe86b113900ec5aef,FLAGGED_UNSUPPORTED,no frozen source,
0.061,decimal,ACTIVE,4159,Appendix subsection: Cross-Metric Turning Points and Temporal Concordance,tab:transition_regret,Direct & COD & 1.265 & 1.099 & 0.01451 & 0.005 & 0.061 \\,ecaced7efc7a1499ef5212f2da1e1e64b48a9eefde5021abe86b113900ec5aef,FLAGGED_UNSUPPORTED,no frozen source,
2.947,decimal,ACTIVE,4160,Appendix subsection: Cross-Metric Turning Points and Temporal Concordance,tab:transition_regret,Surrogate & $R^2_P$ & 2.947 & 0.954 & 0.0004 & 0.042 & 0.490 \\,76374e8a1e0540c87c40ceda6060e1fbd823ef9e9e2c74882240d0778d9af19e,FLAGGED_UNSUPPORTED,no frozen source,
0.954,decimal,ACTIVE,4160,Appendix subsection: Cross-Metric Turning Points and Temporal Concordance,tab:transition_regret,Surrogate & $R^2_P$ & 2.947 & 0.954 & 0.0004 & 0.042 & 0.490 \\,76374e8a1e0540c87c40ceda6060e1fbd823ef9e9e2c74882240d0778d9af19e,FLAGGED_UNSUPPORTED,no frozen source,
0.0004,decimal,ACTIVE,4160,Appendix subsection: Cross-Metric Turning Points and Temporal Concordance,tab:transition_regret,Surrogate & $R^2_P$ & 2.947 & 0.954 & 0.0004 & 0.042 & 0.490 \\,76374e8a1e0540c87c40ceda6060e1fbd823ef9e9e2c74882240d0778d9af19e,FLAGGED_UNSUPPORTED,no frozen source,
0.042,decimal,ACTIVE,4160,Appendix subsection: Cross-Metric Turning Points and Temporal Concordance,tab:transition_regret,Surrogate & $R^2_P$ & 2.947 & 0.954 & 0.0004 & 0.042 & 0.490 \\,76374e8a1e0540c87c40ceda6060e1fbd823ef9e9e2c74882240d0778d9af19e,FLAGGED_UNSUPPORTED,no frozen source,
0.490,decimal,ACTIVE,4160,Appendix subsection: Cross-Metric Turning Points and Temporal Concordance,tab:transition_regret,Surrogate & $R^2_P$ & 2.947 & 0.954 & 0.0004 & 0.042 & 0.490 \\,76374e8a1e0540c87c40ceda6060e1fbd823ef9e9e2c74882240d0778d9af19e,FLAGGED_UNSUPPORTED,no frozen source,
0.0494,decimal,ACTIVE,4161,Appendix subsection: Cross-Metric Turning Points and Temporal Concordance,tab:transition_regret,Surrogate & $\operatorname{MAE}_P$ & 0.0494 & 0.0494 & \$0 & 0 & 0 \\,daa64b1dd192a891c6af5224d1f4a8469281cbb8cc199539e2f758174572a8ed,FLAGGED_UNSUPPORTED,no frozen source,
0.0494,decimal,ACTIVE,4161,Appendix subsection: Cross-Metric Turning Points and Temporal Concordance,tab:transition_regret,Surrogate & $\operatorname{MAE}_P$ & 0.0494 & 0.0494 & \$0 & 0 & 0 \\,daa64b1dd192a891c6af5224d1f4a8469281cbb8cc199539e2f758174572a8ed,FLAGGED_UNSUPPORTED,no frozen source,
0,int_small,ACTIVE,4161,Appendix subsection: Cross-Metric Turning Points and Temporal Concordance,tab:transition_regret,Surrogate & $\operatorname{MAE}_P$ & 0.0494 & 0.0494 & \$0 & 0 & 0 \\,daa64b1dd192a891c6af5224d1f4a8469281cbb8cc199539e2f758174572a8ed,FLAGGED_UNSUPPORTED,no frozen source,
0,int_small,ACTIVE,4161,Appendix subsection: Cross-Metric Turning Points and Temporal Concordance,tab:transition_regret,Surrogate & $\operatorname{MAE}_P$ & 0.0494 & 0.0494 & \$0 & 0 & 0 \\,daa64b1dd192a891c6af5224d1f4a8469281cbb8cc199539e2f758174572a8ed,FLAGGED_UNSUPPORTED,no frozen source,
0,int_small,ACTIVE,4161,Appendix subsection: Cross-Metric Turning Points and Temporal Concordance,tab:transition_regret,Surrogate & $\operatorname{MAE}_P$ & 0.0494 & 0.0494 & \$0 & 0 & 0 \\,daa64b1dd192a891c6af5224d1f4a8469281cbb8cc199539e2f758174572a8ed,FLAGGED_UNSUPPORTED,no frozen source,
1.265,decimal,ACTIVE,4162,Appendix subsection: Cross-Metric Turning Points and Temporal Concordance,tab:transition_regret,Surrogate & $\operatorname{MAPE}_P$ & 1.265 & 0.954 & 0.001 pp & 0.001 & 0.122 \\,b9332130b071f916b4fd9579b2fa36bc41a2a609400d5386224d19bfac168146,FLAGGED_UNSUPPORTED,no frozen source,
0.954,decimal,ACTIVE,4162,Appendix subsection: Cross-Metric Turning Points and Temporal Concordance,tab:transition_regret,Surrogate & $\operatorname{MAPE}_P$ & 1.265 & 0.954 & 0.001 pp & 0.001 & 0.122 \\,b9332130b071f916b4fd9579b2fa36bc41a2a609400d5386224d19bfac168146,FLAGGED_UNSUPPORTED,no frozen source,
0.001,decimal,ACTIVE,4162,Appendix subsection: Cross-Metric Turning Points and Temporal Concordance,tab:transition_regret,Surrogate & $\operatorname{MAPE}_P$ & 1.265 & 0.954 & 0.001 pp & 0.001 & 0.122 \\,b9332130b071f916b4fd9579b2fa36bc41a2a609400d5386224d19bfac168146,FLAGGED_UNSUPPORTED,no frozen source,
0.001,decimal,ACTIVE,4162,Appendix subsection: Cross-Metric Turning Points and Temporal Concordance,tab:transition_regret,Surrogate & $\operatorname{MAPE}_P$ & 1.265 & 0.954 & 0.001 pp & 0.001 & 0.122 \\,b9332130b071f916b4fd9579b2fa36bc41a2a609400d5386224d19bfac168146,FLAGGED_UNSUPPORTED,no frozen source,
0.122,decimal,ACTIVE,4162,Appendix subsection: Cross-Metric Turning Points and Temporal Concordance,tab:transition_regret,Surrogate & $\operatorname{MAPE}_P$ & 1.265 & 0.954 & 0.001 pp & 0.001 & 0.122 \\,b9332130b071f916b4fd9579b2fa36bc41a2a609400d5386224d19bfac168146,FLAGGED_UNSUPPORTED,no frozen source,
0.00168,decimal,ACTIVE,4163,Appendix subsection: Cross-Metric Turning Points and Temporal Concordance,tab:transition_regret,Surrogate & $\operatorname{RMSE}_{\log P}$ & 0.00168 & 0.00391 & 0 & 0.000 & 0.122 \\,40127e07cd0d335a4c3511a359a6fed30f047992e95e47f673d068f7adb38788,FLAGGED_UNSUPPORTED,no frozen source,
0.00391,decimal,ACTIVE,4163,Appendix subsection: Cross-Metric Turning Points and Temporal Concordance,tab:transition_regret,Surrogate & $\operatorname{RMSE}_{\log P}$ & 0.00168 & 0.00391 & 0 & 0.000 & 0.122 \\,40127e07cd0d335a4c3511a359a6fed30f047992e95e47f673d068f7adb38788,FLAGGED_UNSUPPORTED,no frozen source,
0,int_small,ACTIVE,4163,Appendix subsection: Cross-Metric Turning Points and Temporal Concordance,tab:transition_regret,Surrogate & $\operatorname{RMSE}_{\log P}$ & 0.00168 & 0.00391 & 0 & 0.000 & 0.122 \\,40127e07cd0d335a4c3511a359a6fed30f047992e95e47f673d068f7adb38788,FLAGGED_UNSUPPORTED,no frozen source,
0.000,decimal,ACTIVE,4163,Appendix subsection: Cross-Metric Turning Points and Temporal Concordance,tab:transition_regret,Surrogate & $\operatorname{RMSE}_{\log P}$ & 0.00168 & 0.00391 & 0 & 0.000 & 0.122 \\,40127e07cd0d335a4c3511a359a6fed30f047992e95e47f673d068f7adb38788,FLAGGED_UNSUPPORTED,no frozen source,
0.122,decimal,ACTIVE,4163,Appendix subsection: Cross-Metric Turning Points and Temporal Concordance,tab:transition_regret,Surrogate & $\operatorname{RMSE}_{\log P}$ & 0.00168 & 0.00391 & 0 & 0.000 & 0.122 \\,40127e07cd0d335a4c3511a359a6fed30f047992e95e47f673d068f7adb38788,FLAGGED_UNSUPPORTED,no frozen source,
1.265,decimal,ACTIVE,4164,Appendix subsection: Cross-Metric Turning Points and Temporal Concordance,tab:transition_regret,Surrogate & COD & 1.265 & 0.954 & 0.01622 & 0.007 & 0.122 \\,9231421ca70b6c3ab2be6e5167ddbc40c63f04adf811322bee22b1960132db51,FLAGGED_UNSUPPORTED,no frozen source,
0.954,decimal,ACTIVE,4164,Appendix subsection: Cross-Metric Turning Points and Temporal Concordance,tab:transition_regret,Surrogate & COD & 1.265 & 0.954 & 0.01622 & 0.007 & 0.122 \\,9231421ca70b6c3ab2be6e5167ddbc40c63f04adf811322bee22b1960132db51,FLAGGED_UNSUPPORTED,no frozen source,
0.01622,decimal,ACTIVE,4164,Appendix subsection: Cross-Metric Turning Points and Temporal Concordance,tab:transition_regret,Surrogate & COD & 1.265 & 0.954 & 0.01622 & 0.007 & 0.122 \\,9231421ca70b6c3ab2be6e5167ddbc40c63f04adf811322bee22b1960132db51,FLAGGED_UNSUPPORTED,no frozen source,
0.007,decimal,ACTIVE,4164,Appendix subsection: Cross-Metric Turning Points and Temporal Concordance,tab:transition_regret,Surrogate & COD & 1.265 & 0.954 & 0.01622 & 0.007 & 0.122 \\,9231421ca70b6c3ab2be6e5167ddbc40c63f04adf811322bee22b1960132db51,FLAGGED_UNSUPPORTED,no frozen source,
0.122,decimal,ACTIVE,4164,Appendix subsection: Cross-Metric Turning Points and Temporal Concordance,tab:transition_regret,Surrogate & COD & 1.265 & 0.954 & 0.01622 & 0.007 & 0.122 \\,9231421ca70b6c3ab2be6e5167ddbc40c63f04adf811322bee22b1960132db51,FLAGGED_UNSUPPORTED,no frozen source,
2025,year_like,ACTIVE,4166,Appendix subsection: Cross-Metric Turning Points and Temporal Concordance,tab:transition_regret,\multicolumn{7}{l}{\textit{Panel B: 2025 forward evaluation}} \\,38214ea06b6198084390ec05682511ea65b39b07ba38d34ffd1f3d2dc686ec2a,ALLOWLISTED,DESIGN_CONSTANT,
1.931,decimal,ACTIVE,4168,Appendix subsection: Cross-Metric Turning Points and Temporal Concordance,tab:transition_regret,Direct & $R^2_P$ & 1.931 & 1.099 & 0.0014 & 0.037 & 0.245 \\,d1412c3fe0f0b67c52da492a751b6ca72a439b8abb9d0ff5a19ba612f4b6b90c,FLAGGED_UNSUPPORTED,no frozen source,
1.099,decimal,ACTIVE,4168,Appendix subsection: Cross-Metric Turning Points and Temporal Concordance,tab:transition_regret,Direct & $R^2_P$ & 1.931 & 1.099 & 0.0014 & 0.037 & 0.245 \\,d1412c3fe0f0b67c52da492a751b6ca72a439b8abb9d0ff5a19ba612f4b6b90c,FLAGGED_UNSUPPORTED,no frozen source,
0.0014,decimal,ACTIVE,4168,Appendix subsection: Cross-Metric Turning Points and Temporal Concordance,tab:transition_regret,Direct & $R^2_P$ & 1.931 & 1.099 & 0.0014 & 0.037 & 0.245 \\,d1412c3fe0f0b67c52da492a751b6ca72a439b8abb9d0ff5a19ba612f4b6b90c,FLAGGED_UNSUPPORTED,no frozen source,
0.037,decimal,ACTIVE,4168,Appendix subsection: Cross-Metric Turning Points and Temporal Concordance,tab:transition_regret,Direct & $R^2_P$ & 1.931 & 1.099 & 0.0014 & 0.037 & 0.245 \\,d1412c3fe0f0b67c52da492a751b6ca72a439b8abb9d0ff5a19ba612f4b6b90c,FLAGGED_UNSUPPORTED,no frozen source,
0.245,decimal,ACTIVE,4168,Appendix subsection: Cross-Metric Turning Points and Temporal Concordance,tab:transition_regret,Direct & $R^2_P$ & 1.931 & 1.099 & 0.0014 & 0.037 & 0.245 \\,d1412c3fe0f0b67c52da492a751b6ca72a439b8abb9d0ff5a19ba612f4b6b90c,FLAGGED_UNSUPPORTED,no frozen source,
2.560,decimal,ACTIVE,4169,Appendix subsection: Cross-Metric Turning Points and Temporal Concordance,tab:transition_regret,Direct & $\operatorname{MAE}_P$ & 2.560 & 1.099 & \$289 & 0.023 & 0.367 \\,946754f2429497ba10633fa6c2f4f57ede7ad4320d49d335f76e386f897f23e4,FLAGGED_UNSUPPORTED,no frozen source,
1.099,decimal,ACTIVE,4169,Appendix subsection: Cross-Metric Turning Points and Temporal Concordance,tab:transition_regret,Direct & $\operatorname{MAE}_P$ & 2.560 & 1.099 & \$289 & 0.023 & 0.367 \\,946754f2429497ba10633fa6c2f4f57ede7ad4320d49d335f76e386f897f23e4,FLAGGED_UNSUPPORTED,no frozen source,
289,int_mid,ACTIVE,4169,Appendix subsection: Cross-Metric Turning Points and Temporal Concordance,tab:transition_regret,Direct & $\operatorname{MAE}_P$ & 2.560 & 1.099 & \$289 & 0.023 & 0.367 \\,946754f2429497ba10633fa6c2f4f57ede7ad4320d49d335f76e386f897f23e4,FLAGGED_UNSUPPORTED,no frozen source,
0.023,decimal,ACTIVE,4169,Appendix subsection: Cross-Metric Turning Points and Temporal Concordance,tab:transition_regret,Direct & $\operatorname{MAE}_P$ & 2.560 & 1.099 & \$289 & 0.023 & 0.367 \\,946754f2429497ba10633fa6c2f4f57ede7ad4320d49d335f76e386f897f23e4,FLAGGED_UNSUPPORTED,no frozen source,
0.367,decimal,ACTIVE,4169,Appendix subsection: Cross-Metric Turning Points and Temporal Concordance,tab:transition_regret,Direct & $\operatorname{MAE}_P$ & 2.560 & 1.099 & \$289 & 0.023 & 0.367 \\,946754f2429497ba10633fa6c2f4f57ede7ad4320d49d335f76e386f897f23e4,FLAGGED_UNSUPPORTED,no frozen source,
2.223,decimal,ACTIVE,4170,Appendix subsection: Cross-Metric Turning Points and Temporal Concordance,tab:transition_regret,Direct & $\operatorname{MAPE}_P$ & 2.223 & 0.309 & 0.052 pp & 0.020 & 0.306 \\,eead38e3fb2993d4910171fb289e3bb79b53951c8bcfa0ffaeef8cc827d47940,FLAGGED_UNSUPPORTED,no frozen source,
0.309,decimal,ACTIVE,4170,Appendix subsection: Cross-Metric Turning Points and Temporal Concordance,tab:transition_regret,Direct & $\operatorname{MAPE}_P$ & 2.223 & 0.309 & 0.052 pp & 0.020 & 0.306 \\,eead38e3fb2993d4910171fb289e3bb79b53951c8bcfa0ffaeef8cc827d47940,FLAGGED_UNSUPPORTED,no frozen source,
0.052,decimal,ACTIVE,4170,Appendix subsection: Cross-Metric Turning Points and Temporal Concordance,tab:transition_regret,Direct & $\operatorname{MAPE}_P$ & 2.223 & 0.309 & 0.052 pp & 0.020 & 0.306 \\,eead38e3fb2993d4910171fb289e3bb79b53951c8bcfa0ffaeef8cc827d47940,FLAGGED_UNSUPPORTED,no frozen source,
0.020,decimal,ACTIVE,4170,Appendix subsection: Cross-Metric Turning Points and Temporal Concordance,tab:transition_regret,Direct & $\operatorname{MAPE}_P$ & 2.223 & 0.309 & 0.052 pp & 0.020 & 0.306 \\,eead38e3fb2993d4910171fb289e3bb79b53951c8bcfa0ffaeef8cc827d47940,FLAGGED_UNSUPPORTED,no frozen source,
0.306,decimal,ACTIVE,4170,Appendix subsection: Cross-Metric Turning Points and Temporal Concordance,tab:transition_regret,Direct & $\operatorname{MAPE}_P$ & 2.223 & 0.309 & 0.052 pp & 0.020 & 0.306 \\,eead38e3fb2993d4910171fb289e3bb79b53951c8bcfa0ffaeef8cc827d47940,FLAGGED_UNSUPPORTED,no frozen source,
0.0121,decimal,ACTIVE,4171,Appendix subsection: Cross-Metric Turning Points and Temporal Concordance,tab:transition_regret,Direct & $\operatorname{RMSE}_{\log P}$ & 0.0121 & 0.625 & 0.000108 & 0.004 & 0.612 \\,ade7e9e3b5e24c5d0343c3317e3476cd4af26b0ec282843b071879b70f559b52,FLAGGED_UNSUPPORTED,no frozen source,
0.625,decimal,ACTIVE,4171,Appendix subsection: Cross-Metric Turning Points and Temporal Concordance,tab:transition_regret,Direct & $\operatorname{RMSE}_{\log P}$ & 0.0121 & 0.625 & 0.000108 & 0.004 & 0.612 \\,ade7e9e3b5e24c5d0343c3317e3476cd4af26b0ec282843b071879b70f559b52,FLAGGED_UNSUPPORTED,no frozen source,
0.000108,decimal,ACTIVE,4171,Appendix subsection: Cross-Metric Turning Points and Temporal Concordance,tab:transition_regret,Direct & $\operatorname{RMSE}_{\log P}$ & 0.0121 & 0.625 & 0.000108 & 0.004 & 0.612 \\,ade7e9e3b5e24c5d0343c3317e3476cd4af26b0ec282843b071879b70f559b52,FLAGGED_UNSUPPORTED,no frozen source,
0.004,decimal,ACTIVE,4171,Appendix subsection: Cross-Metric Turning Points and Temporal Concordance,tab:transition_regret,Direct & $\operatorname{RMSE}_{\log P}$ & 0.0121 & 0.625 & 0.000108 & 0.004 & 0.612 \\,ade7e9e3b5e24c5d0343c3317e3476cd4af26b0ec282843b071879b70f559b52,FLAGGED_UNSUPPORTED,no frozen source,
0.612,decimal,ACTIVE,4171,Appendix subsection: Cross-Metric Turning Points and Temporal Concordance,tab:transition_regret,Direct & $\operatorname{RMSE}_{\log P}$ & 0.0121 & 0.625 & 0.000108 & 0.004 & 0.612 \\,ade7e9e3b5e24c5d0343c3317e3476cd4af26b0ec282843b071879b70f559b52,FLAGGED_UNSUPPORTED,no frozen source,
2.223,decimal,ACTIVE,4172,Appendix subsection: Cross-Metric Turning Points and Temporal Concordance,tab:transition_regret,Direct & COD & 2.223 & 0.309 & 0.06171 & 0.027 & 0.306 \\,f37d74cb5647a79bb2030319d8e02c612bb3319e432eb61fb3c9004df897b4d3,FLAGGED_UNSUPPORTED,no frozen source,
0.309,decimal,ACTIVE,4172,Appendix subsection: Cross-Metric Turning Points and Temporal Concordance,tab:transition_regret,Direct & COD & 2.223 & 0.309 & 0.06171 & 0.027 & 0.306 \\,f37d74cb5647a79bb2030319d8e02c612bb3319e432eb61fb3c9004df897b4d3,FLAGGED_UNSUPPORTED,no frozen source,
0.06171,decimal,ACTIVE,4172,Appendix subsection: Cross-Metric Turning Points and Temporal Concordance,tab:transition_regret,Direct & COD & 2.223 & 0.309 & 0.06171 & 0.027 & 0.306 \\,f37d74cb5647a79bb2030319d8e02c612bb3319e432eb61fb3c9004df897b4d3,FLAGGED_UNSUPPORTED,no frozen source,
0.027,decimal,ACTIVE,4172,Appendix subsection: Cross-Metric Turning Points and Temporal Concordance,tab:transition_regret,Direct & COD & 2.223 & 0.309 & 0.06171 & 0.027 & 0.306 \\,f37d74cb5647a79bb2030319d8e02c612bb3319e432eb61fb3c9004df897b4d3,FLAGGED_UNSUPPORTED,no frozen source,
0.306,decimal,ACTIVE,4172,Appendix subsection: Cross-Metric Turning Points and Temporal Concordance,tab:transition_regret,Direct & COD & 2.223 & 0.309 & 0.06171 & 0.027 & 0.306 \\,f37d74cb5647a79bb2030319d8e02c612bb3319e432eb61fb3c9004df897b4d3,FLAGGED_UNSUPPORTED,no frozen source,
2.947,decimal,ACTIVE,4173,Appendix subsection: Cross-Metric Turning Points and Temporal Concordance,tab:transition_regret,Surrogate & $R^2_P$ & 2.947 & 0.954 & 0.0008 & 0.083 & 0.490 \\,0ffe40c1f055e350dccdc94d1d4013f44c0f62fc7fceaadb1a017d4b1c83343d,FLAGGED_UNSUPPORTED,no frozen source,
0.954,decimal,ACTIVE,4173,Appendix subsection: Cross-Metric Turning Points and Temporal Concordance,tab:transition_regret,Surrogate & $R^2_P$ & 2.947 & 0.954 & 0.0008 & 0.083 & 0.490 \\,0ffe40c1f055e350dccdc94d1d4013f44c0f62fc7fceaadb1a017d4b1c83343d,FLAGGED_UNSUPPORTED,no frozen source,
0.0008,decimal,ACTIVE,4173,Appendix subsection: Cross-Metric Turning Points and Temporal Concordance,tab:transition_regret,Surrogate & $R^2_P$ & 2.947 & 0.954 & 0.0008 & 0.083 & 0.490 \\,0ffe40c1f055e350dccdc94d1d4013f44c0f62fc7fceaadb1a017d4b1c83343d,FLAGGED_UNSUPPORTED,no frozen source,
0.083,decimal,ACTIVE,4173,Appendix subsection: Cross-Metric Turning Points and Temporal Concordance,tab:transition_regret,Surrogate & $R^2_P$ & 2.947 & 0.954 & 0.0008 & 0.083 & 0.490 \\,0ffe40c1f055e350dccdc94d1d4013f44c0f62fc7fceaadb1a017d4b1c83343d,FLAGGED_UNSUPPORTED,no frozen source,
0.490,decimal,ACTIVE,4173,Appendix subsection: Cross-Metric Turning Points and Temporal Concordance,tab:transition_regret,Surrogate & $R^2_P$ & 2.947 & 0.954 & 0.0008 & 0.083 & 0.490 \\,0ffe40c1f055e350dccdc94d1d4013f44c0f62fc7fceaadb1a017d4b1c83343d,FLAGGED_UNSUPPORTED,no frozen source,
0.115,decimal,ACTIVE,4174,Appendix subsection: Cross-Metric Turning Points and Temporal Concordance,tab:transition_regret,Surrogate & $\operatorname{MAE}_P$ & 0.115 & 0.115 & \$0 & 0 & 0 \\,38bf929353f7ec23c212bc41b731ddc9d29d2c93eee510a2a1c8b31e71baeacf,FLAGGED_UNSUPPORTED,no frozen source,
0.115,decimal,ACTIVE,4174,Appendix subsection: Cross-Metric Turning Points and Temporal Concordance,tab:transition_regret,Surrogate & $\operatorname{MAE}_P$ & 0.115 & 0.115 & \$0 & 0 & 0 \\,38bf929353f7ec23c212bc41b731ddc9d29d2c93eee510a2a1c8b31e71baeacf,FLAGGED_UNSUPPORTED,no frozen source,
0,int_small,ACTIVE,4174,Appendix subsection: Cross-Metric Turning Points and Temporal Concordance,tab:transition_regret,Surrogate & $\operatorname{MAE}_P$ & 0.115 & 0.115 & \$0 & 0 & 0 \\,38bf929353f7ec23c212bc41b731ddc9d29d2c93eee510a2a1c8b31e71baeacf,FLAGGED_UNSUPPORTED,no frozen source,
0,int_small,ACTIVE,4174,Appendix subsection: Cross-Metric Turning Points and Temporal Concordance,tab:transition_regret,Surrogate & $\operatorname{MAE}_P$ & 0.115 & 0.115 & \$0 & 0 & 0 \\,38bf929353f7ec23c212bc41b731ddc9d29d2c93eee510a2a1c8b31e71baeacf,FLAGGED_UNSUPPORTED,no frozen source,
0,int_small,ACTIVE,4174,Appendix subsection: Cross-Metric Turning Points and Temporal Concordance,tab:transition_regret,Surrogate & $\operatorname{MAE}_P$ & 0.115 & 0.115 & \$0 & 0 & 0 \\,38bf929353f7ec23c212bc41b731ddc9d29d2c93eee510a2a1c8b31e71baeacf,FLAGGED_UNSUPPORTED,no frozen source,
1.456,decimal,ACTIVE,4175,Appendix subsection: Cross-Metric Turning Points and Temporal Concordance,tab:transition_regret,Surrogate & $\operatorname{MAPE}_P$ & 1.456 & 0.954 & 0.095 pp & 0.057 & 0.184 \\,3e66c544685889e3aae05d5ed6ea48f1b12dedf6013c418659a2ad09a02265f5,FLAGGED_UNSUPPORTED,no frozen source,
0.954,decimal,ACTIVE,4175,Appendix subsection: Cross-Metric Turning Points and Temporal Concordance,tab:transition_regret,Surrogate & $\operatorname{MAPE}_P$ & 1.456 & 0.954 & 0.095 pp & 0.057 & 0.184 \\,3e66c544685889e3aae05d5ed6ea48f1b12dedf6013c418659a2ad09a02265f5,FLAGGED_UNSUPPORTED,no frozen source,
0.095,decimal,ACTIVE,4175,Appendix subsection: Cross-Metric Turning Points and Temporal Concordance,tab:transition_regret,Surrogate & $\operatorname{MAPE}_P$ & 1.456 & 0.954 & 0.095 pp & 0.057 & 0.184 \\,3e66c544685889e3aae05d5ed6ea48f1b12dedf6013c418659a2ad09a02265f5,FLAGGED_UNSUPPORTED,no frozen source,
0.057,decimal,ACTIVE,4175,Appendix subsection: Cross-Metric Turning Points and Temporal Concordance,tab:transition_regret,Surrogate & $\operatorname{MAPE}_P$ & 1.456 & 0.954 & 0.095 pp & 0.057 & 0.184 \\,3e66c544685889e3aae05d5ed6ea48f1b12dedf6013c418659a2ad09a02265f5,FLAGGED_UNSUPPORTED,no frozen source,
0.184,decimal,ACTIVE,4175,Appendix subsection: Cross-Metric Turning Points and Temporal Concordance,tab:transition_regret,Surrogate & $\operatorname{MAPE}_P$ & 1.456 & 0.954 & 0.095 pp & 0.057 & 0.184 \\,3e66c544685889e3aae05d5ed6ea48f1b12dedf6013c418659a2ad09a02265f5,FLAGGED_UNSUPPORTED,no frozen source,
0.00193,decimal,ACTIVE,4176,Appendix subsection: Cross-Metric Turning Points and Temporal Concordance,tab:transition_regret,Surrogate & $\operatorname{RMSE}_{\log P}$ & 0.00193 & 0.00222 & 0.000157 & 0.003 & 0.061 \\,4e8019c091648beb0d4cccdcb8effb37bb1611ecc47422af1367e8ecb6848c4d,FLAGGED_UNSUPPORTED,no frozen source,
0.00222,decimal,ACTIVE,4176,Appendix subsection: Cross-Metric Turning Points and Temporal Concordance,tab:transition_regret,Surrogate & $\operatorname{RMSE}_{\log P}$ & 0.00193 & 0.00222 & 0.000157 & 0.003 & 0.061 \\,4e8019c091648beb0d4cccdcb8effb37bb1611ecc47422af1367e8ecb6848c4d,FLAGGED_UNSUPPORTED,no frozen source,
0.000157,decimal,ACTIVE,4176,Appendix subsection: Cross-Metric Turning Points and Temporal Concordance,tab:transition_regret,Surrogate & $\operatorname{RMSE}_{\log P}$ & 0.00193 & 0.00222 & 0.000157 & 0.003 & 0.061 \\,4e8019c091648beb0d4cccdcb8effb37bb1611ecc47422af1367e8ecb6848c4d,FLAGGED_UNSUPPORTED,no frozen source,
0.003,decimal,ACTIVE,4176,Appendix subsection: Cross-Metric Turning Points and Temporal Concordance,tab:transition_regret,Surrogate & $\operatorname{RMSE}_{\log P}$ & 0.00193 & 0.00222 & 0.000157 & 0.003 & 0.061 \\,4e8019c091648beb0d4cccdcb8effb37bb1611ecc47422af1367e8ecb6848c4d,FLAGGED_UNSUPPORTED,no frozen source,
0.061,decimal,ACTIVE,4176,Appendix subsection: Cross-Metric Turning Points and Temporal Concordance,tab:transition_regret,Surrogate & $\operatorname{RMSE}_{\log P}$ & 0.00193 & 0.00222 & 0.000157 & 0.003 & 0.061 \\,4e8019c091648beb0d4cccdcb8effb37bb1611ecc47422af1367e8ecb6848c4d,FLAGGED_UNSUPPORTED,no frozen source,
1.456,decimal,ACTIVE,4177,Appendix subsection: Cross-Metric Turning Points and Temporal Concordance,tab:transition_regret,Surrogate & COD & 1.456 & 0.829 & 0.09823 & 0.053 & 0.184 \\,a4cbee47721839682c9f35539e541d06b09a01653a158672566579c35123046e,FLAGGED_UNSUPPORTED,no frozen source,
0.829,decimal,ACTIVE,4177,Appendix subsection: Cross-Metric Turning Points and Temporal Concordance,tab:transition_regret,Surrogate & COD & 1.456 & 0.829 & 0.09823 & 0.053 & 0.184 \\,a4cbee47721839682c9f35539e541d06b09a01653a158672566579c35123046e,FLAGGED_UNSUPPORTED,no frozen source,
0.09823,decimal,ACTIVE,4177,Appendix subsection: Cross-Metric Turning Points and Temporal Concordance,tab:transition_regret,Surrogate & COD & 1.456 & 0.829 & 0.09823 & 0.053 & 0.184 \\,a4cbee47721839682c9f35539e541d06b09a01653a158672566579c35123046e,FLAGGED_UNSUPPORTED,no frozen source,
0.053,decimal,ACTIVE,4177,Appendix subsection: Cross-Metric Turning Points and Temporal Concordance,tab:transition_regret,Surrogate & COD & 1.456 & 0.829 & 0.09823 & 0.053 & 0.184 \\,a4cbee47721839682c9f35539e541d06b09a01653a158672566579c35123046e,FLAGGED_UNSUPPORTED,no frozen source,
0.184,decimal,ACTIVE,4177,Appendix subsection: Cross-Metric Turning Points and Temporal Concordance,tab:transition_regret,Surrogate & COD & 1.456 & 0.829 & 0.09823 & 0.053 & 0.184 \\,a4cbee47721839682c9f35539e541d06b09a01653a158672566579c35123046e,FLAGGED_UNSUPPORTED,no frozen source,
2025,year_like,SUPPRESSED,4210,"Appendix subsection: Prediction, Valuation-Level, and Horizontal-Uniformity Paths",tab:transition_regret,"\caption{\oldtext{Predictive-metric paths and valuation-level/uniformity paths along the Direct and Surrogate grids, wit",0bcc71847f261f6fc42112eadf24e5ab089511afc72af7f7776363a7ddf8c50f,NOT_RENDERED,SUPPRESSED,
2025,year_like,ACTIVE,4210,"Appendix subsection: Prediction, Valuation-Level, and Horizontal-Uniformity Paths",tab:transition_regret,"\caption{\oldtext{Predictive-metric paths and valuation-level/uniformity paths along the Direct and Surrogate grids, wit",0bcc71847f261f6fc42112eadf24e5ab089511afc72af7f7776363a7ddf8c50f,ALLOWLISTED,DESIGN_CONSTANT,
10,int_small,ACTIVE,4221,Appendix subsection: Exact Rolling-Origin Fold Structure,fig:vertical_equity_metric_paths,\newtext{Table~\ref{tab:fold_structure} records the exact cumulative windows and sample sizes underlying the seven-fold ,1bd78f72d1784d10d2b05f0c1d18f6b31961373f5f23a0e35a192ff25cfd9378,ALLOWLISTED,DESIGN_CONSTANT,
10,int_small,ACTIVE,4226,Appendix subsection: Exact Rolling-Origin Fold Structure,fig:vertical_equity_metric_paths,"\caption{Rolling-origin validation structure for the final CCAO development sample. In every fold, the newest 10\% of ob",9ca22f650e9548f65d08175c194c027dbc82ae669631cdeb2ac04a71343f878f,ALLOWLISTED,DESIGN_CONSTANT,
1,int_small,ACTIVE,4232,Appendix subsection: Exact Rolling-Origin Fold Structure,tab:fold_structure,"1 & 2016-01-01--2017-04-01 & 46,888 & 5,209 \\",8e6531d54c5630d730bc18f8c56502eed4b5ea5d2256942fc8285981590ea5b7,ALLOWLISTED,MATH_CONSTANT,
2016-01-01,date,ACTIVE,4232,Appendix subsection: Exact Rolling-Origin Fold Structure,tab:fold_structure,"1 & 2016-01-01--2017-04-01 & 46,888 & 5,209 \\",8e6531d54c5630d730bc18f8c56502eed4b5ea5d2256942fc8285981590ea5b7,ALLOWLISTED,DESIGN_CONSTANT,
2017-04-01,date,ACTIVE,4232,Appendix subsection: Exact Rolling-Origin Fold Structure,tab:fold_structure,"1 & 2016-01-01--2017-04-01 & 46,888 & 5,209 \\",8e6531d54c5630d730bc18f8c56502eed4b5ea5d2256942fc8285981590ea5b7,ALLOWLISTED,DESIGN_CONSTANT,
"46,888",int_ge_1000,ACTIVE,4232,Appendix subsection: Exact Rolling-Origin Fold Structure,tab:fold_structure,"1 & 2016-01-01--2017-04-01 & 46,888 & 5,209 \\",8e6531d54c5630d730bc18f8c56502eed4b5ea5d2256942fc8285981590ea5b7,SOURCED,,N-fold-ntrain-1
"5,209",int_ge_1000,ACTIVE,4232,Appendix subsection: Exact Rolling-Origin Fold Structure,tab:fold_structure,"1 & 2016-01-01--2017-04-01 & 46,888 & 5,209 \\",8e6531d54c5630d730bc18f8c56502eed4b5ea5d2256942fc8285981590ea5b7,SOURCED,,N-fold-nval-1
2,int_small,ACTIVE,4233,Appendix subsection: Exact Rolling-Origin Fold Structure,tab:fold_structure,"2 & 2016-01-01--2018-07-01 & 100,776 & 11,197 \\",9a440e778e9293b2cf4e7aa960d6eadc05c5119a6e737db62038d11cb3ac41db,ALLOWLISTED,MATH_CONSTANT,
2016-01-01,date,ACTIVE,4233,Appendix subsection: Exact Rolling-Origin Fold Structure,tab:fold_structure,"2 & 2016-01-01--2018-07-01 & 100,776 & 11,197 \\",9a440e778e9293b2cf4e7aa960d6eadc05c5119a6e737db62038d11cb3ac41db,ALLOWLISTED,DESIGN_CONSTANT,
2018-07-01,date,ACTIVE,4233,Appendix subsection: Exact Rolling-Origin Fold Structure,tab:fold_structure,"2 & 2016-01-01--2018-07-01 & 100,776 & 11,197 \\",9a440e778e9293b2cf4e7aa960d6eadc05c5119a6e737db62038d11cb3ac41db,ALLOWLISTED,DESIGN_CONSTANT,
"100,776",int_ge_1000,ACTIVE,4233,Appendix subsection: Exact Rolling-Origin Fold Structure,tab:fold_structure,"2 & 2016-01-01--2018-07-01 & 100,776 & 11,197 \\",9a440e778e9293b2cf4e7aa960d6eadc05c5119a6e737db62038d11cb3ac41db,SOURCED,,N-fold-ntrain-2
"11,197",int_ge_1000,ACTIVE,4233,Appendix subsection: Exact Rolling-Origin Fold Structure,tab:fold_structure,"2 & 2016-01-01--2018-07-01 & 100,776 & 11,197 \\",9a440e778e9293b2cf4e7aa960d6eadc05c5119a6e737db62038d11cb3ac41db,SOURCED,,N-fold-nval-2
3,int_small,ACTIVE,4234,Appendix subsection: Exact Rolling-Origin Fold Structure,tab:fold_structure,"3 & 2016-01-01--2019-10-01 & 151,187 & 16,798 \\",86fd5154e9c3c7ea61b396b152508c8cdb875d6a071dd8cdd5bda0796876cb40,ALLOWLISTED,DESIGN_CONSTANT,
2016-01-01,date,ACTIVE,4234,Appendix subsection: Exact Rolling-Origin Fold Structure,tab:fold_structure,"3 & 2016-01-01--2019-10-01 & 151,187 & 16,798 \\",86fd5154e9c3c7ea61b396b152508c8cdb875d6a071dd8cdd5bda0796876cb40,ALLOWLISTED,DESIGN_CONSTANT,
2019-10-01,date,ACTIVE,4234,Appendix subsection: Exact Rolling-Origin Fold Structure,tab:fold_structure,"3 & 2016-01-01--2019-10-01 & 151,187 & 16,798 \\",86fd5154e9c3c7ea61b396b152508c8cdb875d6a071dd8cdd5bda0796876cb40,ALLOWLISTED,DESIGN_CONSTANT,
"151,187",int_ge_1000,ACTIVE,4234,Appendix subsection: Exact Rolling-Origin Fold Structure,tab:fold_structure,"3 & 2016-01-01--2019-10-01 & 151,187 & 16,798 \\",86fd5154e9c3c7ea61b396b152508c8cdb875d6a071dd8cdd5bda0796876cb40,SOURCED,,N-fold-ntrain-3
"16,798",int_ge_1000,ACTIVE,4234,Appendix subsection: Exact Rolling-Origin Fold Structure,tab:fold_structure,"3 & 2016-01-01--2019-10-01 & 151,187 & 16,798 \\",86fd5154e9c3c7ea61b396b152508c8cdb875d6a071dd8cdd5bda0796876cb40,SOURCED,,N-fold-nval-3
4,int_small,ACTIVE,4235,Appendix subsection: Exact Rolling-Origin Fold Structure,tab:fold_structure,"4 & 2016-01-01--2021-01-01 & 200,908 & 22,323 \\",9945dde38df9f8d9f7357d9dc0545c05ca1793f52090bdb69e65c9bb196b433c,ALLOWLISTED,DESIGN_CONSTANT,
2016-01-01,date,ACTIVE,4235,Appendix subsection: Exact Rolling-Origin Fold Structure,tab:fold_structure,"4 & 2016-01-01--2021-01-01 & 200,908 & 22,323 \\",9945dde38df9f8d9f7357d9dc0545c05ca1793f52090bdb69e65c9bb196b433c,ALLOWLISTED,DESIGN_CONSTANT,
2021-01-01,date,ACTIVE,4235,Appendix subsection: Exact Rolling-Origin Fold Structure,tab:fold_structure,"4 & 2016-01-01--2021-01-01 & 200,908 & 22,323 \\",9945dde38df9f8d9f7357d9dc0545c05ca1793f52090bdb69e65c9bb196b433c,ALLOWLISTED,DESIGN_CONSTANT,
"200,908",int_ge_1000,ACTIVE,4235,Appendix subsection: Exact Rolling-Origin Fold Structure,tab:fold_structure,"4 & 2016-01-01--2021-01-01 & 200,908 & 22,323 \\",9945dde38df9f8d9f7357d9dc0545c05ca1793f52090bdb69e65c9bb196b433c,SOURCED,,N-fold-ntrain-4
"22,323",int_ge_1000,ACTIVE,4235,Appendix subsection: Exact Rolling-Origin Fold Structure,tab:fold_structure,"4 & 2016-01-01--2021-01-01 & 200,908 & 22,323 \\",9945dde38df9f8d9f7357d9dc0545c05ca1793f52090bdb69e65c9bb196b433c,SOURCED,,N-fold-nval-4
5,int_small,ACTIVE,4236,Appendix subsection: Exact Rolling-Origin Fold Structure,tab:fold_structure,"5 & 2016-01-01--2022-04-01 & 252,486 & 28,053 \\",95f150ab160923052424fdc1592f4e779d93a6e31796b0aaa026ff2283beb9df,ALLOWLISTED,IAAO_STANDARD_CONSTANT,
2016-01-01,date,ACTIVE,4236,Appendix subsection: Exact Rolling-Origin Fold Structure,tab:fold_structure,"5 & 2016-01-01--2022-04-01 & 252,486 & 28,053 \\",95f150ab160923052424fdc1592f4e779d93a6e31796b0aaa026ff2283beb9df,ALLOWLISTED,DESIGN_CONSTANT,
2022-04-01,date,ACTIVE,4236,Appendix subsection: Exact Rolling-Origin Fold Structure,tab:fold_structure,"5 & 2016-01-01--2022-04-01 & 252,486 & 28,053 \\",95f150ab160923052424fdc1592f4e779d93a6e31796b0aaa026ff2283beb9df,ALLOWLISTED,DESIGN_CONSTANT,
"252,486",int_ge_1000,ACTIVE,4236,Appendix subsection: Exact Rolling-Origin Fold Structure,tab:fold_structure,"5 & 2016-01-01--2022-04-01 & 252,486 & 28,053 \\",95f150ab160923052424fdc1592f4e779d93a6e31796b0aaa026ff2283beb9df,SOURCED,,N-fold-ntrain-5
"28,053",int_ge_1000,ACTIVE,4236,Appendix subsection: Exact Rolling-Origin Fold Structure,tab:fold_structure,"5 & 2016-01-01--2022-04-01 & 252,486 & 28,053 \\",95f150ab160923052424fdc1592f4e779d93a6e31796b0aaa026ff2283beb9df,SOURCED,,N-fold-nval-5
6,int_small,ACTIVE,4237,Appendix subsection: Exact Rolling-Origin Fold Structure,tab:fold_structure,"6 & 2016-01-01--2023-07-01 & 298,022 & 33,113 \\",b73e3f10717edf675a48bef1866a24b5fae396a69c678db8f8cdfb4a541341a3,ALLOWLISTED,DESIGN_CONSTANT,
2016-01-01,date,ACTIVE,4237,Appendix subsection: Exact Rolling-Origin Fold Structure,tab:fold_structure,"6 & 2016-01-01--2023-07-01 & 298,022 & 33,113 \\",b73e3f10717edf675a48bef1866a24b5fae396a69c678db8f8cdfb4a541341a3,ALLOWLISTED,DESIGN_CONSTANT,
2023-07-01,date,ACTIVE,4237,Appendix subsection: Exact Rolling-Origin Fold Structure,tab:fold_structure,"6 & 2016-01-01--2023-07-01 & 298,022 & 33,113 \\",b73e3f10717edf675a48bef1866a24b5fae396a69c678db8f8cdfb4a541341a3,ALLOWLISTED,DESIGN_CONSTANT,
"298,022",int_ge_1000,ACTIVE,4237,Appendix subsection: Exact Rolling-Origin Fold Structure,tab:fold_structure,"6 & 2016-01-01--2023-07-01 & 298,022 & 33,113 \\",b73e3f10717edf675a48bef1866a24b5fae396a69c678db8f8cdfb4a541341a3,SOURCED,,N-fold-ntrain-6
"33,113",int_ge_1000,ACTIVE,4237,Appendix subsection: Exact Rolling-Origin Fold Structure,tab:fold_structure,"6 & 2016-01-01--2023-07-01 & 298,022 & 33,113 \\",b73e3f10717edf675a48bef1866a24b5fae396a69c678db8f8cdfb4a541341a3,SOURCED,,N-fold-nval-6
7,int_small,ACTIVE,4238,Appendix subsection: Exact Rolling-Origin Fold Structure,tab:fold_structure,"7 & 2016-01-01--2023-11-09 & 310,147 & 34,460 \\",8c84a2a07f041982138c71f8f81eb85fb3c5b9a83ae7f9502aec1cb2ce6b24c7,ALLOWLISTED,DESIGN_CONSTANT,
2016-01-01,date,ACTIVE,4238,Appendix subsection: Exact Rolling-Origin Fold Structure,tab:fold_structure,"7 & 2016-01-01--2023-11-09 & 310,147 & 34,460 \\",8c84a2a07f041982138c71f8f81eb85fb3c5b9a83ae7f9502aec1cb2ce6b24c7,ALLOWLISTED,DESIGN_CONSTANT,
2023-11-09,date,ACTIVE,4238,Appendix subsection: Exact Rolling-Origin Fold Structure,tab:fold_structure,"7 & 2016-01-01--2023-11-09 & 310,147 & 34,460 \\",8c84a2a07f041982138c71f8f81eb85fb3c5b9a83ae7f9502aec1cb2ce6b24c7,ALLOWLISTED,DESIGN_CONSTANT,
"310,147",int_ge_1000,ACTIVE,4238,Appendix subsection: Exact Rolling-Origin Fold Structure,tab:fold_structure,"7 & 2016-01-01--2023-11-09 & 310,147 & 34,460 \\",8c84a2a07f041982138c71f8f81eb85fb3c5b9a83ae7f9502aec1cb2ce6b24c7,SOURCED,,N-fold-ntrain-7
"34,460",int_ge_1000,ACTIVE,4238,Appendix subsection: Exact Rolling-Origin Fold Structure,tab:fold_structure,"7 & 2016-01-01--2023-11-09 & 310,147 & 34,460 \\",8c84a2a07f041982138c71f8f81eb85fb3c5b9a83ae7f9502aec1cb2ce6b24c7,SOURCED,,N-fold-nval-7
1,int_small,SUPPRESSED,4274,Appendix subsection: Chronological Fold Stability,fig:cv_mechanism_metric_paths,\caption{\oldtext{Ratio-shape profiles restricted to the prespecified display anchors that lie inside each family's froz,ddcee041d1daf6cdbddfc7ffe6bf4cdf830aee9fc94076cf9b4341edb6a423fa,NOT_RENDERED,SUPPRESSED,
0.9,decimal,SUPPRESSED,4274,Appendix subsection: Chronological Fold Stability,fig:cv_mechanism_metric_paths,\caption{\oldtext{Ratio-shape profiles restricted to the prespecified display anchors that lie inside each family's froz,ddcee041d1daf6cdbddfc7ffe6bf4cdf830aee9fc94076cf9b4341edb6a423fa,NOT_RENDERED,SUPPRESSED,
1.1,decimal,SUPPRESSED,4274,Appendix subsection: Chronological Fold Stability,fig:cv_mechanism_metric_paths,\caption{\oldtext{Ratio-shape profiles restricted to the prespecified display anchors that lie inside each family's froz,ddcee041d1daf6cdbddfc7ffe6bf4cdf830aee9fc94076cf9b4341edb6a423fa,NOT_RENDERED,SUPPRESSED,
1,int_small,ACTIVE,4274,Appendix subsection: Chronological Fold Stability,fig:cv_mechanism_metric_paths,\caption{\oldtext{Ratio-shape profiles restricted to the prespecified display anchors that lie inside each family's froz,ddcee041d1daf6cdbddfc7ffe6bf4cdf830aee9fc94076cf9b4341edb6a423fa,ALLOWLISTED,MATH_CONSTANT,
0.9,decimal,ACTIVE,4274,Appendix subsection: Chronological Fold Stability,fig:cv_mechanism_metric_paths,\caption{\oldtext{Ratio-shape profiles restricted to the prespecified display anchors that lie inside each family's froz,ddcee041d1daf6cdbddfc7ffe6bf4cdf830aee9fc94076cf9b4341edb6a423fa,ALLOWLISTED,TYPESETTING,
1.1,decimal,ACTIVE,4274,Appendix subsection: Chronological Fold Stability,fig:cv_mechanism_metric_paths,\caption{\oldtext{Ratio-shape profiles restricted to the prespecified display anchors that lie inside each family's froz,ddcee041d1daf6cdbddfc7ffe6bf4cdf830aee9fc94076cf9b4341edb6a423fa,ALLOWLISTED,TYPESETTING,
2025,year_like,SUPPRESSED,4284,Appendix subsection: Chronological Fold Stability,fig:tradeoff_equity_vs_accuracy_heldout,\caption{\oldtext{2025 assessor-facing diagnostics (horizontal) versus predictive metrics (vertical) along the Direct an,3325240992210068f9b2f67670febab15e1c6f89de940b08d5b4a7f9444ecd1b,NOT_RENDERED,SUPPRESSED,
2025,year_like,ACTIVE,4284,Appendix subsection: Chronological Fold Stability,fig:tradeoff_equity_vs_accuracy_heldout,\caption{\oldtext{2025 assessor-facing diagnostics (horizontal) versus predictive metrics (vertical) along the Direct an,3325240992210068f9b2f67670febab15e1c6f89de940b08d5b4a7f9444ecd1b,ALLOWLISTED,DESIGN_CONSTANT,
2025,year_like,SUPPRESSED,4294,Appendix subsection: Chronological Fold Stability,fig:tradeoff_mechanism_vs_accuracy_heldout,\caption{\oldtext{2025 mechanism/residual diagnostics (horizontal) versus predictive metrics (vertical).}\latesttext{202,c23a02b43db96370e755a817b99c9c2d11197e557dbdf714e972a2ba12515f41,NOT_RENDERED,SUPPRESSED,
2025,year_like,ACTIVE,4294,Appendix subsection: Chronological Fold Stability,fig:tradeoff_mechanism_vs_accuracy_heldout,\caption{\oldtext{2025 mechanism/residual diagnostics (horizontal) versus predictive metrics (vertical).}\latesttext{202,c23a02b43db96370e755a817b99c9c2d11197e557dbdf714e972a2ba12515f41,ALLOWLISTED,DESIGN_CONSTANT,
2025,year_like,ACTIVE,4303,Appendix subsection: VEI Percentile-Group Profiles,fig:tradeoff_mechanism_vs_accuracy_2025,"\caption{VEI percentile-group median valuation ratios for Linear and ordinary LightGBM on the held-out and 2025 samples,",827a91883cb473da4868073db1ab50de01cd1450fae9c2e9099a355ec96281af,ALLOWLISTED,DESIGN_CONSTANT,
90,int_small,ACTIVE,4303,Appendix subsection: VEI Percentile-Group Profiles,fig:tradeoff_mechanism_vs_accuracy_2025,"\caption{VEI percentile-group median valuation ratios for Linear and ordinary LightGBM on the held-out and 2025 samples,",827a91883cb473da4868073db1ab50de01cd1450fae9c2e9099a355ec96281af,ALLOWLISTED,DESIGN_CONSTANT,
0,int_small,COMMENTED,4310,Appendix section: CCAO Reproducibility Requirements,app:ccao_results,"% \oldtext{A replication package for the CCAO application should contain the complete penalty grid; fold-level, held-out",daa197c523debd656a03045f2189dae7cc9c76ad98de2fcab9c372fb3faa1ca1,NOT_RENDERED,COMMENTED,
2025,year_like,ACTIVE,4318,Appendix section: Status of the External Benchmark,app:attom,\latesttext{The active paper does not report the superseded six-county ATTOM analysis. The current repository contains a,3f75116206301c19a493f7dfe13f9be10a3327cc13703dc528375dedcd7142b6,ALLOWLISTED,DESIGN_CONSTANT,
20,int_small,IFFALSE,4325,Appendix section: Exploratory ATTOM Benchmark,app:attom,% \oldtext{The exploratory ATTOM benchmark uses single-family recorder transfers that pass the benchmark price and data-,f2aa0e7f914912e0d18178cad7cc32b23aa2c9df87b6bf11b9ee3a64f8fdf4ab,NOT_RENDERED,IFFALSE,
385,int_mid,IFFALSE,4327,Appendix section: Exploratory ATTOM Benchmark,app:attom,\newtext{The exploratory ATTOM benchmark uses Recorder \texttt{TRANSFERAMOUNT} as the sale-price target for property-use,cff4b537f278dd6fd17ffa2d4306bf98c661f2ae8b5960b4ca6d65da95f628ab,NOT_RENDERED,IFFALSE,
"50,000",int_ge_1000,IFFALSE,4327,Appendix section: Exploratory ATTOM Benchmark,app:attom,\newtext{The exploratory ATTOM benchmark uses Recorder \texttt{TRANSFERAMOUNT} as the sale-price target for property-use,cff4b537f278dd6fd17ffa2d4306bf98c661f2ae8b5960b4ca6d65da95f628ab,NOT_RENDERED,IFFALSE,
20,int_small,IFFALSE,4327,Appendix section: Exploratory ATTOM Benchmark,app:attom,\newtext{The exploratory ATTOM benchmark uses Recorder \texttt{TRANSFERAMOUNT} as the sale-price target for property-use,cff4b537f278dd6fd17ffa2d4306bf98c661f2ae8b5960b4ca6d65da95f628ab,NOT_RENDERED,IFFALSE,
10,int_small,IFFALSE,4327,Appendix section: Exploratory ATTOM Benchmark,app:attom,\newtext{The exploratory ATTOM benchmark uses Recorder \texttt{TRANSFERAMOUNT} as the sale-price target for property-use,cff4b537f278dd6fd17ffa2d4306bf98c661f2ae8b5960b4ca6d65da95f628ab,NOT_RENDERED,IFFALSE,
"170,118",int_ge_1000,IFFALSE,4342,Appendix section: Exploratory ATTOM Benchmark,tab:attom_design_appendix,"Cook, IL & 170,118 & 136,094 & 34,024 & 2024-07-09--2025-12-29 & \texttt{status\_quo\_augmented} & \texttt{cv\_top2\_r2}",18b8862a586a554faa36c104e8e589a9662b31bccf7763319d95d2e029334d29,NOT_RENDERED,IFFALSE,
"136,094",int_ge_1000,IFFALSE,4342,Appendix section: Exploratory ATTOM Benchmark,tab:attom_design_appendix,"Cook, IL & 170,118 & 136,094 & 34,024 & 2024-07-09--2025-12-29 & \texttt{status\_quo\_augmented} & \texttt{cv\_top2\_r2}",18b8862a586a554faa36c104e8e589a9662b31bccf7763319d95d2e029334d29,NOT_RENDERED,IFFALSE,
"34,024",int_ge_1000,IFFALSE,4342,Appendix section: Exploratory ATTOM Benchmark,tab:attom_design_appendix,"Cook, IL & 170,118 & 136,094 & 34,024 & 2024-07-09--2025-12-29 & \texttt{status\_quo\_augmented} & \texttt{cv\_top2\_r2}",18b8862a586a554faa36c104e8e589a9662b31bccf7763319d95d2e029334d29,NOT_RENDERED,IFFALSE,
2024-07-09,date,IFFALSE,4342,Appendix section: Exploratory ATTOM Benchmark,tab:attom_design_appendix,"Cook, IL & 170,118 & 136,094 & 34,024 & 2024-07-09--2025-12-29 & \texttt{status\_quo\_augmented} & \texttt{cv\_top2\_r2}",18b8862a586a554faa36c104e8e589a9662b31bccf7763319d95d2e029334d29,NOT_RENDERED,IFFALSE,
2025-12-29,date,IFFALSE,4342,Appendix section: Exploratory ATTOM Benchmark,tab:attom_design_appendix,"Cook, IL & 170,118 & 136,094 & 34,024 & 2024-07-09--2025-12-29 & \texttt{status\_quo\_augmented} & \texttt{cv\_top2\_r2}",18b8862a586a554faa36c104e8e589a9662b31bccf7763319d95d2e029334d29,NOT_RENDERED,IFFALSE,
"72,841",int_ge_1000,IFFALSE,4343,Appendix section: Exploratory ATTOM Benchmark,tab:attom_design_appendix,"Allegheny, PA & 72,841 & 58,272 & 14,569 & 2024-09-13--2025-12-30 & \texttt{status\_quo\_augmented} & \texttt{cv\_top1\_",3344bdd1eba0c662ed10c56b53cb0f183297b9727187cf6ae6088d8db53f4709,NOT_RENDERED,IFFALSE,
"58,272",int_ge_1000,IFFALSE,4343,Appendix section: Exploratory ATTOM Benchmark,tab:attom_design_appendix,"Allegheny, PA & 72,841 & 58,272 & 14,569 & 2024-09-13--2025-12-30 & \texttt{status\_quo\_augmented} & \texttt{cv\_top1\_",3344bdd1eba0c662ed10c56b53cb0f183297b9727187cf6ae6088d8db53f4709,NOT_RENDERED,IFFALSE,
"14,569",int_ge_1000,IFFALSE,4343,Appendix section: Exploratory ATTOM Benchmark,tab:attom_design_appendix,"Allegheny, PA & 72,841 & 58,272 & 14,569 & 2024-09-13--2025-12-30 & \texttt{status\_quo\_augmented} & \texttt{cv\_top1\_",3344bdd1eba0c662ed10c56b53cb0f183297b9727187cf6ae6088d8db53f4709,NOT_RENDERED,IFFALSE,
2024-09-13,date,IFFALSE,4343,Appendix section: Exploratory ATTOM Benchmark,tab:attom_design_appendix,"Allegheny, PA & 72,841 & 58,272 & 14,569 & 2024-09-13--2025-12-30 & \texttt{status\_quo\_augmented} & \texttt{cv\_top1\_",3344bdd1eba0c662ed10c56b53cb0f183297b9727187cf6ae6088d8db53f4709,NOT_RENDERED,IFFALSE,
2025-12-30,date,IFFALSE,4343,Appendix section: Exploratory ATTOM Benchmark,tab:attom_design_appendix,"Allegheny, PA & 72,841 & 58,272 & 14,569 & 2024-09-13--2025-12-30 & \texttt{status\_quo\_augmented} & \texttt{cv\_top1\_",3344bdd1eba0c662ed10c56b53cb0f183297b9727187cf6ae6088d8db53f4709,NOT_RENDERED,IFFALSE,
"581,525",int_ge_1000,IFFALSE,4344,Appendix section: Exploratory ATTOM Benchmark,tab:attom_design_appendix,"Maricopa, AZ & 581,525 & 465,220 & 116,305 & 2023-05-09--2025-12-31 & \texttt{attom\_market\_history} & \texttt{cv\_top2",4ab6fc483da1438ba87b1490d38cbfc97c26a63f381de2d7eecbce9929bf0a04,NOT_RENDERED,IFFALSE,
"465,220",int_ge_1000,IFFALSE,4344,Appendix section: Exploratory ATTOM Benchmark,tab:attom_design_appendix,"Maricopa, AZ & 581,525 & 465,220 & 116,305 & 2023-05-09--2025-12-31 & \texttt{attom\_market\_history} & \texttt{cv\_top2",4ab6fc483da1438ba87b1490d38cbfc97c26a63f381de2d7eecbce9929bf0a04,NOT_RENDERED,IFFALSE,
"116,305",int_ge_1000,IFFALSE,4344,Appendix section: Exploratory ATTOM Benchmark,tab:attom_design_appendix,"Maricopa, AZ & 581,525 & 465,220 & 116,305 & 2023-05-09--2025-12-31 & \texttt{attom\_market\_history} & \texttt{cv\_top2",4ab6fc483da1438ba87b1490d38cbfc97c26a63f381de2d7eecbce9929bf0a04,NOT_RENDERED,IFFALSE,
2023-05-09,date,IFFALSE,4344,Appendix section: Exploratory ATTOM Benchmark,tab:attom_design_appendix,"Maricopa, AZ & 581,525 & 465,220 & 116,305 & 2023-05-09--2025-12-31 & \texttt{attom\_market\_history} & \texttt{cv\_top2",4ab6fc483da1438ba87b1490d38cbfc97c26a63f381de2d7eecbce9929bf0a04,NOT_RENDERED,IFFALSE,
2025-12-31,date,IFFALSE,4344,Appendix section: Exploratory ATTOM Benchmark,tab:attom_design_appendix,"Maricopa, AZ & 581,525 & 465,220 & 116,305 & 2023-05-09--2025-12-31 & \texttt{attom\_market\_history} & \texttt{cv\_top2",4ab6fc483da1438ba87b1490d38cbfc97c26a63f381de2d7eecbce9929bf0a04,NOT_RENDERED,IFFALSE,
"186,017",int_ge_1000,IFFALSE,4345,Appendix section: Exploratory ATTOM Benchmark,tab:attom_design_appendix,"King, WA & 186,017 & 148,813 & 37,204 & 2023-08-23--2025-12-31 & \texttt{attom\_market\_history} & \texttt{cv\_top2\_r2}",ea25a782cc67c2994ff3d50207bec150ce89b516dd2bd51594671416fb0f80a1,NOT_RENDERED,IFFALSE,
"148,813",int_ge_1000,IFFALSE,4345,Appendix section: Exploratory ATTOM Benchmark,tab:attom_design_appendix,"King, WA & 186,017 & 148,813 & 37,204 & 2023-08-23--2025-12-31 & \texttt{attom\_market\_history} & \texttt{cv\_top2\_r2}",ea25a782cc67c2994ff3d50207bec150ce89b516dd2bd51594671416fb0f80a1,NOT_RENDERED,IFFALSE,
"37,204",int_ge_1000,IFFALSE,4345,Appendix section: Exploratory ATTOM Benchmark,tab:attom_design_appendix,"King, WA & 186,017 & 148,813 & 37,204 & 2023-08-23--2025-12-31 & \texttt{attom\_market\_history} & \texttt{cv\_top2\_r2}",ea25a782cc67c2994ff3d50207bec150ce89b516dd2bd51594671416fb0f80a1,NOT_RENDERED,IFFALSE,
2023-08-23,date,IFFALSE,4345,Appendix section: Exploratory ATTOM Benchmark,tab:attom_design_appendix,"King, WA & 186,017 & 148,813 & 37,204 & 2023-08-23--2025-12-31 & \texttt{attom\_market\_history} & \texttt{cv\_top2\_r2}",ea25a782cc67c2994ff3d50207bec150ce89b516dd2bd51594671416fb0f80a1,NOT_RENDERED,IFFALSE,
2025-12-31,date,IFFALSE,4345,Appendix section: Exploratory ATTOM Benchmark,tab:attom_design_appendix,"King, WA & 186,017 & 148,813 & 37,204 & 2023-08-23--2025-12-31 & \texttt{attom\_market\_history} & \texttt{cv\_top2\_r2}",ea25a782cc67c2994ff3d50207bec150ce89b516dd2bd51594671416fb0f80a1,NOT_RENDERED,IFFALSE,
"137,343",int_ge_1000,IFFALSE,4346,Appendix section: Exploratory ATTOM Benchmark,tab:attom_design_appendix,"Miami-Dade, FL & 137,343 & 109,874 & 27,469 & 2023-03-17--2025-12-30 & \texttt{status\_quo\_augmented} & \texttt{cv\_top",2f00c647c8405f8e6160ff8dbe22af2d781f2018f57a1e76cb8658ce8c2c9b4a,NOT_RENDERED,IFFALSE,
"109,874",int_ge_1000,IFFALSE,4346,Appendix section: Exploratory ATTOM Benchmark,tab:attom_design_appendix,"Miami-Dade, FL & 137,343 & 109,874 & 27,469 & 2023-03-17--2025-12-30 & \texttt{status\_quo\_augmented} & \texttt{cv\_top",2f00c647c8405f8e6160ff8dbe22af2d781f2018f57a1e76cb8658ce8c2c9b4a,NOT_RENDERED,IFFALSE,
"27,469",int_ge_1000,IFFALSE,4346,Appendix section: Exploratory ATTOM Benchmark,tab:attom_design_appendix,"Miami-Dade, FL & 137,343 & 109,874 & 27,469 & 2023-03-17--2025-12-30 & \texttt{status\_quo\_augmented} & \texttt{cv\_top",2f00c647c8405f8e6160ff8dbe22af2d781f2018f57a1e76cb8658ce8c2c9b4a,NOT_RENDERED,IFFALSE,
2023-03-17,date,IFFALSE,4346,Appendix section: Exploratory ATTOM Benchmark,tab:attom_design_appendix,"Miami-Dade, FL & 137,343 & 109,874 & 27,469 & 2023-03-17--2025-12-30 & \texttt{status\_quo\_augmented} & \texttt{cv\_top",2f00c647c8405f8e6160ff8dbe22af2d781f2018f57a1e76cb8658ce8c2c9b4a,NOT_RENDERED,IFFALSE,
2025-12-30,date,IFFALSE,4346,Appendix section: Exploratory ATTOM Benchmark,tab:attom_design_appendix,"Miami-Dade, FL & 137,343 & 109,874 & 27,469 & 2023-03-17--2025-12-30 & \texttt{status\_quo\_augmented} & \texttt{cv\_top",2f00c647c8405f8e6160ff8dbe22af2d781f2018f57a1e76cb8658ce8c2c9b4a,NOT_RENDERED,IFFALSE,
"83,350",int_ge_1000,IFFALSE,4347,Appendix section: Exploratory ATTOM Benchmark,tab:attom_design_appendix,"Middlesex, MA & 83,350 & 66,680 & 16,670 & 2024-04-08--2025-12-31 & \texttt{status\_quo\_augmented} & \texttt{cv\_top1\_",b3a93c98424d7557d47aa8b812d9b9cb8b79b12afda760d73dcce729a8eafd97,NOT_RENDERED,IFFALSE,
"66,680",int_ge_1000,IFFALSE,4347,Appendix section: Exploratory ATTOM Benchmark,tab:attom_design_appendix,"Middlesex, MA & 83,350 & 66,680 & 16,670 & 2024-04-08--2025-12-31 & \texttt{status\_quo\_augmented} & \texttt{cv\_top1\_",b3a93c98424d7557d47aa8b812d9b9cb8b79b12afda760d73dcce729a8eafd97,NOT_RENDERED,IFFALSE,
"16,670",int_ge_1000,IFFALSE,4347,Appendix section: Exploratory ATTOM Benchmark,tab:attom_design_appendix,"Middlesex, MA & 83,350 & 66,680 & 16,670 & 2024-04-08--2025-12-31 & \texttt{status\_quo\_augmented} & \texttt{cv\_top1\_",b3a93c98424d7557d47aa8b812d9b9cb8b79b12afda760d73dcce729a8eafd97,NOT_RENDERED,IFFALSE,
2024-04-08,date,IFFALSE,4347,Appendix section: Exploratory ATTOM Benchmark,tab:attom_design_appendix,"Middlesex, MA & 83,350 & 66,680 & 16,670 & 2024-04-08--2025-12-31 & \texttt{status\_quo\_augmented} & \texttt{cv\_top1\_",b3a93c98424d7557d47aa8b812d9b9cb8b79b12afda760d73dcce729a8eafd97,NOT_RENDERED,IFFALSE,
2025-12-31,date,IFFALSE,4347,Appendix section: Exploratory ATTOM Benchmark,tab:attom_design_appendix,"Middlesex, MA & 83,350 & 66,680 & 16,670 & 2024-04-08--2025-12-31 & \texttt{status\_quo\_augmented} & \texttt{cv\_top1\_",b3a93c98424d7557d47aa8b812d9b9cb8b79b12afda760d73dcce729a8eafd97,NOT_RENDERED,IFFALSE,
"1,231,194",int_ge_1000,IFFALSE,4349,Appendix section: Exploratory ATTOM Benchmark,tab:attom_design_appendix,"Total & 1,231,194 & 984,953 & 246,241 & -- & -- & -- \\",ca0bd59b9a6e6a05d26bab9944aeff71381511ef8b4884a33b3716f7a5313b10,NOT_RENDERED,IFFALSE,
"984,953",int_ge_1000,IFFALSE,4349,Appendix section: Exploratory ATTOM Benchmark,tab:attom_design_appendix,"Total & 1,231,194 & 984,953 & 246,241 & -- & -- & -- \\",ca0bd59b9a6e6a05d26bab9944aeff71381511ef8b4884a33b3716f7a5313b10,NOT_RENDERED,IFFALSE,
"246,241",int_ge_1000,IFFALSE,4349,Appendix section: Exploratory ATTOM Benchmark,tab:attom_design_appendix,"Total & 1,231,194 & 984,953 & 246,241 & -- & -- & -- \\",ca0bd59b9a6e6a05d26bab9944aeff71381511ef8b4884a33b3716f7a5313b10,NOT_RENDERED,IFFALSE,
385,int_mid,IFFALSE,4355,Appendix section: Exploratory ATTOM Benchmark,tab:attom_design_appendix,\emph{Notes.} ``Modeled sales'' are the property-use-385 observations entering the county model after the benchmark's qu,064d6284bfb2fef5341b8581b30d2fd4e1cabbbee0017cd56a3034fdf2124844,NOT_RENDERED,IFFALSE,
20,int_small,IFFALSE,4355,Appendix section: Exploratory ATTOM Benchmark,tab:attom_design_appendix,\emph{Notes.} ``Modeled sales'' are the property-use-385 observations entering the county model after the benchmark's qu,064d6284bfb2fef5341b8581b30d2fd4e1cabbbee0017cd56a3034fdf2124844,NOT_RENDERED,IFFALSE,
1,int_small,COMMENTED,4379,"Appendix section: Data, Code, and Institutional Statement",tab:attom_design_appendix,% EMPIRICAL FREEZE BEFORE SUBMISSION: (1) propagate the initialization-aligned,e2e7dfc4ea210cd8e0a8b11419453b323a018f45eeffb48bf331bdfbb8c1e21a,NOT_RENDERED,COMMENTED,
0,int_small,COMMENTED,4380,"Appendix section: Data, Code, and Institutional Statement",tab:attom_design_appendix,% two-split rho=0 parity rerun through every primary CCAO table and figure;,1aeba3f0677f0dee15dace3c0efd7ac5e793d1e1f5736b279a3bededa1847a96,NOT_RENDERED,COMMENTED,
2,int_small,COMMENTED,4381,"Appendix section: Data, Code, and Institutional Statement",tab:attom_design_appendix,% (2) run equal-date and repeated-parcel split audits; (3) compare direct,de2e62167c4f3b43adce18aa608011e43c6960da3cf2ebda69079c2d830ae678,NOT_RENDERED,COMMENTED,
3,int_small,COMMENTED,4381,"Appendix section: Data, Code, and Institutional Statement",tab:attom_design_appendix,% (2) run equal-date and repeated-parcel split audits; (3) compare direct,de2e62167c4f3b43adce18aa608011e43c6960da3cf2ebda69079c2d830ae678,NOT_RENDERED,COMMENTED,
4,int_small,COMMENTED,4382,"Appendix section: Data, Code, and Institutional Statement",tab:attom_design_appendix,% exponentiation with a prespecified retransformation correction; (4) add,50c91d9bb05b92f262aaafe9db272f0015d787932c72f2bc603a75d0c65b58f8,NOT_RENDERED,COMMENTED,
5,int_small,COMMENTED,4384,"Appendix section: Data, Code, and Institutional Statement",tab:attom_design_appendix,"% (5) insert the exact CCAO extract/version, build date, executed configuration",6c76d973e1b02721d1b547fc88e76021076a22119f01d42fb2702675b924d5dd,NOT_RENDERED,COMMENTED,
6,int_small,COMMENTED,4385,"Appendix section: Data, Code, and Institutional Statement",tab:attom_design_appendix,"% hash, and released-artifact manifest; and (6) produce a clean submission source",229479607c14607cf00b69731add03b9d8d67d9ea863e4426099aa6ebc53c31f,NOT_RENDERED,COMMENTED,
